source_model,target_model,score_kind,sample_index,image_name,score_spearman_raw_target_removal_delta,score_spearman_processed_target_removal_delta,score_spearman_raw_source_removal_delta,score_spearman_processed_source_removal_delta,score_spearman_raw_transfer_selective_benefit,score_spearman_processed_transfer_selective_benefit,score_spearman_view_to_uniform_cosine,topk_processed_target_removal_delta,lowk_processed_target_removal_delta
vit_base_patch16_224,cait_s24_224,phase,0,ILSVRC2012_val_00037758.JPEG,-0.276691734790802,-0.26917290687561035,-0.1984962522983551,-0.21503755450248718,-0.2842105031013489,-0.27368420362472534,0.06015036255121231,0.00027401672559790313,0.0008888840093277395
vit_base_patch16_224,cait_s24_224,phase,1,ILSVRC2012_val_00037916.JPEG,0.06466162949800491,0.039097726345062256,-0.8390977382659912,-0.8406014442443848,-0.7669172883033752,-0.7308270931243896,0.5413533449172974,0.0006426399922929704,-0.0004891017451882362
vit_base_patch16_224,cait_s24_224,flip,0,ILSVRC2012_val_00037758.JPEG,-0.35789474844932556,-0.3593985140323639,-0.34887218475341797,-0.3684210479259491,-0.42706769704818726,-0.4000000059604645,0.13684210181236267,0.00013773721002507955,0.0011345905950292945
vit_base_patch16_224,cait_s24_224,flip,1,ILSVRC2012_val_00037916.JPEG,-0.19849622249603271,-0.11578945815563202,-0.24511279165744781,-0.27518796920776367,-0.18796995282173157,-0.21804513037204742,0.25263160467147827,0.0006208528066053987,-2.4336948627023958e-05
vit_base_patch16_224,cait_s24_224,consensus,0,ILSVRC2012_val_00037758.JPEG,-0.3218045234680176,-0.31578946113586426,-0.26466163992881775,-0.27819550037384033,-0.34436091780662537,-0.32030078768730164,0.13984963297843933,7.148366421461105e-05,0.0011345905950292945
vit_base_patch16_224,cait_s24_224,consensus,1,ILSVRC2012_val_00037916.JPEG,-0.15037594735622406,-0.09172932803630829,-0.5819549560546875,-0.6015037894248962,-0.5007519125938416,-0.5097744464874268,0.5112782120704651,-0.0001919260248541832,-0.0005266433581709862
vit_base_patch16_224,cait_s24_224,shuffled_semantic,0,ILSVRC2012_val_00037758.JPEG,0.3593984842300415,0.3699248135089874,0.4932330846786499,0.5278195738792419,0.48120301961898804,0.5037593841552734,0.3323308229446411,0.0007698799599893391,-0.0005904946592636406
vit_base_patch16_224,cait_s24_224,shuffled_semantic,1,ILSVRC2012_val_00037916.JPEG,0.00300753116607666,0.03308270499110222,-0.3323308229446411,-0.37142857909202576,-0.3052631616592407,-0.3172932267189026,0.43609023094177246,-8.037127554416656e-05,-0.00014326888776849955
vit_base_patch16_224,cait_s24_224,permuted_score,0,ILSVRC2012_val_00037758.JPEG,-0.013533860445022583,0.028571411967277527,-0.04060149937868118,-0.05563909932971001,-0.04210525006055832,-0.036090217530727386,-0.07218047231435776,-2.805236726999283e-05,0.0006947045330889523
vit_base_patch16_224,cait_s24_224,permuted_score,1,ILSVRC2012_val_00037916.JPEG,-0.13233083486557007,-0.10676691681146622,0.4571428596973419,0.48721805214881897,0.5007519125938416,0.44962406158447266,-0.46315792202949524,-0.0006943352636881173,0.00029225050820969045
vit_base_patch16_224,cait_s24_224,phase,2,ILSVRC2012_val_00037926.JPEG,-0.03458647057414055,-0.049624063074588776,0.010526314377784729,-0.010526284575462341,-0.052631571888923645,-0.07518796622753143,0.07518795877695084,0.0006868502241559327,-0.0006016511470079422
vit_base_patch16_224,cait_s24_224,phase,3,ILSVRC2012_val_00037929.JPEG,-0.28872182965278625,-0.2661654055118561,0.378947377204895,0.3729323148727417,0.4481202960014343,0.43909773230552673,-0.24511277675628662,-0.00014049453602638096,0.0001843608042690903
vit_base_patch16_224,cait_s24_224,flip,2,ILSVRC2012_val_00037926.JPEG,-0.27067673206329346,-0.28872182965278625,-0.7007519006729126,-0.6962405443191528,-0.5639097094535828,-0.5669172406196594,0.2812030017375946,0.0011198678985238075,0.0007681433344259858
vit_base_patch16_224,cait_s24_224,flip,3,ILSVRC2012_val_00037929.JPEG,0.169924795627594,0.11428572982549667,0.6466165781021118,0.6887218356132507,0.61654132604599,0.6646616458892822,-0.0827067643404007,-0.00012275476183276623,-5.6065735407173634e-05
vit_base_patch16_224,cait_s24_224,consensus,2,ILSVRC2012_val_00037926.JPEG,-0.11428572237491608,-0.12781955301761627,-0.41654133796691895,-0.4330827295780182,-0.4751879572868347,-0.48571425676345825,0.0827067643404007,0.0006868501077406108,0.00015408049512188882
vit_base_patch16_224,cait_s24_224,consensus,3,ILSVRC2012_val_00037929.JPEG,-0.02556391805410385,-0.025563910603523254,0.5278195738792419,0.518796980381012,0.5398496389389038,0.5368421077728271,-0.21353383362293243,-0.00011405113764340058,-6.825478340033442e-05
vit_base_patch16_224,cait_s24_224,shuffled_semantic,2,ILSVRC2012_val_00037926.JPEG,-0.34887218475341797,-0.35187971591949463,-0.0691729336977005,-0.06315788626670837,0.0962405800819397,0.08571426570415497,-0.03458646684885025,-0.0005016137147322297,0.0018836302915588021
vit_base_patch16_224,cait_s24_224,shuffled_semantic,3,ILSVRC2012_val_00037929.JPEG,0.006015028804540634,-0.045112788677215576,0.10375939309597015,0.11729322373867035,0.010526314377784729,0.03157894313335419,-0.16240602731704712,2.8566340915858746e-05,7.544003892689943e-06
vit_base_patch16_224,cait_s24_224,permuted_score,2,ILSVRC2012_val_00037926.JPEG,-0.010526303201913834,-0.028571415692567825,-0.021052636206150055,-0.07518798112869263,-0.04661654680967331,-0.07218044996261597,-0.36090224981307983,-0.000657677766866982,-0.0006715164054185152
vit_base_patch16_224,cait_s24_224,permuted_score,3,ILSVRC2012_val_00037929.JPEG,0.19699248671531677,0.13233081996440887,-0.04511280357837677,0.052631571888923645,-0.040601521730422974,0.006015032529830933,0.2902255654335022,4.333482502261177e-05,-8.797609916655347e-05
vit_base_patch16_224,cait_s24_224,phase,4,ILSVRC2012_val_00038033.JPEG,-0.27819550037384033,-0.1834586262702942,-0.07669174671173096,-0.08421053737401962,-0.10526320338249207,-0.10977445542812347,-0.660150408744812,-0.001876471214927733,0.0024808570742607117
vit_base_patch16_224,cait_s24_224,phase,5,ILSVRC2012_val_00038096.JPEG,-0.22706767916679382,-0.13684208691120148,-0.7849624156951904,-0.7924811840057373,-0.7609022855758667,-0.7338346242904663,0.21954888105392456,-0.0002281665802001953,-6.535463035106659e-05
vit_base_patch16_224,cait_s24_224,flip,4,ILSVRC2012_val_00038033.JPEG,0.2075187861919403,0.32030072808265686,0.07969924062490463,0.06766916811466217,-0.3218045234680176,-0.32932335138320923,-0.39849627017974854,-0.0005103379371576011,-0.002020522253587842
vit_base_patch16_224,cait_s24_224,flip,5,ILSVRC2012_val_00038096.JPEG,-0.20601505041122437,-0.2406015247106552,-0.6646616458892822,-0.6766917705535889,-0.6586465835571289,-0.6330826878547668,0.651127815246582,-0.0005007522413507104,2.4539976948290132e-05
vit_base_patch16_224,cait_s24_224,consensus,4,ILSVRC2012_val_00038033.JPEG,-0.0736842006444931,0.03609025478363037,0.057142846286296844,0.049624040722846985,-0.2586466372013092,-0.24511279165744781,-0.7939849495887756,-0.0008775040623731911,0.0024294578470289707
vit_base_patch16_224,cait_s24_224,consensus,5,ILSVRC2012_val_00038096.JPEG,-0.1849624216556549,-0.1293233036994934,-0.8135339021682739,-0.8285714387893677,-0.8120300769805908,-0.7789473533630371,0.42255640029907227,-0.00018025115423370153,1.1902302503585815e-06
vit_base_patch16_224,cait_s24_224,shuffled_semantic,4,ILSVRC2012_val_00038033.JPEG,0.09172933548688889,0.0466165691614151,0.35187968611717224,0.3263157904148102,0.03308270871639252,0.16390977799892426,-0.16390976309776306,-0.001491400646045804,0.001239921897649765
vit_base_patch16_224,cait_s24_224,shuffled_semantic,5,ILSVRC2012_val_00038096.JPEG,-0.2300751805305481,-0.1518796980381012,0.35639095306396484,0.3503759205341339,0.36240601539611816,0.35187971591949463,-0.34887218475341797,-0.0002721477358136326,5.430187957244925e-05
vit_base_patch16_224,cait_s24_224,permuted_score,4,ILSVRC2012_val_00038033.JPEG,0.2571428418159485,0.3142856955528259,0.2661653757095337,0.2631578743457794,-0.30225563049316406,-0.20902255177497864,-0.7759398818016052,-0.0004662625433411449,0.0015685841208323836
vit_base_patch16_224,cait_s24_224,permuted_score,5,ILSVRC2012_val_00038096.JPEG,0.06165415048599243,0.0917293131351471,-0.4180451035499573,-0.4240601658821106,-0.45413535833358765,-0.48571428656578064,0.3218045234680176,0.00025795531109906733,-8.320435881614685e-05
vit_base_patch16_224,cait_s24_224,phase,6,ILSVRC2012_val_00038110.JPEG,0.11127820611000061,0.11879700422286987,0.7007519006729126,0.6150376796722412,0.18045112490653992,0.15488721430301666,0.36240601539611816,0.00011787792027462274,-0.00011381842341506854
vit_base_patch16_224,cait_s24_224,phase,7,ILSVRC2012_val_00038142.JPEG,-0.21503761410713196,-0.1759398728609085,0.3548872172832489,0.3593984842300415,0.44511279463768005,0.44511279463768005,0.4526315927505493,-0.0007077308255247772,7.268879562616348e-05
vit_base_patch16_224,cait_s24_224,flip,6,ILSVRC2012_val_00038110.JPEG,0.23458647727966309,0.23609024286270142,0.24360904097557068,0.19248124957084656,-0.17443610727787018,-0.21353384852409363,0.21954885125160217,0.0009710622834973037,-0.000160950148710981
vit_base_patch16_224,cait_s24_224,flip,7,ILSVRC2012_val_00038142.JPEG,0.1789473593235016,0.22255638241767883,-0.1563909649848938,-0.1293233036994934,-0.20451128482818604,-0.17443609237670898,0.04511278122663498,0.0002329731360077858,-0.000339575664838776
vit_base_patch16_224,cait_s24_224,consensus,6,ILSVRC2012_val_00038110.JPEG,0.10676691681146622,0.11278195679187775,0.43609026074409485,0.3654135465621948,-0.016541369259357452,-0.04511280357837677,0.3924812078475952,0.0009710622834973037,-2.058989593933802e-05
vit_base_patch16_224,cait_s24_224,consensus,7,ILSVRC2012_val_00038142.JPEG,-0.12180450558662415,-0.07067669183015823,0.018045127391815186,0.028571434319019318,0.11127820611000061,0.12030075490474701,0.18345865607261658,-0.0007381571340374649,-0.00010763332102214918
vit_base_patch16_224,cait_s24_224,shuffled_semantic,6,ILSVRC2012_val_00038110.JPEG,0.03609021008014679,0.03759396821260452,0.37142857909202576,0.22857141494750977,0.040601491928100586,0.01804511249065399,0.054135337471961975,-0.00033153087133541703,-0.00025138663477264345
vit_base_patch16_224,cait_s24_224,shuffled_semantic,7,ILSVRC2012_val_00038142.JPEG,-0.003007546067237854,-0.09473684430122375,-0.15789476037025452,-0.1473684310913086,-0.07669173181056976,-0.0827067643404007,-0.08421052992343903,-0.00018183347128797323,-0.00048372140736319125
vit_base_patch16_224,cait_s24_224,permuted_score,6,ILSVRC2012_val_00038110.JPEG,0.2857142686843872,0.29172930121421814,-0.07669173926115036,-0.11428571492433548,-0.48571425676345825,-0.4646616280078888,-0.1939849555492401,0.00023064669221639633,0.00034369603963568807
vit_base_patch16_224,cait_s24_224,permuted_score,7,ILSVRC2012_val_00038142.JPEG,0.2571428418159485,0.27518796920776367,-0.2165413498878479,-0.20601503551006317,-0.3187969923019409,-0.27518796920776367,0.028571419417858124,-0.00028401808231137693,-0.0005199236911721528
vit_base_patch16_224,cait_s24_224,phase,8,ILSVRC2012_val_00038157.JPEG,-0.00150376558303833,0.01503761112689972,-0.045112788677215576,-0.06315790116786957,-0.13082706928253174,-0.1473684161901474,-0.037593990564346313,0.0003352440835442394,-0.0006259173387661576
vit_base_patch16_224,cait_s24_224,phase,9,ILSVRC2012_val_00038221.JPEG,-0.15488722920417786,-0.15488722920417786,-0.18646615743637085,-0.16240599751472473,-0.2075187861919403,-0.24060150980949402,0.06315791606903076,-3.836015457636677e-05,0.001659804955124855
vit_base_patch16_224,cait_s24_224,flip,8,ILSVRC2012_val_00038157.JPEG,0.21503758430480957,0.23308271169662476,-0.3593984842300415,-0.3142856955528259,-0.42255640029907227,-0.3969925045967102,0.07669173181056976,-0.00034748652251437306,-0.0006431408110074699
vit_base_patch16_224,cait_s24_224,flip,9,ILSVRC2012_val_00038221.JPEG,0.1428571194410324,0.1428571194410324,-0.0781954899430275,-0.08421052992343903,-0.1849624216556549,-0.17443609237670898,-0.28721803426742554,-0.0003948844678234309,0.0010190808679908514
vit_base_patch16_224,cait_s24_224,consensus,8,ILSVRC2012_val_00038157.JPEG,0.10375939309597015,0.11729323863983154,-0.11428570002317429,-0.12030074000358582,-0.24360904097557068,-0.24812030792236328,-0.06616540998220444,0.0005845459527336061,-0.00024837348610162735
vit_base_patch16_224,cait_s24_224,consensus,9,ILSVRC2012_val_00038221.JPEG,0.05263158679008484,0.05263158679008484,-0.00751880556344986,0.012030065059661865,-0.058646634221076965,-0.0646616518497467,-0.01954888552427292,0.00014773999282624573,0.0012667746050283313
vit_base_patch16_224,cait_s24_224,shuffled_semantic,8,ILSVRC2012_val_00038157.JPEG,-0.0225563682615757,-0.03157892823219299,-0.08120299875736237,-0.07067668437957764,0.010526314377784729,0.06315790116786957,-0.19248118996620178,-0.0006231255829334259,-0.0001829192042350769
vit_base_patch16_224,cait_s24_224,shuffled_semantic,9,ILSVRC2012_val_00038221.JPEG,0.08872179687023163,0.08872179687023163,-0.14586466550827026,-0.15789473056793213,-0.17293232679367065,-0.1203007623553276,-0.16090227663516998,0.0018372401827946305,0.0005597913987003267
vit_base_patch16_224,cait_s24_224,permuted_score,8,ILSVRC2012_val_00038157.JPEG,-0.04360903054475784,-0.048120319843292236,-0.523308277130127,-0.5172932147979736,-0.5218045115470886,-0.5428571701049805,0.07669174671173096,0.00017179605492856354,-0.00017908719019033015
vit_base_patch16_224,cait_s24_224,permuted_score,9,ILSVRC2012_val_00038221.JPEG,0.03007519245147705,0.03007519245147705,0.24210524559020996,0.22857141494750977,0.3593984842300415,0.37593987584114075,0.00300753116607666,1.694238744676113e-05,0.0006488633225671947
vit_base_patch16_224,cait_s24_224,phase,10,ILSVRC2012_val_00038236.JPEG,-0.012030068784952164,0.009022556245326996,-0.14887218177318573,-0.16390979290008545,-0.2616541385650635,-0.29323309659957886,0.028571441769599915,-0.0003994824946857989,-0.0004410024848766625
vit_base_patch16_224,cait_s24_224,phase,11,ILSVRC2012_val_00038251.JPEG,0.06315789371728897,-0.02857142686843872,0.5609022378921509,0.5789473652839661,0.3729322850704193,0.42105263471603394,0.3684210777282715,0.00015105232887435704,-0.00022910461120773107
vit_base_patch16_224,cait_s24_224,flip,10,ILSVRC2012_val_00038236.JPEG,-0.04962405934929848,-0.022556398063898087,-0.27368420362472534,-0.24210527539253235,-0.25112780928611755,-0.23909777402877808,-0.0736842229962349,0.00036974484100937843,0.0003522450278978795
vit_base_patch16_224,cait_s24_224,flip,11,ILSVRC2012_val_00038251.JPEG,0.015037581324577332,-0.01954888552427292,-0.3699248135089874,-0.29624059796333313,-0.3774435818195343,-0.3172932267189026,0.1383458524942398,-0.00052993482677266,-0.000532202422618866
vit_base_patch16_224,cait_s24_224,consensus,10,ILSVRC2012_val_00038236.JPEG,0.03157896548509598,0.04360901936888695,-0.18195484578609467,-0.18195489048957825,-0.22706766426563263,-0.23308274149894714,-0.04511278122663498,-5.523953586816788e-05,-9.127292287303135e-05
vit_base_patch16_224,cait_s24_224,consensus,11,ILSVRC2012_val_00038251.JPEG,0.0646616518497467,-0.0015037581324577332,0.10075189173221588,0.156390979886055,-0.10526317358016968,-0.049624066799879074,0.3744361102581024,0.00025549271958880126,-0.00048416780191473663
vit_base_patch16_224,cait_s24_224,shuffled_semantic,10,ILSVRC2012_val_00038236.JPEG,0.25263160467147827,0.23759396374225616,0.3052631914615631,0.34736841917037964,0.31127819418907166,0.28872179985046387,0.12481202185153961,0.0004575256316456944,-0.0004524989053606987
vit_base_patch16_224,cait_s24_224,shuffled_semantic,11,ILSVRC2012_val_00038251.JPEG,0.07518795877695084,0.10977443307638168,-0.24060148000717163,-0.28421056270599365,-0.24962404370307922,-0.3052631616592407,-0.12180453538894653,-0.00033179819001816213,-0.0004416540323290974
vit_base_patch16_224,cait_s24_224,permuted_score,10,ILSVRC2012_val_00038236.JPEG,0.20451128482818604,0.17142857611179352,0.05112782120704651,0.05864662304520607,-0.025563914328813553,-0.04360903427004814,-0.11127818375825882,0.00021765432029496878,-4.8410522140329704e-05
vit_base_patch16_224,cait_s24_224,permuted_score,11,ILSVRC2012_val_00038251.JPEG,0.08421052992343903,0.18195489048957825,0.01353384554386139,-0.01203007623553276,-0.09022556245326996,-0.1654135286808014,-0.5278195142745972,-0.00012826919555664062,-0.0006207771948538721
vit_base_patch16_224,cait_s24_224,phase,12,ILSVRC2012_val_00038413.JPEG,-0.38045114278793335,-0.3954887390136719,-0.013533815741539001,-0.010526329278945923,0.27819550037384033,0.3097744882106781,0.7323307991027832,-0.0005190716474317014,0.000557029212359339
vit_base_patch16_224,cait_s24_224,phase,13,ILSVRC2012_val_00038427.JPEG,-0.19999998807907104,-0.13383455574512482,0.29624059796333313,0.2857142686843872,0.339849591255188,0.35338348150253296,-0.13984963297843933,-0.00018668212578631938,0.0017166774487122893
vit_base_patch16_224,cait_s24_224,flip,12,ILSVRC2012_val_00038413.JPEG,-0.3142857253551483,-0.30225563049316406,-0.6736841201782227,-0.6706766486167908,-0.43007516860961914,-0.4421052634716034,0.1699248105287552,-0.0004058636841364205,0.00031991160358302295
vit_base_patch16_224,cait_s24_224,flip,13,ILSVRC2012_val_00038427.JPEG,0.2721804678440094,0.23759400844573975,-0.3654135465621948,-0.3639097809791565,-0.317293256521225,-0.3353383541107178,0.22406014800071716,-0.00012740791135001928,-0.0003074904961977154
vit_base_patch16_224,cait_s24_224,consensus,12,ILSVRC2012_val_00038413.JPEG,-0.34887218475341797,-0.3548872470855713,-0.24210524559020996,-0.24661652743816376,0.09924812614917755,0.12481202185153961,0.732330858707428,-0.0007203550194390118,0.00026018451899290085
vit_base_patch16_224,cait_s24_224,consensus,13,ILSVRC2012_val_00038427.JPEG,0.15488722920417786,0.13684211671352386,-0.34887218475341797,-0.3548872470855713,-0.2962406277656555,-0.28721803426742554,0.09924811124801636,-6.44844985799864e-05,0.0016090236604213715
vit_base_patch16_224,cait_s24_224,shuffled_semantic,12,ILSVRC2012_val_00038413.JPEG,-0.272180438041687,-0.2541353404521942,-0.2255638986825943,-0.20451128482818604,-0.32030075788497925,-0.3082706928253174,0.04210527241230011,-1.0177051080972888e-05,0.0004266096802894026
vit_base_patch16_224,cait_s24_224,shuffled_semantic,13,ILSVRC2012_val_00038427.JPEG,-0.10977442562580109,-0.018045134842395782,-0.1338346004486084,-0.11127819120883942,-0.13984963297843933,-0.14586466550827026,0.19999998807907104,-0.00027323709218762815,-0.00035725740599446
vit_base_patch16_224,cait_s24_224,permuted_score,12,ILSVRC2012_val_00038413.JPEG,-0.09172933548688889,-0.06616543978452682,-0.040601521730422974,-0.03308271989226341,0.09924811124801636,0.11127818375825882,0.7338346242904663,-0.0004286336188670248,0.00023340857296716422
vit_base_patch16_224,cait_s24_224,permuted_score,13,ILSVRC2012_val_00038427.JPEG,0.33834582567214966,0.3308270573616028,7.450580596923828e-09,-0.025563903152942657,-0.01804511249065399,-0.009022563695907593,0.0736842229962349,0.0016890534898266196,-0.0001799772580852732
vit_base_patch16_224,cait_s24_224,phase,14,ILSVRC2012_val_00038546.JPEG,0.0736842080950737,0.12631578743457794,-0.1293233186006546,-0.1849624216556549,-0.2345864623785019,-0.2917293310165405,0.06616539508104324,-0.000703700992744416,-0.0009688787395134568
vit_base_patch16_224,cait_s24_224,phase,15,ILSVRC2012_val_00038597.JPEG,-0.04511277377605438,-0.05864661931991577,-0.11278197169303894,0.11578947305679321,-0.138345867395401,0.06315788626670837,0.007518801838159561,-0.00011454215564299375,0.00029939349042251706
vit_base_patch16_224,cait_s24_224,flip,14,ILSVRC2012_val_00038546.JPEG,-0.31278195977211,-0.30075186491012573,-0.13082706928253174,-0.11879699677228928,0.1293233036994934,0.14887216687202454,0.12180452793836594,-0.0006517224246636033,0.00038706176565028727
vit_base_patch16_224,cait_s24_224,flip,15,ILSVRC2012_val_00038597.JPEG,-0.20150376856327057,-0.267669141292572,0.058646634221076965,0.29172930121421814,0.11278196424245834,0.33383455872535706,0.1428571492433548,0.0002993786765728146,0.0003790426126215607
vit_base_patch16_224,cait_s24_224,consensus,14,ILSVRC2012_val_00038546.JPEG,-0.16842105984687805,-0.1383458524942398,-0.2030075192451477,-0.22706766426563263,-0.039097756147384644,-0.05864661931991577,0.012030072510242462,-0.0006448783096857369,0.0004795033601112664
vit_base_patch16_224,cait_s24_224,consensus,15,ILSVRC2012_val_00038597.JPEG,-0.15939849615097046,-0.22255638241767883,-0.013533826917409897,0.21954885125160217,0.03909773752093315,0.26015037298202515,0.10526317358016968,0.0002993786765728146,0.0007563692633993924
vit_base_patch16_224,cait_s24_224,shuffled_semantic,14,ILSVRC2012_val_00038546.JPEG,0.022556379437446594,0.04060150682926178,0.27518796920776367,0.22706766426563263,0.15037593245506287,0.08872179687023163,-0.21804511547088623,-0.00014727786765433848,-0.000674443319439888
vit_base_patch16_224,cait_s24_224,shuffled_semantic,15,ILSVRC2012_val_00038597.JPEG,0.1939849704504013,0.26015037298202515,0.15789473056793213,-0.05413533374667168,0.05263160169124603,-0.156390979886055,0.28721803426742554,0.0003952563856728375,-0.00033658192842267454
vit_base_patch16_224,cait_s24_224,permuted_score,14,ILSVRC2012_val_00038546.JPEG,0.18796992301940918,0.18345865607261658,0.17142856121063232,0.10526315867900848,0.18947367370128632,0.12030074745416641,-0.21804513037204742,-0.0004883434739895165,-0.0006186999380588531
vit_base_patch16_224,cait_s24_224,permuted_score,15,ILSVRC2012_val_00038597.JPEG,-0.04812031239271164,-0.08270677924156189,0.12631580233573914,0.0075187962502241135,0.07218044251203537,0.05263158306479454,0.37593984603881836,-0.00011282805644441396,-9.382581629324704e-05
vit_base_patch16_224,cait_s24_224,phase,16,ILSVRC2012_val_00038607.JPEG,-0.21954885125160217,-0.18496239185333252,0.4781954884529114,0.42105263471603394,0.4375939667224884,0.40751880407333374,-0.08120299130678177,-0.000246505718678236,0.0006779665127396584
vit_base_patch16_224,cait_s24_224,phase,17,ILSVRC2012_val_00038678.JPEG,-0.1293233036994934,-0.18496239185333252,-0.3413533866405487,-0.3548872172832489,0.0646616518497467,0.06315788626670837,-0.38496240973472595,-0.00012114923447370529,0.0030730925500392914
vit_base_patch16_224,cait_s24_224,flip,16,ILSVRC2012_val_00038607.JPEG,-0.10526314377784729,-0.04812029004096985,-0.49473685026168823,-0.45864665508270264,-0.5473684668540955,-0.5203007459640503,0.12932328879833221,-0.0008877400541678071,-0.0001884006051113829
vit_base_patch16_224,cait_s24_224,flip,17,ILSVRC2012_val_00038678.JPEG,0.32030075788497925,0.2827067971229553,-0.2345864623785019,-0.2075188010931015,-0.40902256965637207,-0.40751877427101135,0.2992481291294098,0.0017705358332023025,-0.0007287971675395966
vit_base_patch16_224,cait_s24_224,consensus,16,ILSVRC2012_val_00038607.JPEG,-0.3368420898914337,-0.28270673751831055,-0.15789474546909332,-0.15939849615097046,-0.17744362354278564,-0.14436089992523193,0.12330825626850128,-0.00037430317024700344,0.0005015268106944859
vit_base_patch16_224,cait_s24_224,consensus,17,ILSVRC2012_val_00038678.JPEG,0.15037596225738525,0.10526315867900848,-0.3187969923019409,-0.29774436354637146,-0.24511279165744781,-0.2345864623785019,-0.02406015247106552,-0.0004064476233907044,-0.0007848106324672699
vit_base_patch16_224,cait_s24_224,shuffled_semantic,16,ILSVRC2012_val_00038607.JPEG,0.09624060243368149,0.10977445542812347,-0.23458647727966309,-0.2345864474773407,-0.23458647727966309,-0.1939849555492401,-0.05864661931991577,-0.0005265738582238555,-0.0007519183563999832
vit_base_patch16_224,cait_s24_224,shuffled_semantic,17,ILSVRC2012_val_00038678.JPEG,-0.16390979290008545,-0.20150375366210938,0.0872180238366127,0.08872180432081223,0.1473684161901474,0.1699248105287552,-0.4150375723838806,0.0008796736947260797,0.0005428327131085098
vit_base_patch16_224,cait_s24_224,permuted_score,16,ILSVRC2012_val_00038607.JPEG,0.16390976309776306,0.09172932058572769,-0.13082705438137054,-0.09924811124801636,-0.13082708418369293,-0.08421054482460022,-0.05263157933950424,-0.000503988703712821,-0.0003358500835020095
vit_base_patch16_224,cait_s24_224,permuted_score,17,ILSVRC2012_val_00038678.JPEG,0.5278195738792419,0.553383469581604,0.10075189173221588,0.11729322373867035,-0.4135338366031647,-0.4225563704967499,0.27067670226097107,0.0029995269142091274,-0.0006908021750859916
vit_base_patch16_224,cait_s24_224,phase,18,ILSVRC2012_val_00038705.JPEG,-0.660150408744812,-0.6947368383407593,-0.39849627017974854,-0.3458646535873413,0.10977444797754288,0.14436089992523193,0.40300750732421875,-0.001369753503240645,0.0010407209629192948
vit_base_patch16_224,cait_s24_224,phase,19,ILSVRC2012_val_00038708.JPEG,-0.35639098286628723,-0.28721803426742554,-0.5894736647605896,-0.5984962582588196,-0.6270676851272583,-0.6180450916290283,0.20601505041122437,-0.00025235043722204864,-0.0001575276255607605
vit_base_patch16_224,cait_s24_224,flip,18,ILSVRC2012_val_00038705.JPEG,-0.3037593960762024,-0.26616543531417847,-0.1939849704504013,-0.2120300978422165,0.028571413829922676,0.030075177550315857,0.2255639135837555,-0.000523794093169272,0.0007259022677317262
vit_base_patch16_224,cait_s24_224,flip,19,ILSVRC2012_val_00038708.JPEG,-0.38045114278793335,-0.272180438041687,-0.49473685026168823,-0.5007518529891968,-0.49022558331489563,-0.48270678520202637,0.3834586441516876,0.0015741664683446288,-0.0001256947434740141
vit_base_patch16_224,cait_s24_224,consensus,18,ILSVRC2012_val_00038705.JPEG,-0.5954887270927429,-0.6165413856506348,-0.27969926595687866,-0.2676692008972168,0.1563909649848938,0.1789473593235016,0.37142857909202576,-0.0012806731974706054,0.0009538786835037172
vit_base_patch16_224,cait_s24_224,consensus,19,ILSVRC2012_val_00038708.JPEG,-0.38045111298561096,-0.2842105031013489,-0.5714285373687744,-0.5819548964500427,-0.5924811959266663,-0.583458662033081,0.29323306679725647,-0.0003301267570350319,-0.00015183165669441223
vit_base_patch16_224,cait_s24_224,shuffled_semantic,18,ILSVRC2012_val_00038705.JPEG,0.20000001788139343,0.23759397864341736,0.18195487558841705,0.13984963297843933,-0.01804511249065399,-0.07218043506145477,-0.2631578743457794,-0.00018696137703955173,-0.0007492576260119677
vit_base_patch16_224,cait_s24_224,shuffled_semantic,19,ILSVRC2012_val_00038708.JPEG,-0.20150375366210938,-0.2390977442264557,-0.08421052992343903,-0.07669171690940857,-0.07669170945882797,-0.07669171690940857,-0.2075188159942627,-0.000244238501181826,-0.00013660313561558723
vit_base_patch16_224,cait_s24_224,permuted_score,18,ILSVRC2012_val_00038705.JPEG,0.38947370648384094,0.3879699409008026,0.29774436354637146,0.22255638241767883,-0.05714283883571625,-0.0872180312871933,-0.3278195261955261,0.0008360304054804146,-0.0006689533474855125
vit_base_patch16_224,cait_s24_224,permuted_score,19,ILSVRC2012_val_00038708.JPEG,0.5218045711517334,0.6165413856506348,0.5413534045219421,0.5473684072494507,0.5503759384155273,0.5127819776535034,-0.015037581324577332,0.0016918653855100274,-0.0003668433928396553
vit_base_patch16_224,cait_s24_224,phase,20,ILSVRC2012_val_00038743.JPEG,0.03609023615717888,0.00150376558303833,0.22406016290187836,0.23308271169662476,0.36691731214523315,0.3879699110984802,0.4616541266441345,-0.0005539270350709558,-0.00019846894429065287
vit_base_patch16_224,cait_s24_224,phase,21,ILSVRC2012_val_00038986.JPEG,0.45413535833358765,0.4330827295780182,0.4526315927505493,0.4887218177318573,0.15488719940185547,0.138345867395401,0.378947377204895,0.0008003894472494721,-0.0005383439711295068
vit_base_patch16_224,cait_s24_224,flip,20,ILSVRC2012_val_00038743.JPEG,0.019548878073692322,7.450580596923828e-09,0.2526315748691559,0.1984962522983551,0.21804513037204742,0.2165413796901703,0.16691729426383972,-0.0008035341161303222,-0.0007568971486762166
vit_base_patch16_224,cait_s24_224,flip,21,ILSVRC2012_val_00038986.JPEG,-0.049624040722846985,-0.01654134690761566,0.2030075192451477,0.21804511547088623,0.1939849704504013,0.18345865607261658,0.18646615743637085,-0.0018436767859384418,-0.00029445477412082255
vit_base_patch16_224,cait_s24_224,consensus,20,ILSVRC2012_val_00038743.JPEG,0.12781955301761627,0.09172932803630829,0.378947377204895,0.33383458852767944,0.40751880407333374,0.42706766724586487,0.4646616578102112,-0.00027129147201776505,-0.0007568971486762166
vit_base_patch16_224,cait_s24_224,consensus,21,ILSVRC2012_val_00038986.JPEG,0.3097744584083557,0.30225563049316406,0.28270676732063293,0.32030075788497925,0.08571426570415497,0.07067668437957764,0.47819551825523376,-0.0005669530364684761,-0.0002914510841947049
vit_base_patch16_224,cait_s24_224,shuffled_semantic,20,ILSVRC2012_val_00038743.JPEG,-0.11729323118925095,-0.0646616518497467,-0.28421053290367126,-0.26616543531417847,-0.15338347852230072,-0.1789473593235016,-0.24060150980949402,-5.870498625881737e-06,0.0007942259544506669
vit_base_patch16_224,cait_s24_224,shuffled_semantic,21,ILSVRC2012_val_00038986.JPEG,-0.024060137569904327,-0.05413534864783287,-0.344360888004303,-0.2902255654335022,-0.2917293310165405,-0.276691734790802,0.09924811869859695,-0.000455094879725948,0.0006038144347257912
vit_base_patch16_224,cait_s24_224,permuted_score,20,ILSVRC2012_val_00038743.JPEG,0.2120300829410553,0.19097745418548584,0.13533833622932434,0.1293233036994934,0.08571429550647736,0.11127820611000061,0.30075186491012573,0.0005234744749031961,-0.00020162407599855214
vit_base_patch16_224,cait_s24_224,permuted_score,21,ILSVRC2012_val_00038986.JPEG,0.44962406158447266,0.446616530418396,-0.169924795627594,-0.2075187712907791,-0.36992478370666504,-0.3729323148727417,0.07067668437957764,0.0005536701646633446,-0.001969729084521532
vit_base_patch16_224,cait_s24_224,phase,22,ILSVRC2012_val_00039085.JPEG,0.2902255654335022,0.32631582021713257,0.6315789222717285,0.6165413856506348,0.5909774303436279,0.5879698991775513,0.15037593245506287,0.0002231991820735857,-0.0008030946482904255
vit_base_patch16_224,cait_s24_224,phase,23,ILSVRC2012_val_00039106.JPEG,-0.138345867395401,-0.15338346362113953,-0.006015054881572723,0.012030057609081268,0.025563905015587807,0.039097752422094345,-0.046616554260253906,0.0004323968605604023,0.0011105906451120973
vit_base_patch16_224,cait_s24_224,flip,22,ILSVRC2012_val_00039085.JPEG,-0.23609024286270142,-0.26015037298202515,-0.45864665508270264,-0.4571428894996643,-0.4285714328289032,-0.39849624037742615,0.027067646384239197,-0.0006919450243003666,-0.0002892020274884999
vit_base_patch16_224,cait_s24_224,flip,23,ILSVRC2012_val_00039106.JPEG,0.25263160467147827,0.24511277675628662,-0.01052635908126831,-0.030075207352638245,-0.07669176161289215,-0.09774439036846161,0.02706766128540039,0.0010868549579754472,-0.0006058166036382318
vit_base_patch16_224,cait_s24_224,consensus,22,ILSVRC2012_val_00039085.JPEG,-0.01353384554386139,0.02105262130498886,0.07669171690940857,0.05563909187912941,0.06315789371728897,0.05714285373687744,0.11578945070505142,1.811729816836305e-05,-0.00015559942403342575
vit_base_patch16_224,cait_s24_224,consensus,23,ILSVRC2012_val_00039106.JPEG,0.2255639135837555,0.20601503551006317,0.05714283883571625,0.04962404817342758,-0.04060150682926178,-0.03759398311376572,0.16390977799892426,0.0009838406695052981,6.175991438794881e-05
vit_base_patch16_224,cait_s24_224,shuffled_semantic,22,ILSVRC2012_val_00039085.JPEG,0.2902255654335022,0.3954887390136719,0.7338345646858215,0.7293232679367065,0.6646616458892822,0.6436090469360352,0.2496240884065628,0.0005529890768229961,-0.0010781929595395923
vit_base_patch16_224,cait_s24_224,shuffled_semantic,23,ILSVRC2012_val_00039106.JPEG,-0.1939849704504013,-0.16691729426383972,-0.12481202930212021,-0.15338346362113953,-0.001503773033618927,-0.00902257114648819,0.09323307126760483,-0.0002703620120882988,0.0004152592446189374
vit_base_patch16_224,cait_s24_224,permuted_score,22,ILSVRC2012_val_00039085.JPEG,-0.0781954899430275,-0.09774437546730042,-0.02857142686843872,-0.021052628755569458,0.0,0.03308270871639252,0.442105233669281,-0.00022904147044755518,-0.0005874970811419189
vit_base_patch16_224,cait_s24_224,permuted_score,23,ILSVRC2012_val_00039106.JPEG,0.18045112490653992,0.23308271169662476,0.12481202930212021,0.14586466550827026,0.03157895430922508,0.06766918301582336,0.03308270871639252,0.0004192279593553394,-0.00019431859254837036
vit_base_patch16_224,cait_s24_224,phase,24,ILSVRC2012_val_00039130.JPEG,-0.0691729411482811,-0.03458645939826965,-0.0646616667509079,-0.04360901564359665,-0.03609022498130798,-0.03308270126581192,0.20902255177497864,0.00013977983326185495,0.0001499450736446306
vit_base_patch16_224,cait_s24_224,phase,25,ILSVRC2012_val_00039253.JPEG,-0.09924811124801636,-0.10075186938047409,-0.7684210538864136,-0.7819548845291138,-0.7308270335197449,-0.7624059319496155,0.2947368621826172,-0.0006059393635950983,-0.0007421098998747766
vit_base_patch16_224,cait_s24_224,flip,24,ILSVRC2012_val_00039130.JPEG,0.44060152769088745,0.40300750732421875,-0.5879698991775513,-0.6045112609863281,-0.6090225577354431,-0.6360902190208435,-0.16541354358196259,0.000728071026969701,-0.0006714254850521684
vit_base_patch16_224,cait_s24_224,flip,25,ILSVRC2012_val_00039253.JPEG,-0.11127819865942001,-0.10075187683105469,-0.8330827951431274,-0.8315789699554443,-0.8060150742530823,-0.8075188398361206,0.26917293667793274,-0.0006784602883271873,-0.0009814993245527148
vit_base_patch16_224,cait_s24_224,consensus,24,ILSVRC2012_val_00039130.JPEG,0.267669141292572,0.27819550037384033,-0.42255640029907227,-0.4270676374435425,-0.43909773230552673,-0.4706766903400421,0.022556394338607788,0.000969547952990979,9.654830500949174e-05
vit_base_patch16_224,cait_s24_224,consensus,25,ILSVRC2012_val_00039253.JPEG,-0.09323307871818542,-0.07969923317432404,-0.8360902070999146,-0.834586501121521,-0.8030075430870056,-0.8210526704788208,0.30225563049316406,-0.0006784602883271873,-0.0007421098998747766
vit_base_patch16_224,cait_s24_224,shuffled_semantic,24,ILSVRC2012_val_00039130.JPEG,-0.1338345855474472,-0.07669173926115036,0.13684213161468506,0.20451126992702484,0.1518796980381012,0.17443609237670898,0.3684210479259491,-0.00015858052938710898,4.50026236649137e-05
vit_base_patch16_224,cait_s24_224,shuffled_semantic,25,ILSVRC2012_val_00039253.JPEG,0.16842103004455566,0.169924795627594,0.09323307126760483,0.10676690936088562,0.11578945815563202,0.07518795132637024,0.012030072510242462,-0.0004694052040576935,-0.0007702030125074089
vit_base_patch16_224,cait_s24_224,permuted_score,24,ILSVRC2012_val_00039130.JPEG,-0.03759397566318512,0.02857142686843872,0.15789474546909332,0.2210526168346405,0.08421051502227783,0.11879698932170868,-0.060150355100631714,-0.00014623631432186812,1.2160465303168166e-05
vit_base_patch16_224,cait_s24_224,permuted_score,25,ILSVRC2012_val_00039253.JPEG,-0.27067670226097107,-0.3037594258785248,0.0030075088143348694,-0.0075188130140304565,0.07518797367811203,0.08571428060531616,0.17443612217903137,-0.0006051138043403625,0.0008344344678334892
vit_base_patch16_224,cait_s24_224,phase,26,ILSVRC2012_val_00039290.JPEG,0.06766916811466217,0.06766916066408157,-0.6691729426383972,-0.6706767082214355,-0.8330827355384827,-0.834586501121521,-0.4060150384902954,0.0001236586831510067,-0.0024039826821535826
vit_base_patch16_224,cait_s24_224,phase,27,ILSVRC2012_val_00039421.JPEG,-0.12631578743457794,0.01804511249065399,-0.010526306927204132,0.04812030494213104,0.06766918301582336,0.04060151427984238,0.44511279463768005,-0.00011885464482475072,-9.250268340110779e-05
vit_base_patch16_224,cait_s24_224,flip,26,ILSVRC2012_val_00039290.JPEG,0.07819550484418869,0.07669173181056976,-0.35639095306396484,-0.3684210479259491,-0.5263158082962036,-0.5203007459640503,0.022556379437446594,0.002211624523624778,0.0006301837274804711
vit_base_patch16_224,cait_s24_224,flip,27,ILSVRC2012_val_00039421.JPEG,0.12030074745416641,0.05112781375646591,-0.08872181922197342,-0.09323309361934662,-0.25563907623291016,-0.0691729336977005,0.36240601539611816,-0.0005460247630253434,-0.0005743489018641412
vit_base_patch16_224,cait_s24_224,consensus,26,ILSVRC2012_val_00039290.JPEG,0.0646616593003273,0.06015037000179291,-0.5804510712623596,-0.5849623680114746,-0.7984962463378906,-0.7879700064659119,-0.2631579041481018,0.0022116247564554214,-0.002151969587430358
vit_base_patch16_224,cait_s24_224,consensus,27,ILSVRC2012_val_00039421.JPEG,-0.09022557735443115,-0.09774437546730042,-0.05413533002138138,-0.018045105040073395,-0.04661652445793152,0.12631581723690033,0.44962406158447266,-0.000677666103001684,-0.0005309254047460854
vit_base_patch16_224,cait_s24_224,shuffled_semantic,26,ILSVRC2012_val_00039290.JPEG,0.10375939309597015,0.13684213161468506,-0.29323309659957886,-0.31127819418907166,-0.23609022796154022,-0.3082706928253174,0.08872180432081223,0.000691073015332222,-0.0012803733116015792
vit_base_patch16_224,cait_s24_224,shuffled_semantic,27,ILSVRC2012_val_00039421.JPEG,0.23759397864341736,0.29323309659957886,0.18646615743637085,0.2030075043439865,0.04661653935909271,0.01804511994123459,-0.11127819120883942,-0.0006000883877277374,-0.0008662045001983643
vit_base_patch16_224,cait_s24_224,permuted_score,26,ILSVRC2012_val_00039290.JPEG,-0.24060148000717163,-0.25112783908843994,-0.15789474546909332,-0.15939849615097046,-0.03909774869680405,-0.06165414676070213,0.10827067494392395,-0.00036529358476400375,0.0013032560236752033
vit_base_patch16_224,cait_s24_224,permuted_score,27,ILSVRC2012_val_00039421.JPEG,-0.1518797129392624,-0.18646615743637085,-0.4240601062774658,-0.3969925045967102,-0.20000000298023224,-0.3323308229446411,0.16842103004455566,-0.0006733156624250114,-9.424835297977552e-05
vit_base_patch16_224,cait_s24_224,phase,28,ILSVRC2012_val_00039426.JPEG,0.5503759384155273,0.5804511308670044,0.4992481470108032,0.5082706809043884,0.08872178196907043,0.028571419417858124,-0.09924811869859695,0.0010927714174613357,-0.0015137229347601533
vit_base_patch16_224,cait_s24_224,phase,29,ILSVRC2012_val_00039464.JPEG,0.022556401789188385,0.03609023988246918,0.5518796443939209,0.5503759384155273,0.46315789222717285,0.43609023094177246,0.18646618723869324,-8.715838339412585e-05,-0.0009818089893087745
vit_base_patch16_224,cait_s24_224,flip,28,ILSVRC2012_val_00039426.JPEG,0.49022552371025085,0.5127819180488586,0.38496237993240356,0.38947367668151855,0.3127819299697876,0.2390977293252945,-0.18045112490653992,0.0002161962038371712,-0.0014393412275239825
vit_base_patch16_224,cait_s24_224,flip,29,ILSVRC2012_val_00039464.JPEG,-0.2526315748691559,-0.281203031539917,0.5458647012710571,0.5428571701049805,0.5218045115470886,0.5293233394622803,-0.3699248135089874,8.928980969358236e-05,0.0005878226947970688
vit_base_patch16_224,cait_s24_224,consensus,28,ILSVRC2012_val_00039426.JPEG,0.6285713911056519,0.6451128125190735,0.5428571105003357,0.5563910007476807,0.16390976309776306,0.10225563496351242,-0.12330827116966248,0.0010927714174613357,-0.0014800408389419317
vit_base_patch16_224,cait_s24_224,consensus,29,ILSVRC2012_val_00039464.JPEG,0.039097756147384644,0.021052639931440353,0.6646616458892822,0.6616541147232056,0.5593985319137573,0.5548872351646423,0.0,0.0006203033262863755,-0.000834045757073909
vit_base_patch16_224,cait_s24_224,shuffled_semantic,28,ILSVRC2012_val_00039426.JPEG,-0.24511279165744781,-0.2165413647890091,0.11278194189071655,0.12481201440095901,0.548872172832489,0.5413533449172974,-0.10225562751293182,-0.0009375621448270977,0.0007321035373024642
vit_base_patch16_224,cait_s24_224,shuffled_semantic,29,ILSVRC2012_val_00039464.JPEG,0.4571428596973419,0.49022555351257324,-0.4255639314651489,-0.4150376319885254,-0.4240601360797882,-0.45864662528038025,0.138345867395401,0.0009765280410647392,0.00012370850890874863
vit_base_patch16_224,cait_s24_224,permuted_score,28,ILSVRC2012_val_00039426.JPEG,-0.45413535833358765,-0.46766915917396545,-0.051127851009368896,-0.03609025478363037,0.378947377204895,0.442105233669281,0.20451128482818604,-0.00043475916027091444,0.0005600947770290077
vit_base_patch16_224,cait_s24_224,permuted_score,29,ILSVRC2012_val_00039464.JPEG,-0.23007521033287048,-0.2586466073989868,-0.30676689743995667,-0.31578946113586426,-0.09924813359975815,-0.08571428805589676,0.0511278361082077,-0.000931409012991935,0.0007366365171037614
vit_base_patch16_224,cait_s24_224,phase,30,ILSVRC2012_val_00039490.JPEG,-0.23458647727966309,-0.24511279165744781,-0.2345864623785019,-0.24661654233932495,0.09022558480501175,0.06165415048599243,0.17443609237670898,-0.0006456608534790576,0.00031950243283063173
vit_base_patch16_224,cait_s24_224,phase,31,ILSVRC2012_val_00039737.JPEG,0.0030075013637542725,0.0030075013637542725,-0.19097745418548584,-0.19097745418548584,-0.27067670226097107,-0.2676692008972168,-0.031578972935676575,0.0014920724788680673,0.00023614196106791496
vit_base_patch16_224,cait_s24_224,flip,30,ILSVRC2012_val_00039490.JPEG,0.124812051653862,0.10676692426204681,-0.3142856955528259,-0.344360888004303,-0.23759397864341736,-0.24812030792236328,0.40751880407333374,-3.2501575333299115e-05,3.221642691642046e-05
vit_base_patch16_224,cait_s24_224,flip,31,ILSVRC2012_val_00039737.JPEG,-0.25563910603523254,-0.25563910603523254,-0.32030072808265686,-0.32030072808265686,-0.1609022617340088,-0.16691729426383972,0.046616531908512115,-0.0008155745454132557,0.00016528907872270793
vit_base_patch16_224,cait_s24_224,consensus,30,ILSVRC2012_val_00039490.JPEG,-0.10676690936088562,-0.12030075490474701,-0.2857142686843872,-0.31578946113586426,-0.0030075237154960632,-0.03308270126581192,0.3082706928253174,-0.0011818641796708107,2.6011583031504415e-05
vit_base_patch16_224,cait_s24_224,consensus,31,ILSVRC2012_val_00039737.JPEG,-0.18345864117145538,-0.18345864117145538,-0.40451130270957947,-0.40451130270957947,-0.36090224981307983,-0.37142854928970337,0.028571423143148422,0.001370048034004867,0.0005755904130637646
vit_base_patch16_224,cait_s24_224,shuffled_semantic,30,ILSVRC2012_val_00039490.JPEG,-0.33082708716392517,-0.3142857253551483,-0.04060148447751999,0.025563932955265045,0.19248120486736298,0.2255639135837555,-0.033082690089941025,-0.0006938491715118289,0.0004526080738287419
vit_base_patch16_224,cait_s24_224,shuffled_semantic,31,ILSVRC2012_val_00039737.JPEG,-0.05112782120704651,-0.05112782120704651,0.3142857551574707,0.3142857551574707,0.1473684310913086,0.1669173240661621,-0.24661652743816376,0.0001466719404561445,0.001740862033329904
vit_base_patch16_224,cait_s24_224,permuted_score,30,ILSVRC2012_val_00039490.JPEG,0.07518798112869263,0.06766918301582336,0.09323309361934662,0.1518796980381012,0.18496239185333252,0.23759397864341736,0.3187969923019409,0.0007786356145516038,0.0005390277365222573
vit_base_patch16_224,cait_s24_224,permuted_score,31,ILSVRC2012_val_00039737.JPEG,-0.133834570646286,-0.133834570646286,0.060150355100631714,0.060150355100631714,0.25563907623291016,0.2661654055118561,-0.11578945815563202,0.00028657549410127103,0.001375900930725038
vit_base_patch16_224,cait_s24_224,phase,32,ILSVRC2012_val_00039746.JPEG,-0.5548871755599976,-0.5503759384155273,0.4496240019798279,0.4375939667224884,0.5052631497383118,0.5067669153213501,0.036090247333049774,-0.0010566115379333496,0.0013551164884120226
vit_base_patch16_224,cait_s24_224,phase,33,ILSVRC2012_val_00039748.JPEG,-0.21804511547088623,-0.23609022796154022,0.0015037618577480316,0.054135337471961975,0.08421054482460022,0.12781953811645508,-0.07669172435998917,-0.00045640580356121063,5.0413236749591306e-05
vit_base_patch16_224,cait_s24_224,flip,32,ILSVRC2012_val_00039746.JPEG,-0.3082706928253174,-0.40751880407333374,0.09473684430122375,0.06616540253162384,0.20451128482818604,0.18045111000537872,-0.23609022796154022,-0.0007741520530544221,0.0010520332725718617
vit_base_patch16_224,cait_s24_224,flip,33,ILSVRC2012_val_00039748.JPEG,-0.04210527241230011,-0.09473685920238495,-0.3458646535873413,-0.3578947186470032,-0.2616541087627411,-0.2661653757095337,-0.10375940799713135,0.0007041521603241563,0.0006759617826901376
vit_base_patch16_224,cait_s24_224,consensus,32,ILSVRC2012_val_00039746.JPEG,-0.4616541266441345,-0.548872172832489,0.30676692724227905,0.2917293310165405,0.3909774422645569,0.37593984603881836,-0.27518796920776367,-0.001034654094837606,0.0012627396499738097
vit_base_patch16_224,cait_s24_224,consensus,33,ILSVRC2012_val_00039748.JPEG,-0.17443609237670898,-0.2616541385650635,-0.31578946113586426,-0.29323306679725647,-0.23157893121242523,-0.18947367370128632,-0.04210526496171951,0.0006725620478391647,0.0006759617826901376
vit_base_patch16_224,cait_s24_224,shuffled_semantic,32,ILSVRC2012_val_00039746.JPEG,-0.5022556781768799,-0.45413535833358765,0.5323308706283569,0.5263158082962036,0.5428571105003357,0.5473684072494507,0.33984965085983276,-0.0009886159095913172,0.0007148970034904778
vit_base_patch16_224,cait_s24_224,shuffled_semantic,33,ILSVRC2012_val_00039748.JPEG,0.281203031539917,0.26616543531417847,-0.4406014680862427,-0.4330826997756958,-0.4601503610610962,-0.4601503610610962,0.05714286118745804,0.0006492026150226593,-0.0004596404905896634
vit_base_patch16_224,cait_s24_224,permuted_score,32,ILSVRC2012_val_00039746.JPEG,0.3323308229446411,0.4105263352394104,0.013533838093280792,0.03308269381523132,-0.11578947305679321,-0.0917293131351471,-0.028571441769599915,0.00018939445726573467,-6.879102875245735e-05
vit_base_patch16_224,cait_s24_224,permuted_score,33,ILSVRC2012_val_00039748.JPEG,0.24360904097557068,0.2676692008972168,-0.03157894313335419,-0.028571411967277527,-0.055639103055000305,-0.07669174671173096,0.15789476037025452,0.0003193378506693989,0.0006146435043774545
vit_base_patch16_224,cait_s24_224,phase,34,ILSVRC2012_val_00039815.JPEG,-0.3413533568382263,-0.3142856955528259,0.5007519125938416,0.523308277130127,0.5563910007476807,0.5669173002243042,0.5293233394622803,-0.0004740264266729355,0.0004845350922551006
vit_base_patch16_224,cait_s24_224,phase,35,ILSVRC2012_val_00039842.JPEG,-0.2706766724586487,-0.2661654055118561,0.12481202185153961,0.1428571492433548,0.2255639284849167,0.20451129972934723,0.5368421077728271,-0.0004914947203360498,-3.872849265462719e-05
vit_base_patch16_224,cait_s24_224,flip,34,ILSVRC2012_val_00039815.JPEG,0.022556394338607788,0.027067676186561584,0.23157896101474762,0.2300751805305481,0.18345865607261658,0.21052631735801697,0.1563909947872162,0.0005763053777627647,0.0016037047607824206
vit_base_patch16_224,cait_s24_224,flip,35,ILSVRC2012_val_00039842.JPEG,-0.12180452793836594,-0.10075189173221588,0.22857144474983215,0.2030075490474701,0.28270676732063293,0.28872179985046387,0.18045112490653992,-0.0004914947203360498,-0.0005867203581146896
vit_base_patch16_224,cait_s24_224,consensus,34,ILSVRC2012_val_00039815.JPEG,-0.27368420362472534,-0.2842105031013489,0.3729323446750641,0.3774436116218567,0.43007516860961914,0.4481203258037567,0.4436090290546417,-0.00016909763508010656,0.0016037047607824206
vit_base_patch16_224,cait_s24_224,consensus,35,ILSVRC2012_val_00039842.JPEG,-0.23157894611358643,-0.2210526168346405,0.07969926297664642,0.06917295604944229,0.1473684310913086,0.12932328879833221,0.42105263471603394,-0.0004914947203360498,-1.2488802894949913e-05
vit_base_patch16_224,cait_s24_224,shuffled_semantic,34,ILSVRC2012_val_00039815.JPEG,0.06315790116786957,0.042105261236429214,-0.10225562751293182,-0.1654135137796402,-0.18646615743637085,-0.17593984305858612,-0.5172932147979736,0.0006724532577209175,0.0014745332300662994
vit_base_patch16_224,cait_s24_224,shuffled_semantic,35,ILSVRC2012_val_00039842.JPEG,-0.022556379437446594,0.012030079960823059,-0.04962405562400818,-0.028571434319019318,0.060150399804115295,0.0827067494392395,0.0015037395060062408,0.00013846263755112886,-0.0002664066560100764
vit_base_patch16_224,cait_s24_224,permuted_score,34,ILSVRC2012_val_00039815.JPEG,-0.12481201440095901,-0.11127819865942001,0.442105233669281,0.4706766605377197,0.5218045115470886,0.5248120427131653,0.5984961986541748,-0.0009816363453865051,0.0004794951528310776
vit_base_patch16_224,cait_s24_224,permuted_score,35,ILSVRC2012_val_00039842.JPEG,0.2857142984867096,0.20601505041122437,0.11879698932170868,0.11127819120883942,0.14887219667434692,0.16691729426383972,0.016541339457035065,0.0003206770634278655,6.129487883299589e-05
vit_base_patch16_224,cait_s24_224,phase,36,ILSVRC2012_val_00039892.JPEG,0.2796992361545563,0.35187971591949463,0.3488721549510956,0.3263157904148102,0.29172930121421814,0.2812029719352722,-0.007518790662288666,4.25981379521545e-05,-0.0002825254632625729
vit_base_patch16_224,cait_s24_224,phase,37,ILSVRC2012_val_00039939.JPEG,0.4240601658821106,0.41654133796691895,0.0015037581324577332,3.725290298461914e-09,-0.19248118996620178,-0.17744360864162445,0.09473685920238495,0.0007222777931019664,-0.00026086485013365746
vit_base_patch16_224,cait_s24_224,flip,36,ILSVRC2012_val_00039892.JPEG,-0.42706769704818726,-0.3924812078475952,-0.31278195977211,-0.3503759503364563,-0.3308270573616028,-0.3503759503364563,0.07518796622753143,-0.0002956487296614796,2.4949946237029508e-05
vit_base_patch16_224,cait_s24_224,flip,37,ILSVRC2012_val_00039939.JPEG,0.44511279463768005,0.39398494362831116,0.3729323148727417,0.31127822399139404,0.13082706928253174,0.10075189918279648,0.009022578597068787,0.0004788389487657696,-0.00029314286075532436
vit_base_patch16_224,cait_s24_224,consensus,36,ILSVRC2012_val_00039892.JPEG,-0.10225562751293182,-0.07067668437957764,0.01052631065249443,-0.015037599951028824,-0.030075188726186752,-0.05112781748175621,-0.09774436056613922,-0.0002756800677161664,-0.00019797384447883815
vit_base_patch16_224,cait_s24_224,consensus,37,ILSVRC2012_val_00039939.JPEG,0.3999999761581421,0.3593984842300415,0.3172932267189026,0.28872179985046387,0.0781954824924469,0.06917291134595871,0.09323307126760483,0.0004520986694842577,-0.0002898863167501986
vit_base_patch16_224,cait_s24_224,shuffled_semantic,36,ILSVRC2012_val_00039892.JPEG,0.3097744584083557,0.35789474844932556,0.10075189918279648,0.10676689445972443,0.055639103055000305,0.03609023243188858,-0.08872181177139282,0.00010023023787653074,2.5393441319465637e-05
vit_base_patch16_224,cait_s24_224,shuffled_semantic,37,ILSVRC2012_val_00039939.JPEG,-0.10075187683105469,-0.1007518619298935,-0.4195488691329956,-0.4150375723838806,-0.2706766724586487,-0.30676689743995667,-0.2436090111732483,-0.00024652548017911613,-1.1310400623187888e-05
vit_base_patch16_224,cait_s24_224,permuted_score,36,ILSVRC2012_val_00039892.JPEG,-0.3052631616592407,-0.35639098286628723,0.09924812614917755,0.09172933548688889,0.09624060243368149,0.12631580233573914,-0.24210524559020996,-0.000164250101079233,0.002262477297335863
vit_base_patch16_224,cait_s24_224,permuted_score,37,ILSVRC2012_val_00039939.JPEG,-0.048120319843292236,0.02706766128540039,-0.14436089992523193,-0.12781955301761627,-0.11879699677228928,-0.05263159051537514,-0.027067672461271286,-0.00028076753369532526,-4.0070015529636294e-05
vit_base_patch16_224,cait_s24_224,phase,38,ILSVRC2012_val_00040016.JPEG,-0.0917293056845665,-0.08120302110910416,0.18195489048957825,0.23308271169662476,0.20451125502586365,0.23759400844573975,0.10977443307638168,-5.703046917915344e-05,0.001405147835612297
vit_base_patch16_224,cait_s24_224,phase,39,ILSVRC2012_val_00040140.JPEG,0.24360902607440948,0.24511277675628662,0.5924811959266663,0.583458662033081,0.4526315927505493,0.3954887390136719,0.17744357883930206,-0.0015997112495824695,-0.0013052936410531402
vit_base_patch16_224,cait_s24_224,flip,38,ILSVRC2012_val_00040016.JPEG,0.15338346362113953,0.21503756940364838,-0.5639097690582275,-0.5654135346412659,-0.43007516860961914,-0.43157893419265747,0.05563909932971001,0.0003101470065303147,-0.0011003200197592378
vit_base_patch16_224,cait_s24_224,flip,39,ILSVRC2012_val_00040140.JPEG,-0.2947368323802948,-0.32030072808265686,0.22857141494750977,0.22706766426563263,0.43458646535873413,0.43157896399497986,-0.20150376856327057,-0.002795002656057477,0.0024929996579885483
vit_base_patch16_224,cait_s24_224,consensus,38,ILSVRC2012_val_00040016.JPEG,0.07669172435998917,0.11428572237491608,-0.21353381872177124,-0.1654135286808014,-0.06917295604944229,-0.049624063074588776,0.09473685920238495,0.0002043968124780804,7.753949466859922e-05
vit_base_patch16_224,cait_s24_224,consensus,39,ILSVRC2012_val_00040140.JPEG,-0.03609023615717888,-0.04360903427004814,0.5052631497383118,0.49473682045936584,0.4977443218231201,0.4646616578102112,0.1609022617340088,-0.0016669403994455934,-0.0007298588752746582
vit_base_patch16_224,cait_s24_224,shuffled_semantic,38,ILSVRC2012_val_00040016.JPEG,0.35187968611717224,0.34285715222358704,-0.06616540998220444,-0.01654134690761566,-0.3278195261955261,-0.2842105031013489,0.28421053290367126,0.0005332637811079621,-0.0010282137664034963
vit_base_patch16_224,cait_s24_224,shuffled_semantic,39,ILSVRC2012_val_00040140.JPEG,0.012030083686113358,-0.0045112743973731995,0.320300817489624,0.2992481589317322,0.34887218475341797,0.3097744882106781,-0.3503759503364563,-0.0007879912736825645,0.0019346002954989672
vit_base_patch16_224,cait_s24_224,permuted_score,38,ILSVRC2012_val_00040016.JPEG,0.15789471566677094,0.13684207201004028,-0.30526313185691833,-0.2661653757095337,-0.3593984842300415,-0.30977439880371094,0.27368423342704773,0.0004309801443014294,-0.0007937424816191196
vit_base_patch16_224,cait_s24_224,permuted_score,39,ILSVRC2012_val_00040140.JPEG,-0.1473684161901474,-0.19548872113227844,-0.1428571343421936,-0.16842103004455566,-0.0015037674456834793,-0.015037599951028824,-0.24360904097557068,-0.001447290531359613,-0.000625132059212774
vit_base_patch16_224,cait_s24_224,phase,40,ILSVRC2012_val_00040221.JPEG,0.33834585547447205,0.34285715222358704,-0.1518796980381012,-0.15338343381881714,-0.2030075490474701,-0.29774439334869385,0.2962406277656555,0.0009008389315567911,-7.677879330003634e-05
vit_base_patch16_224,cait_s24_224,phase,41,ILSVRC2012_val_00040291.JPEG,0.17744359374046326,0.156390979886055,0.3879699110984802,0.37443608045578003,0.3969925045967102,0.3819549083709717,0.26466163992881775,0.0003023490426130593,-0.0004352521209511906
vit_base_patch16_224,cait_s24_224,flip,40,ILSVRC2012_val_00040221.JPEG,0.11729323863983154,0.10526315867900848,-0.6827067136764526,-0.6631579399108887,-0.5654135346412659,-0.44962406158447266,-0.17593984305858612,-9.304359991801903e-05,-0.00046580153866671026
vit_base_patch16_224,cait_s24_224,flip,41,ILSVRC2012_val_00040291.JPEG,-0.2345864474773407,-0.21804508566856384,-0.5293232798576355,-0.5127819180488586,-0.5593984723091125,-0.5293233394622803,-0.09924811124801636,7.623671990586445e-05,-0.00048097563558258116
vit_base_patch16_224,cait_s24_224,consensus,40,ILSVRC2012_val_00040221.JPEG,0.23759396374225616,0.21353384852409363,-0.5308271050453186,-0.5052631497383118,-0.4390977621078491,-0.4421052932739258,0.00300753116607666,1.8410943084745668e-05,0.0012016529217362404
vit_base_patch16_224,cait_s24_224,consensus,41,ILSVRC2012_val_00040291.JPEG,-0.17744363844394684,-0.1894737184047699,-0.09774437546730042,-0.08721807599067688,-0.0646616518497467,-0.03458648920059204,0.24210524559020996,8.743917715037242e-05,-0.0004519497451838106
vit_base_patch16_224,cait_s24_224,shuffled_semantic,40,ILSVRC2012_val_00040221.JPEG,-0.5127819776535034,-0.5127819776535034,0.41804513335227966,0.4601503908634186,0.5984963178634644,0.5849624276161194,0.052631571888923645,-0.0021101527381688356,0.002717368770390749
vit_base_patch16_224,cait_s24_224,shuffled_semantic,41,ILSVRC2012_val_00040291.JPEG,-0.13533833622932434,-0.12180452048778534,0.12481202185153961,0.12030075490474701,0.156390979886055,0.15939848124980927,0.09022555500268936,-0.00088130944641307,0.0001895280583994463
vit_base_patch16_224,cait_s24_224,permuted_score,40,ILSVRC2012_val_00040221.JPEG,-0.28270673751831055,-0.27819547057151794,-0.23157896101474762,-0.26466166973114014,-0.05413534492254257,0.01203005388379097,-0.5954887270927429,-0.0017671933164820075,0.002355203963816166
vit_base_patch16_224,cait_s24_224,permuted_score,41,ILSVRC2012_val_00040291.JPEG,0.06165411323308945,0.05864659696817398,-0.10225562751293182,-0.05864660069346428,-0.1007518544793129,-0.06766916811466217,0.23458647727966309,0.0002217228029621765,0.00014966427988838404
vit_base_patch16_224,cait_s24_224,phase,42,ILSVRC2012_val_00040345.JPEG,7.450580596923828e-09,-0.05714285373687744,-0.651127815246582,-0.6616541147232056,-0.6270676851272583,-0.6706767082214355,0.8360902070999146,-2.0737294107675552e-05,-0.00032429126440547407
vit_base_patch16_224,cait_s24_224,phase,43,ILSVRC2012_val_00040407.JPEG,-0.030075207352638245,-0.037593990564346313,-0.33984965085983276,-0.3233082890510559,-0.35338345170021057,-0.3218045234680176,0.05263160914182663,0.00022891550906933844,-0.00015004634042270482
vit_base_patch16_224,cait_s24_224,flip,42,ILSVRC2012_val_00040345.JPEG,-0.27819550037384033,-0.2676691710948944,0.17744359374046326,0.16842104494571686,0.23157894611358643,0.21353383362293243,-0.09924812614917755,5.318224339134758e-06,0.0004241335263941437
vit_base_patch16_224,cait_s24_224,flip,43,ILSVRC2012_val_00040407.JPEG,-0.6000000238418579,-0.6180450916290283,-0.7338346242904663,-0.7172932624816895,-0.138345867395401,-0.13082706928253174,-0.08872178941965103,-0.0007020421326160431,0.00097916170489043
vit_base_patch16_224,cait_s24_224,consensus,42,ILSVRC2012_val_00040345.JPEG,-0.18195489048957825,-0.24661654233932495,-0.5548872351646423,-0.5699247717857361,-0.4932330846786499,-0.5383459329605103,0.5984962582588196,-0.0004018373729195446,-0.00016872231208253652
vit_base_patch16_224,cait_s24_224,consensus,43,ILSVRC2012_val_00040407.JPEG,-0.23007521033287048,-0.23909777402877808,-0.5142857432365417,-0.49624061584472656,-0.35789474844932556,-0.3233082890510559,0.05263161659240723,-0.00044451496796682477,-0.00015004634042270482
vit_base_patch16_224,cait_s24_224,shuffled_semantic,42,ILSVRC2012_val_00040345.JPEG,-0.12180454283952713,-0.05263160169124603,-0.05413533002138138,-0.09774435311555862,-0.03157894313335419,-0.11127819120883942,0.1849624216556549,0.00019466961384750903,0.0003512609691824764
vit_base_patch16_224,cait_s24_224,shuffled_semantic,43,ILSVRC2012_val_00040407.JPEG,0.042105257511138916,0.0736842155456543,0.1744360774755478,0.15789473056793213,0.10526314377784729,0.11127818375825882,0.08270677179098129,0.0001082318412954919,-0.00015870363858994097
vit_base_patch16_224,cait_s24_224,permuted_score,42,ILSVRC2012_val_00040345.JPEG,-0.2496240735054016,-0.22706767916679382,0.5518797039985657,0.5353383421897888,0.5654135942459106,0.5368421077728271,-0.6285714507102966,-0.0004391682450659573,0.0003135437145829201
vit_base_patch16_224,cait_s24_224,permuted_score,43,ILSVRC2012_val_00040407.JPEG,-0.13233083486557007,-0.1248120442032814,-0.5248120427131653,-0.5127819776535034,-0.5819548964500427,-0.5563910007476807,0.0045112743973731995,0.00027685202076099813,-0.00034837727434933186
vit_base_patch16_224,cait_s24_224,phase,44,ILSVRC2012_val_00040452.JPEG,-0.16541355848312378,-0.20150378346443176,0.3097744584083557,0.3007518947124481,0.31578949093818665,0.30225566029548645,-0.4796992540359497,-0.003019101917743683,-0.0008985817548818886
vit_base_patch16_224,cait_s24_224,phase,45,ILSVRC2012_val_00040457.JPEG,-0.5563910007476807,-0.5849623680114746,-0.7969924807548523,-0.7894737124443054,-0.727819561958313,-0.7082706689834595,0.016541343182325363,-0.0009600199991837144,0.004324300680309534
vit_base_patch16_224,cait_s24_224,flip,44,ILSVRC2012_val_00040452.JPEG,0.05714285373687744,0.0045112743973731995,0.2796992361545563,0.3097744286060333,0.30676692724227905,0.31278195977211,-0.04210526496171951,-0.0025525183882564306,-0.002008025301620364
vit_base_patch16_224,cait_s24_224,flip,45,ILSVRC2012_val_00040457.JPEG,-0.5578947067260742,-0.5864661931991577,-0.723308265209198,-0.7263157963752747,-0.5714285373687744,-0.5714285373687744,0.21954888105392456,-0.0013767685741186142,0.004217158071696758
vit_base_patch16_224,cait_s24_224,consensus,44,ILSVRC2012_val_00040452.JPEG,-0.02105265110731125,-0.07969925552606583,0.3578947186470032,0.3834586441516876,0.3218045234680176,0.3127819299697876,-0.42255640029907227,-0.0016084685921669006,-0.0012954578269273043
vit_base_patch16_224,cait_s24_224,consensus,45,ILSVRC2012_val_00040457.JPEG,-0.5428571701049805,-0.5684210658073425,-0.7744361162185669,-0.7684210538864136,-0.6917293071746826,-0.6796993017196655,0.05413534864783287,-0.0012591741979122162,0.004192303866147995
vit_base_patch16_224,cait_s24_224,shuffled_semantic,44,ILSVRC2012_val_00040452.JPEG,0.12330825626850128,0.09022556245326996,0.012030065059661865,-0.007518809288740158,-0.09323306381702423,-0.10375940799713135,0.17744362354278564,-0.001277756760828197,-0.0017227560747414827
vit_base_patch16_224,cait_s24_224,shuffled_semantic,45,ILSVRC2012_val_00040457.JPEG,-0.41353386640548706,-0.4375940263271332,-0.276691734790802,-0.2947368621826172,-0.1473684310913086,-0.14887219667434692,0.09473684430122375,-0.002078388351947069,-0.00023574233637191355
vit_base_patch16_224,cait_s24_224,permuted_score,44,ILSVRC2012_val_00040452.JPEG,-0.030075177550315857,0.025563910603523254,-0.4060150384902954,-0.4090225100517273,-0.4180451035499573,-0.41654136776924133,0.11127820611000061,-0.000776536762714386,1.9305944078951143e-05
vit_base_patch16_224,cait_s24_224,permuted_score,45,ILSVRC2012_val_00040457.JPEG,-0.7684210538864136,-0.7774436473846436,-0.6661654114723206,-0.6751879453659058,-0.46766912937164307,-0.46917295455932617,0.3308270573616028,-0.0026899874210357666,-0.00016021319606807083
vit_base_patch16_224,cait_s24_224,phase,46,ILSVRC2012_val_00040494.JPEG,-0.08421050757169724,-0.10676690936088562,-0.07218044996261597,-0.07067668437957764,0.018045108765363693,0.025563903152942657,0.3999999761581421,0.0008130960050038993,-4.2008236050605774e-05
vit_base_patch16_224,cait_s24_224,phase,47,ILSVRC2012_val_00040541.JPEG,-0.21052630245685577,-0.2255638837814331,-0.04360901564359665,-0.03308270126581192,0.027067668735980988,0.025563910603523254,-0.0736841931939125,-0.0001643443974899128,7.972410094225779e-05
vit_base_patch16_224,cait_s24_224,flip,46,ILSVRC2012_val_00040494.JPEG,0.15338344871997833,0.12180450558662415,-0.10676690936088562,-0.10075186938047409,-0.037593990564346313,-0.049624066799879074,0.34436091780662537,0.0014444914413616061,-0.0011139948619529605
vit_base_patch16_224,cait_s24_224,flip,47,ILSVRC2012_val_00040541.JPEG,-0.3007518947124481,-0.30075186491012573,0.01954888552427292,0.009022578597068787,0.06315790116786957,0.0556391105055809,0.055639103055000305,-2.5109900889219716e-05,0.0004742932505905628
vit_base_patch16_224,cait_s24_224,consensus,46,ILSVRC2012_val_00040494.JPEG,-0.03759398311376572,-0.06315788626670837,0.00300753116607666,0.0060150399804115295,0.07218046486377716,0.0646616667509079,0.44962403178215027,0.0004931636503897607,-0.0004941452643834054
vit_base_patch16_224,cait_s24_224,consensus,47,ILSVRC2012_val_00040541.JPEG,-0.24661652743816376,-0.26015034317970276,-0.03157894313335419,-0.03609021008014679,0.0556391105055809,0.048120297491550446,0.0,-0.0002450734027661383,7.972410094225779e-05
vit_base_patch16_224,cait_s24_224,shuffled_semantic,46,ILSVRC2012_val_00040494.JPEG,0.1654135286808014,0.18646615743637085,-0.02706768922507763,-0.040601521730422974,-0.04511277377605438,-0.02857142500579357,0.15338346362113953,0.001506403903476894,-0.0005800757789984345
vit_base_patch16_224,cait_s24_224,shuffled_semantic,47,ILSVRC2012_val_00040541.JPEG,0.19699248671531677,0.17443612217903137,-0.03308270126581192,-0.01654134690761566,-0.0827067643404007,-0.0781954824924469,0.19699245691299438,9.692693129181862e-05,-0.0002960969868581742
vit_base_patch16_224,cait_s24_224,permuted_score,46,ILSVRC2012_val_00040494.JPEG,0.3308270573616028,0.3593984842300415,-0.23909775912761688,-0.2526315748691559,-0.3774436116218567,-0.34736841917037964,-0.36240601539611816,-5.85488996875938e-05,-0.0028315281961113214
vit_base_patch16_224,cait_s24_224,permuted_score,47,ILSVRC2012_val_00040541.JPEG,-0.20902253687381744,-0.15338346362113953,-0.21052631735801697,-0.2120300531387329,-0.03157893195748329,-0.027067653834819794,-0.18947365880012512,-0.00030638391035608947,-8.199918374884874e-05
vit_base_patch16_224,cait_s24_224,phase,48,ILSVRC2012_val_00040601.JPEG,0.24360902607440948,0.2436090111732483,-0.36992478370666504,-0.38345861434936523,-0.43157893419265747,-0.43157893419265747,-0.2962406277656555,-0.0003159421612508595,-0.0024887938052415848
vit_base_patch16_224,cait_s24_224,phase,49,ILSVRC2012_val_00040634.JPEG,-0.08571429550647736,-0.09022556245326996,0.36691731214523315,0.35187968611717224,0.4285714328289032,0.44962406158447266,0.11729323118925095,-3.728210140252486e-05,0.001362348790280521
vit_base_patch16_224,cait_s24_224,flip,48,ILSVRC2012_val_00040601.JPEG,0.18646615743637085,0.19548870623111725,-0.5518796443939209,-0.548872172832489,-0.4917293190956116,-0.4917293190956116,-0.4105263352394104,-0.0003909484075848013,-0.0020100974943488836
vit_base_patch16_224,cait_s24_224,flip,49,ILSVRC2012_val_00040634.JPEG,-0.2796992361545563,-0.28872179985046387,-0.18796993792057037,-0.19097745418548584,-0.16240602731704712,-0.16240602731704712,0.25112780928611755,-0.0004482185177039355,0.00021128325897734612
vit_base_patch16_224,cait_s24_224,consensus,48,ILSVRC2012_val_00040601.JPEG,0.1939849704504013,0.20150376856327057,-0.4932330846786499,-0.5052631497383118,-0.46315789222717285,-0.46315789222717285,-0.35338345170021057,-8.90205628820695e-05,-0.00163490348495543
vit_base_patch16_224,cait_s24_224,consensus,49,ILSVRC2012_val_00040634.JPEG,-0.23308268189430237,-0.2210526168346405,0.09774433076381683,0.06766914576292038,0.1293233036994934,0.14135336875915527,0.2992481291294098,-0.0016507431864738464,-6.018793283146806e-05
vit_base_patch16_224,cait_s24_224,shuffled_semantic,48,ILSVRC2012_val_00040601.JPEG,-0.036090221256017685,-0.007518794387578964,-0.3593984842300415,-0.35639095306396484,-0.10075189173221588,-0.10075189173221588,-0.3578947186470032,-0.00029601293499581516,0.0027029376942664385
vit_base_patch16_224,cait_s24_224,shuffled_semantic,49,ILSVRC2012_val_00040634.JPEG,0.22706767916679382,0.2481202930212021,-0.13984963297843933,-0.1609022617340088,-0.1563909649848938,-0.1473684012889862,0.15789473056793213,0.0011774699669331312,-0.0014513683272525668
vit_base_patch16_224,cait_s24_224,permuted_score,48,ILSVRC2012_val_00040601.JPEG,-0.1293233186006546,-0.18796992301940918,0.32030075788497925,0.3187969923019409,0.37142857909202576,0.37142857909202576,0.14436089992523193,5.145212708157487e-05,-0.0002859044470824301
vit_base_patch16_224,cait_s24_224,permuted_score,49,ILSVRC2012_val_00040634.JPEG,0.14887219667434692,0.11879701167345047,-0.4977443814277649,-0.446616530418396,-0.47819551825523376,-0.4661654233932495,-0.2030075490474701,0.001194954733364284,1.610955223441124e-05
vit_base_patch16_224,cait_s24_224,phase,50,ILSVRC2012_val_00040798.JPEG,-0.5007518529891968,-0.4887218177318573,-0.3037593960762024,-0.29323306679725647,-0.019548863172531128,0.08421053737401962,0.15789471566677094,-0.0018000435084104538,0.0004455266462173313
vit_base_patch16_224,cait_s24_224,phase,51,ILSVRC2012_val_00040930.JPEG,0.3654135465621948,0.4045112729072571,0.6902256011962891,0.6977443695068359,0.4706767201423645,0.46766918897628784,0.15037593245506287,-0.0002983301819767803,-0.0027429477777332067
vit_base_patch16_224,cait_s24_224,flip,50,ILSVRC2012_val_00040798.JPEG,-0.2571428418159485,-0.17744359374046326,-0.4706767201423645,-0.42706769704818726,-0.4150375723838806,-0.44511276483535767,-0.40751880407333374,0.0003077018482144922,0.0009785344591364264
vit_base_patch16_224,cait_s24_224,flip,51,ILSVRC2012_val_00040930.JPEG,0.19248121976852417,0.16842105984687805,0.45263156294822693,0.4661653935909271,0.4827067255973816,0.47669169306755066,-0.11428569257259369,-0.0020546659361571074,-0.0027429477777332067
vit_base_patch16_224,cait_s24_224,consensus,50,ILSVRC2012_val_00040798.JPEG,-0.6240601539611816,-0.6045112609863281,-0.612030029296875,-0.6060149669647217,-0.37142854928970337,-0.27368420362472534,-0.08421052992343903,-0.0012186389649286866,0.0008840627851895988
vit_base_patch16_224,cait_s24_224,consensus,51,ILSVRC2012_val_00040930.JPEG,0.2631579041481018,0.2857142686843872,0.6947368383407593,0.6992481350898743,0.5699247717857361,0.5624059438705444,0.16691729426383972,-0.0004773378313984722,-0.0027429477777332067
vit_base_patch16_224,cait_s24_224,shuffled_semantic,50,ILSVRC2012_val_00040798.JPEG,0.010526306927204132,-0.009022556245326996,0.19699248671531677,0.2631579041481018,0.21353383362293243,0.3142856955528259,-0.14135336875915527,0.0003512606199365109,0.000782486516982317
vit_base_patch16_224,cait_s24_224,shuffled_semantic,51,ILSVRC2012_val_00040930.JPEG,-0.25263160467147827,-0.25563913583755493,-0.3278195261955261,-0.3458646237850189,-0.11578945815563202,-0.09924810379743576,-0.2902255654335022,-0.002616389188915491,-0.0018796160584315658
vit_base_patch16_224,cait_s24_224,permuted_score,50,ILSVRC2012_val_00040798.JPEG,-0.276691734790802,-0.2120300680398941,-0.25263160467147827,-0.27067673206329346,-0.07518797367811203,-0.12030075490474701,-0.32932329177856445,-0.00021457373804878443,1.8804333876687451e-06
vit_base_patch16_224,cait_s24_224,permuted_score,51,ILSVRC2012_val_00040930.JPEG,-0.32030078768730164,-0.3097744584083557,-0.10526315867900848,-0.13533833622932434,0.00150376558303833,-0.04661654308438301,-0.0646616518497467,-0.0015054837567731738,0.0004961982485838234
vit_base_patch16_224,cait_s24_224,phase,52,ILSVRC2012_val_00040952.JPEG,0.02706769108772278,0.0015037702396512032,-0.2541353404521942,-0.2255639135837555,0.025563914328813553,0.003007536754012108,0.2075188010931015,-0.001907604979351163,-0.000309097784338519
vit_base_patch16_224,cait_s24_224,phase,53,ILSVRC2012_val_00040966.JPEG,0.22857141494750977,0.20451128482818604,0.45864662528038025,0.40300750732421875,0.048120297491550446,0.048120297491550446,-0.11879700422286987,0.00018432825163472444,-0.0007060691132210195
vit_base_patch16_224,cait_s24_224,flip,52,ILSVRC2012_val_00040952.JPEG,-0.19699248671531677,-0.0917293056845665,-0.22255638241767883,-0.2210526317358017,0.016541358083486557,0.04511280357837677,0.13082705438137054,-0.0018702804809436202,-0.00034173132735304534
vit_base_patch16_224,cait_s24_224,flip,53,ILSVRC2012_val_00040966.JPEG,-0.46315789222717285,-0.43007516860961914,-0.09924812614917755,-0.08721804618835449,0.20902255177497864,0.156390979886055,-0.4736842215061188,-0.0016189221059903502,0.0011273397831246257
vit_base_patch16_224,cait_s24_224,consensus,52,ILSVRC2012_val_00040952.JPEG,-0.14436089992523193,-0.045112770050764084,-0.11127820611000061,-0.09774436056613922,0.16090227663516998,0.156390979886055,0.1383458524942398,-0.0026435465551912785,-0.0009432911756448448
vit_base_patch16_224,cait_s24_224,consensus,53,ILSVRC2012_val_00040966.JPEG,-0.3218045234680176,-0.3052631616592407,0.16842104494571686,0.15939846634864807,0.26015037298202515,0.21353380382061005,-0.544360876083374,-0.0003123107017017901,0.0006541588227264583
vit_base_patch16_224,cait_s24_224,shuffled_semantic,52,ILSVRC2012_val_00040952.JPEG,0.2857142984867096,0.28421053290367126,-0.45413529872894287,-0.4375939965248108,-0.5458646416664124,-0.5593985319137573,0.2496240735054016,-0.001744133303873241,-0.0014449686277657747
vit_base_patch16_224,cait_s24_224,shuffled_semantic,53,ILSVRC2012_val_00040966.JPEG,0.22255639731884003,0.23007521033287048,-0.07669171690940857,-0.07969924062490463,-0.3699248433113098,-0.34887218475341797,-0.133834570646286,0.00032517832005396485,8.927081216825172e-05
vit_base_patch16_224,cait_s24_224,permuted_score,52,ILSVRC2012_val_00040952.JPEG,0.5368420481681824,0.49473682045936584,-0.05413534492254257,-0.04360903799533844,-0.518796980381012,-0.5563910007476807,-0.10977442562580109,0.00014291108527686447,-0.0027432262431830168
vit_base_patch16_224,cait_s24_224,permuted_score,53,ILSVRC2012_val_00040966.JPEG,0.20902256667613983,0.1984962522983551,0.05714285373687744,0.05263157933950424,-0.14586466550827026,-0.11127819120883942,0.3323308229446411,0.0007890420383773744,-8.326636452693492e-05
vit_base_patch16_224,cait_s24_224,phase,54,ILSVRC2012_val_00041010.JPEG,-0.039097726345062256,-0.00451129674911499,0.06165413185954094,0.06165413185954094,0.055639103055000305,0.04661653935909271,-0.2030075192451477,-0.0030700538773089647,-0.0005557304248213768
vit_base_patch16_224,cait_s24_224,phase,55,ILSVRC2012_val_00041063.JPEG,-0.46766918897628784,-0.44060149788856506,-0.24962404370307922,-0.1939849555492401,0.009022548794746399,0.058646611869335175,-0.3684210777282715,-0.000900387589354068,0.00027290693833492696
vit_base_patch16_224,cait_s24_224,flip,54,ILSVRC2012_val_00041010.JPEG,-0.13684210181236267,-0.11127819865942001,-0.3097744286060333,-0.3097744286060333,-0.14436087012290955,-0.13533830642700195,-0.09624059498310089,-0.003177060279995203,0.0006425129249691963
vit_base_patch16_224,cait_s24_224,flip,55,ILSVRC2012_val_00041063.JPEG,-0.24812033772468567,-0.21804511547088623,-0.3398496210575104,-0.33383458852767944,-0.20000001788139343,-0.1789473593235016,-0.12180449068546295,-0.00035702119930647314,-0.0002309355913894251
vit_base_patch16_224,cait_s24_224,consensus,54,ILSVRC2012_val_00041010.JPEG,-0.07819550484418869,-0.051127828657627106,-0.2481202930212021,-0.2481202930212021,-0.14135336875915527,-0.14586466550827026,-0.3142856955528259,-0.0025249002501368523,4.066843757755123e-05
vit_base_patch16_224,cait_s24_224,consensus,55,ILSVRC2012_val_00041063.JPEG,-0.5338345766067505,-0.4796992838382721,-0.5624060034751892,-0.5248119831085205,-0.2616541385650635,-0.21052631735801697,-0.2210526317358017,-0.0005682045593857765,0.00022180323139764369
vit_base_patch16_224,cait_s24_224,shuffled_semantic,54,ILSVRC2012_val_00041010.JPEG,-0.0872180387377739,-0.055639103055000305,0.19548873603343964,0.19548873603343964,0.22406016290187836,0.2210526466369629,0.37593987584114075,-0.002892719581723213,0.00021186936646699905
vit_base_patch16_224,cait_s24_224,shuffled_semantic,55,ILSVRC2012_val_00041063.JPEG,0.15338346362113953,0.11729325354099274,0.3969925045967102,0.3864661455154419,0.3142856955528259,0.24360902607440948,0.47669175267219543,-0.00016362499445676804,-0.00021456442482303828
vit_base_patch16_224,cait_s24_224,permuted_score,54,ILSVRC2012_val_00041010.JPEG,0.20000000298023224,0.22406014800071716,-0.21804511547088623,-0.21804511547088623,-0.18796992301940918,-0.22255639731884003,-0.3684210777282715,0.0009676452609710395,5.4091960919322446e-05
vit_base_patch16_224,cait_s24_224,permuted_score,55,ILSVRC2012_val_00041063.JPEG,0.4796992540359497,0.5248120427131653,-0.3909774422645569,-0.3864661455154419,-0.5082706809043884,-0.523308277130127,-0.02406015247106552,0.00034807456540875137,-0.00027359797968529165
vit_base_patch16_224,cait_s24_224,phase,56,ILSVRC2012_val_00041080.JPEG,-0.03157893940806389,-0.048120301216840744,0.7443609237670898,0.7413533329963684,0.6120300889015198,0.6195489168167114,0.6165413856506348,0.0005864195409230888,-0.0003453325480222702
vit_base_patch16_224,cait_s24_224,phase,57,ILSVRC2012_val_00041241.JPEG,0.2902255654335022,0.28270673751831055,0.3879699409008026,0.3097744584083557,-0.013533815741539001,2.9802322387695312e-08,0.2030075192451477,0.0003004642203450203,-0.0013528643175959587
vit_base_patch16_224,cait_s24_224,flip,56,ILSVRC2012_val_00041080.JPEG,-0.021052628755569458,-0.0646616518497467,0.4045112729072571,0.3819548487663269,0.4150375723838806,0.4195488691329956,0.05112782120704651,-7.215105142677203e-05,0.0006237034103833139
vit_base_patch16_224,cait_s24_224,flip,57,ILSVRC2012_val_00041241.JPEG,-0.13533835113048553,-0.1624060571193695,0.1518797129392624,0.13533835113048553,-0.0045112743973731995,-0.01052631251513958,-0.054135337471961975,3.5575776564655825e-05,0.00032701677992008626
vit_base_patch16_224,cait_s24_224,consensus,56,ILSVRC2012_val_00041080.JPEG,-0.04962404444813728,-0.07669171690940857,0.8496240377426147,0.8421052694320679,0.7759398818016052,0.7804511785507202,0.6436090469360352,-0.0005943518481217325,-0.00037314670043997467
vit_base_patch16_224,cait_s24_224,consensus,57,ILSVRC2012_val_00041241.JPEG,0.03609021008014679,0.02556389383971691,0.2902255654335022,0.2676692008972168,0.022556383162736893,0.025563906878232956,0.05563908815383911,0.00015595443255733699,7.139835361158475e-05
vit_base_patch16_224,cait_s24_224,shuffled_semantic,56,ILSVRC2012_val_00041080.JPEG,0.11578946560621262,0.13233081996440887,0.14887219667434692,0.15939849615097046,0.10526318103075027,0.12180452793836594,-0.028571434319019318,9.761303954292089e-05,-0.0004806987999472767
vit_base_patch16_224,cait_s24_224,shuffled_semantic,57,ILSVRC2012_val_00041241.JPEG,-0.24210527539253235,-0.28421053290367126,-0.11879698187112808,-0.09473682940006256,-0.22255638241767883,-0.2075187861919403,-0.19097740948200226,-0.0010919690830633044,-1.8066726624965668e-05
vit_base_patch16_224,cait_s24_224,permuted_score,56,ILSVRC2012_val_00041080.JPEG,0.018045127391815186,-0.00601506233215332,0.5052632093429565,0.5082706809043884,0.5338345766067505,0.5323308706283569,0.6872180700302124,-0.00097792933229357,-0.0009704269468784332
vit_base_patch16_224,cait_s24_224,permuted_score,57,ILSVRC2012_val_00041241.JPEG,0.2992480993270874,0.30225563049316406,0.34285715222358704,0.27067670226097107,0.07819551229476929,0.07518799602985382,0.1609022617340088,0.0002019075764110312,-0.0013866954250261188
vit_base_patch16_224,cait_s24_224,phase,58,ILSVRC2012_val_00041354.JPEG,-0.3323308229446411,-0.30676692724227905,-0.47218042612075806,-0.47218042612075806,-0.0646616667509079,-0.04661653935909271,0.23759397864341736,-0.0018976159626618028,-7.433742575813085e-05
vit_base_patch16_224,cait_s24_224,phase,59,ILSVRC2012_val_00041406.JPEG,0.3699248135089874,0.3699248135089874,0.12330828607082367,0.06616540253162384,-0.14436089992523193,-0.1563909649848938,0.07969922572374344,0.0024011230561882257,-0.0009469687938690186
vit_base_patch16_224,cait_s24_224,flip,58,ILSVRC2012_val_00041354.JPEG,-0.02706766128540039,-0.05413533002138138,0.1849624216556549,0.1849624216556549,0.35639095306396484,0.3654135465621948,0.09473685920238495,-0.0021452673245221376,-0.0006223797681741416
vit_base_patch16_224,cait_s24_224,flip,59,ILSVRC2012_val_00041406.JPEG,0.32030075788497925,0.32030075788497925,0.2992481291294098,0.24511279165744781,0.09624060988426208,0.09172934293746948,-0.2210526466369629,0.0023183405864983797,-0.0008626943454146385
vit_base_patch16_224,cait_s24_224,consensus,58,ILSVRC2012_val_00041354.JPEG,-0.378947377204895,-0.37443608045578003,-0.4616541266441345,-0.4616541266441345,-0.013533830642700195,0.00601506233215332,0.32932329177856445,-0.002379492623731494,-0.000130729386000894
vit_base_patch16_224,cait_s24_224,consensus,59,ILSVRC2012_val_00041406.JPEG,0.378947377204895,0.378947377204895,0.3729323446750641,0.3082706928253174,0.08721804618835449,0.0691729336977005,0.12330827116966248,0.0024011232890188694,-0.0008626943454146385
vit_base_patch16_224,cait_s24_224,shuffled_semantic,58,ILSVRC2012_val_00041354.JPEG,-0.05563907325267792,-0.04812029004096985,-0.27518796920776367,-0.27518796920776367,-0.4240601360797882,-0.4556390941143036,0.02406015619635582,-0.000562712550163269,-0.0005946621531620622
vit_base_patch16_224,cait_s24_224,shuffled_semantic,59,ILSVRC2012_val_00041406.JPEG,0.37142860889434814,0.37142860889434814,-0.1428571492433548,-0.20150375366210938,-0.35187971591949463,-0.32932335138320923,0.0,0.0021009850315749645,-0.0010151939932256937
vit_base_patch16_224,cait_s24_224,permuted_score,58,ILSVRC2012_val_00041354.JPEG,-0.20601502060890198,-0.169924795627594,-0.4646616280078888,-0.4646616280078888,-0.3142857253551483,-0.34285712242126465,0.5127819776535034,-0.001806976622901857,-0.00015667230763938278
vit_base_patch16_224,cait_s24_224,permuted_score,59,ILSVRC2012_val_00041406.JPEG,-0.07969924807548523,-0.07969924807548523,0.1563909649848938,0.17894737422466278,0.2255639135837555,0.19699248671531677,-0.01804511249065399,-0.0007760731386952102,0.0003296555078122765
vit_base_patch16_224,cait_s24_224,phase,60,ILSVRC2012_val_00041468.JPEG,-0.28721803426742554,-0.27368423342704773,-0.7172932624816895,-0.7127819657325745,-0.4345864951610565,-0.4015037715435028,-0.29624059796333313,-0.0008383099338971078,0.001130468095652759
vit_base_patch16_224,cait_s24_224,phase,61,ILSVRC2012_val_00041474.JPEG,0.24210524559020996,0.26466163992881775,-0.3368421196937561,-0.31578949093818665,-0.43609023094177246,-0.3969925045967102,-0.6781954765319824,0.0006717421347275376,6.524613127112389e-05
vit_base_patch16_224,cait_s24_224,flip,60,ILSVRC2012_val_00041468.JPEG,-0.19999998807907104,-0.1473684310913086,-0.6165413856506348,-0.6045112609863281,-0.47819551825523376,-0.4255639314651489,-0.22406016290187836,-0.0008322298526763916,-0.0004082709492649883
vit_base_patch16_224,cait_s24_224,flip,61,ILSVRC2012_val_00041474.JPEG,-0.38045114278793335,-0.37593984603881836,0.013533815741539001,0.019548863172531128,0.16390976309776306,0.17744360864162445,0.11729322373867035,-0.0002644706692080945,0.0008474079077132046
vit_base_patch16_224,cait_s24_224,consensus,60,ILSVRC2012_val_00041468.JPEG,-0.3308270573616028,-0.2992480993270874,-0.7699248790740967,-0.7609022855758667,-0.4736842215061188,-0.42105263471603394,-0.3097744584083557,-0.0005553521332331002,0.001130468095652759
vit_base_patch16_224,cait_s24_224,consensus,61,ILSVRC2012_val_00041474.JPEG,0.016541361808776855,0.027067676186561584,-0.2992481589317322,-0.29774436354637146,-0.28721803426742554,-0.276691734790802,-0.49624061584472656,0.0006040203734301031,0.000456593552371487
vit_base_patch16_224,cait_s24_224,shuffled_semantic,60,ILSVRC2012_val_00041468.JPEG,0.4962405860424042,0.5052631497383118,-0.039097726345062256,-0.0646616593003273,-0.2571428716182709,-0.32481205463409424,-0.169924795627594,4.408918539411388e-05,-0.0010918643092736602
vit_base_patch16_224,cait_s24_224,shuffled_semantic,61,ILSVRC2012_val_00041474.JPEG,-0.07067669928073883,-0.06766916811466217,0.3864661753177643,0.38496237993240356,0.38345867395401,0.41654133796691895,-0.033082686364650726,-0.000445542304078117,7.34993300284259e-05
vit_base_patch16_224,cait_s24_224,permuted_score,60,ILSVRC2012_val_00041468.JPEG,0.0691729411482811,0.040601521730422974,0.23909775912761688,0.24661655724048615,0.34285712242126465,0.3172932267189026,-0.3909774124622345,-0.0005023533594794571,0.0004097923811059445
vit_base_patch16_224,cait_s24_224,permuted_score,61,ILSVRC2012_val_00041474.JPEG,0.15939849615097046,0.13082705438137054,0.12781956791877747,0.16240601241588593,0.01804514229297638,0.015037626028060913,-0.4060150384902954,0.0005672788247466087,0.0003699306398630142
vit_base_patch16_224,cait_s24_224,phase,62,ILSVRC2012_val_00041483.JPEG,0.12631578743457794,0.10827066004276276,0.276691734790802,0.2300751805305481,0.028571441769599915,0.09924811124801636,0.037593990564346313,0.0003562916535884142,-0.00024789117742329836
vit_base_patch16_224,cait_s24_224,phase,63,ILSVRC2012_val_00041486.JPEG,0.0556391179561615,0.05864661931991577,0.6240601539611816,0.621052622795105,0.5368421673774719,0.4977443814277649,-0.17894738912582397,-0.00025106893735937774,0.00046611297875642776
vit_base_patch16_224,cait_s24_224,flip,62,ILSVRC2012_val_00041483.JPEG,-0.14436089992523193,-0.16992482542991638,0.06766917556524277,0.05263157933950424,0.23308271169662476,0.28270673751831055,0.14436091482639313,-0.0005083971773274243,0.0002637299767229706
vit_base_patch16_224,cait_s24_224,flip,63,ILSVRC2012_val_00041486.JPEG,-0.20451125502586365,-0.183458611369133,0.5639097690582275,0.5488722324371338,0.6706766486167908,0.6285714507102966,-0.1849624067544937,-0.0011039285454899073,0.0002589140203781426
vit_base_patch16_224,cait_s24_224,consensus,62,ILSVRC2012_val_00041483.JPEG,0.0872180387377739,0.06315790116786957,0.2526315748691559,0.21052631735801697,0.14436091482639313,0.2075187861919403,0.06315790116786957,-0.00013150913582649082,1.2769503882736899e-05
vit_base_patch16_224,cait_s24_224,consensus,63,ILSVRC2012_val_00041486.JPEG,-0.05263155698776245,-0.039097726345062256,0.6872180700302124,0.6812030076980591,0.6947368383407593,0.6481202840805054,-0.1894737035036087,-0.0011635205009952188,0.0002589140203781426
vit_base_patch16_224,cait_s24_224,shuffled_semantic,62,ILSVRC2012_val_00041483.JPEG,0.11729322373867035,0.09473683685064316,0.03157894313335419,0.051127828657627106,0.024060174822807312,0.04511280357837677,0.308270663022995,-0.0005299754557199776,-0.00023910585150588304
vit_base_patch16_224,cait_s24_224,shuffled_semantic,63,ILSVRC2012_val_00041486.JPEG,-0.1849624216556549,-0.138345867395401,-0.08872179687023163,-0.08571427315473557,-0.0646616518497467,-0.061654139310121536,-0.3488721549510956,-0.00019211154722142965,0.0005933854845352471
vit_base_patch16_224,cait_s24_224,permuted_score,62,ILSVRC2012_val_00041483.JPEG,-0.14135335385799408,-0.1293233036994934,0.4796992540359497,0.48270678520202637,0.48120298981666565,0.5052631497383118,-0.028571443632245064,0.00016764305473770946,0.00011148520570714027
vit_base_patch16_224,cait_s24_224,permuted_score,63,ILSVRC2012_val_00041486.JPEG,0.24060150980949402,0.18045111000537872,-0.2210526168346405,-0.21353384852409363,-0.2857142984867096,-0.32481205463409424,0.4706766903400421,-0.00029070116579532623,-0.0010962997330352664
vit_base_patch16_224,pit_b_224,phase,0,ILSVRC2012_val_00037758.JPEG,0.47669175267219543,0.5037593841552734,-0.1984962522983551,-0.21503755450248718,-0.24661652743816376,-0.2541353106498718,0.06015036255121231,0.0007097317720763385,-0.0006328906747512519
vit_base_patch16_224,pit_b_224,phase,1,ILSVRC2012_val_00037916.JPEG,0.505263090133667,0.5022556185722351,-0.8390977382659912,-0.8406014442443848,-0.8315789103507996,-0.834586501121521,0.5413533449172974,0.0011181924492120743,-0.0007174342754296958
vit_base_patch16_224,pit_b_224,flip,0,ILSVRC2012_val_00037758.JPEG,0.378947377204895,0.3699248433113098,-0.34887218475341797,-0.3684210479259491,-0.35187971591949463,-0.35338348150253296,0.13684210181236267,0.00034981098724529147,-0.0008969707414507866
vit_base_patch16_224,pit_b_224,flip,1,ILSVRC2012_val_00037916.JPEG,-0.14436091482639313,-0.13533835113048553,-0.24511279165744781,-0.27518796920776367,-0.15037596225738525,-0.17744362354278564,0.25263160467147827,-0.00021237060718704015,0.000659792625810951
vit_base_patch16_224,pit_b_224,consensus,0,ILSVRC2012_val_00037758.JPEG,0.41654133796691895,0.4285714030265808,-0.26466163992881775,-0.27819550037384033,-0.2902255356311798,-0.29624056816101074,0.13984963297843933,0.0003125702787656337,-0.0008969707414507866
vit_base_patch16_224,pit_b_224,consensus,1,ILSVRC2012_val_00037916.JPEG,0.11428572237491608,0.11127820611000061,-0.5819549560546875,-0.6015037894248962,-0.5097744464874268,-0.5278195738792419,0.5112782120704651,0.0006158879259601235,-0.0002056890953099355
vit_base_patch16_224,pit_b_224,shuffled_semantic,0,ILSVRC2012_val_00037758.JPEG,-0.05714285746216774,-0.016541361808776855,0.4932330846786499,0.5278195738792419,0.4556390941143036,0.451127827167511,0.3323308229446411,4.210472252452746e-05,-7.486851245630533e-05
vit_base_patch16_224,pit_b_224,shuffled_semantic,1,ILSVRC2012_val_00037916.JPEG,-0.05263159051537514,-0.0511278361082077,-0.3323308229446411,-0.37142857909202576,-0.2827067971229553,-0.3172932267189026,0.43609023094177246,0.0006361528066918254,3.418184496695176e-05
vit_base_patch16_224,pit_b_224,permuted_score,0,ILSVRC2012_val_00037758.JPEG,-0.03759398311376572,-0.030075185000896454,-0.04060149937868118,-0.05563909932971001,0.11127819120883942,0.11578947305679321,-0.07218047231435776,-0.00013413644046522677,-0.00023534051433671266
vit_base_patch16_224,pit_b_224,permuted_score,1,ILSVRC2012_val_00037916.JPEG,-0.29323309659957886,-0.2947368621826172,0.4571428596973419,0.48721805214881897,0.5007518529891968,0.5428571701049805,-0.46315792202949524,-0.0003271745808888227,0.0002658897719811648
vit_base_patch16_224,pit_b_224,phase,2,ILSVRC2012_val_00037926.JPEG,0.02706766501069069,0.04360901564359665,0.010526314377784729,-0.010526284575462341,-0.19548872113227844,-0.2075187861919403,0.07518795877695084,0.0008087617461569607,-0.00013916111493017524
vit_base_patch16_224,pit_b_224,phase,3,ILSVRC2012_val_00037929.JPEG,0.1984962373971939,0.1939849704504013,0.378947377204895,0.3729323148727417,0.272180438041687,0.24210523068904877,-0.24511277675628662,9.24582127481699e-05,0.00015632140275556594
vit_base_patch16_224,pit_b_224,flip,2,ILSVRC2012_val_00037926.JPEG,0.1473684459924698,0.17593985795974731,-0.7007519006729126,-0.6962405443191528,-0.6451128125190735,-0.6375939846038818,0.2812030017375946,0.0012067657662555575,-0.0009765696013346314
vit_base_patch16_224,pit_b_224,flip,3,ILSVRC2012_val_00037929.JPEG,-0.133834570646286,-0.23609021306037903,0.6466165781021118,0.6887218356132507,0.6902256011962891,0.7097744941711426,-0.0827067643404007,-0.00012351175246294588,0.00035247867344878614
vit_base_patch16_224,pit_b_224,consensus,2,ILSVRC2012_val_00037926.JPEG,0.060150377452373505,0.08872180432081223,-0.41654133796691895,-0.4330827295780182,-0.49924811720848083,-0.5037593841552734,0.0827067643404007,0.0008087617461569607,-0.0012699770741164684
vit_base_patch16_224,pit_b_224,consensus,3,ILSVRC2012_val_00037929.JPEG,0.12180451303720474,0.07218047231435776,0.5278195738792419,0.518796980381012,0.43157893419265747,0.4330826997756958,-0.21353383362293243,3.142864443361759e-05,-0.0004064609238412231
vit_base_patch16_224,pit_b_224,shuffled_semantic,2,ILSVRC2012_val_00037926.JPEG,0.007518798112869263,0.015037603676319122,-0.0691729336977005,-0.06315788626670837,-0.012030087411403656,-0.0030075423419475555,-0.03458646684885025,0.0005089372280053794,0.0008632006938569248
vit_base_patch16_224,pit_b_224,shuffled_semantic,3,ILSVRC2012_val_00037929.JPEG,-0.19248120486736298,-0.23007521033287048,0.10375939309597015,0.11729322373867035,0.09323307871818542,0.09473685920238495,-0.16240602731704712,-0.0003456431732047349,8.296121814055368e-05
vit_base_patch16_224,pit_b_224,permuted_score,2,ILSVRC2012_val_00037926.JPEG,0.1248120367527008,0.09924812614917755,-0.021052636206150055,-0.07518798112869263,-0.09624060988426208,-0.13233083486557007,-0.36090224981307983,0.00037307312595658004,-0.0005140933208167553
vit_base_patch16_224,pit_b_224,permuted_score,3,ILSVRC2012_val_00037929.JPEG,-0.1654135137796402,-0.27518799901008606,-0.04511280357837677,0.052631571888923645,0.06616541743278503,0.22255639731884003,0.2902255654335022,-0.00016919946938287467,0.00022533275478053838
vit_base_patch16_224,pit_b_224,phase,4,ILSVRC2012_val_00038033.JPEG,-0.11127820611000061,-0.1563909649848938,-0.07669174671173096,-0.08421053737401962,-0.01654135435819626,-0.03308270871639252,-0.660150408744812,5.503013017005287e-05,0.0003082769108004868
vit_base_patch16_224,pit_b_224,phase,5,ILSVRC2012_val_00038096.JPEG,-0.3187969923019409,-0.3323308527469635,-0.7849624156951904,-0.7924811840057373,-0.7654135227203369,-0.7654135227203369,0.21954888105392456,-0.000133969631860964,0.00031971457065083086
vit_base_patch16_224,pit_b_224,flip,4,ILSVRC2012_val_00038033.JPEG,-0.08721804618835449,-0.11278194934129715,0.07969924062490463,0.06766916811466217,0.16240602731704712,0.17744360864162445,-0.39849627017974854,-0.00031355812097899616,4.152758265263401e-05
vit_base_patch16_224,pit_b_224,flip,5,ILSVRC2012_val_00038096.JPEG,-0.4000000059604645,-0.3097744286060333,-0.6646616458892822,-0.6766917705535889,-0.6661654114723206,-0.6661654114723206,0.651127815246582,-0.0001110123484977521,3.6188681406201795e-05
vit_base_patch16_224,pit_b_224,consensus,4,ILSVRC2012_val_00038033.JPEG,-0.1383458524942398,-0.18947365880012512,0.057142846286296844,0.049624040722846985,0.12631578743457794,0.12180451303720474,-0.7939849495887756,-0.00040683135739527643,0.00037540774792432785
vit_base_patch16_224,pit_b_224,consensus,5,ILSVRC2012_val_00038096.JPEG,-0.4150375723838806,-0.34736841917037964,-0.8135339021682739,-0.8285714387893677,-0.8060150146484375,-0.8060150146484375,0.42255640029907227,-0.00018989891395904124,0.00041563110426068306
vit_base_patch16_224,pit_b_224,shuffled_semantic,4,ILSVRC2012_val_00038033.JPEG,-0.10375940799713135,-0.09924811124801636,0.35187968611717224,0.3263157904148102,0.40300750732421875,0.3729323148727417,-0.16390976309776306,0.00019904124201275408,0.0006080469465814531
vit_base_patch16_224,pit_b_224,shuffled_semantic,5,ILSVRC2012_val_00038096.JPEG,-0.15187968313694,-0.17593984305858612,0.35639095306396484,0.3503759205341339,0.3729323148727417,0.3729323148727417,-0.34887218475341797,-0.00028266312438063323,8.979598351288587e-05
vit_base_patch16_224,pit_b_224,permuted_score,4,ILSVRC2012_val_00038033.JPEG,-0.20902255177497864,-0.24210524559020996,0.2661653757095337,0.2631578743457794,0.22706766426563263,0.21052631735801697,-0.7759398818016052,0.00012136581790400669,0.0008529508486390114
vit_base_patch16_224,pit_b_224,permuted_score,5,ILSVRC2012_val_00038096.JPEG,-0.23007521033287048,-0.22706767916679382,-0.4180451035499573,-0.4240601658821106,-0.4060150384902954,-0.4060150384902954,0.3218045234680176,-0.0002830674056895077,0.00027319788932800293
vit_base_patch16_224,pit_b_224,phase,6,ILSVRC2012_val_00038110.JPEG,-0.1849624067544937,-0.17744359374046326,0.7007519006729126,0.6150376796722412,0.4375940263271332,0.4932331144809723,0.36240601539611816,-0.00034425436751917005,-5.070677070762031e-05
vit_base_patch16_224,pit_b_224,phase,7,ILSVRC2012_val_00038142.JPEG,0.22406014800071716,0.22406014800071716,0.3548872172832489,0.3593984842300415,0.09924814105033875,0.124812051653862,0.4526315927505493,0.00012308720033615828,-0.0008685442735441029
vit_base_patch16_224,pit_b_224,flip,6,ILSVRC2012_val_00038110.JPEG,-0.410526305437088,-0.37142857909202576,0.24360904097557068,0.19248124957084656,0.3233082890510559,0.3082706928253174,0.21954885125160217,-0.00024194114666897804,0.00024225386732723564
vit_base_patch16_224,pit_b_224,flip,7,ILSVRC2012_val_00038142.JPEG,0.07067668437957764,0.10977444052696228,-0.1563909649848938,-0.1293233036994934,-0.16842105984687805,-0.15488722920417786,0.04511278122663498,0.00032128646853379905,-0.00022162387904245406
vit_base_patch16_224,pit_b_224,consensus,6,ILSVRC2012_val_00038110.JPEG,-0.3924812078475952,-0.36691731214523315,0.43609026074409485,0.3654135465621948,0.4000000059604645,0.43458646535873413,0.3924812078475952,-0.00024194114666897804,0.00015680099022574723
vit_base_patch16_224,pit_b_224,consensus,7,ILSVRC2012_val_00038142.JPEG,0.10977444052696228,0.12330825626850128,0.018045127391815186,0.028571434319019318,-0.11428570747375488,-0.09473682940006256,0.18345865607261658,-0.00048606135533191264,-0.0009274201584048569
vit_base_patch16_224,pit_b_224,shuffled_semantic,6,ILSVRC2012_val_00038110.JPEG,0.13233083486557007,0.15789474546909332,0.37142857909202576,0.22857141494750977,0.09924811124801636,0.11127819865942001,0.054135337471961975,-1.793453520804178e-05,-9.664117533247918e-05
vit_base_patch16_224,pit_b_224,shuffled_semantic,7,ILSVRC2012_val_00038142.JPEG,-0.3639097809791565,-0.34436091780662537,-0.15789476037025452,-0.1473684310913086,0.1293233186006546,0.07969927787780762,-0.08421052992343903,-0.00034347735345363617,0.00046421989100053906
vit_base_patch16_224,pit_b_224,permuted_score,6,ILSVRC2012_val_00038110.JPEG,0.09774435311555862,0.11578945070505142,-0.07669173926115036,-0.11428571492433548,-0.14135336875915527,-0.16541354358196259,-0.1939849555492401,5.311623567649804e-07,-0.00010932248551398516
vit_base_patch16_224,pit_b_224,permuted_score,7,ILSVRC2012_val_00038142.JPEG,-0.024060174822807312,-0.007518798112869263,-0.2165413498878479,-0.20601503551006317,-0.27067670226097107,-0.23609022796154022,0.028571419417858124,0.0004661351558752358,-6.119388126535341e-05
vit_base_patch16_224,pit_b_224,phase,8,ILSVRC2012_val_00038157.JPEG,0.08872182667255402,0.14887219667434692,-0.045112788677215576,-0.06315790116786957,-0.13684210181236267,-0.13684210181236267,-0.037593990564346313,0.0008674456621520221,0.00017726524674799293
vit_base_patch16_224,pit_b_224,phase,9,ILSVRC2012_val_00038221.JPEG,-0.04962405562400818,-0.04210525378584862,-0.18646615743637085,-0.16240599751472473,-0.1654135137796402,-0.17593982815742493,0.06315791606903076,0.00017819619097281247,0.0006929348455742002
vit_base_patch16_224,pit_b_224,flip,8,ILSVRC2012_val_00038157.JPEG,0.33383455872535706,0.3699248135089874,-0.3593984842300415,-0.3142856955528259,-0.31278195977211,-0.31278195977211,0.07669173181056976,0.0010202339617535472,7.802090112818405e-05
vit_base_patch16_224,pit_b_224,flip,9,ILSVRC2012_val_00038221.JPEG,-0.14887216687202454,-0.14586466550827026,-0.0781954899430275,-0.08421052992343903,-0.028571434319019318,-0.06766916811466217,-0.28721803426742554,0.00011754986189771444,0.001915804110467434
vit_base_patch16_224,pit_b_224,consensus,8,ILSVRC2012_val_00038157.JPEG,0.22406014800071716,0.24661652743816376,-0.11428570002317429,-0.12030074000358582,-0.18045112490653992,-0.18045112490653992,-0.06616540998220444,0.0008565434254705906,-0.00021331175230443478
vit_base_patch16_224,pit_b_224,consensus,9,ILSVRC2012_val_00038221.JPEG,-0.25112783908843994,-0.25563907623291016,-0.00751880556344986,0.012030065059661865,0.057142846286296844,0.04661653935909271,-0.01954888552427292,0.00014433031901717186,0.0018608581740409136
vit_base_patch16_224,pit_b_224,shuffled_semantic,8,ILSVRC2012_val_00038157.JPEG,0.20902255177497864,0.1939849555492401,-0.08120299875736237,-0.07067668437957764,-0.17142854630947113,-0.17142854630947113,-0.19248118996620178,0.0005553324590437114,-0.0008077946840785444
vit_base_patch16_224,pit_b_224,shuffled_semantic,9,ILSVRC2012_val_00038221.JPEG,-0.14135339856147766,-0.13233084976673126,-0.14586466550827026,-0.15789473056793213,-0.10827068239450455,-0.09624059498310089,-0.16090227663516998,0.0007125106640160084,0.0012582804774865508
vit_base_patch16_224,pit_b_224,permuted_score,8,ILSVRC2012_val_00038157.JPEG,0.14887218177318573,0.2691729664802551,-0.523308277130127,-0.5172932147979736,-0.4917293190956116,-0.4917293190956116,0.07669174671173096,0.0006911325617693365,-2.535446583351586e-05
vit_base_patch16_224,pit_b_224,permuted_score,9,ILSVRC2012_val_00038221.JPEG,-0.20601502060890198,-0.2481202930212021,0.24210524559020996,0.22857141494750977,0.3548872172832489,0.3999999761581421,0.00300753116607666,-0.00030059515847824514,0.001046330202370882
vit_base_patch16_224,pit_b_224,phase,10,ILSVRC2012_val_00038236.JPEG,0.04962405934929848,0.0646616518497467,-0.14887218177318573,-0.16390979290008545,-0.17593985795974731,-0.18796992301940918,0.028571441769599915,0.00021445451420731843,-0.00010242762800771743
vit_base_patch16_224,pit_b_224,phase,11,ILSVRC2012_val_00038251.JPEG,0.09774437546730042,0.08721804618835449,0.5609022378921509,0.5789473652839661,0.5353383421897888,0.5729323625564575,0.3684210777282715,-0.0001597590307937935,2.7699488782673143e-05
vit_base_patch16_224,pit_b_224,flip,10,ILSVRC2012_val_00038236.JPEG,0.44511279463768005,0.4661654233932495,-0.27368420362472534,-0.24210527539253235,-0.36691728234291077,-0.3458646535873413,-0.0736842229962349,0.0008097395184449852,-0.00039003975689411163
vit_base_patch16_224,pit_b_224,flip,11,ILSVRC2012_val_00038251.JPEG,0.31578946113586426,0.32030075788497925,-0.3699248135089874,-0.29624059796333313,-0.4977443218231201,-0.4556390643119812,0.1383458524942398,0.00025594900944270194,0.00017483723058830947
vit_base_patch16_224,pit_b_224,consensus,10,ILSVRC2012_val_00038236.JPEG,0.27518796920776367,0.2947368621826172,-0.18195484578609467,-0.18195489048957825,-0.21954888105392456,-0.22406014800071716,-0.04511278122663498,0.0006284474511630833,-0.00015665050887037069
vit_base_patch16_224,pit_b_224,consensus,11,ILSVRC2012_val_00038251.JPEG,0.4015038013458252,0.37142854928970337,0.10075189173221588,0.156390979886055,-0.02105265110731125,0.02406013011932373,0.3744361102581024,-0.00032605347223579884,-6.495802517747506e-05
vit_base_patch16_224,pit_b_224,shuffled_semantic,10,ILSVRC2012_val_00038236.JPEG,0.04360903799533844,0.04962407797574997,0.3052631914615631,0.34736841917037964,0.26917290687561035,0.2842105031013489,0.12481202185153961,0.0003957849112339318,0.0004855992738157511
vit_base_patch16_224,pit_b_224,shuffled_semantic,11,ILSVRC2012_val_00038251.JPEG,-0.024060146883130074,-0.027067655697464943,-0.24060148000717163,-0.28421056270599365,-0.14586466550827026,-0.22706764936447144,-0.12180453538894653,0.00045603918260894716,0.00036421409458853304
vit_base_patch16_224,pit_b_224,permuted_score,10,ILSVRC2012_val_00038236.JPEG,0.11428571492433548,0.10225563496351242,0.05112782120704651,0.05864662304520607,-0.051127828657627106,-0.03609022498130798,-0.11127818375825882,-0.00010423803905723616,0.0001559340162202716
vit_base_patch16_224,pit_b_224,permuted_score,11,ILSVRC2012_val_00038251.JPEG,0.13984963297843933,0.1849624216556549,0.01353384554386139,-0.01203007623553276,0.0,-0.06315788626670837,-0.5278195142745972,0.0002647029759828001,-0.00015398515097331256
vit_base_patch16_224,pit_b_224,phase,12,ILSVRC2012_val_00038413.JPEG,0.26917293667793274,0.23759399354457855,-0.013533815741539001,-0.010526329278945923,-0.10526315867900848,-0.0872180312871933,0.7323307991027832,0.0005854718619957566,7.753688987577334e-05
vit_base_patch16_224,pit_b_224,phase,13,ILSVRC2012_val_00038427.JPEG,-0.5639097690582275,-0.5609022378921509,0.29624059796333313,0.2857142686843872,0.3458646833896637,0.33383458852767944,-0.13984963297843933,-0.00029814476147294044,0.0012742318212985992
vit_base_patch16_224,pit_b_224,flip,12,ILSVRC2012_val_00038413.JPEG,-0.133834570646286,-0.1428571194410324,-0.6736841201782227,-0.6706766486167908,-0.5368421077728271,-0.5428571105003357,0.1699248105287552,0.0001368097000522539,0.0003642889787442982
vit_base_patch16_224,pit_b_224,flip,13,ILSVRC2012_val_00038427.JPEG,-0.156390979886055,-0.18496239185333252,-0.3654135465621948,-0.3639097809791565,-0.276691734790802,-0.3037593960762024,0.22406014800071716,-0.0004826318472623825,-0.00013483846851158887
vit_base_patch16_224,pit_b_224,consensus,12,ILSVRC2012_val_00038413.JPEG,0.19248120486736298,0.1849624067544937,-0.24210524559020996,-0.24661652743816376,-0.2436089813709259,-0.22857140004634857,0.732330858707428,0.00017520366236567497,0.00017747041420079768
vit_base_patch16_224,pit_b_224,consensus,13,ILSVRC2012_val_00038427.JPEG,-0.3969925045967102,-0.40751880407333374,-0.34887218475341797,-0.3548872470855713,-0.24210526049137115,-0.27368420362472534,0.09924811124801636,-0.0005258017336018384,0.0011897182557731867
vit_base_patch16_224,pit_b_224,shuffled_semantic,12,ILSVRC2012_val_00038413.JPEG,-0.6315789222717285,-0.6375939846038818,-0.2255638986825943,-0.20451128482818604,0.030075199902057648,0.018045123666524887,0.04210527241230011,-0.00027152150869369507,0.000471809966256842
vit_base_patch16_224,pit_b_224,shuffled_semantic,13,ILSVRC2012_val_00038427.JPEG,-0.22706769406795502,-0.24511279165744781,-0.1338346004486084,-0.11127819120883942,-0.13533833622932434,-0.12781956791877747,0.19999998807907104,-0.0002740340423770249,0.00014945828297641128
vit_base_patch16_224,pit_b_224,permuted_score,12,ILSVRC2012_val_00038413.JPEG,0.009022563695907593,0.015037588775157928,-0.040601521730422974,-0.03308271989226341,0.06315789371728897,0.09022555500268936,0.7338346242904663,0.0003558032331056893,0.0001391204132232815
vit_base_patch16_224,pit_b_224,permuted_score,13,ILSVRC2012_val_00038427.JPEG,0.14436091482639313,0.1473684459924698,7.450580596923828e-09,-0.025563903152942657,0.015037596225738525,0.013533823192119598,0.0736842229962349,0.0010970024159178138,-0.0005868800799362361
vit_base_patch16_224,pit_b_224,phase,14,ILSVRC2012_val_00038546.JPEG,-0.2827067971229553,-0.2210526466369629,-0.1293233186006546,-0.1849624216556549,-0.13533836603164673,-0.07067669928073883,0.06616539508104324,-0.0011778657790273428,0.00042199771269224584
vit_base_patch16_224,pit_b_224,phase,15,ILSVRC2012_val_00038597.JPEG,-0.0511278361082077,0.007518783211708069,-0.11278197169303894,0.11578947305679321,-0.16090227663516998,-0.12631577253341675,0.007518801838159561,0.00019078161858487874,-0.0006594182923436165
vit_base_patch16_224,pit_b_224,flip,14,ILSVRC2012_val_00038546.JPEG,-0.3413533866405487,-0.3834586441516876,-0.13082706928253174,-0.11879699677228928,0.028571419417858124,0.013533838093280792,0.12180452793836594,-0.0011883836705237627,0.0003126903611700982
vit_base_patch16_224,pit_b_224,flip,15,ILSVRC2012_val_00038597.JPEG,0.3879699110984802,0.3398496210575104,0.058646634221076965,0.29172930121421814,-0.27969926595687866,-0.2075187861919403,0.1428571492433548,0.00031830865191295743,-0.0011835203040391207
vit_base_patch16_224,pit_b_224,consensus,14,ILSVRC2012_val_00038546.JPEG,-0.39398500323295593,-0.4270676374435425,-0.2030075192451477,-0.22706766426563263,-0.09323309361934662,-0.07218045741319656,0.012030072510242462,-0.0011468485463410616,0.0001225710875587538
vit_base_patch16_224,pit_b_224,consensus,15,ILSVRC2012_val_00038597.JPEG,0.2796992063522339,0.2586466073989868,-0.013533826917409897,0.21954885125160217,-0.2631578743457794,-0.1939849555492401,0.10526317358016968,0.00031830865191295743,-0.0006581434281542897
vit_base_patch16_224,pit_b_224,shuffled_semantic,14,ILSVRC2012_val_00038546.JPEG,-0.23458650708198547,-0.2691729664802551,0.27518796920776367,0.22706766426563263,0.22706766426563263,0.17744359374046326,-0.21804511547088623,1.6936566680669785e-05,0.0003910374944098294
vit_base_patch16_224,pit_b_224,shuffled_semantic,15,ILSVRC2012_val_00038597.JPEG,-0.19849622249603271,-0.16842105984687805,0.15789473056793213,-0.05413533374667168,0.27518796920776367,0.22857142984867096,0.28721803426742554,-0.0007996928179636598,5.3352490795077756e-05
vit_base_patch16_224,pit_b_224,permuted_score,14,ILSVRC2012_val_00038546.JPEG,-0.02706768363714218,-0.0691729187965393,0.17142856121063232,0.10526315867900848,0.17593985795974731,0.1699248105287552,-0.21804513037204742,2.4793296688585542e-05,0.0001498911587987095
vit_base_patch16_224,pit_b_224,permuted_score,15,ILSVRC2012_val_00038597.JPEG,0.1338346004486084,0.04060151427984238,0.12631580233573914,0.0075187962502241135,0.10676690936088562,0.12631580233573914,0.37593984603881836,0.0003613987937569618,6.772745837224647e-05
vit_base_patch16_224,pit_b_224,phase,16,ILSVRC2012_val_00038607.JPEG,-0.33834585547447205,-0.4030075669288635,0.4781954884529114,0.42105263471603394,0.4375939965248108,0.4255639314651489,-0.08120299130678177,-0.0007608485175296664,0.0003588673716876656
vit_base_patch16_224,pit_b_224,phase,17,ILSVRC2012_val_00038678.JPEG,0.06165411323308945,0.057142823934555054,-0.3413533866405487,-0.3548872172832489,-0.31578946113586426,-0.3323308229446411,-0.38496240973472595,-0.0003956455911975354,-0.00025007594376802444
vit_base_patch16_224,pit_b_224,flip,16,ILSVRC2012_val_00038607.JPEG,-0.2526315450668335,-0.21052631735801697,-0.49473685026168823,-0.45864665508270264,-0.5218045115470886,-0.5067669153213501,0.12932328879833221,-0.0006711852620355785,4.17961273342371e-05
vit_base_patch16_224,pit_b_224,flip,17,ILSVRC2012_val_00038678.JPEG,0.03759397938847542,0.04060151055455208,-0.2345864623785019,-0.2075188010931015,-0.3278195559978485,-0.35187971591949463,0.2992481291294098,-0.0010168937733396888,-0.0008945733425207436
vit_base_patch16_224,pit_b_224,consensus,16,ILSVRC2012_val_00038607.JPEG,-0.4691729247570038,-0.47218042612075806,-0.15789474546909332,-0.15939849615097046,-0.15789473056793213,-0.13533835113048553,0.12330825626850128,-0.0006936496938578784,0.0006599663174711168
vit_base_patch16_224,pit_b_224,consensus,17,ILSVRC2012_val_00038678.JPEG,0.04360900819301605,0.03458645939826965,-0.3187969923019409,-0.29774436354637146,-0.31127819418907166,-0.35338348150253296,-0.02406015247106552,-0.0005283627542667091,-0.0008504655561409891
vit_base_patch16_224,pit_b_224,shuffled_semantic,16,ILSVRC2012_val_00038607.JPEG,0.09924812614917755,0.09022561460733414,-0.23458647727966309,-0.2345864474773407,-0.21353381872177124,-0.18796990811824799,-0.05864661931991577,-0.0004878023755736649,-0.00016053998842835426
vit_base_patch16_224,pit_b_224,shuffled_semantic,17,ILSVRC2012_val_00038678.JPEG,0.37593981623649597,0.33383458852767944,0.0872180238366127,0.08872180432081223,-0.2075188159942627,-0.14436091482639313,-0.4150375723838806,0.0005780073115602136,-0.000831323501188308
vit_base_patch16_224,pit_b_224,permuted_score,16,ILSVRC2012_val_00038607.JPEG,0.04812029004096985,0.030075185000896454,-0.13082705438137054,-0.09924811124801636,-0.0015037581324577332,0.03157895803451538,-0.05263157933950424,-0.00067352649057284,-0.0002569909847807139
vit_base_patch16_224,pit_b_224,permuted_score,17,ILSVRC2012_val_00038678.JPEG,0.08872179687023163,0.09172932803630829,0.10075189173221588,0.11729322373867035,0.05112781375646591,0.04210524633526802,0.27067670226097107,-0.00028162842500023544,-0.0007135620689950883
vit_base_patch16_224,pit_b_224,phase,18,ILSVRC2012_val_00038705.JPEG,-0.3263157904148102,-0.2571428418159485,-0.39849627017974854,-0.3458646535873413,-0.20902255177497864,-0.16992482542991638,0.40300750732421875,0.0001352012186544016,0.0006107133231125772
vit_base_patch16_224,pit_b_224,phase,19,ILSVRC2012_val_00038708.JPEG,0.004511289298534393,0.04210526496171951,-0.5894736647605896,-0.5984962582588196,-0.6150376200675964,-0.6150376200675964,0.20601505041122437,-0.00015971976972650737,-0.0004439638869371265
vit_base_patch16_224,pit_b_224,flip,18,ILSVRC2012_val_00038705.JPEG,0.2962406277656555,0.2857142686843872,-0.1939849704504013,-0.2120300978422165,-0.2721804678440094,-0.2947368621826172,0.2255639135837555,0.000806209456641227,-0.00018126667418982834
vit_base_patch16_224,pit_b_224,flip,19,ILSVRC2012_val_00038708.JPEG,0.19548875093460083,0.2120300829410553,-0.49473685026168823,-0.5007518529891968,-0.5127819776535034,-0.5127819776535034,0.3834586441516876,0.0036002229899168015,-0.00023512802727054805
vit_base_patch16_224,pit_b_224,consensus,18,ILSVRC2012_val_00038705.JPEG,-0.0917293131351471,-0.05714286118745804,-0.27969926595687866,-0.2676692008972168,-0.20902258157730103,-0.20451128482818604,0.37142857909202576,0.00032752976403571665,0.0005266197258606553
vit_base_patch16_224,pit_b_224,consensus,19,ILSVRC2012_val_00038708.JPEG,0.09774437546730042,0.1428571492433548,-0.5714285373687744,-0.5819548964500427,-0.6015037298202515,-0.6015037298202515,0.29323306679725647,-0.00021948610083200037,-0.00020671692618634552
vit_base_patch16_224,pit_b_224,shuffled_semantic,18,ILSVRC2012_val_00038705.JPEG,-0.09924812614917755,-0.2075188159942627,0.18195487558841705,0.13984963297843933,0.2345864623785019,0.23759397864341736,-0.2631578743457794,3.67090106010437e-05,0.0007841043407097459
vit_base_patch16_224,pit_b_224,shuffled_semantic,19,ILSVRC2012_val_00038708.JPEG,0.13984961807727814,0.11278195679187775,-0.08421052992343903,-0.07669171690940857,-0.09473682940006256,-0.09473682940006256,-0.2075188159942627,-0.0002730567066464573,-0.000908315007109195
vit_base_patch16_224,pit_b_224,permuted_score,18,ILSVRC2012_val_00038705.JPEG,0.07669171690940857,0.024060145020484924,0.29774436354637146,0.22255638241767883,0.1518796980381012,0.09774436056613922,-0.3278195261955261,0.0003537185548339039,-0.00022349506616592407
vit_base_patch16_224,pit_b_224,permuted_score,19,ILSVRC2012_val_00038708.JPEG,-0.08721804618835449,-0.09774436056613922,0.5413534045219421,0.5473684072494507,0.5879698991775513,0.5879698991775513,-0.015037581324577332,0.002834603888913989,-0.00019080341735389084
vit_base_patch16_224,pit_b_224,phase,20,ILSVRC2012_val_00038743.JPEG,-0.26917293667793274,-0.35187968611717224,0.22406016290187836,0.23308271169662476,0.40902256965637207,0.38045111298561096,0.4616541266441345,-0.0005855527124367654,-4.832781996810809e-05
vit_base_patch16_224,pit_b_224,phase,21,ILSVRC2012_val_00038986.JPEG,0.03458647057414055,-0.022556398063898087,0.4526315927505493,0.4887218177318573,0.38496240973472595,0.36992478370666504,0.378947377204895,4.989062654203735e-05,-0.00011849389557028189
vit_base_patch16_224,pit_b_224,flip,20,ILSVRC2012_val_00038743.JPEG,0.05413533002138138,0.05714283138513565,0.2526315748691559,0.1984962522983551,0.10225565731525421,0.10375943034887314,0.16691729426383972,-0.00015664398961234838,-0.0006093766423873603
vit_base_patch16_224,pit_b_224,flip,21,ILSVRC2012_val_00038986.JPEG,-0.37142857909202576,-0.38345861434936523,0.2030075192451477,0.21804511547088623,0.11879700422286987,0.12631580233573914,0.18646615743637085,-0.0002120109274983406,9.424229938304052e-05
vit_base_patch16_224,pit_b_224,consensus,20,ILSVRC2012_val_00038743.JPEG,-0.14436091482639313,-0.21052633225917816,0.378947377204895,0.33383458852767944,0.37142857909202576,0.35639095306396484,0.4646616578102112,-0.0005596395931206644,-0.0006093766423873603
vit_base_patch16_224,pit_b_224,consensus,21,ILSVRC2012_val_00038986.JPEG,-0.22406014800071716,-0.2721804678440094,0.28270676732063293,0.32030075788497925,0.21052628755569458,0.21052630245685577,0.47819551825523376,-0.00022406088828574866,7.380345050478354e-05
vit_base_patch16_224,pit_b_224,shuffled_semantic,20,ILSVRC2012_val_00038743.JPEG,0.23759396374225616,0.17293232679367065,-0.28421053290367126,-0.26616543531417847,-0.39849624037742615,-0.3924812078475952,-0.24060150980949402,0.0006385825690813363,-0.0018503515748307109
vit_base_patch16_224,pit_b_224,shuffled_semantic,21,ILSVRC2012_val_00038986.JPEG,-0.2992481291294098,-0.2165413647890091,-0.344360888004303,-0.2902255654335022,-0.3413533866405487,-0.3323308229446411,0.09924811869859695,-9.781243716133758e-05,0.00028221061802469194
vit_base_patch16_224,pit_b_224,permuted_score,20,ILSVRC2012_val_00038743.JPEG,-0.29624059796333313,-0.37443608045578003,0.13533833622932434,0.1293233036994934,0.3082706928253174,0.3097744584083557,0.30075186491012573,-0.00151083676610142,0.0010995205957442522
vit_base_patch16_224,pit_b_224,permuted_score,21,ILSVRC2012_val_00038986.JPEG,0.046616531908512115,0.034586455672979355,-0.169924795627594,-0.2075187712907791,-0.11879697442054749,-0.12781953811645508,0.07067668437957764,0.000131402732222341,-0.00012020026770187542
vit_base_patch16_224,pit_b_224,phase,22,ILSVRC2012_val_00039085.JPEG,0.17443609237670898,0.17593985795974731,0.6315789222717285,0.6165413856506348,0.6766917705535889,0.6736842393875122,0.15037593245506287,-0.00022815466218162328,-0.0015586406225338578
vit_base_patch16_224,pit_b_224,phase,23,ILSVRC2012_val_00039106.JPEG,-0.07218044996261597,-0.11729320883750916,-0.006015054881572723,0.012030057609081268,0.009022533893585205,0.03458644449710846,-0.046616554260253906,-0.0004945379332639277,-0.0003133348363917321
vit_base_patch16_224,pit_b_224,flip,22,ILSVRC2012_val_00039085.JPEG,-0.23308269679546356,-0.2571428418159485,-0.45864665508270264,-0.4571428894996643,-0.29624059796333313,-0.3097744584083557,0.027067646384239197,-0.0018769250018522143,-0.0009144812938757241
vit_base_patch16_224,pit_b_224,flip,23,ILSVRC2012_val_00039106.JPEG,0.031578950583934784,0.012030072510242462,-0.01052635908126831,-0.030075207352638245,0.021052643656730652,-0.012030094861984253,0.02706766128540039,-0.00013170643069315702,-2.32924703595927e-05
vit_base_patch16_224,pit_b_224,consensus,22,ILSVRC2012_val_00039085.JPEG,0.05413533374667168,0.02556389942765236,0.07669171690940857,0.05563909187912941,0.1789473444223404,0.1609022319316864,0.11578945070505142,0.0004585385322570801,-0.0009323075646534562
vit_base_patch16_224,pit_b_224,consensus,23,ILSVRC2012_val_00039106.JPEG,-0.11879699677228928,-0.15037594735622406,0.05714283883571625,0.04962404817342758,0.10676690936088562,0.09022557735443115,0.16390977799892426,-0.0005954368389211595,-0.00016062278882600367
vit_base_patch16_224,pit_b_224,shuffled_semantic,22,ILSVRC2012_val_00039085.JPEG,0.1609022319316864,0.14887218177318573,0.7338345646858215,0.7293232679367065,0.6992481350898743,0.6947368383407593,0.2496240884065628,0.0004217117966618389,-0.0014978767139837146
vit_base_patch16_224,pit_b_224,shuffled_semantic,23,ILSVRC2012_val_00039106.JPEG,0.20902255177497864,0.17293234169483185,-0.12481202930212021,-0.15338346362113953,-0.17894737422466278,-0.21503758430480957,0.09323307126760483,0.0003915727138519287,-0.00020326246158219874
vit_base_patch16_224,pit_b_224,permuted_score,22,ILSVRC2012_val_00039085.JPEG,-0.15338346362113953,-0.10526317358016968,-0.02857142686843872,-0.021052628755569458,-0.03157895803451538,-0.021052643656730652,0.442105233669281,-0.0008315757149830461,-0.0014844536781311035
vit_base_patch16_224,pit_b_224,permuted_score,23,ILSVRC2012_val_00039106.JPEG,-0.3263157606124878,-0.31278195977211,0.12481202930212021,0.14586466550827026,0.25112783908843994,0.276691734790802,0.03308270871639252,-0.0008280667825601995,0.0004976284690201283
vit_base_patch16_224,pit_b_224,phase,24,ILSVRC2012_val_00039130.JPEG,0.29323309659957886,0.3052631616592407,-0.0646616667509079,-0.04360901564359665,-0.17142856121063232,-0.12631580233573914,0.20902255177497864,-0.0001633505307836458,-0.00037766099558211863
vit_base_patch16_224,pit_b_224,phase,25,ILSVRC2012_val_00039253.JPEG,0.17593985795974731,0.16240602731704712,-0.7684210538864136,-0.7819548845291138,-0.7473683953285217,-0.727819561958313,0.2947368621826172,-0.0005250342073850334,-0.00024543702602386475
vit_base_patch16_224,pit_b_224,flip,24,ILSVRC2012_val_00039130.JPEG,0.09473685920238495,0.08421053737401962,-0.5879698991775513,-0.6045112609863281,-0.5323308110237122,-0.5789473652839661,-0.16541354358196259,3.153504803776741e-05,0.0001151904507423751
vit_base_patch16_224,pit_b_224,flip,25,ILSVRC2012_val_00039253.JPEG,0.015037581324577332,0.006015032529830933,-0.8330827951431274,-0.8315789699554443,-0.7488721013069153,-0.7082707285881042,0.26917293667793274,-0.00025817975983954966,-8.939616236602888e-05
vit_base_patch16_224,pit_b_224,consensus,24,ILSVRC2012_val_00039130.JPEG,0.3458646535873413,0.339849591255188,-0.42255640029907227,-0.4270676374435425,-0.5428571701049805,-0.5473684072494507,0.022556394338607788,0.00032154592918232083,-0.000614846299868077
vit_base_patch16_224,pit_b_224,consensus,25,ILSVRC2012_val_00039253.JPEG,0.06616542488336563,0.052631594240665436,-0.8360902070999146,-0.834586501121521,-0.7699248790740967,-0.7383458614349365,0.30225563049316406,-0.00025817975983954966,-0.00024543702602386475
vit_base_patch16_224,pit_b_224,shuffled_semantic,24,ILSVRC2012_val_00039130.JPEG,-0.20451128482818604,-0.2030075341463089,0.13684213161468506,0.20451126992702484,0.18796992301940918,0.2165413498878479,0.3684210479259491,-0.00032494982588104904,0.00016471921117044985
vit_base_patch16_224,pit_b_224,shuffled_semantic,25,ILSVRC2012_val_00039253.JPEG,-0.29323306679725647,-0.28721803426742554,0.09323307126760483,0.10676690936088562,0.19548872113227844,0.2210526317358017,0.012030072510242462,-0.00041243695886805654,0.0005116220563650131
vit_base_patch16_224,pit_b_224,permuted_score,24,ILSVRC2012_val_00039130.JPEG,-0.36691731214523315,-0.37593984603881836,0.15789474546909332,0.2210526168346405,0.26466163992881775,0.28421053290367126,-0.060150355100631714,-0.000376273033907637,9.459024295210838e-05
vit_base_patch16_224,pit_b_224,permuted_score,25,ILSVRC2012_val_00039253.JPEG,-0.15037593245506287,-0.10676690936088562,0.0030075088143348694,-0.0075188130140304565,0.0030075088143348694,-0.022556405514478683,0.17443612217903137,-0.0003725062997546047,-0.0010779545409604907
vit_base_patch16_224,pit_b_224,phase,26,ILSVRC2012_val_00039290.JPEG,-0.2075187861919403,-0.1849624067544937,-0.6691729426383972,-0.6706767082214355,-0.5654135346412659,-0.5654135346412659,-0.4060150384902954,-0.0002612692769616842,0.0003587415849324316
vit_base_patch16_224,pit_b_224,phase,27,ILSVRC2012_val_00039421.JPEG,0.45864659547805786,0.4481203258037567,-0.010526306927204132,0.04812030494213104,-0.4000000059604645,-0.30075186491012573,0.44511279463768005,0.0008167737978510559,-0.0007584836566820741
vit_base_patch16_224,pit_b_224,flip,26,ILSVRC2012_val_00039290.JPEG,-0.0691729485988617,-0.06766919046640396,-0.35639095306396484,-0.3684210479259491,-0.3909774422645569,-0.3909774422645569,0.022556379437446594,-0.0011544210137799382,-2.0834664610447362e-05
vit_base_patch16_224,pit_b_224,flip,27,ILSVRC2012_val_00039421.JPEG,0.006015032529830933,-0.06015037000179291,-0.08872181922197342,-0.09323309361934662,-0.019548874348402023,0.03759398311376572,0.36240601539611816,6.39202116872184e-05,0.000297795602818951
vit_base_patch16_224,pit_b_224,consensus,26,ILSVRC2012_val_00039290.JPEG,-0.1894736886024475,-0.1714285910129547,-0.5804510712623596,-0.5849623680114746,-0.5263158082962036,-0.5263158082962036,-0.2631579041481018,-0.0011544208973646164,0.0004066438414156437
vit_base_patch16_224,pit_b_224,consensus,27,ILSVRC2012_val_00039421.JPEG,0.055639080703258514,0.015037581324577332,-0.05413533002138138,-0.018045105040073395,-0.10375940054655075,-0.007518790662288666,0.44962406158447266,8.35690661915578e-05,-0.000266326213022694
vit_base_patch16_224,pit_b_224,shuffled_semantic,26,ILSVRC2012_val_00039290.JPEG,0.19849622249603271,0.21052631735801697,-0.29323309659957886,-0.31127819418907166,-0.4000000059604645,-0.4000000059604645,0.08872180432081223,-0.00045147768105380237,-0.0015748232835903764
vit_base_patch16_224,pit_b_224,shuffled_semantic,27,ILSVRC2012_val_00039421.JPEG,-0.03759397566318512,-0.03759397566318512,0.18646615743637085,0.2030075043439865,0.16090227663516998,0.1804511398077011,-0.11127819120883942,-0.0003571275738067925,-0.0003597268951125443
vit_base_patch16_224,pit_b_224,permuted_score,26,ILSVRC2012_val_00039290.JPEG,-0.2857142686843872,-0.27067670226097107,-0.15789474546909332,-0.15939849615097046,-0.05413534492254257,-0.05413534492254257,0.10827067494392395,-0.00023226276971399784,0.000762292358558625
vit_base_patch16_224,pit_b_224,permuted_score,27,ILSVRC2012_val_00039421.JPEG,0.35338348150253296,0.33834588527679443,-0.4240601062774658,-0.3969925045967102,-0.5203007459640503,-0.5323308110237122,0.16842103004455566,0.00047091059968806803,-0.000513697974383831
vit_base_patch16_224,pit_b_224,phase,28,ILSVRC2012_val_00039426.JPEG,-0.09774435311555862,-0.05864660441875458,0.4992481470108032,0.5082706809043884,0.5984962582588196,0.5744360685348511,-0.09924811869859695,-7.672807987546548e-05,0.000137717739562504
vit_base_patch16_224,pit_b_224,phase,29,ILSVRC2012_val_00039464.JPEG,0.20902255177497864,0.2030075192451477,0.5518796443939209,0.5503759384155273,0.43157893419265747,0.45413535833358765,0.18646618723869324,0.00047297534183599055,-0.00047769583761692047
vit_base_patch16_224,pit_b_224,flip,28,ILSVRC2012_val_00039426.JPEG,0.03007522225379944,0.05263160169124603,0.38496237993240356,0.38947367668151855,0.4601503610610962,0.4706766605377197,-0.18045112490653992,-0.00017674072296358645,-0.00015013586380518973
vit_base_patch16_224,pit_b_224,flip,29,ILSVRC2012_val_00039464.JPEG,0.006015021353960037,-0.018045127391815186,0.5458647012710571,0.5428571701049805,0.5007518529891968,0.47669172286987305,-0.3699248135089874,-0.0007495203171856701,-0.0009436186519451439
vit_base_patch16_224,pit_b_224,consensus,28,ILSVRC2012_val_00039426.JPEG,-0.052631571888923645,-0.027067676186561584,0.5428571105003357,0.5563910007476807,0.6466165781021118,0.6315789222717285,-0.12330827116966248,-7.672807987546548e-05,-0.00011307897511869669
vit_base_patch16_224,pit_b_224,consensus,29,ILSVRC2012_val_00039464.JPEG,0.1609022617340088,0.14436092972755432,0.6646616458892822,0.6616541147232056,0.587969958782196,0.5789473652839661,0.0,0.0004094718024134636,-0.0006100993487052619
vit_base_patch16_224,pit_b_224,shuffled_semantic,28,ILSVRC2012_val_00039426.JPEG,-0.3879699110984802,-0.2947368323802948,0.11278194189071655,0.12481201440095901,0.22706766426563263,0.2586466073989868,-0.10225562751293182,-0.0005471572512760758,0.00047866159002296627
vit_base_patch16_224,pit_b_224,shuffled_semantic,29,ILSVRC2012_val_00039464.JPEG,-0.010526329278945923,0.018045097589492798,-0.4255639314651489,-0.4150376319885254,-0.3593985140323639,-0.34887218475341797,0.138345867395401,-0.0004898920888081193,-0.00044406121014617383
vit_base_patch16_224,pit_b_224,permuted_score,28,ILSVRC2012_val_00039426.JPEG,0.024060145020484924,0.04360899329185486,-0.051127851009368896,-0.03609025478363037,-0.03157895803451538,-0.025563940405845642,0.20451128482818604,0.0003970199322793633,0.00026925766724161804
vit_base_patch16_224,pit_b_224,permuted_score,29,ILSVRC2012_val_00039464.JPEG,0.4045112729072571,0.41203004121780396,-0.30676689743995667,-0.31578946113586426,-0.41654133796691895,-0.4150375723838806,0.0511278361082077,0.0003756059450097382,-0.0008392598829232156
vit_base_patch16_224,pit_b_224,phase,30,ILSVRC2012_val_00039490.JPEG,-0.09323307871818542,-0.10075189173221588,-0.2345864623785019,-0.24661654233932495,-0.28270676732063293,-0.28270676732063293,0.17443609237670898,0.0010375191923230886,7.542446110164747e-05
vit_base_patch16_224,pit_b_224,phase,31,ILSVRC2012_val_00039737.JPEG,0.5609022378921509,0.5278195142745972,-0.19097745418548584,-0.19097745418548584,-0.3233082592487335,-0.28270676732063293,-0.031578972935676575,0.0005567998741753399,-0.0011032730108126998
vit_base_patch16_224,pit_b_224,flip,30,ILSVRC2012_val_00039490.JPEG,0.33834585547447205,0.2992480993270874,-0.3142856955528259,-0.344360888004303,-0.43007516860961914,-0.43007516860961914,0.40751880407333374,0.0007583360420539975,-0.0005487473681569099
vit_base_patch16_224,pit_b_224,flip,31,ILSVRC2012_val_00039737.JPEG,-0.10977442562580109,-0.12330827862024307,-0.32030072808265686,-0.32030072808265686,-0.21954888105392456,-0.20451126992702484,0.046616531908512115,-0.0001845175720518455,-0.000787807279266417
vit_base_patch16_224,pit_b_224,consensus,30,ILSVRC2012_val_00039490.JPEG,0.08571428060531616,0.07067668437957764,-0.2857142686843872,-0.31578946113586426,-0.3924812078475952,-0.3924812078475952,0.3082706928253174,0.0014000233495607972,-0.00032370761618949473
vit_base_patch16_224,pit_b_224,consensus,31,ILSVRC2012_val_00039737.JPEG,0.2917293310165405,0.27969926595687866,-0.40451130270957947,-0.40451130270957947,-0.43157893419265747,-0.3879699110984802,0.028571423143148422,0.00042144610779359937,-0.0009177379542961717
vit_base_patch16_224,pit_b_224,shuffled_semantic,30,ILSVRC2012_val_00039490.JPEG,-0.35187971591949463,-0.3172932267189026,-0.04060148447751999,0.025563932955265045,-0.02857140824198723,-0.02857140824198723,-0.033082690089941025,-0.0007328471401706338,0.0008943855646066368
vit_base_patch16_224,pit_b_224,shuffled_semantic,31,ILSVRC2012_val_00039737.JPEG,0.04661652445793152,0.13533833622932434,0.3142857551574707,0.3142857551574707,0.32481205463409424,0.24812030792236328,-0.24661652743816376,4.569122029352002e-05,-0.0007773995748721063
vit_base_patch16_224,pit_b_224,permuted_score,30,ILSVRC2012_val_00039490.JPEG,0.40902256965637207,0.3699248135089874,0.09323309361934662,0.1518796980381012,-0.10827068984508514,-0.10827068984508514,0.3187969923019409,0.0016495249001309276,-0.0003316871006973088
vit_base_patch16_224,pit_b_224,permuted_score,31,ILSVRC2012_val_00039737.JPEG,-0.1699248105287552,-0.20000000298023224,0.060150355100631714,0.060150355100631714,0.2030075192451477,0.2706766724586487,-0.11578945815563202,-0.0008432341855950654,0.00019575376063585281
vit_base_patch16_224,pit_b_224,phase,32,ILSVRC2012_val_00039746.JPEG,0.3503759205341339,0.29323306679725647,0.4496240019798279,0.4375939667224884,0.46315789222717285,0.43458646535873413,0.036090247333049774,0.0005995677202008665,-0.00043153116712346673
vit_base_patch16_224,pit_b_224,phase,33,ILSVRC2012_val_00039748.JPEG,-0.14586466550827026,-0.09473685175180435,0.0015037618577480316,0.054135337471961975,0.0045112669467926025,0.0030075088143348694,-0.07669172435998917,-0.000324498483678326,-5.237069126451388e-05
vit_base_patch16_224,pit_b_224,flip,32,ILSVRC2012_val_00039746.JPEG,-0.44962406158447266,-0.48120298981666565,0.09473684430122375,0.06616540253162384,0.2345864623785019,0.2571428418159485,-0.23609022796154022,-0.00028406488127075136,4.181466283625923e-05
vit_base_patch16_224,pit_b_224,flip,33,ILSVRC2012_val_00039748.JPEG,-0.01954887993633747,-0.07518798112869263,-0.3458646535873413,-0.3578947186470032,-0.3488721549510956,-0.3413533568382263,-0.10375940799713135,0.00033344654366374016,0.0003356059023644775
vit_base_patch16_224,pit_b_224,consensus,32,ILSVRC2012_val_00039746.JPEG,-0.06315790861845016,-0.10075190663337708,0.30676692724227905,0.2917293310165405,0.4255639314651489,0.4390977621078491,-0.27518796920776367,0.00014165286847855896,-0.0003412167134229094
vit_base_patch16_224,pit_b_224,consensus,33,ILSVRC2012_val_00039748.JPEG,-0.07969924807548523,-0.11278194189071655,-0.31578946113586426,-0.29323306679725647,-0.3864661455154419,-0.3819548487663269,-0.04210526496171951,0.0004198560491204262,0.0003356059023644775
vit_base_patch16_224,pit_b_224,shuffled_semantic,32,ILSVRC2012_val_00039746.JPEG,0.20000000298023224,0.1984962522983551,0.5323308706283569,0.5263158082962036,0.4481202960014343,0.4526315927505493,0.33984965085983276,0.00045609785593114793,-0.0002093451184919104
vit_base_patch16_224,pit_b_224,shuffled_semantic,33,ILSVRC2012_val_00039748.JPEG,0.34887218475341797,0.3323308229446411,-0.4406014680862427,-0.4330826997756958,-0.3624059855937958,-0.34736838936805725,0.05714286118745804,0.0003041681775357574,-0.0005379641661420465
vit_base_patch16_224,pit_b_224,permuted_score,32,ILSVRC2012_val_00039746.JPEG,0.10526315867900848,0.09473683685064316,0.013533838093280792,0.03308269381523132,-0.03458647057414055,-0.0646616518497467,-0.028571441769599915,-3.579095937311649e-05,-0.0005170402000658214
vit_base_patch16_224,pit_b_224,permuted_score,33,ILSVRC2012_val_00039748.JPEG,-0.3834586441516876,-0.32030075788497925,-0.03157894313335419,-0.028571411967277527,0.2165413498878479,0.22406014800071716,0.15789476037025452,-0.00033242517383769155,0.00028830263181589544
vit_base_patch16_224,pit_b_224,phase,34,ILSVRC2012_val_00039815.JPEG,-0.17443609237670898,-0.12481202185153961,0.5007519125938416,0.523308277130127,0.5112782120704651,0.5428571701049805,0.5293233394622803,0.00045381413656286895,0.0005092261708341539
vit_base_patch16_224,pit_b_224,phase,35,ILSVRC2012_val_00039842.JPEG,0.10526318848133087,0.142857164144516,0.12481202185153961,0.1428571492433548,0.12180452793836594,0.11578947305679321,0.5368421077728271,5.046520527685061e-05,0.0002431049942970276
vit_base_patch16_224,pit_b_224,flip,34,ILSVRC2012_val_00039815.JPEG,-0.15338346362113953,-0.10075187683105469,0.23157896101474762,0.2300751805305481,0.3172932267189026,0.34887218475341797,0.1563909947872162,-0.00024581869365647435,-0.00041302471072413027
vit_base_patch16_224,pit_b_224,flip,35,ILSVRC2012_val_00039842.JPEG,0.021052628755569458,0.040601491928100586,0.22857144474983215,0.2030075490474701,0.14135338366031647,0.12781955301761627,0.18045112490653992,5.046520527685061e-05,-4.519993672147393e-05
vit_base_patch16_224,pit_b_224,consensus,34,ILSVRC2012_val_00039815.JPEG,-0.009022563695907593,0.04812031239271164,0.3729323446750641,0.3774436116218567,0.4060150384902954,0.4330826997756958,0.4436090290546417,0.00016619898087810725,-0.00041302471072413027
vit_base_patch16_224,pit_b_224,consensus,35,ILSVRC2012_val_00039842.JPEG,0.08421054482460022,0.09924809634685516,0.07969926297664642,0.06917295604944229,0.05864662304520607,0.0691729187965393,0.42105263471603394,5.046520527685061e-05,8.513386273989454e-05
vit_base_patch16_224,pit_b_224,shuffled_semantic,34,ILSVRC2012_val_00039815.JPEG,0.14586463570594788,0.08421054482460022,-0.10225562751293182,-0.1654135137796402,-0.1563909500837326,-0.19097742438316345,-0.5172932147979736,0.0005412230384536088,-4.271380748832598e-05
vit_base_patch16_224,pit_b_224,shuffled_semantic,35,ILSVRC2012_val_00039842.JPEG,-0.5052632093429565,-0.4736842215061188,-0.04962405562400818,-0.028571434319019318,0.15939849615097046,0.2030075192451477,0.0015037395060062408,-0.0003245320694986731,0.0004098711651749909
vit_base_patch16_224,pit_b_224,permuted_score,34,ILSVRC2012_val_00039815.JPEG,-0.15037596225738525,-0.10977444052696228,0.442105233669281,0.4706766605377197,0.4330827295780182,0.446616530418396,0.5984961986541748,0.000538948574103415,0.0005541892605833709
vit_base_patch16_224,pit_b_224,permuted_score,35,ILSVRC2012_val_00039842.JPEG,0.1834586262702942,0.12180450558662415,0.11879698932170868,0.11127819120883942,0.1473684310913086,0.16842105984687805,0.016541339457035065,-4.88433288410306e-05,-0.00018486026965547353
vit_base_patch16_224,pit_b_224,phase,36,ILSVRC2012_val_00039892.JPEG,-0.13684211671352386,-0.0736842080950737,0.3488721549510956,0.3263157904148102,0.3729323148727417,0.3879699110984802,-0.007518790662288666,0.00039320680662058294,-6.627333641517907e-05
vit_base_patch16_224,pit_b_224,phase,37,ILSVRC2012_val_00039939.JPEG,-0.2676691710948944,-0.19548869132995605,0.0015037581324577332,3.725290298461914e-09,0.13984964787960052,0.11278197169303894,0.09473685920238495,-0.0008342321962118149,-0.0004356775607448071
vit_base_patch16_224,pit_b_224,flip,36,ILSVRC2012_val_00039892.JPEG,-0.09022556990385056,0.07218046486377716,-0.31278195977211,-0.3503759503364563,-0.3413533866405487,-0.3263157904148102,0.07518796622753143,0.00045685749500989914,-0.00014429712609853595
vit_base_patch16_224,pit_b_224,flip,37,ILSVRC2012_val_00039939.JPEG,-0.4751880168914795,-0.5413534045219421,0.3729323148727417,0.31127822399139404,0.4917293190956116,0.47819551825523376,0.009022578597068787,-0.0007965103141032159,0.00047679731505922973
vit_base_patch16_224,pit_b_224,consensus,36,ILSVRC2012_val_00039892.JPEG,-0.055639106780290604,0.10977445542812347,0.01052631065249443,-0.015037599951028824,-0.0030075088143348694,0.009022567421197891,-0.09774436056613922,0.00039424863643944263,-0.0001922274095704779
vit_base_patch16_224,pit_b_224,consensus,37,ILSVRC2012_val_00039939.JPEG,-0.45413535833358765,-0.4796992540359497,0.3172932267189026,0.28872179985046387,0.4135338366031647,0.3954887390136719,0.09323307126760483,-0.0009708247962407768,-0.0003406282630749047
vit_base_patch16_224,pit_b_224,shuffled_semantic,36,ILSVRC2012_val_00039892.JPEG,-0.13984963297843933,-0.10526315122842789,0.10075189918279648,0.10676689445972443,0.16240602731704712,0.1894736886024475,-0.08872181177139282,-0.00012365686416160315,-1.869369407359045e-05
vit_base_patch16_224,pit_b_224,shuffled_semantic,37,ILSVRC2012_val_00039939.JPEG,-0.028571441769599915,0.09924811869859695,-0.4195488691329956,-0.4150375723838806,-0.13984961807727814,-0.156390979886055,-0.2436090111732483,-0.0005087230238132179,-0.0005798530182801187
vit_base_patch16_224,pit_b_224,permuted_score,36,ILSVRC2012_val_00039892.JPEG,0.0781954824924469,0.07969924807548523,0.09924812614917755,0.09172933548688889,0.048120297491550446,0.0691729187965393,-0.24210524559020996,-0.0001299570285482332,-0.0008080382831394672
vit_base_patch16_224,pit_b_224,permuted_score,37,ILSVRC2012_val_00039939.JPEG,-0.004511276260018349,0.23458647727966309,-0.14436089992523193,-0.12781955301761627,-0.18345864117145538,-0.1984962522983551,-0.027067672461271286,0.00025119073688983917,-0.0006741434335708618
vit_base_patch16_224,pit_b_224,phase,38,ILSVRC2012_val_00040016.JPEG,-0.35639098286628723,-0.3639097511768341,0.18195489048957825,0.23308271169662476,0.24360904097557068,0.26917293667793274,0.10977443307638168,-0.00018779980018734932,0.000920404156204313
vit_base_patch16_224,pit_b_224,phase,39,ILSVRC2012_val_00040140.JPEG,0.16992484033107758,0.18796992301940918,0.5924811959266663,0.583458662033081,0.5293233394622803,0.5278195142745972,0.17744357883930206,0.00022518470359500498,-7.860125333536416e-05
vit_base_patch16_224,pit_b_224,flip,38,ILSVRC2012_val_00040016.JPEG,-0.0601503886282444,-0.04812030494213104,-0.5639097690582275,-0.5654135346412659,-0.48571425676345825,-0.47218042612075806,0.05563909932971001,0.00031662435503676534,0.0004492198640946299
vit_base_patch16_224,pit_b_224,flip,39,ILSVRC2012_val_00040140.JPEG,0.19699248671531677,0.20902255177497864,0.22857141494750977,0.22706766426563263,0.19548870623111725,0.21503758430480957,-0.20150376856327057,0.00011492299381643534,-0.000348105764715001
vit_base_patch16_224,pit_b_224,consensus,38,ILSVRC2012_val_00040016.JPEG,-0.28721803426742554,-0.2902255654335022,-0.21353381872177124,-0.1654135286808014,-0.11127820611000061,-0.06766919791698456,0.09473685920238495,-0.00023660482838749886,0.00039330613799393177
vit_base_patch16_224,pit_b_224,consensus,39,ILSVRC2012_val_00040140.JPEG,0.1939849704504013,0.25112783908843994,0.5052631497383118,0.49473682045936584,0.43157893419265747,0.4421052634716034,0.1609022617340088,9.603481885278597e-05,-0.00010963296517729759
vit_base_patch16_224,pit_b_224,shuffled_semantic,38,ILSVRC2012_val_00040016.JPEG,-0.04962407052516937,0.042105257511138916,-0.06616540998220444,-0.01654134690761566,-0.07518796622753143,-0.058646611869335175,0.28421053290367126,0.00011946968879783526,-0.0002245977520942688
vit_base_patch16_224,pit_b_224,shuffled_semantic,39,ILSVRC2012_val_00040140.JPEG,0.2075188010931015,0.15939848124980927,0.320300817489624,0.2992481589317322,0.3263157606124878,0.3323308229446411,-0.3503759503364563,4.6083470806479454e-05,-0.0003280264209024608
vit_base_patch16_224,pit_b_224,permuted_score,38,ILSVRC2012_val_00040016.JPEG,-0.13984963297843933,-0.15187972784042358,-0.30526313185691833,-0.2661653757095337,-0.2706766724586487,-0.24661652743816376,0.27368423342704773,-0.0005229650414548814,0.00033225351944565773
vit_base_patch16_224,pit_b_224,permuted_score,39,ILSVRC2012_val_00040140.JPEG,-0.17593985795974731,-0.23759400844573975,-0.1428571343421936,-0.16842103004455566,-0.09473682940006256,-0.10375939309597015,-0.24360904097557068,9.477988351136446e-05,0.00014124589506536722
vit_base_patch16_224,pit_b_224,phase,40,ILSVRC2012_val_00040221.JPEG,0.14887219667434692,0.04812029376626015,-0.1518796980381012,-0.15338343381881714,-0.23157896101474762,-0.19248121976852417,0.2962406277656555,9.00093509699218e-05,-0.0006397344404831529
vit_base_patch16_224,pit_b_224,phase,41,ILSVRC2012_val_00040291.JPEG,0.07067667692899704,0.1473684161901474,0.3879699110984802,0.37443608045578003,0.48270678520202637,0.48270678520202637,0.26466163992881775,0.0004618970851879567,-5.170982603885932e-06
vit_base_patch16_224,pit_b_224,flip,40,ILSVRC2012_val_00040221.JPEG,-0.02706766128540039,-0.15789473056793213,-0.6827067136764526,-0.6631579399108887,-0.5413534045219421,-0.5082706809043884,-0.17593984305858612,-0.0006783787393942475,0.00035235771792940795
vit_base_patch16_224,pit_b_224,flip,41,ILSVRC2012_val_00040291.JPEG,0.09774436056613922,0.0736842155456543,-0.5293232798576355,-0.5127819180488586,-0.5278195142745972,-0.5278195142745972,-0.09924811124801636,6.791008490836248e-05,-2.4157576262950897e-05
vit_base_patch16_224,pit_b_224,consensus,40,ILSVRC2012_val_00040221.JPEG,-0.05864661931991577,-0.18195489048957825,-0.5308271050453186,-0.5052631497383118,-0.4406014680862427,-0.3969924747943878,0.00300753116607666,-0.0011923089623451233,0.0003132350684609264
vit_base_patch16_224,pit_b_224,consensus,41,ILSVRC2012_val_00040291.JPEG,0.20000000298023224,0.2676691710948944,-0.09774437546730042,-0.08721807599067688,0.010526299476623535,0.010526299476623535,0.24210524559020996,0.0005562314763665199,-6.183506775414571e-05
vit_base_patch16_224,pit_b_224,shuffled_semantic,40,ILSVRC2012_val_00040221.JPEG,-0.1804511398077011,-0.14135339856147766,0.41804513335227966,0.4601503908634186,0.4616541266441345,0.46917295455932617,0.052631571888923645,-0.0009216111502610147,-0.00032123291748575866
vit_base_patch16_224,pit_b_224,shuffled_semantic,41,ILSVRC2012_val_00040291.JPEG,-0.17593985795974731,-0.18646618723869324,0.12481202185153961,0.12030075490474701,0.12030075490474701,0.12030075490474701,0.09022555500268936,-9.593945287633687e-05,9.481255256105214e-05
vit_base_patch16_224,pit_b_224,permuted_score,40,ILSVRC2012_val_00040221.JPEG,-0.5127819776535034,-0.40751883387565613,-0.23157896101474762,-0.26466166973114014,0.025563925504684448,-0.012030050158500671,-0.5954887270927429,-0.0011512648779898882,0.001088877092115581
vit_base_patch16_224,pit_b_224,permuted_score,41,ILSVRC2012_val_00040291.JPEG,-0.2992480993270874,-0.35639095306396484,-0.10225562751293182,-0.05864660069346428,-0.06616540998220444,-0.06616540998220444,0.23458647727966309,-0.00017701891192700714,0.00034462063922546804
vit_base_patch16_224,pit_b_224,phase,42,ILSVRC2012_val_00040345.JPEG,-0.06616540253162384,-0.01804511249065399,-0.651127815246582,-0.6616541147232056,-0.6992481350898743,-0.6977443695068359,0.8360902070999146,4.544165130937472e-05,-0.0001541586680104956
vit_base_patch16_224,pit_b_224,phase,43,ILSVRC2012_val_00040407.JPEG,-0.0691729262471199,-0.11879698932170868,-0.33984965085983276,-0.3233082890510559,-0.24060150980949402,-0.2030075341463089,0.05263160914182663,-0.00031335800304077566,-0.0002460349351167679
vit_base_patch16_224,pit_b_224,flip,42,ILSVRC2012_val_00040345.JPEG,-0.621052622795105,-0.6932330131530762,0.17744359374046326,0.16842104494571686,0.29774436354637146,0.2721804678440094,-0.09924812614917755,-0.0007845518994145095,0.00019654650532174855
vit_base_patch16_224,pit_b_224,flip,43,ILSVRC2012_val_00040407.JPEG,0.15488721430301666,0.1338346004486084,-0.7338346242904663,-0.7172932624816895,-0.8045112490653992,-0.7714285850524902,-0.08872178941965103,-0.00013992340245749801,-0.0003893187385983765
vit_base_patch16_224,pit_b_224,consensus,42,ILSVRC2012_val_00040345.JPEG,-0.3969925045967102,-0.3999999761581421,-0.5548872351646423,-0.5699247717857361,-0.5127819180488586,-0.5203007459640503,0.5984962582588196,-0.00045891889021731913,0.00021827445016242564
vit_base_patch16_224,pit_b_224,consensus,43,ILSVRC2012_val_00040407.JPEG,-0.019548870623111725,-0.05413533002138138,-0.5142857432365417,-0.49624061584472656,-0.4526315927505493,-0.41203010082244873,0.05263161659240723,-8.789375715423375e-05,-0.0002460349351167679
vit_base_patch16_224,pit_b_224,shuffled_semantic,42,ILSVRC2012_val_00040345.JPEG,-0.18947365880012512,-0.16240599751472473,-0.05413533002138138,-0.09774435311555862,-0.0827067494392395,-0.0646616518497467,0.1849624216556549,2.4843402570695616e-05,-4.180390533292666e-05
vit_base_patch16_224,pit_b_224,shuffled_semantic,43,ILSVRC2012_val_00040407.JPEG,-0.1428571194410324,-0.08872180432081223,0.1744360774755478,0.15789473056793213,0.1894736886024475,0.14135338366031647,0.08270677179098129,9.57116499193944e-05,1.4989078408689238e-05
vit_base_patch16_224,pit_b_224,permuted_score,42,ILSVRC2012_val_00040345.JPEG,0.30225563049316406,0.20601503551006317,0.5518797039985657,0.5353383421897888,0.5142857432365417,0.514285683631897,-0.6285714507102966,9.27019846130861e-06,-0.0002463206765241921
vit_base_patch16_224,pit_b_224,permuted_score,43,ILSVRC2012_val_00040407.JPEG,-0.24210526049137115,-0.2255639135837555,-0.5248120427131653,-0.5127819776535034,-0.31578946113586426,-0.3082706928253174,0.0045112743973731995,-0.00040949249523691833,-0.00022269021428655833
vit_base_patch16_224,pit_b_224,phase,44,ILSVRC2012_val_00040452.JPEG,-0.24661654233932495,-0.2616541385650635,0.3097744584083557,0.3007518947124481,0.2616541385650635,0.24360904097557068,-0.4796992540359497,-0.0017540667904540896,0.0002484746219124645
vit_base_patch16_224,pit_b_224,phase,45,ILSVRC2012_val_00040457.JPEG,-0.037593990564346313,-0.024060159921646118,-0.7969924807548523,-0.7894737124443054,-0.8120300769805908,-0.7969925403594971,0.016541343182325363,-0.0003299109812360257,0.0006944131455384195
vit_base_patch16_224,pit_b_224,flip,44,ILSVRC2012_val_00040452.JPEG,0.01804511249065399,-0.027067668735980988,0.2796992361545563,0.3097744286060333,0.2541353106498718,0.2526315748691559,-0.04210526496171951,-0.0004783116455655545,-0.00030854271608404815
vit_base_patch16_224,pit_b_224,flip,45,ILSVRC2012_val_00040457.JPEG,-0.01654135435819626,0.013533830642700195,-0.723308265209198,-0.7263157963752747,-0.7142857313156128,-0.7037594318389893,0.21954888105392456,-0.0002859290689229965,0.001029576756991446
vit_base_patch16_224,pit_b_224,consensus,44,ILSVRC2012_val_00040452.JPEG,-0.051127828657627106,-0.08872180432081223,0.3578947186470032,0.3834586441516876,0.2481202781200409,0.23308269679546356,-0.42255640029907227,-0.00028074532747268677,-0.0006010711076669395
vit_base_patch16_224,pit_b_224,consensus,45,ILSVRC2012_val_00040457.JPEG,-0.0691729336977005,-0.05413535237312317,-0.7744361162185669,-0.7684210538864136,-0.7654135227203369,-0.7503759860992432,0.05413534864783287,-0.0003769155591726303,0.001054404303431511
vit_base_patch16_224,pit_b_224,shuffled_semantic,44,ILSVRC2012_val_00040452.JPEG,-0.015037596225738525,-0.022556398063898087,0.012030065059661865,-0.007518809288740158,-0.06616540253162384,-0.06766916811466217,0.17744362354278564,-0.0008739441982470453,-0.0006467021885327995
vit_base_patch16_224,pit_b_224,shuffled_semantic,45,ILSVRC2012_val_00040457.JPEG,0.1293233036994934,0.12180449813604355,-0.276691734790802,-0.2947368621826172,-0.39849627017974854,-0.4135338366031647,0.09473684430122375,-0.0005484294379130006,-0.0008796900510787964
vit_base_patch16_224,pit_b_224,permuted_score,44,ILSVRC2012_val_00040452.JPEG,0.5939849615097046,0.6165413856506348,-0.4060150384902954,-0.4090225100517273,-0.518796980381012,-0.5248120427131653,0.11127820611000061,0.0006724819540977478,-0.0011766217648983002
vit_base_patch16_224,pit_b_224,permuted_score,45,ILSVRC2012_val_00040457.JPEG,-0.03308270871639252,0.0045112669467926025,-0.6661654114723206,-0.6751879453659058,-0.8225563764572144,-0.8195489048957825,0.3308270573616028,-0.0004345752240624279,-0.0007458221516571939
vit_base_patch16_224,pit_b_224,phase,46,ILSVRC2012_val_00040494.JPEG,0.1578947901725769,0.13082709908485413,-0.07218044996261597,-0.07067668437957764,-0.03007519245147705,-0.03458647429943085,0.3999999761581421,-0.0020335358567535877,-0.0006228316924534738
vit_base_patch16_224,pit_b_224,phase,47,ILSVRC2012_val_00040541.JPEG,0.23308269679546356,0.2300751954317093,-0.04360901564359665,-0.03308270126581192,-0.12330827116966248,-0.09323307126760483,-0.0736841931939125,0.00037312638596631587,0.0004376772849354893
vit_base_patch16_224,pit_b_224,flip,46,ILSVRC2012_val_00040494.JPEG,-0.13082706928253174,-0.14887219667434692,-0.10676690936088562,-0.10075186938047409,-0.13533833622932434,-0.15037593245506287,0.34436091780662537,-0.001925441320054233,0.000191643470316194
vit_base_patch16_224,pit_b_224,flip,47,ILSVRC2012_val_00040541.JPEG,0.05263156443834305,0.0691729187965393,0.01954888552427292,0.009022578597068787,0.01353384554386139,-0.0135338194668293,0.055639103055000305,2.1059811842860654e-05,-0.0005769407725892961
vit_base_patch16_224,pit_b_224,consensus,46,ILSVRC2012_val_00040494.JPEG,0.10827067494392395,0.08872182667255402,0.00300753116607666,0.0060150399804115295,-0.04210525378584862,-0.05413532629609108,0.44962403178215027,-0.0021683548111468554,-0.0005448252195492387
vit_base_patch16_224,pit_b_224,consensus,47,ILSVRC2012_val_00040541.JPEG,0.19699248671531677,0.20601502060890198,-0.03157894313335419,-0.03609021008014679,-0.10075188428163528,-0.07969924807548523,0.0,0.0005400939262472093,0.0004376772849354893
vit_base_patch16_224,pit_b_224,shuffled_semantic,46,ILSVRC2012_val_00040494.JPEG,0.10827064514160156,0.08721804618835449,-0.02706768922507763,-0.040601521730422974,-0.11127819120883942,-0.12481202930212021,0.15338346362113953,-0.002892817137762904,-0.00044309275108389556
vit_base_patch16_224,pit_b_224,shuffled_semantic,47,ILSVRC2012_val_00040541.JPEG,0.18345864117145538,0.1834586262702942,-0.03308270126581192,-0.01654134690761566,-0.02105262130498886,-0.009022533893585205,0.19699245691299438,0.000369771383702755,-0.000876743346452713
vit_base_patch16_224,pit_b_224,permuted_score,46,ILSVRC2012_val_00040494.JPEG,-0.01503761112689972,0.04661653935909271,-0.23909775912761688,-0.2526315748691559,-0.3097744584083557,-0.30225563049316406,-0.36240601539611816,0.0003429342177696526,-0.00013207345909904689
vit_base_patch16_224,pit_b_224,permuted_score,47,ILSVRC2012_val_00040541.JPEG,0.0045112911611795425,0.08120301365852356,-0.21052631735801697,-0.2120300531387329,-0.12180452048778534,-0.138345867395401,-0.18947365880012512,0.0002635724958963692,-0.00020384286472108215
vit_base_patch16_224,pit_b_224,phase,48,ILSVRC2012_val_00040601.JPEG,-0.08571429550647736,-0.11879701912403107,-0.36992478370666504,-0.38345861434936523,-0.4646616578102112,-0.43909770250320435,-0.2962406277656555,0.00037620263174176216,0.0006956001161597669
vit_base_patch16_224,pit_b_224,phase,49,ILSVRC2012_val_00040634.JPEG,-0.19248120486736298,-0.1563909649848938,0.36691731214523315,0.35187968611717224,0.3729323446750641,0.39398497343063354,0.11729323118925095,9.712353494251147e-05,0.00025819428265094757
vit_base_patch16_224,pit_b_224,flip,48,ILSVRC2012_val_00040601.JPEG,0.007518790662288666,-0.10075189173221588,-0.5518796443939209,-0.548872172832489,-0.6751879453659058,-0.6390977501869202,-0.4105263352394104,-6.528976518893614e-05,-0.0007005588267929852
vit_base_patch16_224,pit_b_224,flip,49,ILSVRC2012_val_00040634.JPEG,-0.2300751805305481,-0.2706766724586487,-0.18796993792057037,-0.19097745418548584,-0.15939849615097046,-0.13233083486557007,0.25112780928611755,-0.003319923300296068,9.850860078586265e-05
vit_base_patch16_224,pit_b_224,consensus,48,ILSVRC2012_val_00040601.JPEG,-0.03909773379564285,-0.10225563496351242,-0.4932330846786499,-0.5052631497383118,-0.6045112609863281,-0.5729323625564575,-0.35338345170021057,0.00028741947608068585,-0.0009483768953941762
vit_base_patch16_224,pit_b_224,consensus,49,ILSVRC2012_val_00040634.JPEG,-0.272180438041687,-0.27819544076919556,0.09774433076381683,0.06766914576292038,0.06165412813425064,0.0917293131351471,0.2992481291294098,-0.0032192659564316273,0.0003091212420258671
vit_base_patch16_224,pit_b_224,shuffled_semantic,48,ILSVRC2012_val_00040601.JPEG,-0.009022548794746399,0.024060174822807312,-0.3593984842300415,-0.35639095306396484,-0.3503759503364563,-0.3819549083709717,-0.3578947186470032,0.0002005810383707285,-0.0009233626769855618
vit_base_patch16_224,pit_b_224,shuffled_semantic,49,ILSVRC2012_val_00040634.JPEG,0.060150373727083206,0.03609023243188858,-0.13984963297843933,-0.1609022617340088,-0.1473684310913086,-0.1789473593235016,0.15789473056793213,-0.00024772511096671224,-0.0031422630418092012
vit_base_patch16_224,pit_b_224,permuted_score,48,ILSVRC2012_val_00040601.JPEG,-0.05563909560441971,-0.00300753116607666,0.32030075788497925,0.3187969923019409,0.43909773230552673,0.4345865249633789,0.14436089992523193,-0.0011614746181294322,0.00018978235311806202
vit_base_patch16_224,pit_b_224,permuted_score,49,ILSVRC2012_val_00040634.JPEG,0.18947367370128632,0.18045112490653992,-0.4977443814277649,-0.446616530418396,-0.4646616578102112,-0.41654133796691895,-0.2030075490474701,-0.0001888018159661442,-0.0001910660503199324
vit_base_patch16_224,pit_b_224,phase,50,ILSVRC2012_val_00040798.JPEG,-0.0691729485988617,-0.07218044996261597,-0.3037593960762024,-0.29323306679725647,-0.3052631616592407,-0.3398496210575104,0.15789471566677094,-0.00040161944343708456,-0.0003205133543815464
vit_base_patch16_224,pit_b_224,phase,51,ILSVRC2012_val_00040930.JPEG,-0.25563907623291016,-0.2526315748691559,0.6902256011962891,0.6977443695068359,0.6406015157699585,0.6751879453659058,0.15037593245506287,-0.0007069649291224778,4.242849536240101e-05
vit_base_patch16_224,pit_b_224,flip,50,ILSVRC2012_val_00040798.JPEG,0.22255638241767883,0.2541353404521942,-0.4706767201423645,-0.42706769704818726,-0.5789473652839661,-0.5518796443939209,-0.40751880407333374,0.00034637629869394004,-0.0004956577904522419
vit_base_patch16_224,pit_b_224,flip,51,ILSVRC2012_val_00040930.JPEG,-0.16090227663516998,-0.08571427315473557,0.45263156294822693,0.4661653935909271,0.47669169306755066,0.45413529872894287,-0.11428569257259369,5.7274755818070844e-05,4.242849536240101e-05
vit_base_patch16_224,pit_b_224,consensus,50,ILSVRC2012_val_00040798.JPEG,-0.07518796622753143,-0.06616539508104324,-0.612030029296875,-0.6060149669647217,-0.6165413856506348,-0.6285713911056519,-0.08421052992343903,0.00021237674809526652,1.1517387065396179e-05
vit_base_patch16_224,pit_b_224,consensus,51,ILSVRC2012_val_00040930.JPEG,-0.18796992301940918,-0.1563909649848938,0.6947368383407593,0.6992481350898743,0.6451128125190735,0.6616541147232056,0.16691729426383972,-0.00032585766166448593,4.242849536240101e-05
vit_base_patch16_224,pit_b_224,shuffled_semantic,50,ILSVRC2012_val_00040798.JPEG,-0.024060148745775223,-0.09774436056613922,0.19699248671531677,0.2631579041481018,0.17744360864162445,0.24511276185512543,-0.14135336875915527,-0.0002701910270843655,0.00015870892093516886
vit_base_patch16_224,pit_b_224,shuffled_semantic,51,ILSVRC2012_val_00040930.JPEG,0.2120300680398941,0.20902255177497864,-0.3278195261955261,-0.3458646237850189,-0.26015037298202515,-0.2842105031013489,-0.2902255654335022,-0.00013534692698158324,-2.9871613151044585e-05
vit_base_patch16_224,pit_b_224,permuted_score,50,ILSVRC2012_val_00040798.JPEG,-0.02857142686843872,-0.03308270871639252,-0.25263160467147827,-0.27067673206329346,-0.1939849853515625,-0.16691729426383972,-0.32932329177856445,-0.00030774064362049103,-0.000187204874237068
vit_base_patch16_224,pit_b_224,permuted_score,51,ILSVRC2012_val_00040930.JPEG,-0.10375940799713135,-0.061654120683670044,-0.10526315867900848,-0.13533833622932434,-0.03909774124622345,-0.10075189173221588,-0.0646616518497467,-2.3223785319714807e-05,8.36725375847891e-05
vit_base_patch16_224,pit_b_224,phase,52,ILSVRC2012_val_00040952.JPEG,0.22857142984867096,0.2120300829410553,-0.2541353404521942,-0.2255639135837555,-0.2406015247106552,-0.1984962522983551,0.2075188010931015,0.0010148301953449845,-0.0003279343363828957
vit_base_patch16_224,pit_b_224,phase,53,ILSVRC2012_val_00040966.JPEG,0.12330827116966248,0.15338343381881714,0.45864662528038025,0.40300750732421875,0.1939849555492401,0.17894737422466278,-0.11879700422286987,6.0264395870035514e-05,-0.00032358159660361707
vit_base_patch16_224,pit_b_224,flip,52,ILSVRC2012_val_00040952.JPEG,-0.06766918301582336,-0.11879700422286987,-0.22255638241767883,-0.2210526317358017,-0.23308271169662476,-0.26917290687561035,0.13082705438137054,-9.263828542316332e-05,-0.0003518793673720211
vit_base_patch16_224,pit_b_224,flip,53,ILSVRC2012_val_00040966.JPEG,-0.042105261236429214,-0.03308270126581192,-0.09924812614917755,-0.08721804618835449,-0.0556391142308712,-0.07067669928073883,-0.4736842215061188,9.647686965763569e-05,-0.000320252263918519
vit_base_patch16_224,pit_b_224,consensus,52,ILSVRC2012_val_00040952.JPEG,0.07218045741319656,0.02706766128540039,-0.11127820611000061,-0.09774436056613922,-0.20451125502586365,-0.21503756940364838,0.1383458524942398,0.0005036793882027268,0.00024100393056869507
vit_base_patch16_224,pit_b_224,consensus,53,ILSVRC2012_val_00040966.JPEG,0.09924809634685516,0.1157894879579544,0.16842104494571686,0.15939846634864807,0.027067653834819794,0.009022518992424011,-0.544360876083374,0.00023002973466645926,0.0006663806270807981
vit_base_patch16_224,pit_b_224,shuffled_semantic,52,ILSVRC2012_val_00040952.JPEG,-0.3052631914615631,-0.2812030017375946,-0.45413529872894287,-0.4375939965248108,-0.22706767916679382,-0.22406017780303955,0.2496240735054016,-0.00012488440552260727,0.0004867658135481179
vit_base_patch16_224,pit_b_224,shuffled_semantic,53,ILSVRC2012_val_00040966.JPEG,-0.18045112490653992,-0.17894737422466278,-0.07669171690940857,-0.07969924062490463,-0.03157892823219299,-0.05563908815383911,-0.133834570646286,-0.0006088675581850111,0.0005244266358204186
vit_base_patch16_224,pit_b_224,permuted_score,52,ILSVRC2012_val_00040952.JPEG,-0.5639097690582275,-0.5383458733558655,-0.05413534492254257,-0.04360903799533844,0.3218045234680176,0.31578946113586426,-0.10977442562580109,-0.001162592670880258,0.0011030476307496428
vit_base_patch16_224,pit_b_224,permuted_score,53,ILSVRC2012_val_00040966.JPEG,0.027067668735980988,0.048120301216840744,0.05714285373687744,0.05263157933950424,0.04511279612779617,0.05413535237312317,0.3323308229446411,-0.0008545773453079164,-0.0006314763450063765
vit_base_patch16_224,pit_b_224,phase,54,ILSVRC2012_val_00041010.JPEG,0.0781954824924469,0.11729322373867035,0.06165413185954094,0.06165413185954094,0.0556391179561615,0.045112788677215576,-0.2030075192451477,-0.00014854082837700844,-4.724571408587508e-05
vit_base_patch16_224,pit_b_224,phase,55,ILSVRC2012_val_00041063.JPEG,-0.22255635261535645,-0.1849624216556549,-0.24962404370307922,-0.1939849555492401,-0.11578945815563202,-0.08872179687023163,-0.3684210777282715,-0.0002869742165785283,0.00020408268028404564
vit_base_patch16_224,pit_b_224,flip,54,ILSVRC2012_val_00041010.JPEG,-0.13984961807727814,-0.13984963297843933,-0.3097744286060333,-0.3097744286060333,-0.14887216687202454,-0.18496236205101013,-0.09624059498310089,-5.06727046740707e-05,0.0002351640723645687
vit_base_patch16_224,pit_b_224,flip,55,ILSVRC2012_val_00041063.JPEG,-0.13684213161468506,-0.18195492029190063,-0.3398496210575104,-0.33383458852767944,-0.22706767916679382,-0.22857141494750977,-0.12180449068546295,-0.00042581066372804344,-4.2955765820806846e-05
vit_base_patch16_224,pit_b_224,consensus,54,ILSVRC2012_val_00041010.JPEG,0.025563903152942657,0.05112781748175621,-0.2481202930212021,-0.2481202930212021,-0.1744360774755478,-0.1969924420118332,-0.3142856955528259,-3.552725684130564e-05,-6.421003490686417e-05
vit_base_patch16_224,pit_b_224,consensus,55,ILSVRC2012_val_00041063.JPEG,-0.4240601658821106,-0.4421052932739258,-0.5624060034751892,-0.5248119831085205,-0.34736841917037964,-0.3323308527469635,-0.2210526317358017,-0.00021094809926580638,0.0005502317217178643
vit_base_patch16_224,pit_b_224,shuffled_semantic,54,ILSVRC2012_val_00041010.JPEG,0.052631594240665436,0.12781953811645508,0.19548873603343964,0.19548873603343964,0.12180452048778534,0.09022555500268936,0.37593987584114075,0.00013179882080294192,-8.322810754179955e-05
vit_base_patch16_224,pit_b_224,shuffled_semantic,55,ILSVRC2012_val_00041063.JPEG,-0.03609023988246918,-0.08571430295705795,0.3969925045967102,0.3864661455154419,0.3864661753177643,0.3969925045967102,0.47669175267219543,-0.0003308185550849885,0.00011170022480655462
vit_base_patch16_224,pit_b_224,permuted_score,54,ILSVRC2012_val_00041010.JPEG,0.0827067494392395,0.10977444052696228,-0.21804511547088623,-0.21804511547088623,-0.31127819418907166,-0.3218044936656952,-0.3684210777282715,0.00019048378453589976,-0.0010754283284768462
vit_base_patch16_224,pit_b_224,permuted_score,55,ILSVRC2012_val_00041063.JPEG,0.01503761112689972,-0.058646611869335175,-0.3909774422645569,-0.3864661455154419,-0.39398497343063354,-0.3413533866405487,-0.02406015247106552,-0.00035215867683291435,-0.00025895246653817594
vit_base_patch16_224,pit_b_224,phase,56,ILSVRC2012_val_00041080.JPEG,0.4616541266441345,0.5218045115470886,0.7443609237670898,0.7413533329963684,0.7082706689834595,0.7082706689834595,0.6165413856506348,0.00038476186455227435,-0.00047080061631277204
vit_base_patch16_224,pit_b_224,phase,57,ILSVRC2012_val_00041241.JPEG,0.39398494362831116,0.3684210479259491,0.3879699409008026,0.3097744584083557,0.2902255654335022,0.26466166973114014,0.2030075192451477,0.0007381713367067277,-0.000756754947360605
vit_base_patch16_224,pit_b_224,flip,56,ILSVRC2012_val_00041080.JPEG,0.03759398311376572,0.04962407797574997,0.4045112729072571,0.3819548487663269,0.38947367668151855,0.39398497343063354,0.05112782120704651,2.5494955480098724e-05,-0.000465132761746645
vit_base_patch16_224,pit_b_224,flip,57,ILSVRC2012_val_00041241.JPEG,0.4240601658821106,0.38947367668151855,0.1518797129392624,0.13533835113048553,-0.142857164144516,-0.17593984305858612,-0.054135337471961975,0.0001670458441367373,-2.373708412051201e-05
vit_base_patch16_224,pit_b_224,consensus,56,ILSVRC2012_val_00041080.JPEG,0.3353383541107178,0.38496237993240356,0.8496240377426147,0.8421052694320679,0.839097797870636,0.839097797870636,0.6436090469360352,0.00037644291296601295,-0.0005440392415039241
vit_base_patch16_224,pit_b_224,consensus,57,ILSVRC2012_val_00041241.JPEG,0.5323308706283569,0.5067669153213501,0.2902255654335022,0.2676692008972168,-0.010526329278945923,-0.045112788677215576,0.05563908815383911,0.0006192700820975006,-0.0003389746998436749
vit_base_patch16_224,pit_b_224,shuffled_semantic,56,ILSVRC2012_val_00041080.JPEG,-0.12481202185153961,-0.09022554755210876,0.14887219667434692,0.15939849615097046,0.14586466550827026,0.12631580233573914,-0.028571434319019318,-0.00033965372131206095,-0.0001524647668702528
vit_base_patch16_224,pit_b_224,shuffled_semantic,57,ILSVRC2012_val_00041241.JPEG,-0.2390977144241333,-0.29323309659957886,-0.11879698187112808,-0.09473682940006256,-0.20902256667613983,-0.20150376856327057,-0.19097740948200226,-0.0008537901449017227,0.00016133394092321396
vit_base_patch16_224,pit_b_224,permuted_score,56,ILSVRC2012_val_00041080.JPEG,0.0646616667509079,0.06616541743278503,0.5052632093429565,0.5082706809043884,0.5413534641265869,0.5488722324371338,0.6872180700302124,0.00016960622451733798,-0.00018226541578769684
vit_base_patch16_224,pit_b_224,permuted_score,57,ILSVRC2012_val_00041241.JPEG,0.15939849615097046,0.22406016290187836,0.34285715222358704,0.27067670226097107,0.31578946113586426,0.27368420362472534,0.1609022617340088,-0.00033271583379246294,-0.0009433552622795105
vit_base_patch16_224,pit_b_224,phase,58,ILSVRC2012_val_00041354.JPEG,0.18796993792057037,0.1518796980381012,-0.47218042612075806,-0.47218042612075806,-0.46917295455932617,-0.4796992540359497,0.23759397864341736,-0.0002680726465769112,-0.0005767364054918289
vit_base_patch16_224,pit_b_224,phase,59,ILSVRC2012_val_00041406.JPEG,-0.16842105984687805,-0.16842107474803925,0.12330828607082367,0.06616540253162384,0.09924809634685516,0.09624059498310089,0.07969922572374344,-6.080111415940337e-05,-0.000336867495207116
vit_base_patch16_224,pit_b_224,flip,58,ILSVRC2012_val_00041354.JPEG,0.19849622249603271,0.24060150980949402,0.1849624216556549,0.1849624216556549,0.0646616667509079,0.07669173926115036,0.09473685920238495,9.733997285366058e-05,-0.0005250308895483613
vit_base_patch16_224,pit_b_224,flip,59,ILSVRC2012_val_00041406.JPEG,0.23157893121242523,0.21353381872177124,0.2992481291294098,0.24511279165744781,0.2255639135837555,0.21353383362293243,-0.2210526466369629,0.0004591901961248368,-0.00014818544150330126
vit_base_patch16_224,pit_b_224,consensus,58,ILSVRC2012_val_00041354.JPEG,0.3172932267189026,0.29323309659957886,-0.4616541266441345,-0.4616541266441345,-0.5714285969734192,-0.5744360685348511,0.32932329177856445,0.00010012835264205933,-0.0004457876202650368
vit_base_patch16_224,pit_b_224,consensus,59,ILSVRC2012_val_00041406.JPEG,-0.06015036255121231,-0.0736842006444931,0.3729323446750641,0.3082706928253174,0.31127822399139404,0.30676692724227905,0.12330827116966248,-6.080111415940337e-05,-0.00014818544150330126
vit_base_patch16_224,pit_b_224,shuffled_semantic,58,ILSVRC2012_val_00041354.JPEG,-0.7458646297454834,-0.7458646893501282,-0.27518796920776367,-0.27518796920776367,-0.08421052247285843,-0.07969925552606583,0.02406015619635582,-0.0010644834255799651,0.0003887206257786602
vit_base_patch16_224,pit_b_224,shuffled_semantic,59,ILSVRC2012_val_00041406.JPEG,0.5022556781768799,0.44511279463768005,-0.1428571492433548,-0.20150375366210938,-0.32932335138320923,-0.34887218475341797,0.0,0.0004909496055915952,-0.0005050226463936269
vit_base_patch16_224,pit_b_224,permuted_score,58,ILSVRC2012_val_00041354.JPEG,-0.169924795627594,-0.14586466550827026,-0.4646616280078888,-0.4646616280078888,-0.387969970703125,-0.40000003576278687,0.5127819776535034,-0.00047093405737541616,-0.00042240842594765127
vit_base_patch16_224,pit_b_224,permuted_score,59,ILSVRC2012_val_00041406.JPEG,-0.32030075788497925,-0.2857142686843872,0.1563909649848938,0.17894737422466278,0.21954888105392456,0.2165413349866867,-0.01804511249065399,-0.0007241844432428479,0.00035556350485421717
vit_base_patch16_224,pit_b_224,phase,60,ILSVRC2012_val_00041468.JPEG,-0.08270677179098129,-0.018045105040073395,-0.7172932624816895,-0.7127819657325745,-0.5684210658073425,-0.5293233394622803,-0.29624059796333313,-0.001044375472702086,0.00011785142123699188
vit_base_patch16_224,pit_b_224,phase,61,ILSVRC2012_val_00041474.JPEG,-0.1563909500837326,-0.0917292982339859,-0.3368421196937561,-0.31578949093818665,-0.08270677179098129,-0.12631581723690033,-0.6781954765319824,9.695906192064285e-05,0.00016506666725035757
vit_base_patch16_224,pit_b_224,flip,60,ILSVRC2012_val_00041468.JPEG,-0.10526315867900848,-0.06917295604944229,-0.6165413856506348,-0.6045112609863281,-0.3684210479259491,-0.28421053290367126,-0.22406016290187836,-0.0011548824841156602,-0.0007965870318002999
vit_base_patch16_224,pit_b_224,flip,61,ILSVRC2012_val_00041474.JPEG,-0.018045127391815186,-0.07067669928073883,0.013533815741539001,0.019548863172531128,-0.01954888179898262,0.10526315122842789,0.11729322373867035,-0.00028611524612642825,4.891217758995481e-05
vit_base_patch16_224,pit_b_224,consensus,60,ILSVRC2012_val_00041468.JPEG,-0.156390979886055,-0.11127820611000061,-0.7699248790740967,-0.7609022855758667,-0.5263158082962036,-0.4481202960014343,-0.3097744584083557,-0.0010952417505905032,0.00011785142123699188
vit_base_patch16_224,pit_b_224,consensus,61,ILSVRC2012_val_00041474.JPEG,-0.1879698932170868,-0.1563909947872162,-0.2992481589317322,-0.29774436354637146,0.049624066799879074,0.027067676186561584,-0.49624061584472656,-0.00043597709736786783,0.0004967962740920484
vit_base_patch16_224,pit_b_224,shuffled_semantic,60,ILSVRC2012_val_00041468.JPEG,0.24661652743816376,0.2571428716182709,-0.039097726345062256,-0.0646616593003273,-0.20601508021354675,-0.27368420362472534,-0.169924795627594,0.0005978923290967941,-0.0013984397519379854
vit_base_patch16_224,pit_b_224,shuffled_semantic,61,ILSVRC2012_val_00041474.JPEG,-0.04360901564359665,-0.07969924807548523,0.3864661753177643,0.38496237993240356,0.22255641222000122,0.2992481291294098,-0.033082686364650726,-0.00016240286640822887,6.62589457078866e-07
vit_base_patch16_224,pit_b_224,permuted_score,60,ILSVRC2012_val_00041468.JPEG,0.14586465060710907,0.09473681449890137,0.23909775912761688,0.24661655724048615,0.2676692008972168,0.2541353404521942,-0.3909774124622345,0.0005549773923121393,6.837025466666091e-06
vit_base_patch16_224,pit_b_224,permuted_score,61,ILSVRC2012_val_00041474.JPEG,0.1428571343421936,0.19097742438316345,0.12781956791877747,0.16240601241588593,0.06616539508104324,0.013533815741539001,-0.4060150384902954,-1.910044920805376e-05,-0.0008803998935036361
vit_base_patch16_224,pit_b_224,phase,62,ILSVRC2012_val_00041483.JPEG,-0.27368423342704773,-0.3368421196937561,0.276691734790802,0.2300751805305481,0.35338345170021057,0.3368421196937561,0.037593990564346313,-0.0001225311862071976,3.01503805530956e-05
vit_base_patch16_224,pit_b_224,phase,63,ILSVRC2012_val_00041486.JPEG,0.2165413498878479,0.18796992301940918,0.6240601539611816,0.621052622795105,0.2947368621826172,0.29323309659957886,-0.17894738912582397,0.0009436119580641389,-0.0002652039402164519
vit_base_patch16_224,pit_b_224,flip,62,ILSVRC2012_val_00041483.JPEG,-0.5443609356880188,-0.5789474248886108,0.06766917556524277,0.05263157933950424,0.442105233669281,0.4135338068008423,0.14436091482639313,-0.0011041625402867794,0.00040076926234178245
vit_base_patch16_224,pit_b_224,flip,63,ILSVRC2012_val_00041486.JPEG,0.015037596225738525,0.009022563695907593,0.5639097690582275,0.5488722324371338,0.29774439334869385,0.3052631616592407,-0.1849624067544937,0.001079873414710164,-2.992944928337238e-06
vit_base_patch16_224,pit_b_224,consensus,62,ILSVRC2012_val_00041483.JPEG,-0.42105263471603394,-0.47669172286987305,0.2526315748691559,0.21052631735801697,0.48571428656578064,0.4616541266441345,0.06315790116786957,-0.0006530893733724952,0.0003523324558045715
vit_base_patch16_224,pit_b_224,consensus,63,ILSVRC2012_val_00041486.JPEG,0.15488719940185547,0.13082708418369293,0.6872180700302124,0.6812030076980591,0.37593984603881836,0.378947377204895,-0.1894737035036087,0.0009662345983088017,-2.992944928337238e-06
vit_base_patch16_224,pit_b_224,shuffled_semantic,62,ILSVRC2012_val_00041483.JPEG,-0.12781955301761627,-0.08571427315473557,0.03157894313335419,0.051127828657627106,0.1894737184047699,0.18796993792057037,0.308270663022995,-0.0005276704905554652,0.00030115267145447433
vit_base_patch16_224,pit_b_224,shuffled_semantic,63,ILSVRC2012_val_00041486.JPEG,-0.009022578597068787,-0.006015069782733917,-0.08872179687023163,-0.08571427315473557,0.10225564241409302,0.09774436801671982,-0.3488721549510956,-0.0004956734483130276,-0.00036185799399390817
vit_base_patch16_224,pit_b_224,permuted_score,62,ILSVRC2012_val_00041483.JPEG,0.1293233036994934,0.14586468040943146,0.4796992540359497,0.48270678520202637,0.23609021306037903,0.25112780928611755,-0.028571443632245064,-0.00010850094258785248,6.773625500500202e-05
vit_base_patch16_224,pit_b_224,permuted_score,63,ILSVRC2012_val_00041486.JPEG,-0.5127819776535034,-0.4827067255973816,-0.2210526168346405,-0.21353384852409363,-0.019548866897821426,-0.013533826917409897,0.4706766903400421,-0.00047060783253982663,-1.460779458284378e-05
vit_base_patch16_224,visformer_small,phase,0,ILSVRC2012_val_00037758.JPEG,-0.06616540253162384,-0.0646616518497467,-0.1984962522983551,-0.21503755450248718,-0.25263160467147827,-0.2631579041481018,0.06015036255121231,-0.0007898594485595822,0.00016652130580041558
vit_base_patch16_224,visformer_small,phase,1,ILSVRC2012_val_00037916.JPEG,0.40751874446868896,0.4706766903400421,-0.8390977382659912,-0.8406014442443848,-0.825563907623291,-0.8315789699554443,0.5413533449172974,0.00048592034727334976,-0.0006187966209836304
vit_base_patch16_224,visformer_small,flip,0,ILSVRC2012_val_00037758.JPEG,-0.09624059498310089,-0.08872180432081223,-0.34887218475341797,-0.3684210479259491,-0.37142854928970337,-0.3654135465621948,0.13684210181236267,-0.0007729577482677996,-0.00018771016038954258
vit_base_patch16_224,visformer_small,flip,1,ILSVRC2012_val_00037916.JPEG,0.1473684310913086,0.15939852595329285,-0.24511279165744781,-0.27518796920776367,-0.29323309659957886,-0.2917293608188629,0.25263160467147827,7.966738485265523e-05,-0.00033852364867925644
vit_base_patch16_224,visformer_small,consensus,0,ILSVRC2012_val_00037758.JPEG,-0.0781954824924469,-0.0691729187965393,-0.26466163992881775,-0.27819550037384033,-0.2947368323802948,-0.29774439334869385,0.13984963297843933,-0.0006007548654451966,-0.00018771016038954258
vit_base_patch16_224,visformer_small,consensus,1,ILSVRC2012_val_00037916.JPEG,0.4015037417411804,0.43157896399497986,-0.5819549560546875,-0.6015037894248962,-0.6090226173400879,-0.6165413856506348,0.5112782120704651,3.935620406991802e-05,-0.000920075923204422
vit_base_patch16_224,visformer_small,shuffled_semantic,0,ILSVRC2012_val_00037758.JPEG,0.26015037298202515,0.2436090111732483,0.4932330846786499,0.5278195738792419,0.3639097809791565,0.36090224981307983,0.3323308229446411,0.0005851153400726616,1.632077692192979e-05
vit_base_patch16_224,visformer_small,shuffled_semantic,1,ILSVRC2012_val_00037916.JPEG,0.2706766724586487,0.2571428716182709,-0.3323308229446411,-0.37142857909202576,-0.3774436414241791,-0.3879699409008026,0.43609023094177246,0.0001748543290887028,-0.0006683709216304123
vit_base_patch16_224,visformer_small,permuted_score,0,ILSVRC2012_val_00037758.JPEG,-0.1563909500837326,-0.12030072510242462,-0.04060149937868118,-0.05563909932971001,0.03609021380543709,0.05714285373687744,-0.07218047231435776,-0.0001467392867198214,0.0006105823558755219
vit_base_patch16_224,visformer_small,permuted_score,1,ILSVRC2012_val_00037916.JPEG,-0.169924795627594,-0.15939851105213165,0.4571428596973419,0.48721805214881897,0.514285683631897,0.5353383421897888,-0.46315792202949524,-0.0005182749009691179,0.00014810208813287318
vit_base_patch16_224,visformer_small,phase,2,ILSVRC2012_val_00037926.JPEG,-0.022556394338607788,-0.04511275887489319,0.010526314377784729,-0.010526284575462341,-0.2496240735054016,-0.22857144474983215,0.07518795877695084,-0.0005197857972234488,-5.6553399190306664e-05
vit_base_patch16_224,visformer_small,phase,3,ILSVRC2012_val_00037929.JPEG,-0.04511279612779617,-0.11879700422286987,0.378947377204895,0.3729323148727417,0.27067670226097107,0.2992481291294098,-0.24511277675628662,-0.0006922397878952324,-0.00021648612164426595
vit_base_patch16_224,visformer_small,flip,2,ILSVRC2012_val_00037926.JPEG,-0.07669173181056976,-0.11578945815563202,-0.7007519006729126,-0.6962405443191528,-0.6451127529144287,-0.6360902190208435,0.2812030017375946,-0.00045514447265304625,0.000542225141543895
vit_base_patch16_224,visformer_small,flip,3,ILSVRC2012_val_00037929.JPEG,-0.21052634716033936,-0.20902255177497864,0.6466165781021118,0.6887218356132507,0.5593984723091125,0.6300751566886902,-0.0827067643404007,-0.0006877267733216286,-0.0003638681082520634
vit_base_patch16_224,visformer_small,consensus,2,ILSVRC2012_val_00037926.JPEG,-0.012030065059661865,-0.03609022498130798,-0.41654133796691895,-0.4330827295780182,-0.5774435997009277,-0.5684210658073425,0.0827067643404007,-0.0005197857972234488,-0.00020447290444280952
vit_base_patch16_224,visformer_small,consensus,3,ILSVRC2012_val_00037929.JPEG,-0.15037594735622406,-0.1849624067544937,0.5278195738792419,0.518796980381012,0.43458646535873413,0.4736841917037964,-0.21353383362293243,-0.0008075801888480783,6.218552880454808e-05
vit_base_patch16_224,visformer_small,shuffled_semantic,2,ILSVRC2012_val_00037926.JPEG,0.20451129972934723,0.2075188159942627,-0.0691729336977005,-0.06315788626670837,0.022556379437446594,0.03308269381523132,-0.03458646684885025,0.00035977098741568625,-0.0007364086923189461
vit_base_patch16_224,visformer_small,shuffled_semantic,3,ILSVRC2012_val_00037929.JPEG,-0.24360902607440948,-0.2676691710948944,0.10375939309597015,0.11729322373867035,0.13533832132816315,0.17744360864162445,-0.16240602731704712,-0.0005187895148992538,0.0004444897349458188
vit_base_patch16_224,visformer_small,permuted_score,2,ILSVRC2012_val_00037926.JPEG,0.16541354358196259,0.169924795627594,-0.021052636206150055,-0.07518798112869263,-0.0872180312871933,-0.10676690936088562,-0.36090224981307983,0.0004339751321822405,5.440493259811774e-05
vit_base_patch16_224,visformer_small,permuted_score,3,ILSVRC2012_val_00037929.JPEG,0.4015037715435028,0.42556387186050415,-0.04511280357837677,0.052631571888923645,-0.22406013309955597,-0.11428572237491608,0.2902255654335022,0.00041328463703393936,-0.00042807814315892756
vit_base_patch16_224,visformer_small,phase,4,ILSVRC2012_val_00038033.JPEG,0.17744363844394684,0.1669173240661621,-0.07669174671173096,-0.08421053737401962,-0.14436092972755432,-0.12781956791877747,-0.660150408744812,-0.00027679206687025726,4.944950433127815e-06
vit_base_patch16_224,visformer_small,phase,5,ILSVRC2012_val_00038096.JPEG,0.2315789759159088,0.2526315748691559,-0.7849624156951904,-0.7924811840057373,-0.8165413737297058,-0.8210526704788208,0.21954888105392456,-0.000469740858534351,-0.0007600031676702201
vit_base_patch16_224,visformer_small,flip,4,ILSVRC2012_val_00038033.JPEG,0.13984961807727814,0.16390976309776306,0.07969924062490463,0.06766916811466217,0.05714286491274834,0.040601518005132675,-0.39849627017974854,-0.0007637884700670838,-0.001405195682309568
vit_base_patch16_224,visformer_small,flip,5,ILSVRC2012_val_00038096.JPEG,0.1984962522983551,0.21503759920597076,-0.6646616458892822,-0.6766917705535889,-0.655639111995697,-0.6436090469360352,0.651127815246582,-0.00010114200267707929,-0.00033963657915592194
vit_base_patch16_224,visformer_small,consensus,4,ILSVRC2012_val_00038033.JPEG,0.15939848124980927,0.16390976309776306,0.057142846286296844,0.049624040722846985,-0.0030075237154960632,1.4901161193847656e-08,-0.7939849495887756,0.00010910946730291471,0.00010157562792301178
vit_base_patch16_224,visformer_small,consensus,5,ILSVRC2012_val_00038096.JPEG,0.13233083486557007,0.16390976309776306,-0.8135339021682739,-0.8285714387893677,-0.8195489048957825,-0.8135338425636292,0.42255640029907227,-0.0003772024065256119,-0.0004069264978170395
vit_base_patch16_224,visformer_small,shuffled_semantic,4,ILSVRC2012_val_00038033.JPEG,-0.15488716959953308,-0.15187968313694,0.35187968611717224,0.3263157904148102,0.19548872113227844,0.1744360774755478,-0.16390976309776306,-0.0011974325170740485,0.0011265717912465334
vit_base_patch16_224,visformer_small,shuffled_semantic,5,ILSVRC2012_val_00038096.JPEG,0.10225564241409302,0.2075188159942627,0.35639095306396484,0.3503759205341339,0.3458646535873413,0.3263157904148102,-0.34887218475341797,-6.196647973411018e-06,-0.0003269173321314156
vit_base_patch16_224,visformer_small,permuted_score,4,ILSVRC2012_val_00038033.JPEG,0.22406014800071716,0.24661654233932495,0.2661653757095337,0.2631578743457794,0.12631577253341675,0.10075187683105469,-0.7759398818016052,0.00074337626574561,0.00026156194508075714
vit_base_patch16_224,visformer_small,permuted_score,5,ILSVRC2012_val_00038096.JPEG,0.1518797129392624,0.20902256667613983,-0.4180451035499573,-0.4240601658821106,-0.4436090290546417,-0.4661653935909271,0.3218045234680176,5.1291659474372864e-05,-0.0003795560623984784
vit_base_patch16_224,visformer_small,phase,6,ILSVRC2012_val_00038110.JPEG,-0.27969926595687866,-0.27368420362472534,0.7007519006729126,0.6150376796722412,0.6015037894248962,0.6015037298202515,0.36240601539611816,-0.0003836234682239592,0.0002601954329293221
vit_base_patch16_224,visformer_small,phase,7,ILSVRC2012_val_00038142.JPEG,0.04360900819301605,0.030075185000896454,0.3548872172832489,0.3593984842300415,0.21353383362293243,0.23157894611358643,0.4526315927505493,-0.0003498415171634406,-0.0003734511265065521
vit_base_patch16_224,visformer_small,flip,6,ILSVRC2012_val_00038110.JPEG,0.024060145020484924,0.01654134690761566,0.24360904097557068,0.19248124957084656,0.3142857551574707,0.30676692724227905,0.21954885125160217,-0.0003589002590160817,5.907565355300903e-05
vit_base_patch16_224,visformer_small,flip,7,ILSVRC2012_val_00038142.JPEG,0.031578950583934784,0.04210526868700981,-0.1563909649848938,-0.1293233036994934,-0.1984962522983551,-0.17593985795974731,0.04511278122663498,0.0006344803841784596,1.7290503819822334e-05
vit_base_patch16_224,visformer_small,consensus,6,ILSVRC2012_val_00038110.JPEG,-0.13533833622932434,-0.13233083486557007,0.43609026074409485,0.3654135465621948,0.4796992540359497,0.47218045592308044,0.3924812078475952,-0.0003589002590160817,0.00022460974287241697
vit_base_patch16_224,visformer_small,consensus,7,ILSVRC2012_val_00038142.JPEG,-0.05112781003117561,5.587935447692871e-09,0.018045127391815186,0.028571434319019318,-0.045112788677215576,-0.03909774124622345,0.18345865607261658,-0.00029808629187755287,-0.00013832439435645938
vit_base_patch16_224,visformer_small,shuffled_semantic,6,ILSVRC2012_val_00038110.JPEG,0.04210526496171951,0.04360901564359665,0.37142857909202576,0.22857141494750977,0.19398494064807892,0.1789473444223404,0.054135337471961975,8.975861419457942e-05,-3.504511187202297e-05
vit_base_patch16_224,visformer_small,shuffled_semantic,7,ILSVRC2012_val_00038142.JPEG,-0.21503758430480957,-0.14135338366031647,-0.15789476037025452,-0.1473684310913086,-0.06165413558483124,-0.11127818375825882,-0.08421052992343903,-0.00020260957535356283,-1.988681106013246e-05
vit_base_patch16_224,visformer_small,permuted_score,6,ILSVRC2012_val_00038110.JPEG,0.43157893419265747,0.42255640029907227,-0.07669173926115036,-0.11428571492433548,-0.2496240735054016,-0.2436090111732483,-0.1939849555492401,0.00027766608400270343,-0.0005270300316624343
vit_base_patch16_224,visformer_small,permuted_score,7,ILSVRC2012_val_00038142.JPEG,0.5127819776535034,0.4962405860424042,-0.2165413498878479,-0.20601503551006317,-0.33834585547447205,-0.3278195261955261,0.028571419417858124,0.001039162976667285,-0.0007575356285087764
vit_base_patch16_224,visformer_small,phase,8,ILSVRC2012_val_00038157.JPEG,0.061654120683670044,0.06616540253162384,-0.045112788677215576,-0.06315790116786957,-0.16541354358196259,-0.19248118996620178,-0.037593990564346313,0.00013360810407903045,-0.0002949133631773293
vit_base_patch16_224,visformer_small,phase,9,ILSVRC2012_val_00038221.JPEG,-0.12180450558662415,-0.009022556245326996,-0.18646615743637085,-0.16240599751472473,-0.13684210181236267,-0.14586466550827026,0.06315791606903076,-0.0001109800286940299,-0.0008870926685631275
vit_base_patch16_224,visformer_small,flip,8,ILSVRC2012_val_00038157.JPEG,0.034586451947689056,0.01954885572195053,-0.3593984842300415,-0.3142856955528259,-0.17593982815742493,-0.1744360625743866,0.07669173181056976,-0.0001456852041883394,0.00042156135896220803
vit_base_patch16_224,visformer_small,flip,9,ILSVRC2012_val_00038221.JPEG,0.018045105040073395,0.0962405875325203,-0.0781954899430275,-0.08421052992343903,0.018045103177428246,0.0030075013637542725,-0.28721803426742554,0.0001028347760438919,-0.0007296651601791382
vit_base_patch16_224,visformer_small,consensus,8,ILSVRC2012_val_00038157.JPEG,0.11729321628808975,0.11578946560621262,-0.11428570002317429,-0.12030074000358582,-0.21954888105392456,-0.24511277675628662,-0.06616540998220444,0.0003119677712675184,-0.0006175466114655137
vit_base_patch16_224,visformer_small,consensus,9,ILSVRC2012_val_00038221.JPEG,-0.10977443307638168,0.12330827116966248,-0.00751880556344986,0.012030065059661865,0.0781954750418663,0.06015036255121231,-0.01954888552427292,3.132233541691676e-05,-0.0007466452079825103
vit_base_patch16_224,visformer_small,shuffled_semantic,8,ILSVRC2012_val_00038157.JPEG,0.2827067971229553,0.281203031539917,-0.08120299875736237,-0.07067668437957764,-0.12631578743457794,-0.10075187683105469,-0.19248118996620178,0.0005235379794612527,-0.0004965324769727886
vit_base_patch16_224,visformer_small,shuffled_semantic,9,ILSVRC2012_val_00038221.JPEG,-0.14887218177318573,-0.1699248105287552,-0.14586466550827026,-0.15789473056793213,-0.03458648920059204,0.012030065059661865,-0.16090227663516998,-0.0010395803255960345,0.00022136885672807693
vit_base_patch16_224,visformer_small,permuted_score,8,ILSVRC2012_val_00038157.JPEG,0.17443609237670898,0.16390977799892426,-0.523308277130127,-0.5172932147979736,-0.5157895088195801,-0.5172932147979736,0.07669174671173096,0.0006333118653856218,-4.675742457038723e-05
vit_base_patch16_224,visformer_small,permuted_score,9,ILSVRC2012_val_00038221.JPEG,0.18947367370128632,0.21503758430480957,0.24210524559020996,0.22857141494750977,0.1699248105287552,0.13082706928253174,0.00300753116607666,2.5014951461344026e-05,-0.0011512450873851776
vit_base_patch16_224,visformer_small,phase,10,ILSVRC2012_val_00038236.JPEG,0.1203007623553276,0.13082706928253174,-0.14887218177318573,-0.16390979290008545,-0.2210526466369629,-0.2075188159942627,0.028571441769599915,-6.665159162366763e-05,-0.00033306944533251226
vit_base_patch16_224,visformer_small,phase,11,ILSVRC2012_val_00038251.JPEG,0.02105264738202095,0.00451129674911499,0.5609022378921509,0.5789473652839661,0.49473679065704346,0.45714282989501953,0.3684210777282715,-0.00010429732355987653,-0.00041777975275181234
vit_base_patch16_224,visformer_small,flip,10,ILSVRC2012_val_00038236.JPEG,0.523308277130127,0.48270678520202637,-0.27368420362472534,-0.24210527539253235,-0.29172930121421814,-0.2887217700481415,-0.0736842229962349,0.00012215627066325396,-0.0005152459489181638
vit_base_patch16_224,visformer_small,flip,11,ILSVRC2012_val_00038251.JPEG,0.4691729247570038,0.4285714328289032,-0.3699248135089874,-0.29624059796333313,-0.5097744464874268,-0.5218045115470886,0.1383458524942398,0.00012814551882911474,-0.00046048127114772797
vit_base_patch16_224,visformer_small,consensus,10,ILSVRC2012_val_00038236.JPEG,0.3744361102581024,0.35639098286628723,-0.18195484578609467,-0.18195489048957825,-0.21804508566856384,-0.21052628755569458,-0.04511278122663498,3.0676463211420923e-05,-0.000619748723693192
vit_base_patch16_224,visformer_small,consensus,11,ILSVRC2012_val_00038251.JPEG,0.26015037298202515,0.2586466372013092,0.10075189173221588,0.156390979886055,0.03157894313335419,-0.0045112743973731995,0.3744361102581024,8.31224042485701e-06,-0.000633364194072783
vit_base_patch16_224,visformer_small,shuffled_semantic,10,ILSVRC2012_val_00038236.JPEG,0.07518796622753143,0.0781954973936081,0.3052631914615631,0.34736841917037964,0.3218045234680176,0.3323308229446411,0.12481202185153961,-0.00021467321494128555,-0.0002970142231788486
vit_base_patch16_224,visformer_small,shuffled_semantic,11,ILSVRC2012_val_00038251.JPEG,0.11578948050737381,0.13233081996440887,-0.24060148000717163,-0.28421056270599365,-0.22406016290187836,-0.2120300829410553,-0.12180453538894653,-0.00016842335753608495,-0.00025613271282054484
vit_base_patch16_224,visformer_small,permuted_score,10,ILSVRC2012_val_00038236.JPEG,-0.0015037506818771362,0.00300753116607666,0.05112782120704651,0.05864662304520607,0.06165413185954094,0.06315788626670837,-0.11127818375825882,-1.4120154446572997e-05,3.920570088666864e-05
vit_base_patch16_224,visformer_small,permuted_score,11,ILSVRC2012_val_00038251.JPEG,0.016541361808776855,0.07518796622753143,0.01353384554386139,-0.01203007623553276,0.08270677924156189,0.1022556722164154,-0.5278195142745972,-5.460567990667187e-05,-1.0661035958037246e-05
vit_base_patch16_224,visformer_small,phase,12,ILSVRC2012_val_00038413.JPEG,0.48270678520202637,0.34736841917037964,-0.013533815741539001,-0.010526329278945923,-0.3593985438346863,-0.3879699409008026,0.7323307991027832,0.0007603535777889192,-0.00021142177865840495
vit_base_patch16_224,visformer_small,phase,13,ILSVRC2012_val_00038427.JPEG,-0.26466166973114014,-0.3398496210575104,0.29624059796333313,0.2857142686843872,0.5593985319137573,0.5548871755599976,-0.13984963297843933,-0.00021167472004890442,0.004935504402965307
vit_base_patch16_224,visformer_small,flip,12,ILSVRC2012_val_00038413.JPEG,-0.04360900819301605,-0.1428571343421936,-0.6736841201782227,-0.6706766486167908,-0.6992480754852295,-0.6977443695068359,0.1699248105287552,0.000661697646137327,0.00017125197337009013
vit_base_patch16_224,visformer_small,flip,13,ILSVRC2012_val_00038427.JPEG,0.0691729336977005,0.14586466550827026,-0.3654135465621948,-0.3639097809791565,-0.39398497343063354,-0.4135338366031647,0.22406014800071716,-4.2385607230244204e-05,-0.00014356263272929937
vit_base_patch16_224,visformer_small,consensus,12,ILSVRC2012_val_00038413.JPEG,0.49022558331489563,0.347368448972702,-0.24210524559020996,-0.24661652743816376,-0.5774435997009277,-0.612030029296875,0.732330858707428,0.0005801906809210777,-0.00021294654288794845
vit_base_patch16_224,visformer_small,consensus,13,ILSVRC2012_val_00038427.JPEG,0.051127832382917404,0.046616554260253906,-0.34887218475341797,-0.3548872470855713,-0.20000000298023224,-0.16240599751472473,0.09924811124801636,4.2020157707156613e-05,0.004708139691501856
vit_base_patch16_224,visformer_small,shuffled_semantic,12,ILSVRC2012_val_00038413.JPEG,-0.1744360625743866,-0.1563909649848938,-0.2255638986825943,-0.20451128482818604,-0.09022556245326996,-0.11578947305679321,0.04210527241230011,-0.00013340711302589625,0.0002603396715130657
vit_base_patch16_224,visformer_small,shuffled_semantic,13,ILSVRC2012_val_00038427.JPEG,-0.4646616578102112,-0.4917292892932892,-0.1338346004486084,-0.11127819120883942,0.003007538616657257,0.046616554260253906,0.19999998807907104,-0.00042316914186812937,0.00014027282304596156
vit_base_patch16_224,visformer_small,permuted_score,12,ILSVRC2012_val_00038413.JPEG,0.33082708716392517,0.2210526168346405,-0.040601521730422974,-0.03308271989226341,-0.11278195679187775,-0.1473684161901474,0.7338346242904663,-0.0001638170360820368,-0.00036658794851973653
vit_base_patch16_224,visformer_small,permuted_score,13,ILSVRC2012_val_00038427.JPEG,0.20902255177497864,0.18646615743637085,7.450580596923828e-09,-0.025563903152942657,-0.2030075192451477,-0.26466166973114014,0.0736842229962349,0.00479734456166625,-0.00010320097499061376
vit_base_patch16_224,visformer_small,phase,14,ILSVRC2012_val_00038546.JPEG,0.23458647727966309,0.30075186491012573,-0.1293233186006546,-0.1849624216556549,-0.18646618723869324,-0.2165413498878479,0.06616539508104324,0.0009318398660980165,-3.3639371395111084e-05
vit_base_patch16_224,visformer_small,phase,15,ILSVRC2012_val_00038597.JPEG,-0.36090224981307983,-0.3263157606124878,-0.11278197169303894,0.11578947305679321,0.1654135286808014,0.1518796980381012,0.007518801838159561,-0.00034866397618316114,0.0006312250625342131
vit_base_patch16_224,visformer_small,flip,14,ILSVRC2012_val_00038546.JPEG,0.33383461833000183,0.28872182965278625,-0.13082706928253174,-0.11879699677228928,-0.09924809634685516,-0.15939849615097046,0.12180452793836594,0.001009710947982967,0.00017208959616255015
vit_base_patch16_224,visformer_small,flip,15,ILSVRC2012_val_00038597.JPEG,-0.24661654233932495,-0.25563907623291016,0.058646634221076965,0.29172930121421814,0.2255638837814331,0.22406014800071716,0.1428571492433548,-0.0001633701176615432,0.0005764031666330993
vit_base_patch16_224,visformer_small,consensus,14,ILSVRC2012_val_00038546.JPEG,0.30075186491012573,0.3142857253551483,-0.2030075192451477,-0.22706766426563263,-0.17142857611179352,-0.2616541087627411,0.012030072510242462,0.0009248072165064514,-0.00013426672376226634
vit_base_patch16_224,visformer_small,consensus,15,ILSVRC2012_val_00038597.JPEG,-0.26917293667793274,-0.2842105031013489,-0.013533826917409897,0.21954885125160217,0.20451125502586365,0.19849622249603271,0.10526317358016968,-0.0001633701176615432,0.0006650012801401317
vit_base_patch16_224,visformer_small,shuffled_semantic,14,ILSVRC2012_val_00038546.JPEG,-0.14436089992523193,-0.04812029376626015,0.27518796920776367,0.22706766426563263,0.25112780928611755,0.19548872113227844,-0.21804511547088623,5.4161624575499445e-05,-2.9567816454800777e-05
vit_base_patch16_224,visformer_small,shuffled_semantic,15,ILSVRC2012_val_00038597.JPEG,-0.08421050757169724,-0.05263157933950424,0.15789473056793213,-0.05413533374667168,0.0015037506818771362,-0.061654143035411835,0.28721803426742554,0.00032962425029836595,9.088006481761113e-05
vit_base_patch16_224,visformer_small,permuted_score,14,ILSVRC2012_val_00038546.JPEG,0.26015037298202515,0.30075186491012573,0.17142856121063232,0.10526315867900848,0.07669170200824738,-0.00601506233215332,-0.21804513037204742,0.0002813441678881645,-0.0002405328705208376
vit_base_patch16_224,visformer_small,permuted_score,15,ILSVRC2012_val_00038597.JPEG,0.28872182965278625,0.3127819299697876,0.12631580233573914,0.0075187962502241135,-0.024060135707259178,-0.08120299130678177,0.37593984603881836,0.00031635077903047204,-0.00032304608612321317
vit_base_patch16_224,visformer_small,phase,16,ILSVRC2012_val_00038607.JPEG,-0.3052631616592407,-0.3142857551574707,0.4781954884529114,0.42105263471603394,0.45413532853126526,0.4751879572868347,-0.08120299130678177,-0.0005231953109614551,-0.0002052199124591425
vit_base_patch16_224,visformer_small,phase,17,ILSVRC2012_val_00038678.JPEG,-0.3308270573616028,-0.37593984603881836,-0.3413533866405487,-0.3548872172832489,-0.03458647429943085,-0.00300753116607666,-0.38496240973472595,-0.0003310311585664749,0.0020161361899226904
vit_base_patch16_224,visformer_small,flip,16,ILSVRC2012_val_00038607.JPEG,-0.03157895803451538,-0.03007519245147705,-0.49473685026168823,-0.45864665508270264,-0.48721805214881897,-0.4736842215061188,0.12932328879833221,0.0006943481857888401,0.0004984750994481146
vit_base_patch16_224,visformer_small,flip,17,ILSVRC2012_val_00038678.JPEG,-0.010526314377784729,-0.03759400546550751,-0.2345864623785019,-0.2075188010931015,-0.15338343381881714,-0.15488719940185547,0.2992481291294098,-0.00023668371431995183,-0.0004993433249182999
vit_base_patch16_224,visformer_small,consensus,16,ILSVRC2012_val_00038607.JPEG,-0.061654143035411835,-0.0646616667509079,-0.15789474546909332,-0.15939849615097046,-0.19248120486736298,-0.17443609237670898,0.12330825626850128,0.0009208569535985589,-1.3086059880151879e-05
vit_base_patch16_224,visformer_small,consensus,17,ILSVRC2012_val_00038678.JPEG,-0.18646615743637085,-0.2300751954317093,-0.3187969923019409,-0.29774436354637146,-0.10225560516119003,-0.08421050012111664,-0.02406015247106552,-0.0004739437426906079,-0.00016866215446498245
vit_base_patch16_224,visformer_small,shuffled_semantic,16,ILSVRC2012_val_00038607.JPEG,0.21052633225917816,0.21954885125160217,-0.23458647727966309,-0.2345864474773407,-0.20451125502586365,-0.19699245691299438,-0.05864661931991577,0.0009768895106390119,-0.00016018333553802222
vit_base_patch16_224,visformer_small,shuffled_semantic,17,ILSVRC2012_val_00038678.JPEG,-0.02255638688802719,-0.05864663049578667,0.0872180238366127,0.08872180432081223,0.06315790116786957,0.07518796622753143,-0.4150375723838806,0.001042487332597375,-0.00015954636910464615
vit_base_patch16_224,visformer_small,permuted_score,16,ILSVRC2012_val_00038607.JPEG,0.38646620512008667,0.43909773230552673,-0.13082705438137054,-0.09924811124801636,-0.2255639135837555,-0.24661654233932495,-0.05263157933950424,0.0012517712311819196,-0.0004663268045987934
vit_base_patch16_224,visformer_small,permuted_score,17,ILSVRC2012_val_00038678.JPEG,0.19248118996620178,0.2075188159942627,0.10075189173221588,0.11729322373867035,-0.05263159051537514,-0.09172934293746948,0.27067670226097107,0.0013890486443415284,7.42053598514758e-05
vit_base_patch16_224,visformer_small,phase,18,ILSVRC2012_val_00038705.JPEG,-0.37443608045578003,-0.442105233669281,-0.39849627017974854,-0.3458646535873413,-0.05563909560441971,0.09022556245326996,0.40300750732421875,-0.0013309958158060908,0.0005873296759091318
vit_base_patch16_224,visformer_small,phase,19,ILSVRC2012_val_00038708.JPEG,0.09172933548688889,0.036090195178985596,-0.5894736647605896,-0.5984962582588196,-0.6360902786254883,-0.6451127529144287,0.20601505041122437,-9.250939183402807e-05,-0.0006005183095112443
vit_base_patch16_224,visformer_small,flip,18,ILSVRC2012_val_00038705.JPEG,-0.15939851105213165,-0.17142857611179352,-0.1939849704504013,-0.2120300978422165,0.03609021008014679,0.009022541344165802,0.2255639135837555,-0.0003388460900168866,3.306381404399872e-05
vit_base_patch16_224,visformer_small,flip,19,ILSVRC2012_val_00038708.JPEG,0.15338346362113953,0.12030074745416641,-0.49473685026168823,-0.5007518529891968,-0.5293233394622803,-0.5353383421897888,0.3834586441516876,0.003765355795621872,-0.00010735504474723712
vit_base_patch16_224,visformer_small,consensus,18,ILSVRC2012_val_00038705.JPEG,-0.41203007102012634,-0.482706755399704,-0.27969926595687866,-0.2676692008972168,0.060150373727083206,0.14887218177318573,0.37142857909202576,-0.0011840140214189887,0.0007462032372131944
vit_base_patch16_224,visformer_small,consensus,19,ILSVRC2012_val_00038708.JPEG,0.05413532257080078,0.0180450901389122,-0.5714285373687744,-0.5819548964500427,-0.6090225577354431,-0.6195489168167114,0.29323306679725647,-0.0001611005573067814,-0.00010716226097429171
vit_base_patch16_224,visformer_small,shuffled_semantic,18,ILSVRC2012_val_00038705.JPEG,0.2436090111732483,0.31578946113586426,0.18195487558841705,0.13984963297843933,-0.04210527241230011,-0.13533835113048553,-0.2631578743457794,6.659105565631762e-05,-0.00040808095945976675
vit_base_patch16_224,visformer_small,shuffled_semantic,19,ILSVRC2012_val_00038708.JPEG,0.05714286118745804,0.13533835113048553,-0.08421052992343903,-0.07669171690940857,-0.10225563496351242,-0.09473684430122375,-0.2075188159942627,-0.00015313923358917236,-0.0006207494297996163
vit_base_patch16_224,visformer_small,permuted_score,18,ILSVRC2012_val_00038705.JPEG,0.25263160467147827,0.2917293310165405,0.29774436354637146,0.22255638241767883,0.057142868638038635,-0.054135337471961975,-0.3278195261955261,0.0006967293447814882,-0.0008521814015693963
vit_base_patch16_224,visformer_small,permuted_score,19,ILSVRC2012_val_00038708.JPEG,0.030075207352638245,0.05413535237312317,0.5413534045219421,0.5473684072494507,0.539849579334259,0.5458646416664124,-0.015037581324577332,0.0031265236902981997,-0.0002665296196937561
vit_base_patch16_224,visformer_small,phase,20,ILSVRC2012_val_00038743.JPEG,-0.26015037298202515,-0.25563910603523254,0.22406016290187836,0.23308271169662476,0.24661654233932495,0.22255638241767883,0.4616541266441345,-0.0012866005999967456,-0.0003724135458469391
vit_base_patch16_224,visformer_small,phase,21,ILSVRC2012_val_00038986.JPEG,0.36691728234291077,0.3684210479259491,0.4526315927505493,0.4887218177318573,0.20000001788139343,0.22406011819839478,0.378947377204895,0.0005858242511749268,6.331354234134778e-05
vit_base_patch16_224,visformer_small,flip,20,ILSVRC2012_val_00038743.JPEG,-0.17593985795974731,-0.25563913583755493,0.2526315748691559,0.1984962522983551,0.2300751805305481,0.24511277675628662,0.16691729426383972,-0.0005675442516803741,-0.0002595432160887867
vit_base_patch16_224,visformer_small,flip,21,ILSVRC2012_val_00038986.JPEG,0.3037593960762024,0.31127819418907166,0.2030075192451477,0.21804511547088623,0.09774436056613922,0.10676692426204681,0.18646615743637085,0.00017786417447496206,4.243422517902218e-05
vit_base_patch16_224,visformer_small,consensus,20,ILSVRC2012_val_00038743.JPEG,-0.40300753712654114,-0.45413532853126526,0.378947377204895,0.33383458852767944,0.39398497343063354,0.3819548785686493,0.4646616578102112,-0.001494111493229866,-0.0002595432160887867
vit_base_patch16_224,visformer_small,consensus,21,ILSVRC2012_val_00038986.JPEG,0.43458646535873413,0.451127827167511,0.28270676732063293,0.32030075788497925,0.06616540253162384,0.09774436056613922,0.47819551825523376,0.0005520947161130607,2.793874591588974e-05
vit_base_patch16_224,visformer_small,shuffled_semantic,20,ILSVRC2012_val_00038743.JPEG,-0.18345865607261658,-0.18345864117145538,-0.28421053290367126,-0.26616543531417847,0.019548863172531128,0.05864661931991577,-0.24060150980949402,-0.0009279873338527977,0.0011267609661445022
vit_base_patch16_224,visformer_small,shuffled_semantic,21,ILSVRC2012_val_00038986.JPEG,0.13233080506324768,0.13082708418369293,-0.344360888004303,-0.2902255654335022,-0.3233082890510559,-0.3172932267189026,0.09924811869859695,0.0002020947722485289,0.0002476343943271786
vit_base_patch16_224,visformer_small,permuted_score,20,ILSVRC2012_val_00038743.JPEG,-0.09774436056613922,-0.07669174671173096,0.13533833622932434,0.1293233036994934,-0.015037596225738525,-0.06015037000179291,0.30075186491012573,0.0009320643148384988,-0.0006925333291292191
vit_base_patch16_224,visformer_small,permuted_score,21,ILSVRC2012_val_00038986.JPEG,0.41353386640548706,0.415037602186203,-0.169924795627594,-0.2075187712907791,-0.29323306679725647,-0.34285712242126465,0.07067668437957764,0.0003664095129352063,-4.2709150875452906e-05
vit_base_patch16_224,visformer_small,phase,22,ILSVRC2012_val_00039085.JPEG,-0.2917293310165405,-0.2496240735054016,0.6315789222717285,0.6165413856506348,0.5789473652839661,0.5789473652839661,0.15037593245506287,-0.0019102778751403093,0.0011825405526906252
vit_base_patch16_224,visformer_small,phase,23,ILSVRC2012_val_00039106.JPEG,-0.03157894313335419,-0.03157893568277359,-0.006015054881572723,0.012030057609081268,0.04060152918100357,0.02857144922018051,-0.046616554260253906,0.00041937417699955404,-0.00010253526124870405
vit_base_patch16_224,visformer_small,flip,22,ILSVRC2012_val_00039085.JPEG,0.26015037298202515,0.24210527539253235,-0.45864665508270264,-0.4571428894996643,-0.4135338366031647,-0.4135338366031647,0.027067646384239197,0.0018892422085627913,0.0007100153598003089
vit_base_patch16_224,visformer_small,flip,23,ILSVRC2012_val_00039106.JPEG,-0.05112779885530472,-0.0827067568898201,-0.01052635908126831,-0.030075207352638245,-0.05413536727428436,0.006015002727508545,0.02706766128540039,-0.0005625477060675621,0.000286903785308823
vit_base_patch16_224,visformer_small,consensus,22,ILSVRC2012_val_00039085.JPEG,-0.03308269381523132,-0.01804511249065399,0.07669171690940857,0.05563909187912941,0.04962405562400818,0.04962405562400818,0.11578945070505142,-0.002328616799786687,0.0006526880315504968
vit_base_patch16_224,visformer_small,consensus,23,ILSVRC2012_val_00039106.JPEG,-0.0827067643404007,-0.11879699677228928,0.05714283883571625,0.04962404817342758,0.03157894313335419,0.0691729336977005,0.16390977799892426,-0.0003703845723066479,0.0007700091227889061
vit_base_patch16_224,visformer_small,shuffled_semantic,22,ILSVRC2012_val_00039085.JPEG,-0.4015037715435028,-0.36240601539611816,0.7338345646858215,0.7293232679367065,0.6917293071746826,0.6917293071746826,0.2496240884065628,-0.0027484174352139235,0.0013912052381783724
vit_base_patch16_224,visformer_small,shuffled_semantic,23,ILSVRC2012_val_00039106.JPEG,0.3458646535873413,0.34285715222358704,-0.12481202930212021,-0.15338346362113953,-0.2616541385650635,-0.24060150980949402,0.09323307126760483,0.000758690875954926,0.0003177333564963192
vit_base_patch16_224,visformer_small,permuted_score,22,ILSVRC2012_val_00039085.JPEG,0.0736842006444931,0.08120300620794296,-0.02857142686843872,-0.021052628755569458,-0.07969923317432404,-0.07969923317432404,0.442105233669281,-0.0015301544917747378,0.0006734267226420343
vit_base_patch16_224,visformer_small,permuted_score,23,ILSVRC2012_val_00039106.JPEG,-0.17593985795974731,-0.24060149490833282,0.12481202930212021,0.14586466550827026,0.17142856121063232,0.2165413796901703,0.03308270871639252,0.00020213183597661555,0.0012270747683942318
vit_base_patch16_224,visformer_small,phase,24,ILSVRC2012_val_00039130.JPEG,0.15488724410533905,0.1894736886024475,-0.0646616667509079,-0.04360901564359665,-0.20150376856327057,-0.16691729426383972,0.20902255177497864,0.00017140060663223267,-0.0002029730094363913
vit_base_patch16_224,visformer_small,phase,25,ILSVRC2012_val_00039253.JPEG,0.3007518947124481,0.2631579041481018,-0.7684210538864136,-0.7819548845291138,-0.7488722205162048,-0.7563910484313965,0.2947368621826172,0.00042969026253558695,-0.001022619311697781
vit_base_patch16_224,visformer_small,flip,24,ILSVRC2012_val_00039130.JPEG,0.04060151055455208,-0.019548870623111725,-0.5879698991775513,-0.6045112609863281,-0.4872180223464966,-0.5007518529891968,-0.16541354358196259,-0.00017577157996129245,-6.834110536146909e-05
vit_base_patch16_224,visformer_small,flip,25,ILSVRC2012_val_00039253.JPEG,0.5323308706283569,0.49924808740615845,-0.8330827951431274,-0.8315789699554443,-0.8661653995513916,-0.8571428656578064,0.26917293667793274,0.0006342994165606797,-0.0009588670218363404
vit_base_patch16_224,visformer_small,consensus,24,ILSVRC2012_val_00039130.JPEG,-0.039097756147384644,-0.06766919791698456,-0.42255640029907227,-0.4270676374435425,-0.39849627017974854,-0.3864661455154419,0.022556394338607788,0.00013370058150030673,-2.0651985323638655e-05
vit_base_patch16_224,visformer_small,consensus,25,ILSVRC2012_val_00039253.JPEG,0.43157893419265747,0.3924812078475952,-0.8360902070999146,-0.834586501121521,-0.8406015038490295,-0.8421052694320679,0.30225563049316406,0.0006342994165606797,-0.001022619311697781
vit_base_patch16_224,visformer_small,shuffled_semantic,24,ILSVRC2012_val_00039130.JPEG,-0.12180450558662415,-0.14586466550827026,0.13684213161468506,0.20451126992702484,0.09172932803630829,0.12180451303720474,0.3684210479259491,-0.00034316544770263135,-0.00021712957823183388
vit_base_patch16_224,visformer_small,shuffled_semantic,25,ILSVRC2012_val_00039253.JPEG,0.07969924062490463,0.10375938564538956,0.09323307126760483,0.10676690936088562,0.07067668437957764,0.06766916811466217,0.012030072510242462,0.0002414828195469454,-0.00025688117602840066
vit_base_patch16_224,visformer_small,permuted_score,24,ILSVRC2012_val_00039130.JPEG,0.5909774303436279,0.46015042066574097,0.15789474546909332,0.2210526168346405,-0.0060150474309921265,0.034586455672979355,-0.060150355100631714,0.00025216658832505345,-0.0003936815191991627
vit_base_patch16_224,visformer_small,permuted_score,25,ILSVRC2012_val_00039253.JPEG,0.04511278122663498,0.039097726345062256,0.0030075088143348694,-0.0075188130140304565,-0.009022563695907593,0.006015032529830933,0.17443612217903137,0.00014444300904870033,-0.0002387578133493662
vit_base_patch16_224,visformer_small,phase,26,ILSVRC2012_val_00039290.JPEG,-0.3969924747943878,-0.3909774422645569,-0.6691729426383972,-0.6706767082214355,-0.5639097690582275,-0.5759397745132446,-0.4060150384902954,-0.0003820701676886529,0.0004308492934796959
vit_base_patch16_224,visformer_small,phase,27,ILSVRC2012_val_00039421.JPEG,-0.21954888105392456,-0.15789473056793213,-0.010526306927204132,0.04812030494213104,0.15939851105213165,0.18646617233753204,0.44511279463768005,-0.0006653733435086906,0.00010965541150653735
vit_base_patch16_224,visformer_small,flip,26,ILSVRC2012_val_00039290.JPEG,-0.3413533866405487,-0.36691731214523315,-0.35639095306396484,-0.3684210479259491,-0.28872179985046387,-0.27819550037384033,0.022556379437446594,0.0002860287204384804,0.0005278819589875638
vit_base_patch16_224,visformer_small,flip,27,ILSVRC2012_val_00039421.JPEG,-0.013533852994441986,-0.028571411967277527,-0.08872181922197342,-0.09323309361934662,-0.12330826371908188,-0.0917292982339859,0.36240601539611816,-0.0007834643474780023,-0.0003041215240955353
vit_base_patch16_224,visformer_small,consensus,26,ILSVRC2012_val_00039290.JPEG,-0.45413535833358765,-0.46015042066574097,-0.5804510712623596,-0.5849623680114746,-0.4646616578102112,-0.46917295455932617,-0.2631579041481018,0.0002860287204384804,0.0006894084508530796
vit_base_patch16_224,visformer_small,consensus,27,ILSVRC2012_val_00039421.JPEG,-0.11879700422286987,-0.0872180312871933,-0.05413533002138138,-0.018045105040073395,-0.006015054881572723,0.027067653834819794,0.44962406158447266,-0.0006562233320437372,-0.0006850928184576333
vit_base_patch16_224,visformer_small,shuffled_semantic,26,ILSVRC2012_val_00039290.JPEG,-0.3954887092113495,-0.3924812078475952,-0.29323309659957886,-0.31127819418907166,-0.25112780928611755,-0.26466166973114014,0.08872180432081223,-0.00020101956033613533,0.0003984214854426682
vit_base_patch16_224,visformer_small,shuffled_semantic,27,ILSVRC2012_val_00039421.JPEG,0.30526313185691833,0.3142857253551483,0.18646615743637085,0.2030075043439865,0.010526306927204132,0.00150376558303833,-0.11127819120883942,-0.0006512686959467828,-0.0013176285428926349
vit_base_patch16_224,visformer_small,permuted_score,26,ILSVRC2012_val_00039290.JPEG,0.02857142873108387,0.019548878073692322,-0.15789474546909332,-0.15939849615097046,-0.2030075192451477,-0.23007522523403168,0.10827067494392395,-0.0001983925758395344,0.0001791459508240223
vit_base_patch16_224,visformer_small,permuted_score,27,ILSVRC2012_val_00039421.JPEG,-0.26466166973114014,-0.2030075043439865,-0.4240601062774658,-0.3969925045967102,-0.22857142984867096,-0.19548872113227844,0.16842103004455566,-0.0007724463939666748,-0.00019022077322006226
vit_base_patch16_224,visformer_small,phase,28,ILSVRC2012_val_00039426.JPEG,0.10827066004276276,0.09323306381702423,0.4992481470108032,0.5082706809043884,0.4977443516254425,0.4736841917037964,-0.09924811869859695,-0.0001975768245756626,-2.6406534743728116e-05
vit_base_patch16_224,visformer_small,phase,29,ILSVRC2012_val_00039464.JPEG,0.03909774124622345,0.027067668735980988,0.5518796443939209,0.5503759384155273,0.49022558331489563,0.4751879870891571,0.18646618723869324,-0.00052362255519256,-0.0004609177995007485
vit_base_patch16_224,visformer_small,flip,28,ILSVRC2012_val_00039426.JPEG,-0.03308270499110222,0.01203007623553276,0.38496237993240356,0.38947367668151855,0.6120300889015198,0.6075187921524048,-0.18045112490653992,-0.00010868832760024816,8.61875741975382e-05
vit_base_patch16_224,visformer_small,flip,29,ILSVRC2012_val_00039464.JPEG,0.1473684012889862,0.1428571343421936,0.5458647012710571,0.5428571701049805,0.5323308110237122,0.48721805214881897,-0.3699248135089874,-0.0003726234717760235,-0.00042845841380767524
vit_base_patch16_224,visformer_small,consensus,28,ILSVRC2012_val_00039426.JPEG,0.17142856121063232,0.14135339856147766,0.5428571105003357,0.5563910007476807,0.5593984723091125,0.5518796443939209,-0.12330827116966248,-0.0001975768245756626,-0.00037965495721437037
vit_base_patch16_224,visformer_small,consensus,29,ILSVRC2012_val_00039464.JPEG,0.09473683685064316,0.0781954973936081,0.6646616458892822,0.6616541147232056,0.6165413856506348,0.5774435997009277,0.0,-0.0002694822906050831,-0.0006002254085615277
vit_base_patch16_224,visformer_small,shuffled_semantic,28,ILSVRC2012_val_00039426.JPEG,-0.2030075043439865,-0.05112782120704651,0.11278194189071655,0.12481201440095901,0.15789473056793213,0.13082705438137054,-0.10225562751293182,-0.0004233052022755146,0.0002990011125802994
vit_base_patch16_224,visformer_small,shuffled_semantic,29,ILSVRC2012_val_00039464.JPEG,0.28872179985046387,0.3218045234680176,-0.4255639314651489,-0.4150376319885254,-0.5654135346412659,-0.5714285969734192,0.138345867395401,0.0007113887113519013,-0.0006597960600629449
vit_base_patch16_224,visformer_small,permuted_score,28,ILSVRC2012_val_00039426.JPEG,-0.07218042016029358,-0.007518783211708069,-0.051127851009368896,-0.03609025478363037,0.05413533002138138,0.04511277377605438,0.20451128482818604,-0.0002796664775814861,-0.00020317239977885038
vit_base_patch16_224,visformer_small,permuted_score,29,ILSVRC2012_val_00039464.JPEG,-0.05714285373687744,-0.04360903799533844,-0.30676689743995667,-0.31578946113586426,-0.27518799901008606,-0.281203031539917,0.0511278361082077,0.0008787136757746339,-2.8797426239179913e-06
vit_base_patch16_224,visformer_small,phase,30,ILSVRC2012_val_00039490.JPEG,0.20601502060890198,0.20150375366210938,-0.2345864623785019,-0.24661654233932495,-0.3548872470855713,-0.3909774422645569,0.17443609237670898,0.0002335167519049719,0.0002692375855986029
vit_base_patch16_224,visformer_small,phase,31,ILSVRC2012_val_00039737.JPEG,-0.3172932267189026,-0.32030075788497925,-0.19097745418548584,-0.19097745418548584,-0.19097745418548584,-0.18195490539073944,-0.031578972935676575,-0.0005381418741308153,0.001096542226150632
vit_base_patch16_224,visformer_small,flip,30,ILSVRC2012_val_00039490.JPEG,0.009022552520036697,-0.009022548794746399,-0.3142856955528259,-0.344360888004303,-0.3593984842300415,-0.3654135465621948,0.40751880407333374,2.4150451281457208e-05,-0.00011202153109479696
vit_base_patch16_224,visformer_small,flip,31,ILSVRC2012_val_00039737.JPEG,-0.025563903152942657,-0.051127806305885315,-0.32030072808265686,-0.32030072808265686,-0.25112780928611755,-0.24962404370307922,0.046616531908512115,-0.00018615425506141037,0.001454617246054113
vit_base_patch16_224,visformer_small,consensus,30,ILSVRC2012_val_00039490.JPEG,0.26616543531417847,0.26015037298202515,-0.2857142686843872,-0.31578946113586426,-0.44511279463768005,-0.4872180223464966,0.3082706928253174,0.0009094192646443844,-0.0005942410207353532
vit_base_patch16_224,visformer_small,consensus,31,ILSVRC2012_val_00039737.JPEG,-0.15037594735622406,-0.1609022617340088,-0.40451130270957947,-0.40451130270957947,-0.3774436116218567,-0.37593984603881836,0.028571423143148422,-0.0004655852972064167,0.0010171852773055434
vit_base_patch16_224,visformer_small,shuffled_semantic,30,ILSVRC2012_val_00039490.JPEG,-0.10375940799713135,-0.13233083486557007,-0.04060148447751999,0.025563932955265045,0.08120302855968475,0.10827069729566574,-0.033082690089941025,-8.758215699344873e-05,0.00037271782639436424
vit_base_patch16_224,visformer_small,shuffled_semantic,31,ILSVRC2012_val_00039737.JPEG,-0.057142846286296844,-0.030075162649154663,0.3142857551574707,0.3142857551574707,0.2721804678440094,0.26015040278434753,-0.24661652743816376,-6.265845058806008e-06,0.0012511255918070674
vit_base_patch16_224,visformer_small,permuted_score,30,ILSVRC2012_val_00039490.JPEG,0.019548874348402023,-0.03759397938847542,0.09323309361934662,0.1518796980381012,0.09774436801671982,0.0827067494392395,0.3187969923019409,-0.0002868648152798414,0.0002384887629887089
vit_base_patch16_224,visformer_small,permuted_score,31,ILSVRC2012_val_00039737.JPEG,0.5909774303436279,0.5984962582588196,0.060150355100631714,0.060150355100631714,-0.00150376558303833,0.012030065059661865,-0.11578945815563202,0.0014353240840137005,-0.0006867330521345139
vit_base_patch16_224,visformer_small,phase,32,ILSVRC2012_val_00039746.JPEG,-0.4842105507850647,-0.518796980381012,0.4496240019798279,0.4375939667224884,0.4932330548763275,0.48571425676345825,0.036090247333049774,-0.000692102184984833,0.0004657529352698475
vit_base_patch16_224,visformer_small,phase,33,ILSVRC2012_val_00039748.JPEG,-0.22857142984867096,-0.2390977442264557,0.0015037618577480316,0.054135337471961975,0.012030079960823059,0.01353384181857109,-0.07669172435998917,0.0004442067875061184,0.00018244069360662252
vit_base_patch16_224,visformer_small,flip,32,ILSVRC2012_val_00039746.JPEG,0.24210526049137115,0.22406016290187836,0.09473684430122375,0.06616540253162384,0.02556389570236206,0.04360900819301605,-0.23609022796154022,4.886524038738571e-05,0.0002033576456597075
vit_base_patch16_224,visformer_small,flip,33,ILSVRC2012_val_00039748.JPEG,-0.14586466550827026,-0.16992484033107758,-0.3458646535873413,-0.3578947186470032,-0.18045109510421753,-0.16390974819660187,-0.10375940799713135,-0.00017989278421737254,-6.680805381620303e-05
vit_base_patch16_224,visformer_small,consensus,32,ILSVRC2012_val_00039746.JPEG,-0.09022554755210876,-0.11729322373867035,0.30676692724227905,0.2917293310165405,0.2751879394054413,0.2947368025779724,-0.27518796920776367,-0.00018266044207848608,0.0004309108480811119
vit_base_patch16_224,visformer_small,consensus,33,ILSVRC2012_val_00039748.JPEG,-0.20000003278255463,-0.2255639284849167,-0.31578946113586426,-0.29323306679725647,-0.22857141494750977,-0.20902255177497864,-0.04210526496171951,-0.00047911424189805984,-6.680805381620303e-05
vit_base_patch16_224,visformer_small,shuffled_semantic,32,ILSVRC2012_val_00039746.JPEG,-0.2120300829410553,-0.18646617233753204,0.5323308706283569,0.5263158082962036,0.5323308706283569,0.5308270454406738,0.33984965085983276,-0.0004744783218484372,6.173383735585958e-05
vit_base_patch16_224,visformer_small,shuffled_semantic,33,ILSVRC2012_val_00039748.JPEG,0.18195489048957825,0.1849624067544937,-0.4406014680862427,-0.4330826997756958,-0.3323307931423187,-0.3413533568382263,0.05714286118745804,0.00041697322740219533,0.0009333210182376206
vit_base_patch16_224,visformer_small,permuted_score,32,ILSVRC2012_val_00039746.JPEG,-0.013533860445022583,-0.03609025478363037,0.013533838093280792,0.03308269381523132,-0.015037596225738525,-0.01503761112689972,-0.028571441769599915,0.00024334053159691393,5.163932291907258e-05
vit_base_patch16_224,visformer_small,permuted_score,33,ILSVRC2012_val_00039748.JPEG,0.27518796920776367,0.2586466073989868,-0.03157894313335419,-0.028571411967277527,-0.10075190663337708,-0.14285719394683838,0.15789476037025452,-3.67075226677116e-05,-0.0002483222633600235
vit_base_patch16_224,visformer_small,phase,34,ILSVRC2012_val_00039815.JPEG,-0.21503758430480957,-0.19248120486736298,0.5007519125938416,0.523308277130127,0.4736841917037964,0.4887217879295349,0.5293233394622803,-0.0005809768917970359,-0.0004110261797904968
vit_base_patch16_224,visformer_small,phase,35,ILSVRC2012_val_00039842.JPEG,-0.007518798112869263,-0.04060149937868118,0.12481202185153961,0.1428571492433548,0.30225566029548645,0.27819550037384033,0.5368421077728271,-0.00026707761571742594,0.0006260631489567459
vit_base_patch16_224,visformer_small,flip,34,ILSVRC2012_val_00039815.JPEG,0.1428571343421936,0.11127819865942001,0.23157896101474762,0.2300751805305481,0.21503756940364838,0.21353381872177124,0.1563909947872162,-0.0004661627172026783,-0.0010285362368449569
vit_base_patch16_224,visformer_small,flip,35,ILSVRC2012_val_00039842.JPEG,-0.0466165654361248,-0.042105261236429214,0.22857144474983215,0.2030075490474701,0.3218045234680176,0.29624059796333313,0.18045112490653992,-0.00026707761571742594,0.0001942852104548365
vit_base_patch16_224,visformer_small,consensus,34,ILSVRC2012_val_00039815.JPEG,-0.18345865607261658,-0.18345865607261658,0.3729323446750641,0.3774436116218567,0.48120298981666565,0.49022555351257324,0.4436090290546417,-0.0005864638951607049,-0.0010285362368449569
vit_base_patch16_224,visformer_small,consensus,35,ILSVRC2012_val_00039842.JPEG,-0.039097756147384644,-0.04962405562400818,0.07969926297664642,0.06917295604944229,0.26466166973114014,0.2390977442264557,0.42105263471603394,-0.00026707761571742594,0.0005716664018109441
vit_base_patch16_224,visformer_small,shuffled_semantic,34,ILSVRC2012_val_00039815.JPEG,0.48571428656578064,0.4436090588569641,-0.10225562751293182,-0.1654135137796402,-0.3533834218978882,-0.3684210777282715,-0.5172932147979736,-0.00031238162773661315,-0.001730556832626462
vit_base_patch16_224,visformer_small,shuffled_semantic,35,ILSVRC2012_val_00039842.JPEG,0.03609023243188858,0.048120297491550446,-0.04962405562400818,-0.028571434319019318,0.05714286118745804,0.04360903054475784,0.0015037395060062408,0.00021824856230523437,0.0007569413282908499
vit_base_patch16_224,visformer_small,permuted_score,34,ILSVRC2012_val_00039815.JPEG,-0.02857142686843872,0.0045112669467926025,0.442105233669281,0.4706766605377197,0.3353383541107178,0.3278195559978485,0.5984961986541748,-0.00042500236304476857,-0.0007699504494667053
vit_base_patch16_224,visformer_small,permuted_score,35,ILSVRC2012_val_00039842.JPEG,-0.037593986839056015,-0.02556391805410385,0.11879698932170868,0.11127819120883942,0.030075177550315857,0.04360900819301605,0.016541339457035065,0.0001884304074337706,0.00010190792818320915
vit_base_patch16_224,visformer_small,phase,36,ILSVRC2012_val_00039892.JPEG,0.14887216687202454,0.15939849615097046,0.3488721549510956,0.3263157904148102,0.1924811750650406,0.18646614253520966,-0.007518790662288666,-9.92270652204752e-05,-0.0006032860837876797
vit_base_patch16_224,visformer_small,phase,37,ILSVRC2012_val_00039939.JPEG,-0.36691728234291077,-0.3924812078475952,0.0015037581324577332,3.725290298461914e-09,0.2872180640697479,0.26015040278434753,0.09473685920238495,-0.0003488995134830475,7.880926568759605e-05
vit_base_patch16_224,visformer_small,flip,36,ILSVRC2012_val_00039892.JPEG,-0.14135338366031647,-0.11879699677228928,-0.31278195977211,-0.3503759503364563,-0.25563907623291016,-0.2616541385650635,0.07518796622753143,-0.0002289576077600941,-0.00018173274293076247
vit_base_patch16_224,visformer_small,flip,37,ILSVRC2012_val_00039939.JPEG,-0.2541353106498718,-0.25263160467147827,0.3729323148727417,0.31127822399139404,0.40902262926101685,0.3684210777282715,0.009022578597068787,-0.0008760865894146264,-0.0005158752319402993
vit_base_patch16_224,visformer_small,consensus,36,ILSVRC2012_val_00039892.JPEG,0.10827068984508514,0.12180452793836594,0.01052631065249443,-0.015037599951028824,-0.1293233036994934,-0.1338346004486084,-0.09774436056613922,-0.0003322093398310244,-0.000726034224499017
vit_base_patch16_224,visformer_small,consensus,37,ILSVRC2012_val_00039939.JPEG,-0.5097744464874268,-0.5203007459640503,0.3172932267189026,0.28872179985046387,0.5203007459640503,0.48721808195114136,0.09323307126760483,-0.0005867697182111442,9.460374712944031e-05
vit_base_patch16_224,visformer_small,shuffled_semantic,36,ILSVRC2012_val_00039892.JPEG,0.1473684310913086,0.11428571492433548,0.10075189918279648,0.10676689445972443,0.06616543233394623,0.057142868638038635,-0.08872181177139282,0.00010716026008594781,-0.00013610502355732024
vit_base_patch16_224,visformer_small,shuffled_semantic,37,ILSVRC2012_val_00039939.JPEG,-0.09323306381702423,-0.04511277377605438,-0.4195488691329956,-0.4150375723838806,-0.05263158679008484,-0.10827068239450455,-0.2436090111732483,-0.0006280210218392313,-0.00021648556867148727
vit_base_patch16_224,visformer_small,permuted_score,36,ILSVRC2012_val_00039892.JPEG,-0.544360876083374,-0.5428571701049805,0.09924812614917755,0.09172933548688889,0.36090224981307983,0.3428571820259094,-0.24210524559020996,-0.0006228034617379308,0.00210137409158051
vit_base_patch16_224,visformer_small,permuted_score,37,ILSVRC2012_val_00039939.JPEG,0.2075188010931015,0.3037593960762024,-0.14436089992523193,-0.12781955301761627,-0.20000001788139343,-0.2075188159942627,-0.027067672461271286,-0.000507610326167196,-0.0007701076683588326
vit_base_patch16_224,visformer_small,phase,38,ILSVRC2012_val_00040016.JPEG,0.04962405189871788,0.003007512539625168,0.18195489048957825,0.23308271169662476,0.08872181177139282,0.1383458822965622,0.10977443307638168,0.0013256754027679563,0.0005957592511549592
vit_base_patch16_224,visformer_small,phase,39,ILSVRC2012_val_00040140.JPEG,0.4481202960014343,0.39849621057510376,0.5924811959266663,0.583458662033081,0.2766917645931244,0.2902255356311798,0.17744357883930206,0.0009039498982019722,-0.0007203053683042526
vit_base_patch16_224,visformer_small,flip,38,ILSVRC2012_val_00040016.JPEG,0.2255639135837555,0.19849622249603271,-0.5639097690582275,-0.5654135346412659,-0.3909774422645569,-0.4135338068008423,0.05563909932971001,0.001019133604131639,-0.0006372653297148645
vit_base_patch16_224,visformer_small,flip,39,ILSVRC2012_val_00040140.JPEG,0.3684210479259491,0.36691731214523315,0.22857141494750977,0.22706766426563263,0.20451128482818604,0.18796993792057037,-0.20150376856327057,-0.00031330063939094543,-0.00231907214038074
vit_base_patch16_224,visformer_small,consensus,38,ILSVRC2012_val_00040016.JPEG,0.2676691710948944,0.18496239185333252,-0.21353381872177124,-0.1654135286808014,-0.2210526317358017,-0.1804511398077011,0.09473685920238495,0.0014537257375195622,-0.0004298347921576351
vit_base_patch16_224,visformer_small,consensus,39,ILSVRC2012_val_00040140.JPEG,0.5849624276161194,0.553383469581604,0.5052631497383118,0.49473682045936584,0.17142854630947113,0.16691729426383972,0.1609022617340088,0.000984909012913704,-0.0008323706570081413
vit_base_patch16_224,visformer_small,shuffled_semantic,38,ILSVRC2012_val_00040016.JPEG,-0.02706768363714218,-0.0691729187965393,-0.06616540998220444,-0.01654134690761566,-0.14586468040943146,-0.13233084976673126,0.28421053290367126,-3.633294181781821e-05,0.0003388388140592724
vit_base_patch16_224,visformer_small,shuffled_semantic,39,ILSVRC2012_val_00040140.JPEG,0.2616541385650635,0.272180438041687,0.320300817489624,0.2992481589317322,0.3233082890510559,0.32932332158088684,-0.3503759503364563,-0.0004583492991514504,-0.0024978150613605976
vit_base_patch16_224,visformer_small,permuted_score,38,ILSVRC2012_val_00040016.JPEG,0.0691729336977005,0.05263156071305275,-0.30526313185691833,-0.2661653757095337,-0.29624059796333313,-0.28872179985046387,0.27368423342704773,0.0009888800559565425,0.0004608500748872757
vit_base_patch16_224,visformer_small,permuted_score,39,ILSVRC2012_val_00040140.JPEG,0.022556409239768982,0.004511281847953796,-0.1428571343421936,-0.16842103004455566,-0.07518796622753143,-0.10375940799713135,-0.24360904097557068,-0.0006345074507407844,-0.000407511368393898
vit_base_patch16_224,visformer_small,phase,40,ILSVRC2012_val_00040221.JPEG,-0.32932332158088684,-0.2436090111732483,-0.1518796980381012,-0.15338343381881714,-0.03157894313335419,-0.024060145020484924,0.2962406277656555,-0.0012763271806761622,0.0005238191224634647
vit_base_patch16_224,visformer_small,phase,41,ILSVRC2012_val_00040291.JPEG,-0.3218044936656952,-0.3639097809791565,0.3879699110984802,0.37443608045578003,0.5052631497383118,0.5052631497383118,0.26466163992881775,-0.0004280435969121754,0.00026428577257320285
vit_base_patch16_224,visformer_small,flip,40,ILSVRC2012_val_00040221.JPEG,-0.5609022378921509,-0.5849623680114746,-0.6827067136764526,-0.6631579399108887,-0.5172932147979736,-0.4616541564464569,-0.17593984305858612,-0.0005775163881480694,0.0012529455125331879
vit_base_patch16_224,visformer_small,flip,41,ILSVRC2012_val_00040291.JPEG,-0.0060150474309921265,0.024060148745775223,-0.5293232798576355,-0.5127819180488586,-0.44060152769088745,-0.44060152769088745,-0.09924811124801636,-0.0001493598538218066,0.00012524044723249972
vit_base_patch16_224,visformer_small,consensus,40,ILSVRC2012_val_00040221.JPEG,-0.6045112609863281,-0.5473684072494507,-0.5308271050453186,-0.5052631497383118,-0.35338348150253296,-0.3097744584083557,0.00300753116607666,-0.0018798124510794878,0.0014021627139300108
vit_base_patch16_224,visformer_small,consensus,41,ILSVRC2012_val_00040291.JPEG,-0.24511276185512543,-0.24511274695396423,-0.09774437546730042,-0.08721807599067688,0.05714285373687744,0.05714285373687744,0.24210524559020996,-0.00012206763494759798,0.00047946354607120156
vit_base_patch16_224,visformer_small,shuffled_semantic,40,ILSVRC2012_val_00040221.JPEG,0.12781953811645508,0.1157894879579544,0.41804513335227966,0.4601503908634186,0.43909773230552673,0.49473685026168823,0.052631571888923645,-0.0011903861304745078,0.00021590878895949572
vit_base_patch16_224,visformer_small,shuffled_semantic,41,ILSVRC2012_val_00040291.JPEG,-0.022556394338607788,-0.04060150682926178,0.12481202185153961,0.12030075490474701,-0.024060145020484924,-0.024060145020484924,0.09022555500268936,0.0003584831138141453,0.00017371252761222422
vit_base_patch16_224,visformer_small,permuted_score,40,ILSVRC2012_val_00040221.JPEG,-0.11127818375825882,-0.17293232679367065,-0.23157896101474762,-0.26466166973114014,-0.1699248105287552,-0.1789473593235016,-0.5954887270927429,-7.24575511412695e-05,0.0008219978190027177
vit_base_patch16_224,visformer_small,permuted_score,41,ILSVRC2012_val_00040291.JPEG,-0.08872179687023163,-3.725290298461914e-09,-0.10225562751293182,-0.05864660069346428,-0.07067666947841644,-0.07067666947841644,0.23458647727966309,-2.3685629457759205e-06,-0.0001321524614468217
vit_base_patch16_224,visformer_small,phase,42,ILSVRC2012_val_00040345.JPEG,-0.5548871755599976,-0.5323308110237122,-0.651127815246582,-0.6616541147232056,-0.5308270454406738,-0.587969958782196,0.8360902070999146,-0.0010753266979008913,0.0004649095353670418
vit_base_patch16_224,visformer_small,phase,43,ILSVRC2012_val_00040407.JPEG,0.0827067643404007,0.09172932803630829,-0.33984965085983276,-0.3233082890510559,-0.2541353404521942,-0.24210527539253235,0.05263160914182663,-2.1492318410309963e-05,-0.00023589619377162308
vit_base_patch16_224,visformer_small,flip,42,ILSVRC2012_val_00040345.JPEG,-0.19849622249603271,-0.20451126992702484,0.17744359374046326,0.16842104494571686,0.22255639731884003,0.20601503551006317,-0.09924812614917755,-0.0005836427444592118,-9.869038876786362e-06
vit_base_patch16_224,visformer_small,flip,43,ILSVRC2012_val_00040407.JPEG,0.05413533002138138,0.028571411967277527,-0.7338346242904663,-0.7172932624816895,-0.5894736647605896,-0.5864661335945129,-0.08872178941965103,-0.000104537233710289,-0.00014576446847058833
vit_base_patch16_224,visformer_small,consensus,42,ILSVRC2012_val_00040345.JPEG,-0.5939849615097046,-0.571428656578064,-0.5548872351646423,-0.5699247717857361,-0.42105263471603394,-0.46917295455932617,0.5984962582588196,-0.0008114073425531387,0.0002191446692449972
vit_base_patch16_224,visformer_small,consensus,43,ILSVRC2012_val_00040407.JPEG,0.11278194934129715,0.12030074745416641,-0.5142857432365417,-0.49624061584472656,-0.4285714328289032,-0.41654133796691895,0.05263161659240723,3.811828719335608e-05,-0.00023589619377162308
vit_base_patch16_224,visformer_small,shuffled_semantic,42,ILSVRC2012_val_00040345.JPEG,-0.18195492029190063,-0.1669173240661621,-0.05413533002138138,-0.09774435311555862,0.02255638688802719,-0.039097756147384644,0.1849624216556549,-0.0005423039547167718,-0.0002300210326211527
vit_base_patch16_224,visformer_small,shuffled_semantic,43,ILSVRC2012_val_00040407.JPEG,-0.15338344871997833,-0.17593984305858612,0.1744360774755478,0.15789473056793213,0.15338344871997833,0.15789473056793213,0.08270677179098129,-0.00039917658432386816,4.229135811328888e-06
vit_base_patch16_224,visformer_small,permuted_score,42,ILSVRC2012_val_00040345.JPEG,-0.27368423342704773,-0.31127819418907166,0.5518797039985657,0.5353383421897888,0.6706766486167908,0.646616518497467,-0.6285714507102966,-0.0006567150703631341,-0.0003434036043472588
vit_base_patch16_224,visformer_small,permuted_score,43,ILSVRC2012_val_00040407.JPEG,0.054135337471961975,0.01052633672952652,-0.5248120427131653,-0.5127819776535034,-0.4646616578102112,-0.4616541266441345,0.0045112743973731995,-0.0002078389807138592,-0.00011972468200838193
vit_base_patch16_224,visformer_small,phase,44,ILSVRC2012_val_00040452.JPEG,-0.20000000298023224,-0.13233081996440887,0.3097744584083557,0.3007518947124481,0.31127819418907166,0.308270663022995,-0.4796992540359497,-4.567913856590167e-05,-5.4569169151363894e-05
vit_base_patch16_224,visformer_small,phase,45,ILSVRC2012_val_00040457.JPEG,-0.07518796622753143,-0.08571428060531616,-0.7969924807548523,-0.7894737124443054,-0.800000011920929,-0.800000011920929,0.016541343182325363,-0.0005987472832202911,0.002669716253876686
vit_base_patch16_224,visformer_small,flip,44,ILSVRC2012_val_00040452.JPEG,0.1563909947872162,0.12631580233573914,0.2796992361545563,0.3097744286060333,0.2962406277656555,0.28872179985046387,-0.04210526496171951,-0.0001393202692270279,-0.00037604087265208364
vit_base_patch16_224,visformer_small,flip,45,ILSVRC2012_val_00040457.JPEG,-0.3142857253551483,-0.33984965085983276,-0.723308265209198,-0.7263157963752747,-0.5804511308670044,-0.5804511308670044,0.21954888105392456,-0.000645406951662153,0.0034321739803999662
vit_base_patch16_224,visformer_small,consensus,44,ILSVRC2012_val_00040452.JPEG,-0.06766919791698456,-0.010526344180107117,0.3578947186470032,0.3834586441516876,0.3879699110984802,0.38345861434936523,-0.42255640029907227,-0.00012132823758292943,-0.00011932104825973511
vit_base_patch16_224,visformer_small,consensus,45,ILSVRC2012_val_00040457.JPEG,-0.17894738912582397,-0.19699248671531677,-0.7744361162185669,-0.7684210538864136,-0.723308265209198,-0.723308265209198,0.05413534864783287,-0.0006309081218205392,0.003337534610182047
vit_base_patch16_224,visformer_small,shuffled_semantic,44,ILSVRC2012_val_00040452.JPEG,-0.0917293131351471,-0.1338346004486084,0.012030065059661865,-0.007518809288740158,0.045112788677215576,0.049624063074588776,0.17744362354278564,-0.0005220320308580995,-0.0003799445985350758
vit_base_patch16_224,visformer_small,shuffled_semantic,45,ILSVRC2012_val_00040457.JPEG,-0.13684213161468506,-0.14135336875915527,-0.276691734790802,-0.2947368621826172,-0.3278195261955261,-0.3278195261955261,0.09473684430122375,-0.0012785394210368395,-0.0011946879094466567
vit_base_patch16_224,visformer_small,permuted_score,44,ILSVRC2012_val_00040452.JPEG,-0.049624063074588776,-0.0075187962502241135,-0.4060150384902954,-0.4090225100517273,-0.35338345170021057,-0.36240601539611816,0.11127820611000061,-0.000585559755563736,-0.0008888561278581619
vit_base_patch16_224,visformer_small,permuted_score,45,ILSVRC2012_val_00040457.JPEG,-0.3684210777282715,-0.36240601539611816,-0.6661654114723206,-0.6751879453659058,-0.651127815246582,-0.651127815246582,0.3308270573616028,-0.0013414263958111405,-0.0008983004954643548
vit_base_patch16_224,visformer_small,phase,46,ILSVRC2012_val_00040494.JPEG,0.3187969923019409,0.29624059796333313,-0.07218044996261597,-0.07067668437957764,-0.17744360864162445,-0.15789474546909332,0.3999999761581421,0.0015730233862996101,-0.00041573774069547653
vit_base_patch16_224,visformer_small,phase,47,ILSVRC2012_val_00040541.JPEG,0.048120271414518356,0.08872178196907043,-0.04360901564359665,-0.03308270126581192,0.08721807599067688,0.10075190663337708,-0.0736841931939125,-0.0003898360882885754,-8.256505680037662e-05
vit_base_patch16_224,visformer_small,flip,46,ILSVRC2012_val_00040494.JPEG,0.03609022498130798,0.00300753116607666,-0.10676690936088562,-0.10075186938047409,-0.057142842561006546,-0.04511276260018349,0.34436091780662537,0.0009387627360410988,0.00022475198784377426
vit_base_patch16_224,visformer_small,flip,47,ILSVRC2012_val_00040541.JPEG,0.2616541385650635,0.2857142686843872,0.01954888552427292,0.009022578597068787,-0.03909773379564285,-0.06466164439916611,0.055639103055000305,0.00019443621567916125,-0.0006251030135899782
vit_base_patch16_224,visformer_small,consensus,46,ILSVRC2012_val_00040494.JPEG,-0.05413534864783287,-0.07067669928073883,0.00300753116607666,0.0060150399804115295,0.025563910603523254,0.045112788677215576,0.44962403178215027,0.0007006758823990822,0.0004432670830283314
vit_base_patch16_224,visformer_small,consensus,47,ILSVRC2012_val_00040541.JPEG,0.12030073255300522,0.1518796682357788,-0.03157894313335419,-0.03609021008014679,0.0601503849029541,0.055639103055000305,0.0,-5.347747355699539e-05,-8.256505680037662e-05
vit_base_patch16_224,visformer_small,shuffled_semantic,46,ILSVRC2012_val_00040494.JPEG,0.04210526496171951,0.07218045741319656,-0.02706768922507763,-0.040601521730422974,-0.10676692426204681,-0.08421052247285843,0.15338346362113953,0.0015500078443437815,0.0003503032203298062
vit_base_patch16_224,visformer_small,shuffled_semantic,47,ILSVRC2012_val_00040541.JPEG,0.18345865607261658,0.17894737422466278,-0.03308270126581192,-0.01654134690761566,-0.15789476037025452,-0.1518797129392624,0.19699245691299438,9.48813758441247e-05,-9.130714897764847e-05
vit_base_patch16_224,visformer_small,permuted_score,46,ILSVRC2012_val_00040494.JPEG,0.05112782120704651,0.0646616518497467,-0.23909775912761688,-0.2526315748691559,-0.2661654055118561,-0.2947368323802948,-0.36240601539611816,-0.00017813667363952845,-6.994493742240593e-05
vit_base_patch16_224,visformer_small,permuted_score,47,ILSVRC2012_val_00040541.JPEG,0.1248120442032814,0.156390979886055,-0.21052631735801697,-0.2120300531387329,-0.24962405860424042,-0.23157894611358643,-0.18947365880012512,7.19997551641427e-05,-7.18383162165992e-05
vit_base_patch16_224,visformer_small,phase,48,ILSVRC2012_val_00040601.JPEG,0.16842105984687805,0.21503761410713196,-0.36992478370666504,-0.38345861434936523,-0.41804513335227966,-0.40751880407333374,-0.2962406277656555,-0.00026127533055841923,-0.0007429737597703934
vit_base_patch16_224,visformer_small,phase,49,ILSVRC2012_val_00040634.JPEG,0.2030075043439865,0.23609021306037903,0.36691731214523315,0.35187968611717224,0.2571428716182709,0.23759397864341736,0.11729323118925095,0.0005652965046465397,-0.00014477076183538884
vit_base_patch16_224,visformer_small,flip,48,ILSVRC2012_val_00040601.JPEG,0.03308270871639252,0.04210526496171951,-0.5518796443939209,-0.548872172832489,-0.5218045115470886,-0.5398496389389038,-0.4105263352394104,-7.810257557139266e-06,-0.00015857788093853742
vit_base_patch16_224,visformer_small,flip,49,ILSVRC2012_val_00040634.JPEG,-0.15939846634864807,-0.2436090111732483,-0.18796993792057037,-0.19097745418548584,-0.09022557735443115,-0.111278235912323,0.25112780928611755,-0.00022170277952682227,0.0005911821499466896
vit_base_patch16_224,visformer_small,consensus,48,ILSVRC2012_val_00040601.JPEG,0.06616541743278503,0.09924811869859695,-0.4932330846786499,-0.5052631497383118,-0.49624061584472656,-0.4932330846786499,-0.35338345170021057,-0.0005038611125200987,0.00015044146857690066
vit_base_patch16_224,visformer_small,consensus,49,ILSVRC2012_val_00040634.JPEG,0.15789474546909332,0.08872181177139282,0.09774433076381683,0.06766914576292038,-0.0075188130140304565,-0.043609052896499634,0.2992481291294098,-6.602956273127347e-05,-0.00028546625981107354
vit_base_patch16_224,visformer_small,shuffled_semantic,48,ILSVRC2012_val_00040601.JPEG,0.02255639061331749,0.06766917556524277,-0.3593984842300415,-0.35639095306396484,-0.37142857909202576,-0.3593984842300415,-0.3578947186470032,0.00019112256995867938,5.449587479233742e-05
vit_base_patch16_224,visformer_small,shuffled_semantic,49,ILSVRC2012_val_00040634.JPEG,-0.0015037506818771362,0.025563910603523254,-0.13984963297843933,-0.1609022617340088,-0.23308271169662476,-0.2586466073989868,0.15789473056793213,0.00017125716840382665,0.00011823840759461746
vit_base_patch16_224,visformer_small,permuted_score,48,ILSVRC2012_val_00040601.JPEG,0.1473684310913086,0.156390979886055,0.32030075788497925,0.3187969923019409,0.23759399354457855,0.23157894611358643,0.14436089992523193,0.0004696844262070954,2.3531541955890134e-05
vit_base_patch16_224,visformer_small,permuted_score,49,ILSVRC2012_val_00040634.JPEG,-0.11278194934129715,-0.08571428805589676,-0.4977443814277649,-0.446616530418396,-0.34285712242126465,-0.32030078768730164,-0.2030075490474701,-0.00037370246718637645,-7.852346607251093e-05
vit_base_patch16_224,visformer_small,phase,50,ILSVRC2012_val_00040798.JPEG,0.18045111000537872,0.165413498878479,-0.3037593960762024,-0.29323306679725647,-0.37142854928970337,-0.344360888004303,0.15789471566677094,0.002607041969895363,0.0004954500473104417
vit_base_patch16_224,visformer_small,phase,51,ILSVRC2012_val_00040930.JPEG,0.3263157606124878,0.3699248135089874,0.6902256011962891,0.6977443695068359,0.5924811959266663,0.5954886674880981,0.15037593245506287,0.0006413251394405961,-0.0008549899212084711
vit_base_patch16_224,visformer_small,flip,50,ILSVRC2012_val_00040798.JPEG,-0.17293235659599304,-0.1248120442032814,-0.4706767201423645,-0.42706769704818726,-0.36240601539611816,-0.3398496210575104,-0.40751880407333374,-0.0010418329620733857,-0.000707406725268811
vit_base_patch16_224,visformer_small,flip,51,ILSVRC2012_val_00040930.JPEG,0.045112766325473785,0.09774434566497803,0.45263156294822693,0.4661653935909271,0.5593984723091125,0.548872172832489,-0.11428569257259369,-0.0005771562573499978,-0.0008549899212084711
vit_base_patch16_224,visformer_small,consensus,50,ILSVRC2012_val_00040798.JPEG,0.19999997317790985,0.21804508566856384,-0.612030029296875,-0.6060149669647217,-0.6225563883781433,-0.5999999642372131,-0.08421052992343903,0.002317746402695775,-0.0011257050791755319
vit_base_patch16_224,visformer_small,consensus,51,ILSVRC2012_val_00040930.JPEG,0.20451128482818604,0.25563913583755493,0.6947368383407593,0.6992481350898743,0.6481202840805054,0.6375939846038818,0.16691729426383972,-1.4664978152723052e-05,-0.0008549899212084711
vit_base_patch16_224,visformer_small,shuffled_semantic,50,ILSVRC2012_val_00040798.JPEG,0.09473682940006256,0.07067668437957764,0.19699248671531677,0.2631579041481018,0.0781954973936081,0.11428570747375488,-0.14135336875915527,-0.00010971185110975057,-0.001303476863540709
vit_base_patch16_224,visformer_small,shuffled_semantic,51,ILSVRC2012_val_00040930.JPEG,-0.23308271169662476,-0.3007518947124481,-0.3278195261955261,-0.3458646237850189,-0.25563913583755493,-0.23007521033287048,-0.2902255654335022,-0.0010638743406161666,-0.000171891602803953
vit_base_patch16_224,visformer_small,permuted_score,50,ILSVRC2012_val_00040798.JPEG,0.07669173181056976,0.14887216687202454,-0.25263160467147827,-0.27067673206329346,-0.2586466372013092,-0.27067673206329346,-0.32932329177856445,0.00032676217961125076,-0.0005497701349668205
vit_base_patch16_224,visformer_small,permuted_score,51,ILSVRC2012_val_00040930.JPEG,0.012030050158500671,0.03458644449710846,-0.10526315867900848,-0.13533833622932434,-0.3037593960762024,-0.3368420898914337,-0.0646616518497467,-0.0003557793970685452,-0.0005888946470804513
vit_base_patch16_224,visformer_small,phase,52,ILSVRC2012_val_00040952.JPEG,0.12330826371908188,0.15037594735622406,-0.2541353404521942,-0.2255639135837555,-0.3263157904148102,-0.3218045234680176,0.2075188010931015,-0.00022921116033103317,-0.0010718897683545947
vit_base_patch16_224,visformer_small,phase,53,ILSVRC2012_val_00040966.JPEG,-0.24661652743816376,-0.23157894611358643,0.45864662528038025,0.40300750732421875,0.3037594258785248,0.29323309659957886,-0.11879700422286987,-0.00037935396539978683,1.6981735825538635e-05
vit_base_patch16_224,visformer_small,flip,52,ILSVRC2012_val_00040952.JPEG,-0.2541353404521942,-0.2390977442264557,-0.22255638241767883,-0.2210526317358017,-0.07669171690940857,-0.08872176706790924,0.13082705438137054,-0.0001902699441416189,0.0003397628606762737
vit_base_patch16_224,visformer_small,flip,53,ILSVRC2012_val_00040966.JPEG,0.2030075341463089,0.18195489048957825,-0.09924812614917755,-0.08721804618835449,-0.11428570002317429,-0.05864659696817398,-0.4736842215061188,-0.00042957981349900365,-0.0004095260228496045
vit_base_patch16_224,visformer_small,consensus,52,ILSVRC2012_val_00040952.JPEG,-0.2300751954317093,-0.1849624216556549,-0.11127820611000061,-0.09774436056613922,-0.05864661931991577,-0.08120299875736237,0.1383458524942398,-0.00041368306847289205,0.00016136169142555445
vit_base_patch16_224,visformer_small,consensus,53,ILSVRC2012_val_00040966.JPEG,0.051127806305885315,0.030075177550315857,0.16842104494571686,0.15939846634864807,0.13383455574512482,0.1744360625743866,-0.544360876083374,6.508287333417684e-05,5.087852696306072e-05
vit_base_patch16_224,visformer_small,shuffled_semantic,52,ILSVRC2012_val_00040952.JPEG,0.446616530418396,0.4195488691329956,-0.45413529872894287,-0.4375939965248108,-0.5894737243652344,-0.5759398937225342,0.2496240735054016,0.0005028829327784479,-0.0008906424045562744
vit_base_patch16_224,visformer_small,shuffled_semantic,53,ILSVRC2012_val_00040966.JPEG,-0.26015037298202515,-0.2812030017375946,-0.07669171690940857,-0.07969924062490463,0.11127821356058121,0.10225566476583481,-0.133834570646286,-1.9510091078700498e-05,0.00018622521020006388
vit_base_patch16_224,visformer_small,permuted_score,52,ILSVRC2012_val_00040952.JPEG,0.10375940799713135,0.10676690936088562,-0.05413534492254257,-0.04360903799533844,-0.04962405562400818,-0.02255638688802719,-0.10977442562580109,4.769414590555243e-05,-0.0004813626583199948
vit_base_patch16_224,visformer_small,permuted_score,53,ILSVRC2012_val_00040966.JPEG,-0.442105233669281,-0.4270676374435425,0.05714285373687744,0.05263157933950424,0.37443608045578003,0.29624059796333313,0.3323308229446411,-0.0010459149489179254,0.0007965134573169053
vit_base_patch16_224,visformer_small,phase,54,ILSVRC2012_val_00041010.JPEG,0.07669173926115036,0.05864661559462547,0.06165413185954094,0.06165413185954094,0.07368423044681549,0.12330827862024307,-0.2030075192451477,8.716141019249335e-05,0.00028476904844865203
vit_base_patch16_224,visformer_small,phase,55,ILSVRC2012_val_00041063.JPEG,-0.3684210479259491,-0.3458646237850189,-0.24962404370307922,-0.1939849555492401,-0.0736842155456543,-0.04360900819301605,-0.3684210777282715,-0.0011661977041512728,-0.00032942593679763377
vit_base_patch16_224,visformer_small,flip,54,ILSVRC2012_val_00041010.JPEG,-0.13082705438137054,-0.10375939309597015,-0.3097744286060333,-0.3097744286060333,-0.38496237993240356,-0.4285714030265808,-0.09624059498310089,0.00012069521471858025,0.0003674389736261219
vit_base_patch16_224,visformer_small,flip,55,ILSVRC2012_val_00041063.JPEG,-0.03458645939826965,0.04060150682926178,-0.3398496210575104,-0.33383458852767944,-0.2631578743457794,-0.21503758430480957,-0.12180449068546295,-0.0009526304784230888,-0.0005903273704461753
vit_base_patch16_224,visformer_small,consensus,54,ILSVRC2012_val_00041010.JPEG,-0.11127818375825882,-0.12030074000358582,-0.2481202930212021,-0.2481202930212021,-0.2616541087627411,-0.2436090111732483,-0.3142856955528259,0.0002254273131256923,0.0009087953949347138
vit_base_patch16_224,visformer_small,consensus,55,ILSVRC2012_val_00041063.JPEG,-0.29323312640190125,-0.1849624067544937,-0.5624060034751892,-0.5248119831085205,-0.33984965085983276,-0.308270663022995,-0.2210526317358017,-0.0009933710098266602,-0.0006858706474304199
vit_base_patch16_224,visformer_small,shuffled_semantic,54,ILSVRC2012_val_00041010.JPEG,0.34736841917037964,0.28421053290367126,0.19548873603343964,0.19548873603343964,-0.05714285373687744,-0.060150373727083206,0.37593987584114075,0.00012784953287336975,-0.00017750098777469248
vit_base_patch16_224,visformer_small,shuffled_semantic,55,ILSVRC2012_val_00041063.JPEG,0.17593985795974731,0.057142846286296844,0.3969925045967102,0.3864661455154419,0.2165413498878479,0.2812030017375946,0.47669175267219543,-0.0010225102305412292,-0.0005615502595901489
vit_base_patch16_224,visformer_small,permuted_score,54,ILSVRC2012_val_00041010.JPEG,-0.2120300829410553,-0.23609022796154022,-0.21804511547088623,-0.21804511547088623,-0.2300751805305481,-0.1939849555492401,-0.3684210777282715,-0.0003890164662152529,-0.00038213428342714906
vit_base_patch16_224,visformer_small,permuted_score,55,ILSVRC2012_val_00041063.JPEG,0.04210525006055832,0.1563909649848938,-0.3909774422645569,-0.3864661455154419,-0.27518796920776367,-0.3729323148727417,-0.02406015247106552,-0.0002903953136410564,-0.00047410279512405396
vit_base_patch16_224,visformer_small,phase,56,ILSVRC2012_val_00041080.JPEG,0.009022558107972145,0.0030075074173510075,0.7443609237670898,0.7413533329963684,0.6992481350898743,0.7097744941711426,0.6165413856506348,-0.0004901356878690422,-0.0003665134427137673
vit_base_patch16_224,visformer_small,phase,57,ILSVRC2012_val_00041241.JPEG,0.3323308527469635,0.3097744584083557,0.3879699409008026,0.3097744584083557,0.006015032529830933,-0.006015032529830933,0.2030075192451477,0.0009630286949686706,-0.0009140862384811044
vit_base_patch16_224,visformer_small,flip,56,ILSVRC2012_val_00041080.JPEG,-0.043609026819467545,-0.031578946858644485,0.4045112729072571,0.3819548487663269,0.37142854928970337,0.3729323148727417,0.05112782120704651,-9.656250767875463e-05,-0.0003766052541323006
vit_base_patch16_224,visformer_small,flip,57,ILSVRC2012_val_00041241.JPEG,-0.11578948050737381,-0.04661654308438301,0.1518797129392624,0.13533835113048553,0.11127819120883942,0.07067669928073883,-0.054135337471961975,0.0003020627482328564,0.0002616636047605425
vit_base_patch16_224,visformer_small,consensus,56,ILSVRC2012_val_00041080.JPEG,-0.1248120367527008,-0.11879699677228928,0.8496240377426147,0.8421052694320679,0.8195488452911377,0.8270676732063293,0.6436090469360352,-0.0007847450906410813,-0.0004964001709595323
vit_base_patch16_224,visformer_small,consensus,57,ILSVRC2012_val_00041241.JPEG,0.0872180163860321,0.11428569257259369,0.2902255654335022,0.2676692008972168,0.09774435311555862,0.06315789371728897,0.05563908815383911,0.0005699400207959116,0.00029687691130675375
vit_base_patch16_224,visformer_small,shuffled_semantic,56,ILSVRC2012_val_00041080.JPEG,0.1939849555492401,0.17894738912582397,0.14887219667434692,0.15939849615097046,0.10827068984508514,0.10676692426204681,-0.028571434319019318,0.00027969255461357534,-0.0010033979779109359
vit_base_patch16_224,visformer_small,shuffled_semantic,57,ILSVRC2012_val_00041241.JPEG,-0.17443609237670898,-0.1473684012889862,-0.11879698187112808,-0.09473682940006256,-0.13684213161468506,-0.15639100968837738,-0.19097740948200226,-0.0010501232463866472,-0.00038620244595222175
vit_base_patch16_224,visformer_small,permuted_score,56,ILSVRC2012_val_00041080.JPEG,-0.08120301365852356,-0.0691729411482811,0.5052632093429565,0.5082706809043884,0.49624061584472656,0.5082707405090332,0.6872180700302124,-1.4722347259521484e-05,-0.0005425445851869881
vit_base_patch16_224,visformer_small,permuted_score,57,ILSVRC2012_val_00041241.JPEG,0.1248120367527008,0.14586466550827026,0.34285715222358704,0.27067670226097107,0.17744362354278564,0.1563909947872162,0.1609022617340088,0.0002478619571775198,-0.000985856750048697
vit_base_patch16_224,visformer_small,phase,58,ILSVRC2012_val_00041354.JPEG,0.1248120367527008,0.09172934293746948,-0.47218042612075806,-0.47218042612075806,-0.5639097690582275,-0.5218045115470886,0.23759397864341736,-0.000871662050485611,0.00038027018308639526
vit_base_patch16_224,visformer_small,phase,59,ILSVRC2012_val_00041406.JPEG,0.15338346362113953,0.07669173181056976,0.12330828607082367,0.06616540253162384,0.08421052992343903,0.08120299875736237,0.07969922572374344,0.000421072356402874,-0.0005906313890591264
vit_base_patch16_224,visformer_small,flip,58,ILSVRC2012_val_00041354.JPEG,0.3308270573616028,0.3353383541107178,0.1849624216556549,0.1849624216556549,0.16992482542991638,0.16691730916500092,0.09473685920238495,0.0007917411858215928,-0.0010486908722668886
vit_base_patch16_224,visformer_small,flip,59,ILSVRC2012_val_00041406.JPEG,0.1939849853515625,0.15488722920417786,0.2992481291294098,0.24511279165744781,0.26917293667793274,0.2676692008972168,-0.2210526466369629,0.0002465361903887242,-0.0007195458747446537
vit_base_patch16_224,visformer_small,consensus,58,ILSVRC2012_val_00041354.JPEG,0.11428572237491608,0.08120301365852356,-0.4616541266441345,-0.4616541266441345,-0.5548872351646423,-0.5248120427131653,0.32932329177856445,-0.0004257909895386547,0.0006083451444283128
vit_base_patch16_224,visformer_small,consensus,59,ILSVRC2012_val_00041406.JPEG,0.16842105984687805,0.10075187683105469,0.3729323446750641,0.3082706928253174,0.3744361102581024,0.3639097809791565,0.12330827116966248,0.000421072356402874,-0.0007195458747446537
vit_base_patch16_224,visformer_small,shuffled_semantic,58,ILSVRC2012_val_00041354.JPEG,-0.5654135346412659,-0.5413534045219421,-0.27518796920776367,-0.27518796920776367,-0.138345867395401,-0.15488722920417786,0.02406015619635582,-0.0016048513352870941,-0.00022098868794273585
vit_base_patch16_224,visformer_small,shuffled_semantic,59,ILSVRC2012_val_00041406.JPEG,-0.012030091136693954,-0.012030079960823059,-0.1428571492433548,-0.20150375366210938,-0.1894736886024475,-0.20150375366210938,0.0,0.00024334434419870377,-0.0009454623213969171
vit_base_patch16_224,visformer_small,permuted_score,58,ILSVRC2012_val_00041354.JPEG,0.03308270871639252,0.015037596225738525,-0.4646616280078888,-0.4646616280078888,-0.43609026074409485,-0.4210526943206787,0.5127819776535034,0.000617974263150245,-0.0007787503418512642
vit_base_patch16_224,visformer_small,permuted_score,59,ILSVRC2012_val_00041406.JPEG,-0.13233083486557007,-0.09774436801671982,0.1563909649848938,0.17894737422466278,0.2210526466369629,0.2120300829410553,-0.01804511249065399,-0.0010003625648096204,-1.218225861521205e-05
vit_base_patch16_224,visformer_small,phase,60,ILSVRC2012_val_00041468.JPEG,0.3052631616592407,0.3353383541107178,-0.7172932624816895,-0.7127819657325745,-0.7263157963752747,-0.7654135227203369,-0.29624059796333313,-4.818327943212353e-05,-0.0007153019541874528
vit_base_patch16_224,visformer_small,phase,61,ILSVRC2012_val_00041474.JPEG,0.022556401789188385,0.06315792351961136,-0.3368421196937561,-0.31578949093818665,-0.21804510056972504,-0.20902255177497864,-0.6781954765319824,-0.00034434799454174936,-0.0009585166699253023
vit_base_patch16_224,visformer_small,flip,60,ILSVRC2012_val_00041468.JPEG,-0.04060151055455208,-0.0045112669467926025,-0.6165413856506348,-0.6045112609863281,-0.4932330846786499,-0.42255640029907227,-0.22406016290187836,-0.0007418610039167106,-0.0010145943379029632
vit_base_patch16_224,visformer_small,flip,61,ILSVRC2012_val_00041474.JPEG,-0.004511252045631409,-0.01804511994123459,0.013533815741539001,0.019548863172531128,0.03909774124622345,0.08571428060531616,0.11729322373867035,-0.0003854541282635182,0.0004904483794234693
vit_base_patch16_224,visformer_small,consensus,60,ILSVRC2012_val_00041468.JPEG,0.20150375366210938,0.23157894611358643,-0.7699248790740967,-0.7609022855758667,-0.7293232679367065,-0.7233083248138428,-0.3097744584083557,-0.00028297342942096293,-0.0007153019541874528
vit_base_patch16_224,visformer_small,consensus,61,ILSVRC2012_val_00041474.JPEG,0.054135337471961975,0.05714285373687744,-0.2992481589317322,-0.29774436354637146,-0.18345865607261658,-0.19097743928432465,-0.49624061584472656,-0.00026780468760989606,-0.0007306620827876031
vit_base_patch16_224,visformer_small,shuffled_semantic,60,ILSVRC2012_val_00041468.JPEG,0.052631571888923645,0.05714283883571625,-0.039097726345062256,-0.0646616593003273,-0.08270677924156189,-0.17443609237670898,-0.169924795627594,-0.0006827287725172937,-0.001541439793072641
vit_base_patch16_224,visformer_small,shuffled_semantic,61,ILSVRC2012_val_00041474.JPEG,0.3744361400604248,0.4015038013458252,0.3864661753177643,0.38496237993240356,0.1939849704504013,0.19999998807907104,-0.033082686364650726,0.0008045543800108135,-0.0005260162870399654
vit_base_patch16_224,visformer_small,permuted_score,60,ILSVRC2012_val_00041468.JPEG,0.06766918301582336,0.0781954899430275,0.23909775912761688,0.24661655724048615,0.26165416836738586,0.2210526317358017,-0.3909774124622345,-0.000307450070977211,6.596148159587756e-05
vit_base_patch16_224,visformer_small,permuted_score,61,ILSVRC2012_val_00041474.JPEG,0.06315790116786957,0.037593990564346313,0.12781956791877747,0.16240601241588593,-0.02706768363714218,0.02406013011932373,-0.4060150384902954,0.00011684168566716835,-0.00062079809140414
vit_base_patch16_224,visformer_small,phase,62,ILSVRC2012_val_00041483.JPEG,-0.31127816438674927,-0.30676692724227905,0.276691734790802,0.2300751805305481,0.28721800446510315,0.28270676732063293,0.037593990564346313,-0.00023711417452432215,0.0003411359211895615
vit_base_patch16_224,visformer_small,phase,63,ILSVRC2012_val_00041486.JPEG,-0.17593985795974731,-0.25112783908843994,0.6240601539611816,0.621052622795105,0.5293233394622803,0.5368421077728271,-0.17894738912582397,-9.284522820962593e-05,9.056404087459669e-05
vit_base_patch16_224,visformer_small,flip,62,ILSVRC2012_val_00041483.JPEG,0.04661654680967331,0.04661654308438301,0.06766917556524277,0.05263157933950424,0.016541361808776855,0.01654134690761566,0.14436091482639313,0.0008534220396541059,0.0007069704006426036
vit_base_patch16_224,visformer_small,flip,63,ILSVRC2012_val_00041486.JPEG,-0.08872179687023163,-0.11278195679187775,0.5639097690582275,0.5488722324371338,0.5308270454406738,0.5007519125938416,-0.1849624067544937,2.1969060981064104e-05,0.00029779598116874695
vit_base_patch16_224,visformer_small,consensus,62,ILSVRC2012_val_00041483.JPEG,-0.17142856121063232,-0.17744359374046326,0.2526315748691559,0.21052631735801697,0.23759399354457855,0.2496240735054016,0.06315790116786957,0.0004887603572569788,0.0003493058611638844
vit_base_patch16_224,visformer_small,consensus,63,ILSVRC2012_val_00041486.JPEG,-0.12631577253341675,-0.16691729426383972,0.6872180700302124,0.6812030076980591,0.583458662033081,0.5714285373687744,-0.1894737035036087,-0.00035395773011259735,0.00029779598116874695
vit_base_patch16_224,visformer_small,shuffled_semantic,62,ILSVRC2012_val_00041483.JPEG,-0.2962406277656555,-0.2676692008972168,0.03157894313335419,0.051127828657627106,0.2661654055118561,0.25112783908843994,0.308270663022995,0.00027170320390723646,0.0005447186413221061
vit_base_patch16_224,visformer_small,shuffled_semantic,63,ILSVRC2012_val_00041486.JPEG,-0.2165413796901703,-0.1293233036994934,-0.08872179687023163,-0.08571427315473557,-0.07969924807548523,-0.0781954824924469,-0.3488721549510956,-0.00024732985184527934,5.865655839443207e-05
vit_base_patch16_224,visformer_small,permuted_score,62,ILSVRC2012_val_00041483.JPEG,0.0736842155456543,0.08120300620794296,0.4796992540359497,0.48270678520202637,0.23308271169662476,0.24511277675628662,-0.028571443632245064,0.00019026845984626561,-5.5667573178652674e-05
vit_base_patch16_224,visformer_small,permuted_score,63,ILSVRC2012_val_00041486.JPEG,0.11127817630767822,0.06315789371728897,-0.2210526168346405,-0.21353384852409363,-0.12180450558662415,-0.1248120367527008,0.4706766903400421,9.46320578805171e-05,-6.013549864292145e-05
