source_model,target_model,sample_index,image_name,layer,condition,target_clean_correct,raw_target_gradient_cosine,processed_target_gradient_cosine,raw_target_sign_agreement,processed_target_sign_agreement,one_step_target_logit_drop,one_step_target_loss_increase,one_step_target_prediction_changed
vit_base_patch16_224,cait_s24_224,0,ILSVRC2012_val_00024479.JPEG,block6,selected,True,-0.0012488395441323519,-0.001043712254613638,0.42952805757522583,0.5023317933082581,-0.3099489212036133,-0.0310823917388916,False
vit_base_patch16_224,cait_s24_224,1,ILSVRC2012_val_00024540.JPEG,block6,selected,True,-0.0031113203149288893,-0.002255749423056841,0.4251900017261505,0.4943399131298065,0.0035219192504882812,0.000402793288230896,False
vit_base_patch16_224,cait_s24_224,0,ILSVRC2012_val_00024479.JPEG,block6,opposite,True,-0.002158047631382942,-0.002020238433033228,0.42677775025367737,0.4994552433490753,-0.23537349700927734,-0.02515050768852234,False
vit_base_patch16_224,cait_s24_224,1,ILSVRC2012_val_00024540.JPEG,block6,opposite,True,-0.0008712979033589363,-0.0009193251607939601,0.4263525605201721,0.5004583597183228,-0.10461711883544922,-0.005977906286716461,False
vit_base_patch16_224,cait_s24_224,0,ILSVRC2012_val_00024479.JPEG,block6,deviation,True,-0.0035892846062779427,-0.004513496067374945,0.4264987111091614,0.49951502680778503,-0.24608421325683594,-0.021517924964427948,False
vit_base_patch16_224,cait_s24_224,1,ILSVRC2012_val_00024540.JPEG,block6,deviation,True,-0.00067282491363585,-0.0002856644568964839,0.42960113286972046,0.5022853016853333,0.17940521240234375,0.015325956046581268,False
vit_base_patch16_224,cait_s24_224,0,ILSVRC2012_val_00024479.JPEG,block6,random,True,-0.004759986884891987,-0.004825908690690994,0.4246385991573334,0.4973294138908386,-0.3664131164550781,-0.03571118414402008,False
vit_base_patch16_224,cait_s24_224,1,ILSVRC2012_val_00024540.JPEG,block6,random,True,0.0037036316934973,0.0021208778489381075,0.427548348903656,0.4994286894798279,0.18233871459960938,0.014156840741634369,False
vit_base_patch16_224,cait_s24_224,0,ILSVRC2012_val_00024479.JPEG,block6,no_drop,True,0.003927737474441528,0.005447204224765301,0.506855845451355,0.508397102355957,-0.04686546325683594,-0.004859842360019684,False
vit_base_patch16_224,cait_s24_224,1,ILSVRC2012_val_00024540.JPEG,block6,no_drop,True,0.007007996551692486,0.006457650102674961,0.5024247765541077,0.5025908946990967,0.0181884765625,0.002295292913913727,False
vit_base_patch16_224,cait_s24_224,2,ILSVRC2012_val_00024550.JPEG,block6,selected,True,-0.006082906387746334,-0.006927142851054668,0.4283389151096344,0.5018069744110107,0.041412353515625,0.0019110515713691711,False
vit_base_patch16_224,cait_s24_224,3,ILSVRC2012_val_00024609.JPEG,block6,selected,True,0.008236338384449482,0.008412311784923077,0.4385230541229248,0.5143760442733765,0.23095130920410156,0.03333589434623718,False
vit_base_patch16_224,cait_s24_224,2,ILSVRC2012_val_00024550.JPEG,block6,opposite,True,-0.005263269413262606,-0.00340407807379961,0.4277077913284302,0.5012688636779785,0.08572101593017578,0.007944680750370026,False
vit_base_patch16_224,cait_s24_224,3,ILSVRC2012_val_00024609.JPEG,block6,opposite,True,0.0011123779695481062,0.0013362534809857607,0.4376727342605591,0.5118981003761292,0.15096187591552734,0.028346359729766846,False
vit_base_patch16_224,cait_s24_224,2,ILSVRC2012_val_00024550.JPEG,block6,deviation,True,-0.008546781726181507,-0.009994853287935257,0.4284452199935913,0.5035275816917419,0.1006479263305664,0.009145230054855347,False
vit_base_patch16_224,cait_s24_224,3,ILSVRC2012_val_00024609.JPEG,block6,deviation,True,0.009048525243997574,0.009609971195459366,0.43713462352752686,0.5130805969238281,0.17429065704345703,0.03673273324966431,False
vit_base_patch16_224,cait_s24_224,2,ILSVRC2012_val_00024550.JPEG,block6,random,True,-0.00707640778273344,-0.006850532256066799,0.4290497303009033,0.5036205649375916,0.12532424926757812,0.007073394954204559,False
vit_base_patch16_224,cait_s24_224,3,ILSVRC2012_val_00024609.JPEG,block6,random,True,0.007228821516036987,0.008279998786747456,0.4438974857330322,0.5210990905761719,0.16193771362304688,0.035730332136154175,False
vit_base_patch16_224,cait_s24_224,2,ILSVRC2012_val_00024550.JPEG,block6,no_drop,True,-0.004275496117770672,-0.00236230599693954,0.502139151096344,0.5015478730201721,0.06930351257324219,0.004585467278957367,False
vit_base_patch16_224,cait_s24_224,3,ILSVRC2012_val_00024609.JPEG,block6,no_drop,True,0.014672518707811832,0.01564195193350315,0.5217301845550537,0.5237165093421936,0.2334756851196289,0.04013797640800476,False
vit_base_patch16_224,cait_s24_224,4,ILSVRC2012_val_00024637.JPEG,block6,selected,True,0.08477805554866791,0.08915889263153076,0.4443691670894623,0.5227266550064087,0.5346651077270508,0.37797802686691284,False
vit_base_patch16_224,cait_s24_224,5,ILSVRC2012_val_00024710.JPEG,block6,selected,True,0.005102550610899925,0.004818521440029144,0.42615991830825806,0.4956287145614624,-0.06891155242919922,-0.004555471241474152,False
vit_base_patch16_224,cait_s24_224,4,ILSVRC2012_val_00024637.JPEG,block6,opposite,True,0.05698757618665695,0.05689310282468796,0.4376262128353119,0.512715220451355,0.3885536193847656,0.25421708822250366,False
vit_base_patch16_224,cait_s24_224,5,ILSVRC2012_val_00024710.JPEG,block6,opposite,True,0.006421596277505159,0.0062947883270680904,0.4281728267669678,0.4999535083770752,-0.15091991424560547,-0.010141171514987946,False
vit_base_patch16_224,cait_s24_224,4,ILSVRC2012_val_00024637.JPEG,block6,deviation,True,0.08296530693769455,0.08732359111309052,0.44561144709587097,0.5206473469734192,0.7304849624633789,0.5202917456626892,False
vit_base_patch16_224,cait_s24_224,5,ILSVRC2012_val_00024710.JPEG,block6,deviation,True,0.0022965611424297094,0.0025244001299142838,0.4255620241165161,0.49655213952064514,-0.08917808532714844,-0.006098844110965729,False
vit_base_patch16_224,cait_s24_224,4,ILSVRC2012_val_00024637.JPEG,block6,random,True,0.07817741483449936,0.07854501903057098,0.44021710753440857,0.5170533061027527,0.5017776489257812,0.27517229318618774,False
vit_base_patch16_224,cait_s24_224,5,ILSVRC2012_val_00024710.JPEG,block6,random,True,0.006475800182670355,0.00641973689198494,0.4296609163284302,0.5022255182266235,-0.02977275848388672,-0.0019621551036834717,False
vit_base_patch16_224,cait_s24_224,4,ILSVRC2012_val_00024637.JPEG,block6,no_drop,True,0.0931449607014656,0.09665971994400024,0.5227200388908386,0.525995135307312,0.6999225616455078,0.5825309753417969,False
vit_base_patch16_224,cait_s24_224,5,ILSVRC2012_val_00024710.JPEG,block6,no_drop,True,0.004802654031664133,0.005393491592258215,0.5002856850624084,0.5002391338348389,-0.11948966979980469,-0.008001640439033508,False
vit_base_patch16_224,cait_s24_224,6,ILSVRC2012_val_00024753.JPEG,block6,selected,True,0.00900563970208168,0.008591820485889912,0.42906302213668823,0.5011160969734192,-0.13889789581298828,-0.029801607131958008,False
vit_base_patch16_224,cait_s24_224,7,ILSVRC2012_val_00024781.JPEG,block6,selected,True,0.01137133501470089,0.010741099715232849,0.4340122640132904,0.5087226033210754,0.24559307098388672,0.044966891407966614,False
vit_base_patch16_224,cait_s24_224,6,ILSVRC2012_val_00024753.JPEG,block6,opposite,True,0.005543899722397327,0.005289874970912933,0.43434444069862366,0.5056467652320862,-0.04086589813232422,-0.014622926712036133,False
vit_base_patch16_224,cait_s24_224,7,ILSVRC2012_val_00024781.JPEG,block6,opposite,True,-0.00317516946233809,-0.0028769918717443943,0.4306374788284302,0.5045905113220215,0.13662147521972656,0.03365026414394379,False
vit_base_patch16_224,cait_s24_224,6,ILSVRC2012_val_00024753.JPEG,block6,deviation,True,-0.00111391581594944,-0.0019552861340343952,0.43335458636283875,0.5068027377128601,-0.024494171142578125,0.013930663466453552,False
vit_base_patch16_224,cait_s24_224,7,ILSVRC2012_val_00024781.JPEG,block6,deviation,True,0.0031356934923678637,0.003245344152674079,0.43121546506881714,0.5051352381706238,0.08746623992919922,0.017431199550628662,False
vit_base_patch16_224,cait_s24_224,6,ILSVRC2012_val_00024753.JPEG,block6,random,True,0.005281699821352959,0.006007455289363861,0.4294084906578064,0.5044044852256775,-0.13909435272216797,-0.037047065794467926,False
vit_base_patch16_224,cait_s24_224,7,ILSVRC2012_val_00024781.JPEG,block6,random,True,0.0052849599160254,0.005250261165201664,0.4323381781578064,0.5069953799247742,0.20023727416992188,0.02771182358264923,False
vit_base_patch16_224,cait_s24_224,6,ILSVRC2012_val_00024753.JPEG,block6,no_drop,True,0.0010844829957932234,0.0012251536827534437,0.5131204724311829,0.5137316584587097,0.2715883255004883,0.05562281608581543,False
vit_base_patch16_224,cait_s24_224,7,ILSVRC2012_val_00024781.JPEG,block6,no_drop,True,-0.01039993204176426,-0.00924330111593008,0.5111009478569031,0.5116323828697205,0.21877670288085938,0.055685803294181824,False
vit_base_patch16_224,cait_s24_224,8,ILSVRC2012_val_00024926.JPEG,block6,selected,True,-0.001096275169402361,-0.0008970083435997367,0.42920252680778503,0.5030824542045593,0.289459228515625,0.02744513750076294,False
vit_base_patch16_224,cait_s24_224,9,ILSVRC2012_val_00025075.JPEG,block6,selected,True,0.005108409561216831,0.004921680316329002,0.43191298842430115,0.5053013563156128,0.032477378845214844,0.020131610333919525,False
vit_base_patch16_224,cait_s24_224,8,ILSVRC2012_val_00024926.JPEG,block6,opposite,True,-0.0013738443376496434,-0.0006679454818367958,0.42424002289772034,0.4983059763908386,0.032726287841796875,0.005424037575721741,False
vit_base_patch16_224,cait_s24_224,9,ILSVRC2012_val_00025075.JPEG,block6,opposite,True,0.006128614768385887,0.006246741861104965,0.4308965802192688,0.5035607814788818,0.11800003051757812,0.02038230001926422,False
vit_base_patch16_224,cait_s24_224,8,ILSVRC2012_val_00024926.JPEG,block6,deviation,True,0.00045374350156635046,0.0006177558680064976,0.42620640993118286,0.49963462352752686,0.09760379791259766,0.008163437247276306,False
vit_base_patch16_224,cait_s24_224,9,ILSVRC2012_val_00025075.JPEG,block6,deviation,True,0.005165777634829283,0.004840203560888767,0.4304647743701935,0.5027901530265808,0.06047344207763672,0.005113385617733002,False
vit_base_patch16_224,cait_s24_224,8,ILSVRC2012_val_00024926.JPEG,block6,random,True,-0.0010747963096946478,-0.0015033527743071318,0.4255354404449463,0.4998272657394409,0.20536231994628906,0.01691049337387085,False
vit_base_patch16_224,cait_s24_224,9,ILSVRC2012_val_00025075.JPEG,block6,random,True,0.008150319568812847,0.008831876330077648,0.43296927213668823,0.5092208981513977,0.1061563491821289,0.00666576623916626,False
vit_base_patch16_224,cait_s24_224,8,ILSVRC2012_val_00024926.JPEG,block6,no_drop,True,0.002586252987384796,0.003236528253182769,0.5014150142669678,0.5028765201568604,0.12164115905761719,0.011710382997989655,False
vit_base_patch16_224,cait_s24_224,9,ILSVRC2012_val_00025075.JPEG,block6,no_drop,True,0.01191176101565361,0.011577790603041649,0.5058128833770752,0.5071415305137634,0.10799694061279297,0.008628703653812408,False
vit_base_patch16_224,cait_s24_224,10,ILSVRC2012_val_00025315.JPEG,block6,selected,True,0.0035067726857960224,0.004207666497677565,0.425894170999527,0.5003188848495483,0.10718441009521484,0.010942965745925903,False
vit_base_patch16_224,cait_s24_224,11,ILSVRC2012_val_00025390.JPEG,block6,selected,True,0.00521694403141737,0.00635354220867157,0.4333014488220215,0.5077195167541504,0.04949378967285156,0.030528903007507324,False
vit_base_patch16_224,cait_s24_224,10,ILSVRC2012_val_00025315.JPEG,block6,opposite,True,0.0003801083075813949,0.0010577504290267825,0.4242599308490753,0.49850526452064514,0.11926460266113281,0.013945229351520538,False
vit_base_patch16_224,cait_s24_224,11,ILSVRC2012_val_00025390.JPEG,block6,opposite,True,0.0047439876943826675,0.0048348065465688705,0.4311888813972473,0.5060321092605591,-0.09514236450195312,0.012198984622955322,False
vit_base_patch16_224,cait_s24_224,10,ILSVRC2012_val_00025315.JPEG,block6,deviation,True,0.019680451601743698,0.022013073787093163,0.4341318607330322,0.5081446766853333,0.19747638702392578,0.05162770301103592,False
vit_base_patch16_224,cait_s24_224,11,ILSVRC2012_val_00025390.JPEG,block6,deviation,True,0.009011827409267426,0.009247560054063797,0.43735384941101074,0.5106093287467957,0.42664241790771484,0.0830463171005249,False
vit_base_patch16_224,cait_s24_224,10,ILSVRC2012_val_00025315.JPEG,block6,random,True,-0.007237826474010944,-0.008203529752790928,0.4262462854385376,0.49820631742477417,-0.05194854736328125,-0.003227643668651581,False
vit_base_patch16_224,cait_s24_224,11,ILSVRC2012_val_00025390.JPEG,block6,random,True,0.005353015381842852,0.006128781475126743,0.43294936418533325,0.5067296624183655,0.0209808349609375,0.02065703272819519,False
vit_base_patch16_224,cait_s24_224,10,ILSVRC2012_val_00025315.JPEG,block6,no_drop,True,0.01935444213449955,0.02103118970990181,0.5080848932266235,0.5079187750816345,0.22041893005371094,0.09816854447126389,False
vit_base_patch16_224,cait_s24_224,11,ILSVRC2012_val_00025390.JPEG,block6,no_drop,True,0.04304005205631256,0.04262675344944,0.5118250250816345,0.5131404399871826,-0.09520149230957031,0.01582283526659012,False
vit_base_patch16_224,cait_s24_224,12,ILSVRC2012_val_00025402.JPEG,block6,selected,True,0.0004015390295535326,0.00061993976123631,0.43061092495918274,0.5018534660339355,-0.05604362487792969,-0.002207152545452118,False
vit_base_patch16_224,cait_s24_224,13,ILSVRC2012_val_00025408.JPEG,block6,selected,True,0.00030311354203149676,0.00020474614575505257,0.42544907331466675,0.49929580092430115,0.08644485473632812,0.005273427814245224,False
vit_base_patch16_224,cait_s24_224,12,ILSVRC2012_val_00025402.JPEG,block6,opposite,True,0.002791691105812788,0.002738113049417734,0.42980706691741943,0.4984056055545807,-0.07655715942382812,-0.0037814006209373474,False
vit_base_patch16_224,cait_s24_224,13,ILSVRC2012_val_00025408.JPEG,block6,opposite,True,0.0028595379553735256,0.0029357648454606533,0.4263724982738495,0.4987577199935913,0.04324054718017578,0.005226690322160721,False
vit_base_patch16_224,cait_s24_224,12,ILSVRC2012_val_00025402.JPEG,block6,deviation,True,0.0013586414279416203,0.001841557677835226,0.4329892098903656,0.5048363208770752,-0.09599876403808594,-0.0064316242933273315,False
vit_base_patch16_224,cait_s24_224,13,ILSVRC2012_val_00025408.JPEG,block6,deviation,True,0.0016960515640676022,0.0014188701752573252,0.4265585243701935,0.49903008341789246,-0.017775535583496094,-0.001077115535736084,False
vit_base_patch16_224,cait_s24_224,12,ILSVRC2012_val_00025402.JPEG,block6,random,True,-0.002229174831882119,-0.0029189761262387037,0.42552879452705383,0.5029961466789246,-0.06825542449951172,-0.005453430116176605,False
vit_base_patch16_224,cait_s24_224,13,ILSVRC2012_val_00025408.JPEG,block6,random,True,0.003103384282439947,0.0036034509539604187,0.4284319281578064,0.5018866658210754,-0.02956390380859375,-0.0015501901507377625,False
vit_base_patch16_224,cait_s24_224,12,ILSVRC2012_val_00025402.JPEG,block6,no_drop,True,0.0002927896857727319,0.00010695893433876336,0.5017870664596558,0.5012090802192688,-0.07483768463134766,-0.005334623157978058,False
vit_base_patch16_224,cait_s24_224,13,ILSVRC2012_val_00025408.JPEG,block6,no_drop,True,-0.008212540298700333,-0.008091215044260025,0.4984786808490753,0.4992559552192688,0.05103302001953125,0.002855926752090454,False
vit_base_patch16_224,cait_s24_224,14,ILSVRC2012_val_00025416.JPEG,block6,selected,True,0.009486628696322441,0.009680325165390968,0.4326969087123871,0.5029429793357849,0.19959068298339844,0.012917909771203995,False
vit_base_patch16_224,cait_s24_224,15,ILSVRC2012_val_00025440.JPEG,block6,selected,True,0.007264601066708565,0.0072037167847156525,0.43360039591789246,0.5076729655265808,0.08066558837890625,0.009544529020786285,False
vit_base_patch16_224,cait_s24_224,14,ILSVRC2012_val_00025416.JPEG,block6,opposite,True,0.012303238734602928,0.012487905099987984,0.4369552433490753,0.5122568607330322,0.23055648803710938,0.018322911113500595,False
vit_base_patch16_224,cait_s24_224,15,ILSVRC2012_val_00025440.JPEG,block6,opposite,True,0.007016521878540516,0.009785609319806099,0.4350818395614624,0.5100247263908386,0.12891101837158203,0.016172729432582855,False
vit_base_patch16_224,cait_s24_224,14,ILSVRC2012_val_00025416.JPEG,block6,deviation,True,0.002350370865315199,0.002215898595750332,0.43485596776008606,0.5102771520614624,0.05677986145019531,0.01013949140906334,False
vit_base_patch16_224,cait_s24_224,15,ILSVRC2012_val_00025440.JPEG,block6,deviation,True,0.011195652186870575,0.01153574325144291,0.43479618430137634,0.5082376599311829,0.052440643310546875,0.008557528257369995,False
vit_base_patch16_224,cait_s24_224,14,ILSVRC2012_val_00025416.JPEG,block6,random,True,0.007796040736138821,0.0077895186841487885,0.4354206621646881,0.5102505683898926,0.19226551055908203,0.017214927822351456,False
vit_base_patch16_224,cait_s24_224,15,ILSVRC2012_val_00025440.JPEG,block6,random,True,0.005780517589300871,0.007442692760378122,0.4325574040412903,0.5062779188156128,0.12928390502929688,0.018056973814964294,False
vit_base_patch16_224,cait_s24_224,14,ILSVRC2012_val_00025416.JPEG,block6,no_drop,True,0.012919583357870579,0.01273746881633997,0.5129344463348389,0.5130208134651184,0.11126327514648438,0.017788995057344437,False
vit_base_patch16_224,cait_s24_224,15,ILSVRC2012_val_00025440.JPEG,block6,no_drop,True,0.002614968456327915,0.0033879114780575037,0.5102638602256775,0.5108351707458496,0.015776634216308594,0.004759304225444794,False
vit_base_patch16_224,cait_s24_224,16,ILSVRC2012_val_00025446.JPEG,block6,selected,True,-0.0022546511609107256,-0.002593293786048889,0.4266050159931183,0.49556228518486023,0.056011199951171875,0.0033869221806526184,False
vit_base_patch16_224,cait_s24_224,17,ILSVRC2012_val_00025563.JPEG,block6,selected,True,0.008193364366889,0.008340082131326199,0.44418978691101074,0.5153658986091614,0.2592124938964844,0.07869186252355576,False
vit_base_patch16_224,cait_s24_224,16,ILSVRC2012_val_00025446.JPEG,block6,opposite,True,-0.0034844032488763332,-0.0036975210532546043,0.4261798560619354,0.49834582209587097,0.02327728271484375,0.0013327747583389282,False
vit_base_patch16_224,cait_s24_224,17,ILSVRC2012_val_00025563.JPEG,block6,opposite,True,0.007830854505300522,0.006847752723842859,0.4379517436027527,0.5124163031578064,0.1585559844970703,0.06677555292844772,False
vit_base_patch16_224,cait_s24_224,16,ILSVRC2012_val_00025446.JPEG,block6,deviation,True,0.0004716122057288885,0.000497282249853015,0.4277476668357849,0.5027702450752258,0.06689643859863281,0.003908909857273102,False
vit_base_patch16_224,cait_s24_224,17,ILSVRC2012_val_00025563.JPEG,block6,deviation,True,0.008373906835913658,0.00802481360733509,0.437387079000473,0.5126023292541504,0.1551980972290039,0.07584846764802933,False
vit_base_patch16_224,cait_s24_224,16,ILSVRC2012_val_00025446.JPEG,block6,random,True,0.004767865873873234,0.007139002904295921,0.42841199040412903,0.49948182702064514,0.02780628204345703,0.001654651015996933,False
vit_base_patch16_224,cait_s24_224,17,ILSVRC2012_val_00025563.JPEG,block6,random,True,0.002639721380546689,0.0027915064711123705,0.4426751136779785,0.5174984335899353,0.2519254684448242,0.0758480653166771,False
vit_base_patch16_224,cait_s24_224,16,ILSVRC2012_val_00025446.JPEG,block6,no_drop,True,0.002378823235630989,0.0006593102589249611,0.502345085144043,0.5025444030761719,0.04619407653808594,0.0026591867208480835,False
vit_base_patch16_224,cait_s24_224,17,ILSVRC2012_val_00025563.JPEG,block6,no_drop,True,0.003805822692811489,0.005146707408130169,0.5198567509651184,0.5200560688972473,0.3244743347167969,0.12642064690589905,False
vit_base_patch16_224,cait_s24_224,18,ILSVRC2012_val_00025800.JPEG,block6,selected,True,-0.002159467898309231,-0.00355319119989872,0.42648544907569885,0.498046875,0.05785846710205078,0.0029503777623176575,False
vit_base_patch16_224,cait_s24_224,19,ILSVRC2012_val_00025844.JPEG,block6,selected,True,-0.00690274965018034,-0.007037442643195391,0.4247449040412903,0.49857833981513977,0.029249191284179688,0.002484746277332306,False
vit_base_patch16_224,cait_s24_224,18,ILSVRC2012_val_00025800.JPEG,block6,opposite,True,0.004232166800647974,0.004051427356898785,0.426870733499527,0.5021856427192688,0.1472606658935547,0.009800184518098831,False
vit_base_patch16_224,cait_s24_224,19,ILSVRC2012_val_00025844.JPEG,block6,opposite,True,0.0008629613439552486,0.0005284315557219088,0.42732247710227966,0.4997674822807312,0.053246498107910156,0.0033599771559238434,False
vit_base_patch16_224,cait_s24_224,18,ILSVRC2012_val_00025800.JPEG,block6,deviation,True,0.00227199774235487,0.0011962687131017447,0.42843857407569885,0.5020926594734192,0.2155590057373047,0.014195453375577927,False
vit_base_patch16_224,cait_s24_224,19,ILSVRC2012_val_00025844.JPEG,block6,deviation,True,0.0006125250947661698,0.0007427443051710725,0.4256749451160431,0.4995216727256775,0.009385108947753906,-2.101808786392212e-05,False
vit_base_patch16_224,cait_s24_224,18,ILSVRC2012_val_00025800.JPEG,block6,random,True,0.004187095910310745,0.004826108925044537,0.42714977264404297,0.5020062923431396,0.06404781341552734,0.00396786630153656,False
vit_base_patch16_224,cait_s24_224,19,ILSVRC2012_val_00025844.JPEG,block6,random,True,0.009336158633232117,0.00930855143815279,0.42406728863716125,0.4979804456233978,0.0739755630493164,0.005723822861909866,False
vit_base_patch16_224,cait_s24_224,18,ILSVRC2012_val_00025800.JPEG,block6,no_drop,True,0.0031823222525417805,0.0052488259971141815,0.4995681941509247,0.5001262426376343,0.09838008880615234,0.007117751985788345,False
vit_base_patch16_224,cait_s24_224,19,ILSVRC2012_val_00025844.JPEG,block6,no_drop,True,0.009788457304239273,0.010535613633692265,0.5009233951568604,0.5012289881706238,-0.07332038879394531,-0.004155881702899933,False
vit_base_patch16_224,cait_s24_224,20,ILSVRC2012_val_00025851.JPEG,block6,selected,True,0.003846963867545128,0.0038345037028193474,0.4201875925064087,0.4952234923839569,0.06454849243164062,0.0034005120396614075,False
vit_base_patch16_224,cait_s24_224,21,ILSVRC2012_val_00025907.JPEG,block6,selected,True,0.0003760108374990523,9.904883336275816e-05,0.4299466013908386,0.5029031038284302,0.0919961929321289,0.020992755889892578,False
vit_base_patch16_224,cait_s24_224,20,ILSVRC2012_val_00025851.JPEG,block6,opposite,True,-0.0024449340999126434,-0.003546488704159856,0.4255155324935913,0.4966318607330322,0.13088130950927734,0.007754243910312653,False
vit_base_patch16_224,cait_s24_224,21,ILSVRC2012_val_00025907.JPEG,block6,opposite,True,0.0010162822436541319,0.0011013408657163382,0.42842528223991394,0.5015744566917419,0.19163131713867188,0.04651208221912384,False
vit_base_patch16_224,cait_s24_224,20,ILSVRC2012_val_00025851.JPEG,block6,deviation,True,0.00048337882617488503,0.0012202253565192223,0.4214564859867096,0.4910116493701935,-0.03426551818847656,-0.0029378868639469147,False
vit_base_patch16_224,cait_s24_224,21,ILSVRC2012_val_00025907.JPEG,block6,deviation,True,0.0026132941711694,0.0022732620127499104,0.4319794178009033,0.5045506358146667,0.2570829391479492,0.031019195914268494,False
vit_base_patch16_224,cait_s24_224,20,ILSVRC2012_val_00025851.JPEG,block6,random,True,0.00890309177339077,0.009291348978877068,0.4248179793357849,0.49722975492477417,0.0872945785522461,0.0051560476422309875,False
vit_base_patch16_224,cait_s24_224,21,ILSVRC2012_val_00025907.JPEG,block6,random,True,0.0067228348925709724,0.005897900555282831,0.4333479404449463,0.5092673897743225,0.27840328216552734,0.037472352385520935,False
vit_base_patch16_224,cait_s24_224,20,ILSVRC2012_val_00025851.JPEG,block6,no_drop,True,0.004627868998795748,0.004381617996841669,0.5001594424247742,0.5011758804321289,0.1909160614013672,0.011533170938491821,False
vit_base_patch16_224,cait_s24_224,21,ILSVRC2012_val_00025907.JPEG,block6,no_drop,True,0.007506565656512976,0.006954982411116362,0.5142033100128174,0.5149872303009033,0.44122886657714844,0.10052299499511719,False
vit_base_patch16_224,cait_s24_224,22,ILSVRC2012_val_00025989.JPEG,block6,selected,True,-0.0033902330324053764,-0.0035152272321283817,0.4233497977256775,0.49412068724632263,-0.1404094696044922,-0.014594800770282745,False
vit_base_patch16_224,cait_s24_224,23,ILSVRC2012_val_00026068.JPEG,block6,selected,True,-0.00010139113874174654,-0.0002099365519825369,0.42716971039772034,0.49980735778808594,-0.08514595031738281,-0.00519002228975296,False
vit_base_patch16_224,cait_s24_224,22,ILSVRC2012_val_00025989.JPEG,block6,opposite,True,0.0038157517556101084,0.004061209969222546,0.4273158609867096,0.5008038282394409,-0.01136016845703125,0.0007094815373420715,False
vit_base_patch16_224,cait_s24_224,23,ILSVRC2012_val_00026068.JPEG,block6,opposite,True,-0.0012186961248517036,-0.0010336772538721561,0.42738229036331177,0.5016409158706665,-0.054477691650390625,-0.001917324960231781,False
vit_base_patch16_224,cait_s24_224,22,ILSVRC2012_val_00025989.JPEG,block6,deviation,True,-0.005122884642332792,-0.00533788837492466,0.4242798686027527,0.49849197268486023,-0.05229759216308594,-0.005867183208465576,False
vit_base_patch16_224,cait_s24_224,23,ILSVRC2012_val_00026068.JPEG,block6,deviation,True,0.007351510226726532,0.007450099103152752,0.42425328493118286,0.49683114886283875,-0.10091686248779297,-0.005058780312538147,False
vit_base_patch16_224,cait_s24_224,22,ILSVRC2012_val_00025989.JPEG,block6,random,True,0.0022594332695007324,0.002244856907054782,0.43169376254081726,0.5057862997055054,-0.012811660766601562,-8.545815944671631e-06,False
vit_base_patch16_224,cait_s24_224,23,ILSVRC2012_val_00026068.JPEG,block6,random,True,0.0018072868697345257,0.0019776716362684965,0.4299466013908386,0.504510760307312,0.0021533966064453125,0.0024337172508239746,False
vit_base_patch16_224,cait_s24_224,22,ILSVRC2012_val_00025989.JPEG,block6,no_drop,True,0.011543164029717445,0.0113805141299963,0.4989570081233978,0.4988839328289032,-0.05696868896484375,-0.008043870329856873,False
vit_base_patch16_224,cait_s24_224,23,ILSVRC2012_val_00026068.JPEG,block6,no_drop,True,-0.00937868095934391,-0.009403374046087265,0.5071349143981934,0.5077328085899353,0.04227733612060547,0.0048679932951927185,False
vit_base_patch16_224,cait_s24_224,24,ILSVRC2012_val_00026088.JPEG,block6,selected,True,0.012560777366161346,0.01415410079061985,0.43243780732154846,0.5045706033706665,0.11475086212158203,0.00759655237197876,False
vit_base_patch16_224,cait_s24_224,25,ILSVRC2012_val_00026113.JPEG,block6,selected,True,0.03172194957733154,0.033938050270080566,0.44806280732154846,0.5200626850128174,0.4597921371459961,0.10174652934074402,False
vit_base_patch16_224,cait_s24_224,24,ILSVRC2012_val_00026088.JPEG,block6,opposite,True,0.001508462242782116,0.0022086624521762133,0.4312951862812042,0.5041254758834839,0.0832529067993164,0.010807260870933533,False
vit_base_patch16_224,cait_s24_224,25,ILSVRC2012_val_00026113.JPEG,block6,opposite,True,0.03734910860657692,0.038819506764411926,0.45014217495918274,0.5254703164100647,0.34578514099121094,0.09325002133846283,False
vit_base_patch16_224,cait_s24_224,24,ILSVRC2012_val_00026088.JPEG,block6,deviation,True,0.004810004495084286,0.0052571543492376804,0.43065741658210754,0.5031688213348389,0.019338607788085938,0.0025607123970985413,False
vit_base_patch16_224,cait_s24_224,25,ILSVRC2012_val_00026113.JPEG,block6,deviation,True,0.017218541353940964,0.02053181827068329,0.45246732234954834,0.5306255221366882,0.4604978561401367,0.11923694610595703,False
vit_base_patch16_224,cait_s24_224,24,ILSVRC2012_val_00026088.JPEG,block6,random,True,-0.0006162627832964063,-0.0010015647858381271,0.432411253452301,0.5065502524375916,0.1040201187133789,0.006365559995174408,False
vit_base_patch16_224,cait_s24_224,25,ILSVRC2012_val_00026113.JPEG,block6,random,True,0.013100228272378445,0.01462874747812748,0.4447677433490753,0.5168473720550537,0.32430267333984375,0.07305775582790375,False
vit_base_patch16_224,cait_s24_224,24,ILSVRC2012_val_00026088.JPEG,block6,no_drop,True,-0.00954734068363905,-0.008569575846195221,0.5094068646430969,0.5109016299247742,0.016460418701171875,0.000647328794002533,False
vit_base_patch16_224,cait_s24_224,25,ILSVRC2012_val_00026113.JPEG,block6,no_drop,True,0.018267983570694923,0.020402541384100914,0.524002194404602,0.5269584655761719,0.2939319610595703,0.07431532442569733,False
vit_base_patch16_224,cait_s24_224,26,ILSVRC2012_val_00026139.JPEG,block6,selected,True,-0.0016402257606387138,-0.001643326715566218,0.4269239008426666,0.498139888048172,0.0016231536865234375,0.005165912210941315,False
vit_base_patch16_224,cait_s24_224,27,ILSVRC2012_val_00026145.JPEG,block6,selected,True,0.008510787039995193,0.009365618228912354,0.4380779564380646,0.5107886791229248,0.45194053649902344,0.32720309495925903,False
vit_base_patch16_224,cait_s24_224,26,ILSVRC2012_val_00026139.JPEG,block6,opposite,True,0.0003133273567073047,0.0007462065550498664,0.4268973171710968,0.5013286471366882,0.08072853088378906,0.008775666356086731,False
vit_base_patch16_224,cait_s24_224,27,ILSVRC2012_val_00026145.JPEG,block6,opposite,True,0.010635130107402802,0.010848034173250198,0.4340322017669678,0.5096593499183655,0.4025897979736328,0.30447256565093994,False
vit_base_patch16_224,cait_s24_224,26,ILSVRC2012_val_00026139.JPEG,block6,deviation,True,0.005866317078471184,0.005015810485929251,0.4297140836715698,0.5026440024375916,0.08671092987060547,0.00804612785577774,False
vit_base_patch16_224,cait_s24_224,27,ILSVRC2012_val_00026145.JPEG,block6,deviation,True,0.019458653405308723,0.018533719703555107,0.43763285875320435,0.5098652839660645,0.40660667419433594,0.3318026661872864,False
vit_base_patch16_224,cait_s24_224,26,ILSVRC2012_val_00026139.JPEG,block6,random,True,0.006183006800711155,0.007141428999602795,0.42936861515045166,0.5026838779449463,0.15438079833984375,0.01885775476694107,False
vit_base_patch16_224,cait_s24_224,27,ILSVRC2012_val_00026145.JPEG,block6,random,True,0.016849517822265625,0.0170248094946146,0.4340322017669678,0.5081247091293335,0.33421897888183594,0.26556068658828735,False
vit_base_patch16_224,cait_s24_224,26,ILSVRC2012_val_00026139.JPEG,block6,no_drop,True,0.01031606737524271,0.010788421146571636,0.5050621628761292,0.505254864692688,0.039786338806152344,0.00783778727054596,False
vit_base_patch16_224,cait_s24_224,27,ILSVRC2012_val_00026145.JPEG,block6,no_drop,True,0.007325760554522276,0.0068725403398275375,0.510536253452301,0.5099250674247742,0.4575824737548828,0.3669838309288025,False
vit_base_patch16_224,cait_s24_224,28,ILSVRC2012_val_00026189.JPEG,block6,selected,True,-0.001886395737528801,-0.0020196835976094007,0.4280599057674408,0.5022388100624084,0.12388992309570312,0.014137648046016693,False
vit_base_patch16_224,cait_s24_224,29,ILSVRC2012_val_00026202.JPEG,block6,selected,True,0.006560257636010647,0.0058365799486637115,0.43168047070503235,0.5060918927192688,0.1319141387939453,0.02776971459388733,False
vit_base_patch16_224,cait_s24_224,28,ILSVRC2012_val_00026189.JPEG,block6,opposite,True,0.000862856162711978,0.001759206410497427,0.42919591069221497,0.5044642686843872,0.15512847900390625,0.01683460921049118,False
vit_base_patch16_224,cait_s24_224,29,ILSVRC2012_val_00026202.JPEG,block6,opposite,True,0.016422823071479797,0.01823810487985611,0.43028539419174194,0.5055936574935913,0.23944950103759766,0.03672643005847931,False
vit_base_patch16_224,cait_s24_224,28,ILSVRC2012_val_00026189.JPEG,block6,deviation,True,-0.004272322170436382,-0.00466978969052434,0.4285581409931183,0.500770628452301,0.2624549865722656,0.03131280839443207,False
vit_base_patch16_224,cait_s24_224,29,ILSVRC2012_val_00026202.JPEG,block6,deviation,True,-0.0026657097041606903,-0.0045705921947956085,0.4277011454105377,0.4983059763908386,-0.009463310241699219,0.008162960410118103,False
vit_base_patch16_224,cait_s24_224,28,ILSVRC2012_val_00026189.JPEG,block6,random,True,0.007875875569880009,0.008473286405205727,0.427827388048172,0.5028234124183655,0.1445770263671875,0.013225801289081573,False
vit_base_patch16_224,cait_s24_224,29,ILSVRC2012_val_00026202.JPEG,block6,random,True,0.007244030945003033,0.00551469624042511,0.42919591069221497,0.5014017224311829,0.2946281433105469,0.04739844799041748,False
vit_base_patch16_224,cait_s24_224,28,ILSVRC2012_val_00026189.JPEG,block6,no_drop,True,-0.012548062950372696,-0.012768461368978024,0.49228715896606445,0.4921875,0.11097049713134766,0.008023671805858612,False
vit_base_patch16_224,cait_s24_224,29,ILSVRC2012_val_00026202.JPEG,block6,no_drop,True,0.015046742744743824,0.016261031851172447,0.5076198577880859,0.5069953799247742,0.0372467041015625,0.027814015746116638,False
vit_base_patch16_224,cait_s24_224,30,ILSVRC2012_val_00026226.JPEG,block6,selected,True,-0.007563047111034393,-0.007144138216972351,0.42592740058898926,0.49831923842430115,-0.008113861083984375,0.003553442656993866,False
vit_base_patch16_224,cait_s24_224,31,ILSVRC2012_val_00026280.JPEG,block6,selected,True,0.0034025004133582115,0.004662456922233105,0.42960113286972046,0.5026838779449463,0.1234884262084961,0.006123457103967667,False
vit_base_patch16_224,cait_s24_224,30,ILSVRC2012_val_00026226.JPEG,block6,opposite,True,0.0041358014568686485,0.004754341673105955,0.4262462854385376,0.4993356764316559,-0.03851127624511719,0.0032346025109291077,False
vit_base_patch16_224,cait_s24_224,31,ILSVRC2012_val_00026280.JPEG,block6,opposite,True,0.010542976669967175,0.01096391025930643,0.4349888265132904,0.5073873400688171,0.21311187744140625,0.014838222414255142,False
vit_base_patch16_224,cait_s24_224,30,ILSVRC2012_val_00026226.JPEG,block6,deviation,True,0.0008739166660234332,0.0013852928532287478,0.42933541536331177,0.5024247765541077,0.13455867767333984,0.018960535526275635,False
vit_base_patch16_224,cait_s24_224,31,ILSVRC2012_val_00026280.JPEG,block6,deviation,True,0.011473814025521278,0.012222135439515114,0.43435773253440857,0.5093470811843872,0.3272409439086914,0.02670174464583397,False
vit_base_patch16_224,cait_s24_224,30,ILSVRC2012_val_00026226.JPEG,block6,random,True,-0.00038992014015093446,-0.000148614781210199,0.4256151616573334,0.49984055757522583,0.0651397705078125,0.009480535984039307,False
vit_base_patch16_224,cait_s24_224,31,ILSVRC2012_val_00026280.JPEG,block6,random,True,0.005696697160601616,0.006717296317219734,0.4303717613220215,0.5033149719238281,0.2947711944580078,0.01636573299765587,False
vit_base_patch16_224,cait_s24_224,30,ILSVRC2012_val_00026226.JPEG,block6,no_drop,True,-0.004902231972664595,-0.004175527021288872,0.49916958808898926,0.5000398755073547,-0.009921073913574219,0.009825125336647034,False
vit_base_patch16_224,cait_s24_224,31,ILSVRC2012_val_00026280.JPEG,block6,no_drop,True,0.003636103356257081,0.004792821127921343,0.5073408484458923,0.5086296200752258,0.23560047149658203,0.018733087927103043,False
vit_base_patch16_224,cait_s24_224,32,ILSVRC2012_val_00026315.JPEG,block6,selected,True,-0.0015853603836148977,-0.0015962584875524044,0.4306906461715698,0.5043513774871826,0.047776222229003906,0.03383690118789673,False
vit_base_patch16_224,cait_s24_224,33,ILSVRC2012_val_00026328.JPEG,block6,selected,True,-0.0011083197314292192,-0.0009753607446327806,0.4283256232738495,0.49951502680778503,0.0761260986328125,0.006983987987041473,False
vit_base_patch16_224,cait_s24_224,32,ILSVRC2012_val_00026315.JPEG,block6,opposite,True,0.01141274068504572,0.010711554437875748,0.435340940952301,0.5095729827880859,-0.0057621002197265625,0.03350430727005005,False
vit_base_patch16_224,cait_s24_224,33,ILSVRC2012_val_00026328.JPEG,block6,opposite,True,-0.0011941951233893633,-0.002305121859535575,0.42935532331466675,0.5019797086715698,0.043659210205078125,0.004626147449016571,False
vit_base_patch16_224,cait_s24_224,32,ILSVRC2012_val_00026315.JPEG,block6,deviation,True,0.009074924513697624,0.009104358032345772,0.43321508169174194,0.5079852342605591,0.020545005798339844,0.03012588620185852,False
vit_base_patch16_224,cait_s24_224,33,ILSVRC2012_val_00026328.JPEG,block6,deviation,True,-0.0014124810695648193,-0.0014952959027141333,0.42586761713027954,0.5008901953697205,-0.046417236328125,-0.002303779125213623,False
vit_base_patch16_224,cait_s24_224,32,ILSVRC2012_val_00026315.JPEG,block6,random,True,0.0075135016813874245,0.007717566564679146,0.4351482689380646,0.5111009478569031,-0.031183242797851562,0.04288659989833832,False
vit_base_patch16_224,cait_s24_224,33,ILSVRC2012_val_00026328.JPEG,block6,random,True,-0.001971570309251547,-0.0019774935208261013,0.4289700388908386,0.5024114847183228,-0.03050994873046875,-0.0002908483147621155,False
vit_base_patch16_224,cait_s24_224,32,ILSVRC2012_val_00026315.JPEG,block6,no_drop,True,-0.0007220235420390964,-0.0005549987545236945,0.5151732563972473,0.5150271058082581,0.13010406494140625,0.06829214096069336,False
vit_base_patch16_224,cait_s24_224,33,ILSVRC2012_val_00026328.JPEG,block6,no_drop,True,0.00409817136824131,0.003855966031551361,0.505859375,0.5067296624183655,-0.023856163024902344,0.0009883716702461243,False
vit_base_patch16_224,cait_s24_224,34,ILSVRC2012_val_00026332.JPEG,block6,selected,True,0.011594580486416817,0.011471598409116268,0.42707669734954834,0.4977678656578064,0.2672891616821289,0.038589488714933395,False
vit_base_patch16_224,cait_s24_224,35,ILSVRC2012_val_00026390.JPEG,block6,selected,True,-0.0009120109607465565,0.0005480642430484295,0.4268375337123871,0.4992426633834839,-0.18701171875,-0.004521019756793976,False
vit_base_patch16_224,cait_s24_224,34,ILSVRC2012_val_00026332.JPEG,block6,opposite,True,0.012288451194763184,0.012111848220229149,0.4300927519798279,0.5027170777320862,0.06571388244628906,0.014051828533411026,False
vit_base_patch16_224,cait_s24_224,35,ILSVRC2012_val_00026390.JPEG,block6,opposite,True,-0.0038000158965587616,-0.0048273587599396706,0.4203204810619354,0.4898889362812042,-0.09283924102783203,-0.0028377361595630646,False
vit_base_patch16_224,cait_s24_224,34,ILSVRC2012_val_00026332.JPEG,block6,deviation,True,0.015471959486603737,0.015451631508767605,0.42913609743118286,0.5028167366981506,0.5329723358154297,0.05900366231799126,False
vit_base_patch16_224,cait_s24_224,35,ILSVRC2012_val_00026390.JPEG,block6,deviation,True,-0.013998306356370449,-0.014764349907636642,0.41994181275367737,0.49275216460227966,-0.39333534240722656,-0.009840048849582672,False
vit_base_patch16_224,cait_s24_224,34,ILSVRC2012_val_00026332.JPEG,block6,random,True,0.013878047466278076,0.013384668156504631,0.43093642592430115,0.5051751136779785,0.04692554473876953,0.0222894586622715,False
vit_base_patch16_224,cait_s24_224,35,ILSVRC2012_val_00026390.JPEG,block6,random,True,-0.0009961510077118874,-0.0011239382438361645,0.42411378026008606,0.49912309646606445,-0.2698354721069336,-0.006970435380935669,False
vit_base_patch16_224,cait_s24_224,34,ILSVRC2012_val_00026332.JPEG,block6,no_drop,True,0.023632105439901352,0.023756008595228195,0.5055869817733765,0.5055072903633118,0.3482370376586914,0.0430869422852993,False
vit_base_patch16_224,cait_s24_224,35,ILSVRC2012_val_00026390.JPEG,block6,no_drop,True,0.022035162895917892,0.024443477392196655,0.503328263759613,0.5041852593421936,0.13631248474121094,0.005240485072135925,False
vit_base_patch16_224,cait_s24_224,36,ILSVRC2012_val_00026397.JPEG,block6,selected,True,-0.015518014319241047,-0.01623726263642311,0.42386797070503235,0.4985916316509247,-0.08074665069580078,-0.006598383188247681,False
vit_base_patch16_224,cait_s24_224,37,ILSVRC2012_val_00026436.JPEG,block6,selected,True,0.002255008788779378,0.0026160343550145626,0.42705675959587097,0.5012356638908386,-0.036269187927246094,0.028042756021022797,False
vit_base_patch16_224,cait_s24_224,36,ILSVRC2012_val_00026397.JPEG,block6,opposite,True,8.065259316936135e-05,-0.0004482551012188196,0.4299798011779785,0.5036205649375916,-0.00263214111328125,-0.00022945553064346313,False
vit_base_patch16_224,cait_s24_224,37,ILSVRC2012_val_00026436.JPEG,block6,opposite,True,0.0111424271017313,0.010408817790448666,0.43343430757522583,0.5075401067733765,-0.017729759216308594,0.03658009320497513,False
vit_base_patch16_224,cait_s24_224,36,ILSVRC2012_val_00026397.JPEG,block6,deviation,True,0.0027919176500290632,0.002771358471363783,0.4272560477256775,0.5018401741981506,0.041848182678222656,0.0015821978449821472,False
vit_base_patch16_224,cait_s24_224,37,ILSVRC2012_val_00026436.JPEG,block6,deviation,True,0.007172323297709227,0.007270393893122673,0.4310958683490753,0.5038265585899353,-0.09023380279541016,0.026115618646144867,False
vit_base_patch16_224,cait_s24_224,36,ILSVRC2012_val_00026397.JPEG,block6,random,True,-0.002191060921177268,-0.0025308039039373398,0.42842528223991394,0.5030426383018494,-0.0032892227172851562,-0.0013040900230407715,False
vit_base_patch16_224,cait_s24_224,37,ILSVRC2012_val_00026436.JPEG,block6,random,True,0.0021193139255046844,0.0018428757321089506,0.43014588952064514,0.5049492716789246,0.023004531860351562,0.04724476486444473,False
vit_base_patch16_224,cait_s24_224,36,ILSVRC2012_val_00026397.JPEG,block6,no_drop,True,-0.004955838434398174,-0.0034676475916057825,0.49890387058258057,0.500372052192688,-0.07401275634765625,-0.005099043250083923,False
vit_base_patch16_224,cait_s24_224,37,ILSVRC2012_val_00026436.JPEG,block6,no_drop,True,0.006879408843815327,0.00657770037651062,0.5053013563156128,0.5053611397743225,-0.056061744689941406,0.056248657405376434,False
vit_base_patch16_224,cait_s24_224,38,ILSVRC2012_val_00026490.JPEG,block6,selected,True,0.005760010331869125,0.005329831503331661,0.4318133592605591,0.5041387677192688,0.07087421417236328,0.014667846262454987,False
vit_base_patch16_224,cait_s24_224,39,ILSVRC2012_val_00026510.JPEG,block6,selected,True,0.01507475133985281,0.015573429875075817,0.4307304918766022,0.5069621801376343,0.04526329040527344,0.004095152020454407,False
vit_base_patch16_224,cait_s24_224,38,ILSVRC2012_val_00026490.JPEG,block6,opposite,True,0.0013506344985216856,0.0017192044761031866,0.4300595223903656,0.5049359798431396,-0.029183387756347656,0.005244489759206772,False
vit_base_patch16_224,cait_s24_224,39,ILSVRC2012_val_00026510.JPEG,block6,opposite,True,-0.0016586144920438528,-0.0014378156047314405,0.42633265256881714,0.502325177192688,-0.011705398559570312,0.004164546728134155,False
vit_base_patch16_224,cait_s24_224,38,ILSVRC2012_val_00026490.JPEG,block6,deviation,True,0.002699758857488632,0.0032956660725176334,0.43326157331466675,0.5071814060211182,0.1034536361694336,0.016515284776687622,False
vit_base_patch16_224,cait_s24_224,39,ILSVRC2012_val_00026510.JPEG,block6,deviation,True,0.0016880955081433058,0.002178100636228919,0.42791375517845154,0.5032551884651184,-0.02270221710205078,-0.0002589896321296692,False
vit_base_patch16_224,cait_s24_224,38,ILSVRC2012_val_00026490.JPEG,block6,random,True,0.001444840570911765,0.002185879275202751,0.42961442470550537,0.5026174783706665,0.10790538787841797,0.01639103889465332,False
vit_base_patch16_224,cait_s24_224,39,ILSVRC2012_val_00026510.JPEG,block6,random,True,0.005032074637711048,0.004619489423930645,0.4322318732738495,0.5059922337532043,-0.04104042053222656,0.0008178204298019409,False
vit_base_patch16_224,cait_s24_224,38,ILSVRC2012_val_00026490.JPEG,block6,no_drop,True,0.004473129753023386,0.005445030517876148,0.5040656924247742,0.504470944404602,0.07499885559082031,0.02240131050348282,False
vit_base_patch16_224,cait_s24_224,39,ILSVRC2012_val_00026510.JPEG,block6,no_drop,True,0.010715387761592865,0.011529238894581795,0.5084369778633118,0.5077062249183655,0.07852458953857422,0.010173417627811432,False
vit_base_patch16_224,cait_s24_224,40,ILSVRC2012_val_00026559.JPEG,block6,selected,True,0.008792584761977196,0.00780327245593071,0.43043819069862366,0.5036471486091614,-0.034832000732421875,-0.0016850382089614868,False
vit_base_patch16_224,cait_s24_224,41,ILSVRC2012_val_00026627.JPEG,block6,selected,True,0.01409059576690197,0.01472193282097578,0.4357196092605591,0.507041871547699,0.2667980194091797,0.012872405350208282,False
vit_base_patch16_224,cait_s24_224,40,ILSVRC2012_val_00026559.JPEG,block6,opposite,True,0.01609092205762863,0.015762338414788246,0.4303186237812042,0.5041719675064087,0.056145668029785156,0.005529344081878662,False
vit_base_patch16_224,cait_s24_224,41,ILSVRC2012_val_00026627.JPEG,block6,opposite,True,0.001283288816921413,0.0018345420248806477,0.42699697613716125,0.4993356764316559,-0.038616180419921875,-0.0033146440982818604,False
vit_base_patch16_224,cait_s24_224,40,ILSVRC2012_val_00026559.JPEG,block6,deviation,True,-0.033503737300634384,-0.032857902348041534,0.431454598903656,0.5055869817733765,0.007282257080078125,0.0011316165328025818,False
vit_base_patch16_224,cait_s24_224,41,ILSVRC2012_val_00026627.JPEG,block6,deviation,True,-0.002455527661368251,-0.002899648156017065,0.42900988459587097,0.5025842189788818,0.050357818603515625,0.00834827870130539,False
vit_base_patch16_224,cait_s24_224,40,ILSVRC2012_val_00026559.JPEG,block6,random,True,0.0017364206723868847,0.0014061558758839965,0.4294882118701935,0.5045440196990967,-0.014801979064941406,0.004922404885292053,False
vit_base_patch16_224,cait_s24_224,41,ILSVRC2012_val_00026627.JPEG,block6,random,True,0.005340363830327988,0.005524523090571165,0.4319661557674408,0.5037999749183655,0.19154930114746094,0.012872621417045593,False
vit_base_patch16_224,cait_s24_224,40,ILSVRC2012_val_00026559.JPEG,block6,no_drop,True,-0.009089290164411068,-0.009629434905946255,0.5087624788284302,0.5088887214660645,-0.03363609313964844,0.0030239373445510864,False
vit_base_patch16_224,cait_s24_224,41,ILSVRC2012_val_00026627.JPEG,block6,no_drop,True,-0.006800506263971329,-0.007493810728192329,0.500391960144043,0.5013286471366882,-0.08103179931640625,0.0033374428749084473,False
vit_base_patch16_224,cait_s24_224,42,ILSVRC2012_val_00026692.JPEG,block6,selected,True,0.07291239500045776,0.07147134095430374,0.43879544734954834,0.5137250423431396,0.36286258697509766,0.37159720063209534,False
vit_base_patch16_224,cait_s24_224,43,ILSVRC2012_val_00026737.JPEG,block6,selected,True,0.0050871423445641994,0.005275193601846695,0.43304234743118286,0.5085698366165161,0.05439567565917969,0.01216135174036026,False
vit_base_patch16_224,cait_s24_224,42,ILSVRC2012_val_00026692.JPEG,block6,opposite,True,0.10438643395900726,0.10627509653568268,0.4472058415412903,0.519551157951355,0.897395133972168,0.9474241733551025,True
vit_base_patch16_224,cait_s24_224,43,ILSVRC2012_val_00026737.JPEG,block6,opposite,True,0.002119143959134817,0.003930410370230675,0.4340122640132904,0.5090747475624084,0.10806655883789062,0.010990031063556671,False
vit_base_patch16_224,cait_s24_224,42,ILSVRC2012_val_00026692.JPEG,block6,deviation,True,0.06654985249042511,0.06538137793540955,0.43984508514404297,0.5150005221366882,0.37833309173583984,0.5964109897613525,True
vit_base_patch16_224,cait_s24_224,43,ILSVRC2012_val_00026737.JPEG,block6,deviation,True,0.005534518044441938,0.006378405261784792,0.4325839579105377,0.5069289207458496,-0.022551536560058594,0.005244508385658264,False
vit_base_patch16_224,cait_s24_224,42,ILSVRC2012_val_00026692.JPEG,block6,random,True,0.04410522058606148,0.044894516468048096,0.43870243430137634,0.5132666230201721,0.22701072692871094,0.29184702038764954,False
vit_base_patch16_224,cait_s24_224,43,ILSVRC2012_val_00026737.JPEG,block6,random,True,0.01254771277308464,0.012956637889146805,0.4332350194454193,0.5093204975128174,0.16665267944335938,0.020338095724582672,False
vit_base_patch16_224,cait_s24_224,42,ILSVRC2012_val_00026692.JPEG,block6,no_drop,True,0.12522631883621216,0.12469397485256195,0.5260217189788818,0.526779055595398,0.931279182434082,0.9863649606704712,True
vit_base_patch16_224,cait_s24_224,43,ILSVRC2012_val_00026737.JPEG,block6,no_drop,True,0.023566629737615585,0.024327220395207405,0.5186676383018494,0.5186543464660645,-0.20123672485351562,-0.00026266276836395264,False
vit_base_patch16_224,cait_s24_224,44,ILSVRC2012_val_00026743.JPEG,block6,selected,True,0.002756832167506218,0.002653823234140873,0.42617321014404297,0.49766820669174194,-0.1597423553466797,-0.006065789610147476,False
vit_base_patch16_224,cait_s24_224,45,ILSVRC2012_val_00026754.JPEG,block6,selected,True,0.0029139481484889984,0.0019629085436463356,0.42560186982154846,0.49743568897247314,0.0033903121948242188,0.00047466903924942017,False
vit_base_patch16_224,cait_s24_224,44,ILSVRC2012_val_00026743.JPEG,block6,opposite,True,0.00037909531965851784,-0.0003031794913113117,0.4257347583770752,0.4984321892261505,-0.11987495422363281,-0.005251418799161911,False
vit_base_patch16_224,cait_s24_224,45,ILSVRC2012_val_00026754.JPEG,block6,opposite,True,-0.003241618862375617,-0.003931750543415546,0.4239942133426666,0.49193504452705383,-0.04302024841308594,-0.003708966076374054,False
vit_base_patch16_224,cait_s24_224,44,ILSVRC2012_val_00026743.JPEG,block6,deviation,True,-0.002548577031120658,-0.0019006857182830572,0.42698368430137634,0.4999734163284302,-0.09194469451904297,-0.0037909969687461853,False
vit_base_patch16_224,cait_s24_224,45,ILSVRC2012_val_00026754.JPEG,block6,deviation,True,0.009332984685897827,0.00980549305677414,0.425874263048172,0.4982793927192688,0.09865570068359375,0.010921843349933624,False
vit_base_patch16_224,cait_s24_224,44,ILSVRC2012_val_00026743.JPEG,block6,random,True,0.002734479960054159,0.003785606473684311,0.4268043041229248,0.49892377853393555,-0.032202720642089844,-0.0013270899653434753,False
vit_base_patch16_224,cait_s24_224,45,ILSVRC2012_val_00026754.JPEG,block6,random,True,-0.0010694593656808138,-0.0011560048442333937,0.4262794852256775,0.5018003582954407,0.03700828552246094,0.004079565405845642,False
vit_base_patch16_224,cait_s24_224,44,ILSVRC2012_val_00026743.JPEG,block6,no_drop,True,-0.0017708668019622564,-0.0017750844126567245,0.5027170777320862,0.503328263759613,-0.043684959411621094,-0.0009847618639469147,False
vit_base_patch16_224,cait_s24_224,45,ILSVRC2012_val_00026754.JPEG,block6,no_drop,True,0.0037246951833367348,0.004126270301640034,0.502537727355957,0.5021191835403442,-0.12248706817626953,-0.01043780893087387,False
vit_base_patch16_224,cait_s24_224,46,ILSVRC2012_val_00026803.JPEG,block6,selected,True,0.007975639775395393,0.00743457768112421,0.4283522069454193,0.5012821555137634,0.20482540130615234,0.022395215928554535,False
vit_base_patch16_224,cait_s24_224,47,ILSVRC2012_val_00026901.JPEG,block6,selected,True,0.0395166240632534,0.04134221747517586,0.44538557529449463,0.5206672549247742,0.5660066604614258,0.2628452777862549,False
vit_base_patch16_224,cait_s24_224,46,ILSVRC2012_val_00026803.JPEG,block6,opposite,True,0.0077872490510344505,0.009220048785209656,0.43142804503440857,0.5051020383834839,0.0804758071899414,0.013322532176971436,False
vit_base_patch16_224,cait_s24_224,47,ILSVRC2012_val_00026901.JPEG,block6,opposite,True,0.029658274725079536,0.029950793832540512,0.44417649507522583,0.5182955861091614,0.33945560455322266,0.1679317057132721,False
vit_base_patch16_224,cait_s24_224,46,ILSVRC2012_val_00026803.JPEG,block6,deviation,True,0.010880153626203537,0.010410578921437263,0.429780513048172,0.5048894286155701,0.3366413116455078,0.03744933754205704,False
vit_base_patch16_224,cait_s24_224,47,ILSVRC2012_val_00026901.JPEG,block6,deviation,True,0.052078522741794586,0.05260038748383522,0.4458904564380646,0.5231053233146667,0.5028781890869141,0.2354804277420044,False
vit_base_patch16_224,cait_s24_224,46,ILSVRC2012_val_00026803.JPEG,block6,random,True,0.005574327893555164,0.005844347644597292,0.4280000925064087,0.49734267592430115,0.11478519439697266,0.013092480599880219,False
vit_base_patch16_224,cait_s24_224,47,ILSVRC2012_val_00026901.JPEG,block6,random,True,0.034966036677360535,0.03542584925889969,0.43716782331466675,0.5104963779449463,0.45571327209472656,0.14193269610404968,False
vit_base_patch16_224,cait_s24_224,46,ILSVRC2012_val_00026803.JPEG,block6,no_drop,True,0.022523265331983566,0.02154274471104145,0.5070684552192688,0.506085216999054,0.28099727630615234,0.04010796546936035,False
vit_base_patch16_224,cait_s24_224,47,ILSVRC2012_val_00026901.JPEG,block6,no_drop,True,0.0527312308549881,0.051560405641794205,0.5303199291229248,0.5294563174247742,0.6590852737426758,0.3092976212501526,False
vit_base_patch16_224,cait_s24_224,48,ILSVRC2012_val_00026916.JPEG,block6,selected,True,0.0028708400204777718,0.002950053196400404,0.4203736186027527,0.49275216460227966,-0.1987771987915039,-0.0035501737147569656,False
vit_base_patch16_224,cait_s24_224,49,ILSVRC2012_val_00026925.JPEG,block6,selected,True,0.007989541627466679,0.007962299510836601,0.44013074040412903,0.5124827027320862,0.3271598815917969,0.033282697200775146,False
vit_base_patch16_224,cait_s24_224,48,ILSVRC2012_val_00026916.JPEG,block6,opposite,True,0.0007280474528670311,0.0006052329554222524,0.42651864886283875,0.4997209906578064,-0.27860260009765625,-0.006143925711512566,False
vit_base_patch16_224,cait_s24_224,49,ILSVRC2012_val_00026925.JPEG,block6,opposite,True,0.002818616107106209,0.0030124520417302847,0.4360119104385376,0.5103967189788818,0.08882331848144531,0.011406123638153076,False
vit_base_patch16_224,cait_s24_224,48,ILSVRC2012_val_00026916.JPEG,block6,deviation,True,0.0023349144030362368,0.00196411507204175,0.4228980541229248,0.4941539168357849,-0.2019214630126953,-0.005068715661764145,False
vit_base_patch16_224,cait_s24_224,49,ILSVRC2012_val_00026925.JPEG,block6,deviation,True,0.014980747364461422,0.0153556689620018,0.4436383843421936,0.5169005393981934,0.1786956787109375,0.0221889466047287,False
vit_base_patch16_224,cait_s24_224,48,ILSVRC2012_val_00026916.JPEG,block6,random,True,0.0029271391686052084,0.00285926042124629,0.4236088991165161,0.4999202787876129,-0.24533748626708984,-0.0048114340752363205,False
vit_base_patch16_224,cait_s24_224,49,ILSVRC2012_val_00026925.JPEG,block6,random,True,0.007805074565112591,0.00814141146838665,0.4416653513908386,0.5135124325752258,0.2124776840209961,0.023858048021793365,False
vit_base_patch16_224,cait_s24_224,48,ILSVRC2012_val_00026916.JPEG,block6,no_drop,True,-0.004620537627488375,-0.004751213826239109,0.49623990058898926,0.4963993430137634,-0.15670204162597656,-0.002117373049259186,False
vit_base_patch16_224,cait_s24_224,49,ILSVRC2012_val_00026925.JPEG,block6,no_drop,True,0.02748367190361023,0.027971548959612846,0.5242014527320862,0.524998664855957,0.08661174774169922,0.020422175526618958,False
vit_base_patch16_224,cait_s24_224,50,ILSVRC2012_val_00026972.JPEG,block6,selected,True,0.010708075016736984,0.010749883018434048,0.4318598508834839,0.5056866407394409,0.3105735778808594,0.04696624353528023,False
vit_base_patch16_224,cait_s24_224,51,ILSVRC2012_val_00027124.JPEG,block6,selected,True,0.009242462925612926,0.010129171423614025,0.4378122389316559,0.5094135403633118,-0.09894180297851562,0.004634588956832886,False
vit_base_patch16_224,cait_s24_224,50,ILSVRC2012_val_00026972.JPEG,block6,opposite,True,-0.009356878697872162,-0.00942971371114254,0.4329094886779785,0.5064107775688171,0.26395416259765625,0.04361314699053764,False
vit_base_patch16_224,cait_s24_224,51,ILSVRC2012_val_00027124.JPEG,block6,opposite,True,0.008306276053190231,0.008113417774438858,0.43201929330825806,0.5013951063156128,-0.2299633026123047,-0.008731260895729065,False
vit_base_patch16_224,cait_s24_224,50,ILSVRC2012_val_00026972.JPEG,block6,deviation,True,7.085385732352734e-06,-0.0001923353993333876,0.431527704000473,0.5071415305137634,0.22723674774169922,0.051223281770944595,False
vit_base_patch16_224,cait_s24_224,51,ILSVRC2012_val_00027124.JPEG,block6,deviation,True,0.010981380939483643,0.01112170796841383,0.43472975492477417,0.509745717048645,-0.09107112884521484,0.004739545285701752,False
vit_base_patch16_224,cait_s24_224,50,ILSVRC2012_val_00026972.JPEG,block6,random,True,0.009128318168222904,0.009783624671399593,0.43546050786972046,0.5082642436027527,0.2432537078857422,0.05240507051348686,False
vit_base_patch16_224,cait_s24_224,51,ILSVRC2012_val_00027124.JPEG,block6,random,True,0.008245413191616535,0.00916476920247078,0.43286964297294617,0.510762095451355,-0.18627643585205078,-0.004438750445842743,False
vit_base_patch16_224,cait_s24_224,50,ILSVRC2012_val_00026972.JPEG,block6,no_drop,True,0.005381643772125244,0.0051205335184931755,0.5117586255073547,0.5110344886779785,0.26955509185791016,0.06482070684432983,False
vit_base_patch16_224,cait_s24_224,51,ILSVRC2012_val_00027124.JPEG,block6,no_drop,True,0.00958487018942833,0.011736342683434486,0.5145354866981506,0.514256477355957,-0.2031269073486328,0.0024415478110313416,False
vit_base_patch16_224,cait_s24_224,52,ILSVRC2012_val_00027141.JPEG,block6,selected,True,0.007733754813671112,0.007936351001262665,0.42757493257522583,0.5017073154449463,0.04294013977050781,0.006272852420806885,False
vit_base_patch16_224,cait_s24_224,53,ILSVRC2012_val_00027148.JPEG,block6,selected,True,-0.0014531296910718083,-0.002341827843338251,0.4265385866165161,0.5005314350128174,-0.00011539459228515625,-0.00010694563388824463,False
vit_base_patch16_224,cait_s24_224,52,ILSVRC2012_val_00027141.JPEG,block6,opposite,True,-0.001881043310277164,-0.0010861119953915477,0.42315050959587097,0.49568185210227966,-0.04317474365234375,0.0005018636584281921,False
vit_base_patch16_224,cait_s24_224,53,ILSVRC2012_val_00027148.JPEG,block6,opposite,True,0.013580046594142914,0.013928685337305069,0.42865779995918274,0.5018999576568604,0.027578353881835938,0.001792028546333313,False
vit_base_patch16_224,cait_s24_224,52,ILSVRC2012_val_00027141.JPEG,block6,deviation,True,0.009871868416666985,0.010188300162553787,0.42611342668533325,0.4990699291229248,-0.0688314437866211,0.001531362533569336,False
vit_base_patch16_224,cait_s24_224,53,ILSVRC2012_val_00027148.JPEG,block6,deviation,True,0.00011603033635765314,0.001606079749763012,0.427847295999527,0.5035940408706665,0.024320602416992188,0.0011337175965309143,False
vit_base_patch16_224,cait_s24_224,52,ILSVRC2012_val_00027141.JPEG,block6,random,True,-0.0013753267703577876,-0.001284916652366519,0.42771443724632263,0.501554548740387,-0.03054523468017578,-0.001405969262123108,False
vit_base_patch16_224,cait_s24_224,53,ILSVRC2012_val_00027148.JPEG,block6,random,True,0.009652276523411274,0.009955814108252525,0.428505003452301,0.505859375,0.10708808898925781,0.00725322961807251,False
vit_base_patch16_224,cait_s24_224,52,ILSVRC2012_val_00027141.JPEG,block6,no_drop,True,0.007056902628391981,0.007108838763087988,0.5041254758834839,0.5042317509651184,0.0019702911376953125,0.007280901074409485,False
vit_base_patch16_224,cait_s24_224,53,ILSVRC2012_val_00027148.JPEG,block6,no_drop,True,-0.00610125157982111,-0.007093287073075771,0.49853846430778503,0.497933954000473,0.029890060424804688,0.0018847286701202393,False
vit_base_patch16_224,cait_s24_224,54,ILSVRC2012_val_00027201.JPEG,block6,selected,True,0.0025439178571105003,0.0022556211333721876,0.4296609163284302,0.5036139488220215,-0.1329641342163086,-0.007970139384269714,False
vit_base_patch16_224,cait_s24_224,55,ILSVRC2012_val_00027287.JPEG,block6,selected,True,-0.0014151985524222255,-0.0015945268096402287,0.4252830147743225,0.4962199628353119,-0.06229591369628906,-0.004737921059131622,False
vit_base_patch16_224,cait_s24_224,54,ILSVRC2012_val_00027201.JPEG,block6,opposite,True,0.002466680947691202,0.0029858506750315428,0.4273955821990967,0.4996744692325592,-0.07289791107177734,-0.00650361180305481,False
vit_base_patch16_224,cait_s24_224,55,ILSVRC2012_val_00027287.JPEG,block6,opposite,True,-0.002487597055733204,-0.0026800972409546375,0.4251634180545807,0.4990832209587097,-0.025346755981445312,-0.0006502494215965271,False
vit_base_patch16_224,cait_s24_224,54,ILSVRC2012_val_00027201.JPEG,block6,deviation,True,-0.005277610383927822,-0.00542730838060379,0.42605361342430115,0.49833253026008606,-0.046515464782714844,-0.004324294626712799,False
vit_base_patch16_224,cait_s24_224,55,ILSVRC2012_val_00027287.JPEG,block6,deviation,True,0.0004147532454226166,0.00033907737815752625,0.42424002289772034,0.49677136540412903,-0.048195838928222656,-0.0029047727584838867,False
vit_base_patch16_224,cait_s24_224,54,ILSVRC2012_val_00027201.JPEG,block6,random,True,0.003347032703459263,0.003136121667921543,0.4296875,0.5060055255889893,-0.1078023910522461,-0.007416367530822754,False
vit_base_patch16_224,cait_s24_224,55,ILSVRC2012_val_00027287.JPEG,block6,random,True,-0.0027088422793895006,-0.0026891124434769154,0.42634591460227966,0.49842554330825806,-0.05707550048828125,-0.004641860723495483,False
vit_base_patch16_224,cait_s24_224,54,ILSVRC2012_val_00027201.JPEG,block6,no_drop,True,0.0020383826922625303,0.002461823867633939,0.5078988671302795,0.5068625211715698,-0.10213565826416016,-0.00858132541179657,False
vit_base_patch16_224,cait_s24_224,55,ILSVRC2012_val_00027287.JPEG,block6,no_drop,True,-0.003379800356924534,-0.0032914886251091957,0.4956287145614624,0.4955689311027527,-0.0970315933227539,-0.005406953394412994,False
vit_base_patch16_224,cait_s24_224,56,ILSVRC2012_val_00027348.JPEG,block6,selected,True,0.005266281310468912,0.004897697828710079,0.43617135286331177,0.5086960792541504,0.29401397705078125,0.09256745874881744,False
vit_base_patch16_224,cait_s24_224,57,ILSVRC2012_val_00027385.JPEG,block6,selected,True,0.00407259538769722,0.0043279994279146194,0.431434690952301,0.5045440196990967,0.16233539581298828,0.017611339688301086,False
vit_base_patch16_224,cait_s24_224,56,ILSVRC2012_val_00027348.JPEG,block6,opposite,True,-0.0022584758698940277,-0.001974990824237466,0.4419443607330322,0.5167809128761292,0.12062263488769531,0.09451095759868622,False
vit_base_patch16_224,cait_s24_224,57,ILSVRC2012_val_00027385.JPEG,block6,opposite,True,0.0003192345902789384,0.0009485365590080619,0.42902982234954834,0.5008304119110107,-0.026279449462890625,0.002167649567127228,False
vit_base_patch16_224,cait_s24_224,56,ILSVRC2012_val_00027348.JPEG,block6,deviation,True,0.005170465912669897,0.005645446479320526,0.44213035702705383,0.5155585408210754,0.16384315490722656,0.14662466943264008,False
vit_base_patch16_224,cait_s24_224,57,ILSVRC2012_val_00027385.JPEG,block6,deviation,True,0.010725801810622215,0.010278893634676933,0.4356066584587097,0.509014904499054,0.08374786376953125,0.022507354617118835,False
vit_base_patch16_224,cait_s24_224,56,ILSVRC2012_val_00027348.JPEG,block6,random,True,0.004237060435116291,0.004387920722365379,0.44350552558898926,0.516202986240387,0.2589387893676758,0.10113836824893951,False
vit_base_patch16_224,cait_s24_224,57,ILSVRC2012_val_00027385.JPEG,block6,random,True,0.004383735824376345,0.0047237989492714405,0.431846559047699,0.504278302192688,0.091217041015625,0.007855385541915894,False
vit_base_patch16_224,cait_s24_224,56,ILSVRC2012_val_00027348.JPEG,block6,no_drop,True,0.0028619111981242895,0.0030402308329939842,0.5226402878761292,0.5221885442733765,0.041016578674316406,0.16512633860111237,False
vit_base_patch16_224,cait_s24_224,57,ILSVRC2012_val_00027385.JPEG,block6,no_drop,True,0.0023489859886467457,0.002111057285219431,0.509200930595398,0.5085432529449463,0.06723880767822266,0.0046811774373054504,False
vit_base_patch16_224,cait_s24_224,58,ILSVRC2012_val_00027498.JPEG,block6,selected,True,0.002788267796859145,0.00268141133710742,0.4242931604385376,0.49687767028808594,-0.045546531677246094,-0.0034521743655204773,False
vit_base_patch16_224,cait_s24_224,59,ILSVRC2012_val_00027530.JPEG,block6,selected,True,-0.005693736951798201,-0.006680384743958712,0.4283056855201721,0.5011492967605591,-0.13309192657470703,-0.008099384605884552,False
vit_base_patch16_224,cait_s24_224,58,ILSVRC2012_val_00027498.JPEG,block6,opposite,True,0.006289951037615538,0.005910864099860191,0.42746201157569885,0.5018135905265808,0.013289451599121094,0.0013387128710746765,False
vit_base_patch16_224,cait_s24_224,59,ILSVRC2012_val_00027530.JPEG,block6,opposite,True,0.013168935663998127,0.01494648214429617,0.43187978863716125,0.5032950639724731,-0.018817901611328125,0.01404011994600296,False
vit_base_patch16_224,cait_s24_224,58,ILSVRC2012_val_00027498.JPEG,block6,deviation,True,0.003634305903688073,0.0035219553392380476,0.42625293135643005,0.49777451157569885,-0.03777313232421875,-0.002856239676475525,False
vit_base_patch16_224,cait_s24_224,59,ILSVRC2012_val_00027530.JPEG,block6,deviation,True,0.00795082375407219,0.007633096072822809,0.4320126473903656,0.5058261752128601,-0.06827640533447266,0.001991353929042816,False
vit_base_patch16_224,cait_s24_224,58,ILSVRC2012_val_00027498.JPEG,block6,random,True,0.0021349035669118166,0.002253372687846422,0.4291161894798279,0.5020527839660645,0.10056591033935547,0.008175425231456757,False
vit_base_patch16_224,cait_s24_224,59,ILSVRC2012_val_00027530.JPEG,block6,random,True,0.011105276644229889,0.010722039267420769,0.432730108499527,0.5029628872871399,-0.10551738739013672,-0.004576370120048523,False
vit_base_patch16_224,cait_s24_224,58,ILSVRC2012_val_00027498.JPEG,block6,no_drop,True,-0.000789569690823555,-0.00034528598189353943,0.49872449040412903,0.4988042116165161,0.0070056915283203125,-0.0002748742699623108,False
vit_base_patch16_224,cait_s24_224,59,ILSVRC2012_val_00027530.JPEG,block6,no_drop,True,0.008266836404800415,0.009569987654685974,0.5012422800064087,0.5005514025688171,-0.080322265625,0.0016809701919555664,False
vit_base_patch16_224,cait_s24_224,60,ILSVRC2012_val_00027633.JPEG,block6,selected,True,0.0018900405848398805,0.001695361570455134,0.42684417963027954,0.5004384517669678,0.24097824096679688,0.01695573702454567,False
vit_base_patch16_224,cait_s24_224,61,ILSVRC2012_val_00027636.JPEG,block6,selected,True,0.0009028140921145678,0.0012133342679589987,0.4342580735683441,0.5082908272743225,-0.021872520446777344,0.026077061891555786,False
vit_base_patch16_224,cait_s24_224,60,ILSVRC2012_val_00027633.JPEG,block6,opposite,True,0.0047200326807796955,0.004722519312053919,0.43282976746559143,0.5067296624183655,0.3351736068725586,0.02248527482151985,False
vit_base_patch16_224,cait_s24_224,61,ILSVRC2012_val_00027636.JPEG,block6,opposite,True,0.0036297442857176065,0.003939158748835325,0.4302256107330322,0.5028367042541504,0.07715034484863281,0.007363766431808472,False
vit_base_patch16_224,cait_s24_224,60,ILSVRC2012_val_00027633.JPEG,block6,deviation,True,0.004303986206650734,0.005517140030860901,0.4325906038284302,0.5069754719734192,0.2573127746582031,0.01740897074341774,False
vit_base_patch16_224,cait_s24_224,61,ILSVRC2012_val_00027636.JPEG,block6,deviation,True,0.006640913430601358,0.007295392453670502,0.42977386713027954,0.504298210144043,0.041286468505859375,0.030833378434181213,False
vit_base_patch16_224,cait_s24_224,60,ILSVRC2012_val_00027633.JPEG,block6,random,True,-0.005574382841587067,-0.005873352289199829,0.43306228518486023,0.5089285969734192,0.20202922821044922,0.014286544173955917,False
vit_base_patch16_224,cait_s24_224,61,ILSVRC2012_val_00027636.JPEG,block6,random,True,0.0005222239997237921,0.0009466097690165043,0.429893434047699,0.5039594173431396,-0.18166160583496094,-0.03220387548208237,False
vit_base_patch16_224,cait_s24_224,60,ILSVRC2012_val_00027633.JPEG,block6,no_drop,True,0.0026225317269563675,0.0019563757814466953,0.5124096274375916,0.5140239596366882,0.10244369506835938,0.011722948402166367,False
vit_base_patch16_224,cait_s24_224,61,ILSVRC2012_val_00027636.JPEG,block6,no_drop,True,0.011243145912885666,0.011228458024561405,0.5107355713844299,0.5110278725624084,-0.19659709930419922,-0.0018857568502426147,False
vit_base_patch16_224,cait_s24_224,62,ILSVRC2012_val_00027657.JPEG,block6,selected,True,0.008244182914495468,0.008801143616437912,0.4268175959587097,0.502139151096344,0.4470539093017578,0.04887852072715759,False
vit_base_patch16_224,cait_s24_224,63,ILSVRC2012_val_00027790.JPEG,block6,selected,True,0.03471468389034271,0.035193461924791336,0.4359056055545807,0.5092275142669678,0.1283864974975586,0.06353780627250671,False
vit_base_patch16_224,cait_s24_224,62,ILSVRC2012_val_00027657.JPEG,block6,opposite,True,0.020022260025143623,0.02129804715514183,0.427734375,0.5030559301376343,0.3301076889038086,0.03434138000011444,False
vit_base_patch16_224,cait_s24_224,63,ILSVRC2012_val_00027790.JPEG,block6,opposite,True,0.005134784150868654,0.004099413752555847,0.4254424571990967,0.49847203493118286,0.019170761108398438,-0.024750351905822754,False
vit_base_patch16_224,cait_s24_224,62,ILSVRC2012_val_00027657.JPEG,block6,deviation,True,0.015159295871853828,0.016896486282348633,0.4308633506298065,0.5076663494110107,0.4272584915161133,0.04643234610557556,False
vit_base_patch16_224,cait_s24_224,63,ILSVRC2012_val_00027790.JPEG,block6,deviation,True,0.022715041413903236,0.023678850382566452,0.4322451651096344,0.5035541653633118,0.122406005859375,0.029853790998458862,False
vit_base_patch16_224,cait_s24_224,62,ILSVRC2012_val_00027657.JPEG,block6,random,True,-0.005792443640530109,-0.004819844849407673,0.42470502853393555,0.4997076988220215,0.1880483627319336,0.017927981913089752,False
vit_base_patch16_224,cait_s24_224,63,ILSVRC2012_val_00027790.JPEG,block6,random,True,0.037410952150821686,0.04025287181138992,0.4312021732330322,0.504676878452301,0.010103225708007812,0.037250012159347534,False
vit_base_patch16_224,cait_s24_224,62,ILSVRC2012_val_00027657.JPEG,block6,no_drop,True,0.004884006921201944,0.004201683681458235,0.4970238208770752,0.49695074558258057,0.10411643981933594,0.014568008482456207,False
vit_base_patch16_224,cait_s24_224,63,ILSVRC2012_val_00027790.JPEG,block6,no_drop,True,0.06464464962482452,0.06326764076948166,0.513273298740387,0.5127484798431396,0.07362651824951172,0.124982088804245,False
vit_base_patch16_224,pit_b_224,0,ILSVRC2012_val_00024479.JPEG,block6,selected,True,-0.0024214033037424088,-0.002350908936932683,0.42791375517845154,0.5022786259651184,0.00036907196044921875,0.012577995657920837,False
vit_base_patch16_224,pit_b_224,1,ILSVRC2012_val_00024540.JPEG,block6,selected,True,0.0004332465468905866,4.8603396862745285e-08,0.4228515625,0.49430006742477417,0.02498340606689453,0.012531816959381104,False
vit_base_patch16_224,pit_b_224,0,ILSVRC2012_val_00024479.JPEG,block6,opposite,True,-8.243217598646879e-05,0.00015286938287317753,0.42879730463027954,0.5030293464660645,0.04544544219970703,0.008995309472084045,False
vit_base_patch16_224,pit_b_224,1,ILSVRC2012_val_00024540.JPEG,block6,opposite,True,0.001985809998586774,0.0020622308366000652,0.42645886540412903,0.4993290305137634,-0.08216476440429688,-0.01133696734905243,False
vit_base_patch16_224,pit_b_224,0,ILSVRC2012_val_00024479.JPEG,block6,deviation,True,-0.0024902254808694124,-0.002144669182598591,0.42619314789772034,0.5009765625,0.024129867553710938,0.010898977518081665,False
vit_base_patch16_224,pit_b_224,1,ILSVRC2012_val_00024540.JPEG,block6,deviation,True,-3.737001679837704e-05,-0.0008844203548505902,0.42349594831466675,0.496000736951828,0.021262168884277344,0.00594763457775116,False
vit_base_patch16_224,pit_b_224,0,ILSVRC2012_val_00024479.JPEG,block6,random,True,0.0004188569728285074,7.75728840380907e-05,0.42783403396606445,0.4996744692325592,-0.011425971984863281,0.0026130229234695435,False
vit_base_patch16_224,pit_b_224,1,ILSVRC2012_val_00024540.JPEG,block6,random,True,0.0007227828027680516,0.0009985172655433416,0.4257214665412903,0.49810001254081726,0.013300895690917969,0.0033235102891921997,False
vit_base_patch16_224,pit_b_224,0,ILSVRC2012_val_00024479.JPEG,block6,no_drop,True,0.0025027599185705185,0.0019214960047975183,0.501581072807312,0.5022454261779785,-0.0103302001953125,0.0003848224878311157,False
vit_base_patch16_224,pit_b_224,1,ILSVRC2012_val_00024540.JPEG,block6,no_drop,True,0.0050208112224936485,0.00436059758067131,0.4983059763908386,0.499136358499527,-0.09044837951660156,-0.012229278683662415,False
vit_base_patch16_224,pit_b_224,2,ILSVRC2012_val_00024550.JPEG,block6,selected,True,-0.012881604954600334,-0.01338578388094902,0.42298442125320435,0.4956154227256775,0.060204505920410156,0.010945796966552734,False
vit_base_patch16_224,pit_b_224,3,ILSVRC2012_val_00024609.JPEG,block6,selected,True,0.014347236603498459,0.015591472387313843,0.4359454810619354,0.5107156038284302,0.16919422149658203,0.08188331127166748,False
vit_base_patch16_224,pit_b_224,2,ILSVRC2012_val_00024550.JPEG,block6,opposite,True,-0.0037559806369245052,-0.003616724628955126,0.4243529438972473,0.4985916316509247,0.06980705261230469,0.007492199540138245,False
vit_base_patch16_224,pit_b_224,3,ILSVRC2012_val_00024609.JPEG,block6,opposite,True,0.007713174447417259,0.008458818309009075,0.4349755644798279,0.5077261328697205,0.11051177978515625,0.05573850870132446,False
vit_base_patch16_224,pit_b_224,2,ILSVRC2012_val_00024550.JPEG,block6,deviation,True,-0.01361347921192646,-0.014607205986976624,0.424618661403656,0.49783429503440857,0.035190582275390625,0.0015706866979599,False
vit_base_patch16_224,pit_b_224,3,ILSVRC2012_val_00024609.JPEG,block6,deviation,True,0.012498358264565468,0.013313807547092438,0.43496227264404297,0.5094068646430969,0.15344619750976562,0.06434893608093262,False
vit_base_patch16_224,pit_b_224,2,ILSVRC2012_val_00024550.JPEG,block6,random,True,0.00023231899831444025,0.0004704040475189686,0.42755499482154846,0.5026041865348816,0.054795265197753906,0.007338076829910278,False
vit_base_patch16_224,pit_b_224,3,ILSVRC2012_val_00024609.JPEG,block6,random,True,0.014570788480341434,0.01505652628839016,0.43671607971191406,0.5095198154449463,0.08793926239013672,0.04560214281082153,False
vit_base_patch16_224,pit_b_224,2,ILSVRC2012_val_00024550.JPEG,block6,no_drop,True,0.001991190481930971,0.0026418936904519796,0.5018268823623657,0.5029628872871399,-0.07389354705810547,-0.006068624556064606,False
vit_base_patch16_224,pit_b_224,3,ILSVRC2012_val_00024609.JPEG,block6,no_drop,True,0.023048803210258484,0.023364130407571793,0.5152397155761719,0.5143428444862366,0.1743459701538086,0.06400895118713379,False
vit_base_patch16_224,pit_b_224,4,ILSVRC2012_val_00024637.JPEG,block6,selected,True,0.021274570375680923,0.022718725726008415,0.4285581409931183,0.5034478902816772,0.20702171325683594,0.06477177143096924,False
vit_base_patch16_224,pit_b_224,5,ILSVRC2012_val_00024710.JPEG,block6,selected,True,0.0015663437079638243,0.001864955062046647,0.42800673842430115,0.5013552308082581,0.032169342041015625,0.0037191659212112427,False
vit_base_patch16_224,pit_b_224,4,ILSVRC2012_val_00024637.JPEG,block6,opposite,True,0.00886279996484518,0.004452116787433624,0.42796024680137634,0.500584602355957,0.07776451110839844,0.018532603979110718,False
vit_base_patch16_224,pit_b_224,5,ILSVRC2012_val_00024710.JPEG,block6,opposite,True,0.00870109349489212,0.008989493362605572,0.4277476668357849,0.49808672070503235,0.10119247436523438,0.012516900897026062,False
vit_base_patch16_224,pit_b_224,4,ILSVRC2012_val_00024637.JPEG,block6,deviation,True,0.021691184490919113,0.022299807518720627,0.43400564789772034,0.5053279399871826,0.27336597442626953,0.08179992437362671,False
vit_base_patch16_224,pit_b_224,5,ILSVRC2012_val_00024710.JPEG,block6,deviation,True,-0.00335556804202497,-0.0014372854493558407,0.4284186363220215,0.5029296875,0.05800437927246094,0.007681354880332947,False
vit_base_patch16_224,pit_b_224,4,ILSVRC2012_val_00024637.JPEG,block6,random,True,0.024347689002752304,0.0238493625074625,0.4324178993701935,0.5053279399871826,0.29493236541748047,0.06911800801753998,False
vit_base_patch16_224,pit_b_224,5,ILSVRC2012_val_00024710.JPEG,block6,random,True,-0.001719617284834385,-0.0007440082263201475,0.4280931055545807,0.5020129084587097,-0.034442901611328125,-0.004268981516361237,False
vit_base_patch16_224,pit_b_224,4,ILSVRC2012_val_00024637.JPEG,block6,no_drop,True,0.031120646744966507,0.03204017132520676,0.5066565871238708,0.5071016550064087,0.49748706817626953,0.1339355856180191,False
vit_base_patch16_224,pit_b_224,5,ILSVRC2012_val_00024710.JPEG,block6,no_drop,True,0.0027068285271525383,0.0022084934171289206,0.4996877610683441,0.4999202787876129,-0.028197288513183594,-0.003482431173324585,False
vit_base_patch16_224,pit_b_224,6,ILSVRC2012_val_00024753.JPEG,block6,selected,True,0.002134658396244049,0.0006777662201784551,0.4282591938972473,0.5001395344734192,-0.1851186752319336,-0.032283663749694824,False
vit_base_patch16_224,pit_b_224,7,ILSVRC2012_val_00024781.JPEG,block6,selected,True,0.00511182053014636,0.005429330747574568,0.429893434047699,0.5042583346366882,0.12813091278076172,0.09180182218551636,False
vit_base_patch16_224,pit_b_224,6,ILSVRC2012_val_00024753.JPEG,block6,opposite,True,-0.007491405121982098,-0.007492543198168278,0.423037588596344,0.49430006742477417,-0.07390880584716797,-0.011258125305175781,False
vit_base_patch16_224,pit_b_224,7,ILSVRC2012_val_00024781.JPEG,block6,opposite,True,0.01797708123922348,0.01817621849477291,0.43166056275367737,0.5063642859458923,0.23699665069580078,0.1660735011100769,False
vit_base_patch16_224,pit_b_224,6,ILSVRC2012_val_00024753.JPEG,block6,deviation,True,-0.0012713151518255472,-0.0012697339989244938,0.424598753452301,0.4986248314380646,-0.12984085083007812,-0.016090065240859985,False
vit_base_patch16_224,pit_b_224,7,ILSVRC2012_val_00024781.JPEG,block6,deviation,True,0.005935725290328264,0.006514835171401501,0.435433954000473,0.5075002908706665,0.2572193145751953,0.17311924695968628,False
vit_base_patch16_224,pit_b_224,6,ILSVRC2012_val_00024753.JPEG,block6,random,True,-0.0016505203675478697,-0.001634620362892747,0.4240739345550537,0.49585458636283875,-0.2533254623413086,-0.044045284390449524,False
vit_base_patch16_224,pit_b_224,7,ILSVRC2012_val_00024781.JPEG,block6,random,True,0.017004653811454773,0.01735193282365799,0.4318399131298065,0.5049226880073547,0.09568071365356445,0.040113747119903564,False
vit_base_patch16_224,pit_b_224,6,ILSVRC2012_val_00024753.JPEG,block6,no_drop,True,0.004005774389952421,0.0040231081657111645,0.5081313848495483,0.5083572268486023,0.16904640197753906,0.039187535643577576,False
vit_base_patch16_224,pit_b_224,7,ILSVRC2012_val_00024781.JPEG,block6,no_drop,True,0.01840398460626602,0.020337563008069992,0.5120575428009033,0.5129477381706238,0.5765833854675293,0.5040568709373474,False
vit_base_patch16_224,pit_b_224,8,ILSVRC2012_val_00024926.JPEG,block6,selected,True,0.01422799751162529,0.013965046964585781,0.42808645963668823,0.5040590167045593,0.15515613555908203,0.01853860169649124,False
vit_base_patch16_224,pit_b_224,9,ILSVRC2012_val_00025075.JPEG,block6,selected,True,0.003992850426584482,0.004142985679209232,0.42812633514404297,0.5018003582954407,0.10393047332763672,0.01381579041481018,False
vit_base_patch16_224,pit_b_224,8,ILSVRC2012_val_00024926.JPEG,block6,opposite,True,0.001428243238478899,0.0029004246462136507,0.42916932702064514,0.5058062076568604,0.13522720336914062,0.015532426536083221,False
vit_base_patch16_224,pit_b_224,9,ILSVRC2012_val_00025075.JPEG,block6,opposite,True,0.003088904544711113,0.0030755246989428997,0.4251501262187958,0.500391960144043,0.05421733856201172,0.00884227454662323,False
vit_base_patch16_224,pit_b_224,8,ILSVRC2012_val_00024926.JPEG,block6,deviation,True,0.0028848815709352493,0.004013018682599068,0.4286046326160431,0.5044775605201721,0.06760311126708984,0.009733244776725769,False
vit_base_patch16_224,pit_b_224,9,ILSVRC2012_val_00025075.JPEG,block6,deviation,True,-0.00012317730579525232,-3.738229861482978e-05,0.42732247710227966,0.499229371547699,0.07436466217041016,0.010263517498970032,False
vit_base_patch16_224,pit_b_224,8,ILSVRC2012_val_00024926.JPEG,block6,random,True,-0.0008765073143877089,-0.0004567243449855596,0.4274686574935913,0.5001195669174194,0.09171485900878906,0.012000717222690582,False
vit_base_patch16_224,pit_b_224,9,ILSVRC2012_val_00025075.JPEG,block6,random,True,-0.0011173718376085162,-0.001018004841171205,0.42676445841789246,0.49971434473991394,0.10789775848388672,0.018121778964996338,False
vit_base_patch16_224,pit_b_224,8,ILSVRC2012_val_00024926.JPEG,block6,no_drop,True,0.004028311464935541,0.006013690494000912,0.5055006146430969,0.5065635442733765,0.08296871185302734,0.011031024158000946,False
vit_base_patch16_224,pit_b_224,9,ILSVRC2012_val_00025075.JPEG,block6,no_drop,True,-0.00022111018188297749,-0.0002848021686077118,0.5004916191101074,0.49976083636283875,0.0043544769287109375,0.00099964439868927,False
vit_base_patch16_224,pit_b_224,10,ILSVRC2012_val_00025315.JPEG,block6,selected,True,-0.003461935091763735,-0.005068702157586813,0.42295122146606445,0.49550914764404297,-0.011898040771484375,-0.001080624759197235,False
vit_base_patch16_224,pit_b_224,11,ILSVRC2012_val_00025390.JPEG,block6,selected,True,0.006261309143155813,0.006309562362730503,0.4316738545894623,0.5054010152816772,0.03070068359375,0.01811400055885315,False
vit_base_patch16_224,pit_b_224,10,ILSVRC2012_val_00025315.JPEG,block6,opposite,True,0.0011656268034130335,0.0011163926683366299,0.4263193607330322,0.5014482140541077,0.019010543823242188,0.003021329641342163,False
vit_base_patch16_224,pit_b_224,11,ILSVRC2012_val_00025390.JPEG,block6,opposite,True,-0.0001216614618897438,0.0005564519669860601,0.428598016500473,0.5024048686027527,0.03262042999267578,0.012253418564796448,False
vit_base_patch16_224,pit_b_224,10,ILSVRC2012_val_00025315.JPEG,block6,deviation,True,-0.001077643595635891,-0.0019745153840631247,0.42507705092430115,0.49642592668533325,-0.053801536560058594,-0.0045544058084487915,False
vit_base_patch16_224,pit_b_224,11,ILSVRC2012_val_00025390.JPEG,block6,deviation,True,0.006113667041063309,0.0065345424227416515,0.43162068724632263,0.5033615231513977,0.011147499084472656,0.01093873381614685,False
vit_base_patch16_224,pit_b_224,10,ILSVRC2012_val_00025315.JPEG,block6,random,True,0.002453331369906664,0.001500278478488326,0.4264920949935913,0.49836575984954834,-0.027462005615234375,-0.0009280890226364136,False
vit_base_patch16_224,pit_b_224,11,ILSVRC2012_val_00025390.JPEG,block6,random,True,0.006176941562443972,0.006447355728596449,0.4306175708770752,0.5060254335403442,0.07909393310546875,0.02174198627471924,False
vit_base_patch16_224,pit_b_224,10,ILSVRC2012_val_00025315.JPEG,block6,no_drop,True,-0.006161464378237724,-0.007332309149205685,0.49705037474632263,0.4966052770614624,-0.045182228088378906,-0.003544457256793976,False
vit_base_patch16_224,pit_b_224,11,ILSVRC2012_val_00025390.JPEG,block6,no_drop,True,6.202643271535635e-05,-0.0008068644674494863,0.5110543966293335,0.51171875,0.04354286193847656,0.020023629069328308,False
vit_base_patch16_224,pit_b_224,12,ILSVRC2012_val_00025402.JPEG,block6,selected,True,0.005638003349304199,0.006251773796975613,0.43220528960227966,0.5060055255889893,0.09591102600097656,0.014417633414268494,False
vit_base_patch16_224,pit_b_224,13,ILSVRC2012_val_00025408.JPEG,block6,selected,True,0.00016165105625987053,0.0002518633846193552,0.42713648080825806,0.5017737746238708,-0.05439567565917969,-0.006596669554710388,False
vit_base_patch16_224,pit_b_224,12,ILSVRC2012_val_00025402.JPEG,block6,opposite,True,0.002841003704816103,0.004049649927765131,0.42771443724632263,0.5006510615348816,0.057262420654296875,0.00843779742717743,False
vit_base_patch16_224,pit_b_224,13,ILSVRC2012_val_00025408.JPEG,block6,opposite,True,0.004973146133124828,0.005654267035424709,0.42634591460227966,0.49703046679496765,-0.13882160186767578,-0.016414448618888855,False
vit_base_patch16_224,pit_b_224,12,ILSVRC2012_val_00025402.JPEG,block6,deviation,True,0.0077492790296673775,0.00810956209897995,0.4296077787876129,0.5007174611091614,0.01980876922607422,0.0031001269817352295,False
vit_base_patch16_224,pit_b_224,13,ILSVRC2012_val_00025408.JPEG,block6,deviation,True,0.007515955250710249,0.007710961624979973,0.4318864345550537,0.5024912357330322,-0.0978689193725586,-0.011958636343479156,False
vit_base_patch16_224,pit_b_224,12,ILSVRC2012_val_00025402.JPEG,block6,random,True,0.0035135201178491116,0.0027816423680633307,0.42887037992477417,0.5023716688156128,0.05801963806152344,0.008667171001434326,False
vit_base_patch16_224,pit_b_224,13,ILSVRC2012_val_00025408.JPEG,block6,random,True,0.007818615064024925,0.007892930880188942,0.42910289764404297,0.501375138759613,-0.060680389404296875,-0.007740005850791931,False
vit_base_patch16_224,pit_b_224,12,ILSVRC2012_val_00025402.JPEG,block6,no_drop,True,0.0023535965010523796,0.0020684213377535343,0.508204460144043,0.5092740058898926,0.043450355529785156,0.007107645273208618,False
vit_base_patch16_224,pit_b_224,13,ILSVRC2012_val_00025408.JPEG,block6,no_drop,True,-0.004059199243783951,-0.004471143241971731,0.5012223720550537,0.5005248188972473,-0.0013895034790039062,0.00029425323009490967,False
vit_base_patch16_224,pit_b_224,14,ILSVRC2012_val_00025416.JPEG,block6,selected,True,-0.003492701333016157,-0.002944139763712883,0.4267578125,0.4995947480201721,0.12606143951416016,0.013950236141681671,False
vit_base_patch16_224,pit_b_224,15,ILSVRC2012_val_00025440.JPEG,block6,selected,True,-0.010896229185163975,-0.01077454723417759,0.4338262677192688,0.5068492293357849,-0.018047332763671875,-0.001871258020401001,False
vit_base_patch16_224,pit_b_224,14,ILSVRC2012_val_00025416.JPEG,block6,opposite,True,-0.0003572373534552753,-0.0005494604702107608,0.4254424571990967,0.4997541904449463,0.13732147216796875,0.02324078232049942,False
vit_base_patch16_224,pit_b_224,15,ILSVRC2012_val_00025440.JPEG,block6,opposite,True,-0.007089396473020315,-0.012175141833722591,0.43146124482154846,0.5054408311843872,-0.08666229248046875,-0.016266971826553345,False
vit_base_patch16_224,pit_b_224,14,ILSVRC2012_val_00025416.JPEG,block6,deviation,True,0.0036957580596208572,0.003924161195755005,0.42754173278808594,0.5029562711715698,0.17515277862548828,0.023305781185626984,False
vit_base_patch16_224,pit_b_224,15,ILSVRC2012_val_00025440.JPEG,block6,deviation,True,0.01801265776157379,0.018712367862462997,0.43395912647247314,0.5068625211715698,-0.0027408599853515625,0.0034006237983703613,False
vit_base_patch16_224,pit_b_224,14,ILSVRC2012_val_00025416.JPEG,block6,random,True,-0.0004745066398754716,-0.0006210689898580313,0.42608019709587097,0.5009699463844299,0.12201499938964844,0.014058373868465424,False
vit_base_patch16_224,pit_b_224,15,ILSVRC2012_val_00025440.JPEG,block6,random,True,-0.016204826533794403,-0.01713729277253151,0.4350818395614624,0.5086163282394409,-0.0964059829711914,-0.014079570770263672,False
vit_base_patch16_224,pit_b_224,14,ILSVRC2012_val_00025416.JPEG,block6,no_drop,True,0.0023926780559122562,0.002843833528459072,0.5050422549247742,0.5048230290412903,0.17514991760253906,0.024869374930858612,False
vit_base_patch16_224,pit_b_224,15,ILSVRC2012_val_00025440.JPEG,block6,no_drop,True,0.011176835745573044,0.010686763562262058,0.5121771097183228,0.512921154499054,-0.0722341537475586,-0.011951223015785217,False
vit_base_patch16_224,pit_b_224,16,ILSVRC2012_val_00025446.JPEG,block6,selected,True,0.005405983421951532,0.004998697899281979,0.42676445841789246,0.5010496377944946,0.06303691864013672,0.0086296945810318,False
vit_base_patch16_224,pit_b_224,17,ILSVRC2012_val_00025563.JPEG,block6,selected,True,0.0028925598599016666,0.004171599633991718,0.42670467495918274,0.4981531798839569,-0.005406379699707031,-0.0036031901836395264,False
vit_base_patch16_224,pit_b_224,16,ILSVRC2012_val_00025446.JPEG,block6,opposite,True,-0.0006724519771523774,2.3653614334762096e-05,0.4280731678009033,0.5020726919174194,0.014851570129394531,0.0018368661403656006,False
vit_base_patch16_224,pit_b_224,17,ILSVRC2012_val_00025563.JPEG,block6,opposite,True,-0.003480596002191305,-0.002597055397927761,0.42249947786331177,0.49637940526008606,0.10011482238769531,0.014656856656074524,False
vit_base_patch16_224,pit_b_224,16,ILSVRC2012_val_00025446.JPEG,block6,deviation,True,0.00664021261036396,0.007379349321126938,0.42865779995918274,0.5039660334587097,0.05469703674316406,0.007341161370277405,False
vit_base_patch16_224,pit_b_224,17,ILSVRC2012_val_00025563.JPEG,block6,deviation,True,-0.002773820888251066,-0.002288956195116043,0.42509034276008606,0.49944859743118286,0.09644317626953125,0.012103661894798279,False
vit_base_patch16_224,pit_b_224,16,ILSVRC2012_val_00025446.JPEG,block6,random,True,0.005222760606557131,0.005664383061230183,0.4295612871646881,0.5043380856513977,0.05521965026855469,0.006551288068294525,False
vit_base_patch16_224,pit_b_224,17,ILSVRC2012_val_00025563.JPEG,block6,random,True,-0.0020196884870529175,-0.0023773605935275555,0.4234561026096344,0.4971500337123871,0.07825469970703125,0.010869786143302917,False
vit_base_patch16_224,pit_b_224,16,ILSVRC2012_val_00025446.JPEG,block6,no_drop,True,0.00453985808417201,0.004018736071884632,0.5031024217605591,0.5022653341293335,0.06522369384765625,0.00755753368139267,False
vit_base_patch16_224,pit_b_224,17,ILSVRC2012_val_00025563.JPEG,block6,no_drop,True,0.0036664223298430443,0.00519679207354784,0.4971766173839569,0.4979870915412903,0.00783538818359375,-0.001376226544380188,False
vit_base_patch16_224,pit_b_224,18,ILSVRC2012_val_00025800.JPEG,block6,selected,True,-0.0015141097828745842,-0.0012319759698584676,0.4244326651096344,0.49590110778808594,-6.866455078125e-05,0.0023253485560417175,False
vit_base_patch16_224,pit_b_224,19,ILSVRC2012_val_00025844.JPEG,block6,selected,True,-0.000643246341496706,0.0007944824174046516,0.426870733499527,0.4993290305137634,0.06962394714355469,0.009969435632228851,False
vit_base_patch16_224,pit_b_224,18,ILSVRC2012_val_00025800.JPEG,block6,opposite,True,-0.003854635637253523,-0.005339920986443758,0.4262462854385376,0.499209463596344,0.038016319274902344,0.004964113235473633,False
vit_base_patch16_224,pit_b_224,19,ILSVRC2012_val_00025844.JPEG,block6,opposite,True,-0.009499670006334782,-0.008377382531762123,0.4257015287876129,0.5001660585403442,-0.036045074462890625,-0.0032235532999038696,False
vit_base_patch16_224,pit_b_224,18,ILSVRC2012_val_00025800.JPEG,block6,deviation,True,-0.003874870715662837,-0.003224825020879507,0.4219347834587097,0.49661192297935486,-0.03904151916503906,-0.002644777297973633,False
vit_base_patch16_224,pit_b_224,19,ILSVRC2012_val_00025844.JPEG,block6,deviation,True,-0.008146846666932106,-0.009900754317641258,0.426551878452301,0.5001594424247742,-0.013927459716796875,-0.0008435994386672974,False
vit_base_patch16_224,pit_b_224,18,ILSVRC2012_val_00025800.JPEG,block6,random,True,-0.0023315935395658016,-0.0018822848796844482,0.42418020963668823,0.497163325548172,0.03659343719482422,0.005655840039253235,False
vit_base_patch16_224,pit_b_224,19,ILSVRC2012_val_00025844.JPEG,block6,random,True,-0.0026334559079259634,-0.0033375942148268223,0.42704346776008606,0.5000597834587097,0.006618499755859375,0.003563910722732544,False
vit_base_patch16_224,pit_b_224,18,ILSVRC2012_val_00025800.JPEG,block6,no_drop,True,0.005472421646118164,0.007011273875832558,0.5040125250816345,0.50390625,0.008198738098144531,0.0011984258890151978,False
vit_base_patch16_224,pit_b_224,19,ILSVRC2012_val_00025844.JPEG,block6,no_drop,True,-0.0016123723471537232,-0.0010859293397516012,0.5005248188972473,0.5005381107330322,-0.023955345153808594,-0.002247750759124756,False
vit_base_patch16_224,pit_b_224,20,ILSVRC2012_val_00025851.JPEG,block6,selected,True,-0.005513153038918972,-0.004368765279650688,0.4224662482738495,0.49529656767845154,0.05669403076171875,0.012973099946975708,False
vit_base_patch16_224,pit_b_224,21,ILSVRC2012_val_00025907.JPEG,block6,selected,True,-0.002023820299655199,-0.001948669902049005,0.4269571006298065,0.502351701259613,-0.18970108032226562,0.006526947021484375,False
vit_base_patch16_224,pit_b_224,20,ILSVRC2012_val_00025851.JPEG,block6,opposite,True,0.011375614441931248,0.010683786123991013,0.4235690236091614,0.4969640076160431,0.12370681762695312,0.02446351945400238,False
vit_base_patch16_224,pit_b_224,21,ILSVRC2012_val_00025907.JPEG,block6,opposite,True,-0.00057876983191818,-0.0008974650409072638,0.4302455484867096,0.5063244104385376,-0.21395111083984375,0.05065774917602539,False
vit_base_patch16_224,pit_b_224,20,ILSVRC2012_val_00025851.JPEG,block6,deviation,True,-0.003277080599218607,-0.002765315119177103,0.4264522194862366,0.5000398755073547,0.035302162170410156,0.009145975112915039,False
vit_base_patch16_224,pit_b_224,21,ILSVRC2012_val_00025907.JPEG,block6,deviation,True,0.009439644403755665,0.009964867495000362,0.42856478691101074,0.5018734335899353,-0.10151290893554688,0.05479633808135986,False
vit_base_patch16_224,pit_b_224,20,ILSVRC2012_val_00025851.JPEG,block6,random,True,-0.008196940645575523,-0.007977532222867012,0.42380818724632263,0.496884286403656,-0.023967742919921875,0.0031806528568267822,False
vit_base_patch16_224,pit_b_224,21,ILSVRC2012_val_00025907.JPEG,block6,random,True,0.0028447317890822887,0.003445205744355917,0.4311290979385376,0.5070285797119141,-0.07390785217285156,0.0842333436012268,False
vit_base_patch16_224,pit_b_224,20,ILSVRC2012_val_00025851.JPEG,block6,no_drop,True,-0.0019645821303129196,-0.0018487339839339256,0.49763497710227966,0.49776121973991394,0.07829856872558594,0.019098997116088867,False
vit_base_patch16_224,pit_b_224,21,ILSVRC2012_val_00025907.JPEG,block6,no_drop,True,0.004976475145667791,0.00538448104634881,0.5045373439788818,0.5047366619110107,-0.3940868377685547,-0.029046297073364258,False
vit_base_patch16_224,pit_b_224,22,ILSVRC2012_val_00025989.JPEG,block6,selected,True,0.004532699007540941,0.005437949672341347,0.424897700548172,0.49853184819221497,0.02918243408203125,0.0021564289927482605,False
vit_base_patch16_224,pit_b_224,23,ILSVRC2012_val_00026068.JPEG,block6,selected,True,-0.002388276159763336,-0.002948903478682041,0.4273025691509247,0.5006178021430969,-0.023576736450195312,-0.0015492886304855347,False
vit_base_patch16_224,pit_b_224,22,ILSVRC2012_val_00025989.JPEG,block6,opposite,True,-0.002202186733484268,-0.003278386313468218,0.423715204000473,0.4966185688972473,-0.02758502960205078,-0.001645706593990326,False
vit_base_patch16_224,pit_b_224,23,ILSVRC2012_val_00026068.JPEG,block6,opposite,True,0.008504772558808327,0.008749637752771378,0.4281196892261505,0.502557635307312,0.04736137390136719,0.008915379643440247,False
vit_base_patch16_224,pit_b_224,22,ILSVRC2012_val_00025989.JPEG,block6,deviation,True,0.004488050471991301,0.00376124307513237,0.4252364933490753,0.5012289881706238,0.04832649230957031,0.0036186501383781433,False
vit_base_patch16_224,pit_b_224,23,ILSVRC2012_val_00026068.JPEG,block6,deviation,True,0.0059066759422421455,0.005587433464825153,0.4300262928009033,0.5042450428009033,-0.04705333709716797,-0.0023570507764816284,False
vit_base_patch16_224,pit_b_224,22,ILSVRC2012_val_00025989.JPEG,block6,random,True,-0.02292902022600174,-0.02461223676800728,0.4190981090068817,0.49270567297935486,-0.08600234985351562,-0.005060546100139618,False
vit_base_patch16_224,pit_b_224,23,ILSVRC2012_val_00026068.JPEG,block6,random,True,0.001530094537883997,0.0021610420662909746,0.4290962517261505,0.505653440952301,-0.0009441375732421875,0.010281428694725037,False
vit_base_patch16_224,pit_b_224,22,ILSVRC2012_val_00025989.JPEG,block6,no_drop,True,0.004497533664107323,0.005721519701182842,0.5017073154449463,0.501727283000946,0.05120658874511719,0.00335509330034256,False
vit_base_patch16_224,pit_b_224,23,ILSVRC2012_val_00026068.JPEG,block6,no_drop,True,-0.0018127959920093417,-0.0018871142528951168,0.5054342150688171,0.5058194994926453,0.16950225830078125,0.027530759572982788,False
vit_base_patch16_224,pit_b_224,24,ILSVRC2012_val_00026088.JPEG,block6,selected,True,-0.003584022866562009,-0.0032320059835910797,0.4267113208770752,0.4965255558490753,-0.07912063598632812,-0.013862892985343933,False
vit_base_patch16_224,pit_b_224,25,ILSVRC2012_val_00026113.JPEG,block6,selected,True,0.00023888214491307735,0.0009375505615025759,0.4253627359867096,0.4957350194454193,0.1148529052734375,0.01530737429857254,False
vit_base_patch16_224,pit_b_224,24,ILSVRC2012_val_00026088.JPEG,block6,opposite,True,-0.002121596597135067,-0.00235629640519619,0.4221540093421936,0.4970437288284302,-0.08765029907226562,-0.014929190278053284,False
vit_base_patch16_224,pit_b_224,25,ILSVRC2012_val_00026113.JPEG,block6,opposite,True,-0.004979866091161966,-0.0048375786282122135,0.42487776279449463,0.498930424451828,-0.07002925872802734,-0.006123527884483337,False
vit_base_patch16_224,pit_b_224,24,ILSVRC2012_val_00026088.JPEG,block6,deviation,True,-0.00018077995628118515,-0.0004053502343595028,0.4243861734867096,0.4968975782394409,-0.08298206329345703,-0.012351170182228088,False
vit_base_patch16_224,pit_b_224,25,ILSVRC2012_val_00026113.JPEG,block6,deviation,True,0.01687644235789776,0.017404647544026375,0.4238015413284302,0.4972430467605591,0.049185752868652344,0.008913345634937286,False
vit_base_patch16_224,pit_b_224,24,ILSVRC2012_val_00026088.JPEG,block6,random,True,-0.0032357233576476574,-0.0031227136496454477,0.42235997319221497,0.4970238208770752,-0.08736228942871094,-0.013884738087654114,False
vit_base_patch16_224,pit_b_224,25,ILSVRC2012_val_00026113.JPEG,block6,random,True,0.005323031917214394,0.005782357417047024,0.42489105463027954,0.49714338779449463,0.1517171859741211,0.02082311362028122,False
vit_base_patch16_224,pit_b_224,24,ILSVRC2012_val_00026088.JPEG,block6,no_drop,True,0.0029985117726027966,0.0029750571120530367,0.5016608238220215,0.5016541481018066,-0.044907569885253906,-0.006491959095001221,False
vit_base_patch16_224,pit_b_224,25,ILSVRC2012_val_00026113.JPEG,block6,no_drop,True,0.013990115374326706,0.014008598402142525,0.5009499788284302,0.5003321766853333,0.09549427032470703,0.013679541647434235,False
vit_base_patch16_224,pit_b_224,26,ILSVRC2012_val_00026139.JPEG,block6,selected,True,0.005227691028267145,0.006700585596263409,0.42780745029449463,0.5018734335899353,0.06257343292236328,0.020385265350341797,False
vit_base_patch16_224,pit_b_224,27,ILSVRC2012_val_00026145.JPEG,block6,selected,True,0.010677563957870007,0.010714668780565262,0.4299997389316559,0.50390625,0.7443704605102539,0.5582228899002075,True
vit_base_patch16_224,pit_b_224,26,ILSVRC2012_val_00026139.JPEG,block6,opposite,True,0.006711839698255062,0.0074227736331522465,0.427827388048172,0.5020793676376343,0.031482696533203125,0.013882547616958618,False
vit_base_patch16_224,pit_b_224,27,ILSVRC2012_val_00026145.JPEG,block6,opposite,True,0.008459961041808128,0.00798825453966856,0.43310216069221497,0.5073142647743225,0.8548393249511719,0.7466704845428467,True
vit_base_patch16_224,pit_b_224,26,ILSVRC2012_val_00026139.JPEG,block6,deviation,True,0.005644785240292549,0.00628075934946537,0.4289700388908386,0.5030160546302795,0.08027267456054688,0.018502652645111084,False
vit_base_patch16_224,pit_b_224,27,ILSVRC2012_val_00026145.JPEG,block6,deviation,True,0.013263996690511703,0.013063126243650913,0.4314878284931183,0.5043380856513977,0.6295537948608398,0.6250687837600708,True
vit_base_patch16_224,pit_b_224,26,ILSVRC2012_val_00026139.JPEG,block6,random,True,0.012861227616667747,0.01507696881890297,0.42995986342430115,0.502949595451355,-0.0011320114135742188,0.005630791187286377,False
vit_base_patch16_224,pit_b_224,27,ILSVRC2012_val_00026145.JPEG,block6,random,True,0.014003701508045197,0.014880415983498096,0.43132174015045166,0.5056401491165161,0.7584095001220703,0.6291699409484863,True
vit_base_patch16_224,pit_b_224,26,ILSVRC2012_val_00026139.JPEG,block6,no_drop,True,0.015492789447307587,0.01658598706126213,0.507247805595398,0.5077328085899353,0.10235786437988281,0.028081029653549194,False
vit_base_patch16_224,pit_b_224,27,ILSVRC2012_val_00026145.JPEG,block6,no_drop,True,0.018714748322963715,0.018861999735236168,0.5064041018486023,0.5058992505073547,0.9948453903198242,0.8248076438903809,True
vit_base_patch16_224,pit_b_224,28,ILSVRC2012_val_00026189.JPEG,block6,selected,True,0.005860203877091408,0.0048904926516115665,0.4238945543766022,0.49556228518486023,0.010319709777832031,0.0015340670943260193,False
vit_base_patch16_224,pit_b_224,29,ILSVRC2012_val_00026202.JPEG,block6,selected,True,0.00893439445644617,0.008709302172064781,0.4266183078289032,0.4992426633834839,0.10871219635009766,0.016334056854248047,False
vit_base_patch16_224,pit_b_224,28,ILSVRC2012_val_00026189.JPEG,block6,opposite,True,-0.000786810414865613,-3.0343886464834213e-05,0.42681095004081726,0.5012688636779785,-0.05374717712402344,-0.0036737769842147827,False
vit_base_patch16_224,pit_b_224,29,ILSVRC2012_val_00026202.JPEG,block6,opposite,True,0.0012368520256131887,0.00020964682335034013,0.42856478691101074,0.5000531673431396,0.06503772735595703,0.009512536227703094,False
vit_base_patch16_224,pit_b_224,28,ILSVRC2012_val_00026189.JPEG,block6,deviation,True,-0.006201301701366901,-0.006426387000828981,0.4217952787876129,0.4963993430137634,-0.09809589385986328,-0.0078926682472229,False
vit_base_patch16_224,pit_b_224,29,ILSVRC2012_val_00026202.JPEG,block6,deviation,True,-0.0048231580294668674,-0.005464497022330761,0.4272361397743225,0.5017803907394409,0.061280250549316406,0.008390747010707855,False
vit_base_patch16_224,pit_b_224,28,ILSVRC2012_val_00026189.JPEG,block6,random,True,-0.00544771458953619,-0.005706422962248325,0.42662495374679565,0.49986714124679565,-0.03300285339355469,-0.002826787531375885,False
vit_base_patch16_224,pit_b_224,29,ILSVRC2012_val_00026202.JPEG,block6,random,True,0.0029576276428997517,0.00188591203186661,0.42599382996559143,0.4988972246646881,0.014878273010253906,0.001679934561252594,False
vit_base_patch16_224,pit_b_224,28,ILSVRC2012_val_00026189.JPEG,block6,no_drop,True,0.003243450541049242,0.003450666321441531,0.5055139064788818,0.5055603981018066,0.05098438262939453,0.005911581218242645,False
vit_base_patch16_224,pit_b_224,29,ILSVRC2012_val_00026202.JPEG,block6,no_drop,True,0.011711708270013332,0.011943841353058815,0.5087026953697205,0.5081048011779785,0.15764427185058594,0.01871207356452942,False
vit_base_patch16_224,pit_b_224,30,ILSVRC2012_val_00026226.JPEG,block6,selected,True,-0.005423929542303085,-0.005917590111494064,0.4232700765132904,0.4927588105201721,-0.010835647583007812,0.0030756592750549316,False
vit_base_patch16_224,pit_b_224,31,ILSVRC2012_val_00026280.JPEG,block6,selected,True,0.004372900351881981,0.004128903150558472,0.4303983449935913,0.5063642859458923,-0.03348541259765625,0.002596616744995117,False
vit_base_patch16_224,pit_b_224,30,ILSVRC2012_val_00026226.JPEG,block6,opposite,True,-0.004078995902091265,-0.003553589805960655,0.42152291536331177,0.49325042963027954,0.011121749877929688,0.0028744861483573914,False
vit_base_patch16_224,pit_b_224,31,ILSVRC2012_val_00026280.JPEG,block6,opposite,True,0.0026884032413363457,0.0031465631909668446,0.42743542790412903,0.5012688636779785,0.01799774169921875,0.004610538482666016,False
vit_base_patch16_224,pit_b_224,30,ILSVRC2012_val_00026226.JPEG,block6,deviation,True,-0.004700619261711836,-0.004622431471943855,0.4246983826160431,0.49884405732154846,0.047659873962402344,0.007337935268878937,False
vit_base_patch16_224,pit_b_224,31,ILSVRC2012_val_00026280.JPEG,block6,deviation,True,-0.00014811765868216753,-0.0005483741406351328,0.42462530732154846,0.49837905168533325,0.07454490661621094,0.011357024312019348,False
vit_base_patch16_224,pit_b_224,30,ILSVRC2012_val_00026226.JPEG,block6,random,True,-0.008850221522152424,-0.00812279898673296,0.423622190952301,0.49691087007522583,-0.026485443115234375,-0.003163270652294159,False
vit_base_patch16_224,pit_b_224,31,ILSVRC2012_val_00026280.JPEG,block6,random,True,0.0029213945381343365,0.00327856233343482,0.427548348903656,0.5016674399375916,0.014496803283691406,0.006873324513435364,False
vit_base_patch16_224,pit_b_224,30,ILSVRC2012_val_00026226.JPEG,block6,no_drop,True,-0.010541346855461597,-0.011582613922655582,0.49808672070503235,0.4963129758834839,-0.07386970520019531,-0.005196653306484222,False
vit_base_patch16_224,pit_b_224,31,ILSVRC2012_val_00026280.JPEG,block6,no_drop,True,-0.0001390752731822431,-0.00023050035815685987,0.5027503371238708,0.502909779548645,-0.0117950439453125,0.0051089078187942505,False
vit_base_patch16_224,pit_b_224,32,ILSVRC2012_val_00026315.JPEG,block6,selected,True,0.00045552756637334824,0.0007058626506477594,0.4267245829105377,0.5002458095550537,-0.018957138061523438,0.002656593918800354,False
vit_base_patch16_224,pit_b_224,33,ILSVRC2012_val_00026328.JPEG,block6,selected,True,-0.0050730318762362,-0.0050955358892679214,0.4280133843421936,0.4993024468421936,-0.03912162780761719,-0.003765806555747986,False
vit_base_patch16_224,pit_b_224,32,ILSVRC2012_val_00026315.JPEG,block6,opposite,True,0.0006104271160438657,-0.0003965464420616627,0.4239344298839569,0.49949511885643005,-0.027423858642578125,-0.0015179961919784546,False
vit_base_patch16_224,pit_b_224,33,ILSVRC2012_val_00026328.JPEG,block6,opposite,True,-0.007939213886857033,-0.00830027274787426,0.42192813754081726,0.4935958683490753,-0.07028865814208984,-0.006955564022064209,False
vit_base_patch16_224,pit_b_224,32,ILSVRC2012_val_00026315.JPEG,block6,deviation,True,-0.00061903236201033,-0.0013739493442699313,0.4224928319454193,0.4967647194862366,-0.03087615966796875,-0.002406001091003418,False
vit_base_patch16_224,pit_b_224,33,ILSVRC2012_val_00026328.JPEG,block6,deviation,True,-0.003023560158908367,-0.0032745786011219025,0.4263060688972473,0.4995814859867096,-0.022552490234375,-0.0011423900723457336,False
vit_base_patch16_224,pit_b_224,32,ILSVRC2012_val_00026315.JPEG,block6,random,True,0.00138789601624012,0.0006367252208292484,0.4248711168766022,0.4975685477256775,-0.14250564575195312,-0.012114793062210083,False
vit_base_patch16_224,pit_b_224,33,ILSVRC2012_val_00026328.JPEG,block6,random,True,-0.0020822545047849417,-0.002057177247479558,0.4260403513908386,0.4984521269798279,-0.026105880737304688,-0.0025966838002204895,False
vit_base_patch16_224,pit_b_224,32,ILSVRC2012_val_00026315.JPEG,block6,no_drop,True,0.004929047077894211,0.0037635029293596745,0.5031688213348389,0.5030758380889893,0.043541908264160156,0.007893726229667664,False
vit_base_patch16_224,pit_b_224,33,ILSVRC2012_val_00026328.JPEG,block6,no_drop,True,-0.0042505813762545586,-0.004770573694258928,0.5014947652816772,0.5013286471366882,-0.032939910888671875,-0.0024393126368522644,False
vit_base_patch16_224,pit_b_224,34,ILSVRC2012_val_00026332.JPEG,block6,selected,True,-0.008960901759564877,-0.008856448344886303,0.4230043590068817,0.4970038831233978,0.008588790893554688,0.003491997718811035,False
vit_base_patch16_224,pit_b_224,35,ILSVRC2012_val_00026390.JPEG,block6,selected,True,0.0027146050706505775,0.00148088950663805,0.4247581958770752,0.4908123314380646,-0.0035486221313476562,0.0025666356086730957,False
vit_base_patch16_224,pit_b_224,34,ILSVRC2012_val_00026332.JPEG,block6,opposite,True,-0.0005537057295441628,-0.0010327352210879326,0.4266183078289032,0.5004982352256775,-0.008168220520019531,0.0026961714029312134,False
vit_base_patch16_224,pit_b_224,35,ILSVRC2012_val_00026390.JPEG,block6,opposite,True,-0.004503088071942329,-0.005293780006468296,0.424917608499527,0.5005248188972473,0.054930686950683594,0.010722994804382324,False
vit_base_patch16_224,pit_b_224,34,ILSVRC2012_val_00026332.JPEG,block6,deviation,True,-4.0224287658929825e-05,-0.0006961321923881769,0.4280731678009033,0.5023583769798279,-0.06368350982666016,0.0011796802282333374,False
vit_base_patch16_224,pit_b_224,35,ILSVRC2012_val_00026390.JPEG,block6,deviation,True,-0.004089358262717724,-0.004362832754850388,0.42157605290412903,0.49461230635643005,-0.03056049346923828,-0.003990784287452698,False
vit_base_patch16_224,pit_b_224,34,ILSVRC2012_val_00026332.JPEG,block6,random,True,-0.002007857197895646,-0.0010639001848176122,0.42647215723991394,0.500398576259613,0.13219642639160156,0.014068327844142914,False
vit_base_patch16_224,pit_b_224,35,ILSVRC2012_val_00026390.JPEG,block6,random,True,-0.0011010365560650826,-0.0016388434451073408,0.41960299015045166,0.4916161894798279,0.055367469787597656,0.012794122099876404,False
vit_base_patch16_224,pit_b_224,34,ILSVRC2012_val_00026332.JPEG,block6,no_drop,True,-0.0030723274685442448,-0.002877925056964159,0.5002391338348389,0.5000265836715698,-0.08830547332763672,-0.002567492425441742,False
vit_base_patch16_224,pit_b_224,35,ILSVRC2012_val_00026390.JPEG,block6,no_drop,True,0.004174356814473867,0.004086126573383808,0.4982793927192688,0.4996013939380646,0.07860469818115234,0.012832343578338623,False
vit_base_patch16_224,pit_b_224,36,ILSVRC2012_val_00026397.JPEG,block6,selected,True,-0.002269339980557561,-0.0018562478944659233,0.427940309047699,0.5007241368293762,-0.008043289184570312,-0.0007186979055404663,False
vit_base_patch16_224,pit_b_224,37,ILSVRC2012_val_00026436.JPEG,block6,selected,True,0.002854810329154134,0.0030031653586775064,0.429800420999527,0.5015678405761719,-0.04523277282714844,-0.0036281049251556396,False
vit_base_patch16_224,pit_b_224,36,ILSVRC2012_val_00026397.JPEG,block6,opposite,True,0.0036506918258965015,0.00382843054831028,0.4270634055137634,0.49984055757522583,-0.05164909362792969,-0.0067987143993377686,False
vit_base_patch16_224,pit_b_224,37,ILSVRC2012_val_00026436.JPEG,block6,opposite,True,0.0020933947525918484,0.0025118098128587008,0.42788052558898926,0.5020262002944946,-0.012175559997558594,0.002840280532836914,False
vit_base_patch16_224,pit_b_224,36,ILSVRC2012_val_00026397.JPEG,block6,deviation,True,0.0056912098079919815,0.005223824176937342,0.42755499482154846,0.5020594000816345,0.0692596435546875,0.012794017791748047,False
vit_base_patch16_224,pit_b_224,37,ILSVRC2012_val_00026436.JPEG,block6,deviation,True,0.001978972228243947,0.0020229103974997997,0.4291095435619354,0.5023583769798279,0.010226249694824219,0.0028264522552490234,False
vit_base_patch16_224,pit_b_224,36,ILSVRC2012_val_00026397.JPEG,block6,random,True,-0.007189987227320671,-0.00747338542714715,0.42785394191741943,0.5004052519798279,-0.015560150146484375,-0.0019572824239730835,False
vit_base_patch16_224,pit_b_224,37,ILSVRC2012_val_00026436.JPEG,block6,random,True,0.005769289098680019,0.0066772084683179855,0.4315343201160431,0.5062247514724731,0.09312915802001953,0.01762188971042633,False
vit_base_patch16_224,pit_b_224,36,ILSVRC2012_val_00026397.JPEG,block6,no_drop,True,0.0012707761488854885,0.00140022998675704,0.504902720451355,0.5050156712532043,0.02573680877685547,0.004843994975090027,False
vit_base_patch16_224,pit_b_224,37,ILSVRC2012_val_00026436.JPEG,block6,no_drop,True,0.008968561887741089,0.009006932377815247,0.506610095500946,0.5075201988220215,-0.05145263671875,-0.003946878015995026,False
vit_base_patch16_224,pit_b_224,38,ILSVRC2012_val_00026490.JPEG,block6,selected,True,0.0015094144036993384,0.0020857183262705803,0.42955464124679565,0.5003055930137634,-0.05307483673095703,-0.005855366587638855,False
vit_base_patch16_224,pit_b_224,39,ILSVRC2012_val_00026510.JPEG,block6,selected,True,0.008582958951592445,0.008850027807056904,0.4329427182674408,0.5075201988220215,0.07690906524658203,0.014693140983581543,False
vit_base_patch16_224,pit_b_224,38,ILSVRC2012_val_00026490.JPEG,block6,opposite,True,0.0037084254436194897,0.0031743175350129604,0.4282924234867096,0.5011559128761292,-0.03852081298828125,-0.003955379128456116,False
vit_base_patch16_224,pit_b_224,39,ILSVRC2012_val_00026510.JPEG,block6,opposite,True,0.015203624963760376,0.015484143048524857,0.4350353479385376,0.5101177096366882,0.07738494873046875,0.026433736085891724,False
vit_base_patch16_224,pit_b_224,38,ILSVRC2012_val_00026490.JPEG,block6,deviation,True,0.004625543020665646,0.006596080958843231,0.4315343201160431,0.5051950216293335,-0.04320335388183594,-0.003301963210105896,False
vit_base_patch16_224,pit_b_224,39,ILSVRC2012_val_00026510.JPEG,block6,deviation,True,0.0003889512154273689,0.0003690316516440362,0.4317934215068817,0.5039128661155701,-0.022823333740234375,0.005546465516090393,False
vit_base_patch16_224,pit_b_224,38,ILSVRC2012_val_00026490.JPEG,block6,random,True,4.2968138586729765e-05,0.00014618923887610435,0.4292822480201721,0.5033349394798279,-0.02972126007080078,-0.0019584745168685913,False
vit_base_patch16_224,pit_b_224,39,ILSVRC2012_val_00026510.JPEG,block6,random,True,0.004119950346648693,0.004228818695992231,0.433799684047699,0.508417010307312,0.07753276824951172,0.01468542218208313,False
vit_base_patch16_224,pit_b_224,38,ILSVRC2012_val_00026490.JPEG,block6,no_drop,True,0.002476937137544155,0.001631436636671424,0.5003587603569031,0.5001129508018494,-0.028564453125,-0.0005587190389633179,False
vit_base_patch16_224,pit_b_224,39,ILSVRC2012_val_00026510.JPEG,block6,no_drop,True,0.008817306719720364,0.009030564688146114,0.5116323828697205,0.5116323828697205,0.06004905700683594,0.017603978514671326,False
vit_base_patch16_224,pit_b_224,40,ILSVRC2012_val_00026559.JPEG,block6,selected,True,0.0006479053990915418,-0.0004140874370932579,0.4342447817325592,0.509187638759613,0.1108388900756836,0.01363489031791687,False
vit_base_patch16_224,pit_b_224,41,ILSVRC2012_val_00026627.JPEG,block6,selected,True,-0.0033887445461004972,-0.004487981554120779,0.4271032512187958,0.49921607971191406,0.06143379211425781,0.011625289916992188,False
vit_base_patch16_224,pit_b_224,40,ILSVRC2012_val_00026559.JPEG,block6,opposite,True,0.00926432479172945,0.009132188744843006,0.42748191952705383,0.5027370452880859,0.05343151092529297,0.00912688672542572,False
vit_base_patch16_224,pit_b_224,41,ILSVRC2012_val_00026627.JPEG,block6,opposite,True,0.0027207527309656143,0.003619529539719224,0.4261067807674408,0.49746227264404297,0.07002639770507812,0.010280430316925049,False
vit_base_patch16_224,pit_b_224,40,ILSVRC2012_val_00026559.JPEG,block6,deviation,True,0.003388302866369486,0.0015954673290252686,0.4316539168357849,0.5062181353569031,0.06923770904541016,0.007636025547981262,False
vit_base_patch16_224,pit_b_224,41,ILSVRC2012_val_00026627.JPEG,block6,deviation,True,-0.004519473295658827,-0.004173670429736376,0.4252232015132904,0.49692416191101074,0.05030536651611328,0.011795565485954285,False
vit_base_patch16_224,pit_b_224,40,ILSVRC2012_val_00026559.JPEG,block6,random,True,-0.0006270649610087276,0.0008936199592426419,0.43176019191741943,0.5053810477256775,0.04198932647705078,0.005395740270614624,False
vit_base_patch16_224,pit_b_224,41,ILSVRC2012_val_00026627.JPEG,block6,random,True,0.003758857026696205,0.004759873729199171,0.4262927770614624,0.4983856678009033,0.09077167510986328,0.021084219217300415,False
vit_base_patch16_224,pit_b_224,40,ILSVRC2012_val_00026559.JPEG,block6,no_drop,True,-0.013341590762138367,-0.01374124363064766,0.5077128410339355,0.5087292790412903,0.0700845718383789,0.008327007293701172,False
vit_base_patch16_224,pit_b_224,41,ILSVRC2012_val_00026627.JPEG,block6,no_drop,True,-0.0018686807015910745,-0.00236860616132617,0.5021657347679138,0.5014681816101074,0.0016279220581054688,0.0004630535840988159,False
vit_base_patch16_224,pit_b_224,42,ILSVRC2012_val_00026692.JPEG,block6,selected,True,0.04541580379009247,0.04673506319522858,0.43449723720550537,0.5051286220550537,0.0926198959350586,0.06752371788024902,False
vit_base_patch16_224,pit_b_224,43,ILSVRC2012_val_00026737.JPEG,block6,selected,True,-0.012640569359064102,-0.011209012940526009,0.42564839124679565,0.5001993179321289,-0.03011035919189453,-0.0037747621536254883,False
vit_base_patch16_224,pit_b_224,42,ILSVRC2012_val_00026692.JPEG,block6,opposite,True,0.05586729198694229,0.05611417442560196,0.43750664591789246,0.5113932490348816,0.19337177276611328,0.13879314064979553,False
vit_base_patch16_224,pit_b_224,43,ILSVRC2012_val_00026737.JPEG,block6,opposite,True,0.00013636169023811817,-0.00019270088523626328,0.42837876081466675,0.5035009980201721,0.0126953125,0.005223169922828674,False
vit_base_patch16_224,pit_b_224,42,ILSVRC2012_val_00026692.JPEG,block6,deviation,True,0.042677462100982666,0.04427410662174225,0.43354061245918274,0.5072743892669678,0.06694793701171875,0.063820481300354,False
vit_base_patch16_224,pit_b_224,43,ILSVRC2012_val_00026737.JPEG,block6,deviation,True,-0.0013562331441789865,0.00048555457033216953,0.42871758341789246,0.503494381904602,0.025327682495117188,0.007096424698829651,False
vit_base_patch16_224,pit_b_224,42,ILSVRC2012_val_00026692.JPEG,block6,random,True,0.03090806119143963,0.03362013399600983,0.4345968961715698,0.5066632032394409,0.08668994903564453,0.05515772104263306,False
vit_base_patch16_224,pit_b_224,43,ILSVRC2012_val_00026737.JPEG,block6,random,True,-0.00016158632934093475,0.0016704602167010307,0.4291095435619354,0.5041852593421936,0.02507305145263672,0.006569430232048035,False
vit_base_patch16_224,pit_b_224,42,ILSVRC2012_val_00026692.JPEG,block6,no_drop,True,0.06761014461517334,0.06875643134117126,0.5134925246238708,0.5135589241981506,0.24802112579345703,0.16066232323646545,False
vit_base_patch16_224,pit_b_224,43,ILSVRC2012_val_00026737.JPEG,block6,no_drop,True,0.017512045800685883,0.019722167402505875,0.5113400816917419,0.5120442509651184,0.12056636810302734,0.02693478763103485,False
vit_base_patch16_224,pit_b_224,44,ILSVRC2012_val_00026743.JPEG,block6,selected,True,0.022104032337665558,0.023736856877803802,0.4343975782394409,0.506443977355957,0.6987209320068359,0.5266869068145752,True
vit_base_patch16_224,pit_b_224,45,ILSVRC2012_val_00026754.JPEG,block6,selected,True,0.0012739553349092603,0.0013428974198177457,0.4244193732738495,0.4940343201160431,0.17773914337158203,0.029558807611465454,False
vit_base_patch16_224,pit_b_224,44,ILSVRC2012_val_00026743.JPEG,block6,opposite,True,0.0022765996400266886,0.0020991822239011526,0.4248379170894623,0.49788743257522583,0.14819622039794922,0.05270993709564209,False
vit_base_patch16_224,pit_b_224,45,ILSVRC2012_val_00026754.JPEG,block6,opposite,True,-0.00854442734271288,-0.007342426106333733,0.42279842495918274,0.4900350868701935,0.021589279174804688,0.0035987943410873413,False
vit_base_patch16_224,pit_b_224,44,ILSVRC2012_val_00026743.JPEG,block6,deviation,True,-0.005565799307078123,-0.005295677576214075,0.42893680930137634,0.5024580359458923,0.20324420928955078,0.0939909815788269,False
vit_base_patch16_224,pit_b_224,45,ILSVRC2012_val_00026754.JPEG,block6,deviation,True,0.004410723689943552,0.0018182597123086452,0.4256085157394409,0.4937088191509247,0.1114654541015625,0.028835386037826538,False
vit_base_patch16_224,pit_b_224,44,ILSVRC2012_val_00026743.JPEG,block6,random,True,0.002037421800196171,0.002839356428012252,0.42849835753440857,0.5014283061027527,0.487149715423584,0.3524547815322876,False
vit_base_patch16_224,pit_b_224,45,ILSVRC2012_val_00026754.JPEG,block6,random,True,-0.0050177741795778275,-0.0032262299209833145,0.4260602593421936,0.4983724057674408,0.07688713073730469,0.015181705355644226,False
vit_base_patch16_224,pit_b_224,44,ILSVRC2012_val_00026743.JPEG,block6,no_drop,True,-0.0006630471907556057,-0.00026583648286759853,0.5047233700752258,0.5048031210899353,0.4562983512878418,0.33899986743927,False
vit_base_patch16_224,pit_b_224,45,ILSVRC2012_val_00026754.JPEG,block6,no_drop,True,0.00351944612339139,0.005144831258803606,0.5042118430137634,0.5044044852256775,0.1763324737548828,0.031122222542762756,False
vit_base_patch16_224,pit_b_224,46,ILSVRC2012_val_00026803.JPEG,block6,selected,True,-0.0002501332201063633,0.00013208703603595495,0.4247913956642151,0.4962598383426666,0.06278133392333984,0.00942125916481018,False
vit_base_patch16_224,pit_b_224,47,ILSVRC2012_val_00026901.JPEG,block6,selected,True,0.020194681361317635,0.02242322638630867,0.435639888048172,0.5106691122055054,0.2630453109741211,0.1444917917251587,False
vit_base_patch16_224,pit_b_224,46,ILSVRC2012_val_00026803.JPEG,block6,opposite,True,-0.0014348991680890322,-0.001786539563909173,0.42327672243118286,0.4968112111091614,-0.011742591857910156,0.0022553950548171997,False
vit_base_patch16_224,pit_b_224,47,ILSVRC2012_val_00026901.JPEG,block6,opposite,True,0.016315067186951637,0.017625611275434494,0.4340919852256775,0.5084103941917419,0.013300895690917969,0.05445272475481033,False
vit_base_patch16_224,pit_b_224,46,ILSVRC2012_val_00026803.JPEG,block6,deviation,True,-0.0003173511940985918,-0.00025231263134628534,0.42304420471191406,0.4967315196990967,-0.015545845031738281,0.003542959690093994,False
vit_base_patch16_224,pit_b_224,47,ILSVRC2012_val_00026901.JPEG,block6,deviation,True,0.04065942391753197,0.04211747646331787,0.4346500337123871,0.5079852342605591,0.04356861114501953,0.0578465536236763,False
vit_base_patch16_224,pit_b_224,46,ILSVRC2012_val_00026803.JPEG,block6,random,True,-0.0004102407256141305,-0.0008202382596209645,0.42528966069221497,0.4982461631298065,-0.05711078643798828,-0.004652678966522217,False
vit_base_patch16_224,pit_b_224,47,ILSVRC2012_val_00026901.JPEG,block6,random,True,0.02996256574988365,0.030803879722952843,0.4331287145614624,0.5104100108146667,0.1321258544921875,0.05344156175851822,False
vit_base_patch16_224,pit_b_224,46,ILSVRC2012_val_00026803.JPEG,block6,no_drop,True,0.001237464719451964,0.0014763101935386658,0.4992426633834839,0.4999734163284302,-0.03764152526855469,-0.003475956618785858,False
vit_base_patch16_224,pit_b_224,47,ILSVRC2012_val_00026901.JPEG,block6,no_drop,True,0.04749894514679909,0.04743383824825287,0.5128746628761292,0.513671875,0.38022804260253906,0.22264620661735535,False
vit_base_patch16_224,pit_b_224,48,ILSVRC2012_val_00026916.JPEG,block6,selected,True,-0.005783579312264919,-0.0053395675495266914,0.423828125,0.49625319242477417,0.030958175659179688,0.0031894221901893616,False
vit_base_patch16_224,pit_b_224,49,ILSVRC2012_val_00026925.JPEG,block6,selected,True,-0.005166317336261272,-0.004705561324954033,0.42405399680137634,0.4988507032394409,0.12112998962402344,0.0245831161737442,False
vit_base_patch16_224,pit_b_224,48,ILSVRC2012_val_00026916.JPEG,block6,opposite,True,-0.0026990247424691916,-0.002795457374304533,0.42418020963668823,0.49756190180778503,-0.022428512573242188,-0.0017607659101486206,False
vit_base_patch16_224,pit_b_224,49,ILSVRC2012_val_00026925.JPEG,block6,opposite,True,0.0012507300125434995,-5.636783316731453e-05,0.42383477091789246,0.4971300959587097,0.07785701751708984,0.06070864200592041,False
vit_base_patch16_224,pit_b_224,48,ILSVRC2012_val_00026916.JPEG,block6,deviation,True,0.00437827268615365,0.00515170069411397,0.4257945418357849,0.5010164380073547,0.03165721893310547,0.0024026259779930115,False
vit_base_patch16_224,pit_b_224,49,ILSVRC2012_val_00026925.JPEG,block6,deviation,True,-0.001856611343100667,-0.002211730694398284,0.4244193732738495,0.4988573491573334,0.12485694885253906,0.026686877012252808,False
vit_base_patch16_224,pit_b_224,48,ILSVRC2012_val_00026916.JPEG,block6,random,True,-0.0035993114579468966,-0.0037906798534095287,0.4233497977256775,0.4977213442325592,-0.011974334716796875,-0.0015075206756591797,False
vit_base_patch16_224,pit_b_224,49,ILSVRC2012_val_00026925.JPEG,block6,random,True,0.0006108692032285035,0.000330275041051209,0.42467182874679565,0.4988042116165161,-0.008749008178710938,-0.0011443346738815308,False
vit_base_patch16_224,pit_b_224,48,ILSVRC2012_val_00026916.JPEG,block6,no_drop,True,-0.0035758414305746555,-0.0040597557090222836,0.4997807741165161,0.4998472034931183,-0.03786659240722656,-0.002643965184688568,False
vit_base_patch16_224,pit_b_224,49,ILSVRC2012_val_00026925.JPEG,block6,no_drop,True,-0.001165124704129994,-0.002347123110666871,0.5015744566917419,0.5012422800064087,0.1897125244140625,0.04085467755794525,False
vit_base_patch16_224,pit_b_224,50,ILSVRC2012_val_00026972.JPEG,block6,selected,True,0.0035948350559920073,0.004436340183019638,0.43093642592430115,0.5042650103569031,0.1462535858154297,0.03596429526805878,False
vit_base_patch16_224,pit_b_224,51,ILSVRC2012_val_00027124.JPEG,block6,selected,True,-0.005006158724427223,-0.005341989453881979,0.4226987659931183,0.4952566921710968,-0.03292274475097656,-0.004039004445075989,False
vit_base_patch16_224,pit_b_224,50,ILSVRC2012_val_00026972.JPEG,block6,opposite,True,0.006956303492188454,0.0076306588016450405,0.43229830265045166,0.5050090551376343,0.2149496078491211,0.0536198765039444,False
vit_base_patch16_224,pit_b_224,51,ILSVRC2012_val_00027124.JPEG,block6,opposite,True,-0.0025131823495030403,-0.0032360288314521313,0.42197465896606445,0.49255287647247314,-0.15385818481445312,-0.022131934762001038,False
vit_base_patch16_224,pit_b_224,50,ILSVRC2012_val_00026972.JPEG,block6,deviation,True,0.019270960241556168,0.019832417368888855,0.43417835235595703,0.5106292366981506,0.12782859802246094,0.04220806062221527,False
vit_base_patch16_224,pit_b_224,51,ILSVRC2012_val_00027124.JPEG,block6,deviation,True,-0.0016913749277591705,-0.0014215291012078524,0.42504385113716125,0.5015478730201721,-0.06639480590820312,-0.009205460548400879,False
vit_base_patch16_224,pit_b_224,50,ILSVRC2012_val_00026972.JPEG,block6,random,True,0.013138527981936932,0.012989035807549953,0.43346089124679565,0.5066366195678711,0.09142112731933594,0.02126021683216095,False
vit_base_patch16_224,pit_b_224,51,ILSVRC2012_val_00027124.JPEG,block6,random,True,-0.0027356180362403393,-0.0038560996763408184,0.42360225319862366,0.4969905912876129,-0.0718536376953125,-0.011013731360435486,False
vit_base_patch16_224,pit_b_224,50,ILSVRC2012_val_00026972.JPEG,block6,no_drop,True,0.01320747658610344,0.013805568218231201,0.5104631781578064,0.5106292366981506,0.10433769226074219,0.06336088478565216,False
vit_base_patch16_224,pit_b_224,51,ILSVRC2012_val_00027124.JPEG,block6,no_drop,True,0.0002482141135260463,0.0001282085431739688,0.497933954000473,0.4980136454105377,-0.10500144958496094,-0.012897372245788574,False
vit_base_patch16_224,pit_b_224,52,ILSVRC2012_val_00027141.JPEG,block6,selected,True,0.006159782409667969,0.005725522991269827,0.4332084357738495,0.5073208808898926,0.13769149780273438,0.017701953649520874,False
vit_base_patch16_224,pit_b_224,53,ILSVRC2012_val_00027148.JPEG,block6,selected,True,-0.0024928452912718058,-0.0036336304619908333,0.42826583981513977,0.5004916191101074,0.006936073303222656,0.0011173635721206665,False
vit_base_patch16_224,pit_b_224,52,ILSVRC2012_val_00027141.JPEG,block6,opposite,True,0.0017722095362842083,0.0015804511494934559,0.4315609037876129,0.5044576525688171,0.1631031036376953,0.01782985031604767,False
vit_base_patch16_224,pit_b_224,53,ILSVRC2012_val_00027148.JPEG,block6,opposite,True,0.004250895697623491,0.004624055232852697,0.4241403639316559,0.4975818395614624,-0.004288673400878906,-0.0005041435360908508,False
vit_base_patch16_224,pit_b_224,52,ILSVRC2012_val_00027141.JPEG,block6,deviation,True,0.004113916773349047,0.0029320749454200268,0.4301658272743225,0.5038464665412903,0.10234546661376953,0.01278427243232727,False
vit_base_patch16_224,pit_b_224,53,ILSVRC2012_val_00027148.JPEG,block6,deviation,True,0.002332401927560568,0.0024221751373261213,0.42459210753440857,0.5002325177192688,-0.021773338317871094,-0.0019656121730804443,False
vit_base_patch16_224,pit_b_224,52,ILSVRC2012_val_00027141.JPEG,block6,random,True,0.008592279627919197,0.009329604916274548,0.4313616156578064,0.5070950388908386,0.2020730972290039,0.026481151580810547,False
vit_base_patch16_224,pit_b_224,53,ILSVRC2012_val_00027148.JPEG,block6,random,True,-0.017981942743062973,-0.020460220053792,0.424014151096344,0.4981133043766022,-0.014285087585449219,-0.0017594769597053528,False
vit_base_patch16_224,pit_b_224,52,ILSVRC2012_val_00027141.JPEG,block6,no_drop,True,-0.0010617987718433142,0.00039011845365166664,0.5071880221366882,0.5072013139724731,0.1288890838623047,0.015583410859107971,False
vit_base_patch16_224,pit_b_224,53,ILSVRC2012_val_00027148.JPEG,block6,no_drop,True,0.003181830048561096,0.005145000293850899,0.5022454261779785,0.5035674571990967,-0.013781547546386719,-0.0012997835874557495,False
vit_base_patch16_224,pit_b_224,54,ILSVRC2012_val_00027201.JPEG,block6,selected,True,-0.005819723010063171,-0.0045469459146261215,0.42633265256881714,0.49998006224632263,-0.13620758056640625,-0.020856142044067383,False
vit_base_patch16_224,pit_b_224,55,ILSVRC2012_val_00027287.JPEG,block6,selected,True,0.004698552191257477,0.006609842646867037,0.4304315447807312,0.5051817893981934,0.03899955749511719,0.007790431380271912,False
vit_base_patch16_224,pit_b_224,54,ILSVRC2012_val_00027201.JPEG,block6,opposite,True,-0.001055748900398612,-0.0006491693202406168,0.42501726746559143,0.4986846446990967,-0.18912220001220703,-0.02733752131462097,False
vit_base_patch16_224,pit_b_224,55,ILSVRC2012_val_00027287.JPEG,block6,opposite,True,0.0024643810465931892,0.0025308276526629925,0.4318133592605591,0.5061184763908386,0.01564311981201172,0.004155442118644714,False
vit_base_patch16_224,pit_b_224,54,ILSVRC2012_val_00027201.JPEG,block6,deviation,True,0.00020949210738763213,0.00014404946705326438,0.42955464124679565,0.5011891722679138,-0.1699514389038086,-0.022537142038345337,False
vit_base_patch16_224,pit_b_224,55,ILSVRC2012_val_00027287.JPEG,block6,deviation,True,0.0042288415133953094,0.004380101803690195,0.4322584569454193,0.5059922337532043,0.026627540588378906,0.005922645330429077,False
vit_base_patch16_224,pit_b_224,54,ILSVRC2012_val_00027201.JPEG,block6,random,True,0.0013757706619799137,5.595828406512737e-05,0.4286511540412903,0.5011692047119141,-0.1742868423461914,-0.029541492462158203,False
vit_base_patch16_224,pit_b_224,55,ILSVRC2012_val_00027287.JPEG,block6,random,True,0.0011759609915316105,0.001372705795802176,0.42930883169174194,0.5011094212532043,-0.028364181518554688,-0.0018713325262069702,False
vit_base_patch16_224,pit_b_224,54,ILSVRC2012_val_00027201.JPEG,block6,no_drop,True,0.010571581311523914,0.011834796518087387,0.5087292790412903,0.5098851919174194,-0.16611862182617188,-0.02720041573047638,False
vit_base_patch16_224,pit_b_224,55,ILSVRC2012_val_00027287.JPEG,block6,no_drop,True,0.015269175171852112,0.01564469188451767,0.5035408735275269,0.5038530826568604,0.021032333374023438,0.005649209022521973,False
vit_base_patch16_224,pit_b_224,56,ILSVRC2012_val_00027348.JPEG,block6,selected,True,0.0037650030571967363,0.004667138680815697,0.4308633506298065,0.5049425959587097,0.08019256591796875,0.06919921934604645,False
vit_base_patch16_224,pit_b_224,57,ILSVRC2012_val_00027385.JPEG,block6,selected,True,-0.010030983947217464,-0.008992497809231281,0.42243966460227966,0.4952699840068817,0.06309986114501953,0.009271189570426941,False
vit_base_patch16_224,pit_b_224,56,ILSVRC2012_val_00027348.JPEG,block6,opposite,True,0.011057348921895027,0.011568287387490273,0.43071720004081726,0.5044775605201721,0.02498912811279297,0.04329439997673035,False
vit_base_patch16_224,pit_b_224,57,ILSVRC2012_val_00027385.JPEG,block6,opposite,True,-0.0011497809318825603,-0.0014970942866057158,0.4231970012187958,0.49585458636283875,-0.13125228881835938,-0.01680631935596466,False
vit_base_patch16_224,pit_b_224,56,ILSVRC2012_val_00027348.JPEG,block6,deviation,True,0.00811181589961052,0.008564738556742668,0.43288955092430115,0.5078988671302795,0.29208946228027344,0.14900244772434235,False
vit_base_patch16_224,pit_b_224,57,ILSVRC2012_val_00027385.JPEG,block6,deviation,True,-0.013695549219846725,-0.013941546902060509,0.4214099645614624,0.496299684047699,-0.08315563201904297,-0.010346770286560059,False
vit_base_patch16_224,pit_b_224,56,ILSVRC2012_val_00027348.JPEG,block6,random,True,0.006094441283494234,0.005832125432789326,0.42865779995918274,0.5034080147743225,0.1875009536743164,0.10549645125865936,False
vit_base_patch16_224,pit_b_224,57,ILSVRC2012_val_00027385.JPEG,block6,random,True,0.009606936946511269,0.009351102635264397,0.4254889488220215,0.49729618430137634,-0.04206085205078125,-0.004937648773193359,False
vit_base_patch16_224,pit_b_224,56,ILSVRC2012_val_00027348.JPEG,block6,no_drop,True,0.012737820856273174,0.012705804780125618,0.5070086717605591,0.5085499286651611,0.43230628967285156,0.2572302222251892,False
vit_base_patch16_224,pit_b_224,57,ILSVRC2012_val_00027385.JPEG,block6,no_drop,True,-0.007584443781524897,-0.008120303973555565,0.5002458095550537,0.5005049109458923,-0.0056667327880859375,0.0006502866744995117,False
vit_base_patch16_224,pit_b_224,58,ILSVRC2012_val_00027498.JPEG,block6,selected,True,-0.0120442109182477,-0.012268295511603355,0.42578125,0.49986714124679565,-0.1518268585205078,-0.018584981560707092,False
vit_base_patch16_224,pit_b_224,59,ILSVRC2012_val_00027530.JPEG,block6,selected,True,0.004046503454446793,0.0036807297728955746,0.4299200177192688,0.5046303868293762,0.11742687225341797,0.01972922682762146,False
vit_base_patch16_224,pit_b_224,58,ILSVRC2012_val_00027498.JPEG,block6,opposite,True,-9.098276495933533e-05,-0.00019607949070632458,0.42301100492477417,0.4971766173839569,-0.220458984375,-0.02789589762687683,False
vit_base_patch16_224,pit_b_224,59,ILSVRC2012_val_00027530.JPEG,block6,opposite,True,0.0007966221310198307,0.00283869169652462,0.4292490482330322,0.5020660758018494,0.09424114227294922,0.019390538334846497,False
vit_base_patch16_224,pit_b_224,58,ILSVRC2012_val_00027498.JPEG,block6,deviation,True,-0.0005097278626635671,-0.0006376231322064996,0.4264322817325592,0.49898359179496765,-0.1397075653076172,-0.01829834282398224,False
vit_base_patch16_224,pit_b_224,59,ILSVRC2012_val_00027530.JPEG,block6,deviation,True,-0.015555507503449917,-0.01263818796724081,0.4282326102256775,0.5025908946990967,0.1631479263305664,0.030577152967453003,False
vit_base_patch16_224,pit_b_224,58,ILSVRC2012_val_00027498.JPEG,block6,random,True,-0.014799154363572598,-0.013595408760011196,0.4256151616573334,0.49901679158210754,-0.14693832397460938,-0.019317150115966797,False
vit_base_patch16_224,pit_b_224,59,ILSVRC2012_val_00027530.JPEG,block6,random,True,0.005836541764438152,0.00860519241541624,0.427528440952301,0.5002989768981934,0.08702468872070312,0.022960394620895386,False
vit_base_patch16_224,pit_b_224,58,ILSVRC2012_val_00027498.JPEG,block6,no_drop,True,-0.003735119942575693,-0.0037989947013556957,0.5051020383834839,0.5053146481513977,-0.1308460235595703,-0.017586231231689453,False
vit_base_patch16_224,pit_b_224,59,ILSVRC2012_val_00027530.JPEG,block6,no_drop,True,0.005148352589458227,0.005945171695202589,0.5026307106018066,0.5032684803009033,0.07426929473876953,0.012637510895729065,False
vit_base_patch16_224,pit_b_224,60,ILSVRC2012_val_00027633.JPEG,block6,selected,True,-0.004341983236372471,-0.005158877465873957,0.4217222034931183,0.49738919734954834,0.22130775451660156,0.028824657201766968,False
vit_base_patch16_224,pit_b_224,61,ILSVRC2012_val_00027636.JPEG,block6,selected,True,0.0019809305667877197,0.0031469042878597975,0.4300329387187958,0.504318118095398,0.004363059997558594,0.002095639705657959,False
vit_base_patch16_224,pit_b_224,60,ILSVRC2012_val_00027633.JPEG,block6,opposite,True,0.0002907952293753624,0.00011346861720085144,0.42605361342430115,0.4996877610683441,0.09585857391357422,0.010771937668323517,False
vit_base_patch16_224,pit_b_224,61,ILSVRC2012_val_00027636.JPEG,block6,opposite,True,0.003509257920086384,0.004401016049087048,0.43031197786331177,0.5038996338844299,0.0289459228515625,0.011478215456008911,False
vit_base_patch16_224,pit_b_224,60,ILSVRC2012_val_00027633.JPEG,block6,deviation,True,-0.007191233802586794,-0.0072260890156030655,0.422080934047699,0.4985916316509247,0.1621713638305664,0.01867470145225525,False
vit_base_patch16_224,pit_b_224,61,ILSVRC2012_val_00027636.JPEG,block6,deviation,True,0.006285001058131456,0.006201580166816711,0.43149447441101074,0.5040723085403442,-0.009753227233886719,0.0024000555276870728,False
vit_base_patch16_224,pit_b_224,60,ILSVRC2012_val_00027633.JPEG,block6,random,True,-0.0009753347840160131,-0.0015279483050107956,0.4261399805545807,0.4993356764316559,0.12003040313720703,0.015820033848285675,False
vit_base_patch16_224,pit_b_224,61,ILSVRC2012_val_00027636.JPEG,block6,random,True,0.0038639050908386707,0.004311620723456144,0.4269571006298065,0.5044111609458923,0.07464981079101562,0.010581880807876587,False
vit_base_patch16_224,pit_b_224,60,ILSVRC2012_val_00027633.JPEG,block6,no_drop,True,-0.0032341177575290203,-0.0024132337421178818,0.4966849982738495,0.4972364008426666,0.16407108306884766,0.018159925937652588,False
vit_base_patch16_224,pit_b_224,61,ILSVRC2012_val_00027636.JPEG,block6,no_drop,True,0.018363218754529953,0.018328992649912834,0.5077328085899353,0.5080782175064087,0.10636234283447266,0.039434194564819336,False
vit_base_patch16_224,pit_b_224,62,ILSVRC2012_val_00027657.JPEG,block6,selected,True,0.013632828369736671,0.013944603502750397,0.42922911047935486,0.5013552308082581,0.08185768127441406,0.012268520891666412,False
vit_base_patch16_224,pit_b_224,63,ILSVRC2012_val_00027790.JPEG,block6,selected,True,0.016418175771832466,0.01713600382208824,0.4325839579105377,0.5054142475128174,0.0442352294921875,0.040127843618392944,False
vit_base_patch16_224,pit_b_224,62,ILSVRC2012_val_00027657.JPEG,block6,opposite,True,0.013087037019431591,0.013786513358354568,0.4295811951160431,0.5020394921302795,0.19097423553466797,0.027055196464061737,False
vit_base_patch16_224,pit_b_224,63,ILSVRC2012_val_00027790.JPEG,block6,opposite,True,0.004214258398860693,0.00465270783752203,0.4325839579105377,0.5063177347183228,-0.02820301055908203,0.016621708869934082,False
vit_base_patch16_224,pit_b_224,62,ILSVRC2012_val_00027657.JPEG,block6,deviation,True,0.010776711627840996,0.011517072096467018,0.4299333095550537,0.5021723508834839,0.0719461441040039,0.010334335267543793,False
vit_base_patch16_224,pit_b_224,63,ILSVRC2012_val_00027790.JPEG,block6,deviation,True,0.012012094259262085,0.011774981394410133,0.4310958683490753,0.5044376850128174,0.07989788055419922,0.0376836359500885,False
vit_base_patch16_224,pit_b_224,62,ILSVRC2012_val_00027657.JPEG,block6,random,True,0.012122862040996552,0.01181834191083908,0.4312818944454193,0.5069887042045593,0.11758804321289062,0.017188630998134613,False
vit_base_patch16_224,pit_b_224,63,ILSVRC2012_val_00027790.JPEG,block6,random,True,0.014843598008155823,0.015729043632745743,0.4294217824935913,0.5024580359458923,0.03315925598144531,0.02289775013923645,False
vit_base_patch16_224,pit_b_224,62,ILSVRC2012_val_00027657.JPEG,block6,no_drop,True,0.013662399724125862,0.014550778083503246,0.5020992755889893,0.5029828548431396,0.06683731079101562,0.009796619415283203,False
vit_base_patch16_224,pit_b_224,63,ILSVRC2012_val_00027790.JPEG,block6,no_drop,True,0.03622124344110489,0.03811170160770416,0.512110710144043,0.5127285122871399,0.17807531356811523,0.11957314610481262,False
vit_base_patch16_224,visformer_small,0,ILSVRC2012_val_00024479.JPEG,block6,selected,True,-0.003432036377489567,-0.004052009899169207,0.4278008043766022,0.5001262426376343,-0.0968942642211914,-0.021748632192611694,False
vit_base_patch16_224,visformer_small,1,ILSVRC2012_val_00024540.JPEG,block6,selected,True,0.000997699680738151,0.0008872898761183023,0.4250836968421936,0.4975951313972473,-0.2351984977722168,-0.07172814011573792,False
vit_base_patch16_224,visformer_small,0,ILSVRC2012_val_00024479.JPEG,block6,opposite,True,-0.0017218447756022215,-0.002329175127670169,0.4264123737812042,0.5007174611091614,-0.1015777587890625,-0.02074110507965088,False
vit_base_patch16_224,visformer_small,1,ILSVRC2012_val_00024540.JPEG,block6,opposite,True,0.008658425882458687,0.0093928761780262,0.4282791316509247,0.5035807490348816,-0.2382640838623047,-0.07789000868797302,False
vit_base_patch16_224,visformer_small,0,ILSVRC2012_val_00024479.JPEG,block6,deviation,True,-0.002876084763556719,-0.0036583561450242996,0.4276679456233978,0.502531111240387,-0.12400150299072266,-0.02280282974243164,False
vit_base_patch16_224,visformer_small,1,ILSVRC2012_val_00024540.JPEG,block6,deviation,True,0.004175072535872459,0.004474443383514881,0.4270169138908386,0.5016874074935913,-0.22845745086669922,-0.06320041418075562,False
vit_base_patch16_224,visformer_small,0,ILSVRC2012_val_00024479.JPEG,block6,random,True,0.004137426149100065,0.004305911250412464,0.42889031767845154,0.501767098903656,-0.177886962890625,-0.03287753462791443,False
vit_base_patch16_224,visformer_small,1,ILSVRC2012_val_00024540.JPEG,block6,random,True,-0.0035575281362980604,-0.0016534233000129461,0.42639243602752686,0.497840940952301,-0.15166044235229492,-0.050277143716812134,False
vit_base_patch16_224,visformer_small,0,ILSVRC2012_val_00024479.JPEG,block6,no_drop,True,-0.003449181094765663,-0.0024904399178922176,0.5000265836715698,0.49968111515045166,-0.129425048828125,-0.024811267852783203,False
vit_base_patch16_224,visformer_small,1,ILSVRC2012_val_00024540.JPEG,block6,no_drop,True,0.0021740468218922615,0.003737843595445156,0.49748221039772034,0.49875107407569885,-0.19713592529296875,-0.056086838245391846,False
vit_base_patch16_224,visformer_small,2,ILSVRC2012_val_00024550.JPEG,block6,selected,True,-0.005783418193459511,-0.005217471159994602,0.42643892765045166,0.498837411403656,-0.08374309539794922,-0.011662036180496216,False
vit_base_patch16_224,visformer_small,3,ILSVRC2012_val_00024609.JPEG,block6,selected,True,0.013107087463140488,0.016187759116292,0.4322584569454193,0.5036936402320862,-0.0021638870239257812,0.016247808933258057,False
vit_base_patch16_224,visformer_small,2,ILSVRC2012_val_00024550.JPEG,block6,opposite,True,0.0017431764863431454,0.0020768349058926105,0.42330995202064514,0.4976084232330322,0.02884960174560547,0.012352436780929565,False
vit_base_patch16_224,visformer_small,3,ILSVRC2012_val_00024609.JPEG,block6,opposite,True,0.0105619877576828,0.011936736293137074,0.4307304918766022,0.5025444030761719,-0.02105236053466797,0.014026284217834473,False
vit_base_patch16_224,visformer_small,2,ILSVRC2012_val_00024550.JPEG,block6,deviation,True,-0.0005813988391309977,0.00019392045214772224,0.4255354404449463,0.49842554330825806,0.037140846252441406,0.02114778757095337,False
vit_base_patch16_224,visformer_small,3,ILSVRC2012_val_00024609.JPEG,block6,deviation,True,0.004671813920140266,0.005579008720815182,0.42915603518486023,0.5019930005073547,-0.03430652618408203,0.005493879318237305,False
vit_base_patch16_224,visformer_small,2,ILSVRC2012_val_00024550.JPEG,block6,random,True,0.0026747859083116055,0.004136170260608196,0.42509034276008606,0.5013818144798279,0.12731170654296875,0.028515517711639404,False
vit_base_patch16_224,visformer_small,3,ILSVRC2012_val_00024609.JPEG,block6,random,True,0.013558023609220982,0.01443264726549387,0.43121546506881714,0.5044975280761719,-0.018468856811523438,0.021901726722717285,False
vit_base_patch16_224,visformer_small,2,ILSVRC2012_val_00024550.JPEG,block6,no_drop,True,0.004286433570086956,0.0045561594888567924,0.5004982352256775,0.499229371547699,0.0072879791259765625,0.0078057050704956055,False
vit_base_patch16_224,visformer_small,3,ILSVRC2012_val_00024609.JPEG,block6,no_drop,True,0.014644741080701351,0.013118716888129711,0.5061915516853333,0.5048961043357849,-0.006663322448730469,0.02147352695465088,False
vit_base_patch16_224,visformer_small,4,ILSVRC2012_val_00024637.JPEG,block6,selected,True,0.06363492459058762,0.06848127394914627,0.43921396136283875,0.5150735974311829,0.5005183219909668,0.3014061450958252,False
vit_base_patch16_224,visformer_small,5,ILSVRC2012_val_00024710.JPEG,block6,selected,True,0.004283023998141289,0.0028668283484876156,0.42663824558258057,0.49816644191741943,-0.0957326889038086,-0.02385041117668152,False
vit_base_patch16_224,visformer_small,4,ILSVRC2012_val_00024637.JPEG,block6,opposite,True,0.05754321068525314,0.06347430497407913,0.43527451157569885,0.5101110935211182,0.4601774215698242,0.2650572657585144,False
vit_base_patch16_224,visformer_small,5,ILSVRC2012_val_00024710.JPEG,block6,opposite,True,0.007829038426280022,0.008112568408250809,0.42225366830825806,0.4939678907394409,-0.0793924331665039,-0.02345198392868042,False
vit_base_patch16_224,visformer_small,4,ILSVRC2012_val_00024637.JPEG,block6,deviation,True,0.06943472474813461,0.07616912573575974,0.4410076439380646,0.5170732140541077,0.6551961898803711,0.404904842376709,False
vit_base_patch16_224,visformer_small,5,ILSVRC2012_val_00024710.JPEG,block6,deviation,True,0.0024895595852285624,0.0026450424920767546,0.42631271481513977,0.4974091053009033,0.06375408172607422,0.024041861295700073,False
vit_base_patch16_224,visformer_small,4,ILSVRC2012_val_00024637.JPEG,block6,random,True,0.06576207280158997,0.07184912264347076,0.4378986060619354,0.514854371547699,0.5082287788391113,0.3091868758201599,False
vit_base_patch16_224,visformer_small,5,ILSVRC2012_val_00024710.JPEG,block6,random,True,0.017137087881565094,0.016072124242782593,0.4251169264316559,0.5008901953697205,-0.04538726806640625,-0.010115116834640503,False
vit_base_patch16_224,visformer_small,4,ILSVRC2012_val_00024637.JPEG,block6,no_drop,True,0.08299471437931061,0.09115789830684662,0.5193983912467957,0.5206007957458496,0.7536582946777344,0.4839850068092346,False
vit_base_patch16_224,visformer_small,5,ILSVRC2012_val_00024710.JPEG,block6,no_drop,True,-0.007928443141281605,-0.00862940214574337,0.503494381904602,0.5032352805137634,0.03297996520996094,0.011958181858062744,False
vit_base_patch16_224,visformer_small,6,ILSVRC2012_val_00024753.JPEG,block6,selected,True,-0.003608205122873187,-0.003186170943081379,0.42667144536972046,0.4980734586715698,-0.028545856475830078,-0.010910719633102417,False
vit_base_patch16_224,visformer_small,7,ILSVRC2012_val_00024781.JPEG,block6,selected,True,0.009171844460070133,0.00855260156095028,0.4256151616573334,0.4995349645614624,-0.05711698532104492,0.07408154010772705,False
vit_base_patch16_224,visformer_small,6,ILSVRC2012_val_00024753.JPEG,block6,opposite,True,0.018950913101434708,0.020835213363170624,0.4319860637187958,0.5063310265541077,0.29905176162719727,0.1321057677268982,False
vit_base_patch16_224,visformer_small,7,ILSVRC2012_val_00024781.JPEG,block6,opposite,True,0.013279303908348083,0.012961311265826225,0.4318399131298065,0.5055936574935913,0.14839410781860352,0.2105720043182373,False
vit_base_patch16_224,visformer_small,6,ILSVRC2012_val_00024753.JPEG,block6,deviation,True,0.0036912334617227316,0.004630353767424822,0.42982035875320435,0.5045639276504517,0.2407369613647461,0.09554365277290344,False
vit_base_patch16_224,visformer_small,7,ILSVRC2012_val_00024781.JPEG,block6,deviation,True,0.013455715030431747,0.013847396709024906,0.4312951862812042,0.5058992505073547,0.0644369125366211,0.15202879905700684,False
vit_base_patch16_224,visformer_small,6,ILSVRC2012_val_00024753.JPEG,block6,random,True,0.00394095154479146,0.004445011727511883,0.4289899468421936,0.5027702450752258,0.11948728561401367,0.05203995108604431,False
vit_base_patch16_224,visformer_small,7,ILSVRC2012_val_00024781.JPEG,block6,random,True,0.012657747603952885,0.01272596139460802,0.4288637340068817,0.5036006569862366,0.06345605850219727,0.16360139846801758,False
vit_base_patch16_224,visformer_small,6,ILSVRC2012_val_00024753.JPEG,block6,no_drop,True,0.006260440219193697,0.006532643921673298,0.5065635442733765,0.5077328085899353,0.2627429962158203,0.09466433525085449,False
vit_base_patch16_224,visformer_small,7,ILSVRC2012_val_00024781.JPEG,block6,no_drop,True,0.022786594927310944,0.02413889765739441,0.5141900777816772,0.5143494606018066,0.4124598503112793,0.40235626697540283,True
vit_base_patch16_224,visformer_small,8,ILSVRC2012_val_00024926.JPEG,block6,selected,True,-0.007766369730234146,-0.00770147517323494,0.43025216460227966,0.5046303868293762,0.0429987907409668,0.0193445086479187,False
vit_base_patch16_224,visformer_small,9,ILSVRC2012_val_00025075.JPEG,block6,selected,True,-0.001389605225995183,-0.0011351567227393389,0.424917608499527,0.5002723932266235,0.04818105697631836,0.018923312425613403,False
vit_base_patch16_224,visformer_small,8,ILSVRC2012_val_00024926.JPEG,block6,opposite,True,0.001066260039806366,0.0014434920158237219,0.43036511540412903,0.5071614384651184,0.11772918701171875,0.03383597731590271,False
vit_base_patch16_224,visformer_small,9,ILSVRC2012_val_00025075.JPEG,block6,opposite,True,-0.006028992123901844,-0.005835162475705147,0.4257546663284302,0.497860848903656,-0.053166866302490234,-0.01566082239151001,False
vit_base_patch16_224,visformer_small,8,ILSVRC2012_val_00024926.JPEG,block6,deviation,True,0.0018118279986083508,0.001717050326988101,0.43013259768486023,0.5034279227256775,0.07980775833129883,0.023951083421707153,False
vit_base_patch16_224,visformer_small,9,ILSVRC2012_val_00025075.JPEG,block6,deviation,True,0.0032848897390067577,0.0029998328536748886,0.425595223903656,0.4987643361091614,0.05854606628417969,0.02628687024116516,False
vit_base_patch16_224,visformer_small,8,ILSVRC2012_val_00024926.JPEG,block6,random,True,-0.00649430975317955,-0.007064085453748703,0.4281994104385376,0.5012090802192688,0.010319709777832031,0.01382744312286377,False
vit_base_patch16_224,visformer_small,9,ILSVRC2012_val_00025075.JPEG,block6,random,True,-0.0008359397761523724,-0.00022421730682253838,0.42650535702705383,0.5010629296302795,0.03806018829345703,0.02548125386238098,False
vit_base_patch16_224,visformer_small,8,ILSVRC2012_val_00024926.JPEG,block6,no_drop,True,0.019300412386655807,0.020696114748716354,0.5053677558898926,0.506630003452301,0.1463303565979004,0.041765570640563965,False
vit_base_patch16_224,visformer_small,9,ILSVRC2012_val_00025075.JPEG,block6,no_drop,True,-0.004439156968146563,-0.0040666451677680016,0.4996146857738495,0.5009831786155701,0.021008014678955078,0.006830006837844849,False
vit_base_patch16_224,visformer_small,10,ILSVRC2012_val_00025315.JPEG,block6,selected,True,-0.002564110327512026,-0.003539093304425478,0.4250969886779785,0.4956552982330322,-0.08097076416015625,-0.015666961669921875,False
vit_base_patch16_224,visformer_small,11,ILSVRC2012_val_00025390.JPEG,block6,selected,True,0.009455032646656036,0.009723935276269913,0.427621454000473,0.5019797086715698,0.11158418655395508,0.042833179235458374,False
vit_base_patch16_224,visformer_small,10,ILSVRC2012_val_00025315.JPEG,block6,opposite,True,-0.0020676753483712673,-0.0023109728936105967,0.42741549015045166,0.4993024468421936,-0.04716014862060547,-0.006206482648849487,False
vit_base_patch16_224,visformer_small,11,ILSVRC2012_val_00025390.JPEG,block6,opposite,True,0.0015878017293289304,0.0014237506547942758,0.4264920949935913,0.5009831786155701,0.08787965774536133,0.031135648488998413,False
vit_base_patch16_224,visformer_small,10,ILSVRC2012_val_00025315.JPEG,block6,deviation,True,-0.004674915224313736,-0.006267737131565809,0.4265585243701935,0.49940210580825806,0.0063648223876953125,0.007336705923080444,False
vit_base_patch16_224,visformer_small,11,ILSVRC2012_val_00025390.JPEG,block6,deviation,True,0.01628810539841652,0.016028176993131638,0.43045148253440857,0.5022122263908386,0.24257373809814453,0.08030104637145996,False
vit_base_patch16_224,visformer_small,10,ILSVRC2012_val_00025315.JPEG,block6,random,True,0.0015009185299277306,0.0017297802260145545,0.42634591460227966,0.4989437162876129,-0.029809951782226562,-0.007555574178695679,False
vit_base_patch16_224,visformer_small,11,ILSVRC2012_val_00025390.JPEG,block6,random,True,-0.001612041611224413,-0.0013012923300266266,0.4245588779449463,0.49588117003440857,0.06447553634643555,0.02168765664100647,False
vit_base_patch16_224,visformer_small,10,ILSVRC2012_val_00025315.JPEG,block6,no_drop,True,-0.015675436705350876,-0.016816318035125732,0.4974290430545807,0.4961601793766022,-0.12907981872558594,-0.026787519454956055,False
vit_base_patch16_224,visformer_small,11,ILSVRC2012_val_00025390.JPEG,block6,no_drop,True,0.009003274142742157,0.008622253313660622,0.5037999749183655,0.5035740733146667,0.19220542907714844,0.06547728180885315,False
vit_base_patch16_224,visformer_small,12,ILSVRC2012_val_00025402.JPEG,block6,selected,True,0.007386789191514254,0.009789345785975456,0.4267843961715698,0.5006111860275269,0.08764362335205078,0.02945759892463684,False
vit_base_patch16_224,visformer_small,13,ILSVRC2012_val_00025408.JPEG,block6,selected,True,0.004287995398044586,0.005240824073553085,0.42819276452064514,0.5023915767669678,0.24905109405517578,0.05822975933551788,False
vit_base_patch16_224,visformer_small,12,ILSVRC2012_val_00025402.JPEG,block6,opposite,True,0.005034762900322676,0.004655356053262949,0.42732247710227966,0.5004716515541077,0.08733654022216797,0.029345989227294922,False
vit_base_patch16_224,visformer_small,13,ILSVRC2012_val_00025408.JPEG,block6,opposite,True,0.006257869303226471,0.007470154203474522,0.4298402965068817,0.5016741156578064,0.2731895446777344,0.06893633306026459,False
vit_base_patch16_224,visformer_small,12,ILSVRC2012_val_00025402.JPEG,block6,deviation,True,0.0007055755704641342,0.0011106333695352077,0.4275616407394409,0.4981730878353119,0.07459354400634766,0.029357194900512695,False
vit_base_patch16_224,visformer_small,13,ILSVRC2012_val_00025408.JPEG,block6,deviation,True,-0.0035383941140025854,-0.002647340763360262,0.4247714579105377,0.49699723720550537,0.057773590087890625,0.015175387263298035,False
vit_base_patch16_224,visformer_small,12,ILSVRC2012_val_00025402.JPEG,block6,random,True,-0.004823984578251839,-0.004536516033113003,0.4260602593421936,0.5009765625,0.07184123992919922,0.024822592735290527,False
vit_base_patch16_224,visformer_small,13,ILSVRC2012_val_00025408.JPEG,block6,random,True,-0.006312802899628878,-0.005795006174594164,0.42636585235595703,0.49977412819862366,0.23938655853271484,0.0637415200471878,False
vit_base_patch16_224,visformer_small,12,ILSVRC2012_val_00025402.JPEG,block6,no_drop,True,0.00040510809049010277,0.0014206981286406517,0.4975220561027527,0.4983923137187958,-0.001506805419921875,-0.0006263852119445801,False
vit_base_patch16_224,visformer_small,13,ILSVRC2012_val_00025408.JPEG,block6,no_drop,True,-0.002177577931433916,-0.003139412496238947,0.49805352091789246,0.4964391887187958,0.10532093048095703,0.025276586413383484,False
vit_base_patch16_224,visformer_small,14,ILSVRC2012_val_00025416.JPEG,block6,selected,True,-0.004703182261437178,-0.00577990896999836,0.4216291904449463,0.4944661557674408,-0.2743043899536133,-0.05822448432445526,False
vit_base_patch16_224,visformer_small,15,ILSVRC2012_val_00025440.JPEG,block6,selected,True,0.004076024051755667,0.004266473464667797,0.4282924234867096,0.5018734335899353,-0.019342899322509766,-0.022565513849258423,False
vit_base_patch16_224,visformer_small,14,ILSVRC2012_val_00025416.JPEG,block6,opposite,True,-0.0070524332113564014,-0.0089052589610219,0.4270169138908386,0.5022720098495483,-0.249847412109375,-0.055062875151634216,False
vit_base_patch16_224,visformer_small,15,ILSVRC2012_val_00025440.JPEG,block6,opposite,True,-0.003390068653970957,-0.002206119243055582,0.42884379625320435,0.5041786432266235,0.16737031936645508,0.025737345218658447,False
vit_base_patch16_224,visformer_small,14,ILSVRC2012_val_00025416.JPEG,block6,deviation,True,-0.008807241916656494,-0.009159469977021217,0.42448580265045166,0.4984188973903656,-0.19143295288085938,-0.036188483238220215,False
vit_base_patch16_224,visformer_small,15,ILSVRC2012_val_00025440.JPEG,block6,deviation,True,-0.0005344441160559654,0.0013998067006468773,0.43108922243118286,0.5048296451568604,0.24492216110229492,0.05229008197784424,False
vit_base_patch16_224,visformer_small,14,ILSVRC2012_val_00025416.JPEG,block6,random,True,-0.002931836526840925,-0.0035553572233766317,0.4290165305137634,0.5017737746238708,-0.1019449234008789,-0.02485981583595276,False
vit_base_patch16_224,visformer_small,15,ILSVRC2012_val_00025440.JPEG,block6,random,True,0.015082699246704578,0.017594479024410248,0.42755499482154846,0.4998472034931183,0.19757604598999023,0.0343092679977417,False
vit_base_patch16_224,visformer_small,14,ILSVRC2012_val_00025416.JPEG,block6,no_drop,True,-0.003118618857115507,-0.003812497714534402,0.49847203493118286,0.4994751811027527,-0.26413917541503906,-0.05545663833618164,False
vit_base_patch16_224,visformer_small,15,ILSVRC2012_val_00025440.JPEG,block6,no_drop,True,0.000951678492128849,0.001234786119312048,0.5016541481018066,0.5018667578697205,0.2577509880065918,0.054045915603637695,False
vit_base_patch16_224,visformer_small,16,ILSVRC2012_val_00025446.JPEG,block6,selected,True,-0.003995806444436312,-0.004686789121478796,0.4226323366165161,0.4946654438972473,-0.06551742553710938,-0.018174588680267334,False
vit_base_patch16_224,visformer_small,17,ILSVRC2012_val_00025563.JPEG,block6,selected,True,0.015552501194179058,0.01612226292490959,0.43005287647247314,0.5037866830825806,0.2953777313232422,0.08752068877220154,False
vit_base_patch16_224,visformer_small,16,ILSVRC2012_val_00025446.JPEG,block6,opposite,True,-0.005477876402437687,-0.004930645227432251,0.4241204261779785,0.4997209906578064,-0.04047107696533203,-0.013423681259155273,False
vit_base_patch16_224,visformer_small,17,ILSVRC2012_val_00025563.JPEG,block6,opposite,True,0.01715090125799179,0.016508514061570168,0.43314865231513977,0.5053877234458923,0.3083066940307617,0.08041790127754211,False
vit_base_patch16_224,visformer_small,16,ILSVRC2012_val_00025446.JPEG,block6,deviation,True,0.000811204721685499,0.002256497275084257,0.4233763813972473,0.4974755644798279,-0.04156780242919922,-0.01215025782585144,False
vit_base_patch16_224,visformer_small,17,ILSVRC2012_val_00025563.JPEG,block6,deviation,True,0.007109800353646278,0.006873916834592819,0.4316273331642151,0.5040524005889893,0.38306617736816406,0.12060287594795227,False
vit_base_patch16_224,visformer_small,16,ILSVRC2012_val_00025446.JPEG,block6,random,True,-0.002135285409167409,-0.002118723001331091,0.4246319532394409,0.49857833981513977,-0.008646965026855469,-0.0063408613204956055,False
vit_base_patch16_224,visformer_small,17,ILSVRC2012_val_00025563.JPEG,block6,random,True,0.012781506404280663,0.014310648664832115,0.4343510866165161,0.5066964030265808,0.2731046676635742,0.08287987112998962,False
vit_base_patch16_224,visformer_small,16,ILSVRC2012_val_00025446.JPEG,block6,no_drop,True,0.006770184729248285,0.006043637171387672,0.49946853518486023,0.4991496503353119,0.025396347045898438,0.007969826459884644,False
vit_base_patch16_224,visformer_small,17,ILSVRC2012_val_00025563.JPEG,block6,no_drop,True,0.011332163587212563,0.010750249028205872,0.5099250674247742,0.5091943144798279,0.49458789825439453,0.16173642873764038,False
vit_base_patch16_224,visformer_small,18,ILSVRC2012_val_00025800.JPEG,block6,selected,True,-0.002299811225384474,-0.0013783343601971865,0.4263392984867096,0.5000863671302795,-0.1432476043701172,-0.030004948377609253,False
vit_base_patch16_224,visformer_small,19,ILSVRC2012_val_00025844.JPEG,block6,selected,True,-0.0037413446698337793,-0.0037218257784843445,0.42378827929496765,0.4954294264316559,-0.1733236312866211,-0.038922131061553955,False
vit_base_patch16_224,visformer_small,18,ILSVRC2012_val_00025800.JPEG,block6,opposite,True,0.0012742789695039392,0.0016474389703944325,0.4292822480201721,0.503341555595398,-0.020046234130859375,-0.002205759286880493,False
vit_base_patch16_224,visformer_small,19,ILSVRC2012_val_00025844.JPEG,block6,opposite,True,0.007638480979949236,0.00836715754121542,0.4235624074935913,0.49691087007522583,-0.09237861633300781,0.012595176696777344,False
vit_base_patch16_224,visformer_small,18,ILSVRC2012_val_00025800.JPEG,block6,deviation,True,0.003336193272843957,0.0038878093473613262,0.42842528223991394,0.5015744566917419,0.061617374420166016,0.015944242477416992,False
vit_base_patch16_224,visformer_small,19,ILSVRC2012_val_00025844.JPEG,block6,deviation,True,0.0029448079876601696,0.003910708706825972,0.4242466390132904,0.49639269709587097,-0.08262348175048828,-0.014296531677246094,False
vit_base_patch16_224,visformer_small,18,ILSVRC2012_val_00025800.JPEG,block6,random,True,-0.006516585126519203,-0.006458568852394819,0.42532286047935486,0.496864378452301,-0.04743480682373047,-0.006301075220108032,False
vit_base_patch16_224,visformer_small,19,ILSVRC2012_val_00025844.JPEG,block6,random,True,-0.0038746173959225416,-0.004719112534075975,0.421762079000473,0.4941871166229248,-0.1562051773071289,-0.014055341482162476,False
vit_base_patch16_224,visformer_small,18,ILSVRC2012_val_00025800.JPEG,block6,no_drop,True,0.0027777638752013445,0.003828139742836356,0.5001395344734192,0.4996744692325592,-0.09528732299804688,-0.018537133932113647,False
vit_base_patch16_224,visformer_small,19,ILSVRC2012_val_00025844.JPEG,block6,no_drop,True,0.012227547354996204,0.013849019072949886,0.49861153960227966,0.49839895963668823,-0.019675254821777344,0.007337003946304321,False
vit_base_patch16_224,visformer_small,20,ILSVRC2012_val_00025851.JPEG,block6,selected,True,-0.006705657113343477,-0.006575510837137699,0.4261266887187958,0.5005381107330322,-0.014149188995361328,0.0009528994560241699,False
vit_base_patch16_224,visformer_small,21,ILSVRC2012_val_00025907.JPEG,block6,selected,True,0.013637333177030087,0.015378748066723347,0.43068400025367737,0.502909779548645,0.7258381843566895,0.3495546579360962,False
vit_base_patch16_224,visformer_small,20,ILSVRC2012_val_00025851.JPEG,block6,opposite,True,0.013832710683345795,0.014857794158160686,0.42774102091789246,0.5020527839660645,-0.026357650756835938,-0.005030572414398193,False
vit_base_patch16_224,visformer_small,21,ILSVRC2012_val_00025907.JPEG,block6,opposite,True,0.020457550883293152,0.022354833781719208,0.42920252680778503,0.5014880895614624,0.3299245834350586,0.13672703504562378,False
vit_base_patch16_224,visformer_small,20,ILSVRC2012_val_00025851.JPEG,block6,deviation,True,-0.0038322443142533302,-0.004560784436762333,0.42851829528808594,0.5011559128761292,0.026343345642089844,0.011232525110244751,False
vit_base_patch16_224,visformer_small,21,ILSVRC2012_val_00025907.JPEG,block6,deviation,True,0.019205668941140175,0.021369097754359245,0.4302455484867096,0.5040789842605591,0.6902952194213867,0.3119807243347168,False
vit_base_patch16_224,visformer_small,20,ILSVRC2012_val_00025851.JPEG,block6,random,True,0.010454142466187477,0.01312355138361454,0.4273889362812042,0.5018800497055054,0.05737876892089844,0.01913592219352722,False
vit_base_patch16_224,visformer_small,21,ILSVRC2012_val_00025907.JPEG,block6,random,True,0.016659004613757133,0.019066620618104935,0.430776983499527,0.5028234124183655,0.46932363510131836,0.2111753225326538,False
vit_base_patch16_224,visformer_small,20,ILSVRC2012_val_00025851.JPEG,block6,no_drop,True,-0.001987774157896638,-0.002757744863629341,0.5003852844238281,0.4999535083770752,-0.04537391662597656,-0.007116824388504028,False
vit_base_patch16_224,visformer_small,21,ILSVRC2012_val_00025907.JPEG,block6,no_drop,True,0.04134885594248772,0.04462600499391556,0.5067163705825806,0.5061583518981934,0.9022774696350098,0.4488350749015808,False
vit_base_patch16_224,visformer_small,22,ILSVRC2012_val_00025989.JPEG,block6,selected,True,0.001826650695875287,0.002170402789488435,0.42461204528808594,0.4973958432674408,0.0467529296875,0.009479492902755737,False
vit_base_patch16_224,visformer_small,23,ILSVRC2012_val_00026068.JPEG,block6,selected,True,-0.0024031405337154865,-0.003003234975039959,0.4259074628353119,0.49856504797935486,-0.0108642578125,0.013079255819320679,False
vit_base_patch16_224,visformer_small,22,ILSVRC2012_val_00025989.JPEG,block6,opposite,True,0.00042059505358338356,-0.00017098849639296532,0.4270966053009033,0.5000863671302795,0.050079345703125,0.010303959250450134,False
vit_base_patch16_224,visformer_small,23,ILSVRC2012_val_00026068.JPEG,block6,opposite,True,0.006775868125259876,0.006690992973744869,0.42492425441741943,0.4995615482330322,0.0011577606201171875,0.016522377729415894,False
vit_base_patch16_224,visformer_small,22,ILSVRC2012_val_00025989.JPEG,block6,deviation,True,0.003480309620499611,0.003355829045176506,0.42590081691741943,0.49960803985595703,0.020325660705566406,0.004306986927986145,False
vit_base_patch16_224,visformer_small,23,ILSVRC2012_val_00026068.JPEG,block6,deviation,True,0.008186490274965763,0.008672825060784817,0.4272826313972473,0.501182496547699,0.0025691986083984375,0.004771381616592407,False
vit_base_patch16_224,visformer_small,22,ILSVRC2012_val_00025989.JPEG,block6,random,True,0.004324933513998985,0.004135315306484699,0.42698368430137634,0.5008769035339355,0.052077293395996094,0.011392936110496521,False
vit_base_patch16_224,visformer_small,23,ILSVRC2012_val_00026068.JPEG,block6,random,True,0.0024940739385783672,0.0025384025648236275,0.426551878452301,0.5023849606513977,-0.054839134216308594,0.00955238938331604,False
vit_base_patch16_224,visformer_small,22,ILSVRC2012_val_00025989.JPEG,block6,no_drop,True,0.005189923569560051,0.0046745468862354755,0.49988043308258057,0.498252809047699,0.1280975341796875,0.027590304613113403,False
vit_base_patch16_224,visformer_small,23,ILSVRC2012_val_00026068.JPEG,block6,no_drop,True,-0.0027600987814366817,-0.0038347886875271797,0.4988706409931183,0.4981531798839569,0.027860641479492188,0.012982666492462158,False
vit_base_patch16_224,visformer_small,24,ILSVRC2012_val_00026088.JPEG,block6,selected,True,0.0011745513183996081,0.0009829774498939514,0.4304315447807312,0.5020129084587097,0.012874603271484375,0.004503399133682251,False
vit_base_patch16_224,visformer_small,25,ILSVRC2012_val_00026113.JPEG,block6,selected,True,0.030169527977705002,0.033093154430389404,0.4387422800064087,0.512509286403656,0.16525793075561523,0.07406961917877197,False
vit_base_patch16_224,visformer_small,24,ILSVRC2012_val_00026088.JPEG,block6,opposite,True,0.008602779358625412,0.009331740438938141,0.42750850319862366,0.5029031038284302,0.07224178314208984,0.018509119749069214,False
vit_base_patch16_224,visformer_small,25,ILSVRC2012_val_00026113.JPEG,block6,opposite,True,0.017515050247311592,0.019076043739914894,0.4377790093421936,0.5140306353569031,0.11174440383911133,0.04569101333618164,False
vit_base_patch16_224,visformer_small,24,ILSVRC2012_val_00026088.JPEG,block6,deviation,True,0.00567581644281745,0.004619492683559656,0.4313815236091614,0.506045401096344,0.027124404907226562,0.007451474666595459,False
vit_base_patch16_224,visformer_small,25,ILSVRC2012_val_00026113.JPEG,block6,deviation,True,0.012519998475909233,0.0169662032276392,0.44027024507522583,0.5159040093421936,0.1893172264099121,0.08188071846961975,False
vit_base_patch16_224,visformer_small,24,ILSVRC2012_val_00026088.JPEG,block6,random,True,0.002458221046254039,0.0035012569278478622,0.42966756224632263,0.5048496127128601,0.04607963562011719,0.011513561010360718,False
vit_base_patch16_224,visformer_small,25,ILSVRC2012_val_00026113.JPEG,block6,random,True,0.010201633907854557,0.011242972686886787,0.43642377853393555,0.5104963779449463,0.19637632369995117,0.08125579357147217,False
vit_base_patch16_224,visformer_small,24,ILSVRC2012_val_00026088.JPEG,block6,no_drop,True,0.004003284964710474,0.00392095185816288,0.5039328336715698,0.5042184591293335,0.047957420349121094,0.012233227491378784,False
vit_base_patch16_224,visformer_small,25,ILSVRC2012_val_00026113.JPEG,block6,no_drop,True,0.014626659452915192,0.016264136880636215,0.5168008804321289,0.5187872052192688,0.1906428337097168,0.08648216724395752,False
vit_base_patch16_224,visformer_small,26,ILSVRC2012_val_00026139.JPEG,block6,selected,True,0.004528870806097984,0.004656114615499973,0.425894170999527,0.4964923560619354,0.024151325225830078,0.011362731456756592,False
vit_base_patch16_224,visformer_small,27,ILSVRC2012_val_00026145.JPEG,block6,selected,True,0.006873364094644785,0.008608813397586346,0.43094971776008606,0.5067495703697205,0.23860502243041992,0.2938523292541504,True
vit_base_patch16_224,visformer_small,26,ILSVRC2012_val_00026139.JPEG,block6,opposite,True,2.3131316993385553e-05,0.00038450281135737896,0.42507705092430115,0.4990832209587097,0.006041526794433594,0.004125118255615234,False
vit_base_patch16_224,visformer_small,27,ILSVRC2012_val_00026145.JPEG,block6,opposite,True,0.005510125774890184,0.004508291371166706,0.4299930930137634,0.5050422549247742,0.14191818237304688,0.20091378688812256,True
vit_base_patch16_224,visformer_small,26,ILSVRC2012_val_00026139.JPEG,block6,deviation,True,-0.006187869235873222,-0.006618543993681669,0.42346274852752686,0.4973626136779785,-0.038758277893066406,-0.012490928173065186,False
vit_base_patch16_224,visformer_small,27,ILSVRC2012_val_00026145.JPEG,block6,deviation,True,-0.0011461316607892513,0.000232350779697299,0.4288504421710968,0.5013020634651184,0.08065319061279297,0.13422656059265137,False
vit_base_patch16_224,visformer_small,26,ILSVRC2012_val_00026139.JPEG,block6,random,True,0.007655940018594265,0.008859686553478241,0.4272826313972473,0.4989171326160431,0.0217437744140625,0.012042999267578125,False
vit_base_patch16_224,visformer_small,27,ILSVRC2012_val_00026145.JPEG,block6,random,True,0.0051672677509486675,0.006001172587275505,0.42665815353393555,0.5001129508018494,0.1681804656982422,0.23200368881225586,True
vit_base_patch16_224,visformer_small,26,ILSVRC2012_val_00026139.JPEG,block6,no_drop,True,0.003267501015216112,0.003102831309661269,0.5014216899871826,0.5011891722679138,0.03525495529174805,0.01637357473373413,False
vit_base_patch16_224,visformer_small,27,ILSVRC2012_val_00026145.JPEG,block6,no_drop,True,0.0030960263684391975,0.0037720059044659138,0.5045307278633118,0.505274772644043,0.11985349655151367,0.1879795789718628,True
vit_base_patch16_224,visformer_small,28,ILSVRC2012_val_00026189.JPEG,block6,selected,True,-0.011532744392752647,-0.010150251910090446,0.42578125,0.4987577199935913,0.02819538116455078,0.015541523694992065,False
vit_base_patch16_224,visformer_small,29,ILSVRC2012_val_00026202.JPEG,block6,selected,True,0.0051246280781924725,0.005676655564457178,0.4274287819862366,0.5014814734458923,0.012472152709960938,0.016628503799438477,False
vit_base_patch16_224,visformer_small,28,ILSVRC2012_val_00026189.JPEG,block6,opposite,True,-0.006880001164972782,-0.007712376769632101,0.42036697268486023,0.49382174015045166,-0.05640602111816406,-0.006828993558883667,False
vit_base_patch16_224,visformer_small,29,ILSVRC2012_val_00026202.JPEG,block6,opposite,True,0.007965372875332832,0.008295063860714436,0.4301857352256775,0.5026041865348816,-0.015016555786132812,0.0020102113485336304,False
vit_base_patch16_224,visformer_small,28,ILSVRC2012_val_00026189.JPEG,block6,deviation,True,-0.003498673439025879,-0.004078231751918793,0.42487776279449463,0.49875107407569885,0.12620162963867188,0.02847333252429962,False
vit_base_patch16_224,visformer_small,29,ILSVRC2012_val_00026202.JPEG,block6,deviation,True,0.004245672840625048,0.004483782686293125,0.42750850319862366,0.5016541481018066,-0.06347465515136719,0.0018586069345474243,False
vit_base_patch16_224,visformer_small,28,ILSVRC2012_val_00026189.JPEG,block6,random,True,-0.0030560437589883804,-0.002511453116312623,0.4218417704105377,0.4958014488220215,0.005889892578125,0.009387746453285217,False
vit_base_patch16_224,visformer_small,29,ILSVRC2012_val_00026202.JPEG,block6,random,True,0.013667034916579723,0.01470512431114912,0.43148118257522583,0.50390625,0.005817413330078125,0.01105073094367981,False
vit_base_patch16_224,visformer_small,28,ILSVRC2012_val_00026189.JPEG,block6,no_drop,True,-0.009078283794224262,-0.009219744242727757,0.5018667578697205,0.5007573366165161,0.16092491149902344,0.037752583622932434,False
vit_base_patch16_224,visformer_small,29,ILSVRC2012_val_00026202.JPEG,block6,no_drop,True,0.00505299586802721,0.005469690542668104,0.5005248188972473,0.5004849433898926,0.025603294372558594,0.012512266635894775,False
vit_base_patch16_224,visformer_small,30,ILSVRC2012_val_00026226.JPEG,block6,selected,True,-0.0011310381814837456,-0.0009316303767263889,0.424990713596344,0.4982661008834839,0.039306640625,0.008794479072093964,False
vit_base_patch16_224,visformer_small,31,ILSVRC2012_val_00026280.JPEG,block6,selected,True,0.013631032779812813,0.01413160003721714,0.4309231638908386,0.5051219463348389,-0.1907949447631836,-0.047564148902893066,False
vit_base_patch16_224,visformer_small,30,ILSVRC2012_val_00026226.JPEG,block6,opposite,True,0.0032581123523414135,0.003790698479861021,0.4277609586715698,0.5015678405761719,0.4632244110107422,0.047594062983989716,False
vit_base_patch16_224,visformer_small,31,ILSVRC2012_val_00026280.JPEG,block6,opposite,True,0.006473160348832607,0.008984397165477276,0.4290165305137634,0.5044310688972473,0.01611328125,0.004788488149642944,False
vit_base_patch16_224,visformer_small,30,ILSVRC2012_val_00026226.JPEG,block6,deviation,True,0.004363534040749073,0.004434837494045496,0.42442601919174194,0.4977811574935913,0.26496028900146484,0.025639593601226807,False
vit_base_patch16_224,visformer_small,31,ILSVRC2012_val_00026280.JPEG,block6,deviation,True,0.006458447314798832,0.00848123338073492,0.4279336631298065,0.5045440196990967,0.00907754898071289,0.019950449466705322,False
vit_base_patch16_224,visformer_small,30,ILSVRC2012_val_00026226.JPEG,block6,random,True,0.0046300278045237064,0.005146866664290428,0.4250637888908386,0.49864476919174194,0.15205764770507812,0.018434874713420868,False
vit_base_patch16_224,visformer_small,31,ILSVRC2012_val_00026280.JPEG,block6,random,True,0.009301463142037392,0.011645756661891937,0.4285581409931183,0.5022454261779785,-0.06390094757080078,-0.014240801334381104,False
vit_base_patch16_224,visformer_small,30,ILSVRC2012_val_00026226.JPEG,block6,no_drop,True,0.002045957837253809,0.0019929471891373396,0.5029562711715698,0.5026705861091614,0.35491943359375,0.04014129191637039,False
vit_base_patch16_224,visformer_small,31,ILSVRC2012_val_00026280.JPEG,block6,no_drop,True,0.00658539030700922,0.00808717217296362,0.5093404650688171,0.5091677308082581,0.032192230224609375,0.03317943215370178,False
vit_base_patch16_224,visformer_small,32,ILSVRC2012_val_00026315.JPEG,block6,selected,True,0.0014785188250243664,0.0016540042124688625,0.4277476668357849,0.4981531798839569,-0.16578245162963867,-0.02358672022819519,False
vit_base_patch16_224,visformer_small,33,ILSVRC2012_val_00026328.JPEG,block6,selected,True,0.010771711356937885,0.011833170428872108,0.43286964297294617,0.5069223046302795,0.05371570587158203,0.019153594970703125,False
vit_base_patch16_224,visformer_small,32,ILSVRC2012_val_00026315.JPEG,block6,opposite,True,0.0017022201791405678,0.001028031692840159,0.4263592064380646,0.4991762340068817,0.05214262008666992,0.02717888355255127,False
vit_base_patch16_224,visformer_small,33,ILSVRC2012_val_00026328.JPEG,block6,opposite,True,-0.0007699280977249146,-0.0012662643566727638,0.4279336631298065,0.49906328320503235,0.006535053253173828,0.00606006383895874,False
vit_base_patch16_224,visformer_small,32,ILSVRC2012_val_00026315.JPEG,block6,deviation,True,-0.0023324836511164904,-0.003456964623183012,0.4266913831233978,0.5024380683898926,-0.21132326126098633,-0.02630731463432312,False
vit_base_patch16_224,visformer_small,33,ILSVRC2012_val_00026328.JPEG,block6,deviation,True,0.007205103524029255,0.007437644060701132,0.4263260066509247,0.4992891550064087,-0.06406831741333008,-0.012487739324569702,False
vit_base_patch16_224,visformer_small,32,ILSVRC2012_val_00026315.JPEG,block6,random,True,-0.0033530183136463165,-0.00349427736364305,0.4280931055545807,0.502139151096344,-0.11749887466430664,0.004929214715957642,False
vit_base_patch16_224,visformer_small,33,ILSVRC2012_val_00026328.JPEG,block6,random,True,0.009949934668838978,0.010123570449650288,0.4293951988220215,0.5040457844734192,0.04800748825073242,0.018424570560455322,False
vit_base_patch16_224,visformer_small,32,ILSVRC2012_val_00026315.JPEG,block6,no_drop,True,-0.0029088829178363085,-0.002408037893474102,0.503700315952301,0.503700315952301,0.10049819946289062,0.04821881651878357,False
vit_base_patch16_224,visformer_small,33,ILSVRC2012_val_00026328.JPEG,block6,no_drop,True,-0.00486666290089488,-0.004156127572059631,0.5031754970550537,0.5025842189788818,0.0643620491027832,0.021518975496292114,False
vit_base_patch16_224,visformer_small,34,ILSVRC2012_val_00026332.JPEG,block6,selected,True,0.006423850543797016,0.007166947238147259,0.428505003452301,0.5011360049247742,-0.17636871337890625,-0.032355159521102905,False
vit_base_patch16_224,visformer_small,35,ILSVRC2012_val_00026390.JPEG,block6,selected,True,0.0012284344993531704,6.965524516999722e-05,0.42755499482154846,0.4985252022743225,-0.08448505401611328,-0.012958362698554993,False
vit_base_patch16_224,visformer_small,34,ILSVRC2012_val_00026332.JPEG,block6,opposite,True,0.0077203381806612015,0.008267156779766083,0.42608019709587097,0.4994751811027527,-0.20301437377929688,-0.04395177960395813,False
vit_base_patch16_224,visformer_small,35,ILSVRC2012_val_00026390.JPEG,block6,opposite,True,-0.0010386825306341052,-0.0008274705614894629,0.42656517028808594,0.501973032951355,-0.13813304901123047,-0.019461408257484436,False
vit_base_patch16_224,visformer_small,34,ILSVRC2012_val_00026332.JPEG,block6,deviation,True,0.010324817150831223,0.010759372264146805,0.42848506569862366,0.5004318356513977,-0.24187660217285156,-0.04115647077560425,False
vit_base_patch16_224,visformer_small,35,ILSVRC2012_val_00026390.JPEG,block6,deviation,True,-0.008741093799471855,-0.00943832378834486,0.425668329000473,0.5016409158706665,-0.13938331604003906,-0.01809549331665039,False
vit_base_patch16_224,visformer_small,34,ILSVRC2012_val_00026332.JPEG,block6,random,True,-0.0030657292809337378,-0.0018794029019773006,0.4225592613220215,0.4971965253353119,-0.3117647171020508,-0.07082456350326538,False
vit_base_patch16_224,visformer_small,35,ILSVRC2012_val_00026390.JPEG,block6,random,True,-0.015687109902501106,-0.0176670104265213,0.42841199040412903,0.5014216899871826,-0.1839761734008789,-0.02445879578590393,False
vit_base_patch16_224,visformer_small,34,ILSVRC2012_val_00026332.JPEG,block6,no_drop,True,0.013642392121255398,0.013742474839091301,0.4999202787876129,0.5003587603569031,0.13563251495361328,0.046629101037979126,False
vit_base_patch16_224,visformer_small,35,ILSVRC2012_val_00026390.JPEG,block6,no_drop,True,-0.00505675608292222,-0.004723706748336554,0.5018135905265808,0.5028034448623657,-0.08432292938232422,-0.013219848275184631,False
vit_base_patch16_224,visformer_small,36,ILSVRC2012_val_00026397.JPEG,block6,selected,True,0.000367084052413702,0.000135984446387738,0.4272228479385376,0.5008237957954407,-0.038585662841796875,-0.012666195631027222,False
vit_base_patch16_224,visformer_small,37,ILSVRC2012_val_00026436.JPEG,block6,selected,True,0.005811670795083046,0.005933705251663923,0.4268043041229248,0.5010097622871399,-0.1617279052734375,-0.0028921645134687424,False
vit_base_patch16_224,visformer_small,36,ILSVRC2012_val_00026397.JPEG,block6,opposite,True,0.004699767101556063,0.005053690634667873,0.42590081691741943,0.4993356764316559,0.03235769271850586,0.011510968208312988,False
vit_base_patch16_224,visformer_small,37,ILSVRC2012_val_00026436.JPEG,block6,opposite,True,0.004168364685028791,0.003951307386159897,0.4259340465068817,0.499887079000473,-0.1282939910888672,-0.0019100755453109741,False
vit_base_patch16_224,visformer_small,36,ILSVRC2012_val_00026397.JPEG,block6,deviation,True,-0.008982913568615913,-0.009707959368824959,0.42517006397247314,0.49850526452064514,-0.05375099182128906,-0.014649838209152222,False
vit_base_patch16_224,visformer_small,37,ILSVRC2012_val_00026436.JPEG,block6,deviation,True,0.005166233517229557,0.004958810284733772,0.42713648080825806,0.5004783272743225,-0.12224197387695312,-0.0017080996185541153,False
vit_base_patch16_224,visformer_small,36,ILSVRC2012_val_00026397.JPEG,block6,random,True,-0.0028403960168361664,-0.0027497075498104095,0.42617321014404297,0.498837411403656,-0.06915664672851562,-0.023142516613006592,False
vit_base_patch16_224,visformer_small,37,ILSVRC2012_val_00026436.JPEG,block6,random,True,0.005021900869905949,0.006014765240252018,0.4293154776096344,0.5035209655761719,0.0550384521484375,0.0033677276223897934,False
vit_base_patch16_224,visformer_small,36,ILSVRC2012_val_00026397.JPEG,block6,no_drop,True,0.008093604817986488,0.006577641703188419,0.5013087391853333,0.501368522644043,0.008017539978027344,0.0025804340839385986,False
vit_base_patch16_224,visformer_small,37,ILSVRC2012_val_00026436.JPEG,block6,no_drop,True,0.010911218822002411,0.010364159010350704,0.5015013813972473,0.5013087391853333,0.10315132141113281,0.005556123331189156,False
vit_base_patch16_224,visformer_small,38,ILSVRC2012_val_00026490.JPEG,block6,selected,True,0.01784292235970497,0.01823192834854126,0.4301392436027527,0.5034213066101074,0.04006195068359375,0.030069679021835327,False
vit_base_patch16_224,visformer_small,39,ILSVRC2012_val_00026510.JPEG,block6,selected,True,0.022622356191277504,0.028524581342935562,0.430869996547699,0.5070817470550537,0.08816242218017578,0.05198821425437927,False
vit_base_patch16_224,visformer_small,38,ILSVRC2012_val_00026490.JPEG,block6,opposite,True,0.01253383606672287,0.013777916319668293,0.4263724982738495,0.5006975531578064,0.04239606857299805,0.027890533208847046,False
vit_base_patch16_224,visformer_small,39,ILSVRC2012_val_00026510.JPEG,block6,opposite,True,0.04079825431108475,0.04619473218917847,0.43400564789772034,0.5090082883834839,0.1600189208984375,0.06927517056465149,False
vit_base_patch16_224,visformer_small,38,ILSVRC2012_val_00026490.JPEG,block6,deviation,True,0.017459098249673843,0.017841560766100883,0.42963436245918274,0.5035740733146667,-0.021172523498535156,0.02192211151123047,False
vit_base_patch16_224,visformer_small,39,ILSVRC2012_val_00026510.JPEG,block6,deviation,True,0.005740003660321236,0.007550399750471115,0.4290962517261505,0.5018601417541504,0.05053234100341797,0.022883474826812744,False
vit_base_patch16_224,visformer_small,38,ILSVRC2012_val_00026490.JPEG,block6,random,True,0.014726672321557999,0.014755083248019218,0.4280798137187958,0.503534197807312,0.01259613037109375,0.01872032880783081,False
vit_base_patch16_224,visformer_small,39,ILSVRC2012_val_00026510.JPEG,block6,random,True,0.0037859331350773573,0.005515373777598143,0.42862457036972046,0.5029894709587097,0.07763290405273438,0.03758507966995239,False
vit_base_patch16_224,visformer_small,38,ILSVRC2012_val_00026490.JPEG,block6,no_drop,True,0.01940823346376419,0.019572483375668526,0.505487322807312,0.5056135654449463,0.060441017150878906,0.03162124752998352,False
vit_base_patch16_224,visformer_small,39,ILSVRC2012_val_00026510.JPEG,block6,no_drop,True,0.013894559815526009,0.015922196209430695,0.5031754970550537,0.5025776028633118,0.04528617858886719,0.028921812772750854,False
vit_base_patch16_224,visformer_small,40,ILSVRC2012_val_00026559.JPEG,block6,selected,True,-0.0017009521834552288,-0.0012827061582356691,0.4241536557674408,0.4980335831642151,-0.025870323181152344,-0.005375102162361145,False
vit_base_patch16_224,visformer_small,41,ILSVRC2012_val_00026627.JPEG,block6,selected,True,0.003153526922687888,0.004540444351732731,0.42777422070503235,0.5017073154449463,-0.02965068817138672,0.040808141231536865,False
vit_base_patch16_224,visformer_small,40,ILSVRC2012_val_00026559.JPEG,block6,opposite,True,0.0005103200674057007,0.0005955931264907122,0.4261399805545807,0.5011957883834839,0.05745983123779297,0.012111246585845947,False
vit_base_patch16_224,visformer_small,41,ILSVRC2012_val_00026627.JPEG,block6,opposite,True,0.0023572035133838654,0.004384427331387997,0.4270036220550537,0.501375138759613,0.043595314025878906,0.01637864112854004,False
vit_base_patch16_224,visformer_small,40,ILSVRC2012_val_00026559.JPEG,block6,deviation,True,0.004059043247252703,0.002826988697052002,0.4263193607330322,0.49920281767845154,0.005745887756347656,0.00044508278369903564,False
vit_base_patch16_224,visformer_small,41,ILSVRC2012_val_00026627.JPEG,block6,deviation,True,0.012401644140481949,0.013100206851959229,0.430458128452301,0.5061317682266235,0.03397560119628906,0.023304849863052368,False
vit_base_patch16_224,visformer_small,40,ILSVRC2012_val_00026559.JPEG,block6,random,True,-0.005459424573928118,-0.005204340443015099,0.42636585235595703,0.5013951063156128,0.007147789001464844,0.001613706350326538,False
vit_base_patch16_224,visformer_small,41,ILSVRC2012_val_00026627.JPEG,block6,random,True,-0.0009543432388454676,-3.870698856189847e-05,0.42509034276008606,0.5004517436027527,-0.037532806396484375,0.0013521015644073486,False
vit_base_patch16_224,visformer_small,40,ILSVRC2012_val_00026559.JPEG,block6,no_drop,True,-0.006637243088334799,-0.007283439394086599,0.5035807490348816,0.5031622052192688,0.02062702178955078,0.004212915897369385,False
vit_base_patch16_224,visformer_small,41,ILSVRC2012_val_00026627.JPEG,block6,no_drop,True,-0.005021451041102409,-0.0034749209880828857,0.5006576776504517,0.5002126097679138,-0.02460956573486328,0.0008352994918823242,False
vit_base_patch16_224,visformer_small,42,ILSVRC2012_val_00026692.JPEG,block6,selected,True,0.004512489307671785,0.004819025751203299,0.42498406767845154,0.49673813581466675,-0.2780795097351074,-0.09408259391784668,False
vit_base_patch16_224,visformer_small,43,ILSVRC2012_val_00026737.JPEG,block6,selected,True,0.015715353190898895,0.018246736377477646,0.4293021857738495,0.505294680595398,0.10160303115844727,0.02898573875427246,False
vit_base_patch16_224,visformer_small,42,ILSVRC2012_val_00026692.JPEG,block6,opposite,True,-0.002699177246540785,-0.0043198419734835625,0.4233896732330322,0.49836575984954834,-0.28302860260009766,-0.08090341091156006,False
vit_base_patch16_224,visformer_small,43,ILSVRC2012_val_00026737.JPEG,block6,opposite,True,0.007138572167605162,0.008030793629586697,0.4298270046710968,0.503700315952301,0.06337356567382812,0.018126100301742554,False
vit_base_patch16_224,visformer_small,42,ILSVRC2012_val_00026692.JPEG,block6,deviation,True,-0.0014815661124885082,-0.0003719138912856579,0.42323023080825806,0.4946388602256775,-0.2599940299987793,-0.07603824138641357,False
vit_base_patch16_224,visformer_small,43,ILSVRC2012_val_00026737.JPEG,block6,deviation,True,0.020002834498882294,0.020196130499243736,0.43039169907569885,0.5030293464660645,0.07125663757324219,0.0211256742477417,False
vit_base_patch16_224,visformer_small,42,ILSVRC2012_val_00026692.JPEG,block6,random,True,0.007418730296194553,0.005373634863644838,0.4263990819454193,0.49920281767845154,-0.2248554229736328,-0.06571739912033081,False
vit_base_patch16_224,visformer_small,43,ILSVRC2012_val_00026737.JPEG,block6,random,True,0.01526397280395031,0.01461249589920044,0.4282127022743225,0.5020660758018494,0.07402515411376953,0.02199503779411316,False
vit_base_patch16_224,visformer_small,42,ILSVRC2012_val_00026692.JPEG,block6,no_drop,True,0.0008672194089740515,0.00017229770310223103,0.4975021183490753,0.49847203493118286,-0.20483922958374023,-0.01947021484375,False
vit_base_patch16_224,visformer_small,43,ILSVRC2012_val_00026737.JPEG,block6,no_drop,True,0.017107266932725906,0.018093181774020195,0.5040988922119141,0.5046702027320862,0.12455415725708008,0.03534585237503052,False
vit_base_patch16_224,visformer_small,44,ILSVRC2012_val_00026743.JPEG,block6,selected,True,0.005451183300465345,0.006022504530847073,0.429501473903656,0.5029429793357849,-0.007754325866699219,0.00822874903678894,False
vit_base_patch16_224,visformer_small,45,ILSVRC2012_val_00026754.JPEG,block6,selected,True,-0.006913210730999708,-0.008296579122543335,0.4265585243701935,0.49600738286972046,-0.06503486633300781,-0.020571887493133545,False
vit_base_patch16_224,visformer_small,44,ILSVRC2012_val_00026743.JPEG,block6,opposite,True,0.0006354039069265127,0.00033737928606569767,0.4247913956642151,0.49892377853393555,-0.03075408935546875,-0.007875770330429077,False
vit_base_patch16_224,visformer_small,45,ILSVRC2012_val_00026754.JPEG,block6,opposite,True,0.003452214878052473,0.004668558016419411,0.4258410334587097,0.4948049485683441,-0.05599212646484375,-0.018685251474380493,False
vit_base_patch16_224,visformer_small,44,ILSVRC2012_val_00026743.JPEG,block6,deviation,True,-0.008083930239081383,-0.008102056570351124,0.4229777753353119,0.49604061245918274,-0.09345245361328125,-0.015637099742889404,False
vit_base_patch16_224,visformer_small,45,ILSVRC2012_val_00026754.JPEG,block6,deviation,True,-0.012013688683509827,-0.01386266853660345,0.421875,0.49323713779449463,-0.11405563354492188,-0.027814120054244995,False
vit_base_patch16_224,visformer_small,44,ILSVRC2012_val_00026743.JPEG,block6,random,True,0.0036912932991981506,0.0034885539207607508,0.42647215723991394,0.5019398331642151,-0.004015922546386719,0.004394322633743286,False
vit_base_patch16_224,visformer_small,45,ILSVRC2012_val_00026754.JPEG,block6,random,True,0.006168567109853029,0.00901586003601551,0.429594486951828,0.502325177192688,-0.07391548156738281,-0.02606576681137085,False
vit_base_patch16_224,visformer_small,44,ILSVRC2012_val_00026743.JPEG,block6,no_drop,True,0.005054845474660397,0.0032713732216507196,0.49897029995918274,0.498252809047699,-0.022673606872558594,-0.004224509000778198,False
vit_base_patch16_224,visformer_small,45,ILSVRC2012_val_00026754.JPEG,block6,no_drop,True,-0.020515374839305878,-0.019929684698581696,0.49977412819862366,0.49980735778808594,-0.09771728515625,-0.033983856439590454,False
vit_base_patch16_224,visformer_small,46,ILSVRC2012_val_00026803.JPEG,block6,selected,True,0.005383656360208988,0.0061640022322535515,0.4255819618701935,0.49952831864356995,0.028729915618896484,0.02158781886100769,False
vit_base_patch16_224,visformer_small,47,ILSVRC2012_val_00026901.JPEG,block6,selected,True,0.03160420060157776,0.035708941519260406,0.43817761540412903,0.5118582844734192,0.46207094192504883,0.2985289692878723,False
vit_base_patch16_224,visformer_small,46,ILSVRC2012_val_00026803.JPEG,block6,opposite,True,0.005716961808502674,0.005798335187137127,0.4253029227256775,0.5006443858146667,-0.09668540954589844,-0.024645954370498657,False
vit_base_patch16_224,visformer_small,47,ILSVRC2012_val_00026901.JPEG,block6,opposite,True,0.026980523020029068,0.028745116665959358,0.4323514699935913,0.5063177347183228,0.3761434555053711,0.23604059219360352,False
vit_base_patch16_224,visformer_small,46,ILSVRC2012_val_00026803.JPEG,block6,deviation,True,0.0020433226600289345,0.003566878382116556,0.4239543378353119,0.4984853267669678,0.01755809783935547,0.01278597116470337,False
vit_base_patch16_224,visformer_small,47,ILSVRC2012_val_00026901.JPEG,block6,deviation,True,0.04096553847193718,0.04218244552612305,0.43696853518486023,0.5116855502128601,0.5717315673828125,0.3702561855316162,False
vit_base_patch16_224,visformer_small,46,ILSVRC2012_val_00026803.JPEG,block6,random,True,-0.0023183790035545826,-0.0009262998355552554,0.42352917790412903,0.49951502680778503,-0.1369175910949707,-0.03482729196548462,False
vit_base_patch16_224,visformer_small,47,ILSVRC2012_val_00026901.JPEG,block6,random,True,0.03817091882228851,0.04153373837471008,0.43494898080825806,0.5094866156578064,0.42838382720947266,0.26536327600479126,False
vit_base_patch16_224,visformer_small,46,ILSVRC2012_val_00026803.JPEG,block6,no_drop,True,0.012768661603331566,0.015286161564290524,0.5013087391853333,0.5010828375816345,0.17887258529663086,0.07077643275260925,False
vit_base_patch16_224,visformer_small,47,ILSVRC2012_val_00026901.JPEG,block6,no_drop,True,0.056977059692144394,0.05921662971377373,0.5158973932266235,0.5170267224311829,0.6765608787536621,0.4689319133758545,False
vit_base_patch16_224,visformer_small,48,ILSVRC2012_val_00026916.JPEG,block6,selected,True,0.00435666274279356,0.0043456899002194405,0.4298137128353119,0.5036338567733765,0.05797719955444336,0.019314110279083252,False
vit_base_patch16_224,visformer_small,49,ILSVRC2012_val_00026925.JPEG,block6,selected,True,0.0023526407312601805,0.0026871589943766594,0.42590081691741943,0.4999734163284302,0.07557296752929688,0.0265255868434906,False
vit_base_patch16_224,visformer_small,48,ILSVRC2012_val_00026916.JPEG,block6,opposite,True,0.0014719406608492136,0.0004279619315639138,0.4260403513908386,0.49963462352752686,0.15532970428466797,0.053280800580978394,False
vit_base_patch16_224,visformer_small,49,ILSVRC2012_val_00026925.JPEG,block6,opposite,True,0.005258933641016483,0.005968796089291573,0.4322318732738495,0.5047898292541504,-0.035400390625,-0.005484163761138916,False
vit_base_patch16_224,visformer_small,48,ILSVRC2012_val_00026916.JPEG,block6,deviation,True,0.0069282217882573605,0.006501337513327599,0.4261266887187958,0.49921607971191406,0.06333684921264648,0.020282328128814697,False
vit_base_patch16_224,visformer_small,49,ILSVRC2012_val_00026925.JPEG,block6,deviation,True,0.012813176028430462,0.013520847074687481,0.4312818944454193,0.5038796663284302,0.18083620071411133,0.07034647464752197,False
vit_base_patch16_224,visformer_small,48,ILSVRC2012_val_00026916.JPEG,block6,random,True,0.0029367301613092422,0.002956034615635872,0.42650535702705383,0.5001062750816345,0.05949735641479492,0.01772412657737732,False
vit_base_patch16_224,visformer_small,49,ILSVRC2012_val_00026925.JPEG,block6,random,True,0.005664434749633074,0.006222194992005825,0.4292091727256775,0.5022853016853333,0.057498931884765625,0.027461230754852295,False
vit_base_patch16_224,visformer_small,48,ILSVRC2012_val_00026916.JPEG,block6,no_drop,True,-0.0013331332011148334,-0.0011858560610562563,0.497840940952301,0.4974423348903656,0.03218221664428711,0.008282899856567383,False
vit_base_patch16_224,visformer_small,49,ILSVRC2012_val_00026925.JPEG,block6,no_drop,True,0.016074247658252716,0.01751159131526947,0.5086097121238708,0.5099383592605591,0.0689082145690918,0.03633832931518555,False
vit_base_patch16_224,visformer_small,50,ILSVRC2012_val_00026972.JPEG,block6,selected,True,0.005926748737692833,0.007407994009554386,0.4281861186027527,0.5016874074935913,0.5897245407104492,0.3420909643173218,False
vit_base_patch16_224,visformer_small,51,ILSVRC2012_val_00027124.JPEG,block6,selected,True,0.021421946585178375,0.022268719971179962,0.43368011713027954,0.5078921914100647,0.21320009231567383,0.0854785144329071,False
vit_base_patch16_224,visformer_small,50,ILSVRC2012_val_00026972.JPEG,block6,opposite,True,0.0031212158501148224,0.0018262389348819852,0.4284784197807312,0.5000132918357849,0.4331507682800293,0.22952651977539062,False
vit_base_patch16_224,visformer_small,51,ILSVRC2012_val_00027124.JPEG,block6,opposite,True,0.028304126113653183,0.03213827684521675,0.4353940784931183,0.5098519921302795,0.2380809783935547,0.09537646174430847,False
vit_base_patch16_224,visformer_small,50,ILSVRC2012_val_00026972.JPEG,block6,deviation,True,0.0002526025054976344,0.0007578313234262168,0.42701026797294617,0.5011293292045593,0.46010303497314453,0.27262526750564575,False
vit_base_patch16_224,visformer_small,51,ILSVRC2012_val_00027124.JPEG,block6,deviation,True,0.02765781059861183,0.029217518866062164,0.4331884980201721,0.5060121417045593,0.11931276321411133,0.04135903716087341,False
vit_base_patch16_224,visformer_small,50,ILSVRC2012_val_00026972.JPEG,block6,random,True,0.004958556964993477,0.004685316700488329,0.42907631397247314,0.5027636289596558,0.5503196716308594,0.3234696388244629,False
vit_base_patch16_224,visformer_small,51,ILSVRC2012_val_00027124.JPEG,block6,random,True,0.014768585562705994,0.015989506617188454,0.43427136540412903,0.510157585144043,0.10425567626953125,0.04347512125968933,False
vit_base_patch16_224,visformer_small,50,ILSVRC2012_val_00026972.JPEG,block6,no_drop,True,0.007328195497393608,0.008359796367585659,0.5037667155265808,0.504278302192688,0.5296573638916016,0.3165193796157837,False
vit_base_patch16_224,visformer_small,51,ILSVRC2012_val_00027124.JPEG,block6,no_drop,True,0.016293078660964966,0.01921355165541172,0.5102638602256775,0.5103037357330322,0.3014397621154785,0.13386186957359314,False
vit_base_patch16_224,visformer_small,52,ILSVRC2012_val_00027141.JPEG,block6,selected,True,0.0021077594719827175,0.003607263555750251,0.4267711043357849,0.4990101456642151,0.11016368865966797,0.026319503784179688,False
vit_base_patch16_224,visformer_small,53,ILSVRC2012_val_00027148.JPEG,block6,selected,True,0.003011577297002077,0.003132784506306052,0.428505003452301,0.5015146732330322,0.02826976776123047,0.007481426000595093,False
vit_base_patch16_224,visformer_small,52,ILSVRC2012_val_00027141.JPEG,block6,opposite,True,0.00011229049414396286,-0.00047299941070377827,0.4254358112812042,0.49951502680778503,-0.0063228607177734375,-0.0030025243759155273,False
vit_base_patch16_224,visformer_small,53,ILSVRC2012_val_00027148.JPEG,block6,opposite,True,0.009427466429769993,0.008361702784895897,0.4273357689380646,0.49799373745918274,0.017724990844726562,0.005266100168228149,False
vit_base_patch16_224,visformer_small,52,ILSVRC2012_val_00027141.JPEG,block6,deviation,True,-0.0006361767882481217,-0.0009377897949889302,0.4260934889316559,0.497933954000473,0.16833019256591797,0.0410366952419281,False
vit_base_patch16_224,visformer_small,53,ILSVRC2012_val_00027148.JPEG,block6,deviation,True,-0.005620903335511684,-0.006106378044933081,0.42708998918533325,0.501202404499054,0.02785778045654297,0.007675349712371826,False
vit_base_patch16_224,visformer_small,52,ILSVRC2012_val_00027141.JPEG,block6,random,True,0.003928489983081818,0.003437438979744911,0.42634591460227966,0.49825945496559143,-0.056395530700683594,-0.01527586579322815,False
vit_base_patch16_224,visformer_small,53,ILSVRC2012_val_00027148.JPEG,block6,random,True,0.017205355688929558,0.016688011586666107,0.4260934889316559,0.499813973903656,0.0274658203125,0.0070040225982666016,False
vit_base_patch16_224,visformer_small,52,ILSVRC2012_val_00027141.JPEG,block6,no_drop,True,-0.0026562067214399576,-0.00212695449590683,0.5044775605201721,0.5040125250816345,-0.033720970153808594,-0.007338583469390869,False
vit_base_patch16_224,visformer_small,53,ILSVRC2012_val_00027148.JPEG,block6,no_drop,True,-0.00016304187010973692,-0.00019476725719869137,0.501541256904602,0.5017073154449463,0.0018711090087890625,0.0010739564895629883,False
vit_base_patch16_224,visformer_small,54,ILSVRC2012_val_00027201.JPEG,block6,selected,True,-0.006783396005630493,-0.006352139636874199,0.42895010113716125,0.503115713596344,-0.13444995880126953,-0.03583797812461853,False
vit_base_patch16_224,visformer_small,55,ILSVRC2012_val_00027287.JPEG,block6,selected,True,-0.00012135726865381002,-6.403401494026184e-05,0.4284186363220215,0.5011360049247742,-0.08200550079345703,-0.020400315523147583,False
vit_base_patch16_224,visformer_small,54,ILSVRC2012_val_00027201.JPEG,block6,opposite,True,0.012981090694665909,0.016766265034675598,0.43107596039772034,0.5078722834587097,0.04996776580810547,0.015440434217453003,False
vit_base_patch16_224,visformer_small,55,ILSVRC2012_val_00027287.JPEG,block6,opposite,True,0.009808192029595375,0.009706083685159683,0.42980706691741943,0.5029761791229248,-0.04372215270996094,-0.0114707350730896,False
vit_base_patch16_224,visformer_small,54,ILSVRC2012_val_00027201.JPEG,block6,deviation,True,0.017686598002910614,0.019128605723381042,0.43240460753440857,0.5047765374183655,0.07386207580566406,0.024663656949996948,False
vit_base_patch16_224,visformer_small,55,ILSVRC2012_val_00027287.JPEG,block6,deviation,True,0.006147113628685474,0.00605951901525259,0.42904311418533325,0.5025908946990967,-0.020882606506347656,-0.0040021538734436035,False
vit_base_patch16_224,visformer_small,54,ILSVRC2012_val_00027201.JPEG,block6,random,True,0.016197629272937775,0.0184917114675045,0.4331884980201721,0.5072146058082581,-0.03238964080810547,-0.0039041340351104736,False
vit_base_patch16_224,visformer_small,55,ILSVRC2012_val_00027287.JPEG,block6,random,True,0.011616305448114872,0.011987179517745972,0.42841199040412903,0.4995814859867096,-0.12530231475830078,-0.028366565704345703,False
vit_base_patch16_224,visformer_small,54,ILSVRC2012_val_00027201.JPEG,block6,no_drop,True,0.0030342116951942444,0.0030380766838788986,0.5008503198623657,0.5018734335899353,-0.04029273986816406,-0.0090198814868927,False
vit_base_patch16_224,visformer_small,55,ILSVRC2012_val_00027287.JPEG,block6,no_drop,True,0.0070856716483831406,0.0072569032199680805,0.5004318356513977,0.5005314350128174,-0.0778036117553711,-0.01728871464729309,False
vit_base_patch16_224,visformer_small,56,ILSVRC2012_val_00027348.JPEG,block6,selected,True,0.029889654368162155,0.029855990782380104,0.4371279776096344,0.5100313425064087,0.5337786674499512,0.3391554355621338,False
vit_base_patch16_224,visformer_small,57,ILSVRC2012_val_00027385.JPEG,block6,selected,True,0.0032468505669385195,0.0016455758595839143,0.42683088779449463,0.5000464916229248,-0.03530120849609375,-0.008335351943969727,False
vit_base_patch16_224,visformer_small,56,ILSVRC2012_val_00027348.JPEG,block6,opposite,True,0.03981625661253929,0.04203984886407852,0.4389548897743225,0.5144557952880859,0.941746711730957,0.6441771984100342,False
vit_base_patch16_224,visformer_small,57,ILSVRC2012_val_00027385.JPEG,block6,opposite,True,0.008739091455936432,0.008193633519113064,0.42654523253440857,0.4982196092605591,-0.04096221923828125,-0.008695214986801147,False
vit_base_patch16_224,visformer_small,56,ILSVRC2012_val_00027348.JPEG,block6,deviation,True,0.03728768974542618,0.03850087895989418,0.4379650354385376,0.5132666230201721,0.8087434768676758,0.5946937203407288,False
vit_base_patch16_224,visformer_small,57,ILSVRC2012_val_00027385.JPEG,block6,deviation,True,0.011576605960726738,0.0102295633405447,0.4294084906578064,0.5014083981513977,0.020300865173339844,0.011008352041244507,False
vit_base_patch16_224,visformer_small,56,ILSVRC2012_val_00027348.JPEG,block6,random,True,0.03385807201266289,0.03497520834207535,0.4354073703289032,0.5108617544174194,0.4280819892883301,0.35059475898742676,False
vit_base_patch16_224,visformer_small,57,ILSVRC2012_val_00027385.JPEG,block6,random,True,0.00475598219782114,0.005394319072365761,0.4281861186027527,0.5007573366165161,0.02602386474609375,0.009118050336837769,False
vit_base_patch16_224,visformer_small,56,ILSVRC2012_val_00027348.JPEG,block6,no_drop,True,0.04833505302667618,0.04963724687695503,0.5182358026504517,0.5186078548431396,1.0917143821716309,0.8452877998352051,True
vit_base_patch16_224,visformer_small,57,ILSVRC2012_val_00027385.JPEG,block6,no_drop,True,0.004766060970723629,0.004717373289167881,0.5010097622871399,0.5004849433898926,0.003437042236328125,0.0033656656742095947,False
vit_base_patch16_224,visformer_small,58,ILSVRC2012_val_00027498.JPEG,block6,selected,True,-0.004646506160497665,-0.004093615338206291,0.4230840802192688,0.49597418308258057,-0.07081413269042969,-0.021022051572799683,False
vit_base_patch16_224,visformer_small,59,ILSVRC2012_val_00027530.JPEG,block6,selected,True,0.0008633208926767111,-0.0007429806282743812,0.42512357234954834,0.4988507032394409,-0.08618688583374023,-0.002645939588546753,False
vit_base_patch16_224,visformer_small,58,ILSVRC2012_val_00027498.JPEG,block6,opposite,True,0.0037188329733908176,0.003951682709157467,0.42757493257522583,0.5013618469238281,-0.039338111877441406,-0.009408533573150635,False
vit_base_patch16_224,visformer_small,59,ILSVRC2012_val_00027530.JPEG,block6,opposite,True,0.004308190196752548,0.002987876534461975,0.4251302182674408,0.4998272657394409,-0.07253742218017578,0.01166224479675293,False
vit_base_patch16_224,visformer_small,58,ILSVRC2012_val_00027498.JPEG,block6,deviation,True,-0.0039026502054184675,-0.0035379151813685894,0.4262462854385376,0.4997408986091614,0.013279914855957031,0.004852592945098877,False
vit_base_patch16_224,visformer_small,59,ILSVRC2012_val_00027530.JPEG,block6,deviation,True,-0.0032549030147492886,-0.0013476838357746601,0.42501726746559143,0.4979405701160431,-0.04885530471801758,0.0001309812068939209,False
vit_base_patch16_224,visformer_small,58,ILSVRC2012_val_00027498.JPEG,block6,random,True,0.0052525559440255165,0.005082137882709503,0.4268043041229248,0.5003387928009033,0.02173328399658203,0.005386710166931152,False
vit_base_patch16_224,visformer_small,59,ILSVRC2012_val_00027530.JPEG,block6,random,True,-0.015120647847652435,-0.015181463211774826,0.4280798137187958,0.5008038282394409,-0.040008544921875,0.006122589111328125,False
vit_base_patch16_224,visformer_small,58,ILSVRC2012_val_00027498.JPEG,block6,no_drop,True,0.001225402345880866,0.0009268803987652063,0.5013951063156128,0.5003055930137634,0.05465412139892578,0.015844523906707764,False
vit_base_patch16_224,visformer_small,59,ILSVRC2012_val_00027530.JPEG,block6,no_drop,True,0.004090391099452972,0.004858745262026787,0.5003520846366882,0.5005115270614624,-0.09870481491088867,-0.0027907490730285645,False
vit_base_patch16_224,visformer_small,60,ILSVRC2012_val_00027633.JPEG,block6,selected,True,0.002557520056143403,0.002421648008748889,0.42675116658210754,0.4987577199935913,0.08371448516845703,0.0267866849899292,False
vit_base_patch16_224,visformer_small,61,ILSVRC2012_val_00027636.JPEG,block6,selected,True,-0.01291908323764801,-0.011629614979028702,0.4238547086715698,0.49849197268486023,-0.10162162780761719,-0.011104017496109009,False
vit_base_patch16_224,visformer_small,60,ILSVRC2012_val_00027633.JPEG,block6,opposite,True,-5.990872159600258e-05,-0.00017878878861665726,0.4269239008426666,0.4998472034931183,-0.15230369567871094,-0.014853507280349731,False
vit_base_patch16_224,visformer_small,61,ILSVRC2012_val_00027636.JPEG,block6,opposite,True,-0.008880160748958588,-0.00864978227764368,0.42101800441741943,0.4948381781578064,-0.10454368591308594,-0.012716919183731079,False
vit_base_patch16_224,visformer_small,60,ILSVRC2012_val_00027633.JPEG,block6,deviation,True,0.008867799304425716,0.008188782259821892,0.42614662647247314,0.4995615482330322,0.08614349365234375,0.02570044994354248,False
vit_base_patch16_224,visformer_small,61,ILSVRC2012_val_00027636.JPEG,block6,deviation,True,-0.003872071858495474,-0.002919216174632311,0.4259340465068817,0.500956654548645,0.04216289520263672,0.017682045698165894,False
vit_base_patch16_224,visformer_small,60,ILSVRC2012_val_00027633.JPEG,block6,random,True,0.002038221340626478,0.0008352533914148808,0.4274287819862366,0.5005514025688171,0.03576374053955078,0.02389770746231079,False
vit_base_patch16_224,visformer_small,61,ILSVRC2012_val_00027636.JPEG,block6,random,True,-0.003911834675818682,-0.003800529520958662,0.42768123745918274,0.5026108026504517,0.11464118957519531,0.0338154137134552,False
vit_base_patch16_224,visformer_small,60,ILSVRC2012_val_00027633.JPEG,block6,no_drop,True,0.0011160781141370535,0.0005436967476271093,0.5049890875816345,0.5048894286155701,0.039053916931152344,0.016605287790298462,False
vit_base_patch16_224,visformer_small,61,ILSVRC2012_val_00027636.JPEG,block6,no_drop,True,0.0035417131148278713,0.004032214172184467,0.500019907951355,0.5001926422119141,0.057999610900878906,0.037937313318252563,False
vit_base_patch16_224,visformer_small,62,ILSVRC2012_val_00027657.JPEG,block6,selected,True,0.07845223695039749,0.08636143058538437,0.43482276797294617,0.5100646018981934,0.7543525695800781,0.6091853976249695,False
vit_base_patch16_224,visformer_small,63,ILSVRC2012_val_00027790.JPEG,block6,selected,True,0.021675653755664825,0.02331938035786152,0.4341517984867096,0.5088488459587097,0.04604148864746094,0.03355693817138672,False
vit_base_patch16_224,visformer_small,62,ILSVRC2012_val_00027657.JPEG,block6,opposite,True,0.08808928728103638,0.09481039643287659,0.4312818944454193,0.5065569281578064,0.7230868339538574,0.5691646933555603,False
vit_base_patch16_224,visformer_small,63,ILSVRC2012_val_00027790.JPEG,block6,opposite,True,0.011053094640374184,0.012846491299569607,0.4269239008426666,0.5028367042541504,-0.016900062561035156,0.020638376474380493,False
vit_base_patch16_224,visformer_small,62,ILSVRC2012_val_00027657.JPEG,block6,deviation,True,0.07072445750236511,0.07821681350469589,0.43233153223991394,0.5051485300064087,0.6532082557678223,0.5171924233436584,False
vit_base_patch16_224,visformer_small,63,ILSVRC2012_val_00027790.JPEG,block6,deviation,True,0.017634714022278786,0.019687894731760025,0.4326038956642151,0.5057796835899353,0.0699167251586914,0.05290749669075012,False
vit_base_patch16_224,visformer_small,62,ILSVRC2012_val_00027657.JPEG,block6,random,True,0.021059084683656693,0.020246902480721474,0.4330955147743225,0.5091943144798279,0.44889163970947266,0.3141949772834778,False
vit_base_patch16_224,visformer_small,63,ILSVRC2012_val_00027790.JPEG,block6,random,True,0.017858047038316727,0.019592629745602608,0.4313483238220215,0.5057796835899353,0.10441207885742188,0.032906919717788696,False
vit_base_patch16_224,visformer_small,62,ILSVRC2012_val_00027657.JPEG,block6,no_drop,True,0.0450981929898262,0.04598766937851906,0.504298210144043,0.5042251348495483,0.3761415481567383,0.26749008893966675,False
vit_base_patch16_224,visformer_small,63,ILSVRC2012_val_00027790.JPEG,block6,no_drop,True,0.04704810678958893,0.04647869989275932,0.512303352355957,0.5128414630889893,0.09327220916748047,0.0989018976688385,False
