source_model,target_model,semantic_kind,sample_index,image_name,view_quality_spearman,semantic_topk_view_cosine,uniform_view_cosine,topk_minus_uniform_view_cosine
vit_base_patch16_224,cait_s24_224,phase,0,ILSVRC2012_val_00037758.JPEG,0.3052631616592407,0.0008511765045113862,-0.0012238436611369252,0.0020750202238559723
vit_base_patch16_224,cait_s24_224,phase,1,ILSVRC2012_val_00037916.JPEG,0.009022563695907593,0.0027882989961653948,0.003248821711167693,-0.00046052271500229836
vit_base_patch16_224,cait_s24_224,flip,0,ILSVRC2012_val_00037758.JPEG,0.3218045234680176,0.00012514628178905696,-0.0012238436611369252,0.0013489898992702365
vit_base_patch16_224,cait_s24_224,flip,1,ILSVRC2012_val_00037916.JPEG,0.2075188159942627,0.0012322724796831608,0.003248821711167693,-0.0020165492314845324
vit_base_patch16_224,cait_s24_224,consensus,0,ILSVRC2012_val_00037758.JPEG,0.308270663022995,0.00041164440335705876,-0.0012238436611369252,0.001635488122701645
vit_base_patch16_224,cait_s24_224,consensus,1,ILSVRC2012_val_00037916.JPEG,0.19248121976852417,0.007520101498812437,0.003248821711167693,0.004271280020475388
vit_base_patch16_224,cait_s24_224,shuffled_semantic,0,ILSVRC2012_val_00037758.JPEG,-0.38496237993240356,-0.002943943487480283,-0.0012238436611369252,-0.0017200998263433576
vit_base_patch16_224,cait_s24_224,shuffled_semantic,1,ILSVRC2012_val_00037916.JPEG,0.048120319843292236,0.005401440896093845,0.003248821711167693,0.0021526191849261522
vit_base_patch16_224,cait_s24_224,phase,2,ILSVRC2012_val_00037926.JPEG,0.030075207352638245,0.0012647673720493913,0.0018742851680144668,-0.0006095177959650755
vit_base_patch16_224,cait_s24_224,phase,3,ILSVRC2012_val_00037929.JPEG,0.3609022796154022,0.002332105068489909,0.0006805108278058469,0.0016515941824764013
vit_base_patch16_224,cait_s24_224,flip,2,ILSVRC2012_val_00037926.JPEG,0.18646618723869324,-0.0020624082535505295,0.0018742851680144668,-0.003936693537980318
vit_base_patch16_224,cait_s24_224,flip,3,ILSVRC2012_val_00037929.JPEG,-0.04060150682926178,0.002111557638272643,0.0006805108278058469,0.0014310467522591352
vit_base_patch16_224,cait_s24_224,consensus,2,ILSVRC2012_val_00037926.JPEG,0.05112782120704651,0.0012647666735574603,0.0018742851680144668,-0.0006095184944570065
vit_base_patch16_224,cait_s24_224,consensus,3,ILSVRC2012_val_00037929.JPEG,0.12781953811645508,0.0023749128449708223,0.0006805108278058469,0.0016944019589573145
vit_base_patch16_224,cait_s24_224,shuffled_semantic,2,ILSVRC2012_val_00037926.JPEG,0.3548872172832489,0.004210381768643856,0.0018742851680144668,0.0023360964842140675
vit_base_patch16_224,cait_s24_224,shuffled_semantic,3,ILSVRC2012_val_00037929.JPEG,-0.11428570747375488,-0.000795374799054116,0.0006805108278058469,-0.001475885626859963
vit_base_patch16_224,cait_s24_224,phase,4,ILSVRC2012_val_00038033.JPEG,0.20451125502586365,0.024078262969851494,0.022831803187727928,0.0012464597821235657
vit_base_patch16_224,cait_s24_224,phase,5,ILSVRC2012_val_00038096.JPEG,0.27067670226097107,0.006037394981831312,0.004544368013739586,0.0014930269680917263
vit_base_patch16_224,cait_s24_224,flip,4,ILSVRC2012_val_00038033.JPEG,-0.38345867395401,0.015407330356538296,0.022831803187727928,-0.007424472831189632
vit_base_patch16_224,cait_s24_224,flip,5,ILSVRC2012_val_00038096.JPEG,0.3924812078475952,0.008889990858733654,0.004544368013739586,0.004345622844994068
vit_base_patch16_224,cait_s24_224,consensus,4,ILSVRC2012_val_00038033.JPEG,-0.03308273106813431,0.018099406734108925,0.022831803187727928,-0.004732396453619003
vit_base_patch16_224,cait_s24_224,consensus,5,ILSVRC2012_val_00038096.JPEG,0.28270676732063293,0.005663495045155287,0.004544368013739586,0.001119127031415701
vit_base_patch16_224,cait_s24_224,shuffled_semantic,4,ILSVRC2012_val_00038033.JPEG,-0.18195487558841705,0.020563285797834396,0.022831803187727928,-0.002268517389893532
vit_base_patch16_224,cait_s24_224,shuffled_semantic,5,ILSVRC2012_val_00038096.JPEG,0.12180450558662415,0.006628446280956268,0.004544368013739586,0.0020840782672166824
vit_base_patch16_224,cait_s24_224,phase,6,ILSVRC2012_val_00038110.JPEG,-0.03007519245147705,0.004802221432328224,0.0009929703082889318,0.0038092511240392923
vit_base_patch16_224,cait_s24_224,phase,7,ILSVRC2012_val_00038142.JPEG,0.4060150384902954,0.006338679231703281,0.0023393547162413597,0.003999324515461922
vit_base_patch16_224,cait_s24_224,flip,6,ILSVRC2012_val_00038110.JPEG,-0.20000000298023224,-0.0017888991860672832,0.0009929703082889318,-0.002781869377940893
vit_base_patch16_224,cait_s24_224,flip,7,ILSVRC2012_val_00038142.JPEG,-0.10827068984508514,0.002479174407199025,0.0023393547162413597,0.00013981969095766544
vit_base_patch16_224,cait_s24_224,consensus,6,ILSVRC2012_val_00038110.JPEG,-0.04060149937868118,-0.0017888991860672832,0.0009929703082889318,-0.002781869377940893
vit_base_patch16_224,cait_s24_224,consensus,7,ILSVRC2012_val_00038142.JPEG,0.31127816438674927,0.005867089610546827,0.0023393547162413597,0.0035277348943054676
vit_base_patch16_224,cait_s24_224,shuffled_semantic,6,ILSVRC2012_val_00038110.JPEG,-0.02706766128540039,0.004160352051258087,0.0009929703082889318,0.0031673817429691553
vit_base_patch16_224,cait_s24_224,shuffled_semantic,7,ILSVRC2012_val_00038142.JPEG,0.0556391105055809,0.002829510485753417,0.0023393547162413597,0.0004901557695120573
vit_base_patch16_224,cait_s24_224,phase,8,ILSVRC2012_val_00038157.JPEG,0.06466164439916611,0.0033302679657936096,0.005378926172852516,-0.0020486582070589066
vit_base_patch16_224,cait_s24_224,phase,9,ILSVRC2012_val_00038221.JPEG,0.12481202185153961,0.0021689969580620527,0.00016949433484114707,0.0019995025359094143
vit_base_patch16_224,cait_s24_224,flip,8,ILSVRC2012_val_00038157.JPEG,-0.12330827862024307,0.0072464719414711,0.005378926172852516,0.0018675457686185837
vit_base_patch16_224,cait_s24_224,flip,9,ILSVRC2012_val_00038221.JPEG,-0.2075188159942627,0.0019028753740713,0.00016949433484114707,0.0017333810683339834
vit_base_patch16_224,cait_s24_224,consensus,8,ILSVRC2012_val_00038157.JPEG,0.0030075237154960632,0.002236588392406702,0.005378926172852516,-0.003142337780445814
vit_base_patch16_224,cait_s24_224,consensus,9,ILSVRC2012_val_00038221.JPEG,-0.13984964787960052,0.00018609427206683904,0.00016949433484114707,1.6599937225691974e-05
vit_base_patch16_224,cait_s24_224,shuffled_semantic,8,ILSVRC2012_val_00038157.JPEG,0.08421050757169724,0.008499127812683582,0.005378926172852516,0.003120201639831066
vit_base_patch16_224,cait_s24_224,shuffled_semantic,9,ILSVRC2012_val_00038221.JPEG,-0.12481202930212021,-0.0066561708226799965,0.00016949433484114707,-0.006825665012001991
vit_base_patch16_224,cait_s24_224,phase,10,ILSVRC2012_val_00038236.JPEG,-0.0736842080950737,0.0009027171763591468,-5.151475852471776e-05,0.000954231945797801
vit_base_patch16_224,cait_s24_224,phase,11,ILSVRC2012_val_00038251.JPEG,0.03609023243188858,0.004825880751013756,0.00696070259436965,-0.002134821843355894
vit_base_patch16_224,cait_s24_224,flip,10,ILSVRC2012_val_00038236.JPEG,-0.039097752422094345,-0.0024900746066123247,-5.151475852471776e-05,-0.0024385598953813314
vit_base_patch16_224,cait_s24_224,flip,11,ILSVRC2012_val_00038251.JPEG,-0.11127818375825882,0.009321858175098896,0.00696070259436965,0.002361155580729246
vit_base_patch16_224,cait_s24_224,consensus,10,ILSVRC2012_val_00038236.JPEG,-0.11578947305679321,-0.0002844015252776444,-5.151475852471776e-05,-0.00023288677039090544
vit_base_patch16_224,cait_s24_224,consensus,11,ILSVRC2012_val_00038251.JPEG,-0.12631578743457794,0.004673907998949289,0.00696070259436965,-0.0022867945954203606
vit_base_patch16_224,cait_s24_224,shuffled_semantic,10,ILSVRC2012_val_00038236.JPEG,-0.1849624216556549,-0.0018723987741395831,-5.151475852471776e-05,-0.0018208840629085898
vit_base_patch16_224,cait_s24_224,shuffled_semantic,11,ILSVRC2012_val_00038251.JPEG,-0.2661654055118561,0.005785758141428232,0.00696070259436965,-0.0011749444529414177
vit_base_patch16_224,cait_s24_224,phase,12,ILSVRC2012_val_00038413.JPEG,0.4992481470108032,0.0009038662537932396,-0.0008152291993610561,0.0017190955113619566
vit_base_patch16_224,cait_s24_224,phase,13,ILSVRC2012_val_00038427.JPEG,0.19849622249603271,0.002153651788830757,0.00035029376158490777,0.0018033580854535103
vit_base_patch16_224,cait_s24_224,flip,12,ILSVRC2012_val_00038413.JPEG,0.3924812078475952,0.002118523232638836,-0.0008152291993610561,0.002933752490207553
vit_base_patch16_224,cait_s24_224,flip,13,ILSVRC2012_val_00038427.JPEG,-0.28872182965278625,0.0005605962942354381,0.00035029376158490777,0.00021030253265053034
vit_base_patch16_224,cait_s24_224,consensus,12,ILSVRC2012_val_00038413.JPEG,0.46766915917396545,0.0027225040830671787,-0.0008152291993610561,0.0035377333406358957
vit_base_patch16_224,cait_s24_224,consensus,13,ILSVRC2012_val_00038427.JPEG,-0.17443609237670898,0.00018913624808192253,0.00035029376158490777,-0.00016115751350298524
vit_base_patch16_224,cait_s24_224,shuffled_semantic,12,ILSVRC2012_val_00038413.JPEG,0.31578949093818665,0.000427130056777969,-0.0008152291993610561,0.0012423592852428555
vit_base_patch16_224,cait_s24_224,shuffled_semantic,13,ILSVRC2012_val_00038427.JPEG,0.04962407425045967,0.002719708951190114,0.00035029376158490777,0.002369415247812867
vit_base_patch16_224,cait_s24_224,phase,14,ILSVRC2012_val_00038546.JPEG,-0.09022556245326996,0.008817720226943493,0.007469413336366415,0.0013483068905770779
vit_base_patch16_224,cait_s24_224,phase,15,ILSVRC2012_val_00038597.JPEG,-0.01353384554386139,0.001514770439825952,-0.00022982187510933727,0.0017445923294872046
vit_base_patch16_224,cait_s24_224,flip,14,ILSVRC2012_val_00038546.JPEG,0.20601505041122437,0.009125329554080963,0.007469413336366415,0.0016559162177145481
vit_base_patch16_224,cait_s24_224,flip,15,ILSVRC2012_val_00038597.JPEG,0.2345864474773407,-0.001788067864254117,-0.00022982187510933727,-0.0015582459745928645
vit_base_patch16_224,cait_s24_224,consensus,14,ILSVRC2012_val_00038546.JPEG,0.08270677179098129,0.008562140166759491,0.007469413336366415,0.001092726830393076
vit_base_patch16_224,cait_s24_224,consensus,15,ILSVRC2012_val_00038597.JPEG,0.15037593245506287,-0.001788067864254117,-0.00022982187510933727,-0.0015582459745928645
vit_base_patch16_224,cait_s24_224,shuffled_semantic,14,ILSVRC2012_val_00038546.JPEG,-0.1112782210111618,0.005885574966669083,0.007469413336366415,-0.0015838383696973324
vit_base_patch16_224,cait_s24_224,shuffled_semantic,15,ILSVRC2012_val_00038597.JPEG,-0.18796993792057037,-0.0024072513915598392,-0.00022982187510933727,-0.0021774296183139086
vit_base_patch16_224,cait_s24_224,phase,16,ILSVRC2012_val_00038607.JPEG,0.08270677179098129,-0.00010510347783565521,0.0009825447341427207,-0.001087648211978376
vit_base_patch16_224,cait_s24_224,phase,17,ILSVRC2012_val_00038678.JPEG,0.06165412813425064,-0.0008231204119510949,-0.00048408537986688316,-0.0003390350320842117
vit_base_patch16_224,cait_s24_224,flip,16,ILSVRC2012_val_00038607.JPEG,0.030075207352638245,0.004818204324692488,0.0009825447341427207,0.003835659474134445
vit_base_patch16_224,cait_s24_224,flip,17,ILSVRC2012_val_00038678.JPEG,-0.43458646535873413,-0.0043822661973536015,-0.00048408537986688316,-0.003898180788382888
vit_base_patch16_224,cait_s24_224,consensus,16,ILSVRC2012_val_00038607.JPEG,0.20601503551006317,0.0001468457339797169,0.0009825447341427207,-0.0008356990292668343
vit_base_patch16_224,cait_s24_224,consensus,17,ILSVRC2012_val_00038678.JPEG,-0.29323309659957886,0.0011790002463385463,-0.00048408537986688316,0.0016630856553092599
vit_base_patch16_224,cait_s24_224,shuffled_semantic,16,ILSVRC2012_val_00038607.JPEG,-0.11428570747375488,0.0024969119112938643,0.0009825447341427207,0.0015143671771511436
vit_base_patch16_224,cait_s24_224,shuffled_semantic,17,ILSVRC2012_val_00038678.JPEG,0.3097744286060333,-0.0010772723471745849,-0.00048408537986688316,-0.0005931869382038713
vit_base_patch16_224,cait_s24_224,phase,18,ILSVRC2012_val_00038705.JPEG,0.655639111995697,0.006623455788940191,-0.00177201337646693,0.008395468816161156
vit_base_patch16_224,cait_s24_224,phase,19,ILSVRC2012_val_00038708.JPEG,0.3999999761581421,0.011531136929988861,0.007708375807851553,0.003822761122137308
vit_base_patch16_224,cait_s24_224,flip,18,ILSVRC2012_val_00038705.JPEG,0.2436090111732483,0.0005074685323052108,-0.00177201337646693,0.00227948185056448
vit_base_patch16_224,cait_s24_224,flip,19,ILSVRC2012_val_00038708.JPEG,0.40751874446868896,0.011758959852159023,0.007708375807851553,0.00405058404430747
vit_base_patch16_224,cait_s24_224,consensus,18,ILSVRC2012_val_00038705.JPEG,0.5669173002243042,0.004486194346100092,-0.00177201337646693,0.006258207838982344
vit_base_patch16_224,cait_s24_224,consensus,19,ILSVRC2012_val_00038708.JPEG,0.42105263471603394,0.011984117329120636,0.007708375807851553,0.004275741521269083
vit_base_patch16_224,cait_s24_224,shuffled_semantic,18,ILSVRC2012_val_00038705.JPEG,-0.14887218177318573,-0.0004951483570039272,-0.00177201337646693,0.0012768650194630027
vit_base_patch16_224,cait_s24_224,shuffled_semantic,19,ILSVRC2012_val_00038708.JPEG,0.043609023094177246,0.006826187949627638,0.007708375807851553,-0.0008821878582239151
vit_base_patch16_224,cait_s24_224,phase,20,ILSVRC2012_val_00038743.JPEG,0.1248120442032814,0.005843056831508875,0.003526503685861826,0.002316553145647049
vit_base_patch16_224,cait_s24_224,phase,21,ILSVRC2012_val_00038986.JPEG,-0.1894736886024475,0.0074798003770411015,0.010153117589652538,-0.002673317212611437
vit_base_patch16_224,cait_s24_224,flip,20,ILSVRC2012_val_00038743.JPEG,0.12631575763225555,0.004989623092114925,0.003526503685861826,0.0014631194062530994
vit_base_patch16_224,cait_s24_224,flip,21,ILSVRC2012_val_00038986.JPEG,0.19097743928432465,0.016079597175121307,0.010153117589652538,0.005926479585468769
vit_base_patch16_224,cait_s24_224,consensus,20,ILSVRC2012_val_00038743.JPEG,0.0827067568898201,0.001224585110321641,0.003526503685861826,-0.002301918575540185
vit_base_patch16_224,cait_s24_224,consensus,21,ILSVRC2012_val_00038986.JPEG,-0.028571441769599915,0.012063700705766678,0.010153117589652538,0.0019105831161141396
vit_base_patch16_224,cait_s24_224,shuffled_semantic,20,ILSVRC2012_val_00038743.JPEG,0.1518796980381012,0.0058104186318814754,0.003526503685861826,0.0022839149460196495
vit_base_patch16_224,cait_s24_224,shuffled_semantic,21,ILSVRC2012_val_00038986.JPEG,0.0781954824924469,0.009881744161248207,0.010153117589652538,-0.0002713734284043312
vit_base_patch16_224,cait_s24_224,phase,22,ILSVRC2012_val_00039085.JPEG,-0.23759397864341736,0.003610661718994379,0.00522903585806489,-0.0016183741390705109
vit_base_patch16_224,cait_s24_224,phase,23,ILSVRC2012_val_00039106.JPEG,0.11278194189071655,-0.003878144547343254,-0.002741697011515498,-0.001136447535827756
vit_base_patch16_224,cait_s24_224,flip,22,ILSVRC2012_val_00039085.JPEG,0.24661657214164734,0.008583937771618366,0.00522903585806489,0.0033549019135534763
vit_base_patch16_224,cait_s24_224,flip,23,ILSVRC2012_val_00039106.JPEG,-0.23609024286270142,-0.005072626285254955,-0.002741697011515498,-0.002330929273739457
vit_base_patch16_224,cait_s24_224,consensus,22,ILSVRC2012_val_00039085.JPEG,0.16541354358196259,0.007363862823694944,0.00522903585806489,0.0021348269656300545
vit_base_patch16_224,cait_s24_224,consensus,23,ILSVRC2012_val_00039106.JPEG,-0.2300751805305481,-0.0035986851435154676,-0.002741697011515498,-0.0008569881319999695
vit_base_patch16_224,cait_s24_224,shuffled_semantic,22,ILSVRC2012_val_00039085.JPEG,-0.4000000059604645,0.0009203042718581855,0.00522903585806489,-0.004308731760829687
vit_base_patch16_224,cait_s24_224,shuffled_semantic,23,ILSVRC2012_val_00039106.JPEG,0.15037594735622406,-7.633017230546102e-05,-0.002741697011515498,0.002665366744622588
vit_base_patch16_224,cait_s24_224,phase,24,ILSVRC2012_val_00039130.JPEG,0.156390979886055,-0.00014157038822304457,0.0006974027492105961,-0.0008389731519855559
vit_base_patch16_224,cait_s24_224,phase,25,ILSVRC2012_val_00039253.JPEG,0.0872180312871933,0.01440817303955555,0.013998197391629219,0.00040997564792633057
vit_base_patch16_224,cait_s24_224,flip,24,ILSVRC2012_val_00039130.JPEG,-0.5007518529891968,-0.005050660111010075,0.0006974027492105961,-0.005748062860220671
vit_base_patch16_224,cait_s24_224,flip,25,ILSVRC2012_val_00039253.JPEG,0.07669173181056976,0.016094451770186424,0.013998197391629219,0.002096254378557205
vit_base_patch16_224,cait_s24_224,consensus,24,ILSVRC2012_val_00039130.JPEG,-0.2917293310165405,-0.005985553842037916,0.0006974027492105961,-0.006682956591248512
vit_base_patch16_224,cait_s24_224,consensus,25,ILSVRC2012_val_00039253.JPEG,0.04962405934929848,0.016094451770186424,0.013998197391629219,0.002096254378557205
vit_base_patch16_224,cait_s24_224,shuffled_semantic,24,ILSVRC2012_val_00039130.JPEG,0.11729320883750916,0.00037662434624508023,0.0006974027492105961,-0.00032077840296551585
vit_base_patch16_224,cait_s24_224,shuffled_semantic,25,ILSVRC2012_val_00039253.JPEG,-0.24360902607440948,0.011959013529121876,0.013998197391629219,-0.0020391838625073433
vit_base_patch16_224,cait_s24_224,phase,26,ILSVRC2012_val_00039290.JPEG,-0.13233081996440887,-0.005235783755779266,-0.00036069267662242055,-0.004875090904533863
vit_base_patch16_224,cait_s24_224,phase,27,ILSVRC2012_val_00039421.JPEG,0.2165413647890091,0.016697300598025322,0.015085396356880665,0.0016119042411446571
vit_base_patch16_224,cait_s24_224,flip,26,ILSVRC2012_val_00039290.JPEG,-0.16842105984687805,-0.01380893588066101,-0.00036069267662242055,-0.013448243029415607
vit_base_patch16_224,cait_s24_224,flip,27,ILSVRC2012_val_00039421.JPEG,-0.01654134690761566,0.017935778945684433,0.015085396356880665,0.002850382588803768
vit_base_patch16_224,cait_s24_224,consensus,26,ILSVRC2012_val_00039290.JPEG,-0.11578947305679321,-0.01380893588066101,-0.00036069267662242055,-0.013448243029415607
vit_base_patch16_224,cait_s24_224,consensus,27,ILSVRC2012_val_00039421.JPEG,0.17744359374046326,0.01945376582443714,0.015085396356880665,0.004368369467556477
vit_base_patch16_224,cait_s24_224,shuffled_semantic,26,ILSVRC2012_val_00039290.JPEG,-0.13684213161468506,-0.005362617317587137,-0.00036069267662242055,-0.005001924466341734
vit_base_patch16_224,cait_s24_224,shuffled_semantic,27,ILSVRC2012_val_00039421.JPEG,-0.2120300680398941,0.01598365604877472,0.015085396356880665,0.0008982596918940544
vit_base_patch16_224,cait_s24_224,phase,28,ILSVRC2012_val_00039426.JPEG,-0.5248120427131653,-0.005364877171814442,0.0002889918105211109,-0.005653868895024061
vit_base_patch16_224,cait_s24_224,phase,29,ILSVRC2012_val_00039464.JPEG,0.03909771516919136,0.003979149740189314,0.0019835045095533133,0.0019956452306360006
vit_base_patch16_224,cait_s24_224,flip,28,ILSVRC2012_val_00039426.JPEG,-0.5037593841552734,-0.003148198826238513,0.0002889918105211109,-0.0034371905494481325
vit_base_patch16_224,cait_s24_224,flip,29,ILSVRC2012_val_00039464.JPEG,0.14887219667434692,0.0005191726377233863,0.0019835045095533133,-0.001464331871829927
vit_base_patch16_224,cait_s24_224,consensus,28,ILSVRC2012_val_00039426.JPEG,-0.5939849615097046,-0.005364877637475729,0.0002889918105211109,-0.0056538693606853485
vit_base_patch16_224,cait_s24_224,consensus,29,ILSVRC2012_val_00039464.JPEG,0.009022548794746399,-0.0014938258100301027,0.0019835045095533133,-0.003477330319583416
vit_base_patch16_224,cait_s24_224,shuffled_semantic,28,ILSVRC2012_val_00039426.JPEG,0.2676691710948944,0.003663811832666397,0.0002889918105211109,0.0033748201094567776
vit_base_patch16_224,cait_s24_224,shuffled_semantic,29,ILSVRC2012_val_00039464.JPEG,-0.32030075788497925,-0.003918880131095648,0.0019835045095533133,-0.005902384407818317
vit_base_patch16_224,cait_s24_224,phase,30,ILSVRC2012_val_00039490.JPEG,0.2857142686843872,0.005630895029753447,0.0003274533955845982,0.005303441546857357
vit_base_patch16_224,cait_s24_224,phase,31,ILSVRC2012_val_00039737.JPEG,-0.03157892823219299,-0.0037771009374409914,0.0008332714787684381,-0.004610372241586447
vit_base_patch16_224,cait_s24_224,flip,30,ILSVRC2012_val_00039490.JPEG,-0.07518798112869263,0.0012292175088077784,0.0003274533955845982,0.0009017641423270106
vit_base_patch16_224,cait_s24_224,flip,31,ILSVRC2012_val_00039737.JPEG,0.1894736886024475,0.006875052582472563,0.0008332714787684381,0.006041781045496464
vit_base_patch16_224,cait_s24_224,consensus,30,ILSVRC2012_val_00039490.JPEG,0.17443609237670898,0.009580141864717007,0.0003274533955845982,0.009252688847482204
vit_base_patch16_224,cait_s24_224,consensus,31,ILSVRC2012_val_00039737.JPEG,0.11879697442054749,-0.0028200510423630476,0.0008332714787684381,-0.0036533225793391466
vit_base_patch16_224,cait_s24_224,shuffled_semantic,30,ILSVRC2012_val_00039490.JPEG,0.28270676732063293,0.004385619889944792,0.0003274533955845982,0.004058166407048702
vit_base_patch16_224,cait_s24_224,shuffled_semantic,31,ILSVRC2012_val_00039737.JPEG,0.021052628755569458,-0.0019295323872938752,0.0008332714787684381,-0.0027628038078546524
vit_base_patch16_224,cait_s24_224,phase,32,ILSVRC2012_val_00039746.JPEG,0.46315792202949524,0.009915544651448727,0.0013863251078873873,0.008529219776391983
vit_base_patch16_224,cait_s24_224,phase,33,ILSVRC2012_val_00039748.JPEG,0.24360905587673187,-0.005157319363206625,-0.008497202768921852,0.003339883405715227
vit_base_patch16_224,cait_s24_224,flip,32,ILSVRC2012_val_00039746.JPEG,0.6135338544845581,0.012877114117145538,0.0013863251078873873,0.011490789242088795
vit_base_patch16_224,cait_s24_224,flip,33,ILSVRC2012_val_00039748.JPEG,0.016541361808776855,-0.009464149363338947,-0.008497202768921852,-0.0009669465944170952
vit_base_patch16_224,cait_s24_224,consensus,32,ILSVRC2012_val_00039746.JPEG,0.5894737243652344,0.009778926149010658,0.0013863251078873873,0.008392601273953915
vit_base_patch16_224,cait_s24_224,consensus,33,ILSVRC2012_val_00039748.JPEG,0.09774437546730042,-0.008543066680431366,-0.008497202768921852,-4.5863911509513855e-05
vit_base_patch16_224,cait_s24_224,shuffled_semantic,32,ILSVRC2012_val_00039746.JPEG,0.2721804678440094,0.006857955362647772,0.0013863251078873873,0.005471630021929741
vit_base_patch16_224,cait_s24_224,shuffled_semantic,33,ILSVRC2012_val_00039748.JPEG,-0.20451128482818604,-0.013012520037591457,-0.008497202768921852,-0.004515317268669605
vit_base_patch16_224,cait_s24_224,phase,34,ILSVRC2012_val_00039815.JPEG,0.37443608045578003,-0.0011138400295749307,-0.005922241136431694,0.004808401223272085
vit_base_patch16_224,cait_s24_224,phase,35,ILSVRC2012_val_00039842.JPEG,0.26015037298202515,0.003734057070687413,0.0012191756395623088,0.0025148815475404263
vit_base_patch16_224,cait_s24_224,flip,34,ILSVRC2012_val_00039815.JPEG,0.015037596225738525,-0.007213236298412085,-0.005922241136431694,-0.0012909951619803905
vit_base_patch16_224,cait_s24_224,flip,35,ILSVRC2012_val_00039842.JPEG,0.06165414676070213,0.003734057070687413,0.0012191756395623088,0.0025148815475404263
vit_base_patch16_224,cait_s24_224,consensus,34,ILSVRC2012_val_00039815.JPEG,0.2902255654335022,-0.002084944862872362,-0.005922241136431694,0.003837296273559332
vit_base_patch16_224,cait_s24_224,consensus,35,ILSVRC2012_val_00039842.JPEG,0.17744362354278564,0.003734057070687413,0.0012191756395623088,0.0025148815475404263
vit_base_patch16_224,cait_s24_224,shuffled_semantic,34,ILSVRC2012_val_00039815.JPEG,-0.16390976309776306,-0.010717719793319702,-0.005922241136431694,-0.004795478656888008
vit_base_patch16_224,cait_s24_224,shuffled_semantic,35,ILSVRC2012_val_00039842.JPEG,-0.09473685920238495,-0.0017076189396902919,0.0012191756395623088,-0.0029267945792526007
vit_base_patch16_224,cait_s24_224,phase,36,ILSVRC2012_val_00039892.JPEG,-0.19248118996620178,-0.0015452612424269319,-0.0005950567428953946,-0.0009502044995315373
vit_base_patch16_224,cait_s24_224,phase,37,ILSVRC2012_val_00039939.JPEG,-0.2947368323802948,-0.0045735095627605915,-0.00039984864997677505,-0.00417366111651063
vit_base_patch16_224,cait_s24_224,flip,36,ILSVRC2012_val_00039892.JPEG,0.38947367668151855,0.004037753213196993,-0.0005950567428953946,0.00463281013071537
vit_base_patch16_224,cait_s24_224,flip,37,ILSVRC2012_val_00039939.JPEG,-0.3052631616592407,-0.004255394916981459,-0.00039984864997677505,-0.003855546237900853
vit_base_patch16_224,cait_s24_224,consensus,36,ILSVRC2012_val_00039892.JPEG,0.16842105984687805,0.0038180050905793905,-0.0005950567428953946,0.004413061775267124
vit_base_patch16_224,cait_s24_224,consensus,37,ILSVRC2012_val_00039939.JPEG,-0.2255638837814331,-0.003832155605778098,-0.00039984864997677505,-0.0034323069266974926
vit_base_patch16_224,cait_s24_224,shuffled_semantic,36,ILSVRC2012_val_00039892.JPEG,-0.45413535833358765,-0.004278312902897596,-0.0005950567428953946,-0.0036832562182098627
vit_base_patch16_224,cait_s24_224,shuffled_semantic,37,ILSVRC2012_val_00039939.JPEG,0.20902255177497864,0.004299398511648178,-0.00039984864997677505,0.00469924695789814
vit_base_patch16_224,cait_s24_224,phase,38,ILSVRC2012_val_00040016.JPEG,-0.024060167372226715,0.0014733963180333376,0.00425058463588357,-0.002777188317850232
vit_base_patch16_224,cait_s24_224,phase,39,ILSVRC2012_val_00040140.JPEG,-0.24661652743816376,0.022913366556167603,0.019043713808059692,0.00386965274810791
vit_base_patch16_224,cait_s24_224,flip,38,ILSVRC2012_val_00040016.JPEG,-0.13533835113048553,0.005493185017257929,0.00425058463588357,0.0012426003813743591
vit_base_patch16_224,cait_s24_224,flip,39,ILSVRC2012_val_00040140.JPEG,0.5548871755599976,0.04172656685113907,0.019043713808059692,0.022682853043079376
vit_base_patch16_224,cait_s24_224,consensus,38,ILSVRC2012_val_00040016.JPEG,-0.16842105984687805,0.0010627860901877284,0.00425058463588357,-0.0031877984292805195
vit_base_patch16_224,cait_s24_224,consensus,39,ILSVRC2012_val_00040140.JPEG,0.18195489048957825,0.030782094225287437,0.019043713808059692,0.011738380417227745
vit_base_patch16_224,cait_s24_224,shuffled_semantic,38,ILSVRC2012_val_00040016.JPEG,-0.33383455872535706,0.0009443974122405052,0.00425058463588357,-0.0033061872236430645
vit_base_patch16_224,cait_s24_224,shuffled_semantic,39,ILSVRC2012_val_00040140.JPEG,-0.04661652445793152,0.013673707842826843,0.019043713808059692,-0.005370005965232849
vit_base_patch16_224,cait_s24_224,phase,40,ILSVRC2012_val_00040221.JPEG,-0.4180451035499573,-0.004022605717182159,0.0004943112144246697,-0.004516916815191507
vit_base_patch16_224,cait_s24_224,phase,41,ILSVRC2012_val_00040291.JPEG,-0.05413535237312317,-0.0009436823311261833,0.0024316769558936357,-0.00337535934522748
vit_base_patch16_224,cait_s24_224,flip,40,ILSVRC2012_val_00040221.JPEG,-0.12180450558662415,-0.002327535068616271,0.0004943112144246697,-0.0028218463994562626
vit_base_patch16_224,cait_s24_224,flip,41,ILSVRC2012_val_00040291.JPEG,0.24511277675628662,0.0006113078561611474,0.0024316769558936357,-0.0018203691579401493
vit_base_patch16_224,cait_s24_224,consensus,40,ILSVRC2012_val_00040221.JPEG,-0.281203031539917,-0.0018761210376396775,0.0004943112144246697,-0.0023704322520643473
vit_base_patch16_224,cait_s24_224,consensus,41,ILSVRC2012_val_00040291.JPEG,0.3563910126686096,0.0008057501399889588,0.0024316769558936357,-0.001625926815904677
vit_base_patch16_224,cait_s24_224,shuffled_semantic,40,ILSVRC2012_val_00040221.JPEG,0.4977443814277649,0.010751649737358093,0.0004943112144246697,0.010257338173687458
vit_base_patch16_224,cait_s24_224,shuffled_semantic,41,ILSVRC2012_val_00040291.JPEG,0.21804508566856384,0.013901175931096077,0.0024316769558936357,0.011469499208033085
vit_base_patch16_224,cait_s24_224,phase,42,ILSVRC2012_val_00040345.JPEG,-0.024060163646936417,-0.0036646188236773014,-0.0019710001070052385,-0.0016936187166720629
vit_base_patch16_224,cait_s24_224,phase,43,ILSVRC2012_val_00040407.JPEG,0.03759400546550751,0.0005032625049352646,0.0017582196742296219,-0.0012549571692943573
vit_base_patch16_224,cait_s24_224,flip,42,ILSVRC2012_val_00040345.JPEG,0.29774436354637146,-0.0012787841260433197,-0.0019710001070052385,0.0006922159809619188
vit_base_patch16_224,cait_s24_224,flip,43,ILSVRC2012_val_00040407.JPEG,0.5804511308670044,0.006933723576366901,0.0017582196742296219,0.0051755039021372795
vit_base_patch16_224,cait_s24_224,consensus,42,ILSVRC2012_val_00040345.JPEG,0.17744360864162445,0.00032915323390625417,-0.0019710001070052385,0.0023001532536000013
vit_base_patch16_224,cait_s24_224,consensus,43,ILSVRC2012_val_00040407.JPEG,0.2300751954317093,0.00499209389090538,0.0017582196742296219,0.0032338742166757584
vit_base_patch16_224,cait_s24_224,shuffled_semantic,42,ILSVRC2012_val_00040345.JPEG,0.14586466550827026,-0.003995455801486969,-0.0019710001070052385,-0.0020244556944817305
vit_base_patch16_224,cait_s24_224,shuffled_semantic,43,ILSVRC2012_val_00040407.JPEG,-0.08120299130678177,0.0007335591944865882,0.0017582196742296219,-0.0010246604215353727
vit_base_patch16_224,cait_s24_224,phase,44,ILSVRC2012_val_00040452.JPEG,-0.0691729187965393,0.034991540014743805,0.031209081411361694,0.0037824586033821106
vit_base_patch16_224,cait_s24_224,phase,45,ILSVRC2012_val_00040457.JPEG,0.8225563764572144,0.03056224249303341,0.019809940829873085,0.010752301663160324
vit_base_patch16_224,cait_s24_224,flip,44,ILSVRC2012_val_00040452.JPEG,-0.060150377452373505,0.04279112443327904,0.031209081411361694,0.011582043021917343
vit_base_patch16_224,cait_s24_224,flip,45,ILSVRC2012_val_00040457.JPEG,0.7218044996261597,0.029304219409823418,0.019809940829873085,0.009494278579950333
vit_base_patch16_224,cait_s24_224,consensus,44,ILSVRC2012_val_00040452.JPEG,-0.13984960317611694,0.02845410443842411,0.031209081411361694,-0.002754976972937584
vit_base_patch16_224,cait_s24_224,consensus,45,ILSVRC2012_val_00040457.JPEG,0.7984962463378906,0.03183286264538765,0.019809940829873085,0.012022921815514565
vit_base_patch16_224,cait_s24_224,shuffled_semantic,44,ILSVRC2012_val_00040452.JPEG,0.037593990564346313,0.02703440561890602,0.031209081411361694,-0.004174675792455673
vit_base_patch16_224,cait_s24_224,shuffled_semantic,45,ILSVRC2012_val_00040457.JPEG,0.23458647727966309,0.024461105465888977,0.019809940829873085,0.004651164636015892
vit_base_patch16_224,cait_s24_224,phase,46,ILSVRC2012_val_00040494.JPEG,0.3218045234680176,0.006915780249983072,0.005436241161078215,0.0014795390889048576
vit_base_patch16_224,cait_s24_224,phase,47,ILSVRC2012_val_00040541.JPEG,0.07969923317432404,0.002670384244993329,0.00106615643016994,0.001604227814823389
vit_base_patch16_224,cait_s24_224,flip,46,ILSVRC2012_val_00040494.JPEG,0.1007518470287323,0.004843113478273153,0.005436241161078215,-0.0005931276828050613
vit_base_patch16_224,cait_s24_224,flip,47,ILSVRC2012_val_00040541.JPEG,0.1293233036994934,0.00013166356075089425,0.00106615643016994,-0.0009344928548671305
vit_base_patch16_224,cait_s24_224,consensus,46,ILSVRC2012_val_00040494.JPEG,0.29323309659957886,0.008656905964016914,0.005436241161078215,0.0032206648029386997
vit_base_patch16_224,cait_s24_224,consensus,47,ILSVRC2012_val_00040541.JPEG,0.10676692426204681,0.0032935719937086105,0.00106615643016994,0.0022274155635386705
vit_base_patch16_224,cait_s24_224,shuffled_semantic,46,ILSVRC2012_val_00040494.JPEG,-0.12330827116966248,0.0014006078708916903,0.005436241161078215,-0.004035633057355881
vit_base_patch16_224,cait_s24_224,shuffled_semantic,47,ILSVRC2012_val_00040541.JPEG,-0.2210526466369629,-0.0003554818395059556,0.00106615643016994,-0.001421638298779726
vit_base_patch16_224,cait_s24_224,phase,48,ILSVRC2012_val_00040601.JPEG,-0.3503759205341339,0.0035396211314946413,0.0032543230336159468,0.00028529809787869453
vit_base_patch16_224,cait_s24_224,phase,49,ILSVRC2012_val_00040634.JPEG,0.21353384852409363,0.001233613002113998,-0.00042451854096725583,0.0016581316012889147
vit_base_patch16_224,cait_s24_224,flip,48,ILSVRC2012_val_00040601.JPEG,-0.2616541087627411,0.004911221098154783,0.0032543230336159468,0.0016568980645388365
vit_base_patch16_224,cait_s24_224,flip,49,ILSVRC2012_val_00040634.JPEG,0.24360904097557068,-0.00023178468109108508,-0.00042451854096725583,0.00019273385987617075
vit_base_patch16_224,cait_s24_224,consensus,48,ILSVRC2012_val_00040601.JPEG,-0.3142856955528259,0.0005336250178515911,0.0032543230336159468,-0.0027206980157643557
vit_base_patch16_224,cait_s24_224,consensus,49,ILSVRC2012_val_00040634.JPEG,0.31127816438674927,0.0044747572392225266,-0.00042451854096725583,0.004899275954812765
vit_base_patch16_224,cait_s24_224,shuffled_semantic,48,ILSVRC2012_val_00040601.JPEG,0.040601491928100586,0.0038342648185789585,0.0032543230336159468,0.0005799417849630117
vit_base_patch16_224,cait_s24_224,shuffled_semantic,49,ILSVRC2012_val_00040634.JPEG,-0.21503761410713196,-0.0034963812213391066,-0.00042451854096725583,-0.0030718627385795116
vit_base_patch16_224,cait_s24_224,phase,50,ILSVRC2012_val_00040798.JPEG,0.44511279463768005,0.0046359943225979805,-0.00019614119082689285,0.004832135513424873
vit_base_patch16_224,cait_s24_224,phase,51,ILSVRC2012_val_00040930.JPEG,-0.29774436354637146,0.04323846474289894,0.042354658246040344,0.0008838064968585968
vit_base_patch16_224,cait_s24_224,flip,50,ILSVRC2012_val_00040798.JPEG,0.27518796920776367,-4.257178079569712e-05,-0.00019614119082689285,0.00015356941730715334
vit_base_patch16_224,cait_s24_224,flip,51,ILSVRC2012_val_00040930.JPEG,-0.1293233036994934,0.050034936517477036,0.042354658246040344,0.007680278271436691
vit_base_patch16_224,cait_s24_224,consensus,50,ILSVRC2012_val_00040798.JPEG,0.548872172832489,0.002691143425181508,-0.00019614119082689285,0.002887284616008401
vit_base_patch16_224,cait_s24_224,consensus,51,ILSVRC2012_val_00040930.JPEG,-0.18045112490653992,0.04368804395198822,0.042354658246040344,0.001333385705947876
vit_base_patch16_224,cait_s24_224,shuffled_semantic,50,ILSVRC2012_val_00040798.JPEG,-0.06616539508104324,-0.0018343040719628334,-0.00019614119082689285,-0.0016381628811359406
vit_base_patch16_224,cait_s24_224,shuffled_semantic,51,ILSVRC2012_val_00040930.JPEG,0.14586468040943146,0.05408081039786339,0.042354658246040344,0.011726152151823044
vit_base_patch16_224,cait_s24_224,phase,52,ILSVRC2012_val_00040952.JPEG,0.0030075274407863617,0.06032751873135567,0.05536143109202385,0.004966087639331818
vit_base_patch16_224,cait_s24_224,phase,53,ILSVRC2012_val_00040966.JPEG,-0.18195489048957825,0.0015453065279871225,0.0016622598050162196,-0.00011695327702909708
vit_base_patch16_224,cait_s24_224,flip,52,ILSVRC2012_val_00040952.JPEG,0.17443609237670898,0.06819365173578262,0.05536143109202385,0.012832220643758774
vit_base_patch16_224,cait_s24_224,flip,53,ILSVRC2012_val_00040966.JPEG,0.455639123916626,0.010713760741055012,0.0016622598050162196,0.00905150081962347
vit_base_patch16_224,cait_s24_224,consensus,52,ILSVRC2012_val_00040952.JPEG,0.05714286118745804,0.07061465829610825,0.05536143109202385,0.015253227204084396
vit_base_patch16_224,cait_s24_224,consensus,53,ILSVRC2012_val_00040966.JPEG,0.31278195977211,0.0034725330770015717,0.0016622598050162196,0.001810273271985352
vit_base_patch16_224,cait_s24_224,shuffled_semantic,52,ILSVRC2012_val_00040952.JPEG,0.045112788677215576,0.06795656681060791,0.05536143109202385,0.01259513571858406
vit_base_patch16_224,cait_s24_224,shuffled_semantic,53,ILSVRC2012_val_00040966.JPEG,-0.22406016290187836,-0.0015840930864214897,0.0016622598050162196,-0.003246353007853031
vit_base_patch16_224,cait_s24_224,phase,54,ILSVRC2012_val_00041010.JPEG,0.0,0.02370736375451088,0.007037839386612177,0.01666952483355999
vit_base_patch16_224,cait_s24_224,phase,55,ILSVRC2012_val_00041063.JPEG,0.5398496389389038,0.011651662178337574,0.005067412741482258,0.006584249436855316
vit_base_patch16_224,cait_s24_224,flip,54,ILSVRC2012_val_00041010.JPEG,0.08421054482460022,0.023125994950532913,0.007037839386612177,0.016088156029582024
vit_base_patch16_224,cait_s24_224,flip,55,ILSVRC2012_val_00041063.JPEG,0.245112806558609,0.006719318218529224,0.005067412741482258,0.0016519054770469666
vit_base_patch16_224,cait_s24_224,consensus,54,ILSVRC2012_val_00041010.JPEG,0.04812032729387283,0.022691769525408745,0.007037839386612177,0.015653930604457855
vit_base_patch16_224,cait_s24_224,consensus,55,ILSVRC2012_val_00041063.JPEG,0.523308277130127,0.009660645388066769,0.005067412741482258,0.004593232646584511
vit_base_patch16_224,cait_s24_224,shuffled_semantic,54,ILSVRC2012_val_00041010.JPEG,0.10676690191030502,0.02278696373105049,0.007037839386612177,0.015749124810099602
vit_base_patch16_224,cait_s24_224,shuffled_semantic,55,ILSVRC2012_val_00041063.JPEG,-0.27368420362472534,0.003524158615618944,0.005067412741482258,-0.0015432541258633137
vit_base_patch16_224,cait_s24_224,phase,56,ILSVRC2012_val_00041080.JPEG,-0.23609021306037903,0.0026852681767195463,0.006816635373979807,-0.004131367430090904
vit_base_patch16_224,cait_s24_224,phase,57,ILSVRC2012_val_00041241.JPEG,-0.09172932803630829,0.0023135903757065535,0.003197359386831522,-0.0008837690111249685
vit_base_patch16_224,cait_s24_224,flip,56,ILSVRC2012_val_00041080.JPEG,-0.061654143035411835,0.005204259417951107,0.006816635373979807,-0.0016123759560286999
vit_base_patch16_224,cait_s24_224,flip,57,ILSVRC2012_val_00041241.JPEG,0.10075187683105469,0.001799910911358893,0.003197359386831522,-0.001397448475472629
vit_base_patch16_224,cait_s24_224,consensus,56,ILSVRC2012_val_00041080.JPEG,-0.20451126992702484,0.008950772695243359,0.006816635373979807,0.0021341373212635517
vit_base_patch16_224,cait_s24_224,consensus,57,ILSVRC2012_val_00041241.JPEG,0.09022557735443115,0.0026634209789335728,0.003197359386831522,-0.0005339384078979492
vit_base_patch16_224,cait_s24_224,shuffled_semantic,56,ILSVRC2012_val_00041080.JPEG,-0.1744360774755478,0.0036363948602229357,0.006816635373979807,-0.0031802405137568712
vit_base_patch16_224,cait_s24_224,shuffled_semantic,57,ILSVRC2012_val_00041241.JPEG,0.1518797129392624,0.003959301859140396,0.003197359386831522,0.0007619424723088741
vit_base_patch16_224,cait_s24_224,phase,58,ILSVRC2012_val_00041354.JPEG,0.4481203258037567,0.0287755336612463,0.021077075973153114,0.007698457688093185
vit_base_patch16_224,cait_s24_224,phase,59,ILSVRC2012_val_00041406.JPEG,-0.3218045234680176,-0.015574260614812374,-0.003739580512046814,-0.01183468010276556
vit_base_patch16_224,cait_s24_224,flip,58,ILSVRC2012_val_00041354.JPEG,0.09323307126760483,0.029192740097641945,0.021077075973153114,0.00811566412448883
vit_base_patch16_224,cait_s24_224,flip,59,ILSVRC2012_val_00041406.JPEG,-0.20601506531238556,-0.015505391173064709,-0.003739580512046814,-0.011765810661017895
vit_base_patch16_224,cait_s24_224,consensus,58,ILSVRC2012_val_00041354.JPEG,0.5293233394622803,0.03076690435409546,0.021077075973153114,0.009689828380942345
vit_base_patch16_224,cait_s24_224,consensus,59,ILSVRC2012_val_00041406.JPEG,-0.29774436354637146,-0.015574260614812374,-0.003739580512046814,-0.01183468010276556
vit_base_patch16_224,cait_s24_224,shuffled_semantic,58,ILSVRC2012_val_00041354.JPEG,0.11879698187112808,0.02136087790131569,0.021077075973153114,0.00028380192816257477
vit_base_patch16_224,cait_s24_224,shuffled_semantic,59,ILSVRC2012_val_00041406.JPEG,-0.3142856955528259,-0.01392961572855711,-0.003739580512046814,-0.010190035216510296
vit_base_patch16_224,cait_s24_224,phase,60,ILSVRC2012_val_00041468.JPEG,0.2030075192451477,0.010680868290364742,0.00740843266248703,0.0032724356278777122
vit_base_patch16_224,cait_s24_224,phase,61,ILSVRC2012_val_00041474.JPEG,-0.20601502060890198,-0.0074711269699037075,-0.003353313310071826,-0.004117813892662525
vit_base_patch16_224,cait_s24_224,flip,60,ILSVRC2012_val_00041468.JPEG,0.0646616667509079,0.009646480903029442,0.00740843266248703,0.002238048240542412
vit_base_patch16_224,cait_s24_224,flip,61,ILSVRC2012_val_00041474.JPEG,0.36090224981307983,-0.00046757792006246746,-0.003353313310071826,0.002885735360905528
vit_base_patch16_224,cait_s24_224,consensus,60,ILSVRC2012_val_00041468.JPEG,0.23909777402877808,0.007788974326103926,0.00740843266248703,0.0003805416636168957
vit_base_patch16_224,cait_s24_224,consensus,61,ILSVRC2012_val_00041474.JPEG,0.02105262130498886,-0.007679981179535389,-0.003353313310071826,-0.004326667636632919
vit_base_patch16_224,cait_s24_224,shuffled_semantic,60,ILSVRC2012_val_00041468.JPEG,-0.3684210777282715,0.005180309526622295,0.00740843266248703,-0.0022281231358647346
vit_base_patch16_224,cait_s24_224,shuffled_semantic,61,ILSVRC2012_val_00041474.JPEG,0.018045082688331604,-0.0006967760855332017,-0.003353313310071826,0.0026565371081233025
vit_base_patch16_224,cait_s24_224,phase,62,ILSVRC2012_val_00041483.JPEG,-0.16691727936267853,-0.0016928687691688538,0.0004664042207878083,-0.0021592730190604925
vit_base_patch16_224,cait_s24_224,phase,63,ILSVRC2012_val_00041486.JPEG,-0.03157895803451538,0.003882763208821416,0.006784381810575724,-0.0029016186017543077
vit_base_patch16_224,cait_s24_224,flip,62,ILSVRC2012_val_00041483.JPEG,0.0646616667509079,0.0016444558277726173,0.0004664042207878083,0.0011780515778809786
vit_base_patch16_224,cait_s24_224,flip,63,ILSVRC2012_val_00041486.JPEG,0.20601502060890198,0.015006735920906067,0.006784381810575724,0.00822235457599163
vit_base_patch16_224,cait_s24_224,consensus,62,ILSVRC2012_val_00041483.JPEG,-0.1473684012889862,0.00014144182205200195,0.0004664042207878083,-0.00032496239873580635
vit_base_patch16_224,cait_s24_224,consensus,63,ILSVRC2012_val_00041486.JPEG,0.07669170945882797,0.014115981757640839,0.006784381810575724,0.007331599947065115
vit_base_patch16_224,cait_s24_224,shuffled_semantic,62,ILSVRC2012_val_00041483.JPEG,-0.14436089992523193,0.002322087762877345,0.0004664042207878083,0.0018556835129857063
vit_base_patch16_224,cait_s24_224,shuffled_semantic,63,ILSVRC2012_val_00041486.JPEG,-0.12180452048778534,0.0033965546172112226,0.006784381810575724,-0.003387827193364501
vit_base_patch16_224,pit_b_224,phase,0,ILSVRC2012_val_00037758.JPEG,-0.4887218177318573,-0.0023718716111034155,0.0009766069706529379,-0.0033484785817563534
vit_base_patch16_224,pit_b_224,phase,1,ILSVRC2012_val_00037916.JPEG,-0.5172932147979736,-0.00358377443626523,0.0006226996192708611,-0.0042064739391207695
vit_base_patch16_224,pit_b_224,flip,0,ILSVRC2012_val_00037758.JPEG,-0.42105263471603394,-0.0011871714377775788,0.0009766069706529379,-0.0021637785248458385
vit_base_patch16_224,pit_b_224,flip,1,ILSVRC2012_val_00037916.JPEG,0.14887218177318573,0.0033764250110834837,0.0006226996192708611,0.0027537252753973007
vit_base_patch16_224,pit_b_224,consensus,0,ILSVRC2012_val_00037758.JPEG,-0.45263153314590454,-0.000785325188189745,0.0009766069706529379,-0.0017619321588426828
vit_base_patch16_224,pit_b_224,consensus,1,ILSVRC2012_val_00037916.JPEG,-0.13684208691120148,-0.0019760418217629194,0.0006226996192708611,-0.0025987415574491024
vit_base_patch16_224,pit_b_224,shuffled_semantic,0,ILSVRC2012_val_00037758.JPEG,0.11127821356058121,0.0011056927032768726,0.0009766069706529379,0.00012908573262393475
vit_base_patch16_224,pit_b_224,shuffled_semantic,1,ILSVRC2012_val_00037916.JPEG,0.04661654308438301,-0.0019634512718766928,0.0006226996192708611,-0.0025861510075628757
vit_base_patch16_224,pit_b_224,phase,2,ILSVRC2012_val_00037926.JPEG,0.04060150682926178,-0.0018852901412174106,0.000289408111711964,-0.002174698282033205
vit_base_patch16_224,pit_b_224,phase,3,ILSVRC2012_val_00037929.JPEG,-0.3097744584083557,-0.002991238608956337,-0.00038457915070466697,-0.0026066594291478395
vit_base_patch16_224,pit_b_224,flip,2,ILSVRC2012_val_00037926.JPEG,-0.20601505041122437,-0.0044982158578932285,0.000289408111711964,-0.004787623882293701
vit_base_patch16_224,pit_b_224,flip,3,ILSVRC2012_val_00037929.JPEG,0.0781954899430275,-0.001631851540878415,-0.00038457915070466697,-0.0012472723610699177
vit_base_patch16_224,pit_b_224,consensus,2,ILSVRC2012_val_00037926.JPEG,-0.06616541743278503,-0.0018852901412174106,0.000289408111711964,-0.002174698282033205
vit_base_patch16_224,pit_b_224,consensus,3,ILSVRC2012_val_00037929.JPEG,-0.2676691710948944,-0.0027668182738125324,-0.00038457915070466697,-0.002382239094004035
vit_base_patch16_224,pit_b_224,shuffled_semantic,2,ILSVRC2012_val_00037926.JPEG,-0.01654135435819626,0.000693253823556006,0.000289408111711964,0.00040384571184404194
vit_base_patch16_224,pit_b_224,shuffled_semantic,3,ILSVRC2012_val_00037929.JPEG,0.022556398063898087,0.0007106224074959755,-0.00038457915070466697,0.001095201587304473
vit_base_patch16_224,pit_b_224,phase,4,ILSVRC2012_val_00038033.JPEG,0.14887216687202454,0.0004790872917510569,0.0004310774675104767,4.80098242405802e-05
vit_base_patch16_224,pit_b_224,phase,5,ILSVRC2012_val_00038096.JPEG,0.3233082592487335,0.004472787957638502,0.0026894144248217344,0.0017833735328167677
vit_base_patch16_224,pit_b_224,flip,4,ILSVRC2012_val_00038033.JPEG,0.15488719940185547,0.0015455709071829915,0.0004310774675104767,0.0011144934687763453
vit_base_patch16_224,pit_b_224,flip,5,ILSVRC2012_val_00038096.JPEG,0.4466165602207184,0.006664980202913284,0.0026894144248217344,0.003975565545260906
vit_base_patch16_224,pit_b_224,consensus,4,ILSVRC2012_val_00038033.JPEG,0.2030075192451477,0.003108162432909012,0.0004310774675104767,0.0026770848780870438
vit_base_patch16_224,pit_b_224,consensus,5,ILSVRC2012_val_00038096.JPEG,0.43157899379730225,0.00579719478264451,0.0026894144248217344,0.003107780357822776
vit_base_patch16_224,pit_b_224,shuffled_semantic,4,ILSVRC2012_val_00038033.JPEG,0.09774435311555862,-0.0013533687451854348,0.0004310774675104767,-0.001784446183592081
vit_base_patch16_224,pit_b_224,shuffled_semantic,5,ILSVRC2012_val_00038096.JPEG,0.21052631735801697,0.004634159151464701,0.0026894144248217344,0.0019447447266429663
vit_base_patch16_224,pit_b_224,phase,6,ILSVRC2012_val_00038110.JPEG,0.19999998807907104,0.0022428135853260756,-0.00016697826504241675,0.0024097918067127466
vit_base_patch16_224,pit_b_224,phase,7,ILSVRC2012_val_00038142.JPEG,-0.4360902011394501,-0.001400477602146566,0.0015721049858257174,-0.0029725825879722834
vit_base_patch16_224,pit_b_224,flip,6,ILSVRC2012_val_00038110.JPEG,0.4887217879295349,0.0016488730907440186,-0.00016697826504241675,0.0018158513121306896
vit_base_patch16_224,pit_b_224,flip,7,ILSVRC2012_val_00038142.JPEG,0.0646616593003273,0.001859571086242795,0.0015721049858257174,0.00028746610041707754
vit_base_patch16_224,pit_b_224,consensus,6,ILSVRC2012_val_00038110.JPEG,0.4496240019798279,0.0016488730907440186,-0.00016697826504241675,0.0018158513121306896
vit_base_patch16_224,pit_b_224,consensus,7,ILSVRC2012_val_00038142.JPEG,-0.16240602731704712,0.003634339664131403,0.0015721049858257174,0.0020622345618903637
vit_base_patch16_224,pit_b_224,shuffled_semantic,6,ILSVRC2012_val_00038110.JPEG,-0.048120297491550446,0.0009605623199604452,-0.00016697826504241675,0.0011275405995547771
vit_base_patch16_224,pit_b_224,shuffled_semantic,7,ILSVRC2012_val_00038142.JPEG,0.5097744464874268,0.005018867086619139,0.0015721049858257174,0.0034467619843780994
vit_base_patch16_224,pit_b_224,phase,8,ILSVRC2012_val_00038157.JPEG,-0.07969924807548523,-0.0020295558497309685,0.001263250014744699,-0.0032928059808909893
vit_base_patch16_224,pit_b_224,phase,9,ILSVRC2012_val_00038221.JPEG,0.07218044996261597,-0.0009956788271665573,0.00020487458095885813,-0.001200553379021585
vit_base_patch16_224,pit_b_224,flip,8,ILSVRC2012_val_00038157.JPEG,-0.2977443337440491,-0.0022589087020605803,0.001263250014744699,-0.0035221586003899574
vit_base_patch16_224,pit_b_224,flip,9,ILSVRC2012_val_00038221.JPEG,0.03909777104854584,-0.0007288274937309325,0.00020487458095885813,-0.0009337021037936211
vit_base_patch16_224,pit_b_224,consensus,8,ILSVRC2012_val_00038157.JPEG,-0.18947367370128632,-0.0017516001826152205,0.001263250014744699,-0.0030148501973599195
vit_base_patch16_224,pit_b_224,consensus,9,ILSVRC2012_val_00038221.JPEG,0.18345865607261658,-0.0006815416854806244,0.00020487458095885813,-0.000886416295543313
vit_base_patch16_224,pit_b_224,shuffled_semantic,8,ILSVRC2012_val_00038157.JPEG,-0.24812030792236328,-0.0016536236507818103,0.001263250014744699,-0.0029168736655265093
vit_base_patch16_224,pit_b_224,shuffled_semantic,9,ILSVRC2012_val_00038221.JPEG,0.15939851105213165,0.0012652137083932757,0.00020487458095885813,0.001060339156538248
vit_base_patch16_224,pit_b_224,phase,10,ILSVRC2012_val_00038236.JPEG,-0.019548878073692322,0.00035302116884849966,-2.3397709810524248e-05,0.0003764188732020557
vit_base_patch16_224,pit_b_224,phase,11,ILSVRC2012_val_00038251.JPEG,0.0466165617108345,0.0009514713892713189,0.0007303513120859861,0.00022112007718533278
vit_base_patch16_224,pit_b_224,flip,10,ILSVRC2012_val_00038236.JPEG,-0.4375939965248108,-0.004105828702449799,-2.3397709810524248e-05,-0.004082431085407734
vit_base_patch16_224,pit_b_224,flip,11,ILSVRC2012_val_00038251.JPEG,-0.3278195858001709,-0.00046568011748604476,0.0007303513120859861,-0.0011960314586758614
vit_base_patch16_224,pit_b_224,consensus,10,ILSVRC2012_val_00038236.JPEG,-0.25112780928611755,-0.0028254238422960043,-2.3397709810524248e-05,-0.0028020262252539396
vit_base_patch16_224,pit_b_224,consensus,11,ILSVRC2012_val_00038251.JPEG,-0.34736841917037964,0.0018474840326234698,0.0007303513120859861,0.0011171327205374837
vit_base_patch16_224,pit_b_224,shuffled_semantic,10,ILSVRC2012_val_00038236.JPEG,-0.04210526496171951,-0.0019676275551319122,-2.3397709810524248e-05,-0.0019442298216745257
vit_base_patch16_224,pit_b_224,shuffled_semantic,11,ILSVRC2012_val_00038251.JPEG,-0.10375939309597015,-0.002739750547334552,0.0007303513120859861,-0.003470101859420538
vit_base_patch16_224,pit_b_224,phase,12,ILSVRC2012_val_00038413.JPEG,-0.23157894611358643,-0.0056056068278849125,-0.0022888758685439825,-0.00331673095934093
vit_base_patch16_224,pit_b_224,phase,13,ILSVRC2012_val_00038427.JPEG,0.4105263352394104,0.005029640626162291,0.003728669136762619,0.0013009714893996716
vit_base_patch16_224,pit_b_224,flip,12,ILSVRC2012_val_00038413.JPEG,0.11879698932170868,-0.0008871540776453912,-0.0022888758685439825,0.0014017217326909304
vit_base_patch16_224,pit_b_224,flip,13,ILSVRC2012_val_00038427.JPEG,0.20000003278255463,0.0031214773189276457,0.003728669136762619,-0.0006071918178349733
vit_base_patch16_224,pit_b_224,consensus,12,ILSVRC2012_val_00038413.JPEG,-0.16842105984687805,-0.0015069758519530296,-0.0022888758685439825,0.0007819000165909529
vit_base_patch16_224,pit_b_224,consensus,13,ILSVRC2012_val_00038427.JPEG,0.2962406277656555,0.0055293068289756775,0.003728669136762619,0.0018006376922130585
vit_base_patch16_224,pit_b_224,shuffled_semantic,12,ILSVRC2012_val_00038413.JPEG,0.6360902190208435,0.0021702467929571867,-0.0022888758685439825,0.004459122661501169
vit_base_patch16_224,pit_b_224,shuffled_semantic,13,ILSVRC2012_val_00038427.JPEG,0.15037593245506287,0.004590311553329229,0.003728669136762619,0.0008616424165666103
vit_base_patch16_224,pit_b_224,phase,14,ILSVRC2012_val_00038546.JPEG,0.10225563496351242,0.004956655204296112,0.0011206291383132339,0.0038360259495675564
vit_base_patch16_224,pit_b_224,phase,15,ILSVRC2012_val_00038597.JPEG,-0.006015032529830933,-0.001978772459551692,-0.001401332439854741,-0.0005774400196969509
vit_base_patch16_224,pit_b_224,flip,14,ILSVRC2012_val_00038546.JPEG,0.410526305437088,0.004273839760571718,0.0011206291383132339,0.0031532105058431625
vit_base_patch16_224,pit_b_224,flip,15,ILSVRC2012_val_00038597.JPEG,-0.31127819418907166,-0.0030356196220964193,-0.001401332439854741,-0.0016342871822416782
vit_base_patch16_224,pit_b_224,consensus,14,ILSVRC2012_val_00038546.JPEG,0.36240601539611816,0.004399547819048166,0.0011206291383132339,0.0032789185643196106
vit_base_patch16_224,pit_b_224,consensus,15,ILSVRC2012_val_00038597.JPEG,-0.21954888105392456,-0.0030356196220964193,-0.001401332439854741,-0.0016342871822416782
vit_base_patch16_224,pit_b_224,shuffled_semantic,14,ILSVRC2012_val_00038546.JPEG,0.3082706928253174,0.0019620356615632772,0.0011206291383132339,0.0008414065232500434
vit_base_patch16_224,pit_b_224,shuffled_semantic,15,ILSVRC2012_val_00038597.JPEG,0.08571427315473557,-0.0012761069228872657,-0.001401332439854741,0.00012522551696747541
vit_base_patch16_224,pit_b_224,phase,16,ILSVRC2012_val_00038607.JPEG,0.2571428418159485,0.002898207865655422,0.0002054728101938963,0.002692735055461526
vit_base_patch16_224,pit_b_224,phase,17,ILSVRC2012_val_00038678.JPEG,-0.04962405934929848,0.005793096963316202,0.005486227106302977,0.00030686985701322556
vit_base_patch16_224,pit_b_224,flip,16,ILSVRC2012_val_00038607.JPEG,0.25563907623291016,0.002779189730063081,0.0002054728101938963,0.0025737169198691845
vit_base_patch16_224,pit_b_224,flip,17,ILSVRC2012_val_00038678.JPEG,-0.19097742438316345,0.005270465277135372,0.005486227106302977,-0.00021576182916760445
vit_base_patch16_224,pit_b_224,consensus,16,ILSVRC2012_val_00038607.JPEG,0.4390977621078491,0.0026668913196772337,0.0002054728101938963,0.0024614185094833374
vit_base_patch16_224,pit_b_224,consensus,17,ILSVRC2012_val_00038678.JPEG,-0.11879696696996689,0.006753379013389349,0.005486227106302977,0.0012671519070863724
vit_base_patch16_224,pit_b_224,shuffled_semantic,16,ILSVRC2012_val_00038607.JPEG,-0.0045112669467926025,0.001690236502327025,0.0002054728101938963,0.0014847636921331286
vit_base_patch16_224,pit_b_224,shuffled_semantic,17,ILSVRC2012_val_00038678.JPEG,-0.31127822399139404,0.0025704149156808853,0.005486227106302977,-0.0029158121906220913
vit_base_patch16_224,pit_b_224,phase,18,ILSVRC2012_val_00038705.JPEG,0.16390977799892426,-0.00883362628519535,-0.01009947806596756,0.0012658517807722092
vit_base_patch16_224,pit_b_224,phase,19,ILSVRC2012_val_00038708.JPEG,-0.019548848271369934,0.007590325083583593,0.008100970648229122,-0.0005106455646455288
vit_base_patch16_224,pit_b_224,flip,18,ILSVRC2012_val_00038705.JPEG,-0.2165413498878479,-0.014196956530213356,-0.01009947806596756,-0.004097478464245796
vit_base_patch16_224,pit_b_224,flip,19,ILSVRC2012_val_00038708.JPEG,-0.1834586262702942,0.0029800923075526953,0.008100970648229122,-0.005120878107845783
vit_base_patch16_224,pit_b_224,consensus,18,ILSVRC2012_val_00038705.JPEG,0.03308270126581192,-0.01218829583376646,-0.01009947806596756,-0.0020888177677989006
vit_base_patch16_224,pit_b_224,consensus,19,ILSVRC2012_val_00038708.JPEG,-0.12481202185153961,0.00879252701997757,0.008100970648229122,0.0006915563717484474
vit_base_patch16_224,pit_b_224,shuffled_semantic,18,ILSVRC2012_val_00038705.JPEG,0.11428572237491608,-0.0096364701166749,-0.01009947806596756,0.00046300794929265976
vit_base_patch16_224,pit_b_224,shuffled_semantic,19,ILSVRC2012_val_00038708.JPEG,-0.26917293667793274,0.008101343177258968,0.008100970648229122,3.725290298461914e-07
vit_base_patch16_224,pit_b_224,phase,20,ILSVRC2012_val_00038743.JPEG,0.3218044936656952,0.006600400898605585,0.004856108222156763,0.001744292676448822
vit_base_patch16_224,pit_b_224,phase,21,ILSVRC2012_val_00038986.JPEG,0.09473683685064316,-0.0007201082771643996,-0.001980511238798499,0.0012604029616340995
vit_base_patch16_224,pit_b_224,flip,20,ILSVRC2012_val_00038743.JPEG,-0.23308268189430237,0.003315423848107457,0.004856108222156763,-0.001540684374049306
vit_base_patch16_224,pit_b_224,flip,21,ILSVRC2012_val_00038986.JPEG,0.3654135465621948,-0.003411240177229047,-0.001980511238798499,-0.0014307289384305477
vit_base_patch16_224,pit_b_224,consensus,20,ILSVRC2012_val_00038743.JPEG,0.060150355100631714,0.0064444453455507755,0.004856108222156763,0.0015883371233940125
vit_base_patch16_224,pit_b_224,consensus,21,ILSVRC2012_val_00038986.JPEG,0.3233082890510559,0.00027415293152444065,-0.001980511238798499,0.00225466419942677
vit_base_patch16_224,pit_b_224,shuffled_semantic,20,ILSVRC2012_val_00038743.JPEG,-0.12481202185153961,0.004491859581321478,0.004856108222156763,-0.0003642486408352852
vit_base_patch16_224,pit_b_224,shuffled_semantic,21,ILSVRC2012_val_00038986.JPEG,0.2902255654335022,0.00021848702454008162,-0.001980511238798499,0.002198998350650072
vit_base_patch16_224,pit_b_224,phase,22,ILSVRC2012_val_00039085.JPEG,-0.10676691681146622,0.023567987605929375,0.02314022183418274,0.00042776577174663544
vit_base_patch16_224,pit_b_224,phase,23,ILSVRC2012_val_00039106.JPEG,0.1007518619298935,0.0022018947638571262,0.0015356990043073893,0.000666195759549737
vit_base_patch16_224,pit_b_224,flip,22,ILSVRC2012_val_00039085.JPEG,0.3142857253551483,0.026549745351076126,0.02314022183418274,0.003409523516893387
vit_base_patch16_224,pit_b_224,flip,23,ILSVRC2012_val_00039106.JPEG,-0.16842105984687805,0.0001284186728298664,0.0015356990043073893,-0.0014072803314775229
vit_base_patch16_224,pit_b_224,consensus,22,ILSVRC2012_val_00039085.JPEG,0.2631579041481018,0.021254466846585274,0.02314022183418274,-0.0018857549875974655
vit_base_patch16_224,pit_b_224,consensus,23,ILSVRC2012_val_00039106.JPEG,-0.015037603676319122,0.0025949820410460234,0.0015356990043073893,0.0010592830367386341
vit_base_patch16_224,pit_b_224,shuffled_semantic,22,ILSVRC2012_val_00039085.JPEG,-0.3413533568382263,0.016591226682066917,0.02314022183418274,-0.006548995152115822
vit_base_patch16_224,pit_b_224,shuffled_semantic,23,ILSVRC2012_val_00039106.JPEG,-0.27518796920776367,-0.0032100086100399494,0.0015356990043073893,-0.004745707847177982
vit_base_patch16_224,pit_b_224,phase,24,ILSVRC2012_val_00039130.JPEG,-0.43458646535873413,0.0006926666828803718,0.0012809878680855036,-0.0005883211852051318
vit_base_patch16_224,pit_b_224,phase,25,ILSVRC2012_val_00039253.JPEG,-0.10225564241409302,0.008361105807125568,0.006914384197443724,0.0014467216096818447
vit_base_patch16_224,pit_b_224,flip,24,ILSVRC2012_val_00039130.JPEG,-0.1428571343421936,0.0013855196302756667,0.0012809878680855036,0.00010453176219016314
vit_base_patch16_224,pit_b_224,flip,25,ILSVRC2012_val_00039253.JPEG,0.00601506233215332,0.005930736195296049,0.006914384197443724,-0.0009836480021476746
vit_base_patch16_224,pit_b_224,consensus,24,ILSVRC2012_val_00039130.JPEG,-0.4872180223464966,-0.0008754314039833844,0.0012809878680855036,-0.002156419213861227
vit_base_patch16_224,pit_b_224,consensus,25,ILSVRC2012_val_00039253.JPEG,-0.013533838093280792,0.005930736195296049,0.006914384197443724,-0.0009836480021476746
vit_base_patch16_224,pit_b_224,shuffled_semantic,24,ILSVRC2012_val_00039130.JPEG,0.27368420362472534,0.0035203967709094286,0.0012809878680855036,0.002239408902823925
vit_base_patch16_224,pit_b_224,shuffled_semantic,25,ILSVRC2012_val_00039253.JPEG,0.27368420362472534,0.006918853614479303,0.006914384197443724,4.469417035579681e-06
vit_base_patch16_224,pit_b_224,phase,26,ILSVRC2012_val_00039290.JPEG,0.24661654233932495,0.0018650137353688478,0.001174320699647069,0.0006906930357217789
vit_base_patch16_224,pit_b_224,phase,27,ILSVRC2012_val_00039421.JPEG,-0.3353383541107178,0.0006568956305272877,0.006013025995343924,-0.005356130190193653
vit_base_patch16_224,pit_b_224,flip,26,ILSVRC2012_val_00039290.JPEG,0.006015032529830933,0.0038345162756741047,0.001174320699647069,0.0026601955760270357
vit_base_patch16_224,pit_b_224,flip,27,ILSVRC2012_val_00039421.JPEG,-0.04060151055455208,0.005131094250828028,0.006013025995343924,-0.0008819317445158958
vit_base_patch16_224,pit_b_224,consensus,26,ILSVRC2012_val_00039290.JPEG,0.22857144474983215,0.0038345162756741047,0.001174320699647069,0.0026601955760270357
vit_base_patch16_224,pit_b_224,consensus,27,ILSVRC2012_val_00039421.JPEG,-0.028571397066116333,0.004932771902531385,0.006013025995343924,-0.0010802540928125381
vit_base_patch16_224,pit_b_224,shuffled_semantic,26,ILSVRC2012_val_00039290.JPEG,-0.2857142686843872,0.0021309726871550083,0.001174320699647069,0.0009566519875079393
vit_base_patch16_224,pit_b_224,shuffled_semantic,27,ILSVRC2012_val_00039421.JPEG,-0.015037596225738525,0.00810204166918993,0.006013025995343924,0.0020890156738460064
vit_base_patch16_224,pit_b_224,phase,28,ILSVRC2012_val_00039426.JPEG,0.23759400844573975,0.0018266810802742839,-0.0002516750246286392,0.002078356221318245
vit_base_patch16_224,pit_b_224,phase,29,ILSVRC2012_val_00039464.JPEG,-0.18045109510421753,0.0004178074304945767,0.0028737958054989576,-0.002455988433212042
vit_base_patch16_224,pit_b_224,flip,28,ILSVRC2012_val_00039426.JPEG,0.10827067494392395,0.0017591974465176463,-0.0002516750246286392,0.0020108725875616074
vit_base_patch16_224,pit_b_224,flip,29,ILSVRC2012_val_00039464.JPEG,-0.05864661931991577,0.004017179366201162,0.0028737958054989576,0.0011433835607022047
vit_base_patch16_224,pit_b_224,consensus,28,ILSVRC2012_val_00039426.JPEG,0.2120300829410553,0.0018266810802742839,-0.0002516750246286392,0.002078356221318245
vit_base_patch16_224,pit_b_224,consensus,29,ILSVRC2012_val_00039464.JPEG,-0.17142856121063232,0.001843675971031189,0.0028737958054989576,-0.0010301198344677687
vit_base_patch16_224,pit_b_224,shuffled_semantic,28,ILSVRC2012_val_00039426.JPEG,0.44962406158447266,0.0028047969099134207,-0.0002516750246286392,0.00305647193454206
vit_base_patch16_224,pit_b_224,shuffled_semantic,29,ILSVRC2012_val_00039464.JPEG,0.16390976309776306,0.004233477637171745,0.0028737958054989576,0.0013596818316727877
vit_base_patch16_224,pit_b_224,phase,30,ILSVRC2012_val_00039490.JPEG,0.060150373727083206,-0.0002276971936225891,0.0007620287360623479,-0.000989725929684937
vit_base_patch16_224,pit_b_224,phase,31,ILSVRC2012_val_00039737.JPEG,-0.5353383421897888,-0.0030827440787106752,-0.0002861134707927704,-0.002796630607917905
vit_base_patch16_224,pit_b_224,flip,30,ILSVRC2012_val_00039490.JPEG,-0.451127827167511,0.0004978081560693681,0.0007620287360623479,-0.00026422057999297976
vit_base_patch16_224,pit_b_224,flip,31,ILSVRC2012_val_00039737.JPEG,0.15488722920417786,0.0014010671293362975,-0.0002861134707927704,0.001687180600129068
vit_base_patch16_224,pit_b_224,consensus,30,ILSVRC2012_val_00039490.JPEG,-0.15488721430301666,-0.0029147632885724306,0.0007620287360623479,-0.0036767921410501003
vit_base_patch16_224,pit_b_224,consensus,31,ILSVRC2012_val_00039737.JPEG,-0.22857142984867096,-0.0017267924267798662,-0.0002861134707927704,-0.0014406789559870958
vit_base_patch16_224,pit_b_224,shuffled_semantic,30,ILSVRC2012_val_00039490.JPEG,0.3593984842300415,0.005924225319176912,0.0007620287360623479,0.005162196699529886
vit_base_patch16_224,pit_b_224,shuffled_semantic,31,ILSVRC2012_val_00039737.JPEG,-0.004511285573244095,0.0005399957299232483,-0.0002861134707927704,0.0008261092007160187
vit_base_patch16_224,pit_b_224,phase,32,ILSVRC2012_val_00039746.JPEG,-0.21503758430480957,-0.002108747838065028,0.0010217305971309543,-0.0031304783187806606
vit_base_patch16_224,pit_b_224,phase,33,ILSVRC2012_val_00039748.JPEG,0.1293233335018158,0.000454930413980037,-0.00013812370889354497,0.0005930541083216667
vit_base_patch16_224,pit_b_224,flip,32,ILSVRC2012_val_00039746.JPEG,0.514285683631897,0.0063866726122796535,0.0010217305971309543,0.0053649418987333775
vit_base_patch16_224,pit_b_224,flip,33,ILSVRC2012_val_00039748.JPEG,0.0691729336977005,-0.0019091255962848663,-0.00013812370889354497,-0.0017710018437355757
vit_base_patch16_224,pit_b_224,consensus,32,ILSVRC2012_val_00039746.JPEG,0.24511277675628662,0.005374052561819553,0.0010217305971309543,0.004352321848273277
vit_base_patch16_224,pit_b_224,consensus,33,ILSVRC2012_val_00039748.JPEG,0.0646616593003273,-0.001828683540225029,-0.00013812370889354497,-0.0016905597876757383
vit_base_patch16_224,pit_b_224,shuffled_semantic,32,ILSVRC2012_val_00039746.JPEG,-0.21954888105392456,0.00017044223204720765,0.0010217305971309543,-0.0008512883796356618
vit_base_patch16_224,pit_b_224,shuffled_semantic,33,ILSVRC2012_val_00039748.JPEG,-0.2496240735054016,-0.003059882204979658,-0.00013812370889354497,-0.0029217584524303675
vit_base_patch16_224,pit_b_224,phase,34,ILSVRC2012_val_00039815.JPEG,0.19548870623111725,-0.0024721662048250437,-0.0007803286425769329,-0.0016918375622481108
vit_base_patch16_224,pit_b_224,phase,35,ILSVRC2012_val_00039842.JPEG,-0.25263160467147827,0.00022321772121358663,0.0013105710968375206,-0.0010873533319681883
vit_base_patch16_224,pit_b_224,flip,34,ILSVRC2012_val_00039815.JPEG,0.13233083486557007,0.0016165011329576373,-0.0007803286425769329,0.002396829891949892
vit_base_patch16_224,pit_b_224,flip,35,ILSVRC2012_val_00039842.JPEG,-0.1879698932170868,0.00022321772121358663,0.0013105710968375206,-0.0010873533319681883
vit_base_patch16_224,pit_b_224,consensus,34,ILSVRC2012_val_00039815.JPEG,0.01503758504986763,-0.00037691538454964757,-0.0007803286425769329,0.00040341325802728534
vit_base_patch16_224,pit_b_224,consensus,35,ILSVRC2012_val_00039842.JPEG,-0.26917290687561035,0.00022321772121358663,0.0013105710968375206,-0.0010873533319681883
vit_base_patch16_224,pit_b_224,shuffled_semantic,34,ILSVRC2012_val_00039815.JPEG,-0.22406014800071716,-0.005319326184689999,-0.0007803286425769329,-0.004538997542113066
vit_base_patch16_224,pit_b_224,shuffled_semantic,35,ILSVRC2012_val_00039842.JPEG,0.5022556781768799,0.004892704542726278,0.0013105710968375206,0.0035821334458887577
vit_base_patch16_224,pit_b_224,phase,36,ILSVRC2012_val_00039892.JPEG,0.36992478370666504,-0.0009814150398597121,0.0015901433071121573,-0.0025715583469718695
vit_base_patch16_224,pit_b_224,phase,37,ILSVRC2012_val_00039939.JPEG,0.32030075788497925,0.010559809394180775,0.008400126360356808,0.002159683033823967
vit_base_patch16_224,pit_b_224,flip,36,ILSVRC2012_val_00039892.JPEG,0.16842105984687805,-0.0010071980068460107,0.0015901433071121573,-0.002597341313958168
vit_base_patch16_224,pit_b_224,flip,37,ILSVRC2012_val_00039939.JPEG,0.4180451035499573,0.009745169430971146,0.008400126360356808,0.001345043070614338
vit_base_patch16_224,pit_b_224,consensus,36,ILSVRC2012_val_00039892.JPEG,0.3548871874809265,-0.00030534528195858,0.0015901433071121573,-0.0018954885890707374
vit_base_patch16_224,pit_b_224,consensus,37,ILSVRC2012_val_00039939.JPEG,0.4616541266441345,0.01128202211111784,0.008400126360356808,0.002881895750761032
vit_base_patch16_224,pit_b_224,shuffled_semantic,36,ILSVRC2012_val_00039892.JPEG,0.08571428805589676,0.0037567634135484695,0.0015901433071121573,0.0021666199900209904
vit_base_patch16_224,pit_b_224,shuffled_semantic,37,ILSVRC2012_val_00039939.JPEG,-0.14887218177318573,0.0075525217689573765,0.008400126360356808,-0.0008476045913994312
vit_base_patch16_224,pit_b_224,phase,38,ILSVRC2012_val_00040016.JPEG,0.31127822399139404,6.804289296269417e-05,-0.0005032892222516239,0.000571332115214318
vit_base_patch16_224,pit_b_224,phase,39,ILSVRC2012_val_00040140.JPEG,-0.07669171690940857,-0.001732444274239242,1.9670487745315768e-05,-0.0017521147383376956
vit_base_patch16_224,pit_b_224,flip,38,ILSVRC2012_val_00040016.JPEG,0.10827067494392395,-0.000154686436871998,-0.0005032892222516239,0.00034860277082771063
vit_base_patch16_224,pit_b_224,flip,39,ILSVRC2012_val_00040140.JPEG,-0.1609022617340088,-0.0018321936950087547,1.9670487745315768e-05,-0.0018518641591072083
vit_base_patch16_224,pit_b_224,consensus,38,ILSVRC2012_val_00040016.JPEG,0.29624059796333313,0.00036068400368094444,-0.0005032892222516239,0.0008639732259325683
vit_base_patch16_224,pit_b_224,consensus,39,ILSVRC2012_val_00040140.JPEG,-0.10676688700914383,0.00041551608592271805,1.9670487745315768e-05,0.00039584559272043407
vit_base_patch16_224,pit_b_224,shuffled_semantic,38,ILSVRC2012_val_00040016.JPEG,0.07669173181056976,0.000647416920401156,-0.0005032892222516239,0.001150706084445119
vit_base_patch16_224,pit_b_224,shuffled_semantic,39,ILSVRC2012_val_00040140.JPEG,-0.06616540998220444,0.0008145714527927339,1.9670487745315768e-05,0.0007949009886942804
vit_base_patch16_224,pit_b_224,phase,40,ILSVRC2012_val_00040221.JPEG,-0.2165413498878479,0.0031152740120887756,0.005491651128977537,-0.0023763771168887615
vit_base_patch16_224,pit_b_224,phase,41,ILSVRC2012_val_00040291.JPEG,0.16390977799892426,0.0007177965017035604,0.0017870258307084441,-0.0010692293290048838
vit_base_patch16_224,pit_b_224,flip,40,ILSVRC2012_val_00040221.JPEG,0.07518797367811203,0.006025697570294142,0.005491651128977537,0.0005340464413166046
vit_base_patch16_224,pit_b_224,flip,41,ILSVRC2012_val_00040291.JPEG,-0.3639097809791565,-0.00032626689062453806,0.0017870258307084441,-0.0021132926922291517
vit_base_patch16_224,pit_b_224,consensus,40,ILSVRC2012_val_00040221.JPEG,-1.862645149230957e-08,0.00856749713420868,0.005491651128977537,0.003075846005231142
vit_base_patch16_224,pit_b_224,consensus,41,ILSVRC2012_val_00040291.JPEG,-0.2075188010931015,-0.001099134678952396,0.0017870258307084441,-0.00288616050966084
vit_base_patch16_224,pit_b_224,shuffled_semantic,40,ILSVRC2012_val_00040221.JPEG,0.13233083486557007,0.008630412630736828,0.005491651128977537,0.0031387615017592907
vit_base_patch16_224,pit_b_224,shuffled_semantic,41,ILSVRC2012_val_00040291.JPEG,0.18496239185333252,0.001455634250305593,0.0017870258307084441,-0.0003313915804028511
vit_base_patch16_224,pit_b_224,phase,42,ILSVRC2012_val_00040345.JPEG,0.24661652743816376,0.005592818837612867,0.005560675170272589,3.2143667340278625e-05
vit_base_patch16_224,pit_b_224,phase,43,ILSVRC2012_val_00040407.JPEG,0.08421052247285843,0.004118809010833502,0.0038882808294147253,0.0002305281814187765
vit_base_patch16_224,pit_b_224,flip,42,ILSVRC2012_val_00040345.JPEG,0.6150375604629517,0.00928574800491333,0.005560675170272589,0.0037250728346407413
vit_base_patch16_224,pit_b_224,flip,43,ILSVRC2012_val_00040407.JPEG,-0.138345867395401,0.003450531279668212,0.0038882808294147253,-0.00043774954974651337
vit_base_patch16_224,pit_b_224,consensus,42,ILSVRC2012_val_00040345.JPEG,0.5654135346412659,0.009049291722476482,0.005560675170272589,0.0034886165522038937
vit_base_patch16_224,pit_b_224,consensus,43,ILSVRC2012_val_00040407.JPEG,0.04962407052516937,0.0029356919694691896,0.0038882808294147253,-0.0009525888599455357
vit_base_patch16_224,pit_b_224,shuffled_semantic,42,ILSVRC2012_val_00040345.JPEG,0.22406014800071716,0.004817632492631674,0.005560675170272589,-0.0007430426776409149
vit_base_patch16_224,pit_b_224,shuffled_semantic,43,ILSVRC2012_val_00040407.JPEG,0.09022553265094757,0.003377234563231468,0.0038882808294147253,-0.0005110462661832571
vit_base_patch16_224,pit_b_224,phase,44,ILSVRC2012_val_00040452.JPEG,0.1849624067544937,0.016291160136461258,0.011932911351323128,0.00435824878513813
vit_base_patch16_224,pit_b_224,phase,45,ILSVRC2012_val_00040457.JPEG,0.32481205463409424,0.014346510171890259,0.010755421593785286,0.003591088578104973
vit_base_patch16_224,pit_b_224,flip,44,ILSVRC2012_val_00040452.JPEG,0.1473684012889862,0.012474225834012032,0.011932911351323128,0.0005413144826889038
vit_base_patch16_224,pit_b_224,flip,45,ILSVRC2012_val_00040457.JPEG,0.24360902607440948,0.011472025886178017,0.010755421593785286,0.0007166042923927307
vit_base_patch16_224,pit_b_224,consensus,44,ILSVRC2012_val_00040452.JPEG,0.1203007623553276,0.010042982175946236,0.011932911351323128,-0.001889929175376892
vit_base_patch16_224,pit_b_224,consensus,45,ILSVRC2012_val_00040457.JPEG,0.39398497343063354,0.014210976660251617,0.010755421593785286,0.0034555550664663315
vit_base_patch16_224,pit_b_224,shuffled_semantic,44,ILSVRC2012_val_00040452.JPEG,0.11729323863983154,0.012403036467730999,0.011932911351323128,0.00047012511640787125
vit_base_patch16_224,pit_b_224,shuffled_semantic,45,ILSVRC2012_val_00040457.JPEG,-0.3323308229446411,0.007705776486545801,0.010755421593785286,-0.003049645107239485
vit_base_patch16_224,pit_b_224,phase,46,ILSVRC2012_val_00040494.JPEG,0.08270673453807831,0.00453647505491972,0.0033378289081156254,0.0011986461468040943
vit_base_patch16_224,pit_b_224,phase,47,ILSVRC2012_val_00040541.JPEG,-0.2676691710948944,-0.0014268889790400863,0.003082186682149768,-0.004509075544774532
vit_base_patch16_224,pit_b_224,flip,46,ILSVRC2012_val_00040494.JPEG,0.06616540998220444,0.0028371878433972597,0.0033378289081156254,-0.0005006410647183657
vit_base_patch16_224,pit_b_224,flip,47,ILSVRC2012_val_00040541.JPEG,-0.08120300620794296,0.0014715970028191805,0.003082186682149768,-0.0016105896793305874
vit_base_patch16_224,pit_b_224,consensus,46,ILSVRC2012_val_00040494.JPEG,-0.01503761112689972,0.004965231753885746,0.0033378289081156254,0.0016274028457701206
vit_base_patch16_224,pit_b_224,consensus,47,ILSVRC2012_val_00040541.JPEG,-0.2616541385650635,-0.0016491779824718833,0.003082186682149768,-0.004731364548206329
vit_base_patch16_224,pit_b_224,shuffled_semantic,46,ILSVRC2012_val_00040494.JPEG,-0.0646616518497467,0.005797501187771559,0.0033378289081156254,0.0024596722796559334
vit_base_patch16_224,pit_b_224,shuffled_semantic,47,ILSVRC2012_val_00040541.JPEG,-0.19999998807907104,-0.0006620477652177215,0.003082186682149768,-0.0037442343309521675
vit_base_patch16_224,pit_b_224,phase,48,ILSVRC2012_val_00040601.JPEG,0.05714285373687744,-0.0031379293650388718,-0.0030515070538967848,-8.642231114208698e-05
vit_base_patch16_224,pit_b_224,phase,49,ILSVRC2012_val_00040634.JPEG,0.26616543531417847,0.0019993034657090902,0.00358297280035913,-0.0015836693346500397
vit_base_patch16_224,pit_b_224,flip,48,ILSVRC2012_val_00040601.JPEG,0.0827067494392395,0.0020149117335677147,-0.0030515070538967848,0.005066419020295143
vit_base_patch16_224,pit_b_224,flip,49,ILSVRC2012_val_00040634.JPEG,0.21804508566856384,0.011746766977012157,0.00358297280035913,0.008163793943822384
vit_base_patch16_224,pit_b_224,consensus,48,ILSVRC2012_val_00040601.JPEG,0.07067665457725525,-0.003050079569220543,-0.0030515070538967848,1.4274846762418747e-06
vit_base_patch16_224,pit_b_224,consensus,49,ILSVRC2012_val_00040634.JPEG,0.32932329177856445,0.009793608449399471,0.00358297280035913,0.006210635416209698
vit_base_patch16_224,pit_b_224,shuffled_semantic,48,ILSVRC2012_val_00040601.JPEG,-0.03007519245147705,-0.0010108879068866372,-0.0030515070538967848,0.0020406190305948257
vit_base_patch16_224,pit_b_224,shuffled_semantic,49,ILSVRC2012_val_00040634.JPEG,0.0691729336977005,0.004498036112636328,0.00358297280035913,0.0009150633122771978
vit_base_patch16_224,pit_b_224,phase,50,ILSVRC2012_val_00040798.JPEG,-0.004511252045631409,0.0019171041203662753,0.002136600436642766,-0.0002194963162764907
vit_base_patch16_224,pit_b_224,phase,51,ILSVRC2012_val_00040930.JPEG,0.22706766426563263,0.0020669742953032255,-0.0025624048430472612,0.004629379138350487
vit_base_patch16_224,pit_b_224,flip,50,ILSVRC2012_val_00040798.JPEG,-0.1984962522983551,-0.0008143242448568344,0.002136600436642766,-0.0029509246814996004
vit_base_patch16_224,pit_b_224,flip,51,ILSVRC2012_val_00040930.JPEG,0.18796993792057037,-0.0009660545038059354,-0.0025624048430472612,0.0015963503392413259
vit_base_patch16_224,pit_b_224,consensus,50,ILSVRC2012_val_00040798.JPEG,0.03308268263936043,-0.0015681710792705417,0.002136600436642766,-0.003704771399497986
vit_base_patch16_224,pit_b_224,consensus,51,ILSVRC2012_val_00040930.JPEG,0.18345865607261658,0.00025931125856004655,-0.0025624048430472612,0.0028217160142958164
vit_base_patch16_224,pit_b_224,shuffled_semantic,50,ILSVRC2012_val_00040798.JPEG,-0.05263158679008484,0.0015916615957394242,0.002136600436642766,-0.0005449388409033418
vit_base_patch16_224,pit_b_224,shuffled_semantic,51,ILSVRC2012_val_00040930.JPEG,-0.07518797367811203,0.0005823828396387398,-0.0025624048430472612,0.00314478762447834
vit_base_patch16_224,pit_b_224,phase,52,ILSVRC2012_val_00040952.JPEG,-0.19548872113227844,-0.015662385150790215,-0.011467106640338898,-0.004195278510451317
vit_base_patch16_224,pit_b_224,phase,53,ILSVRC2012_val_00040966.JPEG,-0.08872181177139282,0.0019314885139465332,0.0019817594438791275,-5.02709299325943e-05
vit_base_patch16_224,pit_b_224,flip,52,ILSVRC2012_val_00040952.JPEG,0.25112783908843994,-0.009093097411096096,-0.011467106640338898,0.0023740092292428017
vit_base_patch16_224,pit_b_224,flip,53,ILSVRC2012_val_00040966.JPEG,0.07669173181056976,0.0013212960911914706,0.0019817594438791275,-0.0006604633526876569
vit_base_patch16_224,pit_b_224,consensus,52,ILSVRC2012_val_00040952.JPEG,0.13082706928253174,-0.012265713885426521,-0.011467106640338898,-0.0007986072450876236
vit_base_patch16_224,pit_b_224,consensus,53,ILSVRC2012_val_00040966.JPEG,-0.02406015247106552,0.001626593992114067,0.0019817594438791275,-0.0003551654517650604
vit_base_patch16_224,pit_b_224,shuffled_semantic,52,ILSVRC2012_val_00040952.JPEG,0.13533836603164673,-0.00869970116764307,-0.011467106640338898,0.0027674054726958275
vit_base_patch16_224,pit_b_224,shuffled_semantic,53,ILSVRC2012_val_00040966.JPEG,0.13984964787960052,0.004135326948016882,0.0019817594438791275,0.0021535675041377544
vit_base_patch16_224,pit_b_224,phase,54,ILSVRC2012_val_00041010.JPEG,-0.1007518544793129,0.0023576936218887568,0.0013027942040935159,0.0010548994177952409
vit_base_patch16_224,pit_b_224,phase,55,ILSVRC2012_val_00041063.JPEG,0.21804510056972504,0.004566561430692673,0.0029422708321362734,0.0016242905985563993
vit_base_patch16_224,pit_b_224,flip,54,ILSVRC2012_val_00041010.JPEG,0.07669171690940857,-9.858365956461057e-05,0.0013027942040935159,-0.0014013778418302536
vit_base_patch16_224,pit_b_224,flip,55,ILSVRC2012_val_00041063.JPEG,0.16691729426383972,0.0036144086625427008,0.0029422708321362734,0.0006721378304064274
vit_base_patch16_224,pit_b_224,consensus,54,ILSVRC2012_val_00041010.JPEG,-0.09924812614917755,0.0010661151027306914,0.0013027942040935159,-0.00023667910136282444
vit_base_patch16_224,pit_b_224,consensus,55,ILSVRC2012_val_00041063.JPEG,0.44060149788856506,0.0032194245140999556,0.0029422708321362734,0.0002771536819636822
vit_base_patch16_224,pit_b_224,shuffled_semantic,54,ILSVRC2012_val_00041010.JPEG,-0.024060159921646118,-0.0016250759363174438,0.0013027942040935159,-0.002927870023995638
vit_base_patch16_224,pit_b_224,shuffled_semantic,55,ILSVRC2012_val_00041063.JPEG,0.10827066749334335,0.00461927754804492,0.0029422708321362734,0.0016770067159086466
vit_base_patch16_224,pit_b_224,phase,56,ILSVRC2012_val_00041080.JPEG,-0.6481202840805054,-0.001439628191292286,0.0019099258352071047,-0.0033495540264993906
vit_base_patch16_224,pit_b_224,phase,57,ILSVRC2012_val_00041241.JPEG,-0.2796992361545563,-0.00035007818951271474,0.0019976445473730564,-0.00234772264957428
vit_base_patch16_224,pit_b_224,flip,56,ILSVRC2012_val_00041080.JPEG,-0.1518796980381012,0.00034004272310994565,0.0019099258352071047,-0.0015698830829933286
vit_base_patch16_224,pit_b_224,flip,57,ILSVRC2012_val_00041241.JPEG,-0.557894766330719,-0.0010200495598837733,0.0019976445473730564,-0.0030176942236721516
vit_base_patch16_224,pit_b_224,consensus,56,ILSVRC2012_val_00041080.JPEG,-0.5548872947692871,-0.0015498538268730044,0.0019099258352071047,-0.0034597795456647873
vit_base_patch16_224,pit_b_224,consensus,57,ILSVRC2012_val_00041241.JPEG,-0.5293233394622803,-0.0017430149018764496,0.0019976445473730564,-0.003740659449249506
vit_base_patch16_224,pit_b_224,shuffled_semantic,56,ILSVRC2012_val_00041080.JPEG,-7.450580596923828e-09,0.0018710823496803641,0.0019099258352071047,-3.884348552674055e-05
vit_base_patch16_224,pit_b_224,shuffled_semantic,57,ILSVRC2012_val_00041241.JPEG,0.04360901191830635,0.0018313268665224314,0.0019976445473730564,-0.00016631768085062504
vit_base_patch16_224,pit_b_224,phase,58,ILSVRC2012_val_00041354.JPEG,-0.061654143035411835,0.01052127592265606,0.011091995052993298,-0.0005707191303372383
vit_base_patch16_224,pit_b_224,phase,59,ILSVRC2012_val_00041406.JPEG,0.09172935038805008,0.0018675785977393389,0.002157373121008277,-0.00028979452326893806
vit_base_patch16_224,pit_b_224,flip,58,ILSVRC2012_val_00041354.JPEG,-0.272180438041687,0.00713518587872386,0.011091995052993298,-0.003956809174269438
vit_base_patch16_224,pit_b_224,flip,59,ILSVRC2012_val_00041406.JPEG,-0.3052631616592407,-0.0006735077477060258,0.002157373121008277,-0.0028308809269219637
vit_base_patch16_224,pit_b_224,consensus,58,ILSVRC2012_val_00041354.JPEG,-0.2390977442264557,0.0070642950013279915,0.011091995052993298,-0.004027700051665306
vit_base_patch16_224,pit_b_224,consensus,59,ILSVRC2012_val_00041406.JPEG,-0.07518796622753143,0.0018675785977393389,0.002157373121008277,-0.00028979452326893806
vit_base_patch16_224,pit_b_224,shuffled_semantic,58,ILSVRC2012_val_00041354.JPEG,0.75789475440979,0.015110966749489307,0.011091995052993298,0.00401897169649601
vit_base_patch16_224,pit_b_224,shuffled_semantic,59,ILSVRC2012_val_00041406.JPEG,-0.4285714626312256,-0.000985990627668798,0.002157373121008277,-0.003143363632261753
vit_base_patch16_224,pit_b_224,phase,60,ILSVRC2012_val_00041468.JPEG,-0.018045105040073395,0.010585442185401917,0.006960769183933735,0.0036246730014681816
vit_base_patch16_224,pit_b_224,phase,61,ILSVRC2012_val_00041474.JPEG,0.14436089992523193,0.00019657886878121644,0.0007661410490982234,-0.0005695621948689222
vit_base_patch16_224,pit_b_224,flip,60,ILSVRC2012_val_00041468.JPEG,-0.043609023094177246,0.010742071084678173,0.006960769183933735,0.003781301900744438
vit_base_patch16_224,pit_b_224,flip,61,ILSVRC2012_val_00041474.JPEG,0.10676692426204681,0.0012851859210059047,0.0007661410490982234,0.0005190448719076812
vit_base_patch16_224,pit_b_224,consensus,60,ILSVRC2012_val_00041468.JPEG,0.03609022498130798,0.010477573610842228,0.006960769183933735,0.003516804426908493
vit_base_patch16_224,pit_b_224,consensus,61,ILSVRC2012_val_00041474.JPEG,0.23308271169662476,0.00258637429215014,0.0007661410490982234,0.0018202331848442554
vit_base_patch16_224,pit_b_224,shuffled_semantic,60,ILSVRC2012_val_00041468.JPEG,-0.133834570646286,0.004546006675809622,0.006960769183933735,-0.002414762508124113
vit_base_patch16_224,pit_b_224,shuffled_semantic,61,ILSVRC2012_val_00041474.JPEG,0.0827067643404007,0.0014252141118049622,0.0007661410490982234,0.0006590730627067387
vit_base_patch16_224,pit_b_224,phase,62,ILSVRC2012_val_00041483.JPEG,0.38345867395401,0.0013705026358366013,0.000394454225897789,0.0009760484099388123
vit_base_patch16_224,pit_b_224,phase,63,ILSVRC2012_val_00041486.JPEG,-0.26015037298202515,-0.008541610091924667,-0.000618375837802887,-0.00792323425412178
vit_base_patch16_224,pit_b_224,flip,62,ILSVRC2012_val_00041483.JPEG,0.6060150861740112,0.00519627146422863,0.000394454225897789,0.004801817238330841
vit_base_patch16_224,pit_b_224,flip,63,ILSVRC2012_val_00041486.JPEG,-0.15789473056793213,-0.009690175764262676,-0.000618375837802887,-0.00907179992645979
vit_base_patch16_224,pit_b_224,consensus,62,ILSVRC2012_val_00041483.JPEG,0.5097744464874268,0.003645131131634116,0.000394454225897789,0.003250676905736327
vit_base_patch16_224,pit_b_224,consensus,63,ILSVRC2012_val_00041486.JPEG,-0.2691729664802551,-0.008809837512671947,-0.000618375837802887,-0.00819146167486906
vit_base_patch16_224,pit_b_224,shuffled_semantic,62,ILSVRC2012_val_00041483.JPEG,-0.003007538616657257,0.0012822792632505298,0.000394454225897789,0.0008878250373527408
vit_base_patch16_224,pit_b_224,shuffled_semantic,63,ILSVRC2012_val_00041486.JPEG,-0.007518798112869263,0.002632461953908205,-0.000618375837802887,0.003250837791711092
vit_base_patch16_224,visformer_small,phase,0,ILSVRC2012_val_00037758.JPEG,0.09473683685064316,0.0028257903177291155,7.343990728259087e-05,0.0027523504104465246
vit_base_patch16_224,visformer_small,phase,1,ILSVRC2012_val_00037916.JPEG,-0.2165413349866867,0.0029608160257339478,0.00491029117256403,-0.001949475146830082
vit_base_patch16_224,visformer_small,flip,0,ILSVRC2012_val_00037758.JPEG,0.1338345855474472,0.0032328448724001646,7.343990728259087e-05,0.0031594049651175737
vit_base_patch16_224,visformer_small,flip,1,ILSVRC2012_val_00037916.JPEG,-0.03308273106813431,0.0027591472025960684,0.00491029117256403,-0.0021511439699679613
vit_base_patch16_224,visformer_small,consensus,0,ILSVRC2012_val_00037758.JPEG,0.11879700422286987,0.0021362986881285906,7.343990728259087e-05,0.0020628587808459997
vit_base_patch16_224,visformer_small,consensus,1,ILSVRC2012_val_00037916.JPEG,-0.18195489048957825,0.004242229741066694,0.00491029117256403,-0.0006680614314973354
vit_base_patch16_224,visformer_small,shuffled_semantic,0,ILSVRC2012_val_00037758.JPEG,-0.26015040278434753,-0.0024132817052304745,7.343990728259087e-05,-0.0024867216125130653
vit_base_patch16_224,visformer_small,shuffled_semantic,1,ILSVRC2012_val_00037916.JPEG,-0.18195490539073944,0.004075584001839161,0.00491029117256403,-0.0008347071707248688
vit_base_patch16_224,visformer_small,phase,2,ILSVRC2012_val_00037926.JPEG,0.06616541743278503,0.000936416385229677,0.00015656149480491877,0.0007798548904247582
vit_base_patch16_224,visformer_small,phase,3,ILSVRC2012_val_00037929.JPEG,0.030075207352638245,0.004553099628537893,0.0029786413069814444,0.001574458321556449
vit_base_patch16_224,visformer_small,flip,2,ILSVRC2012_val_00037926.JPEG,0.10977444052696228,0.00037415363476611674,0.00015656149480491877,0.00021759213996119797
vit_base_patch16_224,visformer_small,flip,3,ILSVRC2012_val_00037929.JPEG,0.2962406277656555,0.005476226098835468,0.0029786413069814444,0.002497584791854024
vit_base_patch16_224,visformer_small,consensus,2,ILSVRC2012_val_00037926.JPEG,0.03759397566318512,0.0009364159777760506,0.00015656149480491877,0.0007798544829711318
vit_base_patch16_224,visformer_small,consensus,3,ILSVRC2012_val_00037929.JPEG,0.20601502060890198,0.005776753183454275,0.0029786413069814444,0.0027981118764728308
vit_base_patch16_224,visformer_small,shuffled_semantic,2,ILSVRC2012_val_00037926.JPEG,-0.10075188428163528,2.5724992156028748e-05,0.00015656149480491877,-0.00013083650264889002
vit_base_patch16_224,visformer_small,shuffled_semantic,3,ILSVRC2012_val_00037929.JPEG,0.25112780928611755,0.005313425324857235,0.0029786413069814444,0.0023347840178757906
vit_base_patch16_224,visformer_small,phase,4,ILSVRC2012_val_00038033.JPEG,-0.2676691710948944,0.00048262160271406174,0.005560282152146101,-0.005077660549432039
vit_base_patch16_224,visformer_small,phase,5,ILSVRC2012_val_00038096.JPEG,-0.2917293310165405,0.006864454131573439,0.006936011370271444,-7.155723869800568e-05
vit_base_patch16_224,visformer_small,flip,4,ILSVRC2012_val_00038033.JPEG,-0.04210525378584862,0.010474786162376404,0.005560282152146101,0.004914504010230303
vit_base_patch16_224,visformer_small,flip,5,ILSVRC2012_val_00038096.JPEG,-0.21804513037204742,0.0041446262039244175,0.006936011370271444,-0.002791385166347027
vit_base_patch16_224,visformer_small,consensus,4,ILSVRC2012_val_00038033.JPEG,-0.18195487558841705,-0.001101003959774971,0.005560282152146101,-0.006661286111921072
vit_base_patch16_224,visformer_small,consensus,5,ILSVRC2012_val_00038096.JPEG,-0.16541354358196259,0.0062229568138718605,0.006936011370271444,-0.0007130545563995838
vit_base_patch16_224,visformer_small,shuffled_semantic,4,ILSVRC2012_val_00038033.JPEG,0.016541332006454468,0.011456198990345001,0.005560282152146101,0.0058959168381989
vit_base_patch16_224,visformer_small,shuffled_semantic,5,ILSVRC2012_val_00038096.JPEG,-0.06766913831233978,0.005263161845505238,0.006936011370271444,-0.0016728495247662067
vit_base_patch16_224,visformer_small,phase,6,ILSVRC2012_val_00038110.JPEG,0.18345865607261658,-0.0005553305963985622,-0.0011822086526080966,0.0006268780562095344
vit_base_patch16_224,visformer_small,phase,7,ILSVRC2012_val_00038142.JPEG,-0.15338346362113953,0.0027933239471167326,0.0008339754422195256,0.001959348563104868
vit_base_patch16_224,visformer_small,flip,6,ILSVRC2012_val_00038110.JPEG,-0.17593984305858612,-0.001513368566520512,-0.0011822086526080966,-0.0003311599139124155
vit_base_patch16_224,visformer_small,flip,7,ILSVRC2012_val_00038142.JPEG,0.13533830642700195,0.0009444289025850594,0.0008339754422195256,0.00011045346036553383
vit_base_patch16_224,visformer_small,consensus,6,ILSVRC2012_val_00038110.JPEG,0.046616554260253906,-0.001513368566520512,-0.0011822086526080966,-0.0003311599139124155
vit_base_patch16_224,visformer_small,consensus,7,ILSVRC2012_val_00038142.JPEG,0.11127819120883942,0.0032526578288525343,0.0008339754422195256,0.0024186824448406696
vit_base_patch16_224,visformer_small,shuffled_semantic,6,ILSVRC2012_val_00038110.JPEG,-0.036090221256017685,-0.0010850898688659072,-0.0011822086526080966,9.711878374218941e-05
vit_base_patch16_224,visformer_small,shuffled_semantic,7,ILSVRC2012_val_00038142.JPEG,0.09172934293746948,-0.000841533939819783,0.0008339754422195256,-0.0016755093820393085
vit_base_patch16_224,visformer_small,phase,8,ILSVRC2012_val_00038157.JPEG,-0.04511275887489319,-0.00035769990063272417,-0.000986203784123063,0.0006285038543865085
vit_base_patch16_224,visformer_small,phase,9,ILSVRC2012_val_00038221.JPEG,0.12030074000358582,0.0028143280651420355,0.0023997912649065256,0.00041453680023550987
vit_base_patch16_224,visformer_small,flip,8,ILSVRC2012_val_00038157.JPEG,-0.18947367370128632,-0.0024568908847868443,-0.000986203784123063,-0.0014706871006637812
vit_base_patch16_224,visformer_small,flip,9,ILSVRC2012_val_00038221.JPEG,-0.03909774124622345,0.0013660071417689323,0.0023997912649065256,-0.0010337841231375933
vit_base_patch16_224,visformer_small,consensus,8,ILSVRC2012_val_00038157.JPEG,-0.23157894611358643,-0.0023980196565389633,-0.000986203784123063,-0.0014118158724159002
vit_base_patch16_224,visformer_small,consensus,9,ILSVRC2012_val_00038221.JPEG,0.05714286118745804,0.0022809451911598444,0.0023997912649065256,-0.00011884607374668121
vit_base_patch16_224,visformer_small,shuffled_semantic,8,ILSVRC2012_val_00038157.JPEG,-0.29774439334869385,-0.004440901335328817,-0.000986203784123063,-0.0034546975512057543
vit_base_patch16_224,visformer_small,shuffled_semantic,9,ILSVRC2012_val_00038221.JPEG,0.23308272659778595,0.004784145392477512,0.0023997912649065256,0.0023843541275709867
vit_base_patch16_224,visformer_small,phase,10,ILSVRC2012_val_00038236.JPEG,-0.11428572237491608,0.0014508472522720695,0.0024927197955548763,-0.0010418725432828069
vit_base_patch16_224,visformer_small,phase,11,ILSVRC2012_val_00038251.JPEG,0.1157894879579544,0.008585616014897823,0.0083422577008605,0.000243358314037323
vit_base_patch16_224,visformer_small,flip,10,ILSVRC2012_val_00038236.JPEG,-0.47669172286987305,0.0007511457661166787,0.0024927197955548763,-0.0017415740294381976
vit_base_patch16_224,visformer_small,flip,11,ILSVRC2012_val_00038251.JPEG,-0.4150376319885254,0.007462929934263229,0.0083422577008605,-0.000879327766597271
vit_base_patch16_224,visformer_small,consensus,10,ILSVRC2012_val_00038236.JPEG,-0.35338348150253296,0.001087092561647296,0.0024927197955548763,-0.0014056272339075804
vit_base_patch16_224,visformer_small,consensus,11,ILSVRC2012_val_00038251.JPEG,-0.23308268189430237,0.008050302043557167,0.0083422577008605,-0.0002919556573033333
vit_base_patch16_224,visformer_small,shuffled_semantic,10,ILSVRC2012_val_00038236.JPEG,-0.08421051502227783,0.0022966053802520037,0.0024927197955548763,-0.00019611441530287266
vit_base_patch16_224,visformer_small,shuffled_semantic,11,ILSVRC2012_val_00038251.JPEG,-0.3729323446750641,0.005798401776701212,0.0083422577008605,-0.0025438559241592884
vit_base_patch16_224,visformer_small,phase,12,ILSVRC2012_val_00038413.JPEG,-0.5789474248886108,-0.00886604841798544,-0.0021939545404165983,-0.006672093644738197
vit_base_patch16_224,visformer_small,phase,13,ILSVRC2012_val_00038427.JPEG,0.28721800446510315,0.000943426217418164,-0.0012287575518712401,0.0021721837110817432
vit_base_patch16_224,visformer_small,flip,12,ILSVRC2012_val_00038413.JPEG,-0.06165414676070213,-0.004223381634801626,-0.0021939545404165983,-0.002029427094385028
vit_base_patch16_224,visformer_small,flip,13,ILSVRC2012_val_00038427.JPEG,-0.16240601241588593,-0.002110277069732547,-0.0012287575518712401,-0.0008815195178613067
vit_base_patch16_224,visformer_small,consensus,12,ILSVRC2012_val_00038413.JPEG,-0.6165413856506348,-0.00813998281955719,-0.0021939545404165983,-0.005946028046309948
vit_base_patch16_224,visformer_small,consensus,13,ILSVRC2012_val_00038427.JPEG,-0.10977442562580109,-0.0021121378522366285,-0.0012287575518712401,-0.0008833803003653884
vit_base_patch16_224,visformer_small,shuffled_semantic,12,ILSVRC2012_val_00038413.JPEG,0.16992482542991638,5.306080129230395e-05,-0.0021939545404165983,0.0022470152471214533
vit_base_patch16_224,visformer_small,shuffled_semantic,13,ILSVRC2012_val_00038427.JPEG,0.415037602186203,0.002762905089184642,-0.0012287575518712401,0.00399166252464056
vit_base_patch16_224,visformer_small,phase,14,ILSVRC2012_val_00038546.JPEG,-0.13082706928253174,-0.0034730390179902315,-0.0025131988804787397,-0.0009598401375114918
vit_base_patch16_224,visformer_small,phase,15,ILSVRC2012_val_00038597.JPEG,0.28421053290367126,0.003270108252763748,0.0012243216624483466,0.0020457864739000797
vit_base_patch16_224,visformer_small,flip,14,ILSVRC2012_val_00038546.JPEG,-0.40751883387565613,-0.005687400698661804,-0.0025131988804787397,-0.0031742018181830645
vit_base_patch16_224,visformer_small,flip,15,ILSVRC2012_val_00038597.JPEG,0.10827066749334335,0.001439095358364284,0.0012243216624483466,0.00021477369591593742
vit_base_patch16_224,visformer_small,consensus,14,ILSVRC2012_val_00038546.JPEG,-0.33383458852767944,-0.003767547896131873,-0.0025131988804787397,-0.0012543490156531334
vit_base_patch16_224,visformer_small,consensus,15,ILSVRC2012_val_00038597.JPEG,0.1473684310913086,0.001439095358364284,0.0012243216624483466,0.00021477369591593742
vit_base_patch16_224,visformer_small,shuffled_semantic,14,ILSVRC2012_val_00038546.JPEG,0.17293232679367065,-0.0009673407184891403,-0.0025131988804787397,0.0015458581037819386
vit_base_patch16_224,visformer_small,shuffled_semantic,15,ILSVRC2012_val_00038597.JPEG,0.07518796622753143,0.0026806506793946028,0.0012243216624483466,0.0014563290169462562
vit_base_patch16_224,visformer_small,phase,16,ILSVRC2012_val_00038607.JPEG,0.2165413498878479,0.0013150025624781847,-0.0005088290199637413,0.001823831582441926
vit_base_patch16_224,visformer_small,phase,17,ILSVRC2012_val_00038678.JPEG,0.2977443337440491,0.0008695967844687402,-0.001114440499804914,0.0019840372260659933
vit_base_patch16_224,visformer_small,flip,16,ILSVRC2012_val_00038607.JPEG,0.010526314377784729,-0.0017016032943502069,-0.0005088290199637413,-0.0011927742743864655
vit_base_patch16_224,visformer_small,flip,17,ILSVRC2012_val_00038678.JPEG,-0.03458646684885025,0.0005301510100252926,-0.001114440499804914,0.0016445915680378675
vit_base_patch16_224,visformer_small,consensus,16,ILSVRC2012_val_00038607.JPEG,1.4901161193847656e-08,-0.0032597538083791733,-0.0005088290199637413,-0.002750924788415432
vit_base_patch16_224,visformer_small,consensus,17,ILSVRC2012_val_00038678.JPEG,0.15338346362113953,0.0021151050459593534,-0.001114440499804914,0.0032295454293489456
vit_base_patch16_224,visformer_small,shuffled_semantic,16,ILSVRC2012_val_00038607.JPEG,-0.23157894611358643,-0.0032804447691887617,-0.0005088290199637413,-0.0027716157492250204
vit_base_patch16_224,visformer_small,shuffled_semantic,17,ILSVRC2012_val_00038678.JPEG,0.1338346004486084,-0.000821729947347194,-0.001114440499804914,0.00029271055245772004
vit_base_patch16_224,visformer_small,phase,18,ILSVRC2012_val_00038705.JPEG,0.33834588527679443,0.009304333478212357,0.0016062650829553604,0.007698068395256996
vit_base_patch16_224,visformer_small,phase,19,ILSVRC2012_val_00038708.JPEG,-0.08872181177139282,0.0028231905307620764,0.001782757113687694,0.0010404334170743823
vit_base_patch16_224,visformer_small,flip,18,ILSVRC2012_val_00038705.JPEG,0.276691734790802,0.004197209607809782,0.0016062650829553604,0.0025909445248544216
vit_base_patch16_224,visformer_small,flip,19,ILSVRC2012_val_00038708.JPEG,-0.18045112490653992,-0.0022285853046923876,0.001782757113687694,-0.00401134230196476
vit_base_patch16_224,visformer_small,consensus,18,ILSVRC2012_val_00038705.JPEG,0.4571428596973419,0.006998659577220678,0.0016062650829553604,0.005392394494265318
vit_base_patch16_224,visformer_small,consensus,19,ILSVRC2012_val_00038708.JPEG,-0.05864661931991577,0.005051349755376577,0.001782757113687694,0.0032685925252735615
vit_base_patch16_224,visformer_small,shuffled_semantic,18,ILSVRC2012_val_00038705.JPEG,-0.27819550037384033,-0.0015307931462302804,0.0016062650829553604,-0.003137058112770319
vit_base_patch16_224,visformer_small,shuffled_semantic,19,ILSVRC2012_val_00038708.JPEG,-0.0646616667509079,0.002508271485567093,0.001782757113687694,0.0007255143718793988
vit_base_patch16_224,visformer_small,phase,20,ILSVRC2012_val_00038743.JPEG,0.07067669183015823,0.01218598335981369,0.008961555548012257,0.0032244278118014336
vit_base_patch16_224,visformer_small,phase,21,ILSVRC2012_val_00038986.JPEG,-0.34887221455574036,-0.00869561918079853,-0.003986794967204332,-0.004708824213594198
vit_base_patch16_224,visformer_small,flip,20,ILSVRC2012_val_00038743.JPEG,0.05864660441875458,0.009430261328816414,0.008961555548012257,0.00046870578080415726
vit_base_patch16_224,visformer_small,flip,21,ILSVRC2012_val_00038986.JPEG,-0.18796992301940918,-0.005943927448242903,-0.003986794967204332,-0.0019571324810385704
vit_base_patch16_224,visformer_small,consensus,20,ILSVRC2012_val_00038743.JPEG,0.24360904097557068,0.014487417414784431,0.008961555548012257,0.005525861866772175
vit_base_patch16_224,visformer_small,consensus,21,ILSVRC2012_val_00038986.JPEG,-0.39548876881599426,-0.0072360471822321415,-0.003986794967204332,-0.003249252215027809
vit_base_patch16_224,visformer_small,shuffled_semantic,20,ILSVRC2012_val_00038743.JPEG,0.339849591255188,0.009268837980926037,0.008961555548012257,0.0003072824329137802
vit_base_patch16_224,visformer_small,shuffled_semantic,21,ILSVRC2012_val_00038986.JPEG,-0.18045112490653992,-0.006744184996932745,-0.003986794967204332,-0.0027573900297284126
vit_base_patch16_224,visformer_small,phase,22,ILSVRC2012_val_00039085.JPEG,0.23308274149894714,0.0021176417358219624,0.001231408561579883,0.0008862331742420793
vit_base_patch16_224,visformer_small,phase,23,ILSVRC2012_val_00039106.JPEG,0.08421052992343903,-0.003518501063808799,-0.003572409739717841,5.390867590904236e-05
vit_base_patch16_224,visformer_small,flip,22,ILSVRC2012_val_00039085.JPEG,-0.22706769406795502,-0.007503032218664885,0.001231408561579883,-0.008734440430998802
vit_base_patch16_224,visformer_small,flip,23,ILSVRC2012_val_00039106.JPEG,-0.04962407052516937,-0.0018375505460426211,-0.003572409739717841,0.00173485919367522
vit_base_patch16_224,visformer_small,consensus,22,ILSVRC2012_val_00039085.JPEG,-0.01804509572684765,0.0032172605860978365,0.001231408561579883,0.0019858521409332752
vit_base_patch16_224,visformer_small,consensus,23,ILSVRC2012_val_00039106.JPEG,0.05864660441875458,-0.0030165351927280426,-0.003572409739717841,0.0005558745469897985
vit_base_patch16_224,visformer_small,shuffled_semantic,22,ILSVRC2012_val_00039085.JPEG,0.48120301961898804,0.009462467394769192,0.001231408561579883,0.008231058716773987
vit_base_patch16_224,visformer_small,shuffled_semantic,23,ILSVRC2012_val_00039106.JPEG,-0.37142857909202576,-0.0056879594922065735,-0.003572409739717841,-0.0021155497524887323
vit_base_patch16_224,visformer_small,phase,24,ILSVRC2012_val_00039130.JPEG,-0.09172933548688889,0.00045961487921886146,0.0008846193668432534,-0.0004250044876243919
vit_base_patch16_224,visformer_small,phase,25,ILSVRC2012_val_00039253.JPEG,-0.3142857551574707,-0.0017485826974734664,-0.00024131136888172477,-0.0015072713140398264
vit_base_patch16_224,visformer_small,flip,24,ILSVRC2012_val_00039130.JPEG,-0.022556383162736893,0.0016859595198184252,0.0008846193668432534,0.0008013401529751718
vit_base_patch16_224,visformer_small,flip,25,ILSVRC2012_val_00039253.JPEG,-0.5338345766067505,-0.003683266928419471,-0.00024131136888172477,-0.0034419556614011526
vit_base_patch16_224,visformer_small,consensus,24,ILSVRC2012_val_00039130.JPEG,0.1112782210111618,0.00038624880835413933,0.0008846193668432534,-0.000498370558489114
vit_base_patch16_224,visformer_small,consensus,25,ILSVRC2012_val_00039253.JPEG,-0.4436090588569641,-0.003683266928419471,-0.00024131136888172477,-0.0034419556614011526
vit_base_patch16_224,visformer_small,shuffled_semantic,24,ILSVRC2012_val_00039130.JPEG,0.06315790116786957,0.0022927955724298954,0.0008846193668432534,0.001408176263794303
vit_base_patch16_224,visformer_small,shuffled_semantic,25,ILSVRC2012_val_00039253.JPEG,-0.1293233186006546,-0.0023989633191376925,-0.00024131136888172477,-0.0021576520521193743
vit_base_patch16_224,visformer_small,phase,26,ILSVRC2012_val_00039290.JPEG,0.4015038013458252,0.003647735109552741,-0.00020279041200410575,0.003850525477901101
vit_base_patch16_224,visformer_small,phase,27,ILSVRC2012_val_00039421.JPEG,0.27368420362472534,0.02384616807103157,0.020300254225730896,0.0035459138453006744
vit_base_patch16_224,visformer_small,flip,26,ILSVRC2012_val_00039290.JPEG,0.29774439334869385,0.0005545733729377389,-0.00020279041200410575,0.0007573637994937599
vit_base_patch16_224,visformer_small,flip,27,ILSVRC2012_val_00039421.JPEG,0.2676691710948944,0.026119116693735123,0.020300254225730896,0.005818862468004227
vit_base_patch16_224,visformer_small,consensus,26,ILSVRC2012_val_00039290.JPEG,0.44060149788856506,0.0005545733729377389,-0.00020279041200410575,0.0007573637994937599
vit_base_patch16_224,visformer_small,consensus,27,ILSVRC2012_val_00039421.JPEG,0.17593985795974731,0.024181483313441277,0.020300254225730896,0.0038812290877103806
vit_base_patch16_224,visformer_small,shuffled_semantic,26,ILSVRC2012_val_00039290.JPEG,0.3278195559978485,0.002811187645420432,-0.00020279041200410575,0.003013978013768792
vit_base_patch16_224,visformer_small,shuffled_semantic,27,ILSVRC2012_val_00039421.JPEG,-0.08872179687023163,0.021137326955795288,0.020300254225730896,0.0008370727300643921
vit_base_patch16_224,visformer_small,phase,28,ILSVRC2012_val_00039426.JPEG,-0.043609023094177246,0.0009338237578049302,0.001053437008522451,-0.00011961325071752071
vit_base_patch16_224,visformer_small,phase,29,ILSVRC2012_val_00039464.JPEG,-0.07218044996261597,0.0031573481392115355,0.0018821120029315352,0.0012752361362800002
vit_base_patch16_224,visformer_small,flip,28,ILSVRC2012_val_00039426.JPEG,0.013533839955925941,0.0025442177429795265,0.001053437008522451,0.0014907807344570756
vit_base_patch16_224,visformer_small,flip,29,ILSVRC2012_val_00039464.JPEG,-0.028571434319019318,0.0029833107255399227,0.0018821120029315352,0.0011011987226083875
vit_base_patch16_224,visformer_small,consensus,28,ILSVRC2012_val_00039426.JPEG,-0.10075188428163528,0.0009338237578049302,0.001053437008522451,-0.00011961325071752071
vit_base_patch16_224,visformer_small,consensus,29,ILSVRC2012_val_00039464.JPEG,-0.08721806108951569,0.001202440238557756,0.0018821120029315352,-0.0006796717643737793
vit_base_patch16_224,visformer_small,shuffled_semantic,28,ILSVRC2012_val_00039426.JPEG,0.01353384181857109,0.001979574328288436,0.001053437008522451,0.000926137319765985
vit_base_patch16_224,visformer_small,shuffled_semantic,29,ILSVRC2012_val_00039464.JPEG,-0.4240601658821106,-0.0018580984324216843,0.0018821120029315352,-0.0037402105517685413
vit_base_patch16_224,visformer_small,phase,30,ILSVRC2012_val_00039490.JPEG,-0.09473684430122375,-0.0011495242360979319,-0.002087534172460437,0.000938009936362505
vit_base_patch16_224,visformer_small,phase,31,ILSVRC2012_val_00039737.JPEG,0.2857142686843872,0.0027755089104175568,0.0001055810644174926,0.0026699278969317675
vit_base_patch16_224,visformer_small,flip,30,ILSVRC2012_val_00039490.JPEG,-0.04511277377605438,-0.0009194666636176407,-0.002087534172460437,0.001168067567050457
vit_base_patch16_224,visformer_small,flip,31,ILSVRC2012_val_00039737.JPEG,-0.009022559970617294,0.0010818964801728725,0.0001055810644174926,0.0009763154084794223
vit_base_patch16_224,visformer_small,consensus,30,ILSVRC2012_val_00039490.JPEG,-0.1939849555492401,-0.006774212699383497,-0.002087534172460437,-0.004686678759753704
vit_base_patch16_224,visformer_small,consensus,31,ILSVRC2012_val_00039737.JPEG,0.08872179687023163,0.0019360609585419297,0.0001055810644174926,0.0018304799450561404
vit_base_patch16_224,visformer_small,shuffled_semantic,30,ILSVRC2012_val_00039490.JPEG,0.14135339856147766,0.0007662363350391388,-0.002087534172460437,0.0028537705074995756
vit_base_patch16_224,visformer_small,shuffled_semantic,31,ILSVRC2012_val_00039737.JPEG,0.08872179687023163,-0.0014667613431811333,0.0001055810644174926,-0.0015723423566669226
vit_base_patch16_224,visformer_small,phase,32,ILSVRC2012_val_00039746.JPEG,0.4045112729072571,0.006755952723324299,0.0007445839582942426,0.006011368706822395
vit_base_patch16_224,visformer_small,phase,33,ILSVRC2012_val_00039748.JPEG,0.3413534164428711,0.002377244643867016,-0.002552446909248829,0.004929691553115845
vit_base_patch16_224,visformer_small,flip,32,ILSVRC2012_val_00039746.JPEG,-0.13684208691120148,-0.0020005193073302507,0.0007445839582942426,-0.0027451033238321543
vit_base_patch16_224,visformer_small,flip,33,ILSVRC2012_val_00039748.JPEG,0.12631580233573914,-0.001296061440370977,-0.002552446909248829,0.001256385468877852
vit_base_patch16_224,visformer_small,consensus,32,ILSVRC2012_val_00039746.JPEG,0.06766915321350098,-0.0018116813153028488,0.0007445839582942426,-0.0025562653318047523
vit_base_patch16_224,visformer_small,consensus,33,ILSVRC2012_val_00039748.JPEG,0.21804511547088623,0.0017446607816964388,-0.002552446909248829,0.004297107458114624
vit_base_patch16_224,visformer_small,shuffled_semantic,32,ILSVRC2012_val_00039746.JPEG,0.1939849853515625,0.001353462808765471,0.0007445839582942426,0.0006088788504712284
vit_base_patch16_224,visformer_small,shuffled_semantic,33,ILSVRC2012_val_00039748.JPEG,-0.06616541743278503,-0.007192434277385473,-0.002552446909248829,-0.004639987368136644
vit_base_patch16_224,visformer_small,phase,34,ILSVRC2012_val_00039815.JPEG,0.11127818375825882,0.007783061359077692,0.005947282072156668,0.0018357792869210243
vit_base_patch16_224,visformer_small,phase,35,ILSVRC2012_val_00039842.JPEG,-0.033082712441682816,-0.0012684137327596545,-0.0022258174140006304,0.0009574036812409759
vit_base_patch16_224,visformer_small,flip,34,ILSVRC2012_val_00039815.JPEG,-0.1428571343421936,0.005465654656291008,0.005947282072156668,-0.0004816274158656597
vit_base_patch16_224,visformer_small,flip,35,ILSVRC2012_val_00039842.JPEG,-0.015037596225738525,-0.0012684137327596545,-0.0022258174140006304,0.0009574036812409759
vit_base_patch16_224,visformer_small,consensus,34,ILSVRC2012_val_00039815.JPEG,0.08571428805589676,0.008049234747886658,0.005947282072156668,0.00210195267572999
vit_base_patch16_224,visformer_small,consensus,35,ILSVRC2012_val_00039842.JPEG,-0.0015037711709737778,-0.0012684137327596545,-0.0022258174140006304,0.0009574036812409759
vit_base_patch16_224,visformer_small,shuffled_semantic,34,ILSVRC2012_val_00039815.JPEG,-0.4015037417411804,0.003792259143665433,0.005947282072156668,-0.0021550229284912348
vit_base_patch16_224,visformer_small,shuffled_semantic,35,ILSVRC2012_val_00039842.JPEG,-0.07067668437957764,-0.0032518289517611265,-0.0022258174140006304,-0.0010260115377604961
vit_base_patch16_224,visformer_small,phase,36,ILSVRC2012_val_00039892.JPEG,-0.022556379437446594,0.0014424019027501345,0.0013453675201162696,9.703438263386488e-05
vit_base_patch16_224,visformer_small,phase,37,ILSVRC2012_val_00039939.JPEG,0.344360888004303,0.008274290710687637,0.006931076291948557,0.0013432144187390804
vit_base_patch16_224,visformer_small,flip,36,ILSVRC2012_val_00039892.JPEG,0.16240602731704712,0.0007523380336351693,0.0013453675201162696,-0.0005930294864811003
vit_base_patch16_224,visformer_small,flip,37,ILSVRC2012_val_00039939.JPEG,0.33834582567214966,0.009366634301841259,0.006931076291948557,0.002435558009892702
vit_base_patch16_224,visformer_small,consensus,36,ILSVRC2012_val_00039892.JPEG,-0.013533830642700195,0.002265897346660495,0.0013453675201162696,0.0009205298265442252
vit_base_patch16_224,visformer_small,consensus,37,ILSVRC2012_val_00039939.JPEG,0.5563910007476807,0.009385022334754467,0.006931076291948557,0.00245394604280591
vit_base_patch16_224,visformer_small,shuffled_semantic,36,ILSVRC2012_val_00039892.JPEG,-0.10827068984508514,-0.0019101288635283709,0.0013453675201162696,-0.0032554962672293186
vit_base_patch16_224,visformer_small,shuffled_semantic,37,ILSVRC2012_val_00039939.JPEG,0.09022556990385056,0.007217291742563248,0.006931076291948557,0.0002862154506146908
vit_base_patch16_224,visformer_small,phase,38,ILSVRC2012_val_00040016.JPEG,-0.016541361808776855,-0.005306593608111143,-0.002207162557169795,-0.003099431050941348
vit_base_patch16_224,visformer_small,phase,39,ILSVRC2012_val_00040140.JPEG,-0.3639097809791565,0.0022753288503736258,0.008548240177333355,-0.0062729110941290855
vit_base_patch16_224,visformer_small,flip,38,ILSVRC2012_val_00040016.JPEG,-0.1293233186006546,-0.0032504615373909473,-0.002207162557169795,-0.0010432989802211523
vit_base_patch16_224,visformer_small,flip,39,ILSVRC2012_val_00040140.JPEG,-0.2766917049884796,0.006849946919828653,0.008548240177333355,-0.0016982932575047016
vit_base_patch16_224,visformer_small,consensus,38,ILSVRC2012_val_00040016.JPEG,-0.17142854630947113,-0.005985341500490904,-0.002207162557169795,-0.003778178943321109
vit_base_patch16_224,visformer_small,consensus,39,ILSVRC2012_val_00040140.JPEG,-0.46766915917396545,0.002275253413245082,0.008548240177333355,-0.006272986531257629
vit_base_patch16_224,visformer_small,shuffled_semantic,38,ILSVRC2012_val_00040016.JPEG,0.09624060243368149,-0.0006072015385143459,-0.002207162557169795,0.0015999609604477882
vit_base_patch16_224,visformer_small,shuffled_semantic,39,ILSVRC2012_val_00040140.JPEG,-0.1563909649848938,0.006927386857569218,0.008548240177333355,-0.0016208533197641373
vit_base_patch16_224,visformer_small,phase,40,ILSVRC2012_val_00040221.JPEG,0.3834586441516876,0.005580608267337084,0.0012773241614922881,0.004303283989429474
vit_base_patch16_224,visformer_small,phase,41,ILSVRC2012_val_00040291.JPEG,0.2255639135837555,0.0012655489845201373,-0.0010970381554216146,0.00236258702352643
vit_base_patch16_224,visformer_small,flip,40,ILSVRC2012_val_00040221.JPEG,0.5097744464874268,0.0030333504546433687,0.0012773241614922881,0.0017560262931510806
vit_base_patch16_224,visformer_small,flip,41,ILSVRC2012_val_00040291.JPEG,0.05864662677049637,0.00135289307218045,-0.0010970381554216146,0.0024499311111867428
vit_base_patch16_224,visformer_small,consensus,40,ILSVRC2012_val_00040221.JPEG,0.5789473056793213,0.008188269101083279,0.0012773241614922881,0.006910944823175669
vit_base_patch16_224,visformer_small,consensus,41,ILSVRC2012_val_00040291.JPEG,0.08721804618835449,-0.000991326873190701,-0.0010970381554216146,0.00010571128223091364
vit_base_patch16_224,visformer_small,shuffled_semantic,40,ILSVRC2012_val_00040221.JPEG,-0.11278197169303894,0.004852727986872196,0.0012773241614922881,0.0035754037089645863
vit_base_patch16_224,visformer_small,shuffled_semantic,41,ILSVRC2012_val_00040291.JPEG,0.19097748398780823,-0.004809757228940725,-0.0010970381554216146,-0.0037127190735191107
vit_base_patch16_224,visformer_small,phase,42,ILSVRC2012_val_00040345.JPEG,0.7082706689834595,0.017158133909106255,0.008046998642385006,0.009111135266721249
vit_base_patch16_224,visformer_small,phase,43,ILSVRC2012_val_00040407.JPEG,0.01203007623553276,0.003000392811372876,0.0030714967288076878,-7.110391743481159e-05
vit_base_patch16_224,visformer_small,flip,42,ILSVRC2012_val_00040345.JPEG,0.12330827116966248,0.010431150905787945,0.008046998642385006,0.002384152263402939
vit_base_patch16_224,visformer_small,flip,43,ILSVRC2012_val_00040407.JPEG,-0.019548876211047173,0.003462843596935272,0.0030714967288076878,0.00039134686812758446
vit_base_patch16_224,visformer_small,consensus,42,ILSVRC2012_val_00040345.JPEG,0.6706767082214355,0.013678491115570068,0.008046998642385006,0.005631492473185062
vit_base_patch16_224,visformer_small,consensus,43,ILSVRC2012_val_00040407.JPEG,-0.025563916191458702,0.0027824467979371548,0.0030714967288076878,-0.000289049930870533
vit_base_patch16_224,visformer_small,shuffled_semantic,42,ILSVRC2012_val_00040345.JPEG,0.26917293667793274,0.012562314048409462,0.008046998642385006,0.004515315406024456
vit_base_patch16_224,visformer_small,shuffled_semantic,43,ILSVRC2012_val_00040407.JPEG,0.20000000298023224,0.0042058913968503475,0.0030714967288076878,0.0011343946680426598
vit_base_patch16_224,visformer_small,phase,44,ILSVRC2012_val_00040452.JPEG,0.07218044996261597,0.006879228632897139,0.005748924799263477,0.0011303038336336613
vit_base_patch16_224,visformer_small,phase,45,ILSVRC2012_val_00040457.JPEG,0.4616541266441345,0.019888898357748985,0.013921584002673626,0.005967314355075359
vit_base_patch16_224,visformer_small,flip,44,ILSVRC2012_val_00040452.JPEG,-0.16240601241588593,0.005420696921646595,0.005748924799263477,-0.0003282278776168823
vit_base_patch16_224,visformer_small,flip,45,ILSVRC2012_val_00040457.JPEG,0.6000000238418579,0.016609758138656616,0.013921584002673626,0.0026881741359829903
vit_base_patch16_224,visformer_small,consensus,44,ILSVRC2012_val_00040452.JPEG,-0.05864660441875458,0.004886047448962927,0.005748924799263477,-0.0008628773503005505
vit_base_patch16_224,visformer_small,consensus,45,ILSVRC2012_val_00040457.JPEG,0.6045112609863281,0.01978515274822712,0.013921584002673626,0.0058635687455534935
vit_base_patch16_224,visformer_small,shuffled_semantic,44,ILSVRC2012_val_00040452.JPEG,0.13082705438137054,0.007774089463055134,0.005748924799263477,0.0020251646637916565
vit_base_patch16_224,visformer_small,shuffled_semantic,45,ILSVRC2012_val_00040457.JPEG,-0.004511281847953796,0.015104872174561024,0.013921584002673626,0.0011832881718873978
vit_base_patch16_224,visformer_small,phase,46,ILSVRC2012_val_00040494.JPEG,-0.46766915917396545,-0.0040891775861382484,-0.0013161991955712438,-0.0027729785069823265
vit_base_patch16_224,visformer_small,phase,47,ILSVRC2012_val_00040541.JPEG,0.01804511621594429,0.0017121529672294855,-0.0016149003058671951,0.0033270532730966806
vit_base_patch16_224,visformer_small,flip,46,ILSVRC2012_val_00040494.JPEG,-0.0781954824924469,-0.00031539631891064346,-0.0013161991955712438,0.0010008028475567698
vit_base_patch16_224,visformer_small,flip,47,ILSVRC2012_val_00040541.JPEG,-0.2030075192451477,-0.0014114612713456154,-0.0016149003058671951,0.00020343903452157974
vit_base_patch16_224,visformer_small,consensus,46,ILSVRC2012_val_00040494.JPEG,-0.06165413558483124,0.00044359994353726506,-0.0013161991955712438,0.0017597991973161697
vit_base_patch16_224,visformer_small,consensus,47,ILSVRC2012_val_00040541.JPEG,-0.007518798112869263,0.0004227748140692711,-0.0016149003058671951,0.0020376751199364662
vit_base_patch16_224,visformer_small,shuffled_semantic,46,ILSVRC2012_val_00040494.JPEG,-0.13984964787960052,-0.004496063571423292,-0.0013161991955712438,-0.0031798644922673702
vit_base_patch16_224,visformer_small,shuffled_semantic,47,ILSVRC2012_val_00040541.JPEG,-0.23609021306037903,-0.0010176971554756165,-0.0016149003058671951,0.0005972031503915787
vit_base_patch16_224,visformer_small,phase,48,ILSVRC2012_val_00040601.JPEG,-0.2902255356311798,0.0011195726692676544,0.0010801400057971478,3.943266347050667e-05
vit_base_patch16_224,visformer_small,phase,49,ILSVRC2012_val_00040634.JPEG,-0.11729325354099274,-0.0027346424758434296,-0.0003607120306696743,-0.0023739305324852467
vit_base_patch16_224,visformer_small,flip,48,ILSVRC2012_val_00040601.JPEG,-0.16992482542991638,-0.0002081312268273905,0.0010801400057971478,-0.001288271276280284
vit_base_patch16_224,visformer_small,flip,49,ILSVRC2012_val_00040634.JPEG,0.12481199949979782,-0.00029777828603982925,-0.0003607120306696743,6.293374462984502e-05
vit_base_patch16_224,visformer_small,consensus,48,ILSVRC2012_val_00040601.JPEG,-0.22255638241767883,0.0036321186926215887,0.0010801400057971478,0.002551978686824441
vit_base_patch16_224,visformer_small,consensus,49,ILSVRC2012_val_00040634.JPEG,-0.09624060988426208,-0.0015794013161212206,-0.0003607120306696743,-0.0012186892563477159
vit_base_patch16_224,visformer_small,shuffled_semantic,48,ILSVRC2012_val_00040601.JPEG,-0.13082706928253174,-0.0011623078025877476,0.0010801400057971478,-0.0022424478083848953
vit_base_patch16_224,visformer_small,shuffled_semantic,49,ILSVRC2012_val_00040634.JPEG,0.05112781375646591,-0.0006191053544171154,-0.0003607120306696743,-0.00025839332374744117
vit_base_patch16_224,visformer_small,phase,50,ILSVRC2012_val_00040798.JPEG,-0.1563909351825714,-0.0047491141594946384,-0.0020337228197604418,-0.0027153913397341967
vit_base_patch16_224,visformer_small,phase,51,ILSVRC2012_val_00040930.JPEG,-0.27518796920776367,0.009962520562112331,0.01477085705846548,-0.004808336496353149
vit_base_patch16_224,visformer_small,flip,50,ILSVRC2012_val_00040798.JPEG,0.15789473056793213,0.004783535376191139,-0.0020337228197604418,0.006817257963120937
vit_base_patch16_224,visformer_small,flip,51,ILSVRC2012_val_00040930.JPEG,-0.0827067568898201,0.01508686225861311,0.01477085705846548,0.0003160052001476288
vit_base_patch16_224,visformer_small,consensus,50,ILSVRC2012_val_00040798.JPEG,-0.19849622249603271,-0.0028791490476578474,-0.0020337228197604418,-0.0008454262278974056
vit_base_patch16_224,visformer_small,consensus,51,ILSVRC2012_val_00040930.JPEG,-0.14586466550827026,0.012462254613637924,0.01477085705846548,-0.0023086024448275566
vit_base_patch16_224,visformer_small,shuffled_semantic,50,ILSVRC2012_val_00040798.JPEG,-0.010526329278945923,-9.991992556024343e-05,-0.0020337228197604418,0.0019338028505444527
vit_base_patch16_224,visformer_small,shuffled_semantic,51,ILSVRC2012_val_00040930.JPEG,0.05864661931991577,0.018302226439118385,0.01477085705846548,0.0035313693806529045
vit_base_patch16_224,visformer_small,phase,52,ILSVRC2012_val_00040952.JPEG,-0.17744360864162445,0.02716168574988842,0.030197594314813614,-0.003035908564925194
vit_base_patch16_224,visformer_small,phase,53,ILSVRC2012_val_00040966.JPEG,0.25112780928611755,0.004162956960499287,0.0028221856337040663,0.0013407713267952204
vit_base_patch16_224,visformer_small,flip,52,ILSVRC2012_val_00040952.JPEG,0.2300751805305481,0.029343700036406517,0.030197594314813614,-0.0008538942784070969
vit_base_patch16_224,visformer_small,flip,53,ILSVRC2012_val_00040966.JPEG,-0.14135336875915527,0.004611022304743528,0.0028221856337040663,0.001788836671039462
vit_base_patch16_224,visformer_small,consensus,52,ILSVRC2012_val_00040952.JPEG,0.07969924807548523,0.03157644346356392,0.030197594314813614,0.0013788491487503052
vit_base_patch16_224,visformer_small,consensus,53,ILSVRC2012_val_00040966.JPEG,-0.015037596225738525,0.0007615330978296697,0.0028221856337040663,-0.0020606524776667356
vit_base_patch16_224,visformer_small,shuffled_semantic,52,ILSVRC2012_val_00040952.JPEG,-0.3037593960762024,0.02513151802122593,0.030197594314813614,-0.005066076293587685
vit_base_patch16_224,visformer_small,shuffled_semantic,53,ILSVRC2012_val_00040966.JPEG,0.19248121976852417,0.003302931785583496,0.0028221856337040663,0.0004807461518794298
vit_base_patch16_224,visformer_small,phase,54,ILSVRC2012_val_00041010.JPEG,0.09774433821439743,7.927473780000582e-05,-0.0005644745542667806,0.0006437493138946593
vit_base_patch16_224,visformer_small,phase,55,ILSVRC2012_val_00041063.JPEG,0.36240601539611816,0.01941545680165291,0.01599041186273098,0.0034250449389219284
vit_base_patch16_224,visformer_small,flip,54,ILSVRC2012_val_00041010.JPEG,0.2390977293252945,0.001008193357847631,-0.0005644745542667806,0.0015726678539067507
vit_base_patch16_224,visformer_small,flip,55,ILSVRC2012_val_00041063.JPEG,-0.015037596225738525,0.01834869012236595,0.01599041186273098,0.0023582782596349716
vit_base_patch16_224,visformer_small,consensus,54,ILSVRC2012_val_00041010.JPEG,0.3127819299697876,0.0004321848100516945,-0.0005644745542667806,0.0009966593934223056
vit_base_patch16_224,visformer_small,consensus,55,ILSVRC2012_val_00041063.JPEG,0.21804511547088623,0.01681772992014885,0.01599041186273098,0.0008273180574178696
vit_base_patch16_224,visformer_small,shuffled_semantic,54,ILSVRC2012_val_00041010.JPEG,-0.3924812376499176,-0.0031616685446351767,-0.0005644745542667806,-0.002597193932160735
vit_base_patch16_224,visformer_small,shuffled_semantic,55,ILSVRC2012_val_00041063.JPEG,-0.12030074000358582,0.016631945967674255,0.01599041186273098,0.0006415341049432755
vit_base_patch16_224,visformer_small,phase,56,ILSVRC2012_val_00041080.JPEG,-0.02857144922018051,0.011612765491008759,0.01187504269182682,-0.00026227720081806183
vit_base_patch16_224,visformer_small,phase,57,ILSVRC2012_val_00041241.JPEG,-0.13082706928253174,-0.002868497045710683,-0.00011913511116290465,-0.002749362029135227
vit_base_patch16_224,visformer_small,flip,56,ILSVRC2012_val_00041080.JPEG,-0.0962405800819397,0.008217545226216316,0.01187504269182682,-0.003657497465610504
vit_base_patch16_224,visformer_small,flip,57,ILSVRC2012_val_00041241.JPEG,0.19097745418548584,-0.0016600022790953517,-0.00011913511116290465,-0.0015408671461045742
vit_base_patch16_224,visformer_small,consensus,56,ILSVRC2012_val_00041080.JPEG,0.10225562751293182,0.014011581428349018,0.01187504269182682,0.0021365387365221977
vit_base_patch16_224,visformer_small,consensus,57,ILSVRC2012_val_00041241.JPEG,0.09473684430122375,-0.0011281982297077775,-0.00011913511116290465,-0.001009063096717
vit_base_patch16_224,visformer_small,shuffled_semantic,56,ILSVRC2012_val_00041080.JPEG,-0.2255639284849167,0.008002079091966152,0.01187504269182682,-0.003872963599860668
vit_base_patch16_224,visformer_small,shuffled_semantic,57,ILSVRC2012_val_00041241.JPEG,0.20451125502586365,0.003754944307729602,-0.00011913511116290465,0.0038740793243050575
vit_base_patch16_224,visformer_small,phase,58,ILSVRC2012_val_00041354.JPEG,-0.07518798112869263,0.01601634919643402,0.012857994996011257,0.003158354200422764
vit_base_patch16_224,visformer_small,phase,59,ILSVRC2012_val_00041406.JPEG,-0.13233083486557007,-0.0010039563057944179,0.0006659331847913563,-0.001669889548793435
vit_base_patch16_224,visformer_small,flip,58,ILSVRC2012_val_00041354.JPEG,-0.3879699110984802,0.0077684842981398106,0.012857994996011257,-0.005089510697871447
vit_base_patch16_224,visformer_small,flip,59,ILSVRC2012_val_00041406.JPEG,-0.20451128482818604,-0.0004953444004058838,0.0006659331847913563,-0.0011612775269895792
vit_base_patch16_224,visformer_small,consensus,58,ILSVRC2012_val_00041354.JPEG,-0.09473684430122375,0.01078006625175476,0.012857994996011257,-0.0020779287442564964
vit_base_patch16_224,visformer_small,consensus,59,ILSVRC2012_val_00041406.JPEG,-0.14135338366031647,-0.0010039563057944179,0.0006659331847913563,-0.001669889548793435
vit_base_patch16_224,visformer_small,shuffled_semantic,58,ILSVRC2012_val_00041354.JPEG,0.6511277556419373,0.020274003967642784,0.012857994996011257,0.007416008971631527
vit_base_patch16_224,visformer_small,shuffled_semantic,59,ILSVRC2012_val_00041406.JPEG,-0.015037573873996735,-0.0004936111508868635,0.0006659331847913563,-0.0011595443356782198
vit_base_patch16_224,visformer_small,phase,60,ILSVRC2012_val_00041468.JPEG,-0.42255640029907227,0.00477962289005518,0.008358659222722054,-0.003579036332666874
vit_base_patch16_224,visformer_small,phase,61,ILSVRC2012_val_00041474.JPEG,-0.048120297491550446,0.003289999905973673,0.0012039478169754148,0.00208605220541358
vit_base_patch16_224,visformer_small,flip,60,ILSVRC2012_val_00041468.JPEG,-0.03458647429943085,0.009887950494885445,0.008358659222722054,0.0015292912721633911
vit_base_patch16_224,visformer_small,flip,61,ILSVRC2012_val_00041474.JPEG,0.14586465060710907,0.0032095604110509157,0.0012039478169754148,0.002005612477660179
vit_base_patch16_224,visformer_small,consensus,60,ILSVRC2012_val_00041468.JPEG,-0.3278195858001709,0.006412537302821875,0.008358659222722054,-0.001946121919900179
vit_base_patch16_224,visformer_small,consensus,61,ILSVRC2012_val_00041474.JPEG,-0.031578950583934784,0.0020629949867725372,0.0012039478169754148,0.0008590471697971225
vit_base_patch16_224,visformer_small,shuffled_semantic,60,ILSVRC2012_val_00041468.JPEG,-0.03909774869680405,0.011240988969802856,0.008358659222722054,0.002882329747080803
vit_base_patch16_224,visformer_small,shuffled_semantic,61,ILSVRC2012_val_00041474.JPEG,-0.34285715222358704,-0.003979493863880634,0.0012039478169754148,-0.005183441564440727
vit_base_patch16_224,visformer_small,phase,62,ILSVRC2012_val_00041483.JPEG,0.33834585547447205,1.8012524378718808e-05,-0.0023170809727162123,0.0023350934498012066
vit_base_patch16_224,visformer_small,phase,63,ILSVRC2012_val_00041486.JPEG,0.16390976309776306,0.001940451213158667,0.0023574542719870806,-0.0004170030588284135
vit_base_patch16_224,visformer_small,flip,62,ILSVRC2012_val_00041483.JPEG,-0.02706768363714218,-0.005529124289751053,-0.0023170809727162123,-0.0032120433170348406
vit_base_patch16_224,visformer_small,flip,63,ILSVRC2012_val_00041486.JPEG,0.12330826371908188,0.0016614303458482027,0.0023574542719870806,-0.0006960239261388779
vit_base_patch16_224,visformer_small,consensus,62,ILSVRC2012_val_00041483.JPEG,0.2300751805305481,-0.0031545001547783613,-0.0023170809727162123,-0.000837419182062149
vit_base_patch16_224,visformer_small,consensus,63,ILSVRC2012_val_00041486.JPEG,0.138345867395401,0.002581931184977293,0.0023574542719870806,0.00022447691299021244
vit_base_patch16_224,visformer_small,shuffled_semantic,62,ILSVRC2012_val_00041483.JPEG,0.31127822399139404,-0.0019540979992598295,-0.0023170809727162123,0.00036298297345638275
vit_base_patch16_224,visformer_small,shuffled_semantic,63,ILSVRC2012_val_00041486.JPEG,0.08270677924156189,0.002277950057759881,0.0023574542719870806,-7.950421422719955e-05
