model,sample_index,image_name,target_mode,selector,drop_ratio,repeat,clean_correct,route_logit_drop,route_loss_increase,route_prediction_changed,map_rank_spearman,map_top_half_iou,candidate_zero_gradcam
pit_b_224,0,ILSVRC2012_val_00000031.JPEG,predicted,patch_score,0.15,0,True,0.1947193145751953,0.022268421947956085,False,1.0,1.0,1.0
pit_b_224,1,ILSVRC2012_val_00000081.JPEG,predicted,patch_score,0.15,0,True,-0.27231502532958984,-0.03491123020648956,False,1.0,1.0,1.0
pit_b_224,2,ILSVRC2012_val_00000102.JPEG,predicted,patch_score,0.15,0,True,0.8079948425292969,0.12554681301116943,False,1.0,1.0,1.0
pit_b_224,3,ILSVRC2012_val_00000117.JPEG,predicted,patch_score,0.15,0,True,0.5909013748168945,0.08287938684225082,False,1.0,1.0,1.0
pit_b_224,4,ILSVRC2012_val_00000120.JPEG,predicted,patch_score,0.15,0,True,-0.16607189178466797,-0.02393759787082672,False,1.0,1.0,1.0
pit_b_224,5,ILSVRC2012_val_00000138.JPEG,predicted,patch_score,0.15,0,True,0.1749105453491211,0.023910656571388245,False,1.0,1.0,1.0
pit_b_224,6,ILSVRC2012_val_00000166.JPEG,predicted,patch_score,0.15,0,True,0.3291473388671875,0.03874647617340088,False,1.0,1.0,1.0
pit_b_224,7,ILSVRC2012_val_00000262.JPEG,predicted,patch_score,0.15,0,True,0.4140281677246094,0.1020866185426712,False,1.0,1.0,1.0
pit_b_224,0,ILSVRC2012_val_00000031.JPEG,predicted,patch_score,0.15,1,True,0.14917945861816406,0.016459710896015167,False,1.0,1.0,1.0
pit_b_224,1,ILSVRC2012_val_00000081.JPEG,predicted,patch_score,0.15,1,True,-0.16869831085205078,-0.025377780199050903,False,1.0,1.0,1.0
pit_b_224,2,ILSVRC2012_val_00000102.JPEG,predicted,patch_score,0.15,1,True,0.9992408752441406,0.29163509607315063,False,1.0,1.0,1.0
pit_b_224,3,ILSVRC2012_val_00000117.JPEG,predicted,patch_score,0.15,1,True,0.9577398300170898,0.1262664794921875,False,1.0,1.0,1.0
pit_b_224,4,ILSVRC2012_val_00000120.JPEG,predicted,patch_score,0.15,1,True,0.1450061798095703,0.020433828234672546,False,1.0,1.0,1.0
pit_b_224,5,ILSVRC2012_val_00000138.JPEG,predicted,patch_score,0.15,1,True,0.030443191528320312,0.004107460379600525,False,1.0,1.0,1.0
pit_b_224,6,ILSVRC2012_val_00000166.JPEG,predicted,patch_score,0.15,1,True,0.08048152923583984,0.008559003472328186,False,1.0,1.0,1.0
pit_b_224,7,ILSVRC2012_val_00000262.JPEG,predicted,patch_score,0.15,1,True,0.49221038818359375,0.08814206719398499,False,1.0,1.0,1.0
pit_b_224,0,ILSVRC2012_val_00000031.JPEG,predicted,patch_score,0.15,2,True,0.22936248779296875,0.030019454658031464,False,1.0,1.0,1.0
pit_b_224,1,ILSVRC2012_val_00000081.JPEG,predicted,patch_score,0.15,2,True,-0.1651477813720703,-0.025645241141319275,False,1.0,1.0,1.0
pit_b_224,2,ILSVRC2012_val_00000102.JPEG,predicted,patch_score,0.15,2,True,0.6929531097412109,0.10449916869401932,False,1.0,1.0,1.0
pit_b_224,3,ILSVRC2012_val_00000117.JPEG,predicted,patch_score,0.15,2,True,0.31336402893066406,0.009645417332649231,False,1.0,1.0,1.0
pit_b_224,4,ILSVRC2012_val_00000120.JPEG,predicted,patch_score,0.15,2,True,-0.11319828033447266,-0.018300607800483704,False,1.0,1.0,1.0
pit_b_224,5,ILSVRC2012_val_00000138.JPEG,predicted,patch_score,0.15,2,True,0.06570243835449219,0.008846700191497803,False,1.0,1.0,1.0
pit_b_224,6,ILSVRC2012_val_00000166.JPEG,predicted,patch_score,0.15,2,True,0.14499378204345703,0.015782751142978668,False,1.0,1.0,1.0
pit_b_224,7,ILSVRC2012_val_00000262.JPEG,predicted,patch_score,0.15,2,True,0.2580137252807617,0.03609563410282135,False,1.0,1.0,1.0
pit_b_224,0,ILSVRC2012_val_00000031.JPEG,predicted,patch_score,0.15,3,True,0.3798847198486328,0.048328764736652374,False,1.0,1.0,1.0
pit_b_224,1,ILSVRC2012_val_00000081.JPEG,predicted,patch_score,0.15,3,True,-0.21677684783935547,-0.030188657343387604,False,1.0,1.0,1.0
pit_b_224,2,ILSVRC2012_val_00000102.JPEG,predicted,patch_score,0.15,3,True,0.7177934646606445,0.10896290093660355,False,1.0,1.0,1.0
pit_b_224,3,ILSVRC2012_val_00000117.JPEG,predicted,patch_score,0.15,3,True,0.7124185562133789,0.07615994662046432,False,1.0,1.0,1.0
pit_b_224,4,ILSVRC2012_val_00000120.JPEG,predicted,patch_score,0.15,3,True,0.012131690979003906,-0.0007256418466567993,False,1.0,1.0,1.0
pit_b_224,5,ILSVRC2012_val_00000138.JPEG,predicted,patch_score,0.15,3,True,-0.0621490478515625,-0.007316581904888153,False,1.0,1.0,1.0
pit_b_224,6,ILSVRC2012_val_00000166.JPEG,predicted,patch_score,0.15,3,True,0.21612071990966797,0.023946747183799744,False,1.0,1.0,1.0
pit_b_224,7,ILSVRC2012_val_00000262.JPEG,predicted,patch_score,0.15,3,True,0.44046878814697266,0.06478360295295715,False,1.0,1.0,1.0
pit_b_224,0,ILSVRC2012_val_00000031.JPEG,predicted,gradcam_relu,0.15,0,True,0.10687541961669922,0.012677483260631561,False,0.17742672562599182,0.2075471729040146,1.0
pit_b_224,1,ILSVRC2012_val_00000081.JPEG,predicted,gradcam_relu,0.15,0,True,-0.2269601821899414,-0.02922753244638443,False,-0.4865384101867676,0.4883720874786377,1.0
pit_b_224,2,ILSVRC2012_val_00000102.JPEG,predicted,gradcam_relu,0.15,0,True,0.4449033737182617,0.057076193392276764,False,0.08058607578277588,0.3913043439388275,1.0
pit_b_224,3,ILSVRC2012_val_00000117.JPEG,predicted,gradcam_relu,0.15,0,True,0.49776554107666016,0.05547129362821579,False,0.40155673027038574,0.2075471729040146,1.0
pit_b_224,4,ILSVRC2012_val_00000120.JPEG,predicted,gradcam_relu,0.15,0,True,-0.22762584686279297,-0.03287827968597412,False,0.09445969760417938,0.30612245202064514,1.0
pit_b_224,5,ILSVRC2012_val_00000138.JPEG,predicted,gradcam_relu,0.15,0,True,0.24255752563476562,0.03338320553302765,False,-0.4238094985485077,0.4545454680919647,1.0
pit_b_224,6,ILSVRC2012_val_00000166.JPEG,predicted,gradcam_relu,0.15,0,True,0.3981790542602539,0.04872553050518036,False,-0.4532508850097656,0.4883720874786377,1.0
pit_b_224,7,ILSVRC2012_val_00000262.JPEG,predicted,gradcam_relu,0.15,0,True,0.232696533203125,0.031254857778549194,False,-0.20828752219676971,0.4883720874786377,1.0
pit_b_224,0,ILSVRC2012_val_00000031.JPEG,predicted,gradcam_relu,0.15,1,True,0.3999004364013672,0.053662337362766266,False,0.17742672562599182,0.2075471729040146,1.0
pit_b_224,1,ILSVRC2012_val_00000081.JPEG,predicted,gradcam_relu,0.15,1,True,0.28711986541748047,0.0441807359457016,False,-0.4865384101867676,0.4883720874786377,1.0
pit_b_224,2,ILSVRC2012_val_00000102.JPEG,predicted,gradcam_relu,0.15,1,True,0.48738670349121094,0.06438400596380234,False,0.08058607578277588,0.3913043439388275,1.0
pit_b_224,3,ILSVRC2012_val_00000117.JPEG,predicted,gradcam_relu,0.15,1,True,0.6200342178344727,0.06648651510477066,False,0.40155673027038574,0.2075471729040146,1.0
pit_b_224,4,ILSVRC2012_val_00000120.JPEG,predicted,gradcam_relu,0.15,1,True,0.23423004150390625,0.03604944050312042,False,0.09445969760417938,0.30612245202064514,1.0
pit_b_224,5,ILSVRC2012_val_00000138.JPEG,predicted,gradcam_relu,0.15,1,True,0.31330108642578125,0.04440358281135559,False,-0.4238094985485077,0.4545454680919647,1.0
pit_b_224,6,ILSVRC2012_val_00000166.JPEG,predicted,gradcam_relu,0.15,1,True,0.44364261627197266,0.05498121678829193,False,-0.4532508850097656,0.4883720874786377,1.0
pit_b_224,7,ILSVRC2012_val_00000262.JPEG,predicted,gradcam_relu,0.15,1,True,0.3063926696777344,0.04285450279712677,False,-0.20828752219676971,0.4883720874786377,1.0
pit_b_224,0,ILSVRC2012_val_00000031.JPEG,predicted,gradcam_relu,0.15,2,True,0.3474903106689453,0.04600252956151962,False,0.17742672562599182,0.2075471729040146,1.0
pit_b_224,1,ILSVRC2012_val_00000081.JPEG,predicted,gradcam_relu,0.15,2,True,-0.1804494857788086,-0.028236746788024902,False,-0.4865384101867676,0.4883720874786377,1.0
pit_b_224,2,ILSVRC2012_val_00000102.JPEG,predicted,gradcam_relu,0.15,2,True,0.6609706878662109,0.08986803144216537,False,0.08058607578277588,0.3913043439388275,1.0
pit_b_224,3,ILSVRC2012_val_00000117.JPEG,predicted,gradcam_relu,0.15,2,True,0.8941240310668945,0.1414605975151062,False,0.40155673027038574,0.2075471729040146,1.0
pit_b_224,4,ILSVRC2012_val_00000120.JPEG,predicted,gradcam_relu,0.15,2,True,-0.131927490234375,-0.021146267652511597,False,0.09445969760417938,0.30612245202064514,1.0
pit_b_224,5,ILSVRC2012_val_00000138.JPEG,predicted,gradcam_relu,0.15,2,True,0.5065269470214844,0.07796366512775421,False,-0.4238094985485077,0.4545454680919647,1.0
pit_b_224,6,ILSVRC2012_val_00000166.JPEG,predicted,gradcam_relu,0.15,2,True,0.08069801330566406,0.008216828107833862,False,-0.4532508850097656,0.4883720874786377,1.0
pit_b_224,7,ILSVRC2012_val_00000262.JPEG,predicted,gradcam_relu,0.15,2,True,0.13716506958007812,0.02453148365020752,False,-0.20828752219676971,0.4883720874786377,1.0
pit_b_224,0,ILSVRC2012_val_00000031.JPEG,predicted,gradcam_relu,0.15,3,True,0.22070693969726562,0.04311767965555191,False,0.17742672562599182,0.2075471729040146,1.0
pit_b_224,1,ILSVRC2012_val_00000081.JPEG,predicted,gradcam_relu,0.15,3,True,0.31053829193115234,0.03631414473056793,False,-0.4865384101867676,0.4883720874786377,1.0
pit_b_224,2,ILSVRC2012_val_00000102.JPEG,predicted,gradcam_relu,0.15,3,True,0.5906429290771484,0.08459935337305069,False,0.08058607578277588,0.3913043439388275,1.0
pit_b_224,3,ILSVRC2012_val_00000117.JPEG,predicted,gradcam_relu,0.15,3,True,0.7005424499511719,0.11327556520700455,False,0.40155673027038574,0.2075471729040146,1.0
pit_b_224,4,ILSVRC2012_val_00000120.JPEG,predicted,gradcam_relu,0.15,3,True,0.1299753189086914,0.01721198856830597,False,0.09445969760417938,0.30612245202064514,1.0
pit_b_224,5,ILSVRC2012_val_00000138.JPEG,predicted,gradcam_relu,0.15,3,True,0.09216117858886719,0.012028858065605164,False,-0.4238094985485077,0.4545454680919647,1.0
pit_b_224,6,ILSVRC2012_val_00000166.JPEG,predicted,gradcam_relu,0.15,3,True,0.5158224105834961,0.06694208085536957,False,-0.4532508850097656,0.4883720874786377,1.0
pit_b_224,7,ILSVRC2012_val_00000262.JPEG,predicted,gradcam_relu,0.15,3,True,0.1251201629638672,0.02088288962841034,False,-0.20828752219676971,0.4883720874786377,1.0
pit_b_224,0,ILSVRC2012_val_00000031.JPEG,predicted,gradcam_signed,0.15,0,True,0.2691230773925781,0.03420179337263107,False,0.17742672562599182,0.2075471729040146,1.0
pit_b_224,1,ILSVRC2012_val_00000081.JPEG,predicted,gradcam_signed,0.15,0,True,0.09048938751220703,0.007856771349906921,False,-0.4865384101867676,0.4883720874786377,1.0
pit_b_224,2,ILSVRC2012_val_00000102.JPEG,predicted,gradcam_signed,0.15,0,True,0.7521228790283203,0.10794004052877426,False,0.08058607578277588,0.3913043439388275,1.0
pit_b_224,3,ILSVRC2012_val_00000117.JPEG,predicted,gradcam_signed,0.15,0,True,0.6771507263183594,0.08214686065912247,False,0.40155673027038574,0.2075471729040146,1.0
pit_b_224,4,ILSVRC2012_val_00000120.JPEG,predicted,gradcam_signed,0.15,0,True,-0.07332992553710938,-0.011750474572181702,False,0.09445969760417938,0.30612245202064514,1.0
pit_b_224,5,ILSVRC2012_val_00000138.JPEG,predicted,gradcam_signed,0.15,0,True,0.09567832946777344,0.01271548867225647,False,-0.4238094985485077,0.4545454680919647,1.0
pit_b_224,6,ILSVRC2012_val_00000166.JPEG,predicted,gradcam_signed,0.15,0,True,0.13240337371826172,0.014554083347320557,False,-0.4532508850097656,0.4883720874786377,1.0
pit_b_224,7,ILSVRC2012_val_00000262.JPEG,predicted,gradcam_signed,0.15,0,True,0.1313629150390625,0.015979349613189697,False,-0.20828752219676971,0.4883720874786377,1.0
pit_b_224,0,ILSVRC2012_val_00000031.JPEG,predicted,gradcam_signed,0.15,1,True,0.4985189437866211,0.06976760178804398,False,0.17742672562599182,0.2075471729040146,1.0
pit_b_224,1,ILSVRC2012_val_00000081.JPEG,predicted,gradcam_signed,0.15,1,True,0.0177764892578125,-0.0038635283708572388,False,-0.4865384101867676,0.4883720874786377,1.0
pit_b_224,2,ILSVRC2012_val_00000102.JPEG,predicted,gradcam_signed,0.15,1,True,0.5833187103271484,0.08133318275213242,False,0.08058607578277588,0.3913043439388275,1.0
pit_b_224,3,ILSVRC2012_val_00000117.JPEG,predicted,gradcam_signed,0.15,1,True,1.0160856246948242,0.11830591410398483,False,0.40155673027038574,0.2075471729040146,1.0
pit_b_224,4,ILSVRC2012_val_00000120.JPEG,predicted,gradcam_signed,0.15,1,True,0.02021026611328125,0.00034783780574798584,False,0.09445969760417938,0.30612245202064514,1.0
pit_b_224,5,ILSVRC2012_val_00000138.JPEG,predicted,gradcam_signed,0.15,1,True,0.21329116821289062,0.030510202050209045,False,-0.4238094985485077,0.4545454680919647,1.0
pit_b_224,6,ILSVRC2012_val_00000166.JPEG,predicted,gradcam_signed,0.15,1,True,0.11501884460449219,0.012180782854557037,False,-0.4532508850097656,0.4883720874786377,1.0
pit_b_224,7,ILSVRC2012_val_00000262.JPEG,predicted,gradcam_signed,0.15,1,True,0.07070541381835938,0.0087069571018219,False,-0.20828752219676971,0.4883720874786377,1.0
pit_b_224,0,ILSVRC2012_val_00000031.JPEG,predicted,gradcam_signed,0.15,2,True,0.0385284423828125,0.00373685359954834,False,0.17742672562599182,0.2075471729040146,1.0
pit_b_224,1,ILSVRC2012_val_00000081.JPEG,predicted,gradcam_signed,0.15,2,True,0.31560325622558594,0.04444819688796997,False,-0.4865384101867676,0.4883720874786377,1.0
pit_b_224,2,ILSVRC2012_val_00000102.JPEG,predicted,gradcam_signed,0.15,2,True,0.8944034576416016,0.14882439374923706,False,0.08058607578277588,0.3913043439388275,1.0
pit_b_224,3,ILSVRC2012_val_00000117.JPEG,predicted,gradcam_signed,0.15,2,True,0.5226221084594727,0.04455094784498215,False,0.40155673027038574,0.2075471729040146,1.0
pit_b_224,4,ILSVRC2012_val_00000120.JPEG,predicted,gradcam_signed,0.15,2,True,0.07033824920654297,0.00836828351020813,False,0.09445969760417938,0.30612245202064514,1.0
pit_b_224,5,ILSVRC2012_val_00000138.JPEG,predicted,gradcam_signed,0.15,2,True,0.14750289916992188,0.01942412555217743,False,-0.4238094985485077,0.4545454680919647,1.0
pit_b_224,6,ILSVRC2012_val_00000166.JPEG,predicted,gradcam_signed,0.15,2,True,0.13208770751953125,0.01402764767408371,False,-0.4532508850097656,0.4883720874786377,1.0
pit_b_224,7,ILSVRC2012_val_00000262.JPEG,predicted,gradcam_signed,0.15,2,True,0.19010639190673828,0.02486690878868103,False,-0.20828752219676971,0.4883720874786377,1.0
pit_b_224,0,ILSVRC2012_val_00000031.JPEG,predicted,gradcam_signed,0.15,3,True,0.06554317474365234,0.006848670542240143,False,0.17742672562599182,0.2075471729040146,1.0
pit_b_224,1,ILSVRC2012_val_00000081.JPEG,predicted,gradcam_signed,0.15,3,True,0.12942886352539062,0.009387463331222534,False,-0.4865384101867676,0.4883720874786377,1.0
pit_b_224,2,ILSVRC2012_val_00000102.JPEG,predicted,gradcam_signed,0.15,3,True,0.6320972442626953,0.09193520992994308,False,0.08058607578277588,0.3913043439388275,1.0
pit_b_224,3,ILSVRC2012_val_00000117.JPEG,predicted,gradcam_signed,0.15,3,True,0.8811464309692383,0.1054091677069664,False,0.40155673027038574,0.2075471729040146,1.0
pit_b_224,4,ILSVRC2012_val_00000120.JPEG,predicted,gradcam_signed,0.15,3,True,0.09917640686035156,0.014952614903450012,False,0.09445969760417938,0.30612245202064514,1.0
pit_b_224,5,ILSVRC2012_val_00000138.JPEG,predicted,gradcam_signed,0.15,3,True,0.1450023651123047,0.018884703516960144,False,-0.4238094985485077,0.4545454680919647,1.0
pit_b_224,6,ILSVRC2012_val_00000166.JPEG,predicted,gradcam_signed,0.15,3,True,0.00034809112548828125,-7.971376180648804e-05,False,-0.4532508850097656,0.4883720874786377,1.0
pit_b_224,7,ILSVRC2012_val_00000262.JPEG,predicted,gradcam_signed,0.15,3,True,0.19791316986083984,0.027742445468902588,False,-0.20828752219676971,0.4883720874786377,1.0
pit_b_224,0,ILSVRC2012_val_00000031.JPEG,predicted,gradcam_abs,0.15,0,True,0.09360694885253906,0.01083441823720932,False,0.17742672562599182,0.2075471729040146,1.0
pit_b_224,1,ILSVRC2012_val_00000081.JPEG,predicted,gradcam_abs,0.15,0,True,-0.028639793395996094,0.006499946117401123,False,-0.4865384101867676,0.4883720874786377,1.0
pit_b_224,2,ILSVRC2012_val_00000102.JPEG,predicted,gradcam_abs,0.15,0,True,0.5071926116943359,0.07754086703062057,False,0.08058607578277588,0.3913043439388275,1.0
pit_b_224,3,ILSVRC2012_val_00000117.JPEG,predicted,gradcam_abs,0.15,0,True,0.823826789855957,0.08541353791952133,False,0.40155673027038574,0.2075471729040146,1.0
pit_b_224,4,ILSVRC2012_val_00000120.JPEG,predicted,gradcam_abs,0.15,0,True,0.34219932556152344,0.05586725473403931,False,0.09445969760417938,0.30612245202064514,1.0
pit_b_224,5,ILSVRC2012_val_00000138.JPEG,predicted,gradcam_abs,0.15,0,True,0.15462875366210938,0.020493194460868835,False,-0.4238094985485077,0.4545454680919647,1.0
pit_b_224,6,ILSVRC2012_val_00000166.JPEG,predicted,gradcam_abs,0.15,0,True,0.0989389419555664,0.010324671864509583,False,-0.4532508850097656,0.4883720874786377,1.0
pit_b_224,7,ILSVRC2012_val_00000262.JPEG,predicted,gradcam_abs,0.15,0,True,0.15750503540039062,0.02532169222831726,False,-0.20828752219676971,0.4883720874786377,1.0
pit_b_224,0,ILSVRC2012_val_00000031.JPEG,predicted,gradcam_abs,0.15,1,True,0.2651252746582031,0.035334788262844086,False,0.17742672562599182,0.2075471729040146,1.0
pit_b_224,1,ILSVRC2012_val_00000081.JPEG,predicted,gradcam_abs,0.15,1,True,0.12376880645751953,0.008323565125465393,False,-0.4865384101867676,0.4883720874786377,1.0
pit_b_224,2,ILSVRC2012_val_00000102.JPEG,predicted,gradcam_abs,0.15,1,True,0.8095836639404297,0.11824313551187515,False,0.08058607578277588,0.3913043439388275,1.0
pit_b_224,3,ILSVRC2012_val_00000117.JPEG,predicted,gradcam_abs,0.15,1,True,0.6191654205322266,0.059394948184490204,False,0.40155673027038574,0.2075471729040146,1.0
pit_b_224,4,ILSVRC2012_val_00000120.JPEG,predicted,gradcam_abs,0.15,1,True,0.1230936050415039,0.026207923889160156,False,0.09445969760417938,0.30612245202064514,1.0
pit_b_224,5,ILSVRC2012_val_00000138.JPEG,predicted,gradcam_abs,0.15,1,True,0.31961536407470703,0.04537831246852875,False,-0.4238094985485077,0.4545454680919647,1.0
pit_b_224,6,ILSVRC2012_val_00000166.JPEG,predicted,gradcam_abs,0.15,1,True,0.057753562927246094,0.005954250693321228,False,-0.4532508850097656,0.4883720874786377,1.0
pit_b_224,7,ILSVRC2012_val_00000262.JPEG,predicted,gradcam_abs,0.15,1,True,0.4315509796142578,0.06091073155403137,False,-0.20828752219676971,0.4883720874786377,1.0
pit_b_224,0,ILSVRC2012_val_00000031.JPEG,predicted,gradcam_abs,0.15,2,True,0.2166118621826172,0.026743851602077484,False,0.17742672562599182,0.2075471729040146,1.0
pit_b_224,1,ILSVRC2012_val_00000081.JPEG,predicted,gradcam_abs,0.15,2,True,0.10345935821533203,0.017597347497940063,False,-0.4865384101867676,0.4883720874786377,1.0
pit_b_224,2,ILSVRC2012_val_00000102.JPEG,predicted,gradcam_abs,0.15,2,True,0.8065881729125977,0.11940816789865494,False,0.08058607578277588,0.3913043439388275,1.0
pit_b_224,3,ILSVRC2012_val_00000117.JPEG,predicted,gradcam_abs,0.15,2,True,0.6718587875366211,0.05629441887140274,False,0.40155673027038574,0.2075471729040146,1.0
pit_b_224,4,ILSVRC2012_val_00000120.JPEG,predicted,gradcam_abs,0.15,2,True,0.053032875061035156,0.00556829571723938,False,0.09445969760417938,0.30612245202064514,1.0
pit_b_224,5,ILSVRC2012_val_00000138.JPEG,predicted,gradcam_abs,0.15,2,True,0.25133323669433594,0.03493204712867737,False,-0.4238094985485077,0.4545454680919647,1.0
pit_b_224,6,ILSVRC2012_val_00000166.JPEG,predicted,gradcam_abs,0.15,2,True,0.17652225494384766,0.019251838326454163,False,-0.4532508850097656,0.4883720874786377,1.0
pit_b_224,7,ILSVRC2012_val_00000262.JPEG,predicted,gradcam_abs,0.15,2,True,0.2069683074951172,0.0267668217420578,False,-0.20828752219676971,0.4883720874786377,1.0
pit_b_224,0,ILSVRC2012_val_00000031.JPEG,predicted,gradcam_abs,0.15,3,True,0.5146341323852539,0.07547364383935928,False,0.17742672562599182,0.2075471729040146,1.0
pit_b_224,1,ILSVRC2012_val_00000081.JPEG,predicted,gradcam_abs,0.15,3,True,-0.0863809585571289,-0.017382904887199402,False,-0.4865384101867676,0.4883720874786377,1.0
pit_b_224,2,ILSVRC2012_val_00000102.JPEG,predicted,gradcam_abs,0.15,3,True,0.9602565765380859,0.16082340478897095,False,0.08058607578277588,0.3913043439388275,1.0
pit_b_224,3,ILSVRC2012_val_00000117.JPEG,predicted,gradcam_abs,0.15,3,True,0.5943536758422852,0.07890134304761887,False,0.40155673027038574,0.2075471729040146,1.0
pit_b_224,4,ILSVRC2012_val_00000120.JPEG,predicted,gradcam_abs,0.15,3,True,-0.18790912628173828,-0.028020545840263367,False,0.09445969760417938,0.30612245202064514,1.0
pit_b_224,5,ILSVRC2012_val_00000138.JPEG,predicted,gradcam_abs,0.15,3,True,0.30153751373291016,0.042508870363235474,False,-0.4238094985485077,0.4545454680919647,1.0
pit_b_224,6,ILSVRC2012_val_00000166.JPEG,predicted,gradcam_abs,0.15,3,True,0.11222553253173828,0.011972323060035706,False,-0.4532508850097656,0.4883720874786377,1.0
pit_b_224,7,ILSVRC2012_val_00000262.JPEG,predicted,gradcam_abs,0.15,3,True,0.20954132080078125,0.028653085231781006,False,-0.20828752219676971,0.4883720874786377,1.0
pit_b_224,0,ILSVRC2012_val_00000031.JPEG,predicted,random_uniform,0.15,0,True,0.06530952453613281,0.00716681033372879,False,1.0,1.0,1.0
pit_b_224,1,ILSVRC2012_val_00000081.JPEG,predicted,random_uniform,0.15,0,True,-0.23211097717285156,-0.03213690221309662,False,1.0,1.0,1.0
pit_b_224,2,ILSVRC2012_val_00000102.JPEG,predicted,random_uniform,0.15,0,True,0.34801483154296875,0.04219021648168564,False,1.0,1.0,1.0
pit_b_224,3,ILSVRC2012_val_00000117.JPEG,predicted,random_uniform,0.15,0,True,0.5816507339477539,0.05611627548933029,False,1.0,1.0,1.0
pit_b_224,4,ILSVRC2012_val_00000120.JPEG,predicted,random_uniform,0.15,0,True,0.055464744567871094,0.005457863211631775,False,1.0,1.0,1.0
pit_b_224,5,ILSVRC2012_val_00000138.JPEG,predicted,random_uniform,0.15,0,True,0.12613677978515625,0.016801565885543823,False,1.0,1.0,1.0
pit_b_224,6,ILSVRC2012_val_00000166.JPEG,predicted,random_uniform,0.15,0,True,0.29749584197998047,0.034956276416778564,False,1.0,1.0,1.0
pit_b_224,7,ILSVRC2012_val_00000262.JPEG,predicted,random_uniform,0.15,0,True,0.4009990692138672,0.08243928849697113,False,1.0,1.0,1.0
pit_b_224,0,ILSVRC2012_val_00000031.JPEG,predicted,random_uniform,0.15,1,True,0.05559539794921875,0.005404293537139893,False,1.0,1.0,1.0
pit_b_224,1,ILSVRC2012_val_00000081.JPEG,predicted,random_uniform,0.15,1,True,-0.14620018005371094,-0.02488671988248825,False,1.0,1.0,1.0
pit_b_224,2,ILSVRC2012_val_00000102.JPEG,predicted,random_uniform,0.15,1,True,0.5753517150878906,0.08365129679441452,False,1.0,1.0,1.0
pit_b_224,3,ILSVRC2012_val_00000117.JPEG,predicted,random_uniform,0.15,1,True,0.18554973602294922,0.003559812903404236,False,1.0,1.0,1.0
pit_b_224,4,ILSVRC2012_val_00000120.JPEG,predicted,random_uniform,0.15,1,True,0.18054485321044922,0.026646912097930908,False,1.0,1.0,1.0
pit_b_224,5,ILSVRC2012_val_00000138.JPEG,predicted,random_uniform,0.15,1,True,0.1127309799194336,0.014811575412750244,False,1.0,1.0,1.0
pit_b_224,6,ILSVRC2012_val_00000166.JPEG,predicted,random_uniform,0.15,1,True,0.0638742446899414,0.006479211151599884,False,1.0,1.0,1.0
pit_b_224,7,ILSVRC2012_val_00000262.JPEG,predicted,random_uniform,0.15,1,True,0.24674606323242188,0.04164223372936249,False,1.0,1.0,1.0
pit_b_224,0,ILSVRC2012_val_00000031.JPEG,predicted,random_uniform,0.15,2,True,0.19037437438964844,0.022499434649944305,False,1.0,1.0,1.0
pit_b_224,1,ILSVRC2012_val_00000081.JPEG,predicted,random_uniform,0.15,2,True,-0.3910503387451172,-0.046880148351192474,False,1.0,1.0,1.0
pit_b_224,2,ILSVRC2012_val_00000102.JPEG,predicted,random_uniform,0.15,2,True,0.5699748992919922,0.08139028400182724,False,1.0,1.0,1.0
pit_b_224,3,ILSVRC2012_val_00000117.JPEG,predicted,random_uniform,0.15,2,True,0.23410701751708984,0.016539260745048523,False,1.0,1.0,1.0
pit_b_224,4,ILSVRC2012_val_00000120.JPEG,predicted,random_uniform,0.15,2,True,0.38904857635498047,0.07065989077091217,False,1.0,1.0,1.0
pit_b_224,5,ILSVRC2012_val_00000138.JPEG,predicted,random_uniform,0.15,2,True,0.0615692138671875,0.00802372395992279,False,1.0,1.0,1.0
pit_b_224,6,ILSVRC2012_val_00000166.JPEG,predicted,random_uniform,0.15,2,True,0.2051830291748047,0.022972270846366882,False,1.0,1.0,1.0
pit_b_224,7,ILSVRC2012_val_00000262.JPEG,predicted,random_uniform,0.15,2,True,0.38862133026123047,0.0615643709897995,False,1.0,1.0,1.0
pit_b_224,0,ILSVRC2012_val_00000031.JPEG,predicted,random_uniform,0.15,3,True,0.3387260437011719,0.042625583708286285,False,1.0,1.0,1.0
pit_b_224,1,ILSVRC2012_val_00000081.JPEG,predicted,random_uniform,0.15,3,True,-0.08046245574951172,-0.015191152691841125,False,1.0,1.0,1.0
pit_b_224,2,ILSVRC2012_val_00000102.JPEG,predicted,random_uniform,0.15,3,True,0.6426048278808594,0.09950261563062668,False,1.0,1.0,1.0
pit_b_224,3,ILSVRC2012_val_00000117.JPEG,predicted,random_uniform,0.15,3,True,0.37902355194091797,0.03223154693841934,False,1.0,1.0,1.0
pit_b_224,4,ILSVRC2012_val_00000120.JPEG,predicted,random_uniform,0.15,3,True,-0.06625556945800781,-0.010501369833946228,False,1.0,1.0,1.0
pit_b_224,5,ILSVRC2012_val_00000138.JPEG,predicted,random_uniform,0.15,3,True,-0.012495040893554688,-0.0008568614721298218,False,1.0,1.0,1.0
pit_b_224,6,ILSVRC2012_val_00000166.JPEG,predicted,random_uniform,0.15,3,True,0.04741382598876953,0.004673287272453308,False,1.0,1.0,1.0
pit_b_224,7,ILSVRC2012_val_00000262.JPEG,predicted,random_uniform,0.15,3,True,0.29929351806640625,0.03947298228740692,False,1.0,1.0,1.0
pit_b_224,8,ILSVRC2012_val_00000299.JPEG,predicted,patch_score,0.15,0,True,0.037735939025878906,0.005741909146308899,False,1.0,1.0,1.0
pit_b_224,9,ILSVRC2012_val_00000410.JPEG,predicted,patch_score,0.15,0,True,0.005928993225097656,-0.0013198107481002808,False,1.0,1.0,1.0
pit_b_224,10,ILSVRC2012_val_00000499.JPEG,predicted,patch_score,0.15,0,True,0.20312881469726562,0.02619794011116028,False,1.0,1.0,1.0
pit_b_224,11,ILSVRC2012_val_00000526.JPEG,predicted,patch_score,0.15,0,True,0.1591796875,0.021640241146087646,False,1.0,1.0,1.0
pit_b_224,12,ILSVRC2012_val_00000537.JPEG,predicted,patch_score,0.15,0,True,-0.17273712158203125,-0.026442721486091614,False,1.0,1.0,1.0
pit_b_224,13,ILSVRC2012_val_00000548.JPEG,predicted,patch_score,0.15,0,True,0.5140275955200195,0.05263718217611313,False,1.0,1.0,1.0
pit_b_224,14,ILSVRC2012_val_00000575.JPEG,predicted,patch_score,0.15,0,True,0.41839122772216797,0.07996311783790588,False,1.0,1.0,1.0
pit_b_224,15,ILSVRC2012_val_00000602.JPEG,predicted,patch_score,0.15,0,True,0.4565849304199219,0.04812139272689819,False,1.0,1.0,1.0
pit_b_224,8,ILSVRC2012_val_00000299.JPEG,predicted,patch_score,0.15,1,True,0.016699790954589844,0.002431347966194153,False,1.0,1.0,1.0
pit_b_224,9,ILSVRC2012_val_00000410.JPEG,predicted,patch_score,0.15,1,True,-0.1079092025756836,-0.014787942171096802,False,1.0,1.0,1.0
pit_b_224,10,ILSVRC2012_val_00000499.JPEG,predicted,patch_score,0.15,1,True,0.19061851501464844,0.024396419525146484,False,1.0,1.0,1.0
pit_b_224,11,ILSVRC2012_val_00000526.JPEG,predicted,patch_score,0.15,1,True,0.18752479553222656,0.029652908444404602,False,1.0,1.0,1.0
pit_b_224,12,ILSVRC2012_val_00000537.JPEG,predicted,patch_score,0.15,1,True,-0.06905555725097656,0.012730121612548828,False,1.0,1.0,1.0
pit_b_224,13,ILSVRC2012_val_00000548.JPEG,predicted,patch_score,0.15,1,True,0.6825532913208008,0.07605438679456711,False,1.0,1.0,1.0
pit_b_224,14,ILSVRC2012_val_00000575.JPEG,predicted,patch_score,0.15,1,True,0.6960039138793945,0.2303590327501297,False,1.0,1.0,1.0
pit_b_224,15,ILSVRC2012_val_00000602.JPEG,predicted,patch_score,0.15,1,True,0.6196451187133789,0.07389391958713531,False,1.0,1.0,1.0
pit_b_224,8,ILSVRC2012_val_00000299.JPEG,predicted,patch_score,0.15,2,True,0.13287830352783203,0.018215596675872803,False,1.0,1.0,1.0
pit_b_224,9,ILSVRC2012_val_00000410.JPEG,predicted,patch_score,0.15,2,True,0.05848407745361328,0.0031783655285835266,False,1.0,1.0,1.0
pit_b_224,10,ILSVRC2012_val_00000499.JPEG,predicted,patch_score,0.15,2,True,0.25292110443115234,0.03359018266201019,False,1.0,1.0,1.0
pit_b_224,11,ILSVRC2012_val_00000526.JPEG,predicted,patch_score,0.15,2,True,0.4602680206298828,0.0739172101020813,False,1.0,1.0,1.0
pit_b_224,12,ILSVRC2012_val_00000537.JPEG,predicted,patch_score,0.15,2,True,-0.2857351303100586,-0.04116843640804291,False,1.0,1.0,1.0
pit_b_224,13,ILSVRC2012_val_00000548.JPEG,predicted,patch_score,0.15,2,True,0.3458423614501953,0.032548196613788605,False,1.0,1.0,1.0
pit_b_224,14,ILSVRC2012_val_00000575.JPEG,predicted,patch_score,0.15,2,True,0.3221244812011719,0.1877562254667282,False,1.0,1.0,1.0
pit_b_224,15,ILSVRC2012_val_00000602.JPEG,predicted,patch_score,0.15,2,True,0.13297653198242188,0.013714410364627838,False,1.0,1.0,1.0
pit_b_224,8,ILSVRC2012_val_00000299.JPEG,predicted,patch_score,0.15,3,True,0.06080913543701172,0.007867634296417236,False,1.0,1.0,1.0
pit_b_224,9,ILSVRC2012_val_00000410.JPEG,predicted,patch_score,0.15,3,True,0.15675067901611328,0.01622588187456131,False,1.0,1.0,1.0
pit_b_224,10,ILSVRC2012_val_00000499.JPEG,predicted,patch_score,0.15,3,True,0.0013713836669921875,0.00011526048183441162,False,1.0,1.0,1.0
pit_b_224,11,ILSVRC2012_val_00000526.JPEG,predicted,patch_score,0.15,3,True,0.4296875,0.06702511012554169,False,1.0,1.0,1.0
pit_b_224,12,ILSVRC2012_val_00000537.JPEG,predicted,patch_score,0.15,3,True,0.007869720458984375,0.000787094235420227,False,1.0,1.0,1.0
pit_b_224,13,ILSVRC2012_val_00000548.JPEG,predicted,patch_score,0.15,3,True,0.35529041290283203,0.03345894068479538,False,1.0,1.0,1.0
pit_b_224,14,ILSVRC2012_val_00000575.JPEG,predicted,patch_score,0.15,3,True,0.47397708892822266,0.10985307395458221,False,1.0,1.0,1.0
pit_b_224,15,ILSVRC2012_val_00000602.JPEG,predicted,patch_score,0.15,3,True,0.22502708435058594,0.023064754903316498,False,1.0,1.0,1.0
pit_b_224,8,ILSVRC2012_val_00000299.JPEG,predicted,gradcam_relu,0.15,0,True,0.12996864318847656,0.01814080774784088,False,0.11689559370279312,0.30612245202064514,1.0
pit_b_224,9,ILSVRC2012_val_00000410.JPEG,predicted,gradcam_relu,0.15,0,True,0.09750652313232422,0.006810091435909271,False,-0.17289376258850098,0.3617021143436432,1.0
pit_b_224,10,ILSVRC2012_val_00000499.JPEG,predicted,gradcam_relu,0.15,0,True,0.6042165756225586,0.09549126029014587,False,0.25847068428993225,0.2549019753932953,1.0
pit_b_224,11,ILSVRC2012_val_00000526.JPEG,predicted,gradcam_relu,0.15,0,True,0.7590103149414062,0.1335815191268921,False,-0.39839738607406616,0.4883720874786377,1.0
pit_b_224,12,ILSVRC2012_val_00000537.JPEG,predicted,gradcam_relu,0.15,0,True,0.1794452667236328,0.04189826548099518,False,-0.3541208505630493,0.4545454680919647,1.0
pit_b_224,13,ILSVRC2012_val_00000548.JPEG,predicted,gradcam_relu,0.15,0,True,0.7401924133300781,0.08523984998464584,False,0.5259156823158264,0.12280701845884323,1.0
pit_b_224,14,ILSVRC2012_val_00000575.JPEG,predicted,gradcam_relu,0.15,0,True,0.6484003067016602,0.12212289869785309,False,0.2073259949684143,0.23076923191547394,1.0
pit_b_224,15,ILSVRC2012_val_00000602.JPEG,predicted,gradcam_relu,0.15,0,True,0.6986722946166992,0.07733592391014099,False,0.24826005101203918,0.2075471729040146,1.0
pit_b_224,8,ILSVRC2012_val_00000299.JPEG,predicted,gradcam_relu,0.15,1,True,0.3644590377807617,0.056807443499565125,False,0.11689559370279312,0.30612245202064514,1.0
pit_b_224,9,ILSVRC2012_val_00000410.JPEG,predicted,gradcam_relu,0.15,1,True,-0.0017213821411132812,-0.0026735812425613403,False,-0.17289376258850098,0.3617021143436432,1.0
pit_b_224,10,ILSVRC2012_val_00000499.JPEG,predicted,gradcam_relu,0.15,1,True,0.2621192932128906,0.0361158549785614,False,0.25847068428993225,0.2549019753932953,1.0
pit_b_224,11,ILSVRC2012_val_00000526.JPEG,predicted,gradcam_relu,0.15,1,True,0.7468061447143555,0.1280321478843689,False,-0.39839738607406616,0.4883720874786377,1.0
pit_b_224,12,ILSVRC2012_val_00000537.JPEG,predicted,gradcam_relu,0.15,1,True,0.010560035705566406,0.02876773476600647,False,-0.3541208505630493,0.4545454680919647,1.0
pit_b_224,13,ILSVRC2012_val_00000548.JPEG,predicted,gradcam_relu,0.15,1,True,0.6372537612915039,0.06929009407758713,False,0.5259156823158264,0.12280701845884323,1.0
pit_b_224,14,ILSVRC2012_val_00000575.JPEG,predicted,gradcam_relu,0.15,1,True,0.507349967956543,0.14174436032772064,False,0.2073259949684143,0.23076923191547394,1.0
pit_b_224,15,ILSVRC2012_val_00000602.JPEG,predicted,gradcam_relu,0.15,1,True,0.7375097274780273,0.09249991178512573,False,0.24826005101203918,0.2075471729040146,1.0
pit_b_224,8,ILSVRC2012_val_00000299.JPEG,predicted,gradcam_relu,0.15,2,True,0.4142799377441406,0.06510971486568451,False,0.11689559370279312,0.30612245202064514,1.0
pit_b_224,9,ILSVRC2012_val_00000410.JPEG,predicted,gradcam_relu,0.15,2,True,0.04781150817871094,0.003589354455471039,False,-0.17289376258850098,0.3617021143436432,1.0
pit_b_224,10,ILSVRC2012_val_00000499.JPEG,predicted,gradcam_relu,0.15,2,True,0.3173990249633789,0.04368206858634949,False,0.25847068428993225,0.2549019753932953,1.0
pit_b_224,11,ILSVRC2012_val_00000526.JPEG,predicted,gradcam_relu,0.15,2,True,0.5838241577148438,0.10024586319923401,False,-0.39839738607406616,0.4883720874786377,1.0
pit_b_224,12,ILSVRC2012_val_00000537.JPEG,predicted,gradcam_relu,0.15,2,True,0.03234386444091797,0.010287702083587646,False,-0.3541208505630493,0.4545454680919647,1.0
pit_b_224,13,ILSVRC2012_val_00000548.JPEG,predicted,gradcam_relu,0.15,2,True,0.569972038269043,0.05996214598417282,False,0.5259156823158264,0.12280701845884323,1.0
pit_b_224,14,ILSVRC2012_val_00000575.JPEG,predicted,gradcam_relu,0.15,2,True,0.27248382568359375,0.06677263975143433,False,0.2073259949684143,0.23076923191547394,1.0
pit_b_224,15,ILSVRC2012_val_00000602.JPEG,predicted,gradcam_relu,0.15,2,True,0.25148963928222656,0.02130930870771408,False,0.24826005101203918,0.2075471729040146,1.0
pit_b_224,8,ILSVRC2012_val_00000299.JPEG,predicted,gradcam_relu,0.15,3,True,0.20538902282714844,0.029433637857437134,False,0.11689559370279312,0.30612245202064514,1.0
pit_b_224,9,ILSVRC2012_val_00000410.JPEG,predicted,gradcam_relu,0.15,3,True,0.07206916809082031,0.011313624680042267,False,-0.17289376258850098,0.3617021143436432,1.0
pit_b_224,10,ILSVRC2012_val_00000499.JPEG,predicted,gradcam_relu,0.15,3,True,0.5186395645141602,0.08046282827854156,False,0.25847068428993225,0.2549019753932953,1.0
pit_b_224,11,ILSVRC2012_val_00000526.JPEG,predicted,gradcam_relu,0.15,3,True,0.49793052673339844,0.07874073088169098,False,-0.39839738607406616,0.4883720874786377,1.0
pit_b_224,12,ILSVRC2012_val_00000537.JPEG,predicted,gradcam_relu,0.15,3,True,-0.1696481704711914,-0.02077999711036682,False,-0.3541208505630493,0.4545454680919647,1.0
pit_b_224,13,ILSVRC2012_val_00000548.JPEG,predicted,gradcam_relu,0.15,3,True,0.8079681396484375,0.09574965387582779,False,0.5259156823158264,0.12280701845884323,1.0
pit_b_224,14,ILSVRC2012_val_00000575.JPEG,predicted,gradcam_relu,0.15,3,True,0.6723728179931641,0.15839754045009613,False,0.2073259949684143,0.23076923191547394,1.0
pit_b_224,15,ILSVRC2012_val_00000602.JPEG,predicted,gradcam_relu,0.15,3,True,0.96044921875,0.12844334542751312,False,0.24826005101203918,0.2075471729040146,1.0
pit_b_224,8,ILSVRC2012_val_00000299.JPEG,predicted,gradcam_signed,0.15,0,True,0.6289396286010742,0.10868971049785614,False,0.11689559370279312,0.30612245202064514,1.0
pit_b_224,9,ILSVRC2012_val_00000410.JPEG,predicted,gradcam_signed,0.15,0,True,-0.0214691162109375,-0.005877971649169922,False,-0.17289376258850098,0.3617021143436432,1.0
pit_b_224,10,ILSVRC2012_val_00000499.JPEG,predicted,gradcam_signed,0.15,0,True,0.29166316986083984,0.03975506126880646,False,0.25847068428993225,0.2549019753932953,1.0
pit_b_224,11,ILSVRC2012_val_00000526.JPEG,predicted,gradcam_signed,0.15,0,True,0.34685516357421875,0.05337598919868469,False,-0.39839738607406616,0.4883720874786377,1.0
pit_b_224,12,ILSVRC2012_val_00000537.JPEG,predicted,gradcam_signed,0.15,0,True,0.23832035064697266,0.0802125334739685,False,-0.3541208505630493,0.4545454680919647,1.0
pit_b_224,13,ILSVRC2012_val_00000548.JPEG,predicted,gradcam_signed,0.15,0,True,0.519017219543457,0.053084321320056915,False,0.5259156823158264,0.12280701845884323,1.0
pit_b_224,14,ILSVRC2012_val_00000575.JPEG,predicted,gradcam_signed,0.15,0,True,0.4919166564941406,0.09027627110481262,False,0.2073259949684143,0.23076923191547394,1.0
pit_b_224,15,ILSVRC2012_val_00000602.JPEG,predicted,gradcam_signed,0.15,0,True,0.5631237030029297,0.06337630748748779,False,0.24826005101203918,0.2075471729040146,1.0
pit_b_224,8,ILSVRC2012_val_00000299.JPEG,predicted,gradcam_signed,0.15,1,True,0.39386749267578125,0.06076408922672272,False,0.11689559370279312,0.30612245202064514,1.0
pit_b_224,9,ILSVRC2012_val_00000410.JPEG,predicted,gradcam_signed,0.15,1,True,0.0030717849731445312,-0.0034706667065620422,False,-0.17289376258850098,0.3617021143436432,1.0
pit_b_224,10,ILSVRC2012_val_00000499.JPEG,predicted,gradcam_signed,0.15,1,True,0.3374967575073242,0.04698556661605835,False,0.25847068428993225,0.2549019753932953,1.0
pit_b_224,11,ILSVRC2012_val_00000526.JPEG,predicted,gradcam_signed,0.15,1,True,0.6731357574462891,0.11161695420742035,False,-0.39839738607406616,0.4883720874786377,1.0
pit_b_224,12,ILSVRC2012_val_00000537.JPEG,predicted,gradcam_signed,0.15,1,True,0.16895580291748047,0.03469938039779663,False,-0.3541208505630493,0.4545454680919647,1.0
pit_b_224,13,ILSVRC2012_val_00000548.JPEG,predicted,gradcam_signed,0.15,1,True,0.8287830352783203,0.09927859157323837,False,0.5259156823158264,0.12280701845884323,1.0
pit_b_224,14,ILSVRC2012_val_00000575.JPEG,predicted,gradcam_signed,0.15,1,True,0.050057411193847656,0.06286618113517761,False,0.2073259949684143,0.23076923191547394,1.0
pit_b_224,15,ILSVRC2012_val_00000602.JPEG,predicted,gradcam_signed,0.15,1,True,0.6817207336425781,0.07776172459125519,False,0.24826005101203918,0.2075471729040146,1.0
pit_b_224,8,ILSVRC2012_val_00000299.JPEG,predicted,gradcam_signed,0.15,2,True,0.510218620300293,0.08298644423484802,False,0.11689559370279312,0.30612245202064514,1.0
pit_b_224,9,ILSVRC2012_val_00000410.JPEG,predicted,gradcam_signed,0.15,2,True,-0.06168937683105469,-0.006744749844074249,False,-0.17289376258850098,0.3617021143436432,1.0
pit_b_224,10,ILSVRC2012_val_00000499.JPEG,predicted,gradcam_signed,0.15,2,True,0.2822532653808594,0.03819894790649414,False,0.25847068428993225,0.2549019753932953,1.0
pit_b_224,11,ILSVRC2012_val_00000526.JPEG,predicted,gradcam_signed,0.15,2,True,0.3086385726928711,0.058105140924453735,False,-0.39839738607406616,0.4883720874786377,1.0
pit_b_224,12,ILSVRC2012_val_00000537.JPEG,predicted,gradcam_signed,0.15,2,True,-0.13087749481201172,0.004852712154388428,False,-0.3541208505630493,0.4545454680919647,1.0
pit_b_224,13,ILSVRC2012_val_00000548.JPEG,predicted,gradcam_signed,0.15,2,True,0.8753843307495117,0.10780107229948044,False,0.5259156823158264,0.12280701845884323,1.0
pit_b_224,14,ILSVRC2012_val_00000575.JPEG,predicted,gradcam_signed,0.15,2,True,0.48349761962890625,0.08724159002304077,False,0.2073259949684143,0.23076923191547394,1.0
pit_b_224,15,ILSVRC2012_val_00000602.JPEG,predicted,gradcam_signed,0.15,2,True,0.7033443450927734,0.08239427208900452,False,0.24826005101203918,0.2075471729040146,1.0
pit_b_224,8,ILSVRC2012_val_00000299.JPEG,predicted,gradcam_signed,0.15,3,True,0.39546871185302734,0.06166072189807892,False,0.11689559370279312,0.30612245202064514,1.0
pit_b_224,9,ILSVRC2012_val_00000410.JPEG,predicted,gradcam_signed,0.15,3,True,0.13957691192626953,0.01778026670217514,False,-0.17289376258850098,0.3617021143436432,1.0
pit_b_224,10,ILSVRC2012_val_00000499.JPEG,predicted,gradcam_signed,0.15,3,True,0.5083284378051758,0.07775427401065826,False,0.25847068428993225,0.2549019753932953,1.0
pit_b_224,11,ILSVRC2012_val_00000526.JPEG,predicted,gradcam_signed,0.15,3,True,0.4337491989135742,0.07088533043861389,False,-0.39839738607406616,0.4883720874786377,1.0
pit_b_224,12,ILSVRC2012_val_00000537.JPEG,predicted,gradcam_signed,0.15,3,True,-0.13448619842529297,-0.013088077306747437,False,-0.3541208505630493,0.4545454680919647,1.0
pit_b_224,13,ILSVRC2012_val_00000548.JPEG,predicted,gradcam_signed,0.15,3,True,0.6840686798095703,0.07609044760465622,False,0.5259156823158264,0.12280701845884323,1.0
pit_b_224,14,ILSVRC2012_val_00000575.JPEG,predicted,gradcam_signed,0.15,3,True,0.3270254135131836,0.12234227359294891,False,0.2073259949684143,0.23076923191547394,1.0
pit_b_224,15,ILSVRC2012_val_00000602.JPEG,predicted,gradcam_signed,0.15,3,True,0.6220417022705078,0.07179759442806244,False,0.24826005101203918,0.2075471729040146,1.0
pit_b_224,8,ILSVRC2012_val_00000299.JPEG,predicted,gradcam_abs,0.15,0,True,0.043852806091308594,0.005804345011711121,False,0.11689559370279312,0.30612245202064514,1.0
pit_b_224,9,ILSVRC2012_val_00000410.JPEG,predicted,gradcam_abs,0.15,0,True,-0.08685588836669922,-0.011240862309932709,False,-0.17289376258850098,0.3617021143436432,1.0
pit_b_224,10,ILSVRC2012_val_00000499.JPEG,predicted,gradcam_abs,0.15,0,True,0.46787261962890625,0.07078024744987488,False,0.25847068428993225,0.2549019753932953,1.0
pit_b_224,11,ILSVRC2012_val_00000526.JPEG,predicted,gradcam_abs,0.15,0,True,0.2765626907348633,0.041336819529533386,False,-0.39839738607406616,0.4883720874786377,1.0
pit_b_224,12,ILSVRC2012_val_00000537.JPEG,predicted,gradcam_abs,0.15,0,True,0.07930946350097656,0.015427440404891968,False,-0.3541208505630493,0.4545454680919647,1.0
pit_b_224,13,ILSVRC2012_val_00000548.JPEG,predicted,gradcam_abs,0.15,0,True,0.7890567779541016,0.09254629164934158,False,0.5259156823158264,0.12280701845884323,1.0
pit_b_224,14,ILSVRC2012_val_00000575.JPEG,predicted,gradcam_abs,0.15,0,True,-0.12165546417236328,0.017604321241378784,False,0.2073259949684143,0.23076923191547394,1.0
pit_b_224,15,ILSVRC2012_val_00000602.JPEG,predicted,gradcam_abs,0.15,0,True,0.4754524230957031,0.050365760922431946,False,0.24826005101203918,0.2075471729040146,1.0
pit_b_224,8,ILSVRC2012_val_00000299.JPEG,predicted,gradcam_abs,0.15,1,True,0.41158580780029297,0.0644964873790741,False,0.11689559370279312,0.30612245202064514,1.0
pit_b_224,9,ILSVRC2012_val_00000410.JPEG,predicted,gradcam_abs,0.15,1,True,0.1129608154296875,0.011446751654148102,False,-0.17289376258850098,0.3617021143436432,1.0
pit_b_224,10,ILSVRC2012_val_00000499.JPEG,predicted,gradcam_abs,0.15,1,True,0.46294689178466797,0.07452169060707092,False,0.25847068428993225,0.2549019753932953,1.0
pit_b_224,11,ILSVRC2012_val_00000526.JPEG,predicted,gradcam_abs,0.15,1,True,0.4045276641845703,0.06180568039417267,False,-0.39839738607406616,0.4883720874786377,1.0
pit_b_224,12,ILSVRC2012_val_00000537.JPEG,predicted,gradcam_abs,0.15,1,True,0.41616249084472656,0.13575810194015503,False,-0.3541208505630493,0.4545454680919647,1.0
pit_b_224,13,ILSVRC2012_val_00000548.JPEG,predicted,gradcam_abs,0.15,1,True,0.5116291046142578,0.05247812718153,False,0.5259156823158264,0.12280701845884323,1.0
pit_b_224,14,ILSVRC2012_val_00000575.JPEG,predicted,gradcam_abs,0.15,1,True,0.27314186096191406,0.1037062555551529,False,0.2073259949684143,0.23076923191547394,1.0
pit_b_224,15,ILSVRC2012_val_00000602.JPEG,predicted,gradcam_abs,0.15,1,True,0.54107666015625,0.05838415026664734,False,0.24826005101203918,0.2075471729040146,1.0
pit_b_224,8,ILSVRC2012_val_00000299.JPEG,predicted,gradcam_abs,0.15,2,True,0.3734312057495117,0.05835475027561188,False,0.11689559370279312,0.30612245202064514,1.0
pit_b_224,9,ILSVRC2012_val_00000410.JPEG,predicted,gradcam_abs,0.15,2,True,-0.09450435638427734,-0.013585753738880157,False,-0.17289376258850098,0.3617021143436432,1.0
pit_b_224,10,ILSVRC2012_val_00000499.JPEG,predicted,gradcam_abs,0.15,2,True,0.2851400375366211,0.03968194127082825,False,0.25847068428993225,0.2549019753932953,1.0
pit_b_224,11,ILSVRC2012_val_00000526.JPEG,predicted,gradcam_abs,0.15,2,True,0.32237911224365234,0.04985114932060242,False,-0.39839738607406616,0.4883720874786377,1.0
pit_b_224,12,ILSVRC2012_val_00000537.JPEG,predicted,gradcam_abs,0.15,2,True,-0.15787601470947266,-0.016825109720230103,False,-0.3541208505630493,0.4545454680919647,1.0
pit_b_224,13,ILSVRC2012_val_00000548.JPEG,predicted,gradcam_abs,0.15,2,True,0.714289665222168,0.08078954368829727,False,0.5259156823158264,0.12280701845884323,1.0
pit_b_224,14,ILSVRC2012_val_00000575.JPEG,predicted,gradcam_abs,0.15,2,True,0.47052860260009766,0.11872424185276031,False,0.2073259949684143,0.23076923191547394,1.0
pit_b_224,15,ILSVRC2012_val_00000602.JPEG,predicted,gradcam_abs,0.15,2,True,0.8201446533203125,0.09981955587863922,False,0.24826005101203918,0.2075471729040146,1.0
pit_b_224,8,ILSVRC2012_val_00000299.JPEG,predicted,gradcam_abs,0.15,3,True,0.27265167236328125,0.0410088449716568,False,0.11689559370279312,0.30612245202064514,1.0
pit_b_224,9,ILSVRC2012_val_00000410.JPEG,predicted,gradcam_abs,0.15,3,True,0.2616090774536133,0.030019886791706085,False,-0.17289376258850098,0.3617021143436432,1.0
pit_b_224,10,ILSVRC2012_val_00000499.JPEG,predicted,gradcam_abs,0.15,3,True,0.3384847640991211,0.04741425812244415,False,0.25847068428993225,0.2549019753932953,1.0
pit_b_224,11,ILSVRC2012_val_00000526.JPEG,predicted,gradcam_abs,0.15,3,True,0.26607608795166016,0.03720434010028839,False,-0.39839738607406616,0.4883720874786377,1.0
pit_b_224,12,ILSVRC2012_val_00000537.JPEG,predicted,gradcam_abs,0.15,3,True,0.2893075942993164,0.05792030692100525,False,-0.3541208505630493,0.4545454680919647,1.0
pit_b_224,13,ILSVRC2012_val_00000548.JPEG,predicted,gradcam_abs,0.15,3,True,0.6732540130615234,0.07446425408124924,False,0.5259156823158264,0.12280701845884323,1.0
pit_b_224,14,ILSVRC2012_val_00000575.JPEG,predicted,gradcam_abs,0.15,3,True,0.6866207122802734,0.17383544147014618,False,0.2073259949684143,0.23076923191547394,1.0
pit_b_224,15,ILSVRC2012_val_00000602.JPEG,predicted,gradcam_abs,0.15,3,True,0.6987934112548828,0.08014222979545593,False,0.24826005101203918,0.2075471729040146,1.0
pit_b_224,8,ILSVRC2012_val_00000299.JPEG,predicted,random_uniform,0.15,0,True,0.2598724365234375,0.03787823021411896,False,1.0,1.0,1.0
pit_b_224,9,ILSVRC2012_val_00000410.JPEG,predicted,random_uniform,0.15,0,True,0.06354808807373047,0.002094373106956482,False,1.0,1.0,1.0
pit_b_224,10,ILSVRC2012_val_00000499.JPEG,predicted,random_uniform,0.15,0,True,0.16675567626953125,0.021134108304977417,False,1.0,1.0,1.0
pit_b_224,11,ILSVRC2012_val_00000526.JPEG,predicted,random_uniform,0.15,0,True,0.46757030487060547,0.07906723022460938,False,1.0,1.0,1.0
pit_b_224,12,ILSVRC2012_val_00000537.JPEG,predicted,random_uniform,0.15,0,True,-0.023660659790039062,-0.004438534379005432,False,1.0,1.0,1.0
pit_b_224,13,ILSVRC2012_val_00000548.JPEG,predicted,random_uniform,0.15,0,True,0.18973255157470703,0.01661965250968933,False,1.0,1.0,1.0
pit_b_224,14,ILSVRC2012_val_00000575.JPEG,predicted,random_uniform,0.15,0,True,0.22846412658691406,0.044692263007164,False,1.0,1.0,1.0
pit_b_224,15,ILSVRC2012_val_00000602.JPEG,predicted,random_uniform,0.15,0,True,0.6592960357666016,0.07177723944187164,False,1.0,1.0,1.0
pit_b_224,8,ILSVRC2012_val_00000299.JPEG,predicted,random_uniform,0.15,1,True,-0.15880107879638672,-0.01922096312046051,False,1.0,1.0,1.0
pit_b_224,9,ILSVRC2012_val_00000410.JPEG,predicted,random_uniform,0.15,1,True,-0.001842498779296875,-0.002690538763999939,False,1.0,1.0,1.0
pit_b_224,10,ILSVRC2012_val_00000499.JPEG,predicted,random_uniform,0.15,1,True,0.19123554229736328,0.024442464113235474,False,1.0,1.0,1.0
pit_b_224,11,ILSVRC2012_val_00000526.JPEG,predicted,random_uniform,0.15,1,True,0.20312976837158203,0.028748586773872375,False,1.0,1.0,1.0
pit_b_224,12,ILSVRC2012_val_00000537.JPEG,predicted,random_uniform,0.15,1,True,0.032347679138183594,0.004935324192047119,False,1.0,1.0,1.0
pit_b_224,13,ILSVRC2012_val_00000548.JPEG,predicted,random_uniform,0.15,1,True,0.4231700897216797,0.042607881128787994,False,1.0,1.0,1.0
pit_b_224,14,ILSVRC2012_val_00000575.JPEG,predicted,random_uniform,0.15,1,True,0.4327583312988281,0.1332291215658188,False,1.0,1.0,1.0
pit_b_224,15,ILSVRC2012_val_00000602.JPEG,predicted,random_uniform,0.15,1,True,0.5774192810058594,0.06406746804714203,False,1.0,1.0,1.0
pit_b_224,8,ILSVRC2012_val_00000299.JPEG,predicted,random_uniform,0.15,2,True,0.0576171875,0.007261589169502258,False,1.0,1.0,1.0
pit_b_224,9,ILSVRC2012_val_00000410.JPEG,predicted,random_uniform,0.15,2,True,-0.03725719451904297,-0.0031665563583374023,False,1.0,1.0,1.0
pit_b_224,10,ILSVRC2012_val_00000499.JPEG,predicted,random_uniform,0.15,2,True,0.1674938201904297,0.02126382291316986,False,1.0,1.0,1.0
pit_b_224,11,ILSVRC2012_val_00000526.JPEG,predicted,random_uniform,0.15,2,True,0.4837512969970703,0.0760209709405899,False,1.0,1.0,1.0
pit_b_224,12,ILSVRC2012_val_00000537.JPEG,predicted,random_uniform,0.15,2,True,0.07636737823486328,0.012655898928642273,False,1.0,1.0,1.0
pit_b_224,13,ILSVRC2012_val_00000548.JPEG,predicted,random_uniform,0.15,2,True,0.7243881225585938,0.08377689868211746,False,1.0,1.0,1.0
pit_b_224,14,ILSVRC2012_val_00000575.JPEG,predicted,random_uniform,0.15,2,True,0.3225717544555664,0.061102867126464844,False,1.0,1.0,1.0
pit_b_224,15,ILSVRC2012_val_00000602.JPEG,predicted,random_uniform,0.15,2,True,0.5203304290771484,0.05374731123447418,False,1.0,1.0,1.0
pit_b_224,8,ILSVRC2012_val_00000299.JPEG,predicted,random_uniform,0.15,3,True,-0.10227680206298828,-0.013132303953170776,False,1.0,1.0,1.0
pit_b_224,9,ILSVRC2012_val_00000410.JPEG,predicted,random_uniform,0.15,3,True,-0.0587921142578125,-0.010046131908893585,False,1.0,1.0,1.0
pit_b_224,10,ILSVRC2012_val_00000499.JPEG,predicted,random_uniform,0.15,3,True,0.43016529083251953,0.0616629421710968,False,1.0,1.0,1.0
pit_b_224,11,ILSVRC2012_val_00000526.JPEG,predicted,random_uniform,0.15,3,True,0.3718147277832031,0.0544053316116333,False,1.0,1.0,1.0
pit_b_224,12,ILSVRC2012_val_00000537.JPEG,predicted,random_uniform,0.15,3,True,0.08682632446289062,0.015819981694221497,False,1.0,1.0,1.0
pit_b_224,13,ILSVRC2012_val_00000548.JPEG,predicted,random_uniform,0.15,3,True,0.24168777465820312,0.02181847393512726,False,1.0,1.0,1.0
pit_b_224,14,ILSVRC2012_val_00000575.JPEG,predicted,random_uniform,0.15,3,True,0.1977691650390625,0.055467501282691956,False,1.0,1.0,1.0
pit_b_224,15,ILSVRC2012_val_00000602.JPEG,predicted,random_uniform,0.15,3,True,0.5434837341308594,0.05869080126285553,False,1.0,1.0,1.0
pit_b_224,16,ILSVRC2012_val_00000695.JPEG,predicted,patch_score,0.15,0,True,0.19403457641601562,0.025424614548683167,False,1.0,1.0,1.0
pit_b_224,17,ILSVRC2012_val_00000724.JPEG,predicted,patch_score,0.15,0,True,0.19194507598876953,0.02160964161157608,False,1.0,1.0,1.0
pit_b_224,18,ILSVRC2012_val_00000781.JPEG,predicted,patch_score,0.15,0,True,-0.026101112365722656,-0.0053415447473526,False,1.0,1.0,1.0
pit_b_224,19,ILSVRC2012_val_00000809.JPEG,predicted,patch_score,0.15,0,True,0.07623004913330078,0.012055538594722748,False,1.0,1.0,1.0
pit_b_224,20,ILSVRC2012_val_00000871.JPEG,predicted,patch_score,0.15,0,True,0.12903404235839844,0.015127643942832947,False,1.0,1.0,1.0
pit_b_224,21,ILSVRC2012_val_00000890.JPEG,predicted,patch_score,0.15,0,True,0.10046958923339844,0.011522151529788971,False,1.0,1.0,1.0
pit_b_224,22,ILSVRC2012_val_00000989.JPEG,predicted,patch_score,0.15,0,True,0.4289131164550781,0.07087723910808563,False,1.0,1.0,1.0
pit_b_224,23,ILSVRC2012_val_00001094.JPEG,predicted,patch_score,0.15,0,True,-0.020208358764648438,0.023731373250484467,False,1.0,1.0,1.0
pit_b_224,16,ILSVRC2012_val_00000695.JPEG,predicted,patch_score,0.15,1,True,0.2535381317138672,0.03437988460063934,False,1.0,1.0,1.0
pit_b_224,17,ILSVRC2012_val_00000724.JPEG,predicted,patch_score,0.15,1,True,0.3342313766479492,0.03959754854440689,False,1.0,1.0,1.0
pit_b_224,18,ILSVRC2012_val_00000781.JPEG,predicted,patch_score,0.15,1,True,0.19692516326904297,0.02816586196422577,False,1.0,1.0,1.0
pit_b_224,19,ILSVRC2012_val_00000809.JPEG,predicted,patch_score,0.15,1,True,0.05744647979736328,0.01252223551273346,False,1.0,1.0,1.0
pit_b_224,20,ILSVRC2012_val_00000871.JPEG,predicted,patch_score,0.15,1,True,0.16274547576904297,0.027344688773155212,False,1.0,1.0,1.0
pit_b_224,21,ILSVRC2012_val_00000890.JPEG,predicted,patch_score,0.15,1,True,0.30074405670166016,0.03789544850587845,False,1.0,1.0,1.0
pit_b_224,22,ILSVRC2012_val_00000989.JPEG,predicted,patch_score,0.15,1,True,0.7510452270507812,0.1347503513097763,False,1.0,1.0,1.0
pit_b_224,23,ILSVRC2012_val_00001094.JPEG,predicted,patch_score,0.15,1,True,0.0038700103759765625,0.006372243165969849,False,1.0,1.0,1.0
pit_b_224,16,ILSVRC2012_val_00000695.JPEG,predicted,patch_score,0.15,2,True,0.24427127838134766,0.03402699530124664,False,1.0,1.0,1.0
pit_b_224,17,ILSVRC2012_val_00000724.JPEG,predicted,patch_score,0.15,2,True,0.2738466262817383,0.03370954841375351,False,1.0,1.0,1.0
pit_b_224,18,ILSVRC2012_val_00000781.JPEG,predicted,patch_score,0.15,2,True,-0.14095783233642578,-0.020548328757286072,False,1.0,1.0,1.0
pit_b_224,19,ILSVRC2012_val_00000809.JPEG,predicted,patch_score,0.15,2,True,0.14867591857910156,0.02962743490934372,False,1.0,1.0,1.0
pit_b_224,20,ILSVRC2012_val_00000871.JPEG,predicted,patch_score,0.15,2,True,-0.07524681091308594,-0.012520849704742432,False,1.0,1.0,1.0
pit_b_224,21,ILSVRC2012_val_00000890.JPEG,predicted,patch_score,0.15,2,True,0.12905406951904297,0.015041820704936981,False,1.0,1.0,1.0
pit_b_224,22,ILSVRC2012_val_00000989.JPEG,predicted,patch_score,0.15,2,True,0.43055152893066406,0.07314255833625793,False,1.0,1.0,1.0
pit_b_224,23,ILSVRC2012_val_00001094.JPEG,predicted,patch_score,0.15,2,True,-0.037105560302734375,0.03623903542757034,False,1.0,1.0,1.0
pit_b_224,16,ILSVRC2012_val_00000695.JPEG,predicted,patch_score,0.15,3,True,0.14023590087890625,0.01760883629322052,False,1.0,1.0,1.0
pit_b_224,17,ILSVRC2012_val_00000724.JPEG,predicted,patch_score,0.15,3,True,0.09565448760986328,0.009572818875312805,False,1.0,1.0,1.0
pit_b_224,18,ILSVRC2012_val_00000781.JPEG,predicted,patch_score,0.15,3,True,0.14672374725341797,0.019547700881958008,False,1.0,1.0,1.0
pit_b_224,19,ILSVRC2012_val_00000809.JPEG,predicted,patch_score,0.15,3,True,0.16411590576171875,0.03094615787267685,False,1.0,1.0,1.0
pit_b_224,20,ILSVRC2012_val_00000871.JPEG,predicted,patch_score,0.15,3,True,-0.042034149169921875,-0.011701792478561401,False,1.0,1.0,1.0
pit_b_224,21,ILSVRC2012_val_00000890.JPEG,predicted,patch_score,0.15,3,True,0.28200340270996094,0.03606822341680527,False,1.0,1.0,1.0
pit_b_224,22,ILSVRC2012_val_00000989.JPEG,predicted,patch_score,0.15,3,True,0.7628860473632812,0.139890655875206,False,1.0,1.0,1.0
pit_b_224,23,ILSVRC2012_val_00001094.JPEG,predicted,patch_score,0.15,3,True,-0.20159149169921875,-0.009936340153217316,False,1.0,1.0,1.0
pit_b_224,16,ILSVRC2012_val_00000695.JPEG,predicted,gradcam_relu,0.15,0,True,0.2256631851196289,0.030245721340179443,False,-0.08676739037036896,0.2800000011920929,1.0
pit_b_224,17,ILSVRC2012_val_00000724.JPEG,predicted,gradcam_relu,0.15,0,True,0.3376436233520508,0.04339226335287094,False,0.22957873344421387,0.2549019753932953,1.0
pit_b_224,18,ILSVRC2012_val_00000781.JPEG,predicted,gradcam_relu,0.15,0,True,0.0948190689086914,0.011486083269119263,False,0.09075091034173965,0.2800000011920929,1.0
pit_b_224,19,ILSVRC2012_val_00000809.JPEG,predicted,gradcam_relu,0.15,0,True,0.36400413513183594,0.14913204312324524,False,0.19999998807907104,0.30612245202064514,1.0
pit_b_224,20,ILSVRC2012_val_00000871.JPEG,predicted,gradcam_relu,0.15,0,True,0.3447437286376953,0.054260894656181335,False,-0.2261446714401245,0.4883720874786377,1.0
pit_b_224,21,ILSVRC2012_val_00000890.JPEG,predicted,gradcam_relu,0.15,0,True,0.45545482635498047,0.06061955541372299,False,-0.036675821989774704,0.2800000011920929,1.0
pit_b_224,22,ILSVRC2012_val_00000989.JPEG,predicted,gradcam_relu,0.15,0,True,0.061553955078125,0.004785910248756409,False,-0.4731684625148773,0.42222222685813904,1.0
pit_b_224,23,ILSVRC2012_val_00001094.JPEG,predicted,gradcam_relu,0.15,0,True,0.48587989807128906,0.05439693480730057,False,-0.0025641024112701416,0.4545454680919647,1.0
pit_b_224,16,ILSVRC2012_val_00000695.JPEG,predicted,gradcam_relu,0.15,1,True,0.6803150177001953,0.11551700532436371,False,-0.08676739037036896,0.2800000011920929,1.0
pit_b_224,17,ILSVRC2012_val_00000724.JPEG,predicted,gradcam_relu,0.15,1,True,0.44942378997802734,0.058695562183856964,False,0.22957873344421387,0.2549019753932953,1.0
pit_b_224,18,ILSVRC2012_val_00000781.JPEG,predicted,gradcam_relu,0.15,1,True,0.09875202178955078,0.012455567717552185,False,0.09075091034173965,0.2800000011920929,1.0
pit_b_224,19,ILSVRC2012_val_00000809.JPEG,predicted,gradcam_relu,0.15,1,True,0.19506359100341797,0.03941669315099716,False,0.19999998807907104,0.30612245202064514,1.0
pit_b_224,20,ILSVRC2012_val_00000871.JPEG,predicted,gradcam_relu,0.15,1,True,0.48172664642333984,0.08811508119106293,False,-0.2261446714401245,0.4883720874786377,1.0
pit_b_224,21,ILSVRC2012_val_00000890.JPEG,predicted,gradcam_relu,0.15,1,True,0.6801767349243164,0.10493149608373642,False,-0.036675821989774704,0.2800000011920929,1.0
pit_b_224,22,ILSVRC2012_val_00000989.JPEG,predicted,gradcam_relu,0.15,1,True,0.4050140380859375,0.06777036190032959,False,-0.4731684625148773,0.42222222685813904,1.0
pit_b_224,23,ILSVRC2012_val_00001094.JPEG,predicted,gradcam_relu,0.15,1,True,-0.5771455764770508,-0.04740772396326065,False,-0.0025641024112701416,0.4545454680919647,1.0
pit_b_224,16,ILSVRC2012_val_00000695.JPEG,predicted,gradcam_relu,0.15,2,True,0.07555294036865234,0.007684603333473206,False,-0.08676739037036896,0.2800000011920929,1.0
pit_b_224,17,ILSVRC2012_val_00000724.JPEG,predicted,gradcam_relu,0.15,2,True,0.3161649703979492,0.04020730406045914,False,0.22957873344421387,0.2549019753932953,1.0
pit_b_224,18,ILSVRC2012_val_00000781.JPEG,predicted,gradcam_relu,0.15,2,True,0.25310611724853516,0.03642280399799347,False,0.09075091034173965,0.2800000011920929,1.0
pit_b_224,19,ILSVRC2012_val_00000809.JPEG,predicted,gradcam_relu,0.15,2,True,0.6513967514038086,0.12566256523132324,False,0.19999998807907104,0.30612245202064514,1.0
pit_b_224,20,ILSVRC2012_val_00000871.JPEG,predicted,gradcam_relu,0.15,2,True,0.0035572052001953125,0.0038595646619796753,False,-0.2261446714401245,0.4883720874786377,1.0
pit_b_224,21,ILSVRC2012_val_00000890.JPEG,predicted,gradcam_relu,0.15,2,True,0.36175060272216797,0.051763080060482025,False,-0.036675821989774704,0.2800000011920929,1.0
pit_b_224,22,ILSVRC2012_val_00000989.JPEG,predicted,gradcam_relu,0.15,2,True,0.3737773895263672,0.05154278874397278,False,-0.4731684625148773,0.42222222685813904,1.0
pit_b_224,23,ILSVRC2012_val_00001094.JPEG,predicted,gradcam_relu,0.15,2,True,0.2549734115600586,0.02011653035879135,False,-0.0025641024112701416,0.4545454680919647,1.0
pit_b_224,16,ILSVRC2012_val_00000695.JPEG,predicted,gradcam_relu,0.15,3,True,0.30550479888916016,0.042410463094711304,False,-0.08676739037036896,0.2800000011920929,1.0
pit_b_224,17,ILSVRC2012_val_00000724.JPEG,predicted,gradcam_relu,0.15,3,True,0.29103565216064453,0.03303178399801254,False,0.22957873344421387,0.2549019753932953,1.0
pit_b_224,18,ILSVRC2012_val_00000781.JPEG,predicted,gradcam_relu,0.15,3,True,0.20899581909179688,0.02969375252723694,False,0.09075091034173965,0.2800000011920929,1.0
pit_b_224,19,ILSVRC2012_val_00000809.JPEG,predicted,gradcam_relu,0.15,3,True,0.4799165725708008,0.07011226564645767,False,0.19999998807907104,0.30612245202064514,1.0
pit_b_224,20,ILSVRC2012_val_00000871.JPEG,predicted,gradcam_relu,0.15,3,True,0.3526163101196289,0.060245901346206665,False,-0.2261446714401245,0.4883720874786377,1.0
pit_b_224,21,ILSVRC2012_val_00000890.JPEG,predicted,gradcam_relu,0.15,3,True,0.19046688079833984,0.024521715939044952,False,-0.036675821989774704,0.2800000011920929,1.0
pit_b_224,22,ILSVRC2012_val_00000989.JPEG,predicted,gradcam_relu,0.15,3,True,-0.04515647888183594,-0.01474510133266449,False,-0.4731684625148773,0.42222222685813904,1.0
pit_b_224,23,ILSVRC2012_val_00001094.JPEG,predicted,gradcam_relu,0.15,3,True,-0.07023334503173828,-0.013438619673252106,False,-0.0025641024112701416,0.4545454680919647,1.0
pit_b_224,16,ILSVRC2012_val_00000695.JPEG,predicted,gradcam_signed,0.15,0,True,0.38844966888427734,0.05926629900932312,False,-0.08676739037036896,0.2800000011920929,1.0
pit_b_224,17,ILSVRC2012_val_00000724.JPEG,predicted,gradcam_signed,0.15,0,True,0.4313936233520508,0.06807314604520798,False,0.22957873344421387,0.2549019753932953,1.0
pit_b_224,18,ILSVRC2012_val_00000781.JPEG,predicted,gradcam_signed,0.15,0,True,0.046051025390625,0.004276573657989502,False,0.09075091034173965,0.2800000011920929,1.0
pit_b_224,19,ILSVRC2012_val_00000809.JPEG,predicted,gradcam_signed,0.15,0,True,0.40520668029785156,0.05134216696023941,False,0.19999998807907104,0.30612245202064514,1.0
pit_b_224,20,ILSVRC2012_val_00000871.JPEG,predicted,gradcam_signed,0.15,0,True,0.4128704071044922,0.07282307744026184,False,-0.2261446714401245,0.4883720874786377,1.0
pit_b_224,21,ILSVRC2012_val_00000890.JPEG,predicted,gradcam_signed,0.15,0,True,0.26776123046875,0.031880415976047516,False,-0.036675821989774704,0.2800000011920929,1.0
pit_b_224,22,ILSVRC2012_val_00000989.JPEG,predicted,gradcam_signed,0.15,0,True,0.08206939697265625,0.013226211071014404,False,-0.4731684625148773,0.42222222685813904,1.0
pit_b_224,23,ILSVRC2012_val_00001094.JPEG,predicted,gradcam_signed,0.15,0,True,0.0051021575927734375,-0.0077780187129974365,False,-0.0025641024112701416,0.4545454680919647,1.0
pit_b_224,16,ILSVRC2012_val_00000695.JPEG,predicted,gradcam_signed,0.15,1,True,0.2447366714477539,0.033902063965797424,False,-0.08676739037036896,0.2800000011920929,1.0
pit_b_224,17,ILSVRC2012_val_00000724.JPEG,predicted,gradcam_signed,0.15,1,True,0.2599153518676758,0.05451679974794388,False,0.22957873344421387,0.2549019753932953,1.0
pit_b_224,18,ILSVRC2012_val_00000781.JPEG,predicted,gradcam_signed,0.15,1,True,0.1248025894165039,0.01629507541656494,False,0.09075091034173965,0.2800000011920929,1.0
pit_b_224,19,ILSVRC2012_val_00000809.JPEG,predicted,gradcam_signed,0.15,1,True,0.4113483428955078,0.0725361630320549,False,0.19999998807907104,0.30612245202064514,1.0
pit_b_224,20,ILSVRC2012_val_00000871.JPEG,predicted,gradcam_signed,0.15,1,True,0.3545522689819336,0.058113276958465576,False,-0.2261446714401245,0.4883720874786377,1.0
pit_b_224,21,ILSVRC2012_val_00000890.JPEG,predicted,gradcam_signed,0.15,1,True,0.47286224365234375,0.06309553235769272,False,-0.036675821989774704,0.2800000011920929,1.0
pit_b_224,22,ILSVRC2012_val_00000989.JPEG,predicted,gradcam_signed,0.15,1,True,0.6323165893554688,0.1017378717660904,False,-0.4731684625148773,0.42222222685813904,1.0
pit_b_224,23,ILSVRC2012_val_00001094.JPEG,predicted,gradcam_signed,0.15,1,True,0.3513174057006836,0.03923443704843521,False,-0.0025641024112701416,0.4545454680919647,1.0
pit_b_224,16,ILSVRC2012_val_00000695.JPEG,predicted,gradcam_signed,0.15,2,True,0.2639341354370117,0.03664085268974304,False,-0.08676739037036896,0.2800000011920929,1.0
pit_b_224,17,ILSVRC2012_val_00000724.JPEG,predicted,gradcam_signed,0.15,2,True,0.7088022232055664,0.10090943425893784,False,0.22957873344421387,0.2549019753932953,1.0
pit_b_224,18,ILSVRC2012_val_00000781.JPEG,predicted,gradcam_signed,0.15,2,True,0.2853403091430664,0.04437527060508728,False,0.09075091034173965,0.2800000011920929,1.0
pit_b_224,19,ILSVRC2012_val_00000809.JPEG,predicted,gradcam_signed,0.15,2,True,0.3170032501220703,0.047278307378292084,False,0.19999998807907104,0.30612245202064514,1.0
pit_b_224,20,ILSVRC2012_val_00000871.JPEG,predicted,gradcam_signed,0.15,2,True,0.2808980941772461,0.043456465005874634,False,-0.2261446714401245,0.4883720874786377,1.0
pit_b_224,21,ILSVRC2012_val_00000890.JPEG,predicted,gradcam_signed,0.15,2,True,0.42498779296875,0.07143744081258774,False,-0.036675821989774704,0.2800000011920929,1.0
pit_b_224,22,ILSVRC2012_val_00000989.JPEG,predicted,gradcam_signed,0.15,2,True,0.41985034942626953,0.06851620972156525,False,-0.4731684625148773,0.42222222685813904,1.0
pit_b_224,23,ILSVRC2012_val_00001094.JPEG,predicted,gradcam_signed,0.15,2,True,0.3584709167480469,0.04652752727270126,False,-0.0025641024112701416,0.4545454680919647,1.0
pit_b_224,16,ILSVRC2012_val_00000695.JPEG,predicted,gradcam_signed,0.15,3,True,0.2883729934692383,0.041544049978256226,False,-0.08676739037036896,0.2800000011920929,1.0
pit_b_224,17,ILSVRC2012_val_00000724.JPEG,predicted,gradcam_signed,0.15,3,True,0.32534027099609375,0.04715196043252945,False,0.22957873344421387,0.2549019753932953,1.0
pit_b_224,18,ILSVRC2012_val_00000781.JPEG,predicted,gradcam_signed,0.15,3,True,0.22667694091796875,0.0325721800327301,False,0.09075091034173965,0.2800000011920929,1.0
pit_b_224,19,ILSVRC2012_val_00000809.JPEG,predicted,gradcam_signed,0.15,3,True,0.8773508071899414,0.150785893201828,False,0.19999998807907104,0.30612245202064514,1.0
pit_b_224,20,ILSVRC2012_val_00000871.JPEG,predicted,gradcam_signed,0.15,3,True,0.33185768127441406,0.04968154430389404,False,-0.2261446714401245,0.4883720874786377,1.0
pit_b_224,21,ILSVRC2012_val_00000890.JPEG,predicted,gradcam_signed,0.15,3,True,0.4975452423095703,0.07018927484750748,False,-0.036675821989774704,0.2800000011920929,1.0
pit_b_224,22,ILSVRC2012_val_00000989.JPEG,predicted,gradcam_signed,0.15,3,True,0.5906238555908203,0.11014308035373688,False,-0.4731684625148773,0.42222222685813904,1.0
pit_b_224,23,ILSVRC2012_val_00001094.JPEG,predicted,gradcam_signed,0.15,3,True,0.1924457550048828,0.014514274895191193,False,-0.0025641024112701416,0.4545454680919647,1.0
pit_b_224,16,ILSVRC2012_val_00000695.JPEG,predicted,gradcam_abs,0.15,0,True,0.6022100448608398,0.10109701752662659,False,-0.08676739037036896,0.2800000011920929,1.0
pit_b_224,17,ILSVRC2012_val_00000724.JPEG,predicted,gradcam_abs,0.15,0,True,0.44641780853271484,0.06476695090532303,False,0.22957873344421387,0.2549019753932953,1.0
pit_b_224,18,ILSVRC2012_val_00000781.JPEG,predicted,gradcam_abs,0.15,0,True,0.14506244659423828,0.019818365573883057,False,0.09075091034173965,0.2800000011920929,1.0
pit_b_224,19,ILSVRC2012_val_00000809.JPEG,predicted,gradcam_abs,0.15,0,True,0.43120288848876953,0.08791438490152359,False,0.19999998807907104,0.30612245202064514,1.0
pit_b_224,20,ILSVRC2012_val_00000871.JPEG,predicted,gradcam_abs,0.15,0,True,0.25537872314453125,0.03664274513721466,False,-0.2261446714401245,0.4883720874786377,1.0
pit_b_224,21,ILSVRC2012_val_00000890.JPEG,predicted,gradcam_abs,0.15,0,True,0.5179262161254883,0.06936026364564896,False,-0.036675821989774704,0.2800000011920929,1.0
pit_b_224,22,ILSVRC2012_val_00000989.JPEG,predicted,gradcam_abs,0.15,0,True,0.4463653564453125,0.0790548175573349,False,-0.4731684625148773,0.42222222685813904,1.0
pit_b_224,23,ILSVRC2012_val_00001094.JPEG,predicted,gradcam_abs,0.15,0,True,0.06163787841796875,0.0038263648748397827,False,-0.0025641024112701416,0.4545454680919647,1.0
pit_b_224,16,ILSVRC2012_val_00000695.JPEG,predicted,gradcam_abs,0.15,1,True,0.13086605072021484,0.015785858035087585,False,-0.08676739037036896,0.2800000011920929,1.0
pit_b_224,17,ILSVRC2012_val_00000724.JPEG,predicted,gradcam_abs,0.15,1,True,0.6134138107299805,0.0921727791428566,False,0.22957873344421387,0.2549019753932953,1.0
pit_b_224,18,ILSVRC2012_val_00000781.JPEG,predicted,gradcam_abs,0.15,1,True,0.0030012130737304688,-0.0020065903663635254,False,0.09075091034173965,0.2800000011920929,1.0
pit_b_224,19,ILSVRC2012_val_00000809.JPEG,predicted,gradcam_abs,0.15,1,True,0.1903219223022461,0.026939548552036285,False,0.19999998807907104,0.30612245202064514,1.0
pit_b_224,20,ILSVRC2012_val_00000871.JPEG,predicted,gradcam_abs,0.15,1,True,0.36126708984375,0.07052084803581238,False,-0.2261446714401245,0.4883720874786377,1.0
pit_b_224,21,ILSVRC2012_val_00000890.JPEG,predicted,gradcam_abs,0.15,1,True,0.3894634246826172,0.049497149884700775,False,-0.036675821989774704,0.2800000011920929,1.0
pit_b_224,22,ILSVRC2012_val_00000989.JPEG,predicted,gradcam_abs,0.15,1,True,0.3246183395385742,0.06921924650669098,False,-0.4731684625148773,0.42222222685813904,1.0
pit_b_224,23,ILSVRC2012_val_00001094.JPEG,predicted,gradcam_abs,0.15,1,True,0.09242534637451172,0.023628614842891693,False,-0.0025641024112701416,0.4545454680919647,1.0
pit_b_224,16,ILSVRC2012_val_00000695.JPEG,predicted,gradcam_abs,0.15,2,True,0.05654716491699219,0.005181297659873962,False,-0.08676739037036896,0.2800000011920929,1.0
pit_b_224,17,ILSVRC2012_val_00000724.JPEG,predicted,gradcam_abs,0.15,2,True,0.7386999130249023,0.10948155075311661,False,0.22957873344421387,0.2549019753932953,1.0
pit_b_224,18,ILSVRC2012_val_00000781.JPEG,predicted,gradcam_abs,0.15,2,True,0.16782474517822266,0.023079603910446167,False,0.09075091034173965,0.2800000011920929,1.0
pit_b_224,19,ILSVRC2012_val_00000809.JPEG,predicted,gradcam_abs,0.15,2,True,0.4538259506225586,0.10554466396570206,False,0.19999998807907104,0.30612245202064514,1.0
pit_b_224,20,ILSVRC2012_val_00000871.JPEG,predicted,gradcam_abs,0.15,2,True,0.5294809341430664,0.092654287815094,False,-0.2261446714401245,0.4883720874786377,1.0
pit_b_224,21,ILSVRC2012_val_00000890.JPEG,predicted,gradcam_abs,0.15,2,True,0.23662281036376953,0.027682550251483917,False,-0.036675821989774704,0.2800000011920929,1.0
pit_b_224,22,ILSVRC2012_val_00000989.JPEG,predicted,gradcam_abs,0.15,2,True,0.630467414855957,0.10013465583324432,False,-0.4731684625148773,0.42222222685813904,1.0
pit_b_224,23,ILSVRC2012_val_00001094.JPEG,predicted,gradcam_abs,0.15,2,True,-0.075927734375,-0.012137249112129211,False,-0.0025641024112701416,0.4545454680919647,1.0
pit_b_224,16,ILSVRC2012_val_00000695.JPEG,predicted,gradcam_abs,0.15,3,True,0.05351829528808594,0.004784718155860901,False,-0.08676739037036896,0.2800000011920929,1.0
pit_b_224,17,ILSVRC2012_val_00000724.JPEG,predicted,gradcam_abs,0.15,3,True,0.5082387924194336,0.07068542391061783,False,0.22957873344421387,0.2549019753932953,1.0
pit_b_224,18,ILSVRC2012_val_00000781.JPEG,predicted,gradcam_abs,0.15,3,True,-0.12107372283935547,-0.01808778941631317,False,0.09075091034173965,0.2800000011920929,1.0
pit_b_224,19,ILSVRC2012_val_00000809.JPEG,predicted,gradcam_abs,0.15,3,True,0.20647621154785156,0.039039887487888336,False,0.19999998807907104,0.30612245202064514,1.0
pit_b_224,20,ILSVRC2012_val_00000871.JPEG,predicted,gradcam_abs,0.15,3,True,0.044356346130371094,-0.0005804598331451416,False,-0.2261446714401245,0.4883720874786377,1.0
pit_b_224,21,ILSVRC2012_val_00000890.JPEG,predicted,gradcam_abs,0.15,3,True,0.24264240264892578,0.029231689870357513,False,-0.036675821989774704,0.2800000011920929,1.0
pit_b_224,22,ILSVRC2012_val_00000989.JPEG,predicted,gradcam_abs,0.15,3,True,0.49845123291015625,0.07106135785579681,False,-0.4731684625148773,0.42222222685813904,1.0
pit_b_224,23,ILSVRC2012_val_00001094.JPEG,predicted,gradcam_abs,0.15,3,True,0.09293460845947266,0.018301956355571747,False,-0.0025641024112701416,0.4545454680919647,1.0
pit_b_224,16,ILSVRC2012_val_00000695.JPEG,predicted,random_uniform,0.15,0,True,0.4542207717895508,0.07122540473937988,False,1.0,1.0,1.0
pit_b_224,17,ILSVRC2012_val_00000724.JPEG,predicted,random_uniform,0.15,0,True,0.11223983764648438,0.039191730320453644,False,1.0,1.0,1.0
pit_b_224,18,ILSVRC2012_val_00000781.JPEG,predicted,random_uniform,0.15,0,True,-0.047186851501464844,-0.008638620376586914,False,1.0,1.0,1.0
pit_b_224,19,ILSVRC2012_val_00000809.JPEG,predicted,random_uniform,0.15,0,True,0.3182086944580078,0.06206943839788437,False,1.0,1.0,1.0
pit_b_224,20,ILSVRC2012_val_00000871.JPEG,predicted,random_uniform,0.15,0,True,0.3416557312011719,0.07216261327266693,False,1.0,1.0,1.0
pit_b_224,21,ILSVRC2012_val_00000890.JPEG,predicted,random_uniform,0.15,0,True,0.18812942504882812,0.023237578570842743,False,1.0,1.0,1.0
pit_b_224,22,ILSVRC2012_val_00000989.JPEG,predicted,random_uniform,0.15,0,True,0.3600187301635742,0.05010750889778137,False,1.0,1.0,1.0
pit_b_224,23,ILSVRC2012_val_00001094.JPEG,predicted,random_uniform,0.15,0,True,0.30394554138183594,0.04828778654336929,False,1.0,1.0,1.0
pit_b_224,16,ILSVRC2012_val_00000695.JPEG,predicted,random_uniform,0.15,1,True,0.2095174789428711,0.02926906943321228,False,1.0,1.0,1.0
pit_b_224,17,ILSVRC2012_val_00000724.JPEG,predicted,random_uniform,0.15,1,True,0.37340831756591797,0.044281430542469025,False,1.0,1.0,1.0
pit_b_224,18,ILSVRC2012_val_00000781.JPEG,predicted,random_uniform,0.15,1,True,-0.09063434600830078,-0.014173641800880432,False,1.0,1.0,1.0
pit_b_224,19,ILSVRC2012_val_00000809.JPEG,predicted,random_uniform,0.15,1,True,0.10104751586914062,0.047233082354068756,False,1.0,1.0,1.0
pit_b_224,20,ILSVRC2012_val_00000871.JPEG,predicted,random_uniform,0.15,1,True,0.23127460479736328,0.1209794282913208,False,1.0,1.0,1.0
pit_b_224,21,ILSVRC2012_val_00000890.JPEG,predicted,random_uniform,0.15,1,True,0.44457340240478516,0.05828049033880234,False,1.0,1.0,1.0
pit_b_224,22,ILSVRC2012_val_00000989.JPEG,predicted,random_uniform,0.15,1,True,-0.08402633666992188,-0.024288058280944824,False,1.0,1.0,1.0
pit_b_224,23,ILSVRC2012_val_00001094.JPEG,predicted,random_uniform,0.15,1,True,-0.1443042755126953,-0.012119315564632416,False,1.0,1.0,1.0
pit_b_224,16,ILSVRC2012_val_00000695.JPEG,predicted,random_uniform,0.15,2,True,-0.009537696838378906,-0.002469301223754883,False,1.0,1.0,1.0
pit_b_224,17,ILSVRC2012_val_00000724.JPEG,predicted,random_uniform,0.15,2,True,0.37443065643310547,0.04760953038930893,False,1.0,1.0,1.0
pit_b_224,18,ILSVRC2012_val_00000781.JPEG,predicted,random_uniform,0.15,2,True,0.015224456787109375,-6.338953971862793e-05,False,1.0,1.0,1.0
pit_b_224,19,ILSVRC2012_val_00000809.JPEG,predicted,random_uniform,0.15,2,True,0.5198221206665039,0.08731735497713089,False,1.0,1.0,1.0
pit_b_224,20,ILSVRC2012_val_00000871.JPEG,predicted,random_uniform,0.15,2,True,0.23754405975341797,0.05055132508277893,False,1.0,1.0,1.0
pit_b_224,21,ILSVRC2012_val_00000890.JPEG,predicted,random_uniform,0.15,2,True,0.08939552307128906,0.010435402393341064,False,1.0,1.0,1.0
pit_b_224,22,ILSVRC2012_val_00000989.JPEG,predicted,random_uniform,0.15,2,True,0.5879096984863281,0.09937445819377899,False,1.0,1.0,1.0
pit_b_224,23,ILSVRC2012_val_00001094.JPEG,predicted,random_uniform,0.15,2,True,-0.10352134704589844,-0.01416732370853424,False,1.0,1.0,1.0
pit_b_224,16,ILSVRC2012_val_00000695.JPEG,predicted,random_uniform,0.15,3,True,0.1176156997680664,0.013979896903038025,False,1.0,1.0,1.0
pit_b_224,17,ILSVRC2012_val_00000724.JPEG,predicted,random_uniform,0.15,3,True,0.23760700225830078,0.032773636281490326,False,1.0,1.0,1.0
pit_b_224,18,ILSVRC2012_val_00000781.JPEG,predicted,random_uniform,0.15,3,True,-0.14342689514160156,-0.02104225754737854,False,1.0,1.0,1.0
pit_b_224,19,ILSVRC2012_val_00000809.JPEG,predicted,random_uniform,0.15,3,True,0.3044862747192383,0.0383119061589241,False,1.0,1.0,1.0
pit_b_224,20,ILSVRC2012_val_00000871.JPEG,predicted,random_uniform,0.15,3,True,0.1327667236328125,0.03640754520893097,False,1.0,1.0,1.0
pit_b_224,21,ILSVRC2012_val_00000890.JPEG,predicted,random_uniform,0.15,3,True,0.3857870101928711,0.051940180361270905,False,1.0,1.0,1.0
pit_b_224,22,ILSVRC2012_val_00000989.JPEG,predicted,random_uniform,0.15,3,True,0.4184427261352539,0.0575166791677475,False,1.0,1.0,1.0
pit_b_224,23,ILSVRC2012_val_00001094.JPEG,predicted,random_uniform,0.15,3,True,0.060016632080078125,-0.0004956945776939392,False,1.0,1.0,1.0
pit_b_224,24,ILSVRC2012_val_00001115.JPEG,predicted,patch_score,0.15,0,True,0.14696407318115234,0.015140175819396973,False,1.0,1.0,1.0
pit_b_224,25,ILSVRC2012_val_00001343.JPEG,predicted,patch_score,0.15,0,True,0.21431922912597656,0.02380797266960144,False,1.0,1.0,1.0
pit_b_224,26,ILSVRC2012_val_00001379.JPEG,predicted,patch_score,0.15,0,True,0.011640548706054688,8.048117160797119e-05,False,1.0,1.0,1.0
pit_b_224,27,ILSVRC2012_val_00001425.JPEG,predicted,patch_score,0.15,0,True,-0.16730117797851562,-0.01219959557056427,False,1.0,1.0,1.0
pit_b_224,28,ILSVRC2012_val_00001434.JPEG,predicted,patch_score,0.15,0,True,0.2498483657836914,0.03217771649360657,False,1.0,1.0,1.0
pit_b_224,29,ILSVRC2012_val_00001435.JPEG,predicted,patch_score,0.15,0,True,0.03243732452392578,0.0043911412358284,False,1.0,1.0,1.0
pit_b_224,30,ILSVRC2012_val_00001512.JPEG,predicted,patch_score,0.15,0,True,0.18509960174560547,0.020445160567760468,False,1.0,1.0,1.0
pit_b_224,31,ILSVRC2012_val_00001537.JPEG,predicted,patch_score,0.15,0,True,0.19530010223388672,0.023243017494678497,False,1.0,1.0,1.0
pit_b_224,24,ILSVRC2012_val_00001115.JPEG,predicted,patch_score,0.15,1,True,0.4169273376464844,0.05210493505001068,False,1.0,1.0,1.0
pit_b_224,25,ILSVRC2012_val_00001343.JPEG,predicted,patch_score,0.15,1,True,0.05788230895996094,0.0010900050401687622,False,1.0,1.0,1.0
pit_b_224,26,ILSVRC2012_val_00001379.JPEG,predicted,patch_score,0.15,1,True,0.19314861297607422,0.03177535533905029,False,1.0,1.0,1.0
pit_b_224,27,ILSVRC2012_val_00001425.JPEG,predicted,patch_score,0.15,1,True,-0.121856689453125,-0.030203819274902344,False,1.0,1.0,1.0
pit_b_224,28,ILSVRC2012_val_00001434.JPEG,predicted,patch_score,0.15,1,True,0.03187847137451172,0.003312341868877411,False,1.0,1.0,1.0
pit_b_224,29,ILSVRC2012_val_00001435.JPEG,predicted,patch_score,0.15,1,True,0.27493858337402344,0.03533516079187393,False,1.0,1.0,1.0
pit_b_224,30,ILSVRC2012_val_00001512.JPEG,predicted,patch_score,0.15,1,True,0.14237499237060547,0.014735005795955658,False,1.0,1.0,1.0
pit_b_224,31,ILSVRC2012_val_00001537.JPEG,predicted,patch_score,0.15,1,True,0.1313486099243164,0.015931732952594757,False,1.0,1.0,1.0
pit_b_224,24,ILSVRC2012_val_00001115.JPEG,predicted,patch_score,0.15,2,True,0.09214973449707031,0.00826328992843628,False,1.0,1.0,1.0
pit_b_224,25,ILSVRC2012_val_00001343.JPEG,predicted,patch_score,0.15,2,True,0.3332500457763672,0.04526229202747345,False,1.0,1.0,1.0
pit_b_224,26,ILSVRC2012_val_00001379.JPEG,predicted,patch_score,0.15,2,True,0.41102027893066406,0.07545864582061768,False,1.0,1.0,1.0
pit_b_224,27,ILSVRC2012_val_00001425.JPEG,predicted,patch_score,0.15,2,True,0.06353187561035156,-0.0019470155239105225,False,1.0,1.0,1.0
pit_b_224,28,ILSVRC2012_val_00001434.JPEG,predicted,patch_score,0.15,2,True,0.41990089416503906,0.057413339614868164,False,1.0,1.0,1.0
pit_b_224,29,ILSVRC2012_val_00001435.JPEG,predicted,patch_score,0.15,2,True,0.107940673828125,0.01219671219587326,False,1.0,1.0,1.0
pit_b_224,30,ILSVRC2012_val_00001512.JPEG,predicted,patch_score,0.15,2,True,0.2327260971069336,0.02897169440984726,False,1.0,1.0,1.0
pit_b_224,31,ILSVRC2012_val_00001537.JPEG,predicted,patch_score,0.15,2,True,0.3216514587402344,0.042420752346515656,False,1.0,1.0,1.0
pit_b_224,24,ILSVRC2012_val_00001115.JPEG,predicted,patch_score,0.15,3,True,0.24470901489257812,0.026556506752967834,False,1.0,1.0,1.0
pit_b_224,25,ILSVRC2012_val_00001343.JPEG,predicted,patch_score,0.15,3,True,0.19796371459960938,0.02081558108329773,False,1.0,1.0,1.0
pit_b_224,26,ILSVRC2012_val_00001379.JPEG,predicted,patch_score,0.15,3,True,0.05672264099121094,0.011743664741516113,False,1.0,1.0,1.0
pit_b_224,27,ILSVRC2012_val_00001425.JPEG,predicted,patch_score,0.15,3,True,-0.13503265380859375,-0.023220941424369812,False,1.0,1.0,1.0
pit_b_224,28,ILSVRC2012_val_00001434.JPEG,predicted,patch_score,0.15,3,True,0.06634712219238281,0.009471714496612549,False,1.0,1.0,1.0
pit_b_224,29,ILSVRC2012_val_00001435.JPEG,predicted,patch_score,0.15,3,True,0.10102653503417969,0.011548958718776703,False,1.0,1.0,1.0
pit_b_224,30,ILSVRC2012_val_00001512.JPEG,predicted,patch_score,0.15,3,True,0.12189960479736328,0.014587931334972382,False,1.0,1.0,1.0
pit_b_224,31,ILSVRC2012_val_00001537.JPEG,predicted,patch_score,0.15,3,True,0.501215934753418,0.07141765207052231,False,1.0,1.0,1.0
pit_b_224,24,ILSVRC2012_val_00001115.JPEG,predicted,gradcam_relu,0.15,0,True,0.2785673141479492,0.031195759773254395,False,-0.5382325649261475,0.523809552192688,1.0
pit_b_224,25,ILSVRC2012_val_00001343.JPEG,predicted,gradcam_relu,0.15,0,True,0.3208599090576172,0.039556220173835754,False,0.34001827239990234,0.2549019753932953,1.0
pit_b_224,26,ILSVRC2012_val_00001379.JPEG,predicted,gradcam_relu,0.15,0,True,0.2916107177734375,0.04883307218551636,False,-0.05091574788093567,0.3617021143436432,1.0
pit_b_224,27,ILSVRC2012_val_00001425.JPEG,predicted,gradcam_relu,0.15,0,True,0.4170093536376953,0.05194076895713806,False,-0.4860805571079254,0.4883720874786377,1.0
pit_b_224,28,ILSVRC2012_val_00001434.JPEG,predicted,gradcam_relu,0.15,0,True,0.5032205581665039,0.07450173795223236,False,0.26144686341285706,0.23076923191547394,1.0
pit_b_224,29,ILSVRC2012_val_00001435.JPEG,predicted,gradcam_relu,0.15,0,True,0.7408180236816406,0.11442520469427109,False,-0.2890567481517792,0.3617021143436432,1.0
pit_b_224,30,ILSVRC2012_val_00001512.JPEG,predicted,gradcam_relu,0.15,0,True,0.4195108413696289,0.05337128788232803,False,0.21584247052669525,0.23076923191547394,1.0
pit_b_224,31,ILSVRC2012_val_00001537.JPEG,predicted,gradcam_relu,0.15,0,True,0.20495319366455078,0.02487707883119583,False,0.6724815964698792,0.18518517911434174,1.0
pit_b_224,24,ILSVRC2012_val_00001115.JPEG,predicted,gradcam_relu,0.15,1,True,0.45967674255371094,0.058370694518089294,False,-0.5382325649261475,0.523809552192688,1.0
pit_b_224,25,ILSVRC2012_val_00001343.JPEG,predicted,gradcam_relu,0.15,1,True,0.4708728790283203,0.0674399733543396,False,0.34001827239990234,0.2549019753932953,1.0
pit_b_224,26,ILSVRC2012_val_00001379.JPEG,predicted,gradcam_relu,0.15,1,True,0.4168567657470703,0.07566149532794952,False,-0.05091574788093567,0.3617021143436432,1.0
pit_b_224,27,ILSVRC2012_val_00001425.JPEG,predicted,gradcam_relu,0.15,1,True,0.3812875747680664,0.04598219692707062,False,-0.4860805571079254,0.4883720874786377,1.0
pit_b_224,28,ILSVRC2012_val_00001434.JPEG,predicted,gradcam_relu,0.15,1,True,0.4921092987060547,0.07351155579090118,False,0.26144686341285706,0.23076923191547394,1.0
pit_b_224,29,ILSVRC2012_val_00001435.JPEG,predicted,gradcam_relu,0.15,1,True,0.3878355026245117,0.05047062784433365,False,-0.2890567481517792,0.3617021143436432,1.0
pit_b_224,30,ILSVRC2012_val_00001512.JPEG,predicted,gradcam_relu,0.15,1,True,0.49809932708740234,0.06555160135030746,False,0.21584247052669525,0.23076923191547394,1.0
pit_b_224,31,ILSVRC2012_val_00001537.JPEG,predicted,gradcam_relu,0.15,1,True,0.4429903030395508,0.06180528551340103,False,0.6724815964698792,0.18518517911434174,1.0
pit_b_224,24,ILSVRC2012_val_00001115.JPEG,predicted,gradcam_relu,0.15,2,True,0.2557544708251953,0.029109790921211243,False,-0.5382325649261475,0.523809552192688,1.0
pit_b_224,25,ILSVRC2012_val_00001343.JPEG,predicted,gradcam_relu,0.15,2,True,0.38567066192626953,0.05143702030181885,False,0.34001827239990234,0.2549019753932953,1.0
pit_b_224,26,ILSVRC2012_val_00001379.JPEG,predicted,gradcam_relu,0.15,2,True,0.4163017272949219,0.07490460574626923,False,-0.05091574788093567,0.3617021143436432,1.0
pit_b_224,27,ILSVRC2012_val_00001425.JPEG,predicted,gradcam_relu,0.15,2,True,0.46919727325439453,0.0575965940952301,False,-0.4860805571079254,0.4883720874786377,1.0
pit_b_224,28,ILSVRC2012_val_00001434.JPEG,predicted,gradcam_relu,0.15,2,True,0.24015522003173828,0.028955549001693726,False,0.26144686341285706,0.23076923191547394,1.0
pit_b_224,29,ILSVRC2012_val_00001435.JPEG,predicted,gradcam_relu,0.15,2,True,0.4826774597167969,0.06546465307474136,False,-0.2890567481517792,0.3617021143436432,1.0
pit_b_224,30,ILSVRC2012_val_00001512.JPEG,predicted,gradcam_relu,0.15,2,True,0.11644268035888672,0.013292096555233002,False,0.21584247052669525,0.23076923191547394,1.0
pit_b_224,31,ILSVRC2012_val_00001537.JPEG,predicted,gradcam_relu,0.15,2,True,0.39661693572998047,0.053953178226947784,False,0.6724815964698792,0.18518517911434174,1.0
pit_b_224,24,ILSVRC2012_val_00001115.JPEG,predicted,gradcam_relu,0.15,3,True,0.2450389862060547,0.026895076036453247,False,-0.5382325649261475,0.523809552192688,1.0
pit_b_224,25,ILSVRC2012_val_00001343.JPEG,predicted,gradcam_relu,0.15,3,True,0.23328495025634766,0.03120023012161255,False,0.34001827239990234,0.2549019753932953,1.0
pit_b_224,26,ILSVRC2012_val_00001379.JPEG,predicted,gradcam_relu,0.15,3,True,0.5386505126953125,0.1012936383485794,False,-0.05091574788093567,0.3617021143436432,1.0
pit_b_224,27,ILSVRC2012_val_00001425.JPEG,predicted,gradcam_relu,0.15,3,True,0.13244915008544922,0.0029870420694351196,False,-0.4860805571079254,0.4883720874786377,1.0
pit_b_224,28,ILSVRC2012_val_00001434.JPEG,predicted,gradcam_relu,0.15,3,True,0.5298357009887695,0.09263640642166138,False,0.26144686341285706,0.23076923191547394,1.0
pit_b_224,29,ILSVRC2012_val_00001435.JPEG,predicted,gradcam_relu,0.15,3,True,0.4570140838623047,0.060915105044841766,False,-0.2890567481517792,0.3617021143436432,1.0
pit_b_224,30,ILSVRC2012_val_00001512.JPEG,predicted,gradcam_relu,0.15,3,True,0.33750247955322266,0.04107370227575302,False,0.21584247052669525,0.23076923191547394,1.0
pit_b_224,31,ILSVRC2012_val_00001537.JPEG,predicted,gradcam_relu,0.15,3,True,0.29166221618652344,0.037878893315792084,False,0.6724815964698792,0.18518517911434174,1.0
pit_b_224,24,ILSVRC2012_val_00001115.JPEG,predicted,gradcam_signed,0.15,0,True,0.24494361877441406,0.028132304549217224,False,-0.5382325649261475,0.523809552192688,1.0
pit_b_224,25,ILSVRC2012_val_00001343.JPEG,predicted,gradcam_signed,0.15,0,True,0.38925838470458984,0.05108743906021118,False,0.34001827239990234,0.2549019753932953,1.0
pit_b_224,26,ILSVRC2012_val_00001379.JPEG,predicted,gradcam_signed,0.15,0,True,0.2495880126953125,0.04210859537124634,False,-0.05091574788093567,0.3617021143436432,1.0
pit_b_224,27,ILSVRC2012_val_00001425.JPEG,predicted,gradcam_signed,0.15,0,True,0.32724571228027344,0.03788663446903229,False,-0.4860805571079254,0.4883720874786377,1.0
pit_b_224,28,ILSVRC2012_val_00001434.JPEG,predicted,gradcam_signed,0.15,0,True,0.46384334564208984,0.06608708202838898,False,0.26144686341285706,0.23076923191547394,1.0
pit_b_224,29,ILSVRC2012_val_00001435.JPEG,predicted,gradcam_signed,0.15,0,True,0.2365131378173828,0.02843368798494339,False,-0.2890567481517792,0.3617021143436432,1.0
pit_b_224,30,ILSVRC2012_val_00001512.JPEG,predicted,gradcam_signed,0.15,0,True,0.5325803756713867,0.07271171361207962,False,0.21584247052669525,0.23076923191547394,1.0
pit_b_224,31,ILSVRC2012_val_00001537.JPEG,predicted,gradcam_signed,0.15,0,True,0.38910579681396484,0.10024615377187729,False,0.6724815964698792,0.18518517911434174,1.0
pit_b_224,24,ILSVRC2012_val_00001115.JPEG,predicted,gradcam_signed,0.15,1,True,0.3225374221801758,0.03822764754295349,False,-0.5382325649261475,0.523809552192688,1.0
pit_b_224,25,ILSVRC2012_val_00001343.JPEG,predicted,gradcam_signed,0.15,1,True,0.5122509002685547,0.07676255702972412,False,0.34001827239990234,0.2549019753932953,1.0
pit_b_224,26,ILSVRC2012_val_00001379.JPEG,predicted,gradcam_signed,0.15,1,True,0.3901710510253906,0.06945674121379852,False,-0.05091574788093567,0.3617021143436432,1.0
pit_b_224,27,ILSVRC2012_val_00001425.JPEG,predicted,gradcam_signed,0.15,1,True,0.2856473922729492,0.02931535243988037,False,-0.4860805571079254,0.4883720874786377,1.0
pit_b_224,28,ILSVRC2012_val_00001434.JPEG,predicted,gradcam_signed,0.15,1,True,0.3968782424926758,0.05272127687931061,False,0.26144686341285706,0.23076923191547394,1.0
pit_b_224,29,ILSVRC2012_val_00001435.JPEG,predicted,gradcam_signed,0.15,1,True,0.36478710174560547,0.04673843830823898,False,-0.2890567481517792,0.3617021143436432,1.0
pit_b_224,30,ILSVRC2012_val_00001512.JPEG,predicted,gradcam_signed,0.15,1,True,0.47191810607910156,0.061593540012836456,False,0.21584247052669525,0.23076923191547394,1.0
pit_b_224,31,ILSVRC2012_val_00001537.JPEG,predicted,gradcam_signed,0.15,1,True,0.2592916488647461,0.03476399928331375,False,0.6724815964698792,0.18518517911434174,1.0
pit_b_224,24,ILSVRC2012_val_00001115.JPEG,predicted,gradcam_signed,0.15,2,True,0.2595958709716797,0.02892741560935974,False,-0.5382325649261475,0.523809552192688,1.0
pit_b_224,25,ILSVRC2012_val_00001343.JPEG,predicted,gradcam_signed,0.15,2,True,0.07853507995605469,0.0033989399671554565,False,0.34001827239990234,0.2549019753932953,1.0
pit_b_224,26,ILSVRC2012_val_00001379.JPEG,predicted,gradcam_signed,0.15,2,True,0.3962059020996094,0.0726597011089325,False,-0.05091574788093567,0.3617021143436432,1.0
pit_b_224,27,ILSVRC2012_val_00001425.JPEG,predicted,gradcam_signed,0.15,2,True,0.4754638671875,0.0643053948879242,False,-0.4860805571079254,0.4883720874786377,1.0
pit_b_224,28,ILSVRC2012_val_00001434.JPEG,predicted,gradcam_signed,0.15,2,True,0.3571891784667969,0.04697546362876892,False,0.26144686341285706,0.23076923191547394,1.0
pit_b_224,29,ILSVRC2012_val_00001435.JPEG,predicted,gradcam_signed,0.15,2,True,0.5232295989990234,0.07323256880044937,False,-0.2890567481517792,0.3617021143436432,1.0
pit_b_224,30,ILSVRC2012_val_00001512.JPEG,predicted,gradcam_signed,0.15,2,True,0.2919435501098633,0.03555002063512802,False,0.21584247052669525,0.23076923191547394,1.0
pit_b_224,31,ILSVRC2012_val_00001537.JPEG,predicted,gradcam_signed,0.15,2,True,0.7098636627197266,0.11151353269815445,False,0.6724815964698792,0.18518517911434174,1.0
pit_b_224,24,ILSVRC2012_val_00001115.JPEG,predicted,gradcam_signed,0.15,3,True,0.34860992431640625,0.04135994613170624,False,-0.5382325649261475,0.523809552192688,1.0
pit_b_224,25,ILSVRC2012_val_00001343.JPEG,predicted,gradcam_signed,0.15,3,True,0.36843395233154297,0.04688616096973419,False,0.34001827239990234,0.2549019753932953,1.0
pit_b_224,26,ILSVRC2012_val_00001379.JPEG,predicted,gradcam_signed,0.15,3,True,0.4865989685058594,0.08943381905555725,False,-0.05091574788093567,0.3617021143436432,1.0
pit_b_224,27,ILSVRC2012_val_00001425.JPEG,predicted,gradcam_signed,0.15,3,True,0.31580162048339844,0.032140180468559265,False,-0.4860805571079254,0.4883720874786377,1.0
pit_b_224,28,ILSVRC2012_val_00001434.JPEG,predicted,gradcam_signed,0.15,3,True,0.201141357421875,0.02431502938270569,False,0.26144686341285706,0.23076923191547394,1.0
pit_b_224,29,ILSVRC2012_val_00001435.JPEG,predicted,gradcam_signed,0.15,3,True,0.38140869140625,0.04953015595674515,False,-0.2890567481517792,0.3617021143436432,1.0
pit_b_224,30,ILSVRC2012_val_00001512.JPEG,predicted,gradcam_signed,0.15,3,True,0.2297372817993164,0.02614782005548477,False,0.21584247052669525,0.23076923191547394,1.0
pit_b_224,31,ILSVRC2012_val_00001537.JPEG,predicted,gradcam_signed,0.15,3,True,0.3789558410644531,0.05107025057077408,False,0.6724815964698792,0.18518517911434174,1.0
pit_b_224,24,ILSVRC2012_val_00001115.JPEG,predicted,gradcam_abs,0.15,0,True,0.2095050811767578,0.0235595703125,False,-0.5382325649261475,0.523809552192688,1.0
pit_b_224,25,ILSVRC2012_val_00001343.JPEG,predicted,gradcam_abs,0.15,0,True,-0.0012607574462890625,0.03665067255496979,False,0.34001827239990234,0.2549019753932953,1.0
pit_b_224,26,ILSVRC2012_val_00001379.JPEG,predicted,gradcam_abs,0.15,0,True,0.14728355407714844,0.022383466362953186,False,-0.05091574788093567,0.3617021143436432,1.0
pit_b_224,27,ILSVRC2012_val_00001425.JPEG,predicted,gradcam_abs,0.15,0,True,0.30524730682373047,0.027069881558418274,False,-0.4860805571079254,0.4883720874786377,1.0
pit_b_224,28,ILSVRC2012_val_00001434.JPEG,predicted,gradcam_abs,0.15,0,True,0.3313112258911133,0.044257715344429016,False,0.26144686341285706,0.23076923191547394,1.0
pit_b_224,29,ILSVRC2012_val_00001435.JPEG,predicted,gradcam_abs,0.15,0,True,0.4239387512207031,0.05598986893892288,False,-0.2890567481517792,0.3617021143436432,1.0
pit_b_224,30,ILSVRC2012_val_00001512.JPEG,predicted,gradcam_abs,0.15,0,True,0.19977474212646484,0.021852247416973114,False,0.21584247052669525,0.23076923191547394,1.0
pit_b_224,31,ILSVRC2012_val_00001537.JPEG,predicted,gradcam_abs,0.15,0,True,0.34679126739501953,0.045260168612003326,False,0.6724815964698792,0.18518517911434174,1.0
pit_b_224,24,ILSVRC2012_val_00001115.JPEG,predicted,gradcam_abs,0.15,1,True,0.21977806091308594,0.024345576763153076,False,-0.5382325649261475,0.523809552192688,1.0
pit_b_224,25,ILSVRC2012_val_00001343.JPEG,predicted,gradcam_abs,0.15,1,True,0.2918233871459961,0.03507921099662781,False,0.34001827239990234,0.2549019753932953,1.0
pit_b_224,26,ILSVRC2012_val_00001379.JPEG,predicted,gradcam_abs,0.15,1,True,0.4656648635864258,0.08497454226016998,False,-0.05091574788093567,0.3617021143436432,1.0
pit_b_224,27,ILSVRC2012_val_00001425.JPEG,predicted,gradcam_abs,0.15,1,True,0.43689918518066406,0.05482979118824005,False,-0.4860805571079254,0.4883720874786377,1.0
pit_b_224,28,ILSVRC2012_val_00001434.JPEG,predicted,gradcam_abs,0.15,1,True,0.4166269302368164,0.05707859992980957,False,0.26144686341285706,0.23076923191547394,1.0
pit_b_224,29,ILSVRC2012_val_00001435.JPEG,predicted,gradcam_abs,0.15,1,True,0.40772247314453125,0.0540822371840477,False,-0.2890567481517792,0.3617021143436432,1.0
pit_b_224,30,ILSVRC2012_val_00001512.JPEG,predicted,gradcam_abs,0.15,1,True,0.1090860366821289,0.011205323040485382,False,0.21584247052669525,0.23076923191547394,1.0
pit_b_224,31,ILSVRC2012_val_00001537.JPEG,predicted,gradcam_abs,0.15,1,True,0.5686779022216797,0.08905250579118729,False,0.6724815964698792,0.18518517911434174,1.0
pit_b_224,24,ILSVRC2012_val_00001115.JPEG,predicted,gradcam_abs,0.15,2,True,0.27524757385253906,0.030624747276306152,False,-0.5382325649261475,0.523809552192688,1.0
pit_b_224,25,ILSVRC2012_val_00001343.JPEG,predicted,gradcam_abs,0.15,2,True,0.3223905563354492,0.04200948774814606,False,0.34001827239990234,0.2549019753932953,1.0
pit_b_224,26,ILSVRC2012_val_00001379.JPEG,predicted,gradcam_abs,0.15,2,True,0.18654823303222656,0.029061228036880493,False,-0.05091574788093567,0.3617021143436432,1.0
pit_b_224,27,ILSVRC2012_val_00001425.JPEG,predicted,gradcam_abs,0.15,2,True,0.19688034057617188,0.011267527937889099,False,-0.4860805571079254,0.4883720874786377,1.0
pit_b_224,28,ILSVRC2012_val_00001434.JPEG,predicted,gradcam_abs,0.15,2,True,0.15787792205810547,0.01935744285583496,False,0.26144686341285706,0.23076923191547394,1.0
pit_b_224,29,ILSVRC2012_val_00001435.JPEG,predicted,gradcam_abs,0.15,2,True,0.3548412322998047,0.04608636349439621,False,-0.2890567481517792,0.3617021143436432,1.0
pit_b_224,30,ILSVRC2012_val_00001512.JPEG,predicted,gradcam_abs,0.15,2,True,0.3170957565307617,0.03912072628736496,False,0.21584247052669525,0.23076923191547394,1.0
pit_b_224,31,ILSVRC2012_val_00001537.JPEG,predicted,gradcam_abs,0.15,2,True,0.48485755920410156,0.07006565481424332,False,0.6724815964698792,0.18518517911434174,1.0
pit_b_224,24,ILSVRC2012_val_00001115.JPEG,predicted,gradcam_abs,0.15,3,True,0.6034603118896484,0.08403429388999939,False,-0.5382325649261475,0.523809552192688,1.0
pit_b_224,25,ILSVRC2012_val_00001343.JPEG,predicted,gradcam_abs,0.15,3,True,0.28777313232421875,0.03554479777812958,False,0.34001827239990234,0.2549019753932953,1.0
pit_b_224,26,ILSVRC2012_val_00001379.JPEG,predicted,gradcam_abs,0.15,3,True,0.3239879608154297,0.06417594850063324,False,-0.05091574788093567,0.3617021143436432,1.0
pit_b_224,27,ILSVRC2012_val_00001425.JPEG,predicted,gradcam_abs,0.15,3,True,0.2356395721435547,0.023585796356201172,False,-0.4860805571079254,0.4883720874786377,1.0
pit_b_224,28,ILSVRC2012_val_00001434.JPEG,predicted,gradcam_abs,0.15,3,True,0.3349275588989258,0.04587149620056152,False,0.26144686341285706,0.23076923191547394,1.0
pit_b_224,29,ILSVRC2012_val_00001435.JPEG,predicted,gradcam_abs,0.15,3,True,0.3186359405517578,0.039484165608882904,False,-0.2890567481517792,0.3617021143436432,1.0
pit_b_224,30,ILSVRC2012_val_00001512.JPEG,predicted,gradcam_abs,0.15,3,True,0.03273963928222656,0.0042657554149627686,False,0.21584247052669525,0.23076923191547394,1.0
pit_b_224,31,ILSVRC2012_val_00001537.JPEG,predicted,gradcam_abs,0.15,3,True,0.5794219970703125,0.10175833851099014,False,0.6724815964698792,0.18518517911434174,1.0
pit_b_224,24,ILSVRC2012_val_00001115.JPEG,predicted,random_uniform,0.15,0,True,0.33082103729248047,0.03975757956504822,False,1.0,1.0,1.0
pit_b_224,25,ILSVRC2012_val_00001343.JPEG,predicted,random_uniform,0.15,0,True,0.07798385620117188,0.0036882609128952026,False,1.0,1.0,1.0
pit_b_224,26,ILSVRC2012_val_00001379.JPEG,predicted,random_uniform,0.15,0,True,0.03278350830078125,0.004411101341247559,False,1.0,1.0,1.0
pit_b_224,27,ILSVRC2012_val_00001425.JPEG,predicted,random_uniform,0.15,0,True,0.2884855270385742,0.03204570710659027,False,1.0,1.0,1.0
pit_b_224,28,ILSVRC2012_val_00001434.JPEG,predicted,random_uniform,0.15,0,True,0.35225963592529297,0.0479239821434021,False,1.0,1.0,1.0
pit_b_224,29,ILSVRC2012_val_00001435.JPEG,predicted,random_uniform,0.15,0,True,0.2811279296875,0.03494260460138321,False,1.0,1.0,1.0
pit_b_224,30,ILSVRC2012_val_00001512.JPEG,predicted,random_uniform,0.15,0,True,0.3479757308959961,0.04622117429971695,False,1.0,1.0,1.0
pit_b_224,31,ILSVRC2012_val_00001537.JPEG,predicted,random_uniform,0.15,0,True,0.12488460540771484,0.015549160540103912,False,1.0,1.0,1.0
pit_b_224,24,ILSVRC2012_val_00001115.JPEG,predicted,random_uniform,0.15,1,True,0.13445663452148438,0.014882773160934448,False,1.0,1.0,1.0
pit_b_224,25,ILSVRC2012_val_00001343.JPEG,predicted,random_uniform,0.15,1,True,0.3829936981201172,0.04984588921070099,False,1.0,1.0,1.0
pit_b_224,26,ILSVRC2012_val_00001379.JPEG,predicted,random_uniform,0.15,1,True,0.0998830795288086,0.017764046788215637,False,1.0,1.0,1.0
pit_b_224,27,ILSVRC2012_val_00001425.JPEG,predicted,random_uniform,0.15,1,True,0.2358236312866211,0.02682700753211975,False,1.0,1.0,1.0
pit_b_224,28,ILSVRC2012_val_00001434.JPEG,predicted,random_uniform,0.15,1,True,0.3384208679199219,0.04495932161808014,False,1.0,1.0,1.0
pit_b_224,29,ILSVRC2012_val_00001435.JPEG,predicted,random_uniform,0.15,1,True,0.16545486450195312,0.018995292484760284,False,1.0,1.0,1.0
pit_b_224,30,ILSVRC2012_val_00001512.JPEG,predicted,random_uniform,0.15,1,True,0.2863607406616211,0.03443204611539841,False,1.0,1.0,1.0
pit_b_224,31,ILSVRC2012_val_00001537.JPEG,predicted,random_uniform,0.15,1,True,0.12596607208251953,0.014606274664402008,False,1.0,1.0,1.0
pit_b_224,24,ILSVRC2012_val_00001115.JPEG,predicted,random_uniform,0.15,2,True,0.1085062026977539,0.01072797179222107,False,1.0,1.0,1.0
pit_b_224,25,ILSVRC2012_val_00001343.JPEG,predicted,random_uniform,0.15,2,True,0.1553335189819336,0.014141052961349487,False,1.0,1.0,1.0
pit_b_224,26,ILSVRC2012_val_00001379.JPEG,predicted,random_uniform,0.15,2,True,0.16728973388671875,0.02630932629108429,False,1.0,1.0,1.0
pit_b_224,27,ILSVRC2012_val_00001425.JPEG,predicted,random_uniform,0.15,2,True,0.3258199691772461,0.04249069094657898,False,1.0,1.0,1.0
pit_b_224,28,ILSVRC2012_val_00001434.JPEG,predicted,random_uniform,0.15,2,True,0.48410606384277344,0.06988264620304108,False,1.0,1.0,1.0
pit_b_224,29,ILSVRC2012_val_00001435.JPEG,predicted,random_uniform,0.15,2,True,0.013319015502929688,0.0016287416219711304,False,1.0,1.0,1.0
pit_b_224,30,ILSVRC2012_val_00001512.JPEG,predicted,random_uniform,0.15,2,True,0.2747306823730469,0.031763844192028046,False,1.0,1.0,1.0
pit_b_224,31,ILSVRC2012_val_00001537.JPEG,predicted,random_uniform,0.15,2,True,0.2432546615600586,0.030376218259334564,False,1.0,1.0,1.0
pit_b_224,24,ILSVRC2012_val_00001115.JPEG,predicted,random_uniform,0.15,3,True,0.37581634521484375,0.046422481536865234,False,1.0,1.0,1.0
pit_b_224,25,ILSVRC2012_val_00001343.JPEG,predicted,random_uniform,0.15,3,True,0.36077308654785156,0.047252357006073,False,1.0,1.0,1.0
pit_b_224,26,ILSVRC2012_val_00001379.JPEG,predicted,random_uniform,0.15,3,True,0.09166812896728516,0.012906253337860107,False,1.0,1.0,1.0
pit_b_224,27,ILSVRC2012_val_00001425.JPEG,predicted,random_uniform,0.15,3,True,0.15987110137939453,0.0075111836194992065,False,1.0,1.0,1.0
pit_b_224,28,ILSVRC2012_val_00001434.JPEG,predicted,random_uniform,0.15,3,True,0.2496347427368164,0.031466156244277954,False,1.0,1.0,1.0
pit_b_224,29,ILSVRC2012_val_00001435.JPEG,predicted,random_uniform,0.15,3,True,0.085601806640625,0.00993693619966507,False,1.0,1.0,1.0
pit_b_224,30,ILSVRC2012_val_00001512.JPEG,predicted,random_uniform,0.15,3,True,0.26734352111816406,0.032728247344493866,False,1.0,1.0,1.0
pit_b_224,31,ILSVRC2012_val_00001537.JPEG,predicted,random_uniform,0.15,3,True,0.24457645416259766,0.031164325773715973,False,1.0,1.0,1.0
pit_b_224,32,ILSVRC2012_val_00001570.JPEG,predicted,patch_score,0.15,0,True,-0.10470771789550781,-0.027920372784137726,False,1.0,1.0,1.0
pit_b_224,33,ILSVRC2012_val_00001638.JPEG,predicted,patch_score,0.15,0,True,0.35756397247314453,0.05089333653450012,False,1.0,1.0,1.0
pit_b_224,34,ILSVRC2012_val_00001642.JPEG,predicted,patch_score,0.15,0,True,0.03468608856201172,0.014371275901794434,False,1.0,1.0,1.0
pit_b_224,35,ILSVRC2012_val_00001645.JPEG,predicted,patch_score,0.15,0,True,-0.06518745422363281,-0.017359569668769836,False,1.0,1.0,1.0
pit_b_224,36,ILSVRC2012_val_00001648.JPEG,predicted,patch_score,0.15,0,True,-0.3223295211791992,-0.042821213603019714,False,1.0,1.0,1.0
pit_b_224,37,ILSVRC2012_val_00001655.JPEG,predicted,patch_score,0.15,0,True,0.18283462524414062,0.03466379642486572,False,1.0,1.0,1.0
pit_b_224,38,ILSVRC2012_val_00001659.JPEG,predicted,patch_score,0.15,0,True,0.20423126220703125,0.02736443281173706,False,1.0,1.0,1.0
pit_b_224,39,ILSVRC2012_val_00001689.JPEG,predicted,patch_score,0.15,0,True,0.3279409408569336,0.03897561877965927,False,1.0,1.0,1.0
pit_b_224,32,ILSVRC2012_val_00001570.JPEG,predicted,patch_score,0.15,1,True,-0.09539031982421875,-0.026956140995025635,False,1.0,1.0,1.0
pit_b_224,33,ILSVRC2012_val_00001638.JPEG,predicted,patch_score,0.15,1,True,0.05628681182861328,0.012087658047676086,False,1.0,1.0,1.0
pit_b_224,34,ILSVRC2012_val_00001642.JPEG,predicted,patch_score,0.15,1,True,0.35485172271728516,0.03199809789657593,False,1.0,1.0,1.0
pit_b_224,35,ILSVRC2012_val_00001645.JPEG,predicted,patch_score,0.15,1,True,0.23999691009521484,0.03396037220954895,False,1.0,1.0,1.0
pit_b_224,36,ILSVRC2012_val_00001648.JPEG,predicted,patch_score,0.15,1,True,-0.3815898895263672,-0.0488659143447876,False,1.0,1.0,1.0
pit_b_224,37,ILSVRC2012_val_00001655.JPEG,predicted,patch_score,0.15,1,True,-0.06966590881347656,-0.012719660997390747,False,1.0,1.0,1.0
pit_b_224,38,ILSVRC2012_val_00001659.JPEG,predicted,patch_score,0.15,1,True,0.13971614837646484,0.013621672987937927,False,1.0,1.0,1.0
pit_b_224,39,ILSVRC2012_val_00001689.JPEG,predicted,patch_score,0.15,1,True,0.4591989517211914,0.05780372768640518,False,1.0,1.0,1.0
pit_b_224,32,ILSVRC2012_val_00001570.JPEG,predicted,patch_score,0.15,2,True,-0.12650680541992188,-0.030018016695976257,False,1.0,1.0,1.0
pit_b_224,33,ILSVRC2012_val_00001638.JPEG,predicted,patch_score,0.15,2,True,0.47387218475341797,0.06469663977622986,False,1.0,1.0,1.0
pit_b_224,34,ILSVRC2012_val_00001642.JPEG,predicted,patch_score,0.15,2,True,0.2211141586303711,0.02007107436656952,False,1.0,1.0,1.0
pit_b_224,35,ILSVRC2012_val_00001645.JPEG,predicted,patch_score,0.15,2,True,-0.04849529266357422,-0.014321237802505493,False,1.0,1.0,1.0
pit_b_224,36,ILSVRC2012_val_00001648.JPEG,predicted,patch_score,0.15,2,True,-0.2916288375854492,-0.03982274979352951,False,1.0,1.0,1.0
pit_b_224,37,ILSVRC2012_val_00001655.JPEG,predicted,patch_score,0.15,2,True,-0.14654922485351562,-0.01972779631614685,False,1.0,1.0,1.0
pit_b_224,38,ILSVRC2012_val_00001659.JPEG,predicted,patch_score,0.15,2,True,0.27510833740234375,0.039312854409217834,False,1.0,1.0,1.0
pit_b_224,39,ILSVRC2012_val_00001689.JPEG,predicted,patch_score,0.15,2,True,0.21245861053466797,0.023758240044116974,False,1.0,1.0,1.0
pit_b_224,32,ILSVRC2012_val_00001570.JPEG,predicted,patch_score,0.15,3,True,0.1912059783935547,0.006177231669425964,False,1.0,1.0,1.0
pit_b_224,33,ILSVRC2012_val_00001638.JPEG,predicted,patch_score,0.15,3,True,0.4355916976928711,0.05729587376117706,False,1.0,1.0,1.0
pit_b_224,34,ILSVRC2012_val_00001642.JPEG,predicted,patch_score,0.15,3,True,-0.0033540725708007812,0.0017325729131698608,False,1.0,1.0,1.0
pit_b_224,35,ILSVRC2012_val_00001645.JPEG,predicted,patch_score,0.15,3,True,-0.09669208526611328,-0.02161712944507599,False,1.0,1.0,1.0
pit_b_224,36,ILSVRC2012_val_00001648.JPEG,predicted,patch_score,0.15,3,True,0.10170364379882812,0.014600560069084167,False,1.0,1.0,1.0
pit_b_224,37,ILSVRC2012_val_00001655.JPEG,predicted,patch_score,0.15,3,True,0.39195823669433594,0.09136837720870972,False,1.0,1.0,1.0
pit_b_224,38,ILSVRC2012_val_00001659.JPEG,predicted,patch_score,0.15,3,True,0.28862476348876953,0.0381879061460495,False,1.0,1.0,1.0
pit_b_224,39,ILSVRC2012_val_00001689.JPEG,predicted,patch_score,0.15,3,True,0.2845773696899414,0.03317255526781082,False,1.0,1.0,1.0
pit_b_224,32,ILSVRC2012_val_00001570.JPEG,predicted,gradcam_relu,0.15,0,True,0.5440263748168945,0.057803139090538025,False,0.33676737546920776,0.23076923191547394,1.0
pit_b_224,33,ILSVRC2012_val_00001638.JPEG,predicted,gradcam_relu,0.15,0,True,0.34002208709716797,0.044972553849220276,False,0.15050365030765533,0.2549019753932953,1.0
pit_b_224,34,ILSVRC2012_val_00001642.JPEG,predicted,gradcam_relu,0.15,0,True,0.2974233627319336,0.034817665815353394,False,0.1370878964662552,0.2800000011920929,1.0
pit_b_224,35,ILSVRC2012_val_00001645.JPEG,predicted,gradcam_relu,0.15,0,True,0.38397884368896484,0.06232137978076935,False,-0.12971609830856323,0.3913043439388275,1.0
pit_b_224,36,ILSVRC2012_val_00001648.JPEG,predicted,gradcam_relu,0.15,0,True,0.2279205322265625,0.03624042868614197,False,-0.11785713583230972,0.3913043439388275,1.0
pit_b_224,37,ILSVRC2012_val_00001655.JPEG,predicted,gradcam_relu,0.15,0,True,0.41441917419433594,0.11180663108825684,False,-0.26433148980140686,0.3617021143436432,1.0
pit_b_224,38,ILSVRC2012_val_00001659.JPEG,predicted,gradcam_relu,0.15,0,True,0.30963802337646484,0.042193010449409485,False,-0.23699632287025452,0.3333333432674408,1.0
pit_b_224,39,ILSVRC2012_val_00001689.JPEG,predicted,gradcam_relu,0.15,0,True,0.16797161102294922,0.018393002450466156,False,0.4418039917945862,0.18518517911434174,1.0
pit_b_224,32,ILSVRC2012_val_00001570.JPEG,predicted,gradcam_relu,0.15,1,True,0.019120216369628906,-0.014392554759979248,False,0.33676737546920776,0.23076923191547394,1.0
pit_b_224,33,ILSVRC2012_val_00001638.JPEG,predicted,gradcam_relu,0.15,1,True,0.6287698745727539,0.08831743896007538,False,0.15050365030765533,0.2549019753932953,1.0
pit_b_224,34,ILSVRC2012_val_00001642.JPEG,predicted,gradcam_relu,0.15,1,True,0.6383152008056641,0.14331215620040894,False,0.1370878964662552,0.2800000011920929,1.0
pit_b_224,35,ILSVRC2012_val_00001645.JPEG,predicted,gradcam_relu,0.15,1,True,0.25434398651123047,0.036929041147232056,False,-0.12971609830856323,0.3913043439388275,1.0
pit_b_224,36,ILSVRC2012_val_00001648.JPEG,predicted,gradcam_relu,0.15,1,True,-0.3565025329589844,-0.04650295525789261,False,-0.11785713583230972,0.3913043439388275,1.0
pit_b_224,37,ILSVRC2012_val_00001655.JPEG,predicted,gradcam_relu,0.15,1,True,0.09067440032958984,0.02231919765472412,False,-0.26433148980140686,0.3617021143436432,1.0
pit_b_224,38,ILSVRC2012_val_00001659.JPEG,predicted,gradcam_relu,0.15,1,True,0.5140981674194336,0.0724760890007019,False,-0.23699632287025452,0.3333333432674408,1.0
pit_b_224,39,ILSVRC2012_val_00001689.JPEG,predicted,gradcam_relu,0.15,1,True,0.4954252243041992,0.08292876929044724,False,0.4418039917945862,0.18518517911434174,1.0
pit_b_224,32,ILSVRC2012_val_00001570.JPEG,predicted,gradcam_relu,0.15,2,True,0.26937294006347656,0.01622118055820465,False,0.33676737546920776,0.23076923191547394,1.0
pit_b_224,33,ILSVRC2012_val_00001638.JPEG,predicted,gradcam_relu,0.15,2,True,0.7757234573364258,0.10712805390357971,False,0.15050365030765533,0.2549019753932953,1.0
pit_b_224,34,ILSVRC2012_val_00001642.JPEG,predicted,gradcam_relu,0.15,2,True,0.2029399871826172,0.1009073555469513,False,0.1370878964662552,0.2800000011920929,1.0
pit_b_224,35,ILSVRC2012_val_00001645.JPEG,predicted,gradcam_relu,0.15,2,True,0.08410453796386719,0.006016343832015991,False,-0.12971609830856323,0.3913043439388275,1.0
pit_b_224,36,ILSVRC2012_val_00001648.JPEG,predicted,gradcam_relu,0.15,2,True,0.018784523010253906,0.0018079429864883423,False,-0.11785713583230972,0.3913043439388275,1.0
pit_b_224,37,ILSVRC2012_val_00001655.JPEG,predicted,gradcam_relu,0.15,2,True,0.4402484893798828,0.07187914848327637,False,-0.26433148980140686,0.3617021143436432,1.0
pit_b_224,38,ILSVRC2012_val_00001659.JPEG,predicted,gradcam_relu,0.15,2,True,0.7201519012451172,0.10549645125865936,False,-0.23699632287025452,0.3333333432674408,1.0
pit_b_224,39,ILSVRC2012_val_00001689.JPEG,predicted,gradcam_relu,0.15,2,True,0.13519763946533203,0.014820411801338196,False,0.4418039917945862,0.18518517911434174,1.0
pit_b_224,32,ILSVRC2012_val_00001570.JPEG,predicted,gradcam_relu,0.15,3,True,-0.013048171997070312,-0.01784009486436844,False,0.33676737546920776,0.23076923191547394,1.0
pit_b_224,33,ILSVRC2012_val_00001638.JPEG,predicted,gradcam_relu,0.15,3,True,0.48702144622802734,0.08633388578891754,False,0.15050365030765533,0.2549019753932953,1.0
pit_b_224,34,ILSVRC2012_val_00001642.JPEG,predicted,gradcam_relu,0.15,3,True,0.04813385009765625,-0.01182582974433899,False,0.1370878964662552,0.2800000011920929,1.0
pit_b_224,35,ILSVRC2012_val_00001645.JPEG,predicted,gradcam_relu,0.15,3,True,0.06359672546386719,0.0037654638290405273,False,-0.12971609830856323,0.3913043439388275,1.0
pit_b_224,36,ILSVRC2012_val_00001648.JPEG,predicted,gradcam_relu,0.15,3,True,-0.024727821350097656,-0.005263566970825195,False,-0.11785713583230972,0.3913043439388275,1.0
pit_b_224,37,ILSVRC2012_val_00001655.JPEG,predicted,gradcam_relu,0.15,3,True,0.3505439758300781,0.06185305118560791,False,-0.26433148980140686,0.3617021143436432,1.0
pit_b_224,38,ILSVRC2012_val_00001659.JPEG,predicted,gradcam_relu,0.15,3,True,0.2085580825805664,0.018719032406806946,False,-0.23699632287025452,0.3333333432674408,1.0
pit_b_224,39,ILSVRC2012_val_00001689.JPEG,predicted,gradcam_relu,0.15,3,True,0.13715457916259766,0.015121318399906158,False,0.4418039917945862,0.18518517911434174,1.0
pit_b_224,32,ILSVRC2012_val_00001570.JPEG,predicted,gradcam_signed,0.15,0,True,0.6528224945068359,0.077180877327919,False,0.33676737546920776,0.23076923191547394,1.0
pit_b_224,33,ILSVRC2012_val_00001638.JPEG,predicted,gradcam_signed,0.15,0,True,0.768803596496582,0.11004582047462463,False,0.15050365030765533,0.2549019753932953,1.0
pit_b_224,34,ILSVRC2012_val_00001642.JPEG,predicted,gradcam_signed,0.15,0,True,0.19100093841552734,0.008167937397956848,False,0.1370878964662552,0.2800000011920929,1.0
pit_b_224,35,ILSVRC2012_val_00001645.JPEG,predicted,gradcam_signed,0.15,0,True,-0.07950210571289062,-0.019126012921333313,False,-0.12971609830856323,0.3913043439388275,1.0
pit_b_224,36,ILSVRC2012_val_00001648.JPEG,predicted,gradcam_signed,0.15,0,True,0.16089916229248047,0.024401724338531494,False,-0.11785713583230972,0.3913043439388275,1.0
pit_b_224,37,ILSVRC2012_val_00001655.JPEG,predicted,gradcam_signed,0.15,0,True,0.17981433868408203,0.022976204752922058,False,-0.26433148980140686,0.3617021143436432,1.0
pit_b_224,38,ILSVRC2012_val_00001659.JPEG,predicted,gradcam_signed,0.15,0,True,0.4993553161621094,0.0647275298833847,False,-0.23699632287025452,0.3333333432674408,1.0
pit_b_224,39,ILSVRC2012_val_00001689.JPEG,predicted,gradcam_signed,0.15,0,True,0.38593387603759766,0.047538839280605316,False,0.4418039917945862,0.18518517911434174,1.0
pit_b_224,32,ILSVRC2012_val_00001570.JPEG,predicted,gradcam_signed,0.15,1,True,0.3168830871582031,0.021908864378929138,False,0.33676737546920776,0.23076923191547394,1.0
pit_b_224,33,ILSVRC2012_val_00001638.JPEG,predicted,gradcam_signed,0.15,1,True,0.509648323059082,0.05829896032810211,False,0.15050365030765533,0.2549019753932953,1.0
pit_b_224,34,ILSVRC2012_val_00001642.JPEG,predicted,gradcam_signed,0.15,1,True,0.39676475524902344,0.03707088530063629,False,0.1370878964662552,0.2800000011920929,1.0
pit_b_224,35,ILSVRC2012_val_00001645.JPEG,predicted,gradcam_signed,0.15,1,True,0.21828174591064453,0.029879748821258545,False,-0.12971609830856323,0.3913043439388275,1.0
pit_b_224,36,ILSVRC2012_val_00001648.JPEG,predicted,gradcam_signed,0.15,1,True,-0.36709022521972656,-0.04770650714635849,False,-0.11785713583230972,0.3913043439388275,1.0
pit_b_224,37,ILSVRC2012_val_00001655.JPEG,predicted,gradcam_signed,0.15,1,True,0.3599071502685547,0.055185168981552124,False,-0.26433148980140686,0.3617021143436432,1.0
pit_b_224,38,ILSVRC2012_val_00001659.JPEG,predicted,gradcam_signed,0.15,1,True,0.37066650390625,0.049909621477127075,False,-0.23699632287025452,0.3333333432674408,1.0
pit_b_224,39,ILSVRC2012_val_00001689.JPEG,predicted,gradcam_signed,0.15,1,True,0.3352203369140625,0.04388382285833359,False,0.4418039917945862,0.18518517911434174,1.0
pit_b_224,32,ILSVRC2012_val_00001570.JPEG,predicted,gradcam_signed,0.15,2,True,0.34162330627441406,0.027716293931007385,False,0.33676737546920776,0.23076923191547394,1.0
pit_b_224,33,ILSVRC2012_val_00001638.JPEG,predicted,gradcam_signed,0.15,2,True,0.4916572570800781,0.06292004883289337,False,0.15050365030765533,0.2549019753932953,1.0
pit_b_224,34,ILSVRC2012_val_00001642.JPEG,predicted,gradcam_signed,0.15,2,True,0.5549612045288086,0.05975791811943054,False,0.1370878964662552,0.2800000011920929,1.0
pit_b_224,35,ILSVRC2012_val_00001645.JPEG,predicted,gradcam_signed,0.15,2,True,0.05043792724609375,0.0006331950426101685,False,-0.12971609830856323,0.3913043439388275,1.0
pit_b_224,36,ILSVRC2012_val_00001648.JPEG,predicted,gradcam_signed,0.15,2,True,-0.3149881362915039,-0.04217451065778732,False,-0.11785713583230972,0.3913043439388275,1.0
pit_b_224,37,ILSVRC2012_val_00001655.JPEG,predicted,gradcam_signed,0.15,2,True,0.4689979553222656,0.08142496645450592,False,-0.26433148980140686,0.3617021143436432,1.0
pit_b_224,38,ILSVRC2012_val_00001659.JPEG,predicted,gradcam_signed,0.15,2,True,0.1649637222290039,0.014981165528297424,False,-0.23699632287025452,0.3333333432674408,1.0
pit_b_224,39,ILSVRC2012_val_00001689.JPEG,predicted,gradcam_signed,0.15,2,True,0.48740196228027344,0.06591848284006119,False,0.4418039917945862,0.18518517911434174,1.0
pit_b_224,32,ILSVRC2012_val_00001570.JPEG,predicted,gradcam_signed,0.15,3,True,0.47325801849365234,0.04587946832180023,False,0.33676737546920776,0.23076923191547394,1.0
pit_b_224,33,ILSVRC2012_val_00001638.JPEG,predicted,gradcam_signed,0.15,3,True,0.6078691482543945,0.07745710015296936,False,0.15050365030765533,0.2549019753932953,1.0
pit_b_224,34,ILSVRC2012_val_00001642.JPEG,predicted,gradcam_signed,0.15,3,True,0.4525890350341797,0.053721487522125244,False,0.1370878964662552,0.2800000011920929,1.0
pit_b_224,35,ILSVRC2012_val_00001645.JPEG,predicted,gradcam_signed,0.15,3,True,0.2528057098388672,0.036510854959487915,False,-0.12971609830856323,0.3913043439388275,1.0
pit_b_224,36,ILSVRC2012_val_00001648.JPEG,predicted,gradcam_signed,0.15,3,True,0.03000164031982422,0.003763630986213684,False,-0.11785713583230972,0.3913043439388275,1.0
pit_b_224,37,ILSVRC2012_val_00001655.JPEG,predicted,gradcam_signed,0.15,3,True,0.25170040130615234,0.046388983726501465,False,-0.26433148980140686,0.3617021143436432,1.0
pit_b_224,38,ILSVRC2012_val_00001659.JPEG,predicted,gradcam_signed,0.15,3,True,0.32764244079589844,0.035139381885528564,False,-0.23699632287025452,0.3333333432674408,1.0
pit_b_224,39,ILSVRC2012_val_00001689.JPEG,predicted,gradcam_signed,0.15,3,True,0.304046630859375,0.03632500022649765,False,0.4418039917945862,0.18518517911434174,1.0
pit_b_224,32,ILSVRC2012_val_00001570.JPEG,predicted,gradcam_abs,0.15,0,True,0.07666587829589844,-0.008236169815063477,False,0.33676737546920776,0.23076923191547394,1.0
pit_b_224,33,ILSVRC2012_val_00001638.JPEG,predicted,gradcam_abs,0.15,0,True,0.769465446472168,0.10326145589351654,False,0.15050365030765533,0.2549019753932953,1.0
pit_b_224,34,ILSVRC2012_val_00001642.JPEG,predicted,gradcam_abs,0.15,0,True,0.2936258316040039,0.043246790766716,False,0.1370878964662552,0.2800000011920929,1.0
pit_b_224,35,ILSVRC2012_val_00001645.JPEG,predicted,gradcam_abs,0.15,0,True,0.05029296875,0.04624992609024048,False,-0.12971609830856323,0.3913043439388275,1.0
pit_b_224,36,ILSVRC2012_val_00001648.JPEG,predicted,gradcam_abs,0.15,0,True,0.099578857421875,0.013936832547187805,False,-0.11785713583230972,0.3913043439388275,1.0
pit_b_224,37,ILSVRC2012_val_00001655.JPEG,predicted,gradcam_abs,0.15,0,True,0.15578460693359375,0.01924513280391693,False,-0.26433148980140686,0.3617021143436432,1.0
pit_b_224,38,ILSVRC2012_val_00001659.JPEG,predicted,gradcam_abs,0.15,0,True,0.41541099548339844,0.05283878743648529,False,-0.23699632287025452,0.3333333432674408,1.0
pit_b_224,39,ILSVRC2012_val_00001689.JPEG,predicted,gradcam_abs,0.15,0,True,0.25901031494140625,0.02995225042104721,False,0.4418039917945862,0.18518517911434174,1.0
pit_b_224,32,ILSVRC2012_val_00001570.JPEG,predicted,gradcam_abs,0.15,1,True,0.5247592926025391,0.055028632283210754,False,0.33676737546920776,0.23076923191547394,1.0
pit_b_224,33,ILSVRC2012_val_00001638.JPEG,predicted,gradcam_abs,0.15,1,True,0.7432394027709961,0.10040700435638428,False,0.15050365030765533,0.2549019753932953,1.0
pit_b_224,34,ILSVRC2012_val_00001642.JPEG,predicted,gradcam_abs,0.15,1,True,0.6677770614624023,0.11560988426208496,False,0.1370878964662552,0.2800000011920929,1.0
pit_b_224,35,ILSVRC2012_val_00001645.JPEG,predicted,gradcam_abs,0.15,1,True,0.07581043243408203,0.004845514893531799,False,-0.12971609830856323,0.3913043439388275,1.0
pit_b_224,36,ILSVRC2012_val_00001648.JPEG,predicted,gradcam_abs,0.15,1,True,0.20519733428955078,0.031279340386390686,False,-0.11785713583230972,0.3913043439388275,1.0
pit_b_224,37,ILSVRC2012_val_00001655.JPEG,predicted,gradcam_abs,0.15,1,True,0.4059276580810547,0.07326807081699371,False,-0.26433148980140686,0.3617021143436432,1.0
pit_b_224,38,ILSVRC2012_val_00001659.JPEG,predicted,gradcam_abs,0.15,1,True,0.2588491439819336,0.026019424200057983,False,-0.23699632287025452,0.3333333432674408,1.0
pit_b_224,39,ILSVRC2012_val_00001689.JPEG,predicted,gradcam_abs,0.15,1,True,0.4076061248779297,0.05732396990060806,False,0.4418039917945862,0.18518517911434174,1.0
pit_b_224,32,ILSVRC2012_val_00001570.JPEG,predicted,gradcam_abs,0.15,2,True,0.21603870391845703,0.009239912033081055,False,0.33676737546920776,0.23076923191547394,1.0
pit_b_224,33,ILSVRC2012_val_00001638.JPEG,predicted,gradcam_abs,0.15,2,True,0.6338825225830078,0.08377410471439362,False,0.15050365030765533,0.2549019753932953,1.0
pit_b_224,34,ILSVRC2012_val_00001642.JPEG,predicted,gradcam_abs,0.15,2,True,0.7371129989624023,0.1598924696445465,False,0.1370878964662552,0.2800000011920929,1.0
pit_b_224,35,ILSVRC2012_val_00001645.JPEG,predicted,gradcam_abs,0.15,2,True,0.2319650650024414,0.03238479793071747,False,-0.12971609830856323,0.3913043439388275,1.0
pit_b_224,36,ILSVRC2012_val_00001648.JPEG,predicted,gradcam_abs,0.15,2,True,-0.4633035659790039,-0.057563044130802155,False,-0.11785713583230972,0.3913043439388275,1.0
pit_b_224,37,ILSVRC2012_val_00001655.JPEG,predicted,gradcam_abs,0.15,2,True,0.2057037353515625,0.03253057599067688,False,-0.26433148980140686,0.3617021143436432,1.0
pit_b_224,38,ILSVRC2012_val_00001659.JPEG,predicted,gradcam_abs,0.15,2,True,0.40991687774658203,0.048655569553375244,False,-0.23699632287025452,0.3333333432674408,1.0
pit_b_224,39,ILSVRC2012_val_00001689.JPEG,predicted,gradcam_abs,0.15,2,True,0.49739646911621094,0.0769161656498909,False,0.4418039917945862,0.18518517911434174,1.0
pit_b_224,32,ILSVRC2012_val_00001570.JPEG,predicted,gradcam_abs,0.15,3,True,0.22699832916259766,0.012659072875976562,False,0.33676737546920776,0.23076923191547394,1.0
pit_b_224,33,ILSVRC2012_val_00001638.JPEG,predicted,gradcam_abs,0.15,3,True,0.659419059753418,0.0891629159450531,False,0.15050365030765533,0.2549019753932953,1.0
pit_b_224,34,ILSVRC2012_val_00001642.JPEG,predicted,gradcam_abs,0.15,3,True,0.30474376678466797,0.022871822118759155,False,0.1370878964662552,0.2800000011920929,1.0
pit_b_224,35,ILSVRC2012_val_00001645.JPEG,predicted,gradcam_abs,0.15,3,True,0.20453453063964844,0.02991071343421936,False,-0.12971609830856323,0.3913043439388275,1.0
pit_b_224,36,ILSVRC2012_val_00001648.JPEG,predicted,gradcam_abs,0.15,3,True,0.0025463104248046875,-0.0009243786334991455,False,-0.11785713583230972,0.3913043439388275,1.0
pit_b_224,37,ILSVRC2012_val_00001655.JPEG,predicted,gradcam_abs,0.15,3,True,0.5479507446289062,0.10232964158058167,False,-0.26433148980140686,0.3617021143436432,1.0
pit_b_224,38,ILSVRC2012_val_00001659.JPEG,predicted,gradcam_abs,0.15,3,True,0.23058700561523438,0.028532743453979492,False,-0.23699632287025452,0.3333333432674408,1.0
pit_b_224,39,ILSVRC2012_val_00001689.JPEG,predicted,gradcam_abs,0.15,3,True,0.33884143829345703,0.04529190808534622,False,0.4418039917945862,0.18518517911434174,1.0
pit_b_224,32,ILSVRC2012_val_00001570.JPEG,predicted,random_uniform,0.15,0,True,-0.13363075256347656,-0.030639931559562683,False,1.0,1.0,1.0
pit_b_224,33,ILSVRC2012_val_00001638.JPEG,predicted,random_uniform,0.15,0,True,0.6021003723144531,0.07933896780014038,False,1.0,1.0,1.0
pit_b_224,34,ILSVRC2012_val_00001642.JPEG,predicted,random_uniform,0.15,0,True,0.25237560272216797,0.04021012783050537,False,1.0,1.0,1.0
pit_b_224,35,ILSVRC2012_val_00001645.JPEG,predicted,random_uniform,0.15,0,True,0.22768402099609375,0.032197773456573486,False,1.0,1.0,1.0
pit_b_224,36,ILSVRC2012_val_00001648.JPEG,predicted,random_uniform,0.15,0,True,-0.39142513275146484,-0.050108909606933594,False,1.0,1.0,1.0
pit_b_224,37,ILSVRC2012_val_00001655.JPEG,predicted,random_uniform,0.15,0,True,0.33269405364990234,0.052632421255111694,False,1.0,1.0,1.0
pit_b_224,38,ILSVRC2012_val_00001659.JPEG,predicted,random_uniform,0.15,0,True,0.18574905395507812,0.02569471299648285,False,1.0,1.0,1.0
pit_b_224,39,ILSVRC2012_val_00001689.JPEG,predicted,random_uniform,0.15,0,True,0.4758262634277344,0.060784660279750824,False,1.0,1.0,1.0
pit_b_224,32,ILSVRC2012_val_00001570.JPEG,predicted,random_uniform,0.15,1,True,0.2607135772705078,0.015317067503929138,False,1.0,1.0,1.0
pit_b_224,33,ILSVRC2012_val_00001638.JPEG,predicted,random_uniform,0.15,1,True,0.24658966064453125,0.02903476357460022,False,1.0,1.0,1.0
pit_b_224,34,ILSVRC2012_val_00001642.JPEG,predicted,random_uniform,0.15,1,True,0.6697530746459961,0.10846897959709167,False,1.0,1.0,1.0
pit_b_224,35,ILSVRC2012_val_00001645.JPEG,predicted,random_uniform,0.15,1,True,0.010091781616210938,-0.005739867687225342,False,1.0,1.0,1.0
pit_b_224,36,ILSVRC2012_val_00001648.JPEG,predicted,random_uniform,0.15,1,True,-0.055762290954589844,-0.009689360857009888,False,1.0,1.0,1.0
pit_b_224,37,ILSVRC2012_val_00001655.JPEG,predicted,random_uniform,0.15,1,True,0.28522300720214844,0.049103379249572754,False,1.0,1.0,1.0
pit_b_224,38,ILSVRC2012_val_00001659.JPEG,predicted,random_uniform,0.15,1,True,0.2281179428100586,0.030360892415046692,False,1.0,1.0,1.0
pit_b_224,39,ILSVRC2012_val_00001689.JPEG,predicted,random_uniform,0.15,1,True,0.4267120361328125,0.05288325995206833,False,1.0,1.0,1.0
pit_b_224,32,ILSVRC2012_val_00001570.JPEG,predicted,random_uniform,0.15,2,True,-0.10976409912109375,-0.02864014357328415,False,1.0,1.0,1.0
pit_b_224,33,ILSVRC2012_val_00001638.JPEG,predicted,random_uniform,0.15,2,True,0.19617843627929688,0.03409858047962189,False,1.0,1.0,1.0
pit_b_224,34,ILSVRC2012_val_00001642.JPEG,predicted,random_uniform,0.15,2,True,0.5204038619995117,0.09979274868965149,False,1.0,1.0,1.0
pit_b_224,35,ILSVRC2012_val_00001645.JPEG,predicted,random_uniform,0.15,2,True,0.15949153900146484,0.02000334858894348,False,1.0,1.0,1.0
pit_b_224,36,ILSVRC2012_val_00001648.JPEG,predicted,random_uniform,0.15,2,True,-0.32062625885009766,-0.04255778342485428,False,1.0,1.0,1.0
pit_b_224,37,ILSVRC2012_val_00001655.JPEG,predicted,random_uniform,0.15,2,True,0.38009071350097656,0.05824550986289978,False,1.0,1.0,1.0
pit_b_224,38,ILSVRC2012_val_00001659.JPEG,predicted,random_uniform,0.15,2,True,0.30906105041503906,0.05285532772541046,False,1.0,1.0,1.0
pit_b_224,39,ILSVRC2012_val_00001689.JPEG,predicted,random_uniform,0.15,2,True,0.36400508880615234,0.044883258640766144,False,1.0,1.0,1.0
pit_b_224,32,ILSVRC2012_val_00001570.JPEG,predicted,random_uniform,0.15,3,True,-0.000377655029296875,-0.01659110188484192,False,1.0,1.0,1.0
pit_b_224,33,ILSVRC2012_val_00001638.JPEG,predicted,random_uniform,0.15,3,True,0.27126216888427734,0.035056620836257935,False,1.0,1.0,1.0
pit_b_224,34,ILSVRC2012_val_00001642.JPEG,predicted,random_uniform,0.15,3,True,0.40349769592285156,0.057501912117004395,False,1.0,1.0,1.0
pit_b_224,35,ILSVRC2012_val_00001645.JPEG,predicted,random_uniform,0.15,3,True,-0.08715152740478516,-0.020296156406402588,False,1.0,1.0,1.0
pit_b_224,36,ILSVRC2012_val_00001648.JPEG,predicted,random_uniform,0.15,3,True,-0.3954792022705078,-0.050383828580379486,False,1.0,1.0,1.0
pit_b_224,37,ILSVRC2012_val_00001655.JPEG,predicted,random_uniform,0.15,3,True,0.2748689651489258,0.04509194195270538,False,1.0,1.0,1.0
pit_b_224,38,ILSVRC2012_val_00001659.JPEG,predicted,random_uniform,0.15,3,True,0.01674938201904297,0.0035762637853622437,False,1.0,1.0,1.0
pit_b_224,39,ILSVRC2012_val_00001689.JPEG,predicted,random_uniform,0.15,3,True,0.3395872116088867,0.04072805494070053,False,1.0,1.0,1.0
pit_b_224,40,ILSVRC2012_val_00001753.JPEG,predicted,patch_score,0.15,0,True,-0.08767318725585938,-0.06306934356689453,False,1.0,1.0,1.0
pit_b_224,41,ILSVRC2012_val_00001925.JPEG,predicted,patch_score,0.15,0,True,0.5893716812133789,0.08366405218839645,False,1.0,1.0,1.0
pit_b_224,42,ILSVRC2012_val_00002002.JPEG,predicted,patch_score,0.15,0,True,0.11404895782470703,0.013600938022136688,False,1.0,1.0,1.0
pit_b_224,43,ILSVRC2012_val_00002073.JPEG,predicted,patch_score,0.15,0,True,0.2453479766845703,0.036958277225494385,False,1.0,1.0,1.0
pit_b_224,44,ILSVRC2012_val_00002159.JPEG,predicted,patch_score,0.15,0,True,0.2937459945678711,0.032320015132427216,False,1.0,1.0,1.0
pit_b_224,45,ILSVRC2012_val_00002176.JPEG,predicted,patch_score,0.15,0,True,0.2651939392089844,0.032315805554389954,False,1.0,1.0,1.0
pit_b_224,46,ILSVRC2012_val_00002183.JPEG,predicted,patch_score,0.15,0,True,0.03225421905517578,0.010759890079498291,False,1.0,1.0,1.0
pit_b_224,47,ILSVRC2012_val_00002184.JPEG,predicted,patch_score,0.15,0,True,-0.3654623031616211,-0.06854215264320374,False,1.0,1.0,1.0
pit_b_224,40,ILSVRC2012_val_00001753.JPEG,predicted,patch_score,0.15,1,True,-0.5536842346191406,-0.1272294521331787,False,1.0,1.0,1.0
pit_b_224,41,ILSVRC2012_val_00001925.JPEG,predicted,patch_score,0.15,1,True,0.35883522033691406,0.0454762801527977,False,1.0,1.0,1.0
pit_b_224,42,ILSVRC2012_val_00002002.JPEG,predicted,patch_score,0.15,1,True,0.10786724090576172,0.012720547616481781,False,1.0,1.0,1.0
pit_b_224,43,ILSVRC2012_val_00002073.JPEG,predicted,patch_score,0.15,1,True,-0.022380828857421875,-0.0033392608165740967,False,1.0,1.0,1.0
pit_b_224,44,ILSVRC2012_val_00002159.JPEG,predicted,patch_score,0.15,1,True,0.6535568237304688,0.09239905327558517,False,1.0,1.0,1.0
pit_b_224,45,ILSVRC2012_val_00002176.JPEG,predicted,patch_score,0.15,1,True,0.3452739715576172,0.05112685263156891,False,1.0,1.0,1.0
pit_b_224,46,ILSVRC2012_val_00002183.JPEG,predicted,patch_score,0.15,1,True,0.7503948211669922,0.2195766568183899,False,1.0,1.0,1.0
pit_b_224,47,ILSVRC2012_val_00002184.JPEG,predicted,patch_score,0.15,1,True,-0.2989797592163086,-0.061201080679893494,False,1.0,1.0,1.0
pit_b_224,40,ILSVRC2012_val_00001753.JPEG,predicted,patch_score,0.15,2,True,-0.6375293731689453,-0.09929713606834412,False,1.0,1.0,1.0
pit_b_224,41,ILSVRC2012_val_00001925.JPEG,predicted,patch_score,0.15,2,True,0.3044614791870117,0.03839714080095291,False,1.0,1.0,1.0
pit_b_224,42,ILSVRC2012_val_00002002.JPEG,predicted,patch_score,0.15,2,True,0.04474830627441406,0.004964970052242279,False,1.0,1.0,1.0
pit_b_224,43,ILSVRC2012_val_00002073.JPEG,predicted,patch_score,0.15,2,True,-0.006038665771484375,-0.001565396785736084,False,1.0,1.0,1.0
pit_b_224,44,ILSVRC2012_val_00002159.JPEG,predicted,patch_score,0.15,2,True,0.6167945861816406,0.07845691591501236,False,1.0,1.0,1.0
pit_b_224,45,ILSVRC2012_val_00002176.JPEG,predicted,patch_score,0.15,2,True,0.4741783142089844,0.08264683187007904,False,1.0,1.0,1.0
pit_b_224,46,ILSVRC2012_val_00002183.JPEG,predicted,patch_score,0.15,2,True,0.05013465881347656,0.05099070072174072,False,1.0,1.0,1.0
pit_b_224,47,ILSVRC2012_val_00002184.JPEG,predicted,patch_score,0.15,2,True,0.11321163177490234,-0.003787621855735779,False,1.0,1.0,1.0
pit_b_224,40,ILSVRC2012_val_00001753.JPEG,predicted,patch_score,0.15,3,True,0.3392505645751953,-0.01166580617427826,False,1.0,1.0,1.0
pit_b_224,41,ILSVRC2012_val_00001925.JPEG,predicted,patch_score,0.15,3,True,0.44916725158691406,0.05853839963674545,False,1.0,1.0,1.0
pit_b_224,42,ILSVRC2012_val_00002002.JPEG,predicted,patch_score,0.15,3,True,0.009013175964355469,0.0009282529354095459,False,1.0,1.0,1.0
pit_b_224,43,ILSVRC2012_val_00002073.JPEG,predicted,patch_score,0.15,3,True,0.048897743225097656,0.007036775350570679,False,1.0,1.0,1.0
pit_b_224,44,ILSVRC2012_val_00002159.JPEG,predicted,patch_score,0.15,3,True,0.678314208984375,0.08921798318624496,False,1.0,1.0,1.0
pit_b_224,45,ILSVRC2012_val_00002176.JPEG,predicted,patch_score,0.15,3,True,0.3531341552734375,0.05110223591327667,False,1.0,1.0,1.0
pit_b_224,46,ILSVRC2012_val_00002183.JPEG,predicted,patch_score,0.15,3,True,0.10453414916992188,0.020285964012145996,False,1.0,1.0,1.0
pit_b_224,47,ILSVRC2012_val_00002184.JPEG,predicted,patch_score,0.15,3,True,-0.4362020492553711,-0.07535859197378159,False,1.0,1.0,1.0
pit_b_224,40,ILSVRC2012_val_00001753.JPEG,predicted,gradcam_relu,0.15,0,True,0.14281177520751953,-0.013232558965682983,False,0.10155677050352097,0.3333333432674408,1.0
pit_b_224,41,ILSVRC2012_val_00001925.JPEG,predicted,gradcam_relu,0.15,0,True,0.5739669799804688,0.0801682099699974,False,0.11959706246852875,0.2800000011920929,1.0
pit_b_224,42,ILSVRC2012_val_00002002.JPEG,predicted,gradcam_relu,0.15,0,True,0.25987911224365234,0.04227466136217117,False,-0.08104395121335983,0.3617021143436432,1.0
pit_b_224,43,ILSVRC2012_val_00002073.JPEG,predicted,gradcam_relu,0.15,0,True,0.17770767211914062,0.02840806543827057,False,-0.12522892653942108,0.4883720874786377,1.0
pit_b_224,44,ILSVRC2012_val_00002159.JPEG,predicted,gradcam_relu,0.15,0,True,0.6315145492553711,0.083855040371418,False,-0.37953293323516846,0.4883720874786377,1.0
pit_b_224,45,ILSVRC2012_val_00002176.JPEG,predicted,gradcam_relu,0.15,0,True,0.5196504592895508,0.09833849966526031,False,-0.159844309091568,0.3333333432674408,1.0
pit_b_224,46,ILSVRC2012_val_00002183.JPEG,predicted,gradcam_relu,0.15,0,True,0.9586887359619141,0.2601885497570038,False,-0.22783881425857544,0.3913043439388275,1.0
pit_b_224,47,ILSVRC2012_val_00002184.JPEG,predicted,gradcam_relu,0.15,0,True,-0.14322662353515625,-0.04149830341339111,False,0.26936811208724976,0.2800000011920929,1.0
pit_b_224,40,ILSVRC2012_val_00001753.JPEG,predicted,gradcam_relu,0.15,1,True,0.09624481201171875,-0.007616490125656128,False,0.10155677050352097,0.3333333432674408,1.0
pit_b_224,41,ILSVRC2012_val_00001925.JPEG,predicted,gradcam_relu,0.15,1,True,0.4873085021972656,0.06541255861520767,False,0.11959706246852875,0.2800000011920929,1.0
pit_b_224,42,ILSVRC2012_val_00002002.JPEG,predicted,gradcam_relu,0.15,1,True,0.2376079559326172,0.03019259124994278,False,-0.08104395121335983,0.3617021143436432,1.0
pit_b_224,43,ILSVRC2012_val_00002073.JPEG,predicted,gradcam_relu,0.15,1,True,0.32619190216064453,0.05146878957748413,False,-0.12522892653942108,0.4883720874786377,1.0
pit_b_224,44,ILSVRC2012_val_00002159.JPEG,predicted,gradcam_relu,0.15,1,True,0.3383903503417969,0.038521312177181244,False,-0.37953293323516846,0.4883720874786377,1.0
pit_b_224,45,ILSVRC2012_val_00002176.JPEG,predicted,gradcam_relu,0.15,1,True,0.2362957000732422,0.03264544904232025,False,-0.159844309091568,0.3333333432674408,1.0
pit_b_224,46,ILSVRC2012_val_00002183.JPEG,predicted,gradcam_relu,0.15,1,True,0.6475839614868164,0.08396559953689575,False,-0.22783881425857544,0.3913043439388275,1.0
pit_b_224,47,ILSVRC2012_val_00002184.JPEG,predicted,gradcam_relu,0.15,1,True,0.3444814682006836,0.037570416927337646,False,0.26936811208724976,0.2800000011920929,1.0
pit_b_224,40,ILSVRC2012_val_00001753.JPEG,predicted,gradcam_relu,0.15,2,True,-0.2634115219116211,-0.0631161481142044,False,0.10155677050352097,0.3333333432674408,1.0
pit_b_224,41,ILSVRC2012_val_00001925.JPEG,predicted,gradcam_relu,0.15,2,True,0.28836631774902344,0.03485145419836044,False,0.11959706246852875,0.2800000011920929,1.0
pit_b_224,42,ILSVRC2012_val_00002002.JPEG,predicted,gradcam_relu,0.15,2,True,0.2902965545654297,0.037692151963710785,False,-0.08104395121335983,0.3617021143436432,1.0
pit_b_224,43,ILSVRC2012_val_00002073.JPEG,predicted,gradcam_relu,0.15,2,True,0.11303424835205078,0.016832426190376282,False,-0.12522892653942108,0.4883720874786377,1.0
pit_b_224,44,ILSVRC2012_val_00002159.JPEG,predicted,gradcam_relu,0.15,2,True,0.4607210159301758,0.05692870169878006,False,-0.37953293323516846,0.4883720874786377,1.0
pit_b_224,45,ILSVRC2012_val_00002176.JPEG,predicted,gradcam_relu,0.15,2,True,0.3588390350341797,0.06121604144573212,False,-0.159844309091568,0.3333333432674408,1.0
pit_b_224,46,ILSVRC2012_val_00002183.JPEG,predicted,gradcam_relu,0.15,2,True,0.9789018630981445,0.24240732192993164,False,-0.22783881425857544,0.3913043439388275,1.0
pit_b_224,47,ILSVRC2012_val_00002184.JPEG,predicted,gradcam_relu,0.15,2,True,0.022462844848632812,-0.01750752329826355,False,0.26936811208724976,0.2800000011920929,1.0
pit_b_224,40,ILSVRC2012_val_00001753.JPEG,predicted,gradcam_relu,0.15,3,True,-0.20281028747558594,-0.09086364507675171,False,0.10155677050352097,0.3333333432674408,1.0
pit_b_224,41,ILSVRC2012_val_00001925.JPEG,predicted,gradcam_relu,0.15,3,True,0.23694705963134766,0.027648843824863434,False,0.11959706246852875,0.2800000011920929,1.0
pit_b_224,42,ILSVRC2012_val_00002002.JPEG,predicted,gradcam_relu,0.15,3,True,0.11913204193115234,0.014604248106479645,False,-0.08104395121335983,0.3617021143436432,1.0
pit_b_224,43,ILSVRC2012_val_00002073.JPEG,predicted,gradcam_relu,0.15,3,True,0.1777515411376953,0.0276528000831604,False,-0.12522892653942108,0.4883720874786377,1.0
pit_b_224,44,ILSVRC2012_val_00002159.JPEG,predicted,gradcam_relu,0.15,3,True,0.39378929138183594,0.04574766010046005,False,-0.37953293323516846,0.4883720874786377,1.0
pit_b_224,45,ILSVRC2012_val_00002176.JPEG,predicted,gradcam_relu,0.15,3,True,0.5942182540893555,0.11393268406391144,False,-0.159844309091568,0.3333333432674408,1.0
pit_b_224,46,ILSVRC2012_val_00002183.JPEG,predicted,gradcam_relu,0.15,3,True,0.6214828491210938,0.10592922568321228,False,-0.22783881425857544,0.3913043439388275,1.0
pit_b_224,47,ILSVRC2012_val_00002184.JPEG,predicted,gradcam_relu,0.15,3,True,-0.31679248809814453,-0.0637723058462143,False,0.26936811208724976,0.2800000011920929,1.0
pit_b_224,40,ILSVRC2012_val_00001753.JPEG,predicted,gradcam_signed,0.15,0,True,-0.0063343048095703125,0.03812573850154877,False,0.10155677050352097,0.3333333432674408,1.0
pit_b_224,41,ILSVRC2012_val_00001925.JPEG,predicted,gradcam_signed,0.15,0,True,0.48100757598876953,0.06592289358377457,False,0.11959706246852875,0.2800000011920929,1.0
pit_b_224,42,ILSVRC2012_val_00002002.JPEG,predicted,gradcam_signed,0.15,0,True,0.2385425567626953,0.03825002163648605,False,-0.08104395121335983,0.3617021143436432,1.0
pit_b_224,43,ILSVRC2012_val_00002073.JPEG,predicted,gradcam_signed,0.15,0,True,0.43564319610595703,0.07515998184680939,False,-0.12522892653942108,0.4883720874786377,1.0
pit_b_224,44,ILSVRC2012_val_00002159.JPEG,predicted,gradcam_signed,0.15,0,True,0.2745647430419922,0.030046574771404266,False,-0.37953293323516846,0.4883720874786377,1.0
pit_b_224,45,ILSVRC2012_val_00002176.JPEG,predicted,gradcam_signed,0.15,0,True,0.3936738967895508,0.06466732919216156,False,-0.159844309091568,0.3333333432674408,1.0
pit_b_224,46,ILSVRC2012_val_00002183.JPEG,predicted,gradcam_signed,0.15,0,True,0.8011331558227539,0.16236191987991333,False,-0.22783881425857544,0.3913043439388275,1.0
pit_b_224,47,ILSVRC2012_val_00002184.JPEG,predicted,gradcam_signed,0.15,0,True,-0.27734851837158203,-0.057823047041893005,False,0.26936811208724976,0.2800000011920929,1.0
pit_b_224,40,ILSVRC2012_val_00001753.JPEG,predicted,gradcam_signed,0.15,1,True,0.17291736602783203,-0.02690410614013672,False,0.10155677050352097,0.3333333432674408,1.0
pit_b_224,41,ILSVRC2012_val_00001925.JPEG,predicted,gradcam_signed,0.15,1,True,0.4792003631591797,0.06346061080694199,False,0.11959706246852875,0.2800000011920929,1.0
pit_b_224,42,ILSVRC2012_val_00002002.JPEG,predicted,gradcam_signed,0.15,1,True,0.27449989318847656,0.037181876599788666,False,-0.08104395121335983,0.3617021143436432,1.0
pit_b_224,43,ILSVRC2012_val_00002073.JPEG,predicted,gradcam_signed,0.15,1,True,0.3429450988769531,0.055009856820106506,False,-0.12522892653942108,0.4883720874786377,1.0
pit_b_224,44,ILSVRC2012_val_00002159.JPEG,predicted,gradcam_signed,0.15,1,True,0.45204639434814453,0.0552123561501503,False,-0.37953293323516846,0.4883720874786377,1.0
pit_b_224,45,ILSVRC2012_val_00002176.JPEG,predicted,gradcam_signed,0.15,1,True,0.43933677673339844,0.07733888924121857,False,-0.159844309091568,0.3333333432674408,1.0
pit_b_224,46,ILSVRC2012_val_00002183.JPEG,predicted,gradcam_signed,0.15,1,True,0.4396953582763672,0.04777252674102783,False,-0.22783881425857544,0.3913043439388275,1.0
pit_b_224,47,ILSVRC2012_val_00002184.JPEG,predicted,gradcam_signed,0.15,1,True,0.15502548217773438,0.004449635744094849,False,0.26936811208724976,0.2800000011920929,1.0
pit_b_224,40,ILSVRC2012_val_00001753.JPEG,predicted,gradcam_signed,0.15,2,True,0.6083307266235352,0.12613363564014435,False,0.10155677050352097,0.3333333432674408,1.0
pit_b_224,41,ILSVRC2012_val_00001925.JPEG,predicted,gradcam_signed,0.15,2,True,0.4037628173828125,0.0524909570813179,False,0.11959706246852875,0.2800000011920929,1.0
pit_b_224,42,ILSVRC2012_val_00002002.JPEG,predicted,gradcam_signed,0.15,2,True,0.2618265151977539,0.033429406583309174,False,-0.08104395121335983,0.3617021143436432,1.0
pit_b_224,43,ILSVRC2012_val_00002073.JPEG,predicted,gradcam_signed,0.15,2,True,-0.1692514419555664,-0.021802231669425964,False,-0.12522892653942108,0.4883720874786377,1.0
pit_b_224,44,ILSVRC2012_val_00002159.JPEG,predicted,gradcam_signed,0.15,2,True,0.514286994934082,0.06669559329748154,False,-0.37953293323516846,0.4883720874786377,1.0
pit_b_224,45,ILSVRC2012_val_00002176.JPEG,predicted,gradcam_signed,0.15,2,True,0.3243846893310547,0.04941575229167938,False,-0.159844309091568,0.3333333432674408,1.0
pit_b_224,46,ILSVRC2012_val_00002183.JPEG,predicted,gradcam_signed,0.15,2,True,0.21619796752929688,0.008169963955879211,False,-0.22783881425857544,0.3913043439388275,1.0
pit_b_224,47,ILSVRC2012_val_00002184.JPEG,predicted,gradcam_signed,0.15,2,True,0.07073593139648438,-0.010637819766998291,False,0.26936811208724976,0.2800000011920929,1.0
pit_b_224,40,ILSVRC2012_val_00001753.JPEG,predicted,gradcam_signed,0.15,3,True,-0.34318065643310547,-0.0748305469751358,False,0.10155677050352097,0.3333333432674408,1.0
pit_b_224,41,ILSVRC2012_val_00001925.JPEG,predicted,gradcam_signed,0.15,3,True,0.619786262512207,0.08880602568387985,False,0.11959706246852875,0.2800000011920929,1.0
pit_b_224,42,ILSVRC2012_val_00002002.JPEG,predicted,gradcam_signed,0.15,3,True,0.34816551208496094,0.047966115176677704,False,-0.08104395121335983,0.3617021143436432,1.0
pit_b_224,43,ILSVRC2012_val_00002073.JPEG,predicted,gradcam_signed,0.15,3,True,0.3396272659301758,0.05371923744678497,False,-0.12522892653942108,0.4883720874786377,1.0
pit_b_224,44,ILSVRC2012_val_00002159.JPEG,predicted,gradcam_signed,0.15,3,True,0.4190807342529297,0.04998701065778732,False,-0.37953293323516846,0.4883720874786377,1.0
pit_b_224,45,ILSVRC2012_val_00002176.JPEG,predicted,gradcam_signed,0.15,3,True,0.4750652313232422,0.07664205133914948,False,-0.159844309091568,0.3333333432674408,1.0
pit_b_224,46,ILSVRC2012_val_00002183.JPEG,predicted,gradcam_signed,0.15,3,True,0.9293107986450195,0.18201255798339844,False,-0.22783881425857544,0.3913043439388275,1.0
pit_b_224,47,ILSVRC2012_val_00002184.JPEG,predicted,gradcam_signed,0.15,3,True,-0.22478485107421875,-0.05229365825653076,False,0.26936811208724976,0.2800000011920929,1.0
pit_b_224,40,ILSVRC2012_val_00001753.JPEG,predicted,gradcam_abs,0.15,0,True,-0.40165138244628906,-0.07060311734676361,False,0.10155677050352097,0.3333333432674408,1.0
pit_b_224,41,ILSVRC2012_val_00001925.JPEG,predicted,gradcam_abs,0.15,0,True,0.42298126220703125,0.055426470935344696,False,0.11959706246852875,0.2800000011920929,1.0
pit_b_224,42,ILSVRC2012_val_00002002.JPEG,predicted,gradcam_abs,0.15,0,True,0.18048572540283203,0.021975316107273102,False,-0.08104395121335983,0.3617021143436432,1.0
pit_b_224,43,ILSVRC2012_val_00002073.JPEG,predicted,gradcam_abs,0.15,0,True,-0.010982513427734375,-0.0009263455867767334,False,-0.12522892653942108,0.4883720874786377,1.0
pit_b_224,44,ILSVRC2012_val_00002159.JPEG,predicted,gradcam_abs,0.15,0,True,0.4417095184326172,0.05630633980035782,False,-0.37953293323516846,0.4883720874786377,1.0
pit_b_224,45,ILSVRC2012_val_00002176.JPEG,predicted,gradcam_abs,0.15,0,True,0.5714330673217773,0.1049017459154129,False,-0.159844309091568,0.3333333432674408,1.0
pit_b_224,46,ILSVRC2012_val_00002183.JPEG,predicted,gradcam_abs,0.15,0,True,0.5142631530761719,0.0738583505153656,False,-0.22783881425857544,0.3913043439388275,1.0
pit_b_224,47,ILSVRC2012_val_00002184.JPEG,predicted,gradcam_abs,0.15,0,True,-0.3033332824707031,-0.06154825538396835,False,0.26936811208724976,0.2800000011920929,1.0
pit_b_224,40,ILSVRC2012_val_00001753.JPEG,predicted,gradcam_abs,0.15,1,True,0.3390359878540039,0.010122492909431458,False,0.10155677050352097,0.3333333432674408,1.0
pit_b_224,41,ILSVRC2012_val_00001925.JPEG,predicted,gradcam_abs,0.15,1,True,0.5144824981689453,0.06948395818471909,False,0.11959706246852875,0.2800000011920929,1.0
pit_b_224,42,ILSVRC2012_val_00002002.JPEG,predicted,gradcam_abs,0.15,1,True,0.18712997436523438,0.02308262139558792,False,-0.08104395121335983,0.3617021143436432,1.0
pit_b_224,43,ILSVRC2012_val_00002073.JPEG,predicted,gradcam_abs,0.15,1,True,0.3127145767211914,0.04903392493724823,False,-0.12522892653942108,0.4883720874786377,1.0
pit_b_224,44,ILSVRC2012_val_00002159.JPEG,predicted,gradcam_abs,0.15,1,True,0.6351346969604492,0.08645058423280716,False,-0.37953293323516846,0.4883720874786377,1.0
pit_b_224,45,ILSVRC2012_val_00002176.JPEG,predicted,gradcam_abs,0.15,1,True,0.5149126052856445,0.09126873314380646,False,-0.159844309091568,0.3333333432674408,1.0
pit_b_224,46,ILSVRC2012_val_00002183.JPEG,predicted,gradcam_abs,0.15,1,True,0.930694580078125,0.26391172409057617,False,-0.22783881425857544,0.3913043439388275,1.0
pit_b_224,47,ILSVRC2012_val_00002184.JPEG,predicted,gradcam_abs,0.15,1,True,0.10360336303710938,-0.006209328770637512,False,0.26936811208724976,0.2800000011920929,1.0
pit_b_224,40,ILSVRC2012_val_00001753.JPEG,predicted,gradcam_abs,0.15,2,True,0.21005535125732422,-0.004845812916755676,False,0.10155677050352097,0.3333333432674408,1.0
pit_b_224,41,ILSVRC2012_val_00001925.JPEG,predicted,gradcam_abs,0.15,2,True,0.5946626663208008,0.08520778268575668,False,0.11959706246852875,0.2800000011920929,1.0
pit_b_224,42,ILSVRC2012_val_00002002.JPEG,predicted,gradcam_abs,0.15,2,True,0.1768198013305664,0.022582076489925385,False,-0.08104395121335983,0.3617021143436432,1.0
pit_b_224,43,ILSVRC2012_val_00002073.JPEG,predicted,gradcam_abs,0.15,2,True,0.5311555862426758,0.09185011684894562,False,-0.12522892653942108,0.4883720874786377,1.0
pit_b_224,44,ILSVRC2012_val_00002159.JPEG,predicted,gradcam_abs,0.15,2,True,0.6900615692138672,0.09071028977632523,False,-0.37953293323516846,0.4883720874786377,1.0
pit_b_224,45,ILSVRC2012_val_00002176.JPEG,predicted,gradcam_abs,0.15,2,True,0.3804607391357422,0.05558760464191437,False,-0.159844309091568,0.3333333432674408,1.0
pit_b_224,46,ILSVRC2012_val_00002183.JPEG,predicted,gradcam_abs,0.15,2,True,0.744023323059082,0.1211976408958435,False,-0.22783881425857544,0.3913043439388275,1.0
pit_b_224,47,ILSVRC2012_val_00002184.JPEG,predicted,gradcam_abs,0.15,2,True,-0.03742694854736328,-0.02659076452255249,False,0.26936811208724976,0.2800000011920929,1.0
pit_b_224,40,ILSVRC2012_val_00001753.JPEG,predicted,gradcam_abs,0.15,3,True,0.03808116912841797,-0.017282456159591675,False,0.10155677050352097,0.3333333432674408,1.0
pit_b_224,41,ILSVRC2012_val_00001925.JPEG,predicted,gradcam_abs,0.15,3,True,0.7075519561767578,0.10607970505952835,False,0.11959706246852875,0.2800000011920929,1.0
pit_b_224,42,ILSVRC2012_val_00002002.JPEG,predicted,gradcam_abs,0.15,3,True,0.29638099670410156,0.03869263082742691,False,-0.08104395121335983,0.3617021143436432,1.0
pit_b_224,43,ILSVRC2012_val_00002073.JPEG,predicted,gradcam_abs,0.15,3,True,0.3370819091796875,0.05421547591686249,False,-0.12522892653942108,0.4883720874786377,1.0
pit_b_224,44,ILSVRC2012_val_00002159.JPEG,predicted,gradcam_abs,0.15,3,True,0.4783945083618164,0.05766112357378006,False,-0.37953293323516846,0.4883720874786377,1.0
pit_b_224,45,ILSVRC2012_val_00002176.JPEG,predicted,gradcam_abs,0.15,3,True,0.5836048126220703,0.1132316142320633,False,-0.159844309091568,0.3333333432674408,1.0
pit_b_224,46,ILSVRC2012_val_00002183.JPEG,predicted,gradcam_abs,0.15,3,True,0.7241268157958984,0.13696518540382385,False,-0.22783881425857544,0.3913043439388275,1.0
pit_b_224,47,ILSVRC2012_val_00002184.JPEG,predicted,gradcam_abs,0.15,3,True,0.08675765991210938,-0.007671162486076355,False,0.26936811208724976,0.2800000011920929,1.0
pit_b_224,40,ILSVRC2012_val_00001753.JPEG,predicted,random_uniform,0.15,0,True,-0.3154335021972656,-0.0795830488204956,False,1.0,1.0,1.0
pit_b_224,41,ILSVRC2012_val_00001925.JPEG,predicted,random_uniform,0.15,0,True,0.47005271911621094,0.06433913856744766,False,1.0,1.0,1.0
pit_b_224,42,ILSVRC2012_val_00002002.JPEG,predicted,random_uniform,0.15,0,True,0.07905864715576172,0.00956135243177414,False,1.0,1.0,1.0
pit_b_224,43,ILSVRC2012_val_00002073.JPEG,predicted,random_uniform,0.15,0,True,-0.1396493911743164,-0.018396884202957153,False,1.0,1.0,1.0
pit_b_224,44,ILSVRC2012_val_00002159.JPEG,predicted,random_uniform,0.15,0,True,0.2470693588256836,0.026310496032238007,False,1.0,1.0,1.0
pit_b_224,45,ILSVRC2012_val_00002176.JPEG,predicted,random_uniform,0.15,0,True,0.3745260238647461,0.07554705440998077,False,1.0,1.0,1.0
pit_b_224,46,ILSVRC2012_val_00002183.JPEG,predicted,random_uniform,0.15,0,True,0.6712198257446289,0.16466748714447021,False,1.0,1.0,1.0
pit_b_224,47,ILSVRC2012_val_00002184.JPEG,predicted,random_uniform,0.15,0,True,-0.37877464294433594,-0.07039698213338852,False,1.0,1.0,1.0
pit_b_224,40,ILSVRC2012_val_00001753.JPEG,predicted,random_uniform,0.15,1,True,-0.06422233581542969,-0.023051723837852478,False,1.0,1.0,1.0
pit_b_224,41,ILSVRC2012_val_00001925.JPEG,predicted,random_uniform,0.15,1,True,0.2268829345703125,0.026875101029872894,False,1.0,1.0,1.0
pit_b_224,42,ILSVRC2012_val_00002002.JPEG,predicted,random_uniform,0.15,1,True,0.12655353546142578,0.015867508947849274,False,1.0,1.0,1.0
pit_b_224,43,ILSVRC2012_val_00002073.JPEG,predicted,random_uniform,0.15,1,True,0.007973670959472656,0.0009935200214385986,False,1.0,1.0,1.0
pit_b_224,44,ILSVRC2012_val_00002159.JPEG,predicted,random_uniform,0.15,1,True,0.5967493057250977,0.07729234546422958,False,1.0,1.0,1.0
pit_b_224,45,ILSVRC2012_val_00002176.JPEG,predicted,random_uniform,0.15,1,True,0.25981998443603516,0.03571559488773346,False,1.0,1.0,1.0
pit_b_224,46,ILSVRC2012_val_00002183.JPEG,predicted,random_uniform,0.15,1,True,-0.007465362548828125,-0.0016695857048034668,False,1.0,1.0,1.0
pit_b_224,47,ILSVRC2012_val_00002184.JPEG,predicted,random_uniform,0.15,1,True,-0.47450733184814453,-0.08021476119756699,False,1.0,1.0,1.0
pit_b_224,40,ILSVRC2012_val_00001753.JPEG,predicted,random_uniform,0.15,2,True,0.9427242279052734,0.41128474473953247,False,1.0,1.0,1.0
pit_b_224,41,ILSVRC2012_val_00001925.JPEG,predicted,random_uniform,0.15,2,True,0.44751644134521484,0.05888817459344864,False,1.0,1.0,1.0
pit_b_224,42,ILSVRC2012_val_00002002.JPEG,predicted,random_uniform,0.15,2,True,0.3072671890258789,0.04152045398950577,False,1.0,1.0,1.0
pit_b_224,43,ILSVRC2012_val_00002073.JPEG,predicted,random_uniform,0.15,2,True,-0.20971202850341797,-0.02496730536222458,False,1.0,1.0,1.0
pit_b_224,44,ILSVRC2012_val_00002159.JPEG,predicted,random_uniform,0.15,2,True,0.6251392364501953,0.08017600327730179,False,1.0,1.0,1.0
pit_b_224,45,ILSVRC2012_val_00002176.JPEG,predicted,random_uniform,0.15,2,True,0.2311725616455078,0.0484132319688797,False,1.0,1.0,1.0
pit_b_224,46,ILSVRC2012_val_00002183.JPEG,predicted,random_uniform,0.15,2,True,0.17397022247314453,0.06703515350818634,False,1.0,1.0,1.0
pit_b_224,47,ILSVRC2012_val_00002184.JPEG,predicted,random_uniform,0.15,2,True,0.09453392028808594,-0.006766617298126221,False,1.0,1.0,1.0
pit_b_224,40,ILSVRC2012_val_00001753.JPEG,predicted,random_uniform,0.15,3,True,-0.11760711669921875,0.1061205118894577,False,1.0,1.0,1.0
pit_b_224,41,ILSVRC2012_val_00001925.JPEG,predicted,random_uniform,0.15,3,True,0.3066425323486328,0.03911406546831131,False,1.0,1.0,1.0
pit_b_224,42,ILSVRC2012_val_00002002.JPEG,predicted,random_uniform,0.15,3,True,0.4888639450073242,0.08445430546998978,False,1.0,1.0,1.0
pit_b_224,43,ILSVRC2012_val_00002073.JPEG,predicted,random_uniform,0.15,3,True,-0.10495376586914062,-0.013878121972084045,False,1.0,1.0,1.0
pit_b_224,44,ILSVRC2012_val_00002159.JPEG,predicted,random_uniform,0.15,3,True,0.3067169189453125,0.03401552885770798,False,1.0,1.0,1.0
pit_b_224,45,ILSVRC2012_val_00002176.JPEG,predicted,random_uniform,0.15,3,True,0.18958091735839844,0.012641027569770813,False,1.0,1.0,1.0
pit_b_224,46,ILSVRC2012_val_00002183.JPEG,predicted,random_uniform,0.15,3,True,-0.1322784423828125,-0.023990407586097717,False,1.0,1.0,1.0
pit_b_224,47,ILSVRC2012_val_00002184.JPEG,predicted,random_uniform,0.15,3,True,-0.31301403045654297,-0.06328665465116501,False,1.0,1.0,1.0
pit_b_224,48,ILSVRC2012_val_00002311.JPEG,predicted,patch_score,0.15,0,True,0.13788986206054688,0.017915502190589905,False,1.0,1.0,1.0
pit_b_224,49,ILSVRC2012_val_00002347.JPEG,predicted,patch_score,0.15,0,True,0.3585500717163086,0.04392477124929428,False,1.0,1.0,1.0
pit_b_224,50,ILSVRC2012_val_00002464.JPEG,predicted,patch_score,0.15,0,True,0.36626625061035156,0.07958483695983887,False,1.0,1.0,1.0
pit_b_224,51,ILSVRC2012_val_00002533.JPEG,predicted,patch_score,0.15,0,True,0.021416664123535156,0.006579190492630005,False,1.0,1.0,1.0
pit_b_224,52,ILSVRC2012_val_00002583.JPEG,predicted,patch_score,0.15,0,True,0.18247127532958984,0.02168063074350357,False,1.0,1.0,1.0
pit_b_224,53,ILSVRC2012_val_00002614.JPEG,predicted,patch_score,0.15,0,True,0.4270200729370117,0.06766989827156067,False,1.0,1.0,1.0
pit_b_224,54,ILSVRC2012_val_00002716.JPEG,predicted,patch_score,0.15,0,True,0.03130149841308594,-0.006712093949317932,False,1.0,1.0,1.0
pit_b_224,55,ILSVRC2012_val_00002733.JPEG,predicted,patch_score,0.15,0,True,0.04161357879638672,0.004577845335006714,False,1.0,1.0,1.0
pit_b_224,48,ILSVRC2012_val_00002311.JPEG,predicted,patch_score,0.15,1,True,0.12388896942138672,0.015009194612503052,False,1.0,1.0,1.0
pit_b_224,49,ILSVRC2012_val_00002347.JPEG,predicted,patch_score,0.15,1,True,-0.022623062133789062,-0.0030900239944458008,False,1.0,1.0,1.0
pit_b_224,50,ILSVRC2012_val_00002464.JPEG,predicted,patch_score,0.15,1,True,0.5508928298950195,0.23502007126808167,False,1.0,1.0,1.0
pit_b_224,51,ILSVRC2012_val_00002533.JPEG,predicted,patch_score,0.15,1,True,0.5073928833007812,0.10695996880531311,False,1.0,1.0,1.0
pit_b_224,52,ILSVRC2012_val_00002583.JPEG,predicted,patch_score,0.15,1,True,0.14356708526611328,0.017123974859714508,False,1.0,1.0,1.0
pit_b_224,53,ILSVRC2012_val_00002614.JPEG,predicted,patch_score,0.15,1,True,0.2569313049316406,0.03827515244483948,False,1.0,1.0,1.0
pit_b_224,54,ILSVRC2012_val_00002716.JPEG,predicted,patch_score,0.15,1,True,0.25213623046875,0.03437189757823944,False,1.0,1.0,1.0
pit_b_224,55,ILSVRC2012_val_00002733.JPEG,predicted,patch_score,0.15,1,True,0.1416940689086914,0.01717851310968399,False,1.0,1.0,1.0
pit_b_224,48,ILSVRC2012_val_00002311.JPEG,predicted,patch_score,0.15,2,True,0.08728694915771484,0.010374516248703003,False,1.0,1.0,1.0
pit_b_224,49,ILSVRC2012_val_00002347.JPEG,predicted,patch_score,0.15,2,True,0.7446918487548828,0.10518308728933334,False,1.0,1.0,1.0
pit_b_224,50,ILSVRC2012_val_00002464.JPEG,predicted,patch_score,0.15,2,True,0.5886325836181641,0.09706208109855652,False,1.0,1.0,1.0
pit_b_224,51,ILSVRC2012_val_00002533.JPEG,predicted,patch_score,0.15,2,True,0.19318771362304688,0.03493131697177887,False,1.0,1.0,1.0
pit_b_224,52,ILSVRC2012_val_00002583.JPEG,predicted,patch_score,0.15,2,True,0.1904287338256836,0.021869651973247528,False,1.0,1.0,1.0
pit_b_224,53,ILSVRC2012_val_00002614.JPEG,predicted,patch_score,0.15,2,True,0.3510322570800781,0.061710014939308167,False,1.0,1.0,1.0
pit_b_224,54,ILSVRC2012_val_00002716.JPEG,predicted,patch_score,0.15,2,True,-0.03804206848144531,-0.0098399817943573,False,1.0,1.0,1.0
pit_b_224,55,ILSVRC2012_val_00002733.JPEG,predicted,patch_score,0.15,2,True,-0.0388031005859375,-0.0035954639315605164,False,1.0,1.0,1.0
pit_b_224,48,ILSVRC2012_val_00002311.JPEG,predicted,patch_score,0.15,3,True,-0.03657817840576172,-0.005397990345954895,False,1.0,1.0,1.0
pit_b_224,49,ILSVRC2012_val_00002347.JPEG,predicted,patch_score,0.15,3,True,0.23506450653076172,0.02678658813238144,False,1.0,1.0,1.0
pit_b_224,50,ILSVRC2012_val_00002464.JPEG,predicted,patch_score,0.15,3,True,0.6145362854003906,0.27749255299568176,False,1.0,1.0,1.0
pit_b_224,51,ILSVRC2012_val_00002533.JPEG,predicted,patch_score,0.15,3,True,0.08040142059326172,0.015024542808532715,False,1.0,1.0,1.0
pit_b_224,52,ILSVRC2012_val_00002583.JPEG,predicted,patch_score,0.15,3,True,0.1541280746459961,0.017842121422290802,False,1.0,1.0,1.0
pit_b_224,53,ILSVRC2012_val_00002614.JPEG,predicted,patch_score,0.15,3,True,0.10364532470703125,0.022151514887809753,False,1.0,1.0,1.0
pit_b_224,54,ILSVRC2012_val_00002716.JPEG,predicted,patch_score,0.15,3,True,0.3297843933105469,0.0351327508687973,False,1.0,1.0,1.0
pit_b_224,55,ILSVRC2012_val_00002733.JPEG,predicted,patch_score,0.15,3,True,0.10461807250976562,0.012445606291294098,False,1.0,1.0,1.0
pit_b_224,48,ILSVRC2012_val_00002311.JPEG,predicted,gradcam_relu,0.15,0,True,0.03283214569091797,0.0032181590795516968,False,-0.0913461446762085,0.3333333432674408,1.0
pit_b_224,49,ILSVRC2012_val_00002347.JPEG,predicted,gradcam_relu,0.15,0,True,0.5514564514160156,0.07156582921743393,False,0.30911168456077576,0.2549019753932953,1.0
pit_b_224,50,ILSVRC2012_val_00002464.JPEG,predicted,gradcam_relu,0.15,0,True,0.3363790512084961,0.15442055463790894,False,0.29803112149238586,0.2800000011920929,1.0
pit_b_224,51,ILSVRC2012_val_00002533.JPEG,predicted,gradcam_relu,0.15,0,True,0.062333106994628906,0.008244484663009644,False,0.3423534631729126,0.2075471729040146,1.0
pit_b_224,52,ILSVRC2012_val_00002583.JPEG,predicted,gradcam_relu,0.15,0,True,0.20219802856445312,0.02538042515516281,False,-0.4840201139450073,0.523809552192688,1.0
pit_b_224,53,ILSVRC2012_val_00002614.JPEG,predicted,gradcam_relu,0.15,0,True,-0.02581501007080078,0.004585951566696167,False,0.14409339427947998,0.2800000011920929,1.0
pit_b_224,54,ILSVRC2012_val_00002716.JPEG,predicted,gradcam_relu,0.15,0,True,0.24163055419921875,0.03190571069717407,False,0.2211996167898178,0.2800000011920929,1.0
pit_b_224,55,ILSVRC2012_val_00002733.JPEG,predicted,gradcam_relu,0.15,0,True,0.5169181823730469,0.06924963742494583,False,-0.13635529577732086,0.3913043439388275,1.0
pit_b_224,48,ILSVRC2012_val_00002311.JPEG,predicted,gradcam_relu,0.15,1,True,0.5572900772094727,0.08726273477077484,False,-0.0913461446762085,0.3333333432674408,1.0
pit_b_224,49,ILSVRC2012_val_00002347.JPEG,predicted,gradcam_relu,0.15,1,True,0.46111583709716797,0.05804917961359024,False,0.30911168456077576,0.2549019753932953,1.0
pit_b_224,50,ILSVRC2012_val_00002464.JPEG,predicted,gradcam_relu,0.15,1,True,0.5127983093261719,0.16181230545043945,False,0.29803112149238586,0.2800000011920929,1.0
pit_b_224,51,ILSVRC2012_val_00002533.JPEG,predicted,gradcam_relu,0.15,1,True,0.36455345153808594,0.07002618908882141,False,0.3423534631729126,0.2075471729040146,1.0
pit_b_224,52,ILSVRC2012_val_00002583.JPEG,predicted,gradcam_relu,0.15,1,True,0.09758853912353516,0.011867500841617584,False,-0.4840201139450073,0.523809552192688,1.0
pit_b_224,53,ILSVRC2012_val_00002614.JPEG,predicted,gradcam_relu,0.15,1,True,0.34428977966308594,0.06443820893764496,False,0.14409339427947998,0.2800000011920929,1.0
pit_b_224,54,ILSVRC2012_val_00002716.JPEG,predicted,gradcam_relu,0.15,1,True,0.35402870178222656,0.03136923909187317,False,0.2211996167898178,0.2800000011920929,1.0
pit_b_224,55,ILSVRC2012_val_00002733.JPEG,predicted,gradcam_relu,0.15,1,True,0.2274179458618164,0.029110662639141083,False,-0.13635529577732086,0.3913043439388275,1.0
pit_b_224,48,ILSVRC2012_val_00002311.JPEG,predicted,gradcam_relu,0.15,2,True,0.1366863250732422,0.01658773422241211,False,-0.0913461446762085,0.3333333432674408,1.0
pit_b_224,49,ILSVRC2012_val_00002347.JPEG,predicted,gradcam_relu,0.15,2,True,0.16655445098876953,0.018434233963489532,False,0.30911168456077576,0.2549019753932953,1.0
pit_b_224,50,ILSVRC2012_val_00002464.JPEG,predicted,gradcam_relu,0.15,2,True,0.6047449111938477,0.11465612053871155,False,0.29803112149238586,0.2800000011920929,1.0
pit_b_224,51,ILSVRC2012_val_00002533.JPEG,predicted,gradcam_relu,0.15,2,True,0.3369903564453125,0.062126100063323975,False,0.3423534631729126,0.2075471729040146,1.0
pit_b_224,52,ILSVRC2012_val_00002583.JPEG,predicted,gradcam_relu,0.15,2,True,0.1688213348388672,0.018758974969387054,False,-0.4840201139450073,0.523809552192688,1.0
pit_b_224,53,ILSVRC2012_val_00002614.JPEG,predicted,gradcam_relu,0.15,2,True,-0.01889801025390625,-0.00240325927734375,False,0.14409339427947998,0.2800000011920929,1.0
pit_b_224,54,ILSVRC2012_val_00002716.JPEG,predicted,gradcam_relu,0.15,2,True,0.03579521179199219,0.00027088820934295654,False,0.2211996167898178,0.2800000011920929,1.0
pit_b_224,55,ILSVRC2012_val_00002733.JPEG,predicted,gradcam_relu,0.15,2,True,0.2789802551269531,0.033371783792972565,False,-0.13635529577732086,0.3913043439388275,1.0
pit_b_224,48,ILSVRC2012_val_00002311.JPEG,predicted,gradcam_relu,0.15,3,True,0.15073680877685547,0.018742159008979797,False,-0.0913461446762085,0.3333333432674408,1.0
pit_b_224,49,ILSVRC2012_val_00002347.JPEG,predicted,gradcam_relu,0.15,3,True,0.6418848037719727,0.09490346163511276,False,0.30911168456077576,0.2549019753932953,1.0
pit_b_224,50,ILSVRC2012_val_00002464.JPEG,predicted,gradcam_relu,0.15,3,True,0.6002302169799805,0.13769710063934326,False,0.29803112149238586,0.2800000011920929,1.0
pit_b_224,51,ILSVRC2012_val_00002533.JPEG,predicted,gradcam_relu,0.15,3,True,0.09370136260986328,0.017665952444076538,False,0.3423534631729126,0.2075471729040146,1.0
pit_b_224,52,ILSVRC2012_val_00002583.JPEG,predicted,gradcam_relu,0.15,3,True,0.05631542205810547,0.007203295826911926,False,-0.4840201139450073,0.523809552192688,1.0
pit_b_224,53,ILSVRC2012_val_00002614.JPEG,predicted,gradcam_relu,0.15,3,True,0.4021930694580078,0.09120011329650879,False,0.14409339427947998,0.2800000011920929,1.0
pit_b_224,54,ILSVRC2012_val_00002716.JPEG,predicted,gradcam_relu,0.15,3,True,0.3314647674560547,0.06802284717559814,False,0.2211996167898178,0.2800000011920929,1.0
pit_b_224,55,ILSVRC2012_val_00002733.JPEG,predicted,gradcam_relu,0.15,3,True,0.44411468505859375,0.0601949617266655,False,-0.13635529577732086,0.3913043439388275,1.0
pit_b_224,48,ILSVRC2012_val_00002311.JPEG,predicted,gradcam_signed,0.15,0,True,0.22539329528808594,0.029352515935897827,False,-0.0913461446762085,0.3333333432674408,1.0
pit_b_224,49,ILSVRC2012_val_00002347.JPEG,predicted,gradcam_signed,0.15,0,True,0.3393735885620117,0.0412796214222908,False,0.30911168456077576,0.2549019753932953,1.0
pit_b_224,50,ILSVRC2012_val_00002464.JPEG,predicted,gradcam_signed,0.15,0,True,0.5134353637695312,0.20552310347557068,False,0.29803112149238586,0.2800000011920929,1.0
pit_b_224,51,ILSVRC2012_val_00002533.JPEG,predicted,gradcam_signed,0.15,0,True,0.5128459930419922,0.10525140166282654,False,0.3423534631729126,0.2075471729040146,1.0
pit_b_224,52,ILSVRC2012_val_00002583.JPEG,predicted,gradcam_signed,0.15,0,True,0.3192930221557617,0.0403330996632576,False,-0.4840201139450073,0.523809552192688,1.0
pit_b_224,53,ILSVRC2012_val_00002614.JPEG,predicted,gradcam_signed,0.15,0,True,0.38483428955078125,0.062419891357421875,False,0.14409339427947998,0.2800000011920929,1.0
pit_b_224,54,ILSVRC2012_val_00002716.JPEG,predicted,gradcam_signed,0.15,0,True,0.4860086441040039,0.05984450876712799,False,0.2211996167898178,0.2800000011920929,1.0
pit_b_224,55,ILSVRC2012_val_00002733.JPEG,predicted,gradcam_signed,0.15,0,True,0.0648345947265625,0.007112972438335419,False,-0.13635529577732086,0.3913043439388275,1.0
pit_b_224,48,ILSVRC2012_val_00002311.JPEG,predicted,gradcam_signed,0.15,1,True,0.044402122497558594,0.004822790622711182,False,-0.0913461446762085,0.3333333432674408,1.0
pit_b_224,49,ILSVRC2012_val_00002347.JPEG,predicted,gradcam_signed,0.15,1,True,0.44357776641845703,0.05543044954538345,False,0.30911168456077576,0.2549019753932953,1.0
pit_b_224,50,ILSVRC2012_val_00002464.JPEG,predicted,gradcam_signed,0.15,1,True,0.46141815185546875,0.2181660532951355,False,0.29803112149238586,0.2800000011920929,1.0
pit_b_224,51,ILSVRC2012_val_00002533.JPEG,predicted,gradcam_signed,0.15,1,True,0.11997318267822266,0.017889708280563354,False,0.3423534631729126,0.2075471729040146,1.0
pit_b_224,52,ILSVRC2012_val_00002583.JPEG,predicted,gradcam_signed,0.15,1,True,0.0980062484741211,0.011276759207248688,False,-0.4840201139450073,0.523809552192688,1.0
pit_b_224,53,ILSVRC2012_val_00002614.JPEG,predicted,gradcam_signed,0.15,1,True,0.42374515533447266,0.1399276852607727,False,0.14409339427947998,0.2800000011920929,1.0
pit_b_224,54,ILSVRC2012_val_00002716.JPEG,predicted,gradcam_signed,0.15,1,True,0.32590675354003906,0.06918978691101074,False,0.2211996167898178,0.2800000011920929,1.0
pit_b_224,55,ILSVRC2012_val_00002733.JPEG,predicted,gradcam_signed,0.15,1,True,0.3370933532714844,0.044081754982471466,False,-0.13635529577732086,0.3913043439388275,1.0
pit_b_224,48,ILSVRC2012_val_00002311.JPEG,predicted,gradcam_signed,0.15,2,True,0.27977561950683594,0.03786565363407135,False,-0.0913461446762085,0.3333333432674408,1.0
pit_b_224,49,ILSVRC2012_val_00002347.JPEG,predicted,gradcam_signed,0.15,2,True,0.4898996353149414,0.06241118162870407,False,0.30911168456077576,0.2549019753932953,1.0
pit_b_224,50,ILSVRC2012_val_00002464.JPEG,predicted,gradcam_signed,0.15,2,True,0.47137928009033203,0.1132236123085022,False,0.29803112149238586,0.2800000011920929,1.0
pit_b_224,51,ILSVRC2012_val_00002533.JPEG,predicted,gradcam_signed,0.15,2,True,0.14781761169433594,0.027125269174575806,False,0.3423534631729126,0.2075471729040146,1.0
pit_b_224,52,ILSVRC2012_val_00002583.JPEG,predicted,gradcam_signed,0.15,2,True,0.2573671340942383,0.03087516874074936,False,-0.4840201139450073,0.523809552192688,1.0
pit_b_224,53,ILSVRC2012_val_00002614.JPEG,predicted,gradcam_signed,0.15,2,True,0.2989215850830078,0.05768407881259918,False,0.14409339427947998,0.2800000011920929,1.0
pit_b_224,54,ILSVRC2012_val_00002716.JPEG,predicted,gradcam_signed,0.15,2,True,0.07500076293945312,-0.008489042520523071,False,0.2211996167898178,0.2800000011920929,1.0
pit_b_224,55,ILSVRC2012_val_00002733.JPEG,predicted,gradcam_signed,0.15,2,True,0.16760730743408203,0.020904473960399628,False,-0.13635529577732086,0.3913043439388275,1.0
pit_b_224,48,ILSVRC2012_val_00002311.JPEG,predicted,gradcam_signed,0.15,3,True,0.006381034851074219,3.8370490074157715e-05,False,-0.0913461446762085,0.3333333432674408,1.0
pit_b_224,49,ILSVRC2012_val_00002347.JPEG,predicted,gradcam_signed,0.15,3,True,0.4908866882324219,0.06338310986757278,False,0.30911168456077576,0.2549019753932953,1.0
pit_b_224,50,ILSVRC2012_val_00002464.JPEG,predicted,gradcam_signed,0.15,3,True,0.3813009262084961,0.10665702819824219,False,0.29803112149238586,0.2800000011920929,1.0
pit_b_224,51,ILSVRC2012_val_00002533.JPEG,predicted,gradcam_signed,0.15,3,True,0.29737281799316406,0.06136628985404968,False,0.3423534631729126,0.2075471729040146,1.0
pit_b_224,52,ILSVRC2012_val_00002583.JPEG,predicted,gradcam_signed,0.15,3,True,0.5585260391235352,0.07737410813570023,False,-0.4840201139450073,0.523809552192688,1.0
pit_b_224,53,ILSVRC2012_val_00002614.JPEG,predicted,gradcam_signed,0.15,3,True,0.08595752716064453,0.012468606233596802,False,0.14409339427947998,0.2800000011920929,1.0
pit_b_224,54,ILSVRC2012_val_00002716.JPEG,predicted,gradcam_signed,0.15,3,True,0.29657554626464844,0.09233894944190979,False,0.2211996167898178,0.2800000011920929,1.0
pit_b_224,55,ILSVRC2012_val_00002733.JPEG,predicted,gradcam_signed,0.15,3,True,0.46533203125,0.061195008456707,False,-0.13635529577732086,0.3913043439388275,1.0
pit_b_224,48,ILSVRC2012_val_00002311.JPEG,predicted,gradcam_abs,0.15,0,True,0.05148029327392578,0.006248593330383301,False,-0.0913461446762085,0.3333333432674408,1.0
pit_b_224,49,ILSVRC2012_val_00002347.JPEG,predicted,gradcam_abs,0.15,0,True,0.8515691757202148,0.1307590901851654,False,0.30911168456077576,0.2549019753932953,1.0
pit_b_224,50,ILSVRC2012_val_00002464.JPEG,predicted,gradcam_abs,0.15,0,True,0.5130710601806641,0.21165499091148376,False,0.29803112149238586,0.2800000011920929,1.0
pit_b_224,51,ILSVRC2012_val_00002533.JPEG,predicted,gradcam_abs,0.15,0,True,0.04277992248535156,0.011661544442176819,False,0.3423534631729126,0.2075471729040146,1.0
pit_b_224,52,ILSVRC2012_val_00002583.JPEG,predicted,gradcam_abs,0.15,0,True,0.29473400115966797,0.03515254706144333,False,-0.4840201139450073,0.523809552192688,1.0
pit_b_224,53,ILSVRC2012_val_00002614.JPEG,predicted,gradcam_abs,0.15,0,True,0.34917545318603516,0.0542268306016922,False,0.14409339427947998,0.2800000011920929,1.0
pit_b_224,54,ILSVRC2012_val_00002716.JPEG,predicted,gradcam_abs,0.15,0,True,0.04182243347167969,-0.005245283246040344,False,0.2211996167898178,0.2800000011920929,1.0
pit_b_224,55,ILSVRC2012_val_00002733.JPEG,predicted,gradcam_abs,0.15,0,True,0.150115966796875,0.017105944454669952,False,-0.13635529577732086,0.3913043439388275,1.0
pit_b_224,48,ILSVRC2012_val_00002311.JPEG,predicted,gradcam_abs,0.15,1,True,-0.02759265899658203,-0.003907144069671631,False,-0.0913461446762085,0.3333333432674408,1.0
pit_b_224,49,ILSVRC2012_val_00002347.JPEG,predicted,gradcam_abs,0.15,1,True,0.5406675338745117,0.07192901521921158,False,0.30911168456077576,0.2549019753932953,1.0
pit_b_224,50,ILSVRC2012_val_00002464.JPEG,predicted,gradcam_abs,0.15,1,True,0.44866085052490234,0.14398795366287231,False,0.29803112149238586,0.2800000011920929,1.0
pit_b_224,51,ILSVRC2012_val_00002533.JPEG,predicted,gradcam_abs,0.15,1,True,0.07321453094482422,0.011549651622772217,False,0.3423534631729126,0.2075471729040146,1.0
pit_b_224,52,ILSVRC2012_val_00002583.JPEG,predicted,gradcam_abs,0.15,1,True,0.2081136703491211,0.025720633566379547,False,-0.4840201139450073,0.523809552192688,1.0
pit_b_224,53,ILSVRC2012_val_00002614.JPEG,predicted,gradcam_abs,0.15,1,True,-0.10880184173583984,-0.004366233944892883,False,0.14409339427947998,0.2800000011920929,1.0
pit_b_224,54,ILSVRC2012_val_00002716.JPEG,predicted,gradcam_abs,0.15,1,True,0.4100341796875,0.08223375678062439,False,0.2211996167898178,0.2800000011920929,1.0
pit_b_224,55,ILSVRC2012_val_00002733.JPEG,predicted,gradcam_abs,0.15,1,True,0.3874025344848633,0.04878654330968857,False,-0.13635529577732086,0.3913043439388275,1.0
pit_b_224,48,ILSVRC2012_val_00002311.JPEG,predicted,gradcam_abs,0.15,2,True,0.1389789581298828,0.017109036445617676,False,-0.0913461446762085,0.3333333432674408,1.0
pit_b_224,49,ILSVRC2012_val_00002347.JPEG,predicted,gradcam_abs,0.15,2,True,0.6922292709350586,0.10015641897916794,False,0.30911168456077576,0.2549019753932953,1.0
pit_b_224,50,ILSVRC2012_val_00002464.JPEG,predicted,gradcam_abs,0.15,2,True,0.7056207656860352,0.2126242220401764,False,0.29803112149238586,0.2800000011920929,1.0
pit_b_224,51,ILSVRC2012_val_00002533.JPEG,predicted,gradcam_abs,0.15,2,True,0.0669546127319336,0.008396133780479431,False,0.3423534631729126,0.2075471729040146,1.0
pit_b_224,52,ILSVRC2012_val_00002583.JPEG,predicted,gradcam_abs,0.15,2,True,0.29865360260009766,0.03664349764585495,False,-0.4840201139450073,0.523809552192688,1.0
pit_b_224,53,ILSVRC2012_val_00002614.JPEG,predicted,gradcam_abs,0.15,2,True,0.13599109649658203,0.03000761568546295,False,0.14409339427947998,0.2800000011920929,1.0
pit_b_224,54,ILSVRC2012_val_00002716.JPEG,predicted,gradcam_abs,0.15,2,True,0.018125534057617188,-0.017065957188606262,False,0.2211996167898178,0.2800000011920929,1.0
pit_b_224,55,ILSVRC2012_val_00002733.JPEG,predicted,gradcam_abs,0.15,2,True,0.2543163299560547,0.030724219977855682,False,-0.13635529577732086,0.3913043439388275,1.0
pit_b_224,48,ILSVRC2012_val_00002311.JPEG,predicted,gradcam_abs,0.15,3,True,0.5758552551269531,0.09047763049602509,False,-0.0913461446762085,0.3333333432674408,1.0
pit_b_224,49,ILSVRC2012_val_00002347.JPEG,predicted,gradcam_abs,0.15,3,True,0.23783397674560547,0.02690795809030533,False,0.30911168456077576,0.2549019753932953,1.0
pit_b_224,50,ILSVRC2012_val_00002464.JPEG,predicted,gradcam_abs,0.15,3,True,0.2638282775878906,0.060611724853515625,False,0.29803112149238586,0.2800000011920929,1.0
pit_b_224,51,ILSVRC2012_val_00002533.JPEG,predicted,gradcam_abs,0.15,3,True,0.10200309753417969,0.01718069612979889,False,0.3423534631729126,0.2075471729040146,1.0
pit_b_224,52,ILSVRC2012_val_00002583.JPEG,predicted,gradcam_abs,0.15,3,True,0.13939571380615234,0.015069551765918732,False,-0.4840201139450073,0.523809552192688,1.0
pit_b_224,53,ILSVRC2012_val_00002614.JPEG,predicted,gradcam_abs,0.15,3,True,0.42467784881591797,0.0798705518245697,False,0.14409339427947998,0.2800000011920929,1.0
pit_b_224,54,ILSVRC2012_val_00002716.JPEG,predicted,gradcam_abs,0.15,3,True,0.25356483459472656,0.05349992215633392,False,0.2211996167898178,0.2800000011920929,1.0
pit_b_224,55,ILSVRC2012_val_00002733.JPEG,predicted,gradcam_abs,0.15,3,True,0.12077808380126953,0.016671694815158844,False,-0.13635529577732086,0.3913043439388275,1.0
pit_b_224,48,ILSVRC2012_val_00002311.JPEG,predicted,random_uniform,0.15,0,True,0.35080432891845703,0.05031333863735199,False,1.0,1.0,1.0
pit_b_224,49,ILSVRC2012_val_00002347.JPEG,predicted,random_uniform,0.15,0,True,0.4094734191894531,0.04979657381772995,False,1.0,1.0,1.0
pit_b_224,50,ILSVRC2012_val_00002464.JPEG,predicted,random_uniform,0.15,0,True,0.5118675231933594,0.3356289565563202,False,1.0,1.0,1.0
pit_b_224,51,ILSVRC2012_val_00002533.JPEG,predicted,random_uniform,0.15,0,True,-0.02149486541748047,-0.0028080791234970093,False,1.0,1.0,1.0
pit_b_224,52,ILSVRC2012_val_00002583.JPEG,predicted,random_uniform,0.15,0,True,0.24312305450439453,0.028550617396831512,False,1.0,1.0,1.0
pit_b_224,53,ILSVRC2012_val_00002614.JPEG,predicted,random_uniform,0.15,0,True,0.1184244155883789,0.018093138933181763,False,1.0,1.0,1.0
pit_b_224,54,ILSVRC2012_val_00002716.JPEG,predicted,random_uniform,0.15,0,True,0.2648305892944336,0.08126229047775269,False,1.0,1.0,1.0
pit_b_224,55,ILSVRC2012_val_00002733.JPEG,predicted,random_uniform,0.15,0,True,0.2759571075439453,0.0334036722779274,False,1.0,1.0,1.0
pit_b_224,48,ILSVRC2012_val_00002311.JPEG,predicted,random_uniform,0.15,1,True,0.02694416046142578,0.0026025623083114624,False,1.0,1.0,1.0
pit_b_224,49,ILSVRC2012_val_00002347.JPEG,predicted,random_uniform,0.15,1,True,0.28516578674316406,0.036487169563770294,False,1.0,1.0,1.0
pit_b_224,50,ILSVRC2012_val_00002464.JPEG,predicted,random_uniform,0.15,1,True,0.3361806869506836,0.09443891048431396,False,1.0,1.0,1.0
pit_b_224,51,ILSVRC2012_val_00002533.JPEG,predicted,random_uniform,0.15,1,True,0.38929080963134766,0.0726536214351654,False,1.0,1.0,1.0
pit_b_224,52,ILSVRC2012_val_00002583.JPEG,predicted,random_uniform,0.15,1,True,0.21350765228271484,0.024681992828845978,False,1.0,1.0,1.0
pit_b_224,53,ILSVRC2012_val_00002614.JPEG,predicted,random_uniform,0.15,1,True,0.04186725616455078,0.0073305219411849976,False,1.0,1.0,1.0
pit_b_224,54,ILSVRC2012_val_00002716.JPEG,predicted,random_uniform,0.15,1,True,0.23891067504882812,0.026366770267486572,False,1.0,1.0,1.0
pit_b_224,55,ILSVRC2012_val_00002733.JPEG,predicted,random_uniform,0.15,1,True,-0.06673431396484375,-0.006980858743190765,False,1.0,1.0,1.0
pit_b_224,48,ILSVRC2012_val_00002311.JPEG,predicted,random_uniform,0.15,2,True,0.2950716018676758,0.04058346152305603,False,1.0,1.0,1.0
pit_b_224,49,ILSVRC2012_val_00002347.JPEG,predicted,random_uniform,0.15,2,True,0.35013484954833984,0.04123692959547043,False,1.0,1.0,1.0
pit_b_224,50,ILSVRC2012_val_00002464.JPEG,predicted,random_uniform,0.15,2,True,0.20577526092529297,0.14750367403030396,False,1.0,1.0,1.0
pit_b_224,51,ILSVRC2012_val_00002533.JPEG,predicted,random_uniform,0.15,2,True,0.0643606185913086,0.013672754168510437,False,1.0,1.0,1.0
pit_b_224,52,ILSVRC2012_val_00002583.JPEG,predicted,random_uniform,0.15,2,True,0.34906768798828125,0.04659976810216904,False,1.0,1.0,1.0
pit_b_224,53,ILSVRC2012_val_00002614.JPEG,predicted,random_uniform,0.15,2,True,0.18415164947509766,0.029346853494644165,False,1.0,1.0,1.0
pit_b_224,54,ILSVRC2012_val_00002716.JPEG,predicted,random_uniform,0.15,2,True,0.0632772445678711,-0.013408616185188293,False,1.0,1.0,1.0
pit_b_224,55,ILSVRC2012_val_00002733.JPEG,predicted,random_uniform,0.15,2,True,0.1672687530517578,0.019321314990520477,False,1.0,1.0,1.0
pit_b_224,48,ILSVRC2012_val_00002311.JPEG,predicted,random_uniform,0.15,3,True,0.2884206771850586,0.03912636637687683,False,1.0,1.0,1.0
pit_b_224,49,ILSVRC2012_val_00002347.JPEG,predicted,random_uniform,0.15,3,True,0.24373531341552734,0.028927035629749298,False,1.0,1.0,1.0
pit_b_224,50,ILSVRC2012_val_00002464.JPEG,predicted,random_uniform,0.15,3,True,0.29747486114501953,0.07453837990760803,False,1.0,1.0,1.0
pit_b_224,51,ILSVRC2012_val_00002533.JPEG,predicted,random_uniform,0.15,3,True,0.053714752197265625,0.009480312466621399,False,1.0,1.0,1.0
pit_b_224,52,ILSVRC2012_val_00002583.JPEG,predicted,random_uniform,0.15,3,True,0.2533407211303711,0.031568773090839386,False,1.0,1.0,1.0
pit_b_224,53,ILSVRC2012_val_00002614.JPEG,predicted,random_uniform,0.15,3,True,0.1475238800048828,0.034506216645240784,False,1.0,1.0,1.0
pit_b_224,54,ILSVRC2012_val_00002716.JPEG,predicted,random_uniform,0.15,3,True,0.004573822021484375,0.003978759050369263,False,1.0,1.0,1.0
pit_b_224,55,ILSVRC2012_val_00002733.JPEG,predicted,random_uniform,0.15,3,True,0.6330623626708984,0.08974423259496689,False,1.0,1.0,1.0
pit_b_224,56,ILSVRC2012_val_00002734.JPEG,predicted,patch_score,0.15,0,True,-0.11810493469238281,-0.01311194896697998,False,1.0,1.0,1.0
pit_b_224,57,ILSVRC2012_val_00002815.JPEG,predicted,patch_score,0.15,0,True,0.08041000366210938,0.005225047469139099,False,1.0,1.0,1.0
pit_b_224,58,ILSVRC2012_val_00002932.JPEG,predicted,patch_score,0.15,0,True,0.3192281723022461,0.07312588393688202,False,1.0,1.0,1.0
pit_b_224,59,ILSVRC2012_val_00003096.JPEG,predicted,patch_score,0.15,0,True,-0.059551239013671875,-0.05206817388534546,False,1.0,1.0,1.0
pit_b_224,60,ILSVRC2012_val_00003145.JPEG,predicted,patch_score,0.15,0,True,0.4301624298095703,0.05112053453922272,False,1.0,1.0,1.0
pit_b_224,61,ILSVRC2012_val_00003190.JPEG,predicted,patch_score,0.15,0,True,0.6823358535766602,0.11149980127811432,False,1.0,1.0,1.0
pit_b_224,62,ILSVRC2012_val_00003194.JPEG,predicted,patch_score,0.15,0,True,-0.018972396850585938,-0.01208728551864624,False,1.0,1.0,1.0
pit_b_224,63,ILSVRC2012_val_00003317.JPEG,predicted,patch_score,0.15,0,True,0.21028804779052734,0.03446248173713684,False,1.0,1.0,1.0
pit_b_224,56,ILSVRC2012_val_00002734.JPEG,predicted,patch_score,0.15,1,True,0.09548473358154297,0.015716463327407837,False,1.0,1.0,1.0
pit_b_224,57,ILSVRC2012_val_00002815.JPEG,predicted,patch_score,0.15,1,True,0.2975444793701172,0.03301358222961426,False,1.0,1.0,1.0
pit_b_224,58,ILSVRC2012_val_00002932.JPEG,predicted,patch_score,0.15,1,True,0.1577606201171875,0.03292270004749298,False,1.0,1.0,1.0
pit_b_224,59,ILSVRC2012_val_00003096.JPEG,predicted,patch_score,0.15,1,True,-0.1500530242919922,-0.08587989211082458,False,1.0,1.0,1.0
pit_b_224,60,ILSVRC2012_val_00003145.JPEG,predicted,patch_score,0.15,1,True,0.1377573013305664,0.015915632247924805,False,1.0,1.0,1.0
pit_b_224,61,ILSVRC2012_val_00003190.JPEG,predicted,patch_score,0.15,1,True,0.6691389083862305,0.10966722667217255,False,1.0,1.0,1.0
pit_b_224,62,ILSVRC2012_val_00003194.JPEG,predicted,patch_score,0.15,1,True,0.03739643096923828,-0.004883408546447754,False,1.0,1.0,1.0
pit_b_224,63,ILSVRC2012_val_00003317.JPEG,predicted,patch_score,0.15,1,True,0.06197643280029297,0.010307833552360535,False,1.0,1.0,1.0
pit_b_224,56,ILSVRC2012_val_00002734.JPEG,predicted,patch_score,0.15,2,True,0.4131002426147461,0.06667831540107727,False,1.0,1.0,1.0
pit_b_224,57,ILSVRC2012_val_00002815.JPEG,predicted,patch_score,0.15,2,True,0.24210453033447266,0.03470851480960846,False,1.0,1.0,1.0
pit_b_224,58,ILSVRC2012_val_00002932.JPEG,predicted,patch_score,0.15,2,True,-0.021343231201171875,0.004668921232223511,False,1.0,1.0,1.0
pit_b_224,59,ILSVRC2012_val_00003096.JPEG,predicted,patch_score,0.15,2,True,0.43619680404663086,0.099089115858078,False,1.0,1.0,1.0
pit_b_224,60,ILSVRC2012_val_00003145.JPEG,predicted,patch_score,0.15,2,True,0.5413084030151367,0.06844639778137207,False,1.0,1.0,1.0
pit_b_224,61,ILSVRC2012_val_00003190.JPEG,predicted,patch_score,0.15,2,True,0.6081066131591797,0.09679469466209412,False,1.0,1.0,1.0
pit_b_224,62,ILSVRC2012_val_00003194.JPEG,predicted,patch_score,0.15,2,True,0.05642414093017578,-0.0024976879358291626,False,1.0,1.0,1.0
pit_b_224,63,ILSVRC2012_val_00003317.JPEG,predicted,patch_score,0.15,2,True,0.06798839569091797,0.009766310453414917,False,1.0,1.0,1.0
pit_b_224,56,ILSVRC2012_val_00002734.JPEG,predicted,patch_score,0.15,3,True,0.058806419372558594,0.012623488903045654,False,1.0,1.0,1.0
pit_b_224,57,ILSVRC2012_val_00002815.JPEG,predicted,patch_score,0.15,3,True,0.14837265014648438,0.02112025022506714,False,1.0,1.0,1.0
pit_b_224,58,ILSVRC2012_val_00002932.JPEG,predicted,patch_score,0.15,3,True,0.03307056427001953,0.012980714440345764,False,1.0,1.0,1.0
pit_b_224,59,ILSVRC2012_val_00003096.JPEG,predicted,patch_score,0.15,3,True,0.14078998565673828,0.021179884672164917,False,1.0,1.0,1.0
pit_b_224,60,ILSVRC2012_val_00003145.JPEG,predicted,patch_score,0.15,3,True,0.09965229034423828,0.010415740311145782,False,1.0,1.0,1.0
pit_b_224,61,ILSVRC2012_val_00003190.JPEG,predicted,patch_score,0.15,3,True,0.7972869873046875,0.14191845059394836,False,1.0,1.0,1.0
pit_b_224,62,ILSVRC2012_val_00003194.JPEG,predicted,patch_score,0.15,3,True,0.10687541961669922,0.003958746790885925,False,1.0,1.0,1.0
pit_b_224,63,ILSVRC2012_val_00003317.JPEG,predicted,patch_score,0.15,3,True,0.13882160186767578,0.019313722848892212,False,1.0,1.0,1.0
pit_b_224,56,ILSVRC2012_val_00002734.JPEG,predicted,gradcam_relu,0.15,0,True,0.3511638641357422,0.054117798805236816,False,0.3554028868675232,0.18518517911434174,1.0
pit_b_224,57,ILSVRC2012_val_00002815.JPEG,predicted,gradcam_relu,0.15,0,True,0.1704692840576172,0.036868855357170105,False,0.2949633300304413,0.2549019753932953,1.0
pit_b_224,58,ILSVRC2012_val_00002932.JPEG,predicted,gradcam_relu,0.15,0,True,0.11031532287597656,0.022435694932937622,False,-0.17307691276073456,0.3617021143436432,1.0
pit_b_224,59,ILSVRC2012_val_00003096.JPEG,predicted,gradcam_relu,0.15,0,True,0.3325834274291992,0.04284808039665222,False,-0.17005492746829987,0.3913043439388275,1.0
pit_b_224,60,ILSVRC2012_val_00003145.JPEG,predicted,gradcam_relu,0.15,0,True,0.6308937072753906,0.08493463695049286,False,-0.3353937566280365,0.42222222685813904,1.0
pit_b_224,61,ILSVRC2012_val_00003190.JPEG,predicted,gradcam_relu,0.15,0,True,0.4347972869873047,0.0684283971786499,False,0.22554942965507507,0.2549019753932953,1.0
pit_b_224,62,ILSVRC2012_val_00003194.JPEG,predicted,gradcam_relu,0.15,0,True,0.2295370101928711,0.03464174270629883,False,-0.043406590819358826,0.3913043439388275,1.0
pit_b_224,63,ILSVRC2012_val_00003317.JPEG,predicted,gradcam_relu,0.15,0,True,0.15367794036865234,0.022892668843269348,False,0.2946886122226715,0.2075471729040146,1.0
pit_b_224,56,ILSVRC2012_val_00002734.JPEG,predicted,gradcam_relu,0.15,1,True,0.28157711029052734,0.044810354709625244,False,0.3554028868675232,0.18518517911434174,1.0
pit_b_224,57,ILSVRC2012_val_00002815.JPEG,predicted,gradcam_relu,0.15,1,True,0.3172492980957031,0.04235406219959259,False,0.2949633300304413,0.2549019753932953,1.0
pit_b_224,58,ILSVRC2012_val_00002932.JPEG,predicted,gradcam_relu,0.15,1,True,-0.06138420104980469,-0.008457362651824951,False,-0.17307691276073456,0.3617021143436432,1.0
pit_b_224,59,ILSVRC2012_val_00003096.JPEG,predicted,gradcam_relu,0.15,1,True,0.5861649513244629,0.08825555443763733,False,-0.17005492746829987,0.3913043439388275,1.0
pit_b_224,60,ILSVRC2012_val_00003145.JPEG,predicted,gradcam_relu,0.15,1,True,0.3714876174926758,0.0448065847158432,False,-0.3353937566280365,0.42222222685813904,1.0
pit_b_224,61,ILSVRC2012_val_00003190.JPEG,predicted,gradcam_relu,0.15,1,True,0.9731717109680176,0.1823185682296753,False,0.22554942965507507,0.2549019753932953,1.0
pit_b_224,62,ILSVRC2012_val_00003194.JPEG,predicted,gradcam_relu,0.15,1,True,0.2891702651977539,0.03064367175102234,False,-0.043406590819358826,0.3913043439388275,1.0
pit_b_224,63,ILSVRC2012_val_00003317.JPEG,predicted,gradcam_relu,0.15,1,True,0.2907590866088867,0.04999713599681854,False,0.2946886122226715,0.2075471729040146,1.0
pit_b_224,56,ILSVRC2012_val_00002734.JPEG,predicted,gradcam_relu,0.15,2,True,0.6365270614624023,0.12136843800544739,False,0.3554028868675232,0.18518517911434174,1.0
pit_b_224,57,ILSVRC2012_val_00002815.JPEG,predicted,gradcam_relu,0.15,2,True,0.15500545501708984,0.01584412157535553,False,0.2949633300304413,0.2549019753932953,1.0
pit_b_224,58,ILSVRC2012_val_00002932.JPEG,predicted,gradcam_relu,0.15,2,True,-0.10715675354003906,-0.01651740074157715,False,-0.17307691276073456,0.3617021143436432,1.0
pit_b_224,59,ILSVRC2012_val_00003096.JPEG,predicted,gradcam_relu,0.15,2,True,0.4851803779602051,0.07494005560874939,False,-0.17005492746829987,0.3913043439388275,1.0
pit_b_224,60,ILSVRC2012_val_00003145.JPEG,predicted,gradcam_relu,0.15,2,True,0.31760311126708984,0.036569684743881226,False,-0.3353937566280365,0.42222222685813904,1.0
pit_b_224,61,ILSVRC2012_val_00003190.JPEG,predicted,gradcam_relu,0.15,2,True,1.0554261207580566,0.22434449195861816,False,0.22554942965507507,0.2549019753932953,1.0
pit_b_224,62,ILSVRC2012_val_00003194.JPEG,predicted,gradcam_relu,0.15,2,True,0.05610370635986328,0.0011959820985794067,False,-0.043406590819358826,0.3913043439388275,1.0
pit_b_224,63,ILSVRC2012_val_00003317.JPEG,predicted,gradcam_relu,0.15,2,True,0.28663063049316406,0.06289367377758026,False,0.2946886122226715,0.2075471729040146,1.0
pit_b_224,56,ILSVRC2012_val_00002734.JPEG,predicted,gradcam_relu,0.15,3,True,0.5077199935913086,0.0833103358745575,False,0.3554028868675232,0.18518517911434174,1.0
pit_b_224,57,ILSVRC2012_val_00002815.JPEG,predicted,gradcam_relu,0.15,3,True,0.5117683410644531,0.07294517755508423,False,0.2949633300304413,0.2549019753932953,1.0
pit_b_224,58,ILSVRC2012_val_00002932.JPEG,predicted,gradcam_relu,0.15,3,True,0.16125774383544922,0.05171118676662445,False,-0.17307691276073456,0.3617021143436432,1.0
pit_b_224,59,ILSVRC2012_val_00003096.JPEG,predicted,gradcam_relu,0.15,3,True,0.2332324981689453,-0.03794252872467041,False,-0.17005492746829987,0.3913043439388275,1.0
pit_b_224,60,ILSVRC2012_val_00003145.JPEG,predicted,gradcam_relu,0.15,3,True,0.6705846786499023,0.11380714178085327,False,-0.3353937566280365,0.42222222685813904,1.0
pit_b_224,61,ILSVRC2012_val_00003190.JPEG,predicted,gradcam_relu,0.15,3,True,0.9968819618225098,0.2348250448703766,False,0.22554942965507507,0.2549019753932953,1.0
pit_b_224,62,ILSVRC2012_val_00003194.JPEG,predicted,gradcam_relu,0.15,3,True,0.06978511810302734,0.004478126764297485,False,-0.043406590819358826,0.3913043439388275,1.0
pit_b_224,63,ILSVRC2012_val_00003317.JPEG,predicted,gradcam_relu,0.15,3,True,0.3994617462158203,0.07018856704235077,False,0.2946886122226715,0.2075471729040146,1.0
pit_b_224,56,ILSVRC2012_val_00002734.JPEG,predicted,gradcam_signed,0.15,0,True,0.15400218963623047,0.025050923228263855,False,0.3554028868675232,0.18518517911434174,1.0
pit_b_224,57,ILSVRC2012_val_00002815.JPEG,predicted,gradcam_signed,0.15,0,True,0.3883247375488281,0.04985862970352173,False,0.2949633300304413,0.2549019753932953,1.0
pit_b_224,58,ILSVRC2012_val_00002932.JPEG,predicted,gradcam_signed,0.15,0,True,0.16766834259033203,0.04718582332134247,False,-0.17307691276073456,0.3617021143436432,1.0
pit_b_224,59,ILSVRC2012_val_00003096.JPEG,predicted,gradcam_signed,0.15,0,True,0.6419863700866699,0.1325199007987976,False,-0.17005492746829987,0.3913043439388275,1.0
pit_b_224,60,ILSVRC2012_val_00003145.JPEG,predicted,gradcam_signed,0.15,0,True,0.09445953369140625,0.010008327662944794,False,-0.3353937566280365,0.42222222685813904,1.0
pit_b_224,61,ILSVRC2012_val_00003190.JPEG,predicted,gradcam_signed,0.15,0,True,0.9749655723571777,0.17805299162864685,False,0.22554942965507507,0.2549019753932953,1.0
pit_b_224,62,ILSVRC2012_val_00003194.JPEG,predicted,gradcam_signed,0.15,0,True,0.30372047424316406,0.03957293927669525,False,-0.043406590819358826,0.3913043439388275,1.0
pit_b_224,63,ILSVRC2012_val_00003317.JPEG,predicted,gradcam_signed,0.15,0,True,0.1885385513305664,0.031979918479919434,False,0.2946886122226715,0.2075471729040146,1.0
pit_b_224,56,ILSVRC2012_val_00002734.JPEG,predicted,gradcam_signed,0.15,1,True,0.42609500885009766,0.07221409678459167,False,0.3554028868675232,0.18518517911434174,1.0
pit_b_224,57,ILSVRC2012_val_00002815.JPEG,predicted,gradcam_signed,0.15,1,True,0.4188356399536133,0.06366051733493805,False,0.2949633300304413,0.2549019753932953,1.0
pit_b_224,58,ILSVRC2012_val_00002932.JPEG,predicted,gradcam_signed,0.15,1,True,0.08211517333984375,0.013044998049736023,False,-0.17307691276073456,0.3617021143436432,1.0
pit_b_224,59,ILSVRC2012_val_00003096.JPEG,predicted,gradcam_signed,0.15,1,True,0.4771609306335449,0.07935276627540588,False,-0.17005492746829987,0.3913043439388275,1.0
pit_b_224,60,ILSVRC2012_val_00003145.JPEG,predicted,gradcam_signed,0.15,1,True,0.6431884765625,0.08374157547950745,False,-0.3353937566280365,0.42222222685813904,1.0
pit_b_224,61,ILSVRC2012_val_00003190.JPEG,predicted,gradcam_signed,0.15,1,True,0.7128362655639648,0.13066545128822327,False,0.22554942965507507,0.2549019753932953,1.0
pit_b_224,62,ILSVRC2012_val_00003194.JPEG,predicted,gradcam_signed,0.15,1,True,0.11995601654052734,0.020447582006454468,False,-0.043406590819358826,0.3913043439388275,1.0
pit_b_224,63,ILSVRC2012_val_00003317.JPEG,predicted,gradcam_signed,0.15,1,True,0.16781330108642578,0.02513331174850464,False,0.2946886122226715,0.2075471729040146,1.0
pit_b_224,56,ILSVRC2012_val_00002734.JPEG,predicted,gradcam_signed,0.15,2,True,0.16035938262939453,0.025827482342720032,False,0.3554028868675232,0.18518517911434174,1.0
pit_b_224,57,ILSVRC2012_val_00002815.JPEG,predicted,gradcam_signed,0.15,2,True,0.34169769287109375,0.045363202691078186,False,0.2949633300304413,0.2549019753932953,1.0
pit_b_224,58,ILSVRC2012_val_00002932.JPEG,predicted,gradcam_signed,0.15,2,True,0.1542034149169922,0.034665316343307495,False,-0.17307691276073456,0.3617021143436432,1.0
pit_b_224,59,ILSVRC2012_val_00003096.JPEG,predicted,gradcam_signed,0.15,2,True,0.20298480987548828,-0.014525055885314941,False,-0.17005492746829987,0.3913043439388275,1.0
pit_b_224,60,ILSVRC2012_val_00003145.JPEG,predicted,gradcam_signed,0.15,2,True,0.5120906829833984,0.06519375741481781,False,-0.3353937566280365,0.42222222685813904,1.0
pit_b_224,61,ILSVRC2012_val_00003190.JPEG,predicted,gradcam_signed,0.15,2,True,0.3401212692260742,0.049682438373565674,False,0.22554942965507507,0.2549019753932953,1.0
pit_b_224,62,ILSVRC2012_val_00003194.JPEG,predicted,gradcam_signed,0.15,2,True,0.7057924270629883,0.11478735506534576,False,-0.043406590819358826,0.3913043439388275,1.0
pit_b_224,63,ILSVRC2012_val_00003317.JPEG,predicted,gradcam_signed,0.15,2,True,0.5208253860473633,0.12319780886173248,False,0.2946886122226715,0.2075471729040146,1.0
pit_b_224,56,ILSVRC2012_val_00002734.JPEG,predicted,gradcam_signed,0.15,3,True,0.21262454986572266,0.03578028082847595,False,0.3554028868675232,0.18518517911434174,1.0
pit_b_224,57,ILSVRC2012_val_00002815.JPEG,predicted,gradcam_signed,0.15,3,True,0.7192554473876953,0.12077057361602783,False,0.2949633300304413,0.2549019753932953,1.0
pit_b_224,58,ILSVRC2012_val_00002932.JPEG,predicted,gradcam_signed,0.15,3,True,-0.07194328308105469,-0.004102453589439392,False,-0.17307691276073456,0.3617021143436432,1.0
pit_b_224,59,ILSVRC2012_val_00003096.JPEG,predicted,gradcam_signed,0.15,3,True,0.4980807304382324,0.10243651270866394,False,-0.17005492746829987,0.3913043439388275,1.0
pit_b_224,60,ILSVRC2012_val_00003145.JPEG,predicted,gradcam_signed,0.15,3,True,0.12816524505615234,0.01521940529346466,False,-0.3353937566280365,0.42222222685813904,1.0
pit_b_224,61,ILSVRC2012_val_00003190.JPEG,predicted,gradcam_signed,0.15,3,True,0.3714427947998047,0.0554499477148056,False,0.22554942965507507,0.2549019753932953,1.0
pit_b_224,62,ILSVRC2012_val_00003194.JPEG,predicted,gradcam_signed,0.15,3,True,0.3983182907104492,0.047837018966674805,False,-0.043406590819358826,0.3913043439388275,1.0
pit_b_224,63,ILSVRC2012_val_00003317.JPEG,predicted,gradcam_signed,0.15,3,True,0.3113136291503906,0.0503087192773819,False,0.2946886122226715,0.2075471729040146,1.0
pit_b_224,56,ILSVRC2012_val_00002734.JPEG,predicted,gradcam_abs,0.15,0,True,-0.008663177490234375,-0.0004379451274871826,False,0.3554028868675232,0.18518517911434174,1.0
pit_b_224,57,ILSVRC2012_val_00002815.JPEG,predicted,gradcam_abs,0.15,0,True,0.3107185363769531,0.06845138967037201,False,0.2949633300304413,0.2549019753932953,1.0
pit_b_224,58,ILSVRC2012_val_00002932.JPEG,predicted,gradcam_abs,0.15,0,True,-0.16029071807861328,-0.014665797352790833,False,-0.17307691276073456,0.3617021143436432,1.0
pit_b_224,59,ILSVRC2012_val_00003096.JPEG,predicted,gradcam_abs,0.15,0,True,0.3956308364868164,0.017123788595199585,False,-0.17005492746829987,0.3913043439388275,1.0
pit_b_224,60,ILSVRC2012_val_00003145.JPEG,predicted,gradcam_abs,0.15,0,True,0.16125965118408203,0.01693839579820633,False,-0.3353937566280365,0.42222222685813904,1.0
pit_b_224,61,ILSVRC2012_val_00003190.JPEG,predicted,gradcam_abs,0.15,0,True,0.47267723083496094,0.0763978362083435,False,0.22554942965507507,0.2549019753932953,1.0
pit_b_224,62,ILSVRC2012_val_00003194.JPEG,predicted,gradcam_abs,0.15,0,True,0.2912006378173828,0.029126152396202087,False,-0.043406590819358826,0.3913043439388275,1.0
pit_b_224,63,ILSVRC2012_val_00003317.JPEG,predicted,gradcam_abs,0.15,0,True,0.3360557556152344,0.05608494579792023,False,0.2946886122226715,0.2075471729040146,1.0
pit_b_224,56,ILSVRC2012_val_00002734.JPEG,predicted,gradcam_abs,0.15,1,True,0.5694561004638672,0.10089978575706482,False,0.3554028868675232,0.18518517911434174,1.0
pit_b_224,57,ILSVRC2012_val_00002815.JPEG,predicted,gradcam_abs,0.15,1,True,0.32153987884521484,0.049034640192985535,False,0.2949633300304413,0.2549019753932953,1.0
pit_b_224,58,ILSVRC2012_val_00002932.JPEG,predicted,gradcam_abs,0.15,1,True,0.33978843688964844,0.08105321228504181,False,-0.17307691276073456,0.3617021143436432,1.0
pit_b_224,59,ILSVRC2012_val_00003096.JPEG,predicted,gradcam_abs,0.15,1,True,0.4707961082458496,0.04802894592285156,False,-0.17005492746829987,0.3913043439388275,1.0
pit_b_224,60,ILSVRC2012_val_00003145.JPEG,predicted,gradcam_abs,0.15,1,True,0.2570772171020508,0.028340384364128113,False,-0.3353937566280365,0.42222222685813904,1.0
pit_b_224,61,ILSVRC2012_val_00003190.JPEG,predicted,gradcam_abs,0.15,1,True,1.1947622299194336,0.31484201550483704,False,0.22554942965507507,0.2549019753932953,1.0
pit_b_224,62,ILSVRC2012_val_00003194.JPEG,predicted,gradcam_abs,0.15,1,True,0.3278169631958008,0.03921705484390259,False,-0.043406590819358826,0.3913043439388275,1.0
pit_b_224,63,ILSVRC2012_val_00003317.JPEG,predicted,gradcam_abs,0.15,1,True,0.32152652740478516,0.05123238265514374,False,0.2946886122226715,0.2075471729040146,1.0
pit_b_224,56,ILSVRC2012_val_00002734.JPEG,predicted,gradcam_abs,0.15,2,True,0.4296417236328125,0.07628019154071808,False,0.3554028868675232,0.18518517911434174,1.0
pit_b_224,57,ILSVRC2012_val_00002815.JPEG,predicted,gradcam_abs,0.15,2,True,0.47011280059814453,0.0715094804763794,False,0.2949633300304413,0.2549019753932953,1.0
pit_b_224,58,ILSVRC2012_val_00002932.JPEG,predicted,gradcam_abs,0.15,2,True,-0.16671371459960938,-0.03089386224746704,False,-0.17307691276073456,0.3617021143436432,1.0
pit_b_224,59,ILSVRC2012_val_00003096.JPEG,predicted,gradcam_abs,0.15,2,True,0.3874034881591797,0.04231056571006775,False,-0.17005492746829987,0.3913043439388275,1.0
pit_b_224,60,ILSVRC2012_val_00003145.JPEG,predicted,gradcam_abs,0.15,2,True,0.4344310760498047,0.05238020420074463,False,-0.3353937566280365,0.42222222685813904,1.0
pit_b_224,61,ILSVRC2012_val_00003190.JPEG,predicted,gradcam_abs,0.15,2,True,0.9612331390380859,0.19583436846733093,False,0.22554942965507507,0.2549019753932953,1.0
pit_b_224,62,ILSVRC2012_val_00003194.JPEG,predicted,gradcam_abs,0.15,2,True,0.33223819732666016,0.036620110273361206,False,-0.043406590819358826,0.3913043439388275,1.0
pit_b_224,63,ILSVRC2012_val_00003317.JPEG,predicted,gradcam_abs,0.15,2,True,0.1332082748413086,0.02153696119785309,False,0.2946886122226715,0.2075471729040146,1.0
pit_b_224,56,ILSVRC2012_val_00002734.JPEG,predicted,gradcam_abs,0.15,3,True,0.5234899520874023,0.10462196171283722,False,0.3554028868675232,0.18518517911434174,1.0
pit_b_224,57,ILSVRC2012_val_00002815.JPEG,predicted,gradcam_abs,0.15,3,True,0.25882720947265625,0.02746744453907013,False,0.2949633300304413,0.2549019753932953,1.0
pit_b_224,58,ILSVRC2012_val_00002932.JPEG,predicted,gradcam_abs,0.15,3,True,0.16682910919189453,0.03286299109458923,False,-0.17307691276073456,0.3617021143436432,1.0
pit_b_224,59,ILSVRC2012_val_00003096.JPEG,predicted,gradcam_abs,0.15,3,True,0.2634410858154297,0.018093973398208618,False,-0.17005492746829987,0.3913043439388275,1.0
pit_b_224,60,ILSVRC2012_val_00003145.JPEG,predicted,gradcam_abs,0.15,3,True,0.06750297546386719,0.008400209248065948,False,-0.3353937566280365,0.42222222685813904,1.0
pit_b_224,61,ILSVRC2012_val_00003190.JPEG,predicted,gradcam_abs,0.15,3,True,0.9879307746887207,0.20878607034683228,False,0.22554942965507507,0.2549019753932953,1.0
pit_b_224,62,ILSVRC2012_val_00003194.JPEG,predicted,gradcam_abs,0.15,3,True,0.11846256256103516,0.009391441941261292,False,-0.043406590819358826,0.3913043439388275,1.0
pit_b_224,63,ILSVRC2012_val_00003317.JPEG,predicted,gradcam_abs,0.15,3,True,0.1548624038696289,0.02433536946773529,False,0.2946886122226715,0.2075471729040146,1.0
pit_b_224,56,ILSVRC2012_val_00002734.JPEG,predicted,random_uniform,0.15,0,True,-0.17088794708251953,-0.014274045825004578,False,1.0,1.0,1.0
pit_b_224,57,ILSVRC2012_val_00002815.JPEG,predicted,random_uniform,0.15,0,True,-0.05677318572998047,-0.0034066736698150635,False,1.0,1.0,1.0
pit_b_224,58,ILSVRC2012_val_00002932.JPEG,predicted,random_uniform,0.15,0,True,0.41095924377441406,0.1304006725549698,False,1.0,1.0,1.0
pit_b_224,59,ILSVRC2012_val_00003096.JPEG,predicted,random_uniform,0.15,0,True,0.38054370880126953,0.12484538555145264,False,1.0,1.0,1.0
pit_b_224,60,ILSVRC2012_val_00003145.JPEG,predicted,random_uniform,0.15,0,True,0.2968111038208008,0.03506796061992645,False,1.0,1.0,1.0
pit_b_224,61,ILSVRC2012_val_00003190.JPEG,predicted,random_uniform,0.15,0,True,0.4544706344604492,0.07079586386680603,False,1.0,1.0,1.0
pit_b_224,62,ILSVRC2012_val_00003194.JPEG,predicted,random_uniform,0.15,0,True,0.37744808197021484,0.04665246605873108,False,1.0,1.0,1.0
pit_b_224,63,ILSVRC2012_val_00003317.JPEG,predicted,random_uniform,0.15,0,True,0.2929344177246094,0.06752845644950867,False,1.0,1.0,1.0
pit_b_224,56,ILSVRC2012_val_00002734.JPEG,predicted,random_uniform,0.15,1,True,0.16724491119384766,0.02607645094394684,False,1.0,1.0,1.0
pit_b_224,57,ILSVRC2012_val_00002815.JPEG,predicted,random_uniform,0.15,1,True,0.027373313903808594,0.011700093746185303,False,1.0,1.0,1.0
pit_b_224,58,ILSVRC2012_val_00002932.JPEG,predicted,random_uniform,0.15,1,True,0.09794998168945312,0.02919013798236847,False,1.0,1.0,1.0
pit_b_224,59,ILSVRC2012_val_00003096.JPEG,predicted,random_uniform,0.15,1,True,0.183837890625,-0.014301985502243042,False,1.0,1.0,1.0
pit_b_224,60,ILSVRC2012_val_00003145.JPEG,predicted,random_uniform,0.15,1,True,0.2584085464477539,0.028804048895835876,False,1.0,1.0,1.0
pit_b_224,61,ILSVRC2012_val_00003190.JPEG,predicted,random_uniform,0.15,1,True,0.6618928909301758,0.12308427691459656,False,1.0,1.0,1.0
pit_b_224,62,ILSVRC2012_val_00003194.JPEG,predicted,random_uniform,0.15,1,True,0.1425457000732422,0.009699642658233643,False,1.0,1.0,1.0
pit_b_224,63,ILSVRC2012_val_00003317.JPEG,predicted,random_uniform,0.15,1,True,0.45148658752441406,0.08264376223087311,False,1.0,1.0,1.0
pit_b_224,56,ILSVRC2012_val_00002734.JPEG,predicted,random_uniform,0.15,2,True,0.4790029525756836,0.11287176609039307,False,1.0,1.0,1.0
pit_b_224,57,ILSVRC2012_val_00002815.JPEG,predicted,random_uniform,0.15,2,True,-0.0019807815551757812,0.002353295683860779,False,1.0,1.0,1.0
pit_b_224,58,ILSVRC2012_val_00002932.JPEG,predicted,random_uniform,0.15,2,True,0.24239540100097656,0.05248935520648956,False,1.0,1.0,1.0
pit_b_224,59,ILSVRC2012_val_00003096.JPEG,predicted,random_uniform,0.15,2,True,0.2921113967895508,0.025432735681533813,False,1.0,1.0,1.0
pit_b_224,60,ILSVRC2012_val_00003145.JPEG,predicted,random_uniform,0.15,2,True,0.3927774429321289,0.04674346745014191,False,1.0,1.0,1.0
pit_b_224,61,ILSVRC2012_val_00003190.JPEG,predicted,random_uniform,0.15,2,True,0.6485385894775391,0.11427530646324158,False,1.0,1.0,1.0
pit_b_224,62,ILSVRC2012_val_00003194.JPEG,predicted,random_uniform,0.15,2,True,0.1617288589477539,0.011864438652992249,False,1.0,1.0,1.0
pit_b_224,63,ILSVRC2012_val_00003317.JPEG,predicted,random_uniform,0.15,2,True,0.29058074951171875,0.04957786202430725,False,1.0,1.0,1.0
pit_b_224,56,ILSVRC2012_val_00002734.JPEG,predicted,random_uniform,0.15,3,True,0.3394756317138672,0.06391720473766327,False,1.0,1.0,1.0
pit_b_224,57,ILSVRC2012_val_00002815.JPEG,predicted,random_uniform,0.15,3,True,0.2554597854614258,0.03555023670196533,False,1.0,1.0,1.0
pit_b_224,58,ILSVRC2012_val_00002932.JPEG,predicted,random_uniform,0.15,3,True,-0.030406951904296875,-0.0012931972742080688,False,1.0,1.0,1.0
pit_b_224,59,ILSVRC2012_val_00003096.JPEG,predicted,random_uniform,0.15,3,True,0.3729114532470703,0.06519055366516113,False,1.0,1.0,1.0
pit_b_224,60,ILSVRC2012_val_00003145.JPEG,predicted,random_uniform,0.15,3,True,0.14983081817626953,0.01648743450641632,False,1.0,1.0,1.0
pit_b_224,61,ILSVRC2012_val_00003190.JPEG,predicted,random_uniform,0.15,3,True,0.7789459228515625,0.1643042266368866,False,1.0,1.0,1.0
pit_b_224,62,ILSVRC2012_val_00003194.JPEG,predicted,random_uniform,0.15,3,True,0.10797119140625,0.0036808550357818604,False,1.0,1.0,1.0
pit_b_224,63,ILSVRC2012_val_00003317.JPEG,predicted,random_uniform,0.15,3,True,0.0316314697265625,0.0036437958478927612,False,1.0,1.0,1.0
