source_model,target_model,condition,sample_index,image_name,target_clean_correct,weight_entropy,raw_target_gradient_cosine,processed_target_gradient_cosine,raw_target_sign_agreement,processed_target_sign_agreement,one_step_target_logit_drop,one_step_target_loss_increase
visformer_small,vit_base_patch16_224,uniform,0,ILSVRC2012_val_00037758.JPEG,True,2.995732069015503,0.02556716650724411,0.024960096925497055,0.5053079724311829,0.5047167539596558,0.149566650390625,0.02631218731403351
visformer_small,vit_base_patch16_224,uniform,1,ILSVRC2012_val_00037916.JPEG,True,2.995732069015503,0.023438703268766403,0.024227501824498177,0.5091544389724731,0.5089617967605591,0.4177217483520508,0.05157087743282318
visformer_small,vit_base_patch16_224,phase_weighted,0,ILSVRC2012_val_00037758.JPEG,True,2.8913774490356445,0.02539563551545143,0.024746697396039963,0.5044044852256775,0.5044975280761719,0.15949344635009766,0.030532240867614746
visformer_small,vit_base_patch16_224,phase_weighted,1,ILSVRC2012_val_00037916.JPEG,True,2.8600850105285645,0.025615595281124115,0.026429567486047745,0.5084568858146667,0.508808970451355,0.3912315368652344,0.048544466495513916
visformer_small,vit_base_patch16_224,flip_weighted,0,ILSVRC2012_val_00037758.JPEG,True,2.891493320465088,0.017559949308633804,0.01700911670923233,0.5029695630073547,0.5037268996238708,0.1823406219482422,0.031393930315971375
visformer_small,vit_base_patch16_224,flip_weighted,1,ILSVRC2012_val_00037916.JPEG,True,2.9187068939208984,0.02387212961912155,0.02470335178077221,0.5085964202880859,0.5092275142669678,0.3528318405151367,0.042962491512298584
visformer_small,vit_base_patch16_224,consensus_weighted,0,ILSVRC2012_val_00037758.JPEG,True,2.856785535812378,0.020095910876989365,0.019411226734519005,0.5036737322807312,0.5040457844734192,0.19976043701171875,0.03651726245880127
visformer_small,vit_base_patch16_224,consensus_weighted,1,ILSVRC2012_val_00037916.JPEG,True,2.8860621452331543,0.0243383701890707,0.025135591626167297,0.5086827874183655,0.5088887214660645,0.32364654541015625,0.04005706310272217
visformer_small,vit_base_patch16_224,shuffled_semantic_weighted,0,ILSVRC2012_val_00037758.JPEG,True,2.913027286529541,0.024049900472164154,0.023549996316432953,0.5061782598495483,0.5059989094734192,0.24283790588378906,0.043016478419303894
visformer_small,vit_base_patch16_224,shuffled_semantic_weighted,1,ILSVRC2012_val_00037916.JPEG,True,2.8559532165527344,0.02271115407347679,0.023858297616243362,0.5095663070678711,0.5095928907394409,0.44738101959228516,0.056804388761520386
visformer_small,vit_base_patch16_224,permuted_weight,0,ILSVRC2012_val_00037758.JPEG,True,2.8567850589752197,0.025680061429739,0.025203580036759377,0.5049359798431396,0.5057265162467957,0.16058635711669922,0.028957828879356384
visformer_small,vit_base_patch16_224,permuted_weight,1,ILSVRC2012_val_00037916.JPEG,True,2.8860621452331543,0.023168258368968964,0.02409551665186882,0.5084435939788818,0.5084568858146667,0.4114799499511719,0.051577240228652954
visformer_small,vit_base_patch16_224,consensus_topk,0,ILSVRC2012_val_00037758.JPEG,True,1.6094379425048828,0.011592322029173374,0.011141480877995491,0.5029031038284302,0.5028101205825806,0.05912017822265625,0.011885806918144226
visformer_small,vit_base_patch16_224,consensus_topk,1,ILSVRC2012_val_00037916.JPEG,True,1.6094379425048828,0.023484185338020325,0.023987220600247383,0.5069687962532043,0.5077593326568604,0.4139833450317383,0.05111519992351532
visformer_small,vit_base_patch16_224,uniform,2,ILSVRC2012_val_00037926.JPEG,True,2.995732069015503,-0.00019987300038337708,-0.0006213064771145582,0.5009167790412903,0.5016010403633118,0.12131690979003906,0.01660338044166565
visformer_small,vit_base_patch16_224,uniform,3,ILSVRC2012_val_00037929.JPEG,True,2.995732069015503,-0.002738730749115348,-0.002911181654781103,0.4995017647743225,0.49948182702064514,0.06245231628417969,0.008962705731391907
visformer_small,vit_base_patch16_224,phase_weighted,2,ILSVRC2012_val_00037926.JPEG,True,2.756031036376953,0.002603867556899786,0.0024225921370089054,0.5007241368293762,0.5004916191101074,0.11350059509277344,0.014909297227859497
visformer_small,vit_base_patch16_224,phase_weighted,3,ILSVRC2012_val_00037929.JPEG,True,2.7936346530914307,-0.004075905308127403,-0.004121528007090092,0.4986846446990967,0.49870455265045166,0.007587432861328125,0.003314197063446045
visformer_small,vit_base_patch16_224,flip_weighted,2,ILSVRC2012_val_00037926.JPEG,True,2.9037511348724365,0.0012970052193850279,0.0010507134720683098,0.5011559128761292,0.501348614692688,0.12087249755859375,0.01617443561553955
visformer_small,vit_base_patch16_224,flip_weighted,3,ILSVRC2012_val_00037929.JPEG,True,2.9298624992370605,-0.0012922618770971894,-0.0014532272471114993,0.5000132918357849,0.49982061982154846,0.07063770294189453,0.010271608829498291
visformer_small,vit_base_patch16_224,consensus_weighted,2,ILSVRC2012_val_00037926.JPEG,True,2.830446243286133,0.0024240806233137846,0.0022119651548564434,0.5009433627128601,0.5010895133018494,0.13016605377197266,0.017099887132644653
visformer_small,vit_base_patch16_224,consensus_weighted,3,ILSVRC2012_val_00037929.JPEG,True,2.8848724365234375,-0.002770409919321537,-0.002834421582520008,0.49906328320503235,0.49864476919174194,-0.02436065673828125,-0.0007328465580940247
visformer_small,vit_base_patch16_224,shuffled_semantic_weighted,2,ILSVRC2012_val_00037926.JPEG,True,2.8762922286987305,-0.003913687076419592,-0.004171428736299276,0.5004716515541077,0.5010363459587097,0.10714244842529297,0.013907626271247864
visformer_small,vit_base_patch16_224,shuffled_semantic_weighted,3,ILSVRC2012_val_00037929.JPEG,True,2.872448205947876,-0.003682894865050912,-0.0036182126495987177,0.49948182702064514,0.49924930930137634,0.03392982482910156,0.005217745900154114
visformer_small,vit_base_patch16_224,permuted_weight,2,ILSVRC2012_val_00037926.JPEG,True,2.830446243286133,0.0006455723196268082,0.00022691383492201567,0.5016143321990967,0.5018135905265808,0.11686515808105469,0.015653982758522034
visformer_small,vit_base_patch16_224,permuted_weight,3,ILSVRC2012_val_00037929.JPEG,True,2.8848721981048584,-0.001056208391673863,-0.0009944644989445806,0.4997342824935913,0.49948182702064514,0.03933238983154297,0.00606478750705719
visformer_small,vit_base_patch16_224,consensus_topk,2,ILSVRC2012_val_00037926.JPEG,True,1.6094379425048828,0.0027667945250868797,0.002912582363933325,0.5021856427192688,0.5026838779449463,0.1617889404296875,0.0214921236038208
visformer_small,vit_base_patch16_224,consensus_topk,3,ILSVRC2012_val_00037929.JPEG,True,1.6094379425048828,-0.002764665987342596,-0.002852986566722393,0.498046875,0.49788743257522583,-0.011217117309570312,0.0016537904739379883
visformer_small,vit_base_patch16_224,uniform,4,ILSVRC2012_val_00038033.JPEG,True,2.995732069015503,-0.01994386687874794,-0.021473150700330734,0.4954427182674408,0.4958346486091614,-0.011641502380371094,-0.0007864385843276978
visformer_small,vit_base_patch16_224,uniform,5,ILSVRC2012_val_00038096.JPEG,True,2.995732069015503,0.010281599126756191,0.01205802895128727,0.5105030536651611,0.5110809803009033,0.2143406867980957,0.10904568433761597
visformer_small,vit_base_patch16_224,phase_weighted,4,ILSVRC2012_val_00038033.JPEG,True,2.857316255569458,-0.018694162368774414,-0.02019204944372177,0.4967115819454193,0.4965720772743225,0.005108833312988281,0.0009484589099884033
visformer_small,vit_base_patch16_224,phase_weighted,5,ILSVRC2012_val_00038096.JPEG,True,2.7995338439941406,0.0074097272008657455,0.009238936938345432,0.508583128452301,0.509353756904602,0.1970515251159668,0.09587854146957397
visformer_small,vit_base_patch16_224,flip_weighted,4,ILSVRC2012_val_00038033.JPEG,True,2.9088501930236816,-0.016275493428111076,-0.017717987298965454,0.49519026279449463,0.4949178993701935,-0.010382652282714844,-0.0004523470997810364
visformer_small,vit_base_patch16_224,flip_weighted,5,ILSVRC2012_val_00038096.JPEG,True,2.913163900375366,0.014165181666612625,0.015903692692518234,0.511492908000946,0.511532723903656,0.23121118545532227,0.12541162967681885
visformer_small,vit_base_patch16_224,consensus_weighted,4,ILSVRC2012_val_00038033.JPEG,True,2.8637609481811523,-0.015392865054309368,-0.016980350017547607,0.4960339665412903,0.49645912647247314,0.0034837722778320312,0.001012951135635376
visformer_small,vit_base_patch16_224,consensus_weighted,5,ILSVRC2012_val_00038096.JPEG,True,2.8252012729644775,0.00996963307261467,0.01184280775487423,0.509373664855957,0.5100446343421936,0.24094295501708984,0.11653316020965576
visformer_small,vit_base_patch16_224,shuffled_semantic_weighted,4,ILSVRC2012_val_00038033.JPEG,True,2.8114237785339355,-0.022119715809822083,-0.02377178519964218,0.4958612322807312,0.49546927213668823,0.0023851394653320312,0.0005951151251792908
visformer_small,vit_base_patch16_224,shuffled_semantic_weighted,5,ILSVRC2012_val_00038096.JPEG,True,2.872849941253662,0.005751234479248524,0.007797639816999435,0.5085698366165161,0.5096061825752258,0.1755809783935547,0.08318263292312622
visformer_small,vit_base_patch16_224,permuted_weight,4,ILSVRC2012_val_00038033.JPEG,True,2.8637611865997314,-0.022633951157331467,-0.02390996366739273,0.4951504170894623,0.49588117003440857,-0.0015268325805664062,7.067620754241943e-05
visformer_small,vit_base_patch16_224,permuted_weight,5,ILSVRC2012_val_00038096.JPEG,True,2.8252010345458984,0.004084236919879913,0.006350446492433548,0.5095264911651611,0.5111673474311829,0.20367002487182617,0.098065584897995
visformer_small,vit_base_patch16_224,consensus_topk,4,ILSVRC2012_val_00038033.JPEG,True,1.6094379425048828,-0.004304545000195503,-0.005980741698294878,0.49714338779449463,0.4974157512187958,-0.018487930297851562,-0.0012174919247627258
visformer_small,vit_base_patch16_224,consensus_topk,5,ILSVRC2012_val_00038096.JPEG,True,1.6094379425048828,0.009011240676045418,0.01049708854407072,0.5079918503761292,0.5082775354385376,0.27953243255615234,0.1337975263595581
visformer_small,vit_base_patch16_224,uniform,6,ILSVRC2012_val_00038110.JPEG,True,2.995732069015503,-0.00014091632328927517,-0.00036263593938201666,0.49867135286331177,0.4996612071990967,0.26685142517089844,0.025753214955329895
visformer_small,vit_base_patch16_224,uniform,7,ILSVRC2012_val_00038142.JPEG,True,2.995732069015503,0.005231950432062149,0.005770633462816477,0.4979671537876129,0.4986049234867096,-0.15864849090576172,-0.017575502395629883
visformer_small,vit_base_patch16_224,phase_weighted,6,ILSVRC2012_val_00038110.JPEG,True,2.76584529876709,-0.0020032869651913643,-0.002134165959432721,0.49897029995918274,0.499794065952301,0.20084190368652344,0.018945947289466858
visformer_small,vit_base_patch16_224,phase_weighted,7,ILSVRC2012_val_00038142.JPEG,True,2.800912380218506,0.0016627880977466702,0.0017915817443281412,0.4982461631298065,0.4983923137187958,-0.20110416412353516,-0.019933626055717468
visformer_small,vit_base_patch16_224,flip_weighted,6,ILSVRC2012_val_00038110.JPEG,True,2.839103937149048,0.00033420207910239697,9.981240145862103e-05,0.4983524680137634,0.4988042116165161,0.2535228729248047,0.02473219484090805
visformer_small,vit_base_patch16_224,flip_weighted,7,ILSVRC2012_val_00038142.JPEG,True,2.8785271644592285,0.007005331572145224,0.007677992340177298,0.4985916316509247,0.4990367293357849,-0.14224815368652344,-0.01615537703037262
visformer_small,vit_base_patch16_224,consensus_weighted,6,ILSVRC2012_val_00038110.JPEG,True,2.674469232559204,-0.0015405988087877631,-0.0016574054025113583,0.5004185438156128,0.5003653764724731,0.2096109390258789,0.019950784742832184
visformer_small,vit_base_patch16_224,consensus_weighted,7,ILSVRC2012_val_00038142.JPEG,True,2.9049930572509766,0.0040150294080376625,0.004452066030353308,0.49765491485595703,0.498252809047699,-0.18070220947265625,-0.018994033336639404
visformer_small,vit_base_patch16_224,shuffled_semantic_weighted,6,ILSVRC2012_val_00038110.JPEG,True,2.8547146320343018,-0.00047301873564720154,-0.0007264286978170276,0.4978010654449463,0.49816644191741943,0.21865272521972656,0.02101646363735199
visformer_small,vit_base_patch16_224,shuffled_semantic_weighted,7,ILSVRC2012_val_00038142.JPEG,True,2.8475351333618164,0.00347143760882318,0.0037694491911679506,0.4990101456642151,0.4989769458770752,-0.18482685089111328,-0.019646763801574707
visformer_small,vit_base_patch16_224,permuted_weight,6,ILSVRC2012_val_00038110.JPEG,True,2.674468755722046,0.007124051917344332,0.007237778045237064,0.5016143321990967,0.5018335580825806,0.2882566452026367,0.028202928602695465
visformer_small,vit_base_patch16_224,permuted_weight,7,ILSVRC2012_val_00038142.JPEG,True,2.9049930572509766,0.006653963588178158,0.007381852716207504,0.49785423278808594,0.4983059763908386,-0.1828155517578125,-0.02026340365409851
visformer_small,vit_base_patch16_224,consensus_topk,6,ILSVRC2012_val_00038110.JPEG,True,1.6094379425048828,-0.0004482914227992296,-0.0006740782409906387,0.4970437288284302,0.49760177731513977,0.16316986083984375,0.015385530889034271
visformer_small,vit_base_patch16_224,consensus_topk,7,ILSVRC2012_val_00038142.JPEG,True,1.6094379425048828,-0.0021260534413158894,-0.0018847942119464278,0.4971035420894623,0.4980136454105377,-0.16610336303710938,-0.02018342912197113
visformer_small,vit_base_patch16_224,uniform,8,ILSVRC2012_val_00038157.JPEG,True,2.995732069015503,0.017716020345687866,0.017890702933073044,0.5053677558898926,0.505088746547699,0.11877727508544922,0.010960735380649567
visformer_small,vit_base_patch16_224,uniform,9,ILSVRC2012_val_00038221.JPEG,True,2.995732069015503,-0.002472338266670704,-0.002758288523182273,0.5015478730201721,0.5013353228569031,0.13303184509277344,0.02105697989463806
visformer_small,vit_base_patch16_224,phase_weighted,8,ILSVRC2012_val_00038157.JPEG,True,2.904956579208374,0.018388833850622177,0.01845155842602253,0.5050090551376343,0.5046237111091614,0.15919780731201172,0.01498430222272873
visformer_small,vit_base_patch16_224,phase_weighted,9,ILSVRC2012_val_00038221.JPEG,True,2.8630340099334717,-0.0008692583069205284,-0.00106115045491606,0.4997342824935913,0.5001262426376343,0.1473979949951172,0.023686997592449188
visformer_small,vit_base_patch16_224,flip_weighted,8,ILSVRC2012_val_00038157.JPEG,True,2.927790880203247,0.017509667202830315,0.017826098948717117,0.5055670738220215,0.5049957633018494,0.10418987274169922,0.010174036026000977
visformer_small,vit_base_patch16_224,flip_weighted,9,ILSVRC2012_val_00038221.JPEG,True,2.9402153491973877,0.0005787350237369537,0.0004933944437652826,0.5010097622871399,0.5007307529449463,0.1918497085571289,0.027434751391410828
visformer_small,vit_base_patch16_224,consensus_weighted,8,ILSVRC2012_val_00038157.JPEG,True,2.9174065589904785,0.01800651103258133,0.018176894634962082,0.504862904548645,0.5052282810211182,0.14215373992919922,0.01352781057357788
visformer_small,vit_base_patch16_224,consensus_weighted,9,ILSVRC2012_val_00038221.JPEG,True,2.9111664295196533,-0.00018593971617519855,-0.00033097772393375635,0.49952831864356995,0.5004849433898926,0.1736001968383789,0.02845977246761322
visformer_small,vit_base_patch16_224,shuffled_semantic_weighted,8,ILSVRC2012_val_00038157.JPEG,True,2.874413251876831,0.01937471702694893,0.019267894327640533,0.5056002736091614,0.505108654499054,0.12617778778076172,0.012149207293987274
visformer_small,vit_base_patch16_224,shuffled_semantic_weighted,9,ILSVRC2012_val_00038221.JPEG,True,2.9068922996520996,-0.0010418451856821775,-0.0012150270631536841,0.5019863247871399,0.5018999576568604,0.22642898559570312,0.029558300971984863
visformer_small,vit_base_patch16_224,permuted_weight,8,ILSVRC2012_val_00038157.JPEG,True,2.9174065589904785,0.017886653542518616,0.01798534207046032,0.5049160122871399,0.5049625039100647,0.1324596405029297,0.012533031404018402
visformer_small,vit_base_patch16_224,permuted_weight,9,ILSVRC2012_val_00038221.JPEG,True,2.9111666679382324,-0.00242034625262022,-0.0030116294510662556,0.5003454685211182,0.5003321766853333,0.17014122009277344,0.021883130073547363
visformer_small,vit_base_patch16_224,consensus_topk,8,ILSVRC2012_val_00038157.JPEG,True,1.6094379425048828,0.017028938978910446,0.01669810712337494,0.5048695206642151,0.50390625,0.09425735473632812,0.00913594663143158
visformer_small,vit_base_patch16_224,consensus_topk,9,ILSVRC2012_val_00038221.JPEG,True,1.6094379425048828,0.008617458865046501,0.008599032647907734,0.49828603863716125,0.49847203493118286,0.1255788803100586,0.022288531064987183
visformer_small,vit_base_patch16_224,uniform,10,ILSVRC2012_val_00038236.JPEG,True,2.995732069015503,-0.00044403644278645515,0.00043385475873947144,0.5040988922119141,0.5053810477256775,0.20534706115722656,0.024754300713539124
visformer_small,vit_base_patch16_224,uniform,11,ILSVRC2012_val_00038251.JPEG,True,2.995732069015503,0.012651145458221436,0.013251173309981823,0.5100313425064087,0.5104233026504517,0.2602834701538086,0.1023879200220108
visformer_small,vit_base_patch16_224,phase_weighted,10,ILSVRC2012_val_00038236.JPEG,True,2.849273204803467,0.0011996980756521225,0.0020954562351107597,0.5029894709587097,0.5044443607330322,0.20123577117919922,0.024815648794174194
visformer_small,vit_base_patch16_224,phase_weighted,11,ILSVRC2012_val_00038251.JPEG,True,2.811284065246582,0.009234849363565445,0.009374759159982204,0.5097390413284302,0.5099582672119141,0.10708427429199219,0.05602441728115082
visformer_small,vit_base_patch16_224,flip_weighted,10,ILSVRC2012_val_00038236.JPEG,True,2.9252419471740723,-0.0012379605323076248,-0.00032725417986512184,0.5044642686843872,0.5057862997055054,0.18326759338378906,0.02267301082611084
visformer_small,vit_base_patch16_224,flip_weighted,11,ILSVRC2012_val_00038251.JPEG,True,2.8761608600616455,0.009401483461260796,0.009797139093279839,0.5105229616165161,0.5108418464660645,0.17864513397216797,0.08876986801624298
visformer_small,vit_base_patch16_224,consensus_weighted,10,ILSVRC2012_val_00038236.JPEG,True,2.887279510498047,0.00016257818788290024,0.0010511684231460094,0.5035474896430969,0.5045772194862366,0.19845867156982422,0.02345097064971924
visformer_small,vit_base_patch16_224,consensus_weighted,11,ILSVRC2012_val_00038251.JPEG,True,2.7796530723571777,0.008239373564720154,0.008357586339116096,0.5098851919174194,0.5100313425064087,0.14946556091308594,0.06455764174461365
visformer_small,vit_base_patch16_224,shuffled_semantic_weighted,10,ILSVRC2012_val_00038236.JPEG,True,2.898571729660034,0.0010562874376773834,0.0018462464213371277,0.5037534832954407,0.5047300457954407,0.2323160171508789,0.02868962287902832
visformer_small,vit_base_patch16_224,shuffled_semantic_weighted,11,ILSVRC2012_val_00038251.JPEG,True,2.8963027000427246,0.011986363679170609,0.012599743902683258,0.5093005895614624,0.5109149217605591,0.2837553024291992,0.11470894515514374
visformer_small,vit_base_patch16_224,permuted_weight,10,ILSVRC2012_val_00038236.JPEG,True,2.887279510498047,-7.35744833946228e-05,0.0007332069799304008,0.503514289855957,0.5043447017669678,0.19145870208740234,0.023250877857208252
visformer_small,vit_base_patch16_224,permuted_weight,11,ILSVRC2012_val_00038251.JPEG,True,2.7796530723571777,0.014076941646635532,0.014864439144730568,0.5102838277816772,0.5108883380889893,0.2398853302001953,0.08691234886646271
visformer_small,vit_base_patch16_224,consensus_topk,10,ILSVRC2012_val_00038236.JPEG,True,1.6094379425048828,-0.0011183754540979862,-0.00021013803780078888,0.5016940236091614,0.5022720098495483,0.16373634338378906,0.01969355344772339
visformer_small,vit_base_patch16_224,consensus_topk,11,ILSVRC2012_val_00038251.JPEG,True,1.6094379425048828,0.006554809864610434,0.006223073694854975,0.508038341999054,0.5086562037467957,0.03998279571533203,0.030266255140304565
visformer_small,vit_base_patch16_224,uniform,12,ILSVRC2012_val_00038413.JPEG,True,2.995732069015503,0.02006665989756584,0.02121918275952339,0.5073275566101074,0.5079187750816345,0.21251487731933594,0.03814639151096344
visformer_small,vit_base_patch16_224,uniform,13,ILSVRC2012_val_00038427.JPEG,True,2.995732069015503,0.002301344182342291,0.0024214282166212797,0.5043247938156128,0.5036538243293762,0.13078975677490234,0.05446873605251312
visformer_small,vit_base_patch16_224,phase_weighted,12,ILSVRC2012_val_00038413.JPEG,True,2.667839288711548,0.03249199688434601,0.034011587500572205,0.5066764950752258,0.5080716013908386,0.15471649169921875,0.020572200417518616
visformer_small,vit_base_patch16_224,phase_weighted,13,ILSVRC2012_val_00038427.JPEG,True,2.837087392807007,0.0054794615134596825,0.005651503335684538,0.5057929158210754,0.5054142475128174,0.05879497528076172,0.05089922249317169
visformer_small,vit_base_patch16_224,flip_weighted,12,ILSVRC2012_val_00038413.JPEG,True,2.9104654788970947,0.024775413796305656,0.025931360200047493,0.5069820880889893,0.5083639025688171,0.12497329711914062,0.029059961438179016
visformer_small,vit_base_patch16_224,flip_weighted,13,ILSVRC2012_val_00038427.JPEG,True,2.8763246536254883,0.0002736395690590143,0.0004177010850980878,0.5037401914596558,0.5032618641853333,0.17424964904785156,0.0698322206735611
visformer_small,vit_base_patch16_224,consensus_weighted,12,ILSVRC2012_val_00038413.JPEG,True,2.717970132827759,0.03239985182881355,0.03386187553405762,0.5066233277320862,0.5075666904449463,0.1562509536743164,0.02138395607471466
visformer_small,vit_base_patch16_224,consensus_weighted,13,ILSVRC2012_val_00038427.JPEG,True,2.8865389823913574,0.00468014320358634,0.004904485307633877,0.5056933164596558,0.5052880644798279,0.15233898162841797,0.05965064465999603
visformer_small,vit_base_patch16_224,shuffled_semantic_weighted,12,ILSVRC2012_val_00038413.JPEG,True,2.94168758392334,0.017766091972589493,0.019079716876149178,0.5075666904449463,0.5083506107330322,0.14724254608154297,0.033916473388671875
visformer_small,vit_base_patch16_224,shuffled_semantic_weighted,13,ILSVRC2012_val_00038427.JPEG,True,2.4961800575256348,0.006871274672448635,0.0052931951358914375,0.5028898119926453,0.5030625462532043,-0.0051174163818359375,0.047970548272132874
visformer_small,vit_base_patch16_224,permuted_weight,12,ILSVRC2012_val_00038413.JPEG,True,2.717970132827759,0.013075119815766811,0.014358194544911385,0.5064173936843872,0.5073474645614624,0.0041599273681640625,0.03245587646961212
visformer_small,vit_base_patch16_224,permuted_weight,13,ILSVRC2012_val_00038427.JPEG,True,2.8865392208099365,-0.0005984997842460871,-0.0008255247958004475,0.5039859414100647,0.503155529499054,0.14508533477783203,0.06134219467639923
visformer_small,vit_base_patch16_224,consensus_topk,12,ILSVRC2012_val_00038413.JPEG,True,1.6094379425048828,0.0403081551194191,0.04187444970011711,0.5069090127944946,0.5076530575752258,0.15430831909179688,0.02099229395389557
visformer_small,vit_base_patch16_224,consensus_topk,13,ILSVRC2012_val_00038427.JPEG,True,1.6094379425048828,0.0125901959836483,0.011676321737468243,0.5057331323623657,0.5057398080825806,0.14359664916992188,0.07518939673900604
visformer_small,vit_base_patch16_224,uniform,14,ILSVRC2012_val_00038546.JPEG,True,2.995732069015503,0.004249155521392822,0.004873722791671753,0.5094534158706665,0.5098387002944946,0.6979713439941406,0.16783586144447327
visformer_small,vit_base_patch16_224,uniform,15,ILSVRC2012_val_00038597.JPEG,True,2.995732069015503,0.014112652279436588,0.014487437903881073,0.5033947229385376,0.5036604404449463,0.21452999114990234,0.03782683610916138
visformer_small,vit_base_patch16_224,phase_weighted,14,ILSVRC2012_val_00038546.JPEG,True,2.7471909523010254,0.006733679678291082,0.007599209900945425,0.5095928907394409,0.510330319404602,0.7268819808959961,0.16733765602111816
visformer_small,vit_base_patch16_224,phase_weighted,15,ILSVRC2012_val_00038597.JPEG,True,2.913738489151001,0.0100351981818676,0.010471481829881668,0.5021856427192688,0.5021324753761292,0.17805862426757812,0.030042141675949097
visformer_small,vit_base_patch16_224,flip_weighted,14,ILSVRC2012_val_00038546.JPEG,True,2.8912181854248047,0.0063337418250739574,0.007182494271546602,0.5092540979385376,0.5097191333770752,0.7064924240112305,0.17442896962165833
visformer_small,vit_base_patch16_224,flip_weighted,15,ILSVRC2012_val_00038597.JPEG,True,2.8781182765960693,0.012202783487737179,0.012652185745537281,0.5018933415412903,0.5026108026504517,0.1280536651611328,0.02239888906478882
visformer_small,vit_base_patch16_224,consensus_weighted,14,ILSVRC2012_val_00038546.JPEG,True,2.788759469985962,0.0066669536754488945,0.007586710155010223,0.509971559047699,0.5096460580825806,0.6956386566162109,0.1551806926727295
visformer_small,vit_base_patch16_224,consensus_weighted,15,ILSVRC2012_val_00038597.JPEG,True,2.867098569869995,0.00965256616473198,0.010115399956703186,0.5013618469238281,0.502159059047699,0.16135597229003906,0.027248427271842957
visformer_small,vit_base_patch16_224,shuffled_semantic_weighted,14,ILSVRC2012_val_00038546.JPEG,True,2.8435277938842773,0.005087224766612053,0.005791449453681707,0.510516345500946,0.5104830861091614,0.647852897644043,0.15647315979003906
visformer_small,vit_base_patch16_224,shuffled_semantic_weighted,15,ILSVRC2012_val_00038597.JPEG,True,2.9035987854003906,0.013350216671824455,0.01390509307384491,0.5024380683898926,0.5026108026504517,0.17589378356933594,0.029713213443756104
visformer_small,vit_base_patch16_224,permuted_weight,14,ILSVRC2012_val_00038546.JPEG,True,2.788759469985962,0.0016341786831617355,0.002264938084408641,0.5089418292045593,0.5090946555137634,0.7186698913574219,0.17857712507247925
visformer_small,vit_base_patch16_224,permuted_weight,15,ILSVRC2012_val_00038597.JPEG,True,2.867098331451416,0.01635821908712387,0.016779009252786636,0.503321647644043,0.5035408735275269,0.14797401428222656,0.025058969855308533
visformer_small,vit_base_patch16_224,consensus_topk,14,ILSVRC2012_val_00038546.JPEG,True,1.6094379425048828,0.005230399779975414,0.006794448010623455,0.5088156461715698,0.5089352130889893,0.5391082763671875,0.1280232071876526
visformer_small,vit_base_patch16_224,consensus_topk,15,ILSVRC2012_val_00038597.JPEG,True,1.6094379425048828,0.00804790761321783,0.008522164076566696,0.5000929832458496,0.5006111860275269,0.11599159240722656,0.024499282240867615
visformer_small,vit_base_patch16_224,uniform,16,ILSVRC2012_val_00038607.JPEG,True,2.995732069015503,0.0069641415029764175,0.00783996656537056,0.5034611225128174,0.5030957460403442,0.027565956115722656,0.005359619855880737
visformer_small,vit_base_patch16_224,uniform,17,ILSVRC2012_val_00038678.JPEG,True,2.995732069015503,-0.0006830130005255342,-0.0009003716986626387,0.5020262002944946,0.5024181604385376,5.91278076171875e-05,0.004943251609802246
visformer_small,vit_base_patch16_224,phase_weighted,16,ILSVRC2012_val_00038607.JPEG,True,2.9318320751190186,0.007206815294921398,0.007927500642836094,0.5032817721366882,0.5036338567733765,0.06477737426757812,0.01171015202999115
visformer_small,vit_base_patch16_224,phase_weighted,17,ILSVRC2012_val_00038678.JPEG,True,2.9248337745666504,-0.0009337951196357608,-0.001174515811726451,0.5018667578697205,0.5019996166229248,-0.009236335754394531,0.0023093968629837036
visformer_small,vit_base_patch16_224,flip_weighted,16,ILSVRC2012_val_00038607.JPEG,True,2.8874168395996094,0.0033320740330964327,0.0041109067387878895,0.5027968287467957,0.5027104616165161,0.016112327575683594,0.003898799419403076
visformer_small,vit_base_patch16_224,flip_weighted,17,ILSVRC2012_val_00038678.JPEG,True,2.921719789505005,-0.0014116992242634296,-0.0014595277607440948,0.5017405152320862,0.5024713277816772,-0.042563438415527344,-0.002105206251144409
visformer_small,vit_base_patch16_224,consensus_weighted,16,ILSVRC2012_val_00038607.JPEG,True,2.9064135551452637,0.005406687967479229,0.006114106625318527,0.5030957460403442,0.5030625462532043,0.020951271057128906,0.004858195781707764
visformer_small,vit_base_patch16_224,consensus_weighted,17,ILSVRC2012_val_00038678.JPEG,True,2.9320640563964844,-0.0011362419463694096,-0.0013024526415392756,0.502159059047699,0.5020926594734192,-0.0209197998046875,0.00011837482452392578
visformer_small,vit_base_patch16_224,shuffled_semantic_weighted,16,ILSVRC2012_val_00038607.JPEG,True,2.874368667602539,0.005102640017867088,0.006125220563262701,0.5020594000816345,0.5021524429321289,0.03704357147216797,0.007016211748123169
visformer_small,vit_base_patch16_224,shuffled_semantic_weighted,17,ILSVRC2012_val_00038678.JPEG,True,2.8441390991210938,-0.0019305392634123564,-0.0018609361723065376,0.5010895133018494,0.5011957883834839,-0.01881885528564453,0.0024660229682922363
visformer_small,vit_base_patch16_224,permuted_weight,16,ILSVRC2012_val_00038607.JPEG,True,2.9064137935638428,0.008147194981575012,0.008771922439336777,0.5026240944862366,0.5032884478569031,0.038123130798339844,0.00664190948009491
visformer_small,vit_base_patch16_224,permuted_weight,17,ILSVRC2012_val_00038678.JPEG,True,2.9320638179779053,-0.0008756130700930953,-0.0009715310879983008,0.5017604827880859,0.5020594000816345,-0.07257366180419922,-0.006523191928863525
visformer_small,vit_base_patch16_224,consensus_topk,16,ILSVRC2012_val_00038607.JPEG,True,1.6094379425048828,0.0006377971731126308,0.0012143818894401193,0.5010097622871399,0.5008038282394409,0.04524040222167969,0.009363576769828796
visformer_small,vit_base_patch16_224,consensus_topk,17,ILSVRC2012_val_00038678.JPEG,True,1.6094379425048828,-0.0012886193580925465,-0.0013595444615930319,0.5015279650688171,0.5022255182266235,-0.026579856872558594,0.002150610089302063
visformer_small,vit_base_patch16_224,uniform,18,ILSVRC2012_val_00038705.JPEG,True,2.995732069015503,0.01515278872102499,0.0189097598195076,0.4951504170894623,0.49563536047935486,0.062896728515625,0.004642575979232788
visformer_small,vit_base_patch16_224,uniform,19,ILSVRC2012_val_00038708.JPEG,True,2.995732069015503,0.024063024669885635,0.02602969855070114,0.5012755393981934,0.5013818144798279,0.2129068374633789,0.04220147430896759
visformer_small,vit_base_patch16_224,phase_weighted,18,ILSVRC2012_val_00038705.JPEG,True,2.8960752487182617,0.004914911463856697,0.008994264528155327,0.4946986734867096,0.4956884980201721,0.11912250518798828,0.009036742150783539
visformer_small,vit_base_patch16_224,phase_weighted,19,ILSVRC2012_val_00038708.JPEG,True,2.916311740875244,0.015245979651808739,0.017491444945335388,0.5002657175064087,0.5006510615348816,0.19963932037353516,0.03935091197490692
visformer_small,vit_base_patch16_224,flip_weighted,18,ILSVRC2012_val_00038705.JPEG,True,2.8984413146972656,0.005419598892331123,0.009589402936398983,0.49532976746559143,0.49588117003440857,0.15513038635253906,0.012370020151138306
visformer_small,vit_base_patch16_224,flip_weighted,19,ILSVRC2012_val_00038708.JPEG,True,2.881894588470459,0.004077506251633167,0.006216415669769049,0.5016741156578064,0.501933217048645,0.23609161376953125,0.04391583800315857
visformer_small,vit_base_patch16_224,consensus_weighted,18,ILSVRC2012_val_00038705.JPEG,True,2.894718885421753,0.0050379447638988495,0.009181137196719646,0.4951836168766022,0.4959409534931183,0.15288162231445312,0.012369371950626373
visformer_small,vit_base_patch16_224,consensus_weighted,19,ILSVRC2012_val_00038708.JPEG,True,2.906576156616211,0.007691682782024145,0.009839029051363468,0.5008968710899353,0.5011891722679138,0.21861743927001953,0.04106280207633972
visformer_small,vit_base_patch16_224,shuffled_semantic_weighted,18,ILSVRC2012_val_00038705.JPEG,True,2.9121181964874268,0.014545027166604996,0.018052684143185616,0.4964790642261505,0.4967248737812042,0.024580955505371094,0.0018678754568099976
visformer_small,vit_base_patch16_224,shuffled_semantic_weighted,19,ILSVRC2012_val_00038708.JPEG,True,2.848057270050049,0.016291828826069832,0.017894135788083076,0.5019132494926453,0.5018468499183655,0.2168741226196289,0.040020912885665894
visformer_small,vit_base_patch16_224,permuted_weight,18,ILSVRC2012_val_00038705.JPEG,True,2.894718647003174,0.014580470509827137,0.017873769626021385,0.495303213596344,0.4950108826160431,0.04409503936767578,0.002848997712135315
visformer_small,vit_base_patch16_224,permuted_weight,19,ILSVRC2012_val_00038708.JPEG,True,2.9065756797790527,0.026598334312438965,0.028380025178194046,0.5026639699935913,0.5020129084587097,0.2536754608154297,0.05400562286376953
visformer_small,vit_base_patch16_224,consensus_topk,18,ILSVRC2012_val_00038705.JPEG,True,1.6094379425048828,-0.010868966579437256,-0.006183491088449955,0.496299684047699,0.4961601793766022,0.1810770034790039,0.014915063977241516
visformer_small,vit_base_patch16_224,consensus_topk,19,ILSVRC2012_val_00038708.JPEG,True,1.6094379425048828,-0.01592862606048584,-0.014485422521829605,0.49960803985595703,0.4991762340068817,0.24871158599853516,0.047334715723991394
visformer_small,vit_base_patch16_224,uniform,20,ILSVRC2012_val_00038743.JPEG,True,2.995732069015503,0.022184424102306366,0.02405931055545807,0.5060586929321289,0.5060188174247742,0.06337356567382812,0.011571630835533142
visformer_small,vit_base_patch16_224,uniform,21,ILSVRC2012_val_00038986.JPEG,True,2.995732069015503,0.0008131181821227074,-0.0002679065801203251,0.5080782175064087,0.5091012716293335,0.48906898498535156,0.0488378182053566
visformer_small,vit_base_patch16_224,phase_weighted,20,ILSVRC2012_val_00038743.JPEG,True,2.78974986076355,0.0232384130358696,0.02531846985220909,0.5052282810211182,0.5059523582458496,0.07577133178710938,0.013005539774894714
visformer_small,vit_base_patch16_224,phase_weighted,21,ILSVRC2012_val_00038986.JPEG,True,2.8753554821014404,-0.00014184555038809776,-0.0014355210587382317,0.509187638759613,0.5096726417541504,0.6689224243164062,0.08372041583061218
visformer_small,vit_base_patch16_224,flip_weighted,20,ILSVRC2012_val_00038743.JPEG,True,2.8973591327667236,0.021146876737475395,0.023063693195581436,0.5065702199935913,0.5073208808898926,0.06660842895507812,0.011795982718467712
visformer_small,vit_base_patch16_224,flip_weighted,21,ILSVRC2012_val_00038986.JPEG,True,2.729869842529297,0.00024091871455311775,-0.000897933728992939,0.5102638602256775,0.5107953548431396,0.5051660537719727,0.04952925443649292
visformer_small,vit_base_patch16_224,consensus_weighted,20,ILSVRC2012_val_00038743.JPEG,True,2.8461430072784424,0.023094967007637024,0.025195050984621048,0.505281388759613,0.5063045024871826,0.061588287353515625,0.01110793650150299
visformer_small,vit_base_patch16_224,consensus_weighted,21,ILSVRC2012_val_00038986.JPEG,True,2.8243772983551025,-0.00020627956837415695,-0.0014665690250694752,0.5095463991165161,0.5100778341293335,0.48485374450683594,0.04994826018810272
visformer_small,vit_base_patch16_224,shuffled_semantic_weighted,20,ILSVRC2012_val_00038743.JPEG,True,2.8256430625915527,0.02299240231513977,0.02470574714243412,0.5055404901504517,0.5064506530761719,0.08356094360351562,0.014317750930786133
visformer_small,vit_base_patch16_224,shuffled_semantic_weighted,21,ILSVRC2012_val_00038986.JPEG,True,2.84131121635437,0.0004929881542921066,-0.0007970924489200115,0.5084900856018066,0.5088289380073547,0.47658252716064453,0.05069395899772644
visformer_small,vit_base_patch16_224,permuted_weight,20,ILSVRC2012_val_00038743.JPEG,True,2.8461430072784424,0.02164555713534355,0.02326677367091179,0.5064771771430969,0.5072544813156128,0.0771169662475586,0.01369321346282959
visformer_small,vit_base_patch16_224,permuted_weight,21,ILSVRC2012_val_00038986.JPEG,True,2.8243772983551025,-0.0005964105948805809,-0.0017426935955882072,0.507606565952301,0.5078656673431396,0.4051065444946289,0.03895118832588196
visformer_small,vit_base_patch16_224,consensus_topk,20,ILSVRC2012_val_00038743.JPEG,True,1.6094379425048828,0.021964803338050842,0.024087248370051384,0.47108179330825806,0.5071880221366882,0.05707263946533203,0.010187596082687378
visformer_small,vit_base_patch16_224,consensus_topk,21,ILSVRC2012_val_00038986.JPEG,True,1.6094379425048828,-0.005747769493609667,-0.0067093572579324245,0.5052614808082581,0.5064838528633118,0.5975685119628906,0.060272812843322754
visformer_small,vit_base_patch16_224,uniform,22,ILSVRC2012_val_00039085.JPEG,True,2.995732069015503,0.004852690733969212,0.005841679871082306,0.5034345984458923,0.5044044852256775,0.02135467529296875,0.010437369346618652
visformer_small,vit_base_patch16_224,uniform,23,ILSVRC2012_val_00039106.JPEG,True,2.995732069015503,0.009078849107027054,0.009306924417614937,0.49929580092430115,0.4992692470550537,0.03721332550048828,0.008398443460464478
visformer_small,vit_base_patch16_224,phase_weighted,22,ILSVRC2012_val_00039085.JPEG,True,2.8112471103668213,0.0039491658098995686,0.004919286817312241,0.5034080147743225,0.5035541653633118,0.017088890075683594,0.013010472059249878
visformer_small,vit_base_patch16_224,phase_weighted,23,ILSVRC2012_val_00039106.JPEG,True,2.863426446914673,0.01334992703050375,0.01365828700363636,0.4998472034931183,0.4993356764316559,0.036731719970703125,0.004600740969181061
visformer_small,vit_base_patch16_224,flip_weighted,22,ILSVRC2012_val_00039085.JPEG,True,2.8650662899017334,0.00500831101089716,0.006023959256708622,0.5037335157394409,0.5038996338844299,0.011965751647949219,0.004543215036392212
visformer_small,vit_base_patch16_224,flip_weighted,23,ILSVRC2012_val_00039106.JPEG,True,2.7888503074645996,0.002476536436006427,0.0022618190851062536,0.4993622303009033,0.49970105290412903,0.03338050842285156,0.006739184260368347
visformer_small,vit_base_patch16_224,consensus_weighted,22,ILSVRC2012_val_00039085.JPEG,True,2.772547483444214,0.003852442605420947,0.00481279706582427,0.5032153725624084,0.5039859414100647,0.026430130004882812,0.017160385847091675
visformer_small,vit_base_patch16_224,consensus_weighted,23,ILSVRC2012_val_00039106.JPEG,True,2.8886234760284424,0.009065896272659302,0.00908721424639225,0.49937552213668823,0.49930909276008606,0.046309471130371094,0.0074831098318099976
visformer_small,vit_base_patch16_224,shuffled_semantic_weighted,22,ILSVRC2012_val_00039085.JPEG,True,2.8145132064819336,0.005341525189578533,0.0063382843509316444,0.5031754970550537,0.5038597583770752,0.07578849792480469,0.027244150638580322
visformer_small,vit_base_patch16_224,shuffled_semantic_weighted,23,ILSVRC2012_val_00039106.JPEG,True,2.9110281467437744,0.00504946568980813,0.005186577793210745,0.5,0.4997807741165161,0.16389846801757812,0.021588891744613647
visformer_small,vit_base_patch16_224,permuted_weight,22,ILSVRC2012_val_00039085.JPEG,True,2.772547721862793,0.0032716793939471245,0.004272356629371643,0.5046303868293762,0.5042251348495483,0.016170501708984375,0.015134572982788086
visformer_small,vit_base_patch16_224,permuted_weight,23,ILSVRC2012_val_00039106.JPEG,True,2.8886232376098633,0.009035871364176273,0.00906525831669569,0.49921607971191406,0.4994087517261505,-0.1155405044555664,-0.002000093460083008
visformer_small,vit_base_patch16_224,consensus_topk,22,ILSVRC2012_val_00039085.JPEG,True,1.6094379425048828,0.0006017560372129083,0.0014018774963915348,0.4685307741165161,0.5042184591293335,-0.008622169494628906,0.010997116565704346
visformer_small,vit_base_patch16_224,consensus_topk,23,ILSVRC2012_val_00039106.JPEG,True,1.6094379425048828,0.013200301676988602,0.013247780501842499,0.5012289881706238,0.5008105039596558,0.0826730728149414,0.011061429977416992
visformer_small,vit_base_patch16_224,uniform,24,ILSVRC2012_val_00039130.JPEG,True,2.995732069015503,0.0059583717957139015,0.005719922948628664,0.49982061982154846,0.5008503198623657,0.05050468444824219,0.014098644256591797
visformer_small,vit_base_patch16_224,uniform,25,ILSVRC2012_val_00039253.JPEG,True,2.995732069015503,0.014808854088187218,0.014541978016495705,0.5051419138908386,0.5056999325752258,-0.0790090560913086,-0.054251670837402344
visformer_small,vit_base_patch16_224,phase_weighted,24,ILSVRC2012_val_00039130.JPEG,True,2.902170181274414,0.004669485613703728,0.004437200725078583,0.500019907951355,0.5003321766853333,0.036144256591796875,0.012892231345176697
visformer_small,vit_base_patch16_224,phase_weighted,25,ILSVRC2012_val_00039253.JPEG,True,2.7824816703796387,0.017468750476837158,0.01813315786421299,0.5051884055137634,0.5052614808082581,-0.06790828704833984,-0.04527080059051514
visformer_small,vit_base_patch16_224,flip_weighted,24,ILSVRC2012_val_00039130.JPEG,True,2.891490936279297,0.0054697333835065365,0.005278703756630421,0.5007639527320862,0.5007440447807312,0.02058696746826172,0.009176254272460938
visformer_small,vit_base_patch16_224,flip_weighted,25,ILSVRC2012_val_00039253.JPEG,True,2.921434164047241,0.016582917422056198,0.01659497804939747,0.5039328336715698,0.5053877234458923,-0.08512592315673828,-0.05102434754371643
visformer_small,vit_base_patch16_224,consensus_weighted,24,ILSVRC2012_val_00039130.JPEG,True,2.877974033355713,0.004402631428092718,0.004190884064882994,0.5004185438156128,0.4998604953289032,0.053809165954589844,0.015981286764144897
visformer_small,vit_base_patch16_224,consensus_weighted,25,ILSVRC2012_val_00039253.JPEG,True,2.8293302059173584,0.01756003499031067,0.018127717077732086,0.5048562288284302,0.5054209232330322,-0.06125450134277344,-0.04278650879859924
visformer_small,vit_base_patch16_224,shuffled_semantic_weighted,24,ILSVRC2012_val_00039130.JPEG,True,2.894293785095215,0.0059177870862185955,0.005664236377924681,0.4998339116573334,0.5004583597183228,0.06332969665527344,0.01561097800731659
visformer_small,vit_base_patch16_224,shuffled_semantic_weighted,25,ILSVRC2012_val_00039253.JPEG,True,2.9180214405059814,0.013100363314151764,0.012526169419288635,0.5046901702880859,0.5051884055137634,-0.05145072937011719,-0.045724183320999146
visformer_small,vit_base_patch16_224,permuted_weight,24,ILSVRC2012_val_00039130.JPEG,True,2.877974033355713,0.004086528904736042,0.003741350956261158,0.5005182027816772,0.5006842613220215,0.05611133575439453,0.015975981950759888
visformer_small,vit_base_patch16_224,permuted_weight,25,ILSVRC2012_val_00039253.JPEG,True,2.8293299674987793,0.01608748361468315,0.016130167990922928,0.504132091999054,0.5061516761779785,-0.034773826599121094,-0.03649517893791199
visformer_small,vit_base_patch16_224,consensus_topk,24,ILSVRC2012_val_00039130.JPEG,True,1.6094379425048828,0.0031448877416551113,0.0028187234420329332,0.5025776028633118,0.5024713277816772,0.006745338439941406,0.00441327691078186
visformer_small,vit_base_patch16_224,consensus_topk,25,ILSVRC2012_val_00039253.JPEG,True,1.6094379425048828,0.016739100217819214,0.01804496720433235,0.471473753452301,0.5080450177192688,-0.06886863708496094,-0.045942872762680054
visformer_small,vit_base_patch16_224,uniform,26,ILSVRC2012_val_00039290.JPEG,True,2.995732069015503,0.008879882283508778,0.008925571106374264,0.5026440024375916,0.5030758380889893,0.06656646728515625,0.009289398789405823
visformer_small,vit_base_patch16_224,uniform,27,ILSVRC2012_val_00039421.JPEG,True,2.995732069015503,0.023297246545553207,0.025357574224472046,0.5062779188156128,0.5064041018486023,0.46010875701904297,0.16639849543571472
visformer_small,vit_base_patch16_224,phase_weighted,26,ILSVRC2012_val_00039290.JPEG,True,2.8326902389526367,-0.0003437644336372614,-0.00033032638020813465,0.5019265413284302,0.5018468499183655,0.06053447723388672,0.007936820387840271
visformer_small,vit_base_patch16_224,phase_weighted,27,ILSVRC2012_val_00039421.JPEG,True,2.86012601852417,0.023101959377527237,0.02533242665231228,0.5053345561027527,0.5055869817733765,0.4849576950073242,0.16205427050590515
visformer_small,vit_base_patch16_224,flip_weighted,26,ILSVRC2012_val_00039290.JPEG,True,2.847942590713501,0.01242709718644619,0.012511145323514938,0.5044975280761719,0.5035541653633118,0.07591629028320312,0.008622676134109497
visformer_small,vit_base_patch16_224,flip_weighted,27,ILSVRC2012_val_00039421.JPEG,True,2.8958709239959717,0.022308342158794403,0.024372994899749756,0.5052680969238281,0.5056467652320862,0.47023963928222656,0.16175436973571777
visformer_small,vit_base_patch16_224,consensus_weighted,26,ILSVRC2012_val_00039290.JPEG,True,2.8728082180023193,0.0005652511026710272,0.0006009796634316444,0.5025244355201721,0.5029628872871399,0.08725643157958984,0.011488005518913269
visformer_small,vit_base_patch16_224,consensus_weighted,27,ILSVRC2012_val_00039421.JPEG,True,2.874232292175293,0.022742021828889847,0.02488614246249199,0.5055006146430969,0.5057730078697205,0.4642477035522461,0.15870705246925354
visformer_small,vit_base_patch16_224,shuffled_semantic_weighted,26,ILSVRC2012_val_00039290.JPEG,True,2.9199202060699463,0.006905657239258289,0.006942834705114365,0.5034013390541077,0.5028499960899353,0.09676647186279297,0.012551799416542053
visformer_small,vit_base_patch16_224,shuffled_semantic_weighted,27,ILSVRC2012_val_00039421.JPEG,True,2.8831233978271484,0.022291280329227448,0.024330243468284607,0.5063177347183228,0.5067562460899353,0.4887723922729492,0.16573664546012878
visformer_small,vit_base_patch16_224,permuted_weight,26,ILSVRC2012_val_00039290.JPEG,True,2.8728079795837402,0.009457049891352654,0.009394954890012741,0.5027569532394409,0.5028101205825806,0.07245159149169922,0.009154364466667175
visformer_small,vit_base_patch16_224,permuted_weight,27,ILSVRC2012_val_00039421.JPEG,True,2.874232292175293,0.022048134356737137,0.023620525375008583,0.5075733661651611,0.5072544813156128,0.4746541976928711,0.17538464069366455
visformer_small,vit_base_patch16_224,consensus_topk,26,ILSVRC2012_val_00039290.JPEG,True,1.6094379425048828,-0.010999212972819805,-0.011175477877259254,0.5001262426376343,0.5014947652816772,0.07558536529541016,0.010373234748840332
visformer_small,vit_base_patch16_224,consensus_topk,27,ILSVRC2012_val_00039421.JPEG,True,1.6094379425048828,0.019654404371976852,0.02158733829855919,0.5043579936027527,0.504304826259613,0.40297985076904297,0.1337938904762268
visformer_small,vit_base_patch16_224,uniform,28,ILSVRC2012_val_00039426.JPEG,True,2.995732069015503,0.00042158906580880284,-0.00012338560190983117,0.500372052192688,0.5004517436027527,0.028199195861816406,0.00397627055644989
visformer_small,vit_base_patch16_224,uniform,29,ILSVRC2012_val_00039464.JPEG,True,2.995732069015503,0.0030085276812314987,0.003761861240491271,0.5026108026504517,0.5028898119926453,0.1176900863647461,0.018658652901649475
visformer_small,vit_base_patch16_224,phase_weighted,28,ILSVRC2012_val_00039426.JPEG,True,2.7037150859832764,0.0019576391205191612,0.0013846172951161861,0.49910980463027954,0.49895036220550537,0.051596641540527344,0.0071068257093429565
visformer_small,vit_base_patch16_224,phase_weighted,29,ILSVRC2012_val_00039464.JPEG,True,2.7741153240203857,0.0036278103943914175,0.004095509648323059,0.503321647644043,0.5047034621238708,0.12773609161376953,0.019574657082557678
visformer_small,vit_base_patch16_224,flip_weighted,28,ILSVRC2012_val_00039426.JPEG,True,2.884093999862671,0.0015944557962939143,0.0010620432440191507,0.5010762214660645,0.5010762214660645,0.009510993957519531,0.0011868327856063843
visformer_small,vit_base_patch16_224,flip_weighted,29,ILSVRC2012_val_00039464.JPEG,True,2.85678768157959,0.0014864819822832942,0.002147623337805271,0.5017604827880859,0.5024978518486023,0.1064138412475586,0.018346324563026428
visformer_small,vit_base_patch16_224,consensus_weighted,28,ILSVRC2012_val_00039426.JPEG,True,2.7987546920776367,0.0021142377518117428,0.0015387260355055332,0.49914300441741943,0.4992559552192688,0.07549095153808594,0.010635524988174438
visformer_small,vit_base_patch16_224,consensus_weighted,29,ILSVRC2012_val_00039464.JPEG,True,2.7849221229553223,0.0034511962439864874,0.003922927659004927,0.5033748149871826,0.504656970500946,0.12594985961914062,0.019144147634506226
visformer_small,vit_base_patch16_224,shuffled_semantic_weighted,28,ILSVRC2012_val_00039426.JPEG,True,2.9447872638702393,0.0006202267250046134,2.8127629775553942e-05,0.5007972121238708,0.5005978941917419,0.027196884155273438,0.003824204206466675
visformer_small,vit_base_patch16_224,shuffled_semantic_weighted,29,ILSVRC2012_val_00039464.JPEG,True,2.937516212463379,0.0022297371178865433,0.0030198919121176004,0.5019797086715698,0.5028167366981506,0.1267566680908203,0.01985841989517212
visformer_small,vit_base_patch16_224,permuted_weight,28,ILSVRC2012_val_00039426.JPEG,True,2.7987546920776367,0.001870462903752923,0.0013185292482376099,0.5007041692733765,0.5001262426376343,0.0702962875366211,0.01013655960559845
visformer_small,vit_base_patch16_224,permuted_weight,29,ILSVRC2012_val_00039464.JPEG,True,2.7849221229553223,0.0018374111969023943,0.0026932626497000456,0.5019863247871399,0.5026905536651611,0.09267425537109375,0.015319079160690308
visformer_small,vit_base_patch16_224,consensus_topk,28,ILSVRC2012_val_00039426.JPEG,True,1.6094379425048828,0.0021774480119347572,0.0016992053715512156,0.4994618892669678,0.4993024468421936,0.049274444580078125,0.0063497573137283325
visformer_small,vit_base_patch16_224,consensus_topk,29,ILSVRC2012_val_00039464.JPEG,True,1.6094379425048828,0.002627821872010827,0.0025293512735515833,0.4673216938972473,0.501348614692688,0.13486194610595703,0.019392549991607666
visformer_small,vit_base_patch16_224,uniform,30,ILSVRC2012_val_00039490.JPEG,True,2.995732069015503,0.012899448163807392,0.013155338354408741,0.49948182702064514,0.4995349645614624,0.07496166229248047,0.007216781377792358
visformer_small,vit_base_patch16_224,uniform,31,ILSVRC2012_val_00039737.JPEG,True,2.995732069015503,0.01239343173801899,0.01244824007153511,0.5062048435211182,0.5062114596366882,0.06597137451171875,0.038675159215927124
visformer_small,vit_base_patch16_224,phase_weighted,30,ILSVRC2012_val_00039490.JPEG,True,2.7982964515686035,0.011412402614951134,0.011534875258803368,0.4979206621646881,0.4979671537876129,0.07480621337890625,0.0073319971561431885
visformer_small,vit_base_patch16_224,phase_weighted,31,ILSVRC2012_val_00039737.JPEG,True,2.8535947799682617,0.009358704090118408,0.009606713429093361,0.5043247938156128,0.504656970500946,0.054859161376953125,0.02987787127494812
visformer_small,vit_base_patch16_224,flip_weighted,30,ILSVRC2012_val_00039490.JPEG,True,2.8590424060821533,0.009438224136829376,0.009651429019868374,0.49948182702064514,0.49937552213668823,0.06827259063720703,0.00665283203125
visformer_small,vit_base_patch16_224,flip_weighted,31,ILSVRC2012_val_00039737.JPEG,True,2.923867702484131,0.011098024435341358,0.01106490008533001,0.5063377022743225,0.5068691372871399,0.042792320251464844,0.034008294343948364
visformer_small,vit_base_patch16_224,consensus_weighted,30,ILSVRC2012_val_00039490.JPEG,True,2.8851473331451416,0.010408995673060417,0.01064805407077074,0.49918287992477417,0.49927589297294617,0.11764717102050781,0.011581234633922577
visformer_small,vit_base_patch16_224,consensus_weighted,31,ILSVRC2012_val_00039737.JPEG,True,2.8304035663604736,0.010065198875963688,0.01010010577738285,0.5053943395614624,0.505839467048645,0.03355598449707031,0.026679426431655884
visformer_small,vit_base_patch16_224,shuffled_semantic_weighted,30,ILSVRC2012_val_00039490.JPEG,True,2.87742018699646,0.013588247820734978,0.013697788119316101,0.500411868095398,0.4998936951160431,0.13347244262695312,0.013218335807323456
visformer_small,vit_base_patch16_224,shuffled_semantic_weighted,31,ILSVRC2012_val_00039737.JPEG,True,2.9025015830993652,0.009775681421160698,0.009830697439610958,0.5060985088348389,0.5066233277320862,0.0744171142578125,0.04662218689918518
visformer_small,vit_base_patch16_224,permuted_weight,30,ILSVRC2012_val_00039490.JPEG,True,2.8851478099823,0.008338028565049171,0.008685551583766937,0.49914300441741943,0.4993622303009033,0.05398750305175781,0.005421437323093414
visformer_small,vit_base_patch16_224,permuted_weight,31,ILSVRC2012_val_00039737.JPEG,True,2.8304038047790527,0.013195948675274849,0.01327497884631157,0.5071282386779785,0.5071747303009033,0.03845024108886719,0.049039989709854126
visformer_small,vit_base_patch16_224,consensus_topk,30,ILSVRC2012_val_00039490.JPEG,True,1.6094379425048828,0.004911042749881744,0.005239484366029501,0.4994419515132904,0.5000132918357849,0.10595893859863281,0.01076333224773407
visformer_small,vit_base_patch16_224,consensus_topk,31,ILSVRC2012_val_00039737.JPEG,True,1.6094379425048828,0.0046717459335923195,0.00474918819963932,0.5059789419174194,0.5058726668357849,0.02858448028564453,0.019104987382888794
visformer_small,vit_base_patch16_224,uniform,32,ILSVRC2012_val_00039746.JPEG,True,2.995732069015503,0.004957767203450203,0.004800623748451471,0.5033880472183228,0.5047300457954407,0.1562814712524414,0.011192917823791504
visformer_small,vit_base_patch16_224,uniform,33,ILSVRC2012_val_00039748.JPEG,True,2.995732069015503,0.010965954512357712,0.011807805858552456,0.5071880221366882,0.5069887042045593,0.23122310638427734,0.028782479465007782
visformer_small,vit_base_patch16_224,phase_weighted,32,ILSVRC2012_val_00039746.JPEG,True,2.773303985595703,0.0009054134134203196,0.000671908026561141,0.5045307278633118,0.5045706033706665,0.08130836486816406,0.00530320405960083
visformer_small,vit_base_patch16_224,phase_weighted,33,ILSVRC2012_val_00039748.JPEG,True,2.857550621032715,0.011968454346060753,0.012590000405907631,0.5070684552192688,0.5075002908706665,0.27015209197998047,0.0327574759721756
visformer_small,vit_base_patch16_224,flip_weighted,32,ILSVRC2012_val_00039746.JPEG,True,2.8005785942077637,0.006682707462459803,0.006643636152148247,0.5042517185211182,0.5046104192733765,0.15046310424804688,0.010961703956127167
visformer_small,vit_base_patch16_224,flip_weighted,33,ILSVRC2012_val_00039748.JPEG,True,2.909160614013672,0.01094128005206585,0.011686380952596664,0.5073208808898926,0.5072146058082581,0.2573280334472656,0.03024008870124817
visformer_small,vit_base_patch16_224,consensus_weighted,32,ILSVRC2012_val_00039746.JPEG,True,2.8276638984680176,0.0013290111673995852,0.0011180680012330413,0.5046502947807312,0.5044111609458923,0.10189628601074219,0.006994873285293579
visformer_small,vit_base_patch16_224,consensus_weighted,33,ILSVRC2012_val_00039748.JPEG,True,2.866873025894165,0.011484296061098576,0.012134598568081856,0.5074869990348816,0.5072146058082581,0.2431488037109375,0.028595827519893646
visformer_small,vit_base_patch16_224,shuffled_semantic_weighted,32,ILSVRC2012_val_00039746.JPEG,True,2.9016189575195312,0.0067179203033447266,0.006585222668945789,0.5037999749183655,0.5041188597679138,0.1774282455444336,0.012830980122089386
visformer_small,vit_base_patch16_224,shuffled_semantic_weighted,33,ILSVRC2012_val_00039748.JPEG,True,2.816272735595703,0.010466912761330605,0.01123947836458683,0.5062978267669678,0.506463885307312,0.22432899475097656,0.026625700294971466
visformer_small,vit_base_patch16_224,permuted_weight,32,ILSVRC2012_val_00039746.JPEG,True,2.8276641368865967,0.007082194555550814,0.006728004664182663,0.5039926171302795,0.5041254758834839,0.10083293914794922,0.006929628551006317
visformer_small,vit_base_patch16_224,permuted_weight,33,ILSVRC2012_val_00039748.JPEG,True,2.866873264312744,0.009803127497434616,0.010730144567787647,0.5067096948623657,0.5066432952880859,0.236083984375,0.027580320835113525
visformer_small,vit_base_patch16_224,consensus_topk,32,ILSVRC2012_val_00039746.JPEG,True,1.6094379425048828,6.96906354278326e-05,-4.346692003309727e-05,0.5011293292045593,0.5015345811843872,0.04712390899658203,0.0027268007397651672
visformer_small,vit_base_patch16_224,consensus_topk,33,ILSVRC2012_val_00039748.JPEG,True,1.6094379425048828,0.009497219696640968,0.010011355392634869,0.5061516761779785,0.506443977355957,0.26738452911376953,0.029886022210121155
visformer_small,vit_base_patch16_224,uniform,34,ILSVRC2012_val_00039815.JPEG,True,2.995732069015503,0.005689495708793402,0.005232117138803005,0.5053411722183228,0.5060387253761292,0.14714908599853516,0.018401384353637695
visformer_small,vit_base_patch16_224,uniform,35,ILSVRC2012_val_00039842.JPEG,True,2.995732069015503,-0.002657123375684023,-0.0027769089210778475,0.4965720772743225,0.49697065353393555,0.0036468505859375,-3.528594970703125e-05
visformer_small,vit_base_patch16_224,phase_weighted,34,ILSVRC2012_val_00039815.JPEG,True,2.907756805419922,0.005736806429922581,0.0051571158692240715,0.5055670738220215,0.5050621628761292,0.1252899169921875,0.016472503542900085
visformer_small,vit_base_patch16_224,phase_weighted,35,ILSVRC2012_val_00039842.JPEG,True,2.931878089904785,-0.0016164866974577308,-0.0017761930357664824,0.4987577199935913,0.498910516500473,0.014540672302246094,0.0005759820342063904
visformer_small,vit_base_patch16_224,flip_weighted,34,ILSVRC2012_val_00039815.JPEG,True,2.88564133644104,0.004732203669846058,0.004678037017583847,0.5062048435211182,0.5059390664100647,0.20980262756347656,0.025419577956199646
visformer_small,vit_base_patch16_224,flip_weighted,35,ILSVRC2012_val_00039842.JPEG,True,2.8999805450439453,-0.002217707457020879,-0.002382168546319008,0.4973759055137634,0.497276246547699,0.0020122528076171875,-0.00016576051712036133
visformer_small,vit_base_patch16_224,consensus_weighted,34,ILSVRC2012_val_00039815.JPEG,True,2.9258830547332764,0.005931862164288759,0.005606889724731445,0.506463885307312,0.5060985088348389,0.16260528564453125,0.021543920040130615
visformer_small,vit_base_patch16_224,consensus_weighted,35,ILSVRC2012_val_00039842.JPEG,True,2.9212586879730225,-0.001740558655001223,-0.001850517699494958,0.49851855635643005,0.4987444281578064,0.033748626708984375,0.002182513475418091
visformer_small,vit_base_patch16_224,shuffled_semantic_weighted,34,ILSVRC2012_val_00039815.JPEG,True,2.773873805999756,0.008062999695539474,0.008559182286262512,0.5068359375,0.5072146058082581,0.22333908081054688,0.02773261070251465
visformer_small,vit_base_patch16_224,shuffled_semantic_weighted,35,ILSVRC2012_val_00039842.JPEG,True,2.857499599456787,-0.002825025003403425,-0.002913018921390176,0.4960472583770752,0.4962930381298065,0.03658580780029297,0.0027877092361450195
visformer_small,vit_base_patch16_224,permuted_weight,34,ILSVRC2012_val_00039815.JPEG,True,2.9258828163146973,0.00485385674983263,0.004440850578248501,0.5063244104385376,0.5058261752128601,0.15741920471191406,0.019814535975456238
visformer_small,vit_base_patch16_224,permuted_weight,35,ILSVRC2012_val_00039842.JPEG,True,2.9212586879730225,-0.0032952693291008472,-0.0032910967711359262,0.49648571014404297,0.4959874451160431,0.011101722717285156,0.0006575882434844971
visformer_small,vit_base_patch16_224,consensus_topk,34,ILSVRC2012_val_00039815.JPEG,True,1.6094379425048828,0.004469356033951044,0.004014131613075733,0.5073474645614624,0.5067562460899353,0.1312093734741211,0.01756080985069275
visformer_small,vit_base_patch16_224,consensus_topk,35,ILSVRC2012_val_00039842.JPEG,True,1.6094379425048828,0.0007381899049505591,0.0008472223998978734,0.49831923842430115,0.49805352091789246,0.009940147399902344,0.00021528452634811401
visformer_small,vit_base_patch16_224,uniform,36,ILSVRC2012_val_00039892.JPEG,True,2.995732069015503,0.0004023442743346095,0.0001612346968613565,0.5026174783706665,0.5036139488220215,0.02773761749267578,0.003742322325706482
visformer_small,vit_base_patch16_224,uniform,37,ILSVRC2012_val_00039939.JPEG,True,2.995732069015503,0.0070829689502716064,0.007466696202754974,0.5058992505073547,0.5061383843421936,0.3167533874511719,0.04948414862155914
visformer_small,vit_base_patch16_224,phase_weighted,36,ILSVRC2012_val_00039892.JPEG,True,2.7569243907928467,0.0006205160170793533,0.0003438484272919595,0.5040524005889893,0.503926157951355,0.06348228454589844,0.006556801497936249
visformer_small,vit_base_patch16_224,phase_weighted,37,ILSVRC2012_val_00039939.JPEG,True,2.9249823093414307,0.010080006904900074,0.0103453379124403,0.5065369606018066,0.506257951259613,0.3034391403198242,0.04639476537704468
visformer_small,vit_base_patch16_224,flip_weighted,36,ILSVRC2012_val_00039892.JPEG,True,2.9423751831054688,0.0001702843583188951,5.70912379771471e-06,0.504112184047699,0.5042384266853333,0.0145721435546875,0.0036192163825035095
visformer_small,vit_base_patch16_224,flip_weighted,37,ILSVRC2012_val_00039939.JPEG,True,2.9365477561950684,0.00855081994086504,0.008781110867857933,0.5059390664100647,0.5057730078697205,0.3031139373779297,0.044191986322402954
visformer_small,vit_base_patch16_224,consensus_weighted,36,ILSVRC2012_val_00039892.JPEG,True,2.8147287368774414,0.0006056224810890853,0.0003839348501060158,0.5044111609458923,0.5043247938156128,0.08854293823242188,0.00859013944864273
visformer_small,vit_base_patch16_224,consensus_weighted,37,ILSVRC2012_val_00039939.JPEG,True,2.912977695465088,0.009787650778889656,0.009973675943911076,0.5061184763908386,0.5054209232330322,0.3087015151977539,0.046730756759643555
visformer_small,vit_base_patch16_224,shuffled_semantic_weighted,36,ILSVRC2012_val_00039892.JPEG,True,2.901163101196289,0.00041353239794261754,8.455634815618396e-05,0.5040192008018494,0.5041586756706238,-0.01120758056640625,0.0007002577185630798
visformer_small,vit_base_patch16_224,shuffled_semantic_weighted,37,ILSVRC2012_val_00039939.JPEG,True,2.865788698196411,0.005799347069114447,0.006005086470395327,0.5061383843421936,0.5061383843421936,0.26278114318847656,0.03981105983257294
visformer_small,vit_base_patch16_224,permuted_weight,36,ILSVRC2012_val_00039892.JPEG,True,2.8147289752960205,0.0006364702130667865,0.0007246153545565903,0.5024580359458923,0.5033947229385376,0.028604507446289062,0.004906713962554932
visformer_small,vit_base_patch16_224,permuted_weight,37,ILSVRC2012_val_00039939.JPEG,True,2.912977695465088,0.008401811122894287,0.008752844296395779,0.505839467048645,0.5059989094734192,0.31075572967529297,0.047081246972084045
visformer_small,vit_base_patch16_224,consensus_topk,36,ILSVRC2012_val_00039892.JPEG,True,1.6094379425048828,0.000357424229150638,0.00022484656074084342,0.46708253026008606,0.5027702450752258,0.07912635803222656,0.007585063576698303
visformer_small,vit_base_patch16_224,consensus_topk,37,ILSVRC2012_val_00039939.JPEG,True,1.6094379425048828,0.010110562667250633,0.009849205613136292,0.5010961294174194,0.5014283061027527,0.3117256164550781,0.04011358320713043
visformer_small,vit_base_patch16_224,uniform,38,ILSVRC2012_val_00040016.JPEG,True,2.995732069015503,0.0018058530986309052,0.002528296783566475,0.49785423278808594,0.4974157512187958,0.17164134979248047,0.03275449573993683
visformer_small,vit_base_patch16_224,uniform,39,ILSVRC2012_val_00040140.JPEG,True,2.995732069015503,0.017056895419955254,0.017299041152000427,0.5087425708770752,0.5097722411155701,0.009158134460449219,0.01158355176448822
visformer_small,vit_base_patch16_224,phase_weighted,38,ILSVRC2012_val_00040016.JPEG,True,2.862929105758667,0.0019105756655335426,0.0020920410752296448,0.498139888048172,0.4977811574935913,0.2155132293701172,0.041444987058639526
visformer_small,vit_base_patch16_224,phase_weighted,39,ILSVRC2012_val_00040140.JPEG,True,2.8768444061279297,0.015409473329782486,0.015557833015918732,0.5082443356513977,0.5095065236091614,0.04027366638183594,0.014721155166625977
visformer_small,vit_base_patch16_224,flip_weighted,38,ILSVRC2012_val_00040016.JPEG,True,2.861931324005127,0.0003236959455534816,0.00014807411935180426,0.4970238208770752,0.4967248737812042,0.1876373291015625,0.034891724586486816
visformer_small,vit_base_patch16_224,flip_weighted,39,ILSVRC2012_val_00040140.JPEG,True,2.8809080123901367,0.012591658160090446,0.01295203622430563,0.5084701776504517,0.5099117755889893,0.08434581756591797,0.019028156995773315
visformer_small,vit_base_patch16_224,consensus_weighted,38,ILSVRC2012_val_00040016.JPEG,True,2.8579304218292236,0.0019228968303650618,0.0019273912766948342,0.49813324213027954,0.49760177731513977,0.2613639831542969,0.050092220306396484
visformer_small,vit_base_patch16_224,consensus_weighted,39,ILSVRC2012_val_00040140.JPEG,True,2.8640058040618896,0.01235172338783741,0.012684661895036697,0.5088953375816345,0.5093869566917419,0.04898357391357422,0.014949977397918701
visformer_small,vit_base_patch16_224,shuffled_semantic_weighted,38,ILSVRC2012_val_00040016.JPEG,True,2.897738456726074,0.0018466602778062224,0.0020253248512744904,0.4973360300064087,0.4977213442325592,0.19885921478271484,0.03671962022781372
visformer_small,vit_base_patch16_224,shuffled_semantic_weighted,39,ILSVRC2012_val_00040140.JPEG,True,2.8656179904937744,0.017575673758983612,0.01788751594722271,0.5094666481018066,0.5105096697807312,0.0276641845703125,0.012992754578590393
visformer_small,vit_base_patch16_224,permuted_weight,38,ILSVRC2012_val_00040016.JPEG,True,2.8579301834106445,0.002636503893882036,0.0026654896792024374,0.4979671537876129,0.4978143572807312,0.06434440612792969,0.020726561546325684
visformer_small,vit_base_patch16_224,permuted_weight,39,ILSVRC2012_val_00040140.JPEG,True,2.8640055656433105,0.018652092665433884,0.018701286986470222,0.5090880393981934,0.5104233026504517,0.008081436157226562,0.011077329516410828
visformer_small,vit_base_patch16_224,consensus_topk,38,ILSVRC2012_val_00040016.JPEG,True,1.6094379425048828,0.0010241791605949402,0.000548370648175478,0.5001993179321289,0.49962133169174194,0.22540760040283203,0.04256531596183777
visformer_small,vit_base_patch16_224,consensus_topk,39,ILSVRC2012_val_00040140.JPEG,True,1.6094379425048828,0.00241278950124979,0.0025819172151386738,0.48788928985595703,0.5066964030265808,-0.01416015625,0.0011024028062820435
visformer_small,vit_base_patch16_224,uniform,40,ILSVRC2012_val_00040221.JPEG,True,2.995732069015503,0.0009198603802360594,-0.0008366100955754519,0.501747190952301,0.5007174611091614,-0.01823139190673828,-0.004759982228279114
visformer_small,vit_base_patch16_224,uniform,41,ILSVRC2012_val_00040291.JPEG,True,2.995732069015503,0.005751567892730236,0.006010911893099546,0.5024247765541077,0.5027569532394409,0.13611125946044922,0.02364913374185562
visformer_small,vit_base_patch16_224,phase_weighted,40,ILSVRC2012_val_00040221.JPEG,True,2.907165288925171,0.0020113117061555386,0.0006362320855259895,0.502531111240387,0.5000265836715698,0.037590980529785156,0.0036844462156295776
visformer_small,vit_base_patch16_224,phase_weighted,41,ILSVRC2012_val_00040291.JPEG,True,2.880584478378296,0.004405373707413673,0.0047806641086936,0.5027370452880859,0.502537727355957,0.11472702026367188,0.02179095894098282
visformer_small,vit_base_patch16_224,flip_weighted,40,ILSVRC2012_val_00040221.JPEG,True,2.8929433822631836,-0.0026154257357120514,-0.004464023280888796,0.4989769458770752,0.4982461631298065,-0.045291900634765625,-0.008747637271881104
visformer_small,vit_base_patch16_224,flip_weighted,41,ILSVRC2012_val_00040291.JPEG,True,2.9130544662475586,0.008550911210477352,0.008803250268101692,0.5032219886779785,0.503494381904602,0.09996795654296875,0.021808981895446777
visformer_small,vit_base_patch16_224,consensus_weighted,40,ILSVRC2012_val_00040221.JPEG,True,2.9350497722625732,0.0006724137929268181,-0.000868503877427429,0.5016276240348816,0.4998339116573334,-0.017744064331054688,-0.0051203519105911255
visformer_small,vit_base_patch16_224,consensus_weighted,41,ILSVRC2012_val_00040291.JPEG,True,2.908463478088379,0.008323898538947105,0.008664246648550034,0.5038929581642151,0.5030559301376343,0.14145183563232422,0.024948008358478546
visformer_small,vit_base_patch16_224,shuffled_semantic_weighted,40,ILSVRC2012_val_00040221.JPEG,True,2.8868160247802734,-0.0007687719771638513,-0.0023660394363105297,0.5012289881706238,0.5008702874183655,-0.014241218566894531,-0.0035175830125808716
visformer_small,vit_base_patch16_224,shuffled_semantic_weighted,41,ILSVRC2012_val_00040291.JPEG,True,2.9055330753326416,0.004431684501469135,0.004600074142217636,0.5024713277816772,0.5022653341293335,0.11812210083007812,0.02333243191242218
visformer_small,vit_base_patch16_224,permuted_weight,40,ILSVRC2012_val_00040221.JPEG,True,2.9350500106811523,0.003536397125571966,0.0019266349263489246,0.5018202662467957,0.5007374286651611,-0.00595855712890625,-0.0027847737073898315
visformer_small,vit_base_patch16_224,permuted_weight,41,ILSVRC2012_val_00040291.JPEG,True,2.9084632396698,0.00610407255589962,0.006244747433811426,0.5026041865348816,0.5027503371238708,0.15196609497070312,0.02757846564054489
visformer_small,vit_base_patch16_224,consensus_topk,40,ILSVRC2012_val_00040221.JPEG,True,1.6094379425048828,0.0019845266360789537,0.0014589254278689623,0.5036471486091614,0.501933217048645,0.12145614624023438,0.020608380436897278
visformer_small,vit_base_patch16_224,consensus_topk,41,ILSVRC2012_val_00040291.JPEG,True,1.6094379425048828,0.010389034636318684,0.010681018233299255,0.48567044734954834,0.5025908946990967,0.18993759155273438,0.030542336404323578
visformer_small,vit_base_patch16_224,uniform,42,ILSVRC2012_val_00040345.JPEG,True,2.995732069015503,0.014175325632095337,0.014928755350410938,0.506443977355957,0.5069023966789246,0.1522235870361328,0.02050241082906723
visformer_small,vit_base_patch16_224,uniform,43,ILSVRC2012_val_00040407.JPEG,True,2.995732069015503,-0.004998451564460993,-0.004263035021722317,0.5049757957458496,0.5057132244110107,-0.3910799026489258,0.01018795371055603
visformer_small,vit_base_patch16_224,phase_weighted,42,ILSVRC2012_val_00040345.JPEG,True,2.820194959640503,0.013940468430519104,0.014535429887473583,0.5057198405265808,0.506610095500946,0.17153358459472656,0.0221669003367424
visformer_small,vit_base_patch16_224,phase_weighted,43,ILSVRC2012_val_00040407.JPEG,True,2.8552398681640625,-0.004558658227324486,-0.0038948296569287777,0.5061383843421936,0.5069156289100647,-0.3776235580444336,-0.002327471971511841
visformer_small,vit_base_patch16_224,flip_weighted,42,ILSVRC2012_val_00040345.JPEG,True,2.9069838523864746,0.016203299164772034,0.017062749713659286,0.5080981850624084,0.5088289380073547,0.22518539428710938,0.031195342540740967
visformer_small,vit_base_patch16_224,flip_weighted,43,ILSVRC2012_val_00040407.JPEG,True,2.864945888519287,-0.0024455171078443527,-0.001864448538981378,0.5053810477256775,0.505859375,-0.3870706558227539,0.010740101337432861
visformer_small,vit_base_patch16_224,consensus_weighted,42,ILSVRC2012_val_00040345.JPEG,True,2.8922014236450195,0.015824690461158752,0.016588950529694557,0.5075334906578064,0.508038341999054,0.14995861053466797,0.02102942019701004
visformer_small,vit_base_patch16_224,consensus_weighted,43,ILSVRC2012_val_00040407.JPEG,True,2.880434513092041,-0.0039817458018660545,-0.0032142624258995056,0.5056135654449463,0.5066167116165161,-0.40904998779296875,-0.003505319356918335
visformer_small,vit_base_patch16_224,shuffled_semantic_weighted,42,ILSVRC2012_val_00040345.JPEG,True,2.8189029693603516,0.01347699947655201,0.01432018168270588,0.5066897869110107,0.5067030787467957,0.1394481658935547,0.01821855455636978
visformer_small,vit_base_patch16_224,shuffled_semantic_weighted,43,ILSVRC2012_val_00040407.JPEG,True,2.9251296520233154,-0.006213381886482239,-0.005553934723138809,0.5057398080825806,0.5063775777816772,-0.4233589172363281,0.01144060492515564
visformer_small,vit_base_patch16_224,permuted_weight,42,ILSVRC2012_val_00040345.JPEG,True,2.8922014236450195,0.01368764042854309,0.014458672143518925,0.5068492293357849,0.5066432952880859,0.19606590270996094,0.02663867175579071
visformer_small,vit_base_patch16_224,permuted_weight,43,ILSVRC2012_val_00040407.JPEG,True,2.880434274673462,-0.005351718980818987,-0.00513798650354147,0.5044509768486023,0.5036338567733765,-0.39379215240478516,-0.00862795114517212
visformer_small,vit_base_patch16_224,consensus_topk,42,ILSVRC2012_val_00040345.JPEG,True,1.6094379425048828,0.015974776819348335,0.016914695501327515,0.5065569281578064,0.507586658000946,0.18982219696044922,0.024444296956062317
visformer_small,vit_base_patch16_224,consensus_topk,43,ILSVRC2012_val_00040407.JPEG,True,1.6094379425048828,0.004677361808717251,0.00685076043009758,0.5045838356018066,0.5051419138908386,-0.36870479583740234,-0.002406299114227295
visformer_small,vit_base_patch16_224,uniform,44,ILSVRC2012_val_00040452.JPEG,True,2.995732069015503,0.01472525019198656,0.015581667423248291,0.5070152878761292,0.5068625211715698,0.18342304229736328,0.035029336810112
visformer_small,vit_base_patch16_224,uniform,45,ILSVRC2012_val_00040457.JPEG,True,2.995732069015503,0.043977830559015274,0.0447503961622715,0.518953263759613,0.5192057490348816,1.3505744934082031,0.6268676519393921
visformer_small,vit_base_patch16_224,phase_weighted,44,ILSVRC2012_val_00040452.JPEG,True,2.8723673820495605,0.013865957967936993,0.01477509643882513,0.5065037608146667,0.5065968036651611,0.21179485321044922,0.03781111538410187
visformer_small,vit_base_patch16_224,phase_weighted,45,ILSVRC2012_val_00040457.JPEG,True,2.8765246868133545,0.04617352783679962,0.0468522310256958,0.5189798474311829,0.5189067721366882,1.4000325202941895,0.6606954336166382
visformer_small,vit_base_patch16_224,flip_weighted,44,ILSVRC2012_val_00040452.JPEG,True,2.8370556831359863,0.011734472587704659,0.01246999204158783,0.5057331323623657,0.5056002736091614,0.18732833862304688,0.03284178674221039
visformer_small,vit_base_patch16_224,flip_weighted,45,ILSVRC2012_val_00040457.JPEG,True,2.888509511947632,0.04167346656322479,0.04258841276168823,0.5179634094238281,0.5194315910339355,1.4687066078186035,0.724402904510498
visformer_small,vit_base_patch16_224,consensus_weighted,44,ILSVRC2012_val_00040452.JPEG,True,2.8704330921173096,0.012865044176578522,0.013688554987311363,0.5055936574935913,0.5058194994926453,0.2066335678100586,0.035832300782203674
visformer_small,vit_base_patch16_224,consensus_weighted,45,ILSVRC2012_val_00040457.JPEG,True,2.8794171810150146,0.044854119420051575,0.04564441367983818,0.5188204050064087,0.5189931392669678,1.401374340057373,0.6629258394241333
visformer_small,vit_base_patch16_224,shuffled_semantic_weighted,44,ILSVRC2012_val_00040452.JPEG,True,2.9200551509857178,0.014924662187695503,0.01581154763698578,0.5068359375,0.507247805595398,0.2229909896850586,0.04279835522174835
visformer_small,vit_base_patch16_224,shuffled_semantic_weighted,45,ILSVRC2012_val_00040457.JPEG,True,2.8347647190093994,0.044136326760053635,0.04494611918926239,0.5185613036155701,0.5190064311027527,1.2943897247314453,0.6164604425430298
visformer_small,vit_base_patch16_224,permuted_weight,44,ILSVRC2012_val_00040452.JPEG,True,2.8704330921173096,0.014229152351617813,0.01516089029610157,0.5083107352256775,0.5073075890541077,0.17171573638916016,0.03358960151672363
visformer_small,vit_base_patch16_224,permuted_weight,45,ILSVRC2012_val_00040457.JPEG,True,2.8794174194335938,0.04459614306688309,0.045327916741371155,0.5189599394798279,0.5195977091789246,1.2550559043884277,0.5806136131286621
visformer_small,vit_base_patch16_224,consensus_topk,44,ILSVRC2012_val_00040452.JPEG,True,1.6094379425048828,0.008746098726987839,0.009473875164985657,0.5041786432266235,0.5038331747055054,0.12868690490722656,0.01808999478816986
visformer_small,vit_base_patch16_224,consensus_topk,45,ILSVRC2012_val_00040457.JPEG,True,1.6094379425048828,0.04368315637111664,0.04420435428619385,0.5170201063156128,0.5174585580825806,1.245096206665039,0.5796537399291992
visformer_small,vit_base_patch16_224,uniform,46,ILSVRC2012_val_00040494.JPEG,True,2.995732069015503,-0.00015214082668535411,-0.0006189450505189598,0.49300462007522583,0.49300462007522583,-0.004302024841308594,0.0006931573152542114
visformer_small,vit_base_patch16_224,uniform,47,ILSVRC2012_val_00040541.JPEG,True,2.995732069015503,0.006456270813941956,0.006856147199869156,0.5061450600624084,0.5074604153633118,0.0807638168334961,0.01779097318649292
visformer_small,vit_base_patch16_224,phase_weighted,46,ILSVRC2012_val_00040494.JPEG,True,2.869502305984497,0.000497872126288712,-6.458931602537632e-05,0.4924466013908386,0.4925861060619354,0.0023317337036132812,0.0009775236248970032
visformer_small,vit_base_patch16_224,phase_weighted,47,ILSVRC2012_val_00040541.JPEG,True,2.9017932415008545,0.006120088044553995,0.00666105467826128,0.5064838528633118,0.5070883631706238,0.08903694152832031,0.018844664096832275
visformer_small,vit_base_patch16_224,flip_weighted,46,ILSVRC2012_val_00040494.JPEG,True,2.944462537765503,0.0010477633913978934,0.0005646680947393179,0.49211442470550537,0.49250638484954834,0.0072269439697265625,0.0014813169836997986
visformer_small,vit_base_patch16_224,flip_weighted,47,ILSVRC2012_val_00040541.JPEG,True,2.9076857566833496,0.006300159730017185,0.006680904421955347,0.5064306855201721,0.5080450177192688,0.07000064849853516,0.015789344906806946
visformer_small,vit_base_patch16_224,consensus_weighted,46,ILSVRC2012_val_00040494.JPEG,True,2.912473440170288,0.0007677404792048037,0.0002369395806454122,0.49240007996559143,0.492373526096344,0.015773773193359375,0.0022628530859947205
visformer_small,vit_base_patch16_224,consensus_weighted,47,ILSVRC2012_val_00040541.JPEG,True,2.854323148727417,0.0060918596573174,0.00659695640206337,0.5070551633834839,0.5077859163284302,0.05880928039550781,0.014274373650550842
visformer_small,vit_base_patch16_224,shuffled_semantic_weighted,46,ILSVRC2012_val_00040494.JPEG,True,2.848018169403076,-0.0017285225912928581,-0.0021512883249670267,0.494027704000473,0.4939878284931183,0.011593818664550781,0.0019815415143966675
visformer_small,vit_base_patch16_224,shuffled_semantic_weighted,47,ILSVRC2012_val_00040541.JPEG,True,2.8032798767089844,0.006148267071694136,0.0067361569963395596,0.5061250925064087,0.5069887042045593,0.030389785766601562,0.00952485203742981
visformer_small,vit_base_patch16_224,permuted_weight,46,ILSVRC2012_val_00040494.JPEG,True,2.912473678588867,-0.0005360575742088258,-0.0009975567227229476,0.49293819069862366,0.4929315447807312,-0.02002429962158203,-0.001183144748210907
visformer_small,vit_base_patch16_224,permuted_weight,47,ILSVRC2012_val_00040541.JPEG,True,2.854322910308838,0.008821340277791023,0.009434514679014683,0.5068824291229248,0.5076995491981506,0.0663919448852539,0.015152603387832642
visformer_small,vit_base_patch16_224,consensus_topk,46,ILSVRC2012_val_00040494.JPEG,True,1.6094379425048828,0.00502736633643508,0.004627871327102184,0.4759845435619354,0.4941073954105377,0.051695823669433594,0.0056127384305000305
visformer_small,vit_base_patch16_224,consensus_topk,47,ILSVRC2012_val_00040541.JPEG,True,1.6094379425048828,0.004601912572979927,0.005739167332649231,0.5051552057266235,0.5069090127944946,0.03097820281982422,0.007763996720314026
visformer_small,vit_base_patch16_224,uniform,48,ILSVRC2012_val_00040601.JPEG,True,2.995732069015503,0.010357923805713654,0.010846172459423542,0.5039128661155701,0.503720223903656,0.2626361846923828,0.017832770943641663
visformer_small,vit_base_patch16_224,uniform,49,ILSVRC2012_val_00040634.JPEG,True,2.995732069015503,-0.016127213835716248,-0.017738033086061478,0.4959542453289032,0.49644583463668823,0.07376289367675781,0.013485059142112732
visformer_small,vit_base_patch16_224,phase_weighted,48,ILSVRC2012_val_00040601.JPEG,True,2.920560359954834,0.010454087518155575,0.010672969743609428,0.5047565698623657,0.5045240521430969,0.2621269226074219,0.02026614546775818
visformer_small,vit_base_patch16_224,phase_weighted,49,ILSVRC2012_val_00040634.JPEG,True,2.862258195877075,-0.014859491027891636,-0.016414444893598557,0.49661192297935486,0.49563536047935486,0.06381034851074219,0.0118333101272583
visformer_small,vit_base_patch16_224,flip_weighted,48,ILSVRC2012_val_00040601.JPEG,True,2.9129559993743896,0.013560282066464424,0.014397190883755684,0.5041653513908386,0.5039328336715698,0.2689695358276367,0.017497599124908447
visformer_small,vit_base_patch16_224,flip_weighted,49,ILSVRC2012_val_00040634.JPEG,True,2.865652561187744,-0.015307574532926083,-0.016873497515916824,0.4970437288284302,0.4959276616573334,0.06046295166015625,0.012416288256645203
visformer_small,vit_base_patch16_224,consensus_weighted,48,ILSVRC2012_val_00040601.JPEG,True,2.9324135780334473,0.013933142647147179,0.014571938663721085,0.5045240521430969,0.5040524005889893,0.27611637115478516,0.01982002705335617
visformer_small,vit_base_patch16_224,consensus_weighted,49,ILSVRC2012_val_00040634.JPEG,True,2.876892566680908,-0.015014737844467163,-0.016571026295423508,0.4965322017669678,0.49571508169174194,0.06539344787597656,0.013259649276733398
visformer_small,vit_base_patch16_224,shuffled_semantic_weighted,48,ILSVRC2012_val_00040601.JPEG,True,2.899441719055176,0.003963293507695198,0.004047755151987076,0.5034213066101074,0.5040258169174194,0.23375892639160156,0.014103837311267853
visformer_small,vit_base_patch16_224,shuffled_semantic_weighted,49,ILSVRC2012_val_00040634.JPEG,True,2.8661134243011475,-0.014196803793311119,-0.015730883926153183,0.49597418308258057,0.49584129452705383,0.07619285583496094,0.013065293431282043
visformer_small,vit_base_patch16_224,permuted_weight,48,ILSVRC2012_val_00040601.JPEG,True,2.9324135780334473,0.008609331212937832,0.008918060921132565,0.504298210144043,0.5041520595550537,0.3263406753540039,0.0251457616686821
visformer_small,vit_base_patch16_224,permuted_weight,49,ILSVRC2012_val_00040634.JPEG,True,2.876892566680908,-0.019321948289871216,-0.021029269322752953,0.49404096603393555,0.49388816952705383,0.09662818908691406,0.016845688223838806
visformer_small,vit_base_patch16_224,consensus_topk,48,ILSVRC2012_val_00040601.JPEG,True,1.6094379425048828,0.013931344263255596,0.014623974449932575,0.5037600994110107,0.5041985511779785,0.3108024597167969,0.02453453093767166
visformer_small,vit_base_patch16_224,consensus_topk,49,ILSVRC2012_val_00040634.JPEG,True,1.6094379425048828,-0.010604377835988998,-0.01194954477250576,0.49769479036331177,0.49751541018486023,0.052459716796875,0.010055407881736755
visformer_small,vit_base_patch16_224,uniform,50,ILSVRC2012_val_00040798.JPEG,True,2.995732069015503,0.008009932935237885,0.006761346943676472,0.5048496127128601,0.5049625039100647,0.15477466583251953,0.015032671391963959
visformer_small,vit_base_patch16_224,uniform,51,ILSVRC2012_val_00040930.JPEG,True,2.995732069015503,0.03857140243053436,0.04327979311347008,0.5094068646430969,0.5120044350624084,0.43181610107421875,0.12376978993415833
visformer_small,vit_base_patch16_224,phase_weighted,50,ILSVRC2012_val_00040798.JPEG,True,2.9163780212402344,0.010288110934197903,0.009397963061928749,0.5046370029449463,0.50390625,0.1501750946044922,0.014199584722518921
visformer_small,vit_base_patch16_224,phase_weighted,51,ILSVRC2012_val_00040930.JPEG,True,2.6971120834350586,0.034413523972034454,0.038896024227142334,0.5078921914100647,0.5103967189788818,0.3324117660522461,0.08799269795417786
visformer_small,vit_base_patch16_224,flip_weighted,50,ILSVRC2012_val_00040798.JPEG,True,2.897045135498047,0.006807889323681593,0.005117104388773441,0.5036338567733765,0.5031489133834839,0.10292339324951172,0.010107912123203278
visformer_small,vit_base_patch16_224,flip_weighted,51,ILSVRC2012_val_00040930.JPEG,True,2.911884307861328,0.04010695964097977,0.045079272240400314,0.5108218789100647,0.5124627947807312,0.4354982376098633,0.13324537873268127
visformer_small,vit_base_patch16_224,consensus_weighted,50,ILSVRC2012_val_00040798.JPEG,True,2.8987343311309814,0.011297844350337982,0.010352387093007565,0.5038132667541504,0.5035009980201721,0.16126537322998047,0.015156112611293793
visformer_small,vit_base_patch16_224,consensus_weighted,51,ILSVRC2012_val_00040930.JPEG,True,2.815148115158081,0.037054434418678284,0.04179804027080536,0.5085233449935913,0.5111939311027527,0.38139915466308594,0.1071181446313858
visformer_small,vit_base_patch16_224,shuffled_semantic_weighted,50,ILSVRC2012_val_00040798.JPEG,True,2.849472761154175,0.006443636491894722,0.005743242800235748,0.5046237111091614,0.5050355792045593,0.1594829559326172,0.0164848193526268
visformer_small,vit_base_patch16_224,shuffled_semantic_weighted,51,ILSVRC2012_val_00040930.JPEG,True,2.884467124938965,0.03796495124697685,0.042615801095962524,0.5094068646430969,0.5116456747055054,0.4172077178955078,0.11895878612995148
visformer_small,vit_base_patch16_224,permuted_weight,50,ILSVRC2012_val_00040798.JPEG,True,2.8987338542938232,0.007216449826955795,0.006248707417398691,0.5043712854385376,0.5044443607330322,0.13755226135253906,0.013483002781867981
visformer_small,vit_base_patch16_224,permuted_weight,51,ILSVRC2012_val_00040930.JPEG,True,2.815148115158081,0.03527592122554779,0.039668597280979156,0.5088222622871399,0.5122302770614624,0.41754817962646484,0.11046339571475983
visformer_small,vit_base_patch16_224,consensus_topk,50,ILSVRC2012_val_00040798.JPEG,True,1.6094379425048828,0.013784211128950119,0.01257720123976469,0.5018401741981506,0.5010895133018494,0.19068622589111328,0.018360987305641174
visformer_small,vit_base_patch16_224,consensus_topk,51,ILSVRC2012_val_00040930.JPEG,True,1.6094379425048828,0.03427249938249588,0.039497897028923035,0.49038052558898926,0.5106890201568604,0.38721561431884766,0.10988931357860565
visformer_small,vit_base_patch16_224,uniform,52,ILSVRC2012_val_00040952.JPEG,True,2.995732069015503,0.048126354813575745,0.05242884159088135,0.5160302519798279,0.5159438848495483,0.5381669998168945,0.18751920759677887
visformer_small,vit_base_patch16_224,uniform,53,ILSVRC2012_val_00040966.JPEG,True,2.995732069015503,0.008024152368307114,0.0089701684191823,0.5066897869110107,0.5074737071990967,0.07608699798583984,0.014047421514987946
visformer_small,vit_base_patch16_224,phase_weighted,52,ILSVRC2012_val_00040952.JPEG,True,2.9071316719055176,0.0479586087167263,0.05218770354986191,0.5163823366165161,0.5165085792541504,0.5742034912109375,0.2066672295331955
visformer_small,vit_base_patch16_224,phase_weighted,53,ILSVRC2012_val_00040966.JPEG,True,2.8999581336975098,0.0081403199583292,0.009085923433303833,0.5075467824935913,0.5081512928009033,0.07219982147216797,0.012731410562992096
visformer_small,vit_base_patch16_224,flip_weighted,52,ILSVRC2012_val_00040952.JPEG,True,2.8952062129974365,0.047465164214372635,0.05156217887997627,0.5137250423431396,0.5141103267669678,0.5204458236694336,0.18434102833271027
visformer_small,vit_base_patch16_224,flip_weighted,53,ILSVRC2012_val_00040966.JPEG,True,2.8978400230407715,0.008462296798825264,0.009340910241007805,0.5071614384651184,0.5076397657394409,0.149658203125,0.02352531999349594
visformer_small,vit_base_patch16_224,consensus_weighted,52,ILSVRC2012_val_00040952.JPEG,True,2.887256145477295,0.047275226563215256,0.05133631080389023,0.513857901096344,0.5139442682266235,0.5221490859985352,0.18506471812725067
visformer_small,vit_base_patch16_224,consensus_weighted,53,ILSVRC2012_val_00040966.JPEG,True,2.8872568607330322,0.008316184394061565,0.009224047884345055,0.5077460408210754,0.508390486240387,0.09040260314941406,0.014963574707508087
visformer_small,vit_base_patch16_224,shuffled_semantic_weighted,52,ILSVRC2012_val_00040952.JPEG,True,2.8940138816833496,0.0437016487121582,0.0477861724793911,0.5143760442733765,0.5134592652320862,0.4493732452392578,0.15406139194965363
visformer_small,vit_base_patch16_224,shuffled_semantic_weighted,53,ILSVRC2012_val_00040966.JPEG,True,2.9134628772735596,0.008235635235905647,0.009041409008204937,0.5066831707954407,0.5077660083770752,0.07164669036865234,0.012150324881076813
visformer_small,vit_base_patch16_224,permuted_weight,52,ILSVRC2012_val_00040952.JPEG,True,2.887256383895874,0.04734964668750763,0.05182451382279396,0.5164620280265808,0.5167078375816345,0.6235580444335938,0.22164253890514374
visformer_small,vit_base_patch16_224,permuted_weight,53,ILSVRC2012_val_00040966.JPEG,True,2.8872573375701904,0.006855937652289867,0.007801767438650131,0.5065702199935913,0.5071614384651184,0.08024406433105469,0.014048554003238678
visformer_small,vit_base_patch16_224,consensus_topk,52,ILSVRC2012_val_00040952.JPEG,True,1.6094379425048828,0.03941437602043152,0.04294324293732643,0.5116855502128601,0.5124561786651611,0.43674373626708984,0.1553434282541275
visformer_small,vit_base_patch16_224,consensus_topk,53,ILSVRC2012_val_00040966.JPEG,True,1.6094379425048828,0.008875282481312752,0.00989630725234747,0.5065303444862366,0.5073939561843872,0.0996856689453125,0.015920408070087433
visformer_small,vit_base_patch16_224,uniform,54,ILSVRC2012_val_00041010.JPEG,True,2.995732069015503,-0.006472368724644184,-0.007458262145519257,0.4978475868701935,0.49732276797294617,0.04753589630126953,0.006404310464859009
visformer_small,vit_base_patch16_224,uniform,55,ILSVRC2012_val_00041063.JPEG,True,2.995732069015503,0.027852749451994896,0.024900522083044052,0.5153459906578064,0.5148875713348389,1.5960726737976074,0.5259857773780823
visformer_small,vit_base_patch16_224,phase_weighted,54,ILSVRC2012_val_00041010.JPEG,True,2.925222396850586,-0.004805624485015869,-0.005805436056107283,0.49811995029449463,0.49825945496559143,0.053994178771972656,0.00726848840713501
visformer_small,vit_base_patch16_224,phase_weighted,55,ILSVRC2012_val_00041063.JPEG,True,2.8504819869995117,0.029084840789437294,0.026274211704730988,0.5144690871238708,0.5136784911155701,1.5914826393127441,0.5063402652740479
visformer_small,vit_base_patch16_224,flip_weighted,54,ILSVRC2012_val_00041010.JPEG,True,2.8729519844055176,-0.007721574045717716,-0.008747722953557968,0.49802693724632263,0.49734267592430115,0.04672050476074219,0.006294921040534973
visformer_small,vit_base_patch16_224,flip_weighted,55,ILSVRC2012_val_00041063.JPEG,True,2.919705390930176,0.031191881746053696,0.02862374670803547,0.5154589414596558,0.515213131904602,1.6338849067687988,0.5199414491653442
visformer_small,vit_base_patch16_224,consensus_weighted,54,ILSVRC2012_val_00041010.JPEG,True,2.8751370906829834,-0.007325639016926289,-0.00841983687132597,0.497953861951828,0.49763497710227966,0.03869152069091797,0.005078226327896118
visformer_small,vit_base_patch16_224,consensus_weighted,55,ILSVRC2012_val_00041063.JPEG,True,2.9221928119659424,0.030305195599794388,0.027564173564314842,0.5148277878761292,0.5135921835899353,1.7384881973266602,0.5829713940620422
visformer_small,vit_base_patch16_224,shuffled_semantic_weighted,54,ILSVRC2012_val_00041010.JPEG,True,2.866734266281128,-0.0048219915479421616,-0.005777314770966768,0.49742239713668823,0.49707695841789246,0.05495738983154297,0.007323548197746277
visformer_small,vit_base_patch16_224,shuffled_semantic_weighted,55,ILSVRC2012_val_00041063.JPEG,True,2.8298773765563965,0.02985629253089428,0.027092909440398216,0.5151533484458923,0.5147547125816345,1.6080999374389648,0.5524997711181641
visformer_small,vit_base_patch16_224,permuted_weight,54,ILSVRC2012_val_00041010.JPEG,True,2.8751370906829834,-0.007950077764689922,-0.008954864926636219,0.4984454810619354,0.49808672070503235,0.091033935546875,0.01260635256767273
visformer_small,vit_base_patch16_224,permuted_weight,55,ILSVRC2012_val_00041063.JPEG,True,2.9221928119659424,0.0319104939699173,0.029278675094246864,0.5151533484458923,0.5148012042045593,1.575183391571045,0.5006198883056641
visformer_small,vit_base_patch16_224,consensus_topk,54,ILSVRC2012_val_00041010.JPEG,True,1.6094379425048828,-0.004413382150232792,-0.005396384280174971,0.4984321892261505,0.498159795999527,-0.0012712478637695312,-0.0004014819860458374
visformer_small,vit_base_patch16_224,consensus_topk,55,ILSVRC2012_val_00041063.JPEG,True,1.6094379425048828,0.029527932405471802,0.02782045491039753,0.514834463596344,0.5139110088348389,1.4695611000061035,0.5171953439712524
visformer_small,vit_base_patch16_224,uniform,56,ILSVRC2012_val_00041080.JPEG,True,2.995732069015503,0.008479341864585876,0.00992071907967329,0.5070352554321289,0.5078921914100647,-0.013434410095214844,0.009208142757415771
visformer_small,vit_base_patch16_224,uniform,57,ILSVRC2012_val_00041241.JPEG,True,2.995732069015503,-0.0027336294297128916,-0.002757228910923004,0.5057398080825806,0.5057198405265808,0.12824344635009766,0.014622434973716736
visformer_small,vit_base_patch16_224,phase_weighted,56,ILSVRC2012_val_00041080.JPEG,True,2.8069961071014404,0.010965309105813503,0.012292308732867241,0.5053146481513977,0.5054142475128174,-0.01010894775390625,0.008499205112457275
visformer_small,vit_base_patch16_224,phase_weighted,57,ILSVRC2012_val_00041241.JPEG,True,2.9537672996520996,-0.005251872353255749,-0.005313383415341377,0.5053345561027527,0.5050621628761292,0.08783721923828125,0.015525639057159424
visformer_small,vit_base_patch16_224,flip_weighted,56,ILSVRC2012_val_00041080.JPEG,True,2.886916399002075,0.00804660189896822,0.009755231440067291,0.5075932741165161,0.5081977844238281,-0.005064964294433594,0.01211199164390564
visformer_small,vit_base_patch16_224,flip_weighted,57,ILSVRC2012_val_00041241.JPEG,True,2.9014840126037598,-0.0011359711643308401,-0.0012677605263888836,0.5057464241981506,0.5059390664100647,0.06491851806640625,0.022999808192253113
visformer_small,vit_base_patch16_224,consensus_weighted,56,ILSVRC2012_val_00041080.JPEG,True,2.741680383682251,0.01075028721243143,0.012098219245672226,0.5060055255889893,0.5056467652320862,-0.018171310424804688,0.007819384336471558
visformer_small,vit_base_patch16_224,consensus_weighted,57,ILSVRC2012_val_00041241.JPEG,True,2.9073920249938965,-0.0037485493812710047,-0.0038892426528036594,0.5060254335403442,0.5053146481513977,0.11178112030029297,0.014460884034633636
visformer_small,vit_base_patch16_224,shuffled_semantic_weighted,56,ILSVRC2012_val_00041080.JPEG,True,2.76117205619812,0.009548804722726345,0.010653361678123474,0.5060918927192688,0.5063775777816772,-0.007882118225097656,0.008843421936035156
visformer_small,vit_base_patch16_224,shuffled_semantic_weighted,57,ILSVRC2012_val_00041241.JPEG,True,2.8448305130004883,0.00724403653293848,0.007380363531410694,0.5053877234458923,0.5055006146430969,0.17204761505126953,0.0211784690618515
visformer_small,vit_base_patch16_224,permuted_weight,56,ILSVRC2012_val_00041080.JPEG,True,2.741680383682251,0.01100841537117958,0.012740985490381718,0.5066632032394409,0.5072677731513977,-0.0067920684814453125,0.009803831577301025
visformer_small,vit_base_patch16_224,permuted_weight,57,ILSVRC2012_val_00041241.JPEG,True,2.9073922634124756,-0.0012427433393895626,-0.0009836188983172178,0.5061848759651184,0.5064041018486023,0.124603271484375,0.02283252775669098
visformer_small,vit_base_patch16_224,consensus_topk,56,ILSVRC2012_val_00041080.JPEG,True,1.6094379425048828,0.01209980994462967,0.013479698449373245,0.5048496127128601,0.5058062076568604,0.0032444000244140625,0.010962635278701782
visformer_small,vit_base_patch16_224,consensus_topk,57,ILSVRC2012_val_00041241.JPEG,True,1.6094379425048828,-0.0054743653163313866,-0.005780654959380627,0.5034213066101074,0.5039727091789246,0.07202339172363281,0.007162444293498993
visformer_small,vit_base_patch16_224,uniform,58,ILSVRC2012_val_00041354.JPEG,True,2.995732069015503,0.03467166796326637,0.034680865705013275,0.5167477130889893,0.5163092613220215,0.6760187149047852,0.6488680243492126
visformer_small,vit_base_patch16_224,uniform,59,ILSVRC2012_val_00041406.JPEG,True,2.995732069015503,0.05775095894932747,0.058041106909513474,0.5177973508834839,0.5177707672119141,1.0508546829223633,0.2543468475341797
visformer_small,vit_base_patch16_224,phase_weighted,58,ILSVRC2012_val_00041354.JPEG,True,2.8176259994506836,0.031114226207137108,0.031246457248926163,0.5151134729385376,0.5155453085899353,0.6040158271789551,0.5625330805778503
visformer_small,vit_base_patch16_224,phase_weighted,59,ILSVRC2012_val_00041406.JPEG,True,2.8602640628814697,0.05946505814790726,0.059815891087055206,0.5193983912467957,0.5188602805137634,1.0603876113891602,0.25165754556655884
visformer_small,vit_base_patch16_224,flip_weighted,58,ILSVRC2012_val_00041354.JPEG,True,2.863032341003418,0.03582054376602173,0.035847000777721405,0.5166746377944946,0.5168606638908386,0.4840216636657715,0.4127649664878845
visformer_small,vit_base_patch16_224,flip_weighted,59,ILSVRC2012_val_00041406.JPEG,True,2.9156651496887207,0.056747302412986755,0.057022981345653534,0.5174319744110107,0.5171263813972473,1.032151222229004,0.24585945904254913
visformer_small,vit_base_patch16_224,consensus_weighted,58,ILSVRC2012_val_00041354.JPEG,True,2.8830676078796387,0.03418692573904991,0.03418082743883133,0.5164620280265808,0.5164620280265808,0.533172607421875,0.44766777753829956
visformer_small,vit_base_patch16_224,consensus_weighted,59,ILSVRC2012_val_00041406.JPEG,True,2.914743423461914,0.05803072825074196,0.05828249827027321,0.5180364847183228,0.5179103016853333,1.0092267990112305,0.23892314732074738
visformer_small,vit_base_patch16_224,shuffled_semantic_weighted,58,ILSVRC2012_val_00041354.JPEG,True,2.929831027984619,0.0355924516916275,0.03555983304977417,0.5158243179321289,0.516209602355957,0.687415599822998,0.7063199877738953
visformer_small,vit_base_patch16_224,shuffled_semantic_weighted,59,ILSVRC2012_val_00041406.JPEG,True,2.8961570262908936,0.05827932432293892,0.0587620809674263,0.5183886289596558,0.5184284448623657,1.1029844284057617,0.27303820848464966
visformer_small,vit_base_patch16_224,permuted_weight,58,ILSVRC2012_val_00041354.JPEG,True,2.8830671310424805,0.032928869128227234,0.03298034146428108,0.5153526067733765,0.5160966515541077,0.600794792175293,0.527624785900116
visformer_small,vit_base_patch16_224,permuted_weight,59,ILSVRC2012_val_00041406.JPEG,True,2.914743423461914,0.056261129677295685,0.056434836238622665,0.5175116658210754,0.5174385905265808,1.0352363586425781,0.2617458701133728
visformer_small,vit_base_patch16_224,consensus_topk,58,ILSVRC2012_val_00041354.JPEG,True,1.6094379425048828,0.026776276528835297,0.02667256072163582,0.5132135152816772,0.5131935477256775,0.4316415786743164,0.27614516019821167
visformer_small,vit_base_patch16_224,consensus_topk,59,ILSVRC2012_val_00041406.JPEG,True,1.6094379425048828,0.048926450312137604,0.04930416867136955,0.5149939060211182,0.5150868892669678,0.9018630981445312,0.20115156471729279
visformer_small,vit_base_patch16_224,uniform,60,ILSVRC2012_val_00041468.JPEG,True,2.995732069015503,-0.0050965226255357265,-0.004816455766558647,0.501581072807312,0.5016209483146667,0.10525226593017578,0.1339452564716339
visformer_small,vit_base_patch16_224,uniform,61,ILSVRC2012_val_00041474.JPEG,True,2.995732069015503,-0.0061721196398139,-0.0060495650395751,0.5022188425064087,0.5021856427192688,-0.014684677124023438,0.019126147031784058
visformer_small,vit_base_patch16_224,phase_weighted,60,ILSVRC2012_val_00041468.JPEG,True,2.8340320587158203,-0.004181756637990475,-0.003660554066300392,0.5014216899871826,0.5020527839660645,0.06265735626220703,0.08713585138320923
visformer_small,vit_base_patch16_224,phase_weighted,61,ILSVRC2012_val_00041474.JPEG,True,2.8617630004882812,-0.008003548718988895,-0.007812080439180136,0.5022786259651184,0.5016475319862366,-0.01652240753173828,0.018952354788780212
visformer_small,vit_base_patch16_224,flip_weighted,60,ILSVRC2012_val_00041468.JPEG,True,2.875842809677124,-0.0020871113520115614,-0.00185211724601686,0.5011028051376343,0.5009366869926453,0.037575721740722656,0.0684347152709961
visformer_small,vit_base_patch16_224,flip_weighted,61,ILSVRC2012_val_00041474.JPEG,True,2.90450119972229,-0.008467359468340874,-0.008286036550998688,0.5017405152320862,0.5015146732330322,0.003627777099609375,0.02094590663909912
visformer_small,vit_base_patch16_224,consensus_weighted,60,ILSVRC2012_val_00041468.JPEG,True,2.807159900665283,-0.0028316890820860863,-0.0023180432617664337,0.5008835792541504,0.5014880895614624,0.06061363220214844,0.08017879724502563
visformer_small,vit_base_patch16_224,consensus_weighted,61,ILSVRC2012_val_00041474.JPEG,True,2.765721321105957,-0.009016068652272224,-0.008795560337603092,0.5024314522743225,0.5017073154449463,-0.019369125366210938,0.017608553171157837
visformer_small,vit_base_patch16_224,shuffled_semantic_weighted,60,ILSVRC2012_val_00041468.JPEG,True,2.854501724243164,-0.0014119958505034447,-0.0012909220531582832,0.5021723508834839,0.5020793676376343,0.1362295150756836,0.098491370677948
visformer_small,vit_base_patch16_224,shuffled_semantic_weighted,61,ILSVRC2012_val_00041474.JPEG,True,2.901125907897949,-0.008353717625141144,-0.008280987851321697,0.5017737746238708,0.5016874074935913,0.013484001159667969,0.021476343274116516
visformer_small,vit_base_patch16_224,permuted_weight,60,ILSVRC2012_val_00041468.JPEG,True,2.8071603775024414,-0.008000539615750313,-0.007367150858044624,0.5004185438156128,0.5013220310211182,0.14754295349121094,0.12453743815422058
visformer_small,vit_base_patch16_224,permuted_weight,61,ILSVRC2012_val_00041474.JPEG,True,2.765721082687378,-0.006080032326281071,-0.005964058451354504,0.5030293464660645,0.5033349394798279,-0.01574420928955078,0.017000004649162292
visformer_small,vit_base_patch16_224,consensus_topk,60,ILSVRC2012_val_00041468.JPEG,True,1.6094379425048828,-0.0033728652633726597,-0.002573778387159109,0.49950841069221497,0.4993622303009033,0.09583091735839844,0.06140542030334473
visformer_small,vit_base_patch16_224,consensus_topk,61,ILSVRC2012_val_00041474.JPEG,True,1.6094379425048828,-0.010442778468132019,-0.01027386449277401,0.5032418966293335,0.5029429793357849,0.05965995788574219,0.025543272495269775
visformer_small,vit_base_patch16_224,uniform,62,ILSVRC2012_val_00041483.JPEG,True,2.995732069015503,-0.0010030699195340276,-0.0015517387073487043,0.5021856427192688,0.5020859837532043,-0.15268230438232422,-0.0031477585434913635
visformer_small,vit_base_patch16_224,uniform,63,ILSVRC2012_val_00041486.JPEG,True,2.995732069015503,-0.0007307532359845936,-0.0018060541478917003,0.5018401741981506,0.5010230541229248,0.1609964370727539,0.029556408524513245
visformer_small,vit_base_patch16_224,phase_weighted,62,ILSVRC2012_val_00041483.JPEG,True,2.874159812927246,-0.0005827306304126978,-0.0010191799374297261,0.501973032951355,0.5013153553009033,-0.07141304016113281,0.004884928464889526
visformer_small,vit_base_patch16_224,phase_weighted,63,ILSVRC2012_val_00041486.JPEG,True,2.833437919616699,0.0019972766749560833,0.0010511560831218958,0.5008304119110107,0.5006709694862366,0.11835575103759766,0.022007346153259277
visformer_small,vit_base_patch16_224,flip_weighted,62,ILSVRC2012_val_00041483.JPEG,True,2.8860552310943604,-0.0005111654754728079,-0.0010728624183684587,0.5028499960899353,0.5026440024375916,-0.16823387145996094,0.004988744854927063
visformer_small,vit_base_patch16_224,flip_weighted,63,ILSVRC2012_val_00041486.JPEG,True,2.86908221244812,0.0013718587579205632,0.0004207241872791201,0.500564694404602,0.5004052519798279,0.10704231262207031,0.019747570157051086
visformer_small,vit_base_patch16_224,consensus_weighted,62,ILSVRC2012_val_00041483.JPEG,True,2.8898725509643555,0.0003514793934300542,-0.00010884285438805819,0.5005514025688171,0.5007174611091614,-0.1368274688720703,-0.0021776556968688965
visformer_small,vit_base_patch16_224,consensus_weighted,63,ILSVRC2012_val_00041486.JPEG,True,2.8280911445617676,0.0018430697964504361,0.000921058701351285,0.5008569955825806,0.5008569955825806,0.09563732147216797,0.017902076244354248
visformer_small,vit_base_patch16_224,shuffled_semantic_weighted,62,ILSVRC2012_val_00041483.JPEG,True,2.8602051734924316,-0.0013343243626877666,-0.0017230854136869311,0.5027370452880859,0.5023317933082581,-0.08595085144042969,0.000734373927116394
visformer_small,vit_base_patch16_224,shuffled_semantic_weighted,63,ILSVRC2012_val_00041486.JPEG,True,2.8567922115325928,0.0013055605813860893,0.00011971144704148173,0.502703845500946,0.5016276240348816,0.20285415649414062,0.0371122807264328
visformer_small,vit_base_patch16_224,permuted_weight,62,ILSVRC2012_val_00041483.JPEG,True,2.8898723125457764,-0.001160341314971447,-0.0016567385755479336,0.5031489133834839,0.5029761791229248,-0.11159610748291016,-0.0008367300033569336
visformer_small,vit_base_patch16_224,permuted_weight,63,ILSVRC2012_val_00041486.JPEG,True,2.8280911445617676,-0.0009814768563956022,-0.0019226751755923033,0.5011758804321289,0.5019398331642151,0.25027942657470703,0.04518932104110718
visformer_small,vit_base_patch16_224,consensus_topk,62,ILSVRC2012_val_00041483.JPEG,True,1.6094379425048828,0.002040453488007188,0.0017580107087269425,0.5023782849311829,0.5029429793357849,-0.05075645446777344,0.003593355417251587
visformer_small,vit_base_patch16_224,consensus_topk,63,ILSVRC2012_val_00041486.JPEG,True,1.6094379425048828,0.0037367548793554306,0.00326132052578032,0.46471089124679565,0.49992692470550537,0.14748287200927734,0.024875953793525696
visformer_small,cait_s24_224,uniform,0,ILSVRC2012_val_00037758.JPEG,True,2.995732069015503,0.01631562039256096,0.016450129449367523,0.5044642686843872,0.5048562288284302,0.007342338562011719,0.0011381134390830994
visformer_small,cait_s24_224,uniform,1,ILSVRC2012_val_00037916.JPEG,True,2.995732069015503,0.017383353784680367,0.01819598488509655,0.5091478228569031,0.5093138813972473,0.03693199157714844,0.006710335612297058
visformer_small,cait_s24_224,phase_weighted,0,ILSVRC2012_val_00037758.JPEG,True,2.8913774490356445,0.014353971928358078,0.014298301190137863,0.504318118095398,0.5036139488220215,-0.00026702880859375,0.0005239173769950867
visformer_small,cait_s24_224,phase_weighted,1,ILSVRC2012_val_00037916.JPEG,True,2.8600850105285645,0.019351357594132423,0.020561672747135162,0.5088355541229248,0.5100646018981934,0.12495613098144531,0.011662781238555908
visformer_small,cait_s24_224,flip_weighted,0,ILSVRC2012_val_00037758.JPEG,True,2.891493320465088,0.024111852049827576,0.024274732917547226,0.5044642686843872,0.5050621628761292,0.0023794174194335938,0.00047069787979125977
visformer_small,cait_s24_224,flip_weighted,1,ILSVRC2012_val_00037916.JPEG,True,2.9187068939208984,0.014175722375512123,0.014401442371308804,0.5074737071990967,0.5078125,0.09529876708984375,0.008827388286590576
visformer_small,cait_s24_224,consensus_weighted,0,ILSVRC2012_val_00037758.JPEG,True,2.856785535812378,0.017900235950946808,0.017701376229524612,0.5047034621238708,0.5047831535339355,-0.015755653381347656,-0.0008939653635025024
visformer_small,cait_s24_224,consensus_weighted,1,ILSVRC2012_val_00037916.JPEG,True,2.8860621452331543,0.015521116554737091,0.015813061967492104,0.5082376599311829,0.5088820457458496,0.10475540161132812,0.009378612041473389
visformer_small,cait_s24_224,shuffled_semantic_weighted,0,ILSVRC2012_val_00037758.JPEG,True,2.913027286529541,0.016941048204898834,0.01699618436396122,0.5052680969238281,0.5060321092605591,0.0519561767578125,0.004413232207298279
visformer_small,cait_s24_224,shuffled_semantic_weighted,1,ILSVRC2012_val_00037916.JPEG,True,2.8559532165527344,0.021886257454752922,0.023095915094017982,0.5088023543357849,0.5100247263908386,0.16149330139160156,0.014118127524852753
visformer_small,cait_s24_224,permuted_weight,0,ILSVRC2012_val_00037758.JPEG,True,2.8567850589752197,0.013994775712490082,0.013922406360507011,0.5041985511779785,0.5041254758834839,0.08860397338867188,0.007494084537029266
visformer_small,cait_s24_224,permuted_weight,1,ILSVRC2012_val_00037916.JPEG,True,2.8860621452331543,0.013880850747227669,0.014297683723270893,0.5078921914100647,0.5085565447807312,0.11014842987060547,0.00936618447303772
visformer_small,cait_s24_224,consensus_topk,0,ILSVRC2012_val_00037758.JPEG,True,1.6094379425048828,0.022035233676433563,0.021690480411052704,0.5036139488220215,0.503720223903656,-0.06882572174072266,-0.004269801080226898
visformer_small,cait_s24_224,consensus_topk,1,ILSVRC2012_val_00037916.JPEG,True,1.6094379425048828,0.008433526381850243,0.008085194043815136,0.5050156712532043,0.5058261752128601,0.09319591522216797,0.008685082197189331
visformer_small,cait_s24_224,uniform,2,ILSVRC2012_val_00037926.JPEG,True,2.995732069015503,-0.0037828399799764156,-0.0037309122271835804,0.5016940236091614,0.5012223720550537,-0.09843063354492188,-0.007447913289070129
visformer_small,cait_s24_224,uniform,3,ILSVRC2012_val_00037929.JPEG,True,2.995732069015503,-0.00837724283337593,-0.008129979483783245,0.5006510615348816,0.5014814734458923,-0.23748111724853516,-0.0014596953988075256
visformer_small,cait_s24_224,phase_weighted,2,ILSVRC2012_val_00037926.JPEG,True,2.756031036376953,-0.001013978966511786,-0.0009190239943563938,0.5006775856018066,0.5006310939788818,-0.028570175170898438,-0.0019629299640655518
visformer_small,cait_s24_224,phase_weighted,3,ILSVRC2012_val_00037929.JPEG,True,2.7936346530914307,-0.0033725998364388943,-0.0032143499702215195,0.5024646520614624,0.5027636289596558,-0.23015594482421875,-0.003078717738389969
visformer_small,cait_s24_224,flip_weighted,2,ILSVRC2012_val_00037926.JPEG,True,2.9037511348724365,-0.0020852889865636826,-0.002051685471087694,0.5015744566917419,0.5014216899871826,-0.09645271301269531,-0.007564730942249298
visformer_small,cait_s24_224,flip_weighted,3,ILSVRC2012_val_00037929.JPEG,True,2.9298624992370605,-0.008324604481458664,-0.008111572824418545,0.5009366869926453,0.5012223720550537,-0.2597208023071289,-0.0023507364094257355
visformer_small,cait_s24_224,consensus_weighted,2,ILSVRC2012_val_00037926.JPEG,True,2.830446243286133,-0.001087330630980432,-0.0010185929713770747,0.5015744566917419,0.5010164380073547,-0.04813385009765625,-0.0037809908390045166
visformer_small,cait_s24_224,consensus_weighted,3,ILSVRC2012_val_00037929.JPEG,True,2.8848724365234375,-0.0052438233979046345,-0.005069454200565815,0.5013286471366882,0.5018003582954407,-0.22003746032714844,-0.0008557438850402832
visformer_small,cait_s24_224,shuffled_semantic_weighted,2,ILSVRC2012_val_00037926.JPEG,True,2.8762922286987305,-0.01058591715991497,-0.01036706194281578,0.5018601417541504,0.5010164380073547,-0.13877296447753906,-0.010201886296272278
visformer_small,cait_s24_224,shuffled_semantic_weighted,3,ILSVRC2012_val_00037929.JPEG,True,2.872448205947876,-0.013695042580366135,-0.013240410014986992,0.500750720500946,0.5005182027816772,-0.1967000961303711,0.000168483704328537
visformer_small,cait_s24_224,permuted_weight,2,ILSVRC2012_val_00037926.JPEG,True,2.830446243286133,0.00039627798832952976,0.0005179313011467457,0.5013951063156128,0.5014747977256775,-0.10201644897460938,-0.007458291947841644
visformer_small,cait_s24_224,permuted_weight,3,ILSVRC2012_val_00037929.JPEG,True,2.8848721981048584,-0.012715238146483898,-0.012474128976464272,0.500790536403656,0.5020129084587097,-0.2452707290649414,-0.00253257155418396
visformer_small,cait_s24_224,consensus_topk,2,ILSVRC2012_val_00037926.JPEG,True,1.6094379425048828,0.0019085382809862494,0.0018962761387228966,0.5006908774375916,0.5004318356513977,-0.14091777801513672,-0.010665997862815857
visformer_small,cait_s24_224,consensus_topk,3,ILSVRC2012_val_00037929.JPEG,True,1.6094379425048828,0.0013439415488392115,0.0013919190969318151,0.5014814734458923,0.5016143321990967,-0.11698436737060547,0.0017461180686950684
visformer_small,cait_s24_224,uniform,4,ILSVRC2012_val_00038033.JPEG,True,2.995732069015503,0.044995300471782684,0.049350954592227936,0.5063576102256775,0.5076397657394409,0.11555862426757812,0.048057325184345245
visformer_small,cait_s24_224,uniform,5,ILSVRC2012_val_00038096.JPEG,True,2.995732069015503,0.008632676675915718,0.010155083611607552,0.5158907175064087,0.5175449252128601,0.0907430648803711,0.06576249748468399
visformer_small,cait_s24_224,phase_weighted,4,ILSVRC2012_val_00038033.JPEG,True,2.857316255569458,0.0380813404917717,0.04244871437549591,0.5051950216293335,0.5067296624183655,0.08940315246582031,0.039787642657756805
visformer_small,cait_s24_224,phase_weighted,5,ILSVRC2012_val_00038096.JPEG,True,2.7995338439941406,0.00918346643447876,0.01070565264672041,0.5148078799247742,0.5166945457458496,-0.04616355895996094,0.048271991312503815
visformer_small,cait_s24_224,flip_weighted,4,ILSVRC2012_val_00038033.JPEG,True,2.9088501930236816,0.044927410781383514,0.049006469547748566,0.5054541230201721,0.5064173936843872,0.08661556243896484,0.03625834733247757
visformer_small,cait_s24_224,flip_weighted,5,ILSVRC2012_val_00038096.JPEG,True,2.913163900375366,0.010282846167683601,0.011577876284718513,0.5153260231018066,0.516787588596344,0.051143646240234375,0.058116815984249115
visformer_small,cait_s24_224,consensus_weighted,4,ILSVRC2012_val_00038033.JPEG,True,2.8637609481811523,0.03972729668021202,0.043984442949295044,0.5048894286155701,0.5057265162467957,0.09935760498046875,0.03772052377462387
visformer_small,cait_s24_224,consensus_weighted,5,ILSVRC2012_val_00038096.JPEG,True,2.8252012729644775,0.009800519794225693,0.011183178052306175,0.5145089030265808,0.5160302519798279,-0.052741050720214844,0.044269807636737823
visformer_small,cait_s24_224,shuffled_semantic_weighted,4,ILSVRC2012_val_00038033.JPEG,True,2.8114237785339355,0.04008539021015167,0.04514918103814125,0.5062181353569031,0.5080450177192688,0.13123798370361328,0.04330069571733475
visformer_small,cait_s24_224,shuffled_semantic_weighted,5,ILSVRC2012_val_00038096.JPEG,True,2.872849941253662,0.009180624969303608,0.010914280079305172,0.5160435438156128,0.5171595811843872,0.06517314910888672,0.05798523873090744
visformer_small,cait_s24_224,permuted_weight,4,ILSVRC2012_val_00038033.JPEG,True,2.8637611865997314,0.04748284071683884,0.05180211365222931,0.5062114596366882,0.5076862573623657,0.10420894622802734,0.047895245254039764
visformer_small,cait_s24_224,permuted_weight,5,ILSVRC2012_val_00038096.JPEG,True,2.8252010345458984,0.003033246612176299,0.004585155751556158,0.5146218538284302,0.5163557529449463,0.13982868194580078,0.06438229233026505
visformer_small,cait_s24_224,consensus_topk,4,ILSVRC2012_val_00038033.JPEG,True,1.6094379425048828,0.02677484229207039,0.030165551230311394,0.5011028051376343,0.5008636116981506,0.0828256607055664,0.03276979178190231
visformer_small,cait_s24_224,consensus_topk,5,ILSVRC2012_val_00038096.JPEG,True,1.6094379425048828,0.011097384616732597,0.012345835566520691,0.5122036933898926,0.5129610300064087,0.047339439392089844,0.04615398496389389
visformer_small,cait_s24_224,uniform,6,ILSVRC2012_val_00038110.JPEG,True,2.995732069015503,0.002633466850966215,0.002711628098040819,0.5005314350128174,0.500391960144043,-0.10907363891601562,-0.006209053099155426
visformer_small,cait_s24_224,uniform,7,ILSVRC2012_val_00038142.JPEG,True,2.995732069015503,-0.006652489770203829,-0.007342982571572065,0.49685773253440857,0.49721646308898926,0.1544475555419922,0.028219901025295258
visformer_small,cait_s24_224,phase_weighted,6,ILSVRC2012_val_00038110.JPEG,True,2.76584529876709,0.0042052804492414,0.00411650538444519,0.5005381107330322,0.5008304119110107,-0.053966522216796875,-0.003154996782541275
visformer_small,cait_s24_224,phase_weighted,7,ILSVRC2012_val_00038142.JPEG,True,2.800912380218506,-0.005712613463401794,-0.006266590673476458,0.4950374662876129,0.4946388602256775,0.09774208068847656,0.020763836801052094
visformer_small,cait_s24_224,flip_weighted,6,ILSVRC2012_val_00038110.JPEG,True,2.839103937149048,0.0026275364216417074,0.0027422416023910046,0.499813973903656,0.49958810210227966,-0.11844730377197266,-0.0066164955496788025
visformer_small,cait_s24_224,flip_weighted,7,ILSVRC2012_val_00038142.JPEG,True,2.8785271644592285,-0.005685902666300535,-0.006513484753668308,0.497840940952301,0.49825945496559143,0.20567989349365234,0.030275292694568634
visformer_small,cait_s24_224,consensus_weighted,6,ILSVRC2012_val_00038110.JPEG,True,2.674469232559204,0.005211970768868923,0.005108024459332228,0.5002856850624084,0.5002989768981934,-0.16363048553466797,-0.009077481925487518
visformer_small,cait_s24_224,consensus_weighted,7,ILSVRC2012_val_00038142.JPEG,True,2.9049930572509766,-0.00599925871938467,-0.006722291000187397,0.49677136540412903,0.49687767028808594,0.16475868225097656,0.028143271803855896
visformer_small,cait_s24_224,shuffled_semantic_weighted,6,ILSVRC2012_val_00038110.JPEG,True,2.8547146320343018,0.004329865798354149,0.004398117307573557,0.5010031461715698,0.5013153553009033,-0.11542987823486328,-0.006493624299764633
visformer_small,cait_s24_224,shuffled_semantic_weighted,7,ILSVRC2012_val_00038142.JPEG,True,2.8475351333618164,-0.004397043026983738,-0.005000380799174309,0.4972231090068817,0.4975087642669678,0.1340627670288086,0.025416210293769836
visformer_small,cait_s24_224,permuted_weight,6,ILSVRC2012_val_00038110.JPEG,True,2.674468755722046,-0.0028294213116168976,-0.002503671683371067,0.5008835792541504,0.5002790093421936,-0.0811910629272461,-0.004591718316078186
visformer_small,cait_s24_224,permuted_weight,7,ILSVRC2012_val_00038142.JPEG,True,2.9049930572509766,-0.0071960324421525,-0.00793366227298975,0.49724969267845154,0.49755528569221497,0.14940834045410156,0.02584310621023178
visformer_small,cait_s24_224,consensus_topk,6,ILSVRC2012_val_00038110.JPEG,True,1.6094379425048828,-0.0004939398495480418,-0.0005946095334365964,0.500019907951355,0.4997541904449463,-0.08445262908935547,-0.004768211394548416
visformer_small,cait_s24_224,consensus_topk,7,ILSVRC2012_val_00038142.JPEG,True,1.6094379425048828,-0.0024486330803483725,-0.0033025681041181087,0.49814653396606445,0.4977412819862366,-0.050742149353027344,0.004902541637420654
visformer_small,cait_s24_224,uniform,8,ILSVRC2012_val_00038157.JPEG,True,2.995732069015503,-0.01203867793083191,-0.011879927478730679,0.5053146481513977,0.5049691796302795,0.06644058227539062,0.01222047209739685
visformer_small,cait_s24_224,uniform,9,ILSVRC2012_val_00038221.JPEG,True,2.995732069015503,0.00714310584589839,0.006785227917134762,0.5073873400688171,0.5072942972183228,0.36636829376220703,0.027699675410985947
visformer_small,cait_s24_224,phase_weighted,8,ILSVRC2012_val_00038157.JPEG,True,2.904956579208374,-0.013339070603251457,-0.012912886217236519,0.5049425959587097,0.5045838356018066,0.1019296646118164,0.01573646068572998
visformer_small,cait_s24_224,phase_weighted,9,ILSVRC2012_val_00038221.JPEG,True,2.8630340099334717,0.0076558711007237434,0.007144121918827295,0.5062247514724731,0.5064173936843872,0.3897056579589844,0.02910907194018364
visformer_small,cait_s24_224,flip_weighted,8,ILSVRC2012_val_00038157.JPEG,True,2.927790880203247,-0.00899212621152401,-0.00900878943502903,0.5045706033706665,0.504676878452301,0.028812408447265625,0.008455485105514526
visformer_small,cait_s24_224,flip_weighted,9,ILSVRC2012_val_00038221.JPEG,True,2.9402153491973877,0.009423822164535522,0.009150606580078602,0.5082841515541077,0.5075533986091614,0.39730072021484375,0.030029181391000748
visformer_small,cait_s24_224,consensus_weighted,8,ILSVRC2012_val_00038157.JPEG,True,2.9174065589904785,-0.012177725322544575,-0.012035876512527466,0.5049293041229248,0.5049492716789246,0.049002647399902344,0.01018834114074707
visformer_small,cait_s24_224,consensus_weighted,9,ILSVRC2012_val_00038221.JPEG,True,2.9111664295196533,0.008807710371911526,0.008386789821088314,0.5069621801376343,0.5072810649871826,0.3691434860229492,0.029323134571313858
visformer_small,cait_s24_224,shuffled_semantic_weighted,8,ILSVRC2012_val_00038157.JPEG,True,2.874413251876831,-0.012549619190394878,-0.012352506630122662,0.5043380856513977,0.5041520595550537,0.054126739501953125,0.011253058910369873
visformer_small,cait_s24_224,shuffled_semantic_weighted,9,ILSVRC2012_val_00038221.JPEG,True,2.9068922996520996,0.005920767318457365,0.005552999209612608,0.506045401096344,0.5053345561027527,0.4460258483886719,0.03436881676316261
visformer_small,cait_s24_224,permuted_weight,8,ILSVRC2012_val_00038157.JPEG,True,2.9174065589904785,-0.013734142296016216,-0.0136648491024971,0.5051153302192688,0.5050954222679138,0.053046226501464844,0.0119551420211792
visformer_small,cait_s24_224,permuted_weight,9,ILSVRC2012_val_00038221.JPEG,True,2.9111666679382324,0.008442437276244164,0.00792970135807991,0.5069953799247742,0.5065702199935913,0.4608030319213867,0.035178039222955704
visformer_small,cait_s24_224,consensus_topk,8,ILSVRC2012_val_00038157.JPEG,True,1.6094379425048828,-0.01262483187019825,-0.012323611415922642,0.504470944404602,0.5035474896430969,-0.0785989761352539,-0.004499882459640503
visformer_small,cait_s24_224,consensus_topk,9,ILSVRC2012_val_00038221.JPEG,True,1.6094379425048828,0.009577588178217411,0.009123489260673523,0.5069820880889893,0.5069687962532043,0.3605670928955078,0.028292622417211533
visformer_small,cait_s24_224,uniform,10,ILSVRC2012_val_00038236.JPEG,True,2.995732069015503,0.015113756991922855,0.01452539674937725,0.5001527667045593,0.5002657175064087,0.12355518341064453,0.011667229235172272
visformer_small,cait_s24_224,uniform,11,ILSVRC2012_val_00038251.JPEG,True,2.995732069015503,0.048555631190538406,0.05086788535118103,0.5225672125816345,0.5242878198623657,0.12168407440185547,0.158085435628891
visformer_small,cait_s24_224,phase_weighted,10,ILSVRC2012_val_00038236.JPEG,True,2.849273204803467,0.011750997975468636,0.011324772611260414,0.5003055930137634,0.5005381107330322,0.19274616241455078,0.014156557619571686
visformer_small,cait_s24_224,phase_weighted,11,ILSVRC2012_val_00038251.JPEG,True,2.811284065246582,0.04069441556930542,0.04245060682296753,0.5202155113220215,0.5215375423431396,0.0059051513671875,0.10390548408031464
visformer_small,cait_s24_224,flip_weighted,10,ILSVRC2012_val_00038236.JPEG,True,2.9252419471740723,0.015216314233839512,0.014573954977095127,0.5006244778633118,0.5008968710899353,0.16979598999023438,0.015167281031608582
visformer_small,cait_s24_224,flip_weighted,11,ILSVRC2012_val_00038251.JPEG,True,2.8761608600616455,0.04114829748868942,0.04328335076570511,0.5207204222679138,0.5221952199935913,0.0863962173461914,0.14262105524539948
visformer_small,cait_s24_224,consensus_weighted,10,ILSVRC2012_val_00038236.JPEG,True,2.887279510498047,0.012033363804221153,0.011516526341438293,0.5012356638908386,0.5014681816101074,0.07637214660644531,0.009358055889606476
visformer_small,cait_s24_224,consensus_weighted,11,ILSVRC2012_val_00038251.JPEG,True,2.7796530723571777,0.03810259699821472,0.0397987999022007,0.520109236240387,0.5212119817733765,0.028420448303222656,0.10598795115947723
visformer_small,cait_s24_224,shuffled_semantic_weighted,10,ILSVRC2012_val_00038236.JPEG,True,2.898571729660034,0.017353856936097145,0.01685452088713646,0.5006709694862366,0.5006775856018066,0.07822895050048828,0.007222570478916168
visformer_small,cait_s24_224,shuffled_semantic_weighted,11,ILSVRC2012_val_00038251.JPEG,True,2.8963027000427246,0.04942479729652405,0.051843948662281036,0.5231252908706665,0.5251514911651611,0.08259201049804688,0.15237286686897278
visformer_small,cait_s24_224,permuted_weight,10,ILSVRC2012_val_00038236.JPEG,True,2.887279510498047,0.017823683097958565,0.01733761467039585,0.4996877610683441,0.5004517436027527,0.11815452575683594,0.00871478021144867
visformer_small,cait_s24_224,permuted_weight,11,ILSVRC2012_val_00038251.JPEG,True,2.7796530723571777,0.04534868523478508,0.047736525535583496,0.5227266550064087,0.5243675708770752,0.08413887023925781,0.15208083391189575
visformer_small,cait_s24_224,consensus_topk,10,ILSVRC2012_val_00038236.JPEG,True,1.6094379425048828,0.004492069594562054,0.004097918979823589,0.5011492967605591,0.5013020634651184,-0.010097503662109375,-0.0009099766612052917
visformer_small,cait_s24_224,consensus_topk,11,ILSVRC2012_val_00038251.JPEG,True,1.6094379425048828,0.028905976563692093,0.030317340046167374,0.5184484124183655,0.5198368430137634,0.06800079345703125,0.09751582145690918
visformer_small,cait_s24_224,uniform,12,ILSVRC2012_val_00038413.JPEG,True,2.995732069015503,-0.02683441713452339,-0.025899402797222137,0.4933633506298065,0.49362245202064514,-0.04514789581298828,0.006616845726966858
visformer_small,cait_s24_224,uniform,13,ILSVRC2012_val_00038427.JPEG,True,2.995732069015503,0.006441506091505289,0.00692468136548996,0.5026838779449463,0.5023317933082581,-0.0857839584350586,-0.0028609856963157654
visformer_small,cait_s24_224,phase_weighted,12,ILSVRC2012_val_00038413.JPEG,True,2.667839288711548,-0.019071828573942184,-0.018451862037181854,0.495980829000473,0.4965255558490753,-0.0048809051513671875,0.0035661496222019196
visformer_small,cait_s24_224,phase_weighted,13,ILSVRC2012_val_00038427.JPEG,True,2.837087392807007,0.002372040180489421,0.003139234147965908,0.5029296875,0.5020594000816345,-0.03823375701904297,0.00010468810796737671
visformer_small,cait_s24_224,flip_weighted,12,ILSVRC2012_val_00038413.JPEG,True,2.9104654788970947,-0.029369596391916275,-0.028638476505875587,0.4927256107330322,0.4928850531578064,-0.03156566619873047,0.005780436098575592
visformer_small,cait_s24_224,flip_weighted,13,ILSVRC2012_val_00038427.JPEG,True,2.8763246536254883,0.007997645065188408,0.009041798301041126,0.5029230713844299,0.502325177192688,-0.12146377563476562,-0.0026893913745880127
visformer_small,cait_s24_224,consensus_weighted,12,ILSVRC2012_val_00038413.JPEG,True,2.717970132827759,-0.02031576633453369,-0.019692255184054375,0.49507734179496765,0.49591436982154846,0.01202392578125,0.005578324198722839
visformer_small,cait_s24_224,consensus_weighted,13,ILSVRC2012_val_00038427.JPEG,True,2.8865389823913574,0.003584913909435272,0.004440801218152046,0.5024978518486023,0.502345085144043,-0.06648540496826172,-0.00046009570360183716
visformer_small,cait_s24_224,shuffled_semantic_weighted,12,ILSVRC2012_val_00038413.JPEG,True,2.94168758392334,-0.02482910081744194,-0.023888392373919487,0.49284517765045166,0.49292489886283875,-0.0682373046875,0.005769819021224976
visformer_small,cait_s24_224,shuffled_semantic_weighted,13,ILSVRC2012_val_00038427.JPEG,True,2.4961800575256348,0.006757576018571854,0.0070196278393268585,0.5021657347679138,0.5018335580825806,-0.10376644134521484,-0.0036038607358932495
visformer_small,cait_s24_224,permuted_weight,12,ILSVRC2012_val_00038413.JPEG,True,2.717970132827759,-0.023147786036133766,-0.022794798016548157,0.49351614713668823,0.49364903569221497,0.10860252380371094,0.015523329377174377
visformer_small,cait_s24_224,permuted_weight,13,ILSVRC2012_val_00038427.JPEG,True,2.8865392208099365,0.005357026122510433,0.005847383290529251,0.5030093789100647,0.502537727355957,-0.016902923583984375,0.0010657384991645813
visformer_small,cait_s24_224,consensus_topk,12,ILSVRC2012_val_00038413.JPEG,True,1.6094379425048828,-0.018412122502923012,-0.018420729786157608,0.4951504170894623,0.4950706958770752,0.01544189453125,0.0033983252942562103
visformer_small,cait_s24_224,consensus_topk,13,ILSVRC2012_val_00038427.JPEG,True,1.6094379425048828,0.0001709987409412861,0.0013014834839850664,0.5027170777320862,0.5022521018981934,-0.14514541625976562,-0.0032433196902275085
visformer_small,cait_s24_224,uniform,14,ILSVRC2012_val_00038546.JPEG,True,2.995732069015503,0.040109533816576004,0.04242529347538948,0.5144358277320862,0.5165351033210754,1.8519244194030762,1.0152043104171753
visformer_small,cait_s24_224,uniform,15,ILSVRC2012_val_00038597.JPEG,True,2.995732069015503,0.02543165534734726,0.02620786800980568,0.5044775605201721,0.504278302192688,0.18997764587402344,0.04281027615070343
visformer_small,cait_s24_224,phase_weighted,14,ILSVRC2012_val_00038546.JPEG,True,2.7471909523010254,0.038339100778102875,0.04057076573371887,0.5146019458770752,0.5162560939788818,1.899101734161377,1.0973787307739258
visformer_small,cait_s24_224,phase_weighted,15,ILSVRC2012_val_00038597.JPEG,True,2.913738489151001,0.02650594338774681,0.027368808165192604,0.503534197807312,0.5032153725624084,0.1794910430908203,0.04987923800945282
visformer_small,cait_s24_224,flip_weighted,14,ILSVRC2012_val_00038546.JPEG,True,2.8912181854248047,0.040238454937934875,0.04235260188579559,0.5149540305137634,0.5169337391853333,1.753774642944336,0.9576326608657837
visformer_small,cait_s24_224,flip_weighted,15,ILSVRC2012_val_00038597.JPEG,True,2.8781182765960693,0.025266196578741074,0.02590961381793022,0.5037468075752258,0.5037335157394409,0.09928131103515625,0.035540103912353516
visformer_small,cait_s24_224,consensus_weighted,14,ILSVRC2012_val_00038546.JPEG,True,2.788759469985962,0.03850310295820236,0.0407736673951149,0.515020489692688,0.5163158774375916,1.8447856903076172,1.0351606607437134
visformer_small,cait_s24_224,consensus_weighted,15,ILSVRC2012_val_00038597.JPEG,True,2.867098569869995,0.026279505342245102,0.02700243517756462,0.5035873651504517,0.5031223297119141,0.14593982696533203,0.0348464697599411
visformer_small,cait_s24_224,shuffled_semantic_weighted,14,ILSVRC2012_val_00038546.JPEG,True,2.8435277938842773,0.038604915142059326,0.040518347173929214,0.5153791904449463,0.5170068144798279,2.095332622528076,1.2359148263931274
visformer_small,cait_s24_224,shuffled_semantic_weighted,15,ILSVRC2012_val_00038597.JPEG,True,2.9035987854003906,0.02339049056172371,0.024203579872846603,0.5044775605201721,0.5044111609458923,0.20105934143066406,0.044562116265296936
visformer_small,cait_s24_224,permuted_weight,14,ILSVRC2012_val_00038546.JPEG,True,2.788759469985962,0.03818008303642273,0.04044729843735695,0.5129145383834839,0.5136120915412903,1.5739283561706543,0.863763689994812
visformer_small,cait_s24_224,permuted_weight,15,ILSVRC2012_val_00038597.JPEG,True,2.867098331451416,0.02046060562133789,0.021296201273798943,0.5040457844734192,0.5048761963844299,0.1441783905029297,0.04223915934562683
visformer_small,cait_s24_224,consensus_topk,14,ILSVRC2012_val_00038546.JPEG,True,1.6094379425048828,0.03282052278518677,0.0346594974398613,0.5146218538284302,0.5151931643486023,1.598294734954834,0.8370912075042725
visformer_small,cait_s24_224,consensus_topk,15,ILSVRC2012_val_00038597.JPEG,True,1.6094379425048828,0.020782971754670143,0.021178852766752243,0.5022188425064087,0.5017073154449463,0.12969493865966797,0.04023320972919464
visformer_small,cait_s24_224,uniform,16,ILSVRC2012_val_00038607.JPEG,True,2.995732069015503,-0.006979326717555523,-0.006751436274498701,0.49889057874679565,0.49920281767845154,0.0700979232788086,0.0023028701543807983
visformer_small,cait_s24_224,uniform,17,ILSVRC2012_val_00038678.JPEG,True,2.995732069015503,0.010363096371293068,0.011064669117331505,0.5083041191101074,0.5092408061027527,0.06485843658447266,0.01117619127035141
visformer_small,cait_s24_224,phase_weighted,16,ILSVRC2012_val_00038607.JPEG,True,2.9318320751190186,-0.005073333624750376,-0.004685747437179089,0.5004650354385376,0.5006576776504517,0.05472087860107422,0.0027882978320121765
visformer_small,cait_s24_224,phase_weighted,17,ILSVRC2012_val_00038678.JPEG,True,2.9248337745666504,0.012092966586351395,0.012905461713671684,0.5089153051376343,0.509181022644043,0.0406341552734375,0.007033415138721466
visformer_small,cait_s24_224,flip_weighted,16,ILSVRC2012_val_00038607.JPEG,True,2.8874168395996094,-0.004019767511636019,-0.0037486080545932055,0.500577986240387,0.5001727342605591,0.11359500885009766,0.0043341368436813354
visformer_small,cait_s24_224,flip_weighted,17,ILSVRC2012_val_00038678.JPEG,True,2.921719789505005,0.008666185662150383,0.009308106265962124,0.5082841515541077,0.5086827874183655,0.05271434783935547,0.009549111127853394
visformer_small,cait_s24_224,consensus_weighted,16,ILSVRC2012_val_00038607.JPEG,True,2.9064135551452637,-0.003794952528551221,-0.0033569177612662315,0.500956654548645,0.5006310939788818,0.08315467834472656,0.0036992356181144714
visformer_small,cait_s24_224,consensus_weighted,17,ILSVRC2012_val_00038678.JPEG,True,2.9320640563964844,0.010858049616217613,0.011598293669521809,0.509181022644043,0.5096460580825806,0.05196666717529297,0.009143374860286713
visformer_small,cait_s24_224,shuffled_semantic_weighted,16,ILSVRC2012_val_00038607.JPEG,True,2.874368667602539,-0.008849682286381721,-0.008558221161365509,0.49958810210227966,0.4996944069862366,0.010073661804199219,6.400048732757568e-05
visformer_small,cait_s24_224,shuffled_semantic_weighted,17,ILSVRC2012_val_00038678.JPEG,True,2.8441390991210938,0.009604246355593204,0.009748618118464947,0.5070485472679138,0.507234513759613,0.0812835693359375,0.010409452021121979
visformer_small,cait_s24_224,permuted_weight,16,ILSVRC2012_val_00038607.JPEG,True,2.9064137935638428,-0.006071149837225676,-0.005834435112774372,0.5000597834587097,0.5007108449935913,0.07191085815429688,0.004066966474056244
visformer_small,cait_s24_224,permuted_weight,17,ILSVRC2012_val_00038678.JPEG,True,2.9320638179779053,0.007301666308194399,0.007962077856063843,0.5076929330825806,0.5075002908706665,0.03854179382324219,0.01096673309803009
visformer_small,cait_s24_224,consensus_topk,16,ILSVRC2012_val_00038607.JPEG,True,1.6094379425048828,0.005511520430445671,0.006238210014998913,0.5012622475624084,0.5012422800064087,0.021907806396484375,0.0016451627016067505
visformer_small,cait_s24_224,consensus_topk,17,ILSVRC2012_val_00038678.JPEG,True,1.6094379425048828,0.0007478048792108893,0.0007127156713977456,0.5090215802192688,0.5110676884651184,0.088623046875,0.014647446572780609
visformer_small,cait_s24_224,uniform,18,ILSVRC2012_val_00038705.JPEG,True,2.995732069015503,0.011089082807302475,0.012822611257433891,0.5091677308082581,0.5093603730201721,0.28081607818603516,0.03048064559698105
visformer_small,cait_s24_224,uniform,19,ILSVRC2012_val_00038708.JPEG,True,2.995732069015503,-0.006819563917815685,-0.007583451922982931,0.5005381107330322,0.5005314350128174,-0.2394084930419922,0.0024266913533210754
visformer_small,cait_s24_224,phase_weighted,18,ILSVRC2012_val_00038705.JPEG,True,2.8960752487182617,0.016165176406502724,0.018917378038167953,0.5086230039596558,0.5093470811843872,0.27383995056152344,0.030177511274814606
visformer_small,cait_s24_224,phase_weighted,19,ILSVRC2012_val_00038708.JPEG,True,2.916311740875244,-0.0036009117029607296,-0.0037533026188611984,0.49978742003440857,0.49948182702064514,-0.2286529541015625,-0.003194943070411682
visformer_small,cait_s24_224,flip_weighted,18,ILSVRC2012_val_00038705.JPEG,True,2.8984413146972656,0.016060665249824524,0.01882726140320301,0.5087491869926453,0.5094467401504517,0.2913990020751953,0.03195371478796005
visformer_small,cait_s24_224,flip_weighted,19,ILSVRC2012_val_00038708.JPEG,True,2.881894588470459,-0.003965373616665602,-0.0035463888198137283,0.5006775856018066,0.501202404499054,-0.2006235122680664,0.007953010499477386
visformer_small,cait_s24_224,consensus_weighted,18,ILSVRC2012_val_00038705.JPEG,True,2.894718885421753,0.016194837167859077,0.01897244155406952,0.5085366368293762,0.5091743469238281,0.27834320068359375,0.030449427664279938
visformer_small,cait_s24_224,consensus_weighted,19,ILSVRC2012_val_00038708.JPEG,True,2.906576156616211,-0.0037137463223189116,-0.00349980965256691,0.5000464916229248,0.5000597834587097,-0.20438671112060547,0.00481434166431427
visformer_small,cait_s24_224,shuffled_semantic_weighted,18,ILSVRC2012_val_00038705.JPEG,True,2.9121181964874268,0.011685794219374657,0.013600354082882404,0.5095530152320862,0.5105428695678711,0.28882694244384766,0.031594015657901764
visformer_small,cait_s24_224,shuffled_semantic_weighted,19,ILSVRC2012_val_00038708.JPEG,True,2.848057270050049,-0.01192537322640419,-0.01367728877812624,0.5010230541229248,0.5016209483146667,-0.17119216918945312,0.007905974984169006
visformer_small,cait_s24_224,permuted_weight,18,ILSVRC2012_val_00038705.JPEG,True,2.894718647003174,0.012668536975979805,0.01447904109954834,0.5098387002944946,0.5104498863220215,0.2754182815551758,0.029377713799476624
visformer_small,cait_s24_224,permuted_weight,19,ILSVRC2012_val_00038708.JPEG,True,2.9065756797790527,-0.007444326765835285,-0.008319159038364887,0.49992692470550537,0.5005514025688171,-0.2041759490966797,0.0033826902508735657
visformer_small,cait_s24_224,consensus_topk,18,ILSVRC2012_val_00038705.JPEG,True,1.6094379425048828,0.019057467579841614,0.02292831800878048,0.5104233026504517,0.5108019709587097,0.3211221694946289,0.0344473198056221
visformer_small,cait_s24_224,consensus_topk,19,ILSVRC2012_val_00038708.JPEG,True,1.6094379425048828,0.0025826790370047092,0.004319174215197563,0.5007772445678711,0.5016741156578064,-0.16856670379638672,-0.0014153048396110535
visformer_small,cait_s24_224,uniform,20,ILSVRC2012_val_00038743.JPEG,True,2.995732069015503,0.014630863443017006,0.017110073938965797,0.5006975531578064,0.5011094212532043,0.06884765625,0.02215147763490677
visformer_small,cait_s24_224,uniform,21,ILSVRC2012_val_00038986.JPEG,True,2.995732069015503,0.013224630616605282,0.013636639341711998,0.511738657951355,0.5122036933898926,0.33835792541503906,0.04494575411081314
visformer_small,cait_s24_224,phase_weighted,20,ILSVRC2012_val_00038743.JPEG,True,2.78974986076355,0.01186388824135065,0.01427936740219593,0.5014216899871826,0.5017737746238708,0.11380863189697266,0.027492448687553406
visformer_small,cait_s24_224,phase_weighted,21,ILSVRC2012_val_00038986.JPEG,True,2.8753554821014404,0.016499998047947884,0.01674945093691349,0.511532723903656,0.5114330649375916,0.2384033203125,0.03052530437707901
visformer_small,cait_s24_224,flip_weighted,20,ILSVRC2012_val_00038743.JPEG,True,2.8973591327667236,0.01698513887822628,0.019104963168501854,0.5013552308082581,0.5016010403633118,0.17796897888183594,0.032960861921310425
visformer_small,cait_s24_224,flip_weighted,21,ILSVRC2012_val_00038986.JPEG,True,2.729869842529297,0.018963035196065903,0.019151419401168823,0.5102970600128174,0.509991466999054,0.24608516693115234,0.029987715184688568
visformer_small,cait_s24_224,consensus_weighted,20,ILSVRC2012_val_00038743.JPEG,True,2.8461430072784424,0.013529627583920956,0.015929056331515312,0.501953125,0.5017139911651611,0.12900447845458984,0.028001517057418823
visformer_small,cait_s24_224,consensus_weighted,21,ILSVRC2012_val_00038986.JPEG,True,2.8243772983551025,0.017836054787039757,0.018061719834804535,0.5113998651504517,0.5108285546302795,0.2331695556640625,0.029645435512065887
visformer_small,cait_s24_224,shuffled_semantic_weighted,20,ILSVRC2012_val_00038743.JPEG,True,2.8256430625915527,0.008540976792573929,0.011036247946321964,0.4998472034931183,0.4998272657394409,0.10893726348876953,0.02755752205848694
visformer_small,cait_s24_224,shuffled_semantic_weighted,21,ILSVRC2012_val_00038986.JPEG,True,2.84131121635437,0.015780817717313766,0.01620994508266449,0.5122036933898926,0.5123299360275269,0.3487386703491211,0.050773508846759796
visformer_small,cait_s24_224,permuted_weight,20,ILSVRC2012_val_00038743.JPEG,True,2.8461430072784424,0.011572103947401047,0.014191332273185253,0.5005314350128174,0.5009898543357849,0.14512920379638672,0.03298507630825043
visformer_small,cait_s24_224,permuted_weight,21,ILSVRC2012_val_00038986.JPEG,True,2.8243772983551025,0.011526377871632576,0.012181387282907963,0.5116522908210754,0.5115526914596558,0.3035154342651367,0.038042016327381134
visformer_small,cait_s24_224,consensus_topk,20,ILSVRC2012_val_00038743.JPEG,True,1.6094379425048828,0.017980126664042473,0.020122874528169632,0.46576717495918274,0.5006310939788818,0.1350078582763672,0.02863377332687378
visformer_small,cait_s24_224,consensus_topk,21,ILSVRC2012_val_00038986.JPEG,True,1.6094379425048828,0.01729644648730755,0.017713986337184906,0.5099250674247742,0.5094268321990967,0.22148704528808594,0.01790492981672287
visformer_small,cait_s24_224,uniform,22,ILSVRC2012_val_00039085.JPEG,True,2.995732069015503,0.011979393661022186,0.008458524011075497,0.5022122263908386,0.5019597411155701,0.015275955200195312,0.0037175118923187256
visformer_small,cait_s24_224,uniform,23,ILSVRC2012_val_00039106.JPEG,True,2.995732069015503,0.0013039661571383476,0.0017224093899130821,0.5005447268486023,0.5016342401504517,0.14418983459472656,0.025349706411361694
visformer_small,cait_s24_224,phase_weighted,22,ILSVRC2012_val_00039085.JPEG,True,2.8112471103668213,0.01423395611345768,0.010692577809095383,0.5027835369110107,0.5027835369110107,0.07166385650634766,0.009018637239933014
visformer_small,cait_s24_224,phase_weighted,23,ILSVRC2012_val_00039106.JPEG,True,2.863426446914673,0.001859033014625311,0.002088100416585803,0.5007374286651611,0.5009034872055054,0.26597023010253906,0.037337593734264374
visformer_small,cait_s24_224,flip_weighted,22,ILSVRC2012_val_00039085.JPEG,True,2.8650662899017334,0.00786392018198967,0.004160318989306688,0.5007972121238708,0.5001129508018494,-0.02315521240234375,-1.944601535797119e-06
visformer_small,cait_s24_224,flip_weighted,23,ILSVRC2012_val_00039106.JPEG,True,2.7888503074645996,0.003919032867997885,0.004394094925373793,0.5007041692733765,0.5012954473495483,0.14351940155029297,0.028159640729427338
visformer_small,cait_s24_224,consensus_weighted,22,ILSVRC2012_val_00039085.JPEG,True,2.772547483444214,0.013405093923211098,0.00977941881865263,0.5018999576568604,0.5018866658210754,0.05790996551513672,0.008078798651695251
visformer_small,cait_s24_224,consensus_weighted,23,ILSVRC2012_val_00039106.JPEG,True,2.8886234760284424,0.00446799211204052,0.004866742063313723,0.501581072807312,0.5020992755889893,0.31893062591552734,0.03755803406238556
visformer_small,cait_s24_224,shuffled_semantic_weighted,22,ILSVRC2012_val_00039085.JPEG,True,2.8145132064819336,0.012206532061100006,0.009180329740047455,0.5013286471366882,0.5016674399375916,0.048102378845214844,0.006544105708599091
visformer_small,cait_s24_224,shuffled_semantic_weighted,23,ILSVRC2012_val_00039106.JPEG,True,2.9110281467437744,0.001083148643374443,0.0015123344492167234,0.5007307529449463,0.501202404499054,0.2519187927246094,0.025851145386695862
visformer_small,cait_s24_224,permuted_weight,22,ILSVRC2012_val_00039085.JPEG,True,2.772547721862793,0.014337759464979172,0.01069326139986515,0.501973032951355,0.5024314522743225,0.028264999389648438,0.004848569631576538
visformer_small,cait_s24_224,permuted_weight,23,ILSVRC2012_val_00039106.JPEG,True,2.8886232376098633,0.0027169091627001762,0.003328434657305479,0.501953125,0.5021856427192688,0.18034934997558594,0.042440496385097504
visformer_small,cait_s24_224,consensus_topk,22,ILSVRC2012_val_00039085.JPEG,True,1.6094379425048828,0.018758423626422882,0.015514864586293697,0.46779337525367737,0.5040457844734192,0.08767414093017578,0.011135503649711609
visformer_small,cait_s24_224,consensus_topk,23,ILSVRC2012_val_00039106.JPEG,True,1.6094379425048828,0.005190223455429077,0.005439896136522293,0.5007639527320862,0.5009433627128601,0.3053627014160156,0.024852976202964783
visformer_small,cait_s24_224,uniform,24,ILSVRC2012_val_00039130.JPEG,True,2.995732069015503,0.009096790105104446,0.008734740316867828,0.5015678405761719,0.5023982524871826,-0.1728353500366211,-0.0015904828906059265
visformer_small,cait_s24_224,uniform,25,ILSVRC2012_val_00039253.JPEG,True,2.995732069015503,0.01026708073914051,0.008853049948811531,0.5019066333770752,0.499794065952301,0.16829681396484375,0.012692078948020935
visformer_small,cait_s24_224,phase_weighted,24,ILSVRC2012_val_00039130.JPEG,True,2.902170181274414,0.006593029014766216,0.00617388729006052,0.5010895133018494,0.5009366869926453,-0.24687671661376953,-0.005631200969219208
visformer_small,cait_s24_224,phase_weighted,25,ILSVRC2012_val_00039253.JPEG,True,2.7824816703796387,0.010744934901595116,0.010210289619863033,0.49950841069221497,0.49797379970550537,0.1845417022705078,0.01724444329738617
visformer_small,cait_s24_224,flip_weighted,24,ILSVRC2012_val_00039130.JPEG,True,2.891490936279297,0.004127142950892448,0.00394685473293066,0.5020195841789246,0.5022653341293335,-0.20788860321044922,-0.0037521347403526306
visformer_small,cait_s24_224,flip_weighted,25,ILSVRC2012_val_00039253.JPEG,True,2.921434164047241,0.009214661084115505,0.008045509457588196,0.5011094212532043,0.49938881397247314,0.14342498779296875,0.00961698591709137
visformer_small,cait_s24_224,consensus_weighted,24,ILSVRC2012_val_00039130.JPEG,True,2.877974033355713,0.0035193590447306633,0.0032592685893177986,0.5016342401504517,0.5019930005073547,-0.21915817260742188,-0.004317626357078552
visformer_small,cait_s24_224,consensus_weighted,25,ILSVRC2012_val_00039253.JPEG,True,2.8293302059173584,0.010512384586036205,0.009860804304480553,0.4993356764316559,0.49814653396606445,0.188018798828125,0.016736358404159546
visformer_small,cait_s24_224,shuffled_semantic_weighted,24,ILSVRC2012_val_00039130.JPEG,True,2.894293785095215,0.012562316842377186,0.012080632150173187,0.501541256904602,0.5022720098495483,-0.1416616439819336,-0.0016739815473556519
visformer_small,cait_s24_224,shuffled_semantic_weighted,25,ILSVRC2012_val_00039253.JPEG,True,2.9180214405059814,0.010612966492772102,0.008954075165092945,0.5033681392669678,0.5018069744110107,0.2128438949584961,0.019581615924835205
visformer_small,cait_s24_224,permuted_weight,24,ILSVRC2012_val_00039130.JPEG,True,2.877974033355713,0.011786585673689842,0.011513087898492813,0.501561164855957,0.5020859837532043,-0.22254180908203125,-0.004406943917274475
visformer_small,cait_s24_224,permuted_weight,25,ILSVRC2012_val_00039253.JPEG,True,2.8293299674987793,0.007331882603466511,0.006126713939011097,0.5017737746238708,0.4994751811027527,0.12743091583251953,0.00683043897151947
visformer_small,cait_s24_224,consensus_topk,24,ILSVRC2012_val_00039130.JPEG,True,1.6094379425048828,0.005321878008544445,0.005185412708669901,0.5039527416229248,0.5038996338844299,-0.08293437957763672,0.003751985728740692
visformer_small,cait_s24_224,consensus_topk,25,ILSVRC2012_val_00039253.JPEG,True,1.6094379425048828,0.0056035784073174,0.005356314592063427,0.46390703320503235,0.4968245029449463,0.0980825424194336,0.004286661744117737
visformer_small,cait_s24_224,uniform,26,ILSVRC2012_val_00039290.JPEG,True,2.995732069015503,-0.01562405377626419,-0.014491401612758636,0.4964790642261505,0.49760177731513977,-0.08235931396484375,0.000324442982673645
visformer_small,cait_s24_224,uniform,27,ILSVRC2012_val_00039421.JPEG,True,2.995732069015503,0.011625753715634346,0.012899093329906464,0.5124229192733765,0.5123365521430969,0.1210317611694336,0.0506369024515152
visformer_small,cait_s24_224,phase_weighted,26,ILSVRC2012_val_00039290.JPEG,True,2.8326902389526367,-0.011243129149079323,-0.009776977822184563,0.49751541018486023,0.4984056055545807,-0.0690469741821289,-0.002184338867664337
visformer_small,cait_s24_224,phase_weighted,27,ILSVRC2012_val_00039421.JPEG,True,2.86012601852417,0.0100587522611022,0.011174935847520828,0.5111075639724731,0.5113732814788818,0.12227821350097656,0.04627886414527893
visformer_small,cait_s24_224,flip_weighted,26,ILSVRC2012_val_00039290.JPEG,True,2.847942590713501,-0.0189583208411932,-0.01810288615524769,0.4975087642669678,0.4985849857330322,-0.07971763610839844,-0.0008215084671974182
visformer_small,cait_s24_224,flip_weighted,27,ILSVRC2012_val_00039421.JPEG,True,2.8958709239959717,0.00938426237553358,0.010151976719498634,0.5112138390541077,0.5102638602256775,0.13798809051513672,0.04805073142051697
visformer_small,cait_s24_224,consensus_weighted,26,ILSVRC2012_val_00039290.JPEG,True,2.8728082180023193,-0.011182012036442757,-0.009718060493469238,0.4984188973903656,0.4986049234867096,-0.009739875793457031,0.0053643882274627686
visformer_small,cait_s24_224,consensus_weighted,27,ILSVRC2012_val_00039421.JPEG,True,2.874232292175293,0.009864730760455132,0.010878026485443115,0.5112869143486023,0.510762095451355,0.11751556396484375,0.0462864488363266
visformer_small,cait_s24_224,shuffled_semantic_weighted,26,ILSVRC2012_val_00039290.JPEG,True,2.9199202060699463,-0.016633126884698868,-0.015494385734200478,0.49799373745918274,0.49927589297294617,-0.06245994567871094,0.002691611647605896
visformer_small,cait_s24_224,shuffled_semantic_weighted,27,ILSVRC2012_val_00039421.JPEG,True,2.8831233978271484,0.012262159958481789,0.013724940828979015,0.5118117332458496,0.5123565196990967,0.1298236846923828,0.05430594086647034
visformer_small,cait_s24_224,permuted_weight,26,ILSVRC2012_val_00039290.JPEG,True,2.8728079795837402,-0.016032012179493904,-0.015585005283355713,0.4971766173839569,0.4973493218421936,-0.08257579803466797,-0.0027080923318862915
visformer_small,cait_s24_224,permuted_weight,27,ILSVRC2012_val_00039421.JPEG,True,2.874232292175293,0.014987428672611713,0.017109837383031845,0.512921154499054,0.5139309763908386,0.1482229232788086,0.055990129709243774
visformer_small,cait_s24_224,consensus_topk,26,ILSVRC2012_val_00039290.JPEG,True,1.6094379425048828,0.0012212791480123997,0.0014959578402340412,0.5002657175064087,0.49991363286972046,-0.030816078186035156,0.0037171170115470886
visformer_small,cait_s24_224,consensus_topk,27,ILSVRC2012_val_00039421.JPEG,True,1.6094379425048828,0.009071066975593567,0.010081274434924126,0.5088887214660645,0.5094799399375916,0.028054237365722656,0.030130751430988312
visformer_small,cait_s24_224,uniform,28,ILSVRC2012_val_00039426.JPEG,True,2.995732069015503,5.358923226594925e-05,0.0007374279666692019,0.4999667704105377,0.5002923011779785,0.19185256958007812,0.042594097554683685
visformer_small,cait_s24_224,uniform,29,ILSVRC2012_val_00039464.JPEG,True,2.995732069015503,0.0013364600017666817,0.002054082928225398,0.5053079724311829,0.5066632032394409,0.3769264221191406,0.03240273892879486
visformer_small,cait_s24_224,phase_weighted,28,ILSVRC2012_val_00039426.JPEG,True,2.7037150859832764,-0.00250009773299098,-0.0016943258233368397,0.49932238459587097,0.4990699291229248,0.17359638214111328,0.04073353856801987
visformer_small,cait_s24_224,phase_weighted,29,ILSVRC2012_val_00039464.JPEG,True,2.7741153240203857,0.002210683887824416,0.0028106176760047674,0.5032950639724731,0.5034412145614624,0.32942676544189453,0.028032973408699036
visformer_small,cait_s24_224,flip_weighted,28,ILSVRC2012_val_00039426.JPEG,True,2.884093999862671,-4.804006312042475e-05,0.0004975022748112679,0.5002790093421936,0.5005580186843872,0.1723947525024414,0.036731086671352386
visformer_small,cait_s24_224,flip_weighted,29,ILSVRC2012_val_00039464.JPEG,True,2.85678768157959,-0.004988097585737705,-0.004210148938000202,0.5052415728569031,0.5058327913284302,0.23000049591064453,0.01847013831138611
visformer_small,cait_s24_224,consensus_weighted,28,ILSVRC2012_val_00039426.JPEG,True,2.7987546920776367,-0.003191530704498291,-0.002446786966174841,0.49898359179496765,0.49912309646606445,0.1798877716064453,0.03328721970319748
visformer_small,cait_s24_224,consensus_weighted,29,ILSVRC2012_val_00039464.JPEG,True,2.7849221229553223,0.0013832347467541695,0.0019829575903713703,0.5034013390541077,0.5031954050064087,0.2671384811401367,0.022254660725593567
visformer_small,cait_s24_224,shuffled_semantic_weighted,28,ILSVRC2012_val_00039426.JPEG,True,2.9447872638702393,-0.0009621803183108568,-0.00016001146286725998,0.49921607971191406,0.4987643361091614,0.20177745819091797,0.03311759978532791
visformer_small,cait_s24_224,shuffled_semantic_weighted,29,ILSVRC2012_val_00039464.JPEG,True,2.937516212463379,0.0012719829101115465,0.0020068485755473375,0.5064971446990967,0.5064041018486023,0.3794126510620117,0.03264482319355011
visformer_small,cait_s24_224,permuted_weight,28,ILSVRC2012_val_00039426.JPEG,True,2.7987546920776367,-0.005972243379801512,-0.005386370234191418,0.49912309646606445,0.4986248314380646,0.1686840057373047,0.03385819494724274
visformer_small,cait_s24_224,permuted_weight,29,ILSVRC2012_val_00039464.JPEG,True,2.7849221229553223,-5.188467912375927e-05,0.0006443152669817209,0.5055869817733765,0.5058261752128601,0.29697418212890625,0.024470210075378418
visformer_small,cait_s24_224,consensus_topk,28,ILSVRC2012_val_00039426.JPEG,True,1.6094379425048828,-0.002359887817874551,-0.001471235416829586,0.4983524680137634,0.49877098202705383,0.12117958068847656,0.024011000990867615
visformer_small,cait_s24_224,consensus_topk,29,ILSVRC2012_val_00039464.JPEG,True,1.6094379425048828,0.0013628825545310974,0.0018805525032803416,0.46432557702064514,0.49935561418533325,0.10540390014648438,0.00840393453836441
visformer_small,cait_s24_224,uniform,30,ILSVRC2012_val_00039490.JPEG,True,2.995732069015503,-0.0014268530067056417,-0.0004391646943986416,0.5047233700752258,0.5039926171302795,0.25498390197753906,0.014430273324251175
visformer_small,cait_s24_224,uniform,31,ILSVRC2012_val_00039737.JPEG,True,2.995732069015503,0.001721197972074151,0.0020580017007887363,0.509373664855957,0.5091411471366882,0.3398771286010742,0.09916189312934875
visformer_small,cait_s24_224,phase_weighted,30,ILSVRC2012_val_00039490.JPEG,True,2.7982964515686035,0.005912368185818195,0.0070923734456300735,0.5055670738220215,0.5060918927192688,0.20913982391357422,0.010825730860233307
visformer_small,cait_s24_224,phase_weighted,31,ILSVRC2012_val_00039737.JPEG,True,2.8535947799682617,0.003071464831009507,0.0034053665585815907,0.5079719424247742,0.5089020133018494,0.23602294921875,0.07288390398025513
visformer_small,cait_s24_224,flip_weighted,30,ILSVRC2012_val_00039490.JPEG,True,2.8590424060821533,-0.003948758821934462,-0.002924309577792883,0.5050422549247742,0.5047765374183655,0.19042301177978516,0.010446876287460327
visformer_small,cait_s24_224,flip_weighted,31,ILSVRC2012_val_00039737.JPEG,True,2.923867702484131,0.00021518021821975708,0.0006220464129000902,0.5100778341293335,0.5092142224311829,0.2730140686035156,0.06886836886405945
visformer_small,cait_s24_224,consensus_weighted,30,ILSVRC2012_val_00039490.JPEG,True,2.8851473331451416,4.620756953954697e-06,0.001143869711086154,0.5044111609458923,0.5051684975624084,0.24516773223876953,0.01446792483329773
visformer_small,cait_s24_224,consensus_weighted,31,ILSVRC2012_val_00039737.JPEG,True,2.8304035663604736,-0.0013887891545891762,-0.0009198025800287724,0.5082841515541077,0.5090481638908386,0.26579856872558594,0.07271847128868103
visformer_small,cait_s24_224,shuffled_semantic_weighted,30,ILSVRC2012_val_00039490.JPEG,True,2.87742018699646,0.0019408105872571468,0.0028980926144868135,0.5039128661155701,0.5042052268981934,0.2017221450805664,0.011375539004802704
visformer_small,cait_s24_224,shuffled_semantic_weighted,31,ILSVRC2012_val_00039737.JPEG,True,2.9025015830993652,-0.0007259428966790438,-0.0003891217056661844,0.5105030536651611,0.5095131993293762,0.15091705322265625,0.048452794551849365
visformer_small,cait_s24_224,permuted_weight,30,ILSVRC2012_val_00039490.JPEG,True,2.8851478099823,-0.0007360619492828846,0.0001955786719918251,0.5037335157394409,0.5035009980201721,0.12657642364501953,0.006223637610673904
visformer_small,cait_s24_224,permuted_weight,31,ILSVRC2012_val_00039737.JPEG,True,2.8304038047790527,-0.001604409539140761,-0.0013413773849606514,0.5099250674247742,0.5099449753761292,0.36824989318847656,0.10220420360565186
visformer_small,cait_s24_224,consensus_topk,30,ILSVRC2012_val_00039490.JPEG,True,1.6094379425048828,0.004104090388864279,0.005335311871021986,0.5044775605201721,0.5046834945678711,0.10869503021240234,0.005754753947257996
visformer_small,cait_s24_224,consensus_topk,31,ILSVRC2012_val_00039737.JPEG,True,1.6094379425048828,-0.0011847898131236434,-0.0007216001395136118,0.5086495280265808,0.5085499286651611,0.1016092300415039,0.030728310346603394
visformer_small,cait_s24_224,uniform,32,ILSVRC2012_val_00039746.JPEG,True,2.995732069015503,0.006916962563991547,0.007537320256233215,0.5041653513908386,0.5042317509651184,0.09018230438232422,0.009505882859230042
visformer_small,cait_s24_224,uniform,33,ILSVRC2012_val_00039748.JPEG,True,2.995732069015503,0.0023829268757253885,0.005234750919044018,0.5017405152320862,0.5020195841789246,-0.03852367401123047,0.00015247613191604614
visformer_small,cait_s24_224,phase_weighted,32,ILSVRC2012_val_00039746.JPEG,True,2.773303985595703,-0.00010390725219622254,0.0001721259905025363,0.502531111240387,0.5028101205825806,0.055151939392089844,0.002905413508415222
visformer_small,cait_s24_224,phase_weighted,33,ILSVRC2012_val_00039748.JPEG,True,2.857550621032715,-0.000864326604641974,0.0017975491937249899,0.49984055757522583,0.4999402165412903,-0.06751823425292969,-0.0009092539548873901
visformer_small,cait_s24_224,flip_weighted,32,ILSVRC2012_val_00039746.JPEG,True,2.8005785942077637,0.0076410239562392235,0.00830653216689825,0.5061450600624084,0.5062114596366882,0.1323871612548828,0.01210223138332367
visformer_small,cait_s24_224,flip_weighted,33,ILSVRC2012_val_00039748.JPEG,True,2.909160614013672,-0.0003066530334763229,0.0027073174715042114,0.5003321766853333,0.5000796914100647,-0.04744720458984375,-3.6582350730895996e-06
visformer_small,cait_s24_224,consensus_weighted,32,ILSVRC2012_val_00039746.JPEG,True,2.8276638984680176,0.00035604852018877864,0.000672410533297807,0.502703845500946,0.5029296875,0.048544883728027344,0.0029005929827690125
visformer_small,cait_s24_224,consensus_weighted,33,ILSVRC2012_val_00039748.JPEG,True,2.866873025894165,-0.0006487504579126835,0.002270158613100648,0.4994087517261505,0.4994419515132904,-0.05680084228515625,-0.00044038891792297363
visformer_small,cait_s24_224,shuffled_semantic_weighted,32,ILSVRC2012_val_00039746.JPEG,True,2.9016189575195312,0.010648028925061226,0.011342750862240791,0.5040059089660645,0.5036205649375916,0.04870319366455078,0.0053024739027023315
visformer_small,cait_s24_224,shuffled_semantic_weighted,33,ILSVRC2012_val_00039748.JPEG,True,2.816272735595703,0.006691725924611092,0.008644724264740944,0.5030027627944946,0.5030226707458496,-0.049312591552734375,-0.0018217787146568298
visformer_small,cait_s24_224,permuted_weight,32,ILSVRC2012_val_00039746.JPEG,True,2.8276641368865967,0.00919848307967186,0.00982328038662672,0.5040125250816345,0.5046901702880859,0.04257392883300781,0.004468649625778198
visformer_small,cait_s24_224,permuted_weight,33,ILSVRC2012_val_00039748.JPEG,True,2.866873264312744,0.0011255766730755568,0.00390991847962141,0.5009699463844299,0.5010895133018494,0.013163566589355469,0.0034725144505500793
visformer_small,cait_s24_224,consensus_topk,32,ILSVRC2012_val_00039746.JPEG,True,1.6094379425048828,-0.002679509110748768,-0.00250042206607759,0.49924930930137634,0.4991895258426666,0.046866416931152344,0.0017786920070648193
visformer_small,cait_s24_224,consensus_topk,33,ILSVRC2012_val_00039748.JPEG,True,1.6094379425048828,-0.002809628378599882,-0.00031696073710918427,0.4977545738220215,0.4981133043766022,-0.0595550537109375,-0.0006190165877342224
visformer_small,cait_s24_224,uniform,34,ILSVRC2012_val_00039815.JPEG,True,2.995732069015503,0.0050474246963858604,0.005790299735963345,0.5115460157394409,0.5129610300064087,0.04955101013183594,0.02568785846233368
visformer_small,cait_s24_224,uniform,35,ILSVRC2012_val_00039842.JPEG,True,2.995732069015503,0.005982734728604555,0.006882507354021072,0.5034412145614624,0.5041852593421936,-0.08387184143066406,-0.008197195827960968
visformer_small,cait_s24_224,phase_weighted,34,ILSVRC2012_val_00039815.JPEG,True,2.907756805419922,0.006373481824994087,0.0071127512492239475,0.5108817219734192,0.5125159621238708,0.14098548889160156,0.026149913668632507
visformer_small,cait_s24_224,phase_weighted,35,ILSVRC2012_val_00039842.JPEG,True,2.931878089904785,0.007369165308773518,0.00840004999190569,0.5037534832954407,0.5046237111091614,-0.054355621337890625,-0.005956128239631653
visformer_small,cait_s24_224,flip_weighted,34,ILSVRC2012_val_00039815.JPEG,True,2.88564133644104,0.006717200390994549,0.007280332036316395,0.5110012888908386,0.5117453336715698,-0.03294181823730469,0.01907912641763687
visformer_small,cait_s24_224,flip_weighted,35,ILSVRC2012_val_00039842.JPEG,True,2.8999805450439453,0.007840842939913273,0.008674418553709984,0.504112184047699,0.5040258169174194,-0.1150360107421875,-0.010469339787960052
visformer_small,cait_s24_224,consensus_weighted,34,ILSVRC2012_val_00039815.JPEG,True,2.9258830547332764,0.005713283084332943,0.006322838366031647,0.5109547972679138,0.5123698115348816,0.07624053955078125,0.0204482302069664
visformer_small,cait_s24_224,consensus_weighted,35,ILSVRC2012_val_00039842.JPEG,True,2.9212586879730225,0.007368814665824175,0.008394617587327957,0.5041254758834839,0.5044310688972473,-0.039361000061035156,-0.00511421263217926
visformer_small,cait_s24_224,shuffled_semantic_weighted,34,ILSVRC2012_val_00039815.JPEG,True,2.773873805999756,0.001590576022863388,0.0023169892374426126,0.5104631781578064,0.511944591999054,0.02375507354736328,0.01949697732925415
visformer_small,cait_s24_224,shuffled_semantic_weighted,35,ILSVRC2012_val_00039842.JPEG,True,2.857499599456787,0.005212152376770973,0.0059578316286206245,0.5035940408706665,0.5033083558082581,-0.043182373046875,-0.004935003817081451
visformer_small,cait_s24_224,permuted_weight,34,ILSVRC2012_val_00039815.JPEG,True,2.9258828163146973,0.003936257679015398,0.004731879103928804,0.5108285546302795,0.5126953125,0.006030082702636719,0.025346234440803528
visformer_small,cait_s24_224,permuted_weight,35,ILSVRC2012_val_00039842.JPEG,True,2.9212586879730225,0.004723882302641869,0.0055483062751591206,0.5036737322807312,0.5041055679321289,-0.18161392211914062,-0.01398884505033493
visformer_small,cait_s24_224,consensus_topk,34,ILSVRC2012_val_00039815.JPEG,True,1.6094379425048828,0.0006318597588688135,0.0009621597127988935,0.5063177347183228,0.5075799822807312,0.021303176879882812,0.0020967498421669006
visformer_small,cait_s24_224,consensus_topk,35,ILSVRC2012_val_00039842.JPEG,True,1.6094379425048828,0.008055305108428001,0.008962694555521011,0.5047698616981506,0.5048163533210754,-0.07740306854248047,-0.008401542901992798
visformer_small,cait_s24_224,uniform,36,ILSVRC2012_val_00039892.JPEG,True,2.995732069015503,-0.0005942434072494507,-0.0014755264855921268,0.501348614692688,0.5000597834587097,0.1845407485961914,0.011089660227298737
visformer_small,cait_s24_224,uniform,37,ILSVRC2012_val_00039939.JPEG,True,2.995732069015503,0.002437581541016698,0.002256285399198532,0.4983923137187958,0.497953861951828,-0.013209342956542969,0.002538353204727173
visformer_small,cait_s24_224,phase_weighted,36,ILSVRC2012_val_00039892.JPEG,True,2.7569243907928467,-0.00046773150097578764,-0.0017786291427910328,0.5043380856513977,0.5037069320678711,0.06958580017089844,0.0037933550775051117
visformer_small,cait_s24_224,phase_weighted,37,ILSVRC2012_val_00039939.JPEG,True,2.9249823093414307,0.0015044985339045525,0.0013806800125166774,0.4987111985683441,0.49799373745918274,-0.000858306884765625,0.004215531051158905
visformer_small,cait_s24_224,flip_weighted,36,ILSVRC2012_val_00039892.JPEG,True,2.9423751831054688,-0.00027677230536937714,-0.0012429743073880672,0.5016342401504517,0.5016807317733765,0.24356746673583984,0.015171714127063751
visformer_small,cait_s24_224,flip_weighted,37,ILSVRC2012_val_00039939.JPEG,True,2.9365477561950684,0.0018014212837442756,0.001634781016036868,0.49771469831466675,0.4982129633426666,-0.03965187072753906,-0.0013880282640457153
visformer_small,cait_s24_224,consensus_weighted,36,ILSVRC2012_val_00039892.JPEG,True,2.8147287368774414,-0.00028360215947031975,-0.001550933113321662,0.5032485723495483,0.5032684803009033,0.10486125946044922,0.005820378661155701
visformer_small,cait_s24_224,consensus_weighted,37,ILSVRC2012_val_00039939.JPEG,True,2.912977695465088,0.002233776031062007,0.002071413677185774,0.49814653396606445,0.49799373745918274,-0.045767784118652344,-0.0011883154511451721
visformer_small,cait_s24_224,shuffled_semantic_weighted,36,ILSVRC2012_val_00039892.JPEG,True,2.901163101196289,-0.0011599534191191196,-0.0017524161376059055,0.5008105039596558,0.5002989768981934,0.1997823715209961,0.012128546833992004
visformer_small,cait_s24_224,shuffled_semantic_weighted,37,ILSVRC2012_val_00039939.JPEG,True,2.865788698196411,-0.0003315047360956669,-0.0004602722474373877,0.4973028302192688,0.49699723720550537,-0.06481170654296875,-0.0038758739829063416
visformer_small,cait_s24_224,permuted_weight,36,ILSVRC2012_val_00039892.JPEG,True,2.8147289752960205,0.007153394632041454,0.006440687924623489,0.5018003582954407,0.5016209483146667,0.09095573425292969,0.005317531526088715
visformer_small,cait_s24_224,permuted_weight,37,ILSVRC2012_val_00039939.JPEG,True,2.912977695465088,0.0021231372375041246,0.001906481571495533,0.4978010654449463,0.4986647069454193,-0.029906272888183594,0.000776730477809906
visformer_small,cait_s24_224,consensus_topk,36,ILSVRC2012_val_00039892.JPEG,True,1.6094379425048828,0.005365092772990465,0.00416590366512537,0.4703975319862366,0.5065369606018066,0.12117767333984375,0.006959483027458191
visformer_small,cait_s24_224,consensus_topk,37,ILSVRC2012_val_00039939.JPEG,True,1.6094379425048828,0.0014385422691702843,0.0014526161830872297,0.4966318607330322,0.49738919734954834,0.022161483764648438,0.005425833165645599
visformer_small,cait_s24_224,uniform,38,ILSVRC2012_val_00040016.JPEG,True,2.995732069015503,0.010519986040890217,0.010436114855110645,0.4992692470550537,0.49883079528808594,0.09449005126953125,0.006306782364845276
visformer_small,cait_s24_224,uniform,39,ILSVRC2012_val_00040140.JPEG,True,2.995732069015503,0.027478590607643127,0.026578307151794434,0.5112005472183228,0.5119778513908386,0.1001882553100586,0.017923161387443542
visformer_small,cait_s24_224,phase_weighted,38,ILSVRC2012_val_00040016.JPEG,True,2.862929105758667,0.008822105824947357,0.007640572264790535,0.498930424451828,0.4984521269798279,0.15241718292236328,0.010720834136009216
visformer_small,cait_s24_224,phase_weighted,39,ILSVRC2012_val_00040140.JPEG,True,2.8768444061279297,0.021086879074573517,0.020071061328053474,0.5099316835403442,0.5109016299247742,0.07415485382080078,0.015206851065158844
visformer_small,cait_s24_224,flip_weighted,38,ILSVRC2012_val_00040016.JPEG,True,2.861931324005127,0.003882184624671936,0.0031824400648474693,0.4988241493701935,0.4992692470550537,0.14048004150390625,0.01002027839422226
visformer_small,cait_s24_224,flip_weighted,39,ILSVRC2012_val_00040140.JPEG,True,2.8809080123901367,0.028387637808918953,0.028013674542307854,0.5120841264724731,0.5125690698623657,0.10342788696289062,0.019017308950424194
visformer_small,cait_s24_224,consensus_weighted,38,ILSVRC2012_val_00040016.JPEG,True,2.8579304218292236,0.007922528311610222,0.006754552945494652,0.4984986186027527,0.49875107407569885,0.16352367401123047,0.01166968047618866
visformer_small,cait_s24_224,consensus_weighted,39,ILSVRC2012_val_00040140.JPEG,True,2.8640058040618896,0.025644149631261826,0.025167495012283325,0.5112470984458923,0.5123897194862366,0.09213447570800781,0.017668694257736206
visformer_small,cait_s24_224,shuffled_semantic_weighted,38,ILSVRC2012_val_00040016.JPEG,True,2.897738456726074,0.01490120030939579,0.014182796701788902,0.4988573491573334,0.498910516500473,0.07476997375488281,0.004876852035522461
visformer_small,cait_s24_224,shuffled_semantic_weighted,39,ILSVRC2012_val_00040140.JPEG,True,2.8656179904937744,0.025614790618419647,0.024583036080002785,0.511326789855957,0.5113998651504517,0.102691650390625,0.01755596697330475
visformer_small,cait_s24_224,permuted_weight,38,ILSVRC2012_val_00040016.JPEG,True,2.8579301834106445,0.0069528608582913876,0.0065482077188789845,0.49811995029449463,0.499229371547699,0.08004951477050781,0.005887061357498169
visformer_small,cait_s24_224,permuted_weight,39,ILSVRC2012_val_00040140.JPEG,True,2.8640055656433105,0.025926489382982254,0.024604592472314835,0.510722279548645,0.5109415054321289,0.09140300750732422,0.016332000494003296
visformer_small,cait_s24_224,consensus_topk,38,ILSVRC2012_val_00040016.JPEG,True,1.6094379425048828,-0.000400003045797348,-0.0021502445451915264,0.4983059763908386,0.4983524680137634,0.09629154205322266,0.006592057645320892
visformer_small,cait_s24_224,consensus_topk,39,ILSVRC2012_val_00040140.JPEG,True,1.6094379425048828,0.02530110813677311,0.02564302086830139,0.4929315447807312,0.5118781924247742,0.13826656341552734,0.01895476132631302
visformer_small,cait_s24_224,uniform,40,ILSVRC2012_val_00040221.JPEG,True,2.995732069015503,0.007147585973143578,0.00861908495426178,0.5010762214660645,0.500604510307312,0.0698690414428711,0.011839032173156738
visformer_small,cait_s24_224,uniform,41,ILSVRC2012_val_00040291.JPEG,True,2.995732069015503,0.008377136662602425,0.008780336007475853,0.5049293041229248,0.5041719675064087,0.04167747497558594,0.006146680563688278
visformer_small,cait_s24_224,phase_weighted,40,ILSVRC2012_val_00040221.JPEG,True,2.907165288925171,0.0018271891167387366,0.0023451042361557484,0.4998007118701935,0.499887079000473,0.08276939392089844,0.012259528040885925
visformer_small,cait_s24_224,phase_weighted,41,ILSVRC2012_val_00040291.JPEG,True,2.880584478378296,0.00760347954928875,0.0077553619630634785,0.505108654499054,0.5044044852256775,0.016481399536132812,0.004461366683244705
visformer_small,cait_s24_224,flip_weighted,40,ILSVRC2012_val_00040221.JPEG,True,2.8929433822631836,0.010626533068716526,0.013696219772100449,0.5024513602256775,0.5022122263908386,0.059967041015625,0.011177614331245422
visformer_small,cait_s24_224,flip_weighted,41,ILSVRC2012_val_00040291.JPEG,True,2.9130544662475586,0.008936255238950253,0.009315019473433495,0.5048230290412903,0.5042583346366882,0.03734779357910156,0.006292793899774551
visformer_small,cait_s24_224,consensus_weighted,40,ILSVRC2012_val_00040221.JPEG,True,2.9350497722625732,0.005582379177212715,0.007231032010167837,0.5002126097679138,0.4999202787876129,0.06103706359863281,0.01021498441696167
visformer_small,cait_s24_224,consensus_weighted,41,ILSVRC2012_val_00040291.JPEG,True,2.908463478088379,0.007272380404174328,0.007691657170653343,0.5041919350624084,0.5038597583770752,0.056366920471191406,0.007049378007650375
visformer_small,cait_s24_224,shuffled_semantic_weighted,40,ILSVRC2012_val_00040221.JPEG,True,2.8868160247802734,0.004763650242239237,0.005781421437859535,0.5013020634651184,0.5006775856018066,0.048590660095214844,0.009651541709899902
visformer_small,cait_s24_224,shuffled_semantic_weighted,41,ILSVRC2012_val_00040291.JPEG,True,2.9055330753326416,0.009346715174615383,0.009593410417437553,0.5055736899375916,0.5055404901504517,0.023459434509277344,0.005783651024103165
visformer_small,cait_s24_224,permuted_weight,40,ILSVRC2012_val_00040221.JPEG,True,2.9350500106811523,0.003887034021317959,0.0041857268661260605,0.5007241368293762,0.4992692470550537,0.051215171813964844,0.009358972311019897
visformer_small,cait_s24_224,permuted_weight,41,ILSVRC2012_val_00040291.JPEG,True,2.9084632396698,0.008157599717378616,0.00855992641299963,0.504484236240387,0.5038597583770752,0.023162841796875,0.0052414871752262115
visformer_small,cait_s24_224,consensus_topk,40,ILSVRC2012_val_00040221.JPEG,True,1.6094379425048828,-0.010277105495333672,-0.010852470062673092,0.49667835235595703,0.49465879797935486,0.0033416748046875,0.0012593567371368408
visformer_small,cait_s24_224,consensus_topk,41,ILSVRC2012_val_00040291.JPEG,True,1.6094379425048828,0.006583424285054207,0.006888336036354303,0.4870256781578064,0.5048562288284302,0.09967041015625,0.009684588760137558
visformer_small,cait_s24_224,uniform,42,ILSVRC2012_val_00040345.JPEG,True,2.995732069015503,0.013851946219801903,0.014075185172259808,0.5024048686027527,0.5021191835403442,0.012831687927246094,0.00794590637087822
visformer_small,cait_s24_224,uniform,43,ILSVRC2012_val_00040407.JPEG,True,2.995732069015503,0.01258738525211811,0.01295742578804493,0.5100646018981934,0.5091012716293335,-0.5375375747680664,-0.01146775484085083
visformer_small,cait_s24_224,phase_weighted,42,ILSVRC2012_val_00040345.JPEG,True,2.820194959640503,0.01406157948076725,0.014171790331602097,0.5030359625816345,0.5027569532394409,-0.01805400848388672,0.006210945546627045
visformer_small,cait_s24_224,phase_weighted,43,ILSVRC2012_val_00040407.JPEG,True,2.8552398681640625,0.01096153911203146,0.011224329471588135,0.5088621377944946,0.5087358951568604,-0.6794147491455078,-0.01702462136745453
visformer_small,cait_s24_224,flip_weighted,42,ILSVRC2012_val_00040345.JPEG,True,2.9069838523864746,0.01132456585764885,0.011554654687643051,0.5018667578697205,0.5019066333770752,-0.0012454986572265625,0.006210271269083023
visformer_small,cait_s24_224,flip_weighted,43,ILSVRC2012_val_00040407.JPEG,True,2.864945888519287,0.013349293731153011,0.013698866590857506,0.5092740058898926,0.5094600319862366,-0.5918779373168945,-0.021530836820602417
visformer_small,cait_s24_224,consensus_weighted,42,ILSVRC2012_val_00040345.JPEG,True,2.8922014236450195,0.012348278425633907,0.01251776609569788,0.5024845600128174,0.5019664168357849,0.02351856231689453,0.008152861148118973
visformer_small,cait_s24_224,consensus_weighted,43,ILSVRC2012_val_00040407.JPEG,True,2.880434513092041,0.011686811223626137,0.011932816356420517,0.5093072652816772,0.5094201564788818,-0.6054229736328125,-0.018198862671852112
visformer_small,cait_s24_224,shuffled_semantic_weighted,42,ILSVRC2012_val_00040345.JPEG,True,2.8189029693603516,0.013069983571767807,0.013379398733377457,0.5033947229385376,0.5031688213348389,-0.02416515350341797,0.006226230412721634
visformer_small,cait_s24_224,shuffled_semantic_weighted,43,ILSVRC2012_val_00040407.JPEG,True,2.9251296520233154,0.014905011281371117,0.015692267566919327,0.5102173686027527,0.5090082883834839,-0.5801181793212891,-0.023974083364009857
visformer_small,cait_s24_224,permuted_weight,42,ILSVRC2012_val_00040345.JPEG,True,2.8922014236450195,0.015971343964338303,0.016203856095671654,0.5040192008018494,0.5031754970550537,0.0121612548828125,0.007075656205415726
visformer_small,cait_s24_224,permuted_weight,43,ILSVRC2012_val_00040407.JPEG,True,2.880434274673462,0.00921289250254631,0.008864124305546284,0.508583128452301,0.5078722834587097,-0.6477670669555664,-0.022396467626094818
visformer_small,cait_s24_224,consensus_topk,42,ILSVRC2012_val_00040345.JPEG,True,1.6094379425048828,0.002920118859037757,0.003155206795781851,0.5003122091293335,0.5004384517669678,0.00045680999755859375,0.005771111696958542
visformer_small,cait_s24_224,consensus_topk,43,ILSVRC2012_val_00040407.JPEG,True,1.6094379425048828,0.011323497630655766,0.011648237705230713,0.5081712603569031,0.5081048011779785,-0.49074268341064453,-0.005936935544013977
visformer_small,cait_s24_224,uniform,44,ILSVRC2012_val_00040452.JPEG,True,2.995732069015503,0.008387441746890545,0.008391164243221283,0.5062181353569031,0.505281388759613,-0.012899398803710938,0.0024767592549324036
visformer_small,cait_s24_224,uniform,45,ILSVRC2012_val_00040457.JPEG,True,2.995732069015503,0.04523400217294693,0.04603232443332672,0.5214179158210754,0.5218165516853333,0.9957351684570312,0.6153753399848938
visformer_small,cait_s24_224,phase_weighted,44,ILSVRC2012_val_00040452.JPEG,True,2.8723673820495605,0.005144315771758556,0.005423817317932844,0.5064904689788818,0.5057198405265808,-0.02651214599609375,0.0015195608139038086
visformer_small,cait_s24_224,phase_weighted,45,ILSVRC2012_val_00040457.JPEG,True,2.8765246868133545,0.048600636422634125,0.04952874779701233,0.5222284197807312,0.5225672125816345,0.9867649078369141,0.6182327270507812
visformer_small,cait_s24_224,flip_weighted,44,ILSVRC2012_val_00040452.JPEG,True,2.8370556831359863,0.0034422893077135086,0.0035237118136137724,0.5054541230201721,0.5047499537467957,-0.01342010498046875,0.0020214468240737915
visformer_small,cait_s24_224,flip_weighted,45,ILSVRC2012_val_00040457.JPEG,True,2.888509511947632,0.046621475368738174,0.04758812487125397,0.5221420526504517,0.5224543213844299,1.0180492401123047,0.6354378461837769
visformer_small,cait_s24_224,consensus_weighted,44,ILSVRC2012_val_00040452.JPEG,True,2.8704330921173096,0.004329334013164043,0.004506801255047321,0.5062446594238281,0.5050754547119141,-0.02654743194580078,0.0012549683451652527
visformer_small,cait_s24_224,consensus_weighted,45,ILSVRC2012_val_00040457.JPEG,True,2.8794171810150146,0.04929974675178528,0.050238654017448425,0.5222682952880859,0.5227864384651184,1.0230331420898438,0.637276291847229
visformer_small,cait_s24_224,shuffled_semantic_weighted,44,ILSVRC2012_val_00040452.JPEG,True,2.9200551509857178,0.007469157222658396,0.007505941204726696,0.5059058666229248,0.5057730078697205,0.0009307861328125,0.0037261545658111572
visformer_small,cait_s24_224,shuffled_semantic_weighted,45,ILSVRC2012_val_00040457.JPEG,True,2.8347647190093994,0.04081057757139206,0.041441112756729126,0.5205609798431396,0.520527720451355,0.9421892166137695,0.6134223937988281
visformer_small,cait_s24_224,permuted_weight,44,ILSVRC2012_val_00040452.JPEG,True,2.8704330921173096,0.0085897296667099,0.008752590045332909,0.5069953799247742,0.5062446594238281,0.014315605163574219,0.005198046565055847
visformer_small,cait_s24_224,permuted_weight,45,ILSVRC2012_val_00040457.JPEG,True,2.8794174194335938,0.04317453131079674,0.043832000344991684,0.5198700428009033,0.5205211043357849,0.8816852569580078,0.5700635313987732
visformer_small,cait_s24_224,consensus_topk,44,ILSVRC2012_val_00040452.JPEG,True,1.6094379425048828,-0.0014249531086534262,-0.0010486342944204807,0.5022919178009033,0.5022919178009033,-0.0036535263061523438,0.0023910850286483765
visformer_small,cait_s24_224,consensus_topk,45,ILSVRC2012_val_00040457.JPEG,True,1.6094379425048828,0.049218036234378815,0.05021290108561516,0.523849368095398,0.5241350531578064,1.021810531616211,0.5912622809410095
visformer_small,cait_s24_224,uniform,46,ILSVRC2012_val_00040494.JPEG,True,2.995732069015503,0.028707709163427353,0.02783869579434395,0.5049625039100647,0.5050289630889893,0.27636241912841797,0.02096148580312729
visformer_small,cait_s24_224,uniform,47,ILSVRC2012_val_00040541.JPEG,True,2.995732069015503,0.011543278582394123,0.011692827567458153,0.5096593499183655,0.5109215378761292,0.35653209686279297,0.04107201099395752
visformer_small,cait_s24_224,phase_weighted,46,ILSVRC2012_val_00040494.JPEG,True,2.869502305984497,0.030628696084022522,0.029819607734680176,0.5071946978569031,0.5070285797119141,0.3986692428588867,0.029734812676906586
visformer_small,cait_s24_224,phase_weighted,47,ILSVRC2012_val_00040541.JPEG,True,2.9017932415008545,0.009982230141758919,0.010212655179202557,0.510968029499054,0.5113599896430969,0.3088960647583008,0.03704119473695755
visformer_small,cait_s24_224,flip_weighted,46,ILSVRC2012_val_00040494.JPEG,True,2.944462537765503,0.030849643051624298,0.02997291088104248,0.5064904689788818,0.5060586929321289,0.29689884185791016,0.021907955408096313
visformer_small,cait_s24_224,flip_weighted,47,ILSVRC2012_val_00040541.JPEG,True,2.9076857566833496,0.012268743477761745,0.012367399409413338,0.5097590088844299,0.5100579261779785,0.3484630584716797,0.038858674466609955
visformer_small,cait_s24_224,consensus_weighted,46,ILSVRC2012_val_00040494.JPEG,True,2.912473440170288,0.030927229672670364,0.030089259147644043,0.5073474645614624,0.5074936151504517,0.3052186965942383,0.022796109318733215
visformer_small,cait_s24_224,consensus_weighted,47,ILSVRC2012_val_00040541.JPEG,True,2.854323148727417,0.009603102691471577,0.00974939577281475,0.5108484625816345,0.5103037357330322,0.30209827423095703,0.0338115319609642
visformer_small,cait_s24_224,shuffled_semantic_weighted,46,ILSVRC2012_val_00040494.JPEG,True,2.848018169403076,0.025281300768256187,0.02437206357717514,0.5047233700752258,0.5046436786651611,0.3168601989746094,0.023012124001979828
visformer_small,cait_s24_224,shuffled_semantic_weighted,47,ILSVRC2012_val_00040541.JPEG,True,2.8032798767089844,0.01589900627732277,0.01601993851363659,0.509373664855957,0.5097590088844299,0.3841381072998047,0.04384069889783859
visformer_small,cait_s24_224,permuted_weight,46,ILSVRC2012_val_00040494.JPEG,True,2.912473678588867,0.024099674075841904,0.023306656628847122,0.5055869817733765,0.505487322807312,0.20141029357910156,0.016212649643421173
visformer_small,cait_s24_224,permuted_weight,47,ILSVRC2012_val_00040541.JPEG,True,2.854322910308838,0.011102544143795967,0.011232519522309303,0.5093204975128174,0.5094467401504517,0.3760404586791992,0.03936098515987396
visformer_small,cait_s24_224,consensus_topk,46,ILSVRC2012_val_00040494.JPEG,True,1.6094379425048828,0.036231882870197296,0.035732898861169815,0.487118661403656,0.5055736899375916,0.3384885787963867,0.023551635444164276
visformer_small,cait_s24_224,consensus_topk,47,ILSVRC2012_val_00040541.JPEG,True,1.6094379425048828,0.009950692765414715,0.010264920070767403,0.506257951259613,0.5071681141853333,0.23674964904785156,0.03059358149766922
visformer_small,cait_s24_224,uniform,48,ILSVRC2012_val_00040601.JPEG,True,2.995732069015503,-0.003150148317217827,-0.0031714770011603832,0.5018534660339355,0.5027901530265808,0.13121414184570312,0.0068092867732048035
visformer_small,cait_s24_224,uniform,49,ILSVRC2012_val_00040634.JPEG,True,2.995732069015503,0.008864203467965126,0.009974588640034199,0.5048296451568604,0.504696786403656,0.12073898315429688,0.010014452040195465
visformer_small,cait_s24_224,phase_weighted,48,ILSVRC2012_val_00040601.JPEG,True,2.920560359954834,0.0005766532849520445,0.000383943784981966,0.5009433627128601,0.5020660758018494,0.13634109497070312,0.007564075291156769
visformer_small,cait_s24_224,phase_weighted,49,ILSVRC2012_val_00040634.JPEG,True,2.862258195877075,0.00767015153542161,0.008627468720078468,0.5046502947807312,0.504298210144043,0.09994125366210938,0.009529918432235718
visformer_small,cait_s24_224,flip_weighted,48,ILSVRC2012_val_00040601.JPEG,True,2.9129559993743896,0.010679860599339008,0.010534297674894333,0.5023185014724731,0.5035474896430969,0.1407470703125,0.0042564645409584045
visformer_small,cait_s24_224,flip_weighted,49,ILSVRC2012_val_00040634.JPEG,True,2.865652561187744,0.008011220023036003,0.008979945443570614,0.5043646097183228,0.5042184591293335,0.10255050659179688,0.009743981063365936
visformer_small,cait_s24_224,consensus_weighted,48,ILSVRC2012_val_00040601.JPEG,True,2.9324135780334473,0.01020004227757454,0.009859961457550526,0.501747190952301,0.5026971697807312,0.16304588317871094,0.007075488567352295
visformer_small,cait_s24_224,consensus_weighted,49,ILSVRC2012_val_00040634.JPEG,True,2.876892566680908,0.007908309809863567,0.008877820335328579,0.5043978691101074,0.5040192008018494,0.1164703369140625,0.011005543172359467
visformer_small,cait_s24_224,shuffled_semantic_weighted,48,ILSVRC2012_val_00040601.JPEG,True,2.899441719055176,-0.015266628935933113,-0.015126046724617481,0.5019199252128601,0.5026838779449463,0.1073150634765625,0.005167730152606964
visformer_small,cait_s24_224,shuffled_semantic_weighted,49,ILSVRC2012_val_00040634.JPEG,True,2.8661134243011475,0.008024655282497406,0.008878851309418678,0.50390625,0.5038265585899353,0.12417030334472656,0.010024219751358032
visformer_small,cait_s24_224,permuted_weight,48,ILSVRC2012_val_00040601.JPEG,True,2.9324135780334473,-0.005161816719919443,-0.005030499771237373,0.5017870664596558,0.5028632283210754,0.17781352996826172,0.00859154760837555
visformer_small,cait_s24_224,permuted_weight,49,ILSVRC2012_val_00040634.JPEG,True,2.876892566680908,0.00995202548801899,0.011185737326741219,0.504696786403656,0.5045573115348816,0.15520095825195312,0.0118943452835083
visformer_small,cait_s24_224,consensus_topk,48,ILSVRC2012_val_00040601.JPEG,True,1.6094379425048828,0.022716691717505455,0.02151881717145443,0.503720223903656,0.5042384266853333,0.20562362670898438,0.013325028121471405
visformer_small,cait_s24_224,consensus_topk,49,ILSVRC2012_val_00040634.JPEG,True,1.6094379425048828,0.007919223979115486,0.00881199724972248,0.5012954473495483,0.5018202662467957,0.14188385009765625,0.01138346642255783
visformer_small,cait_s24_224,uniform,50,ILSVRC2012_val_00040798.JPEG,True,2.995732069015503,0.02643100917339325,0.03387553244829178,0.5009765625,0.5024713277816772,0.0860748291015625,0.006936125457286835
visformer_small,cait_s24_224,uniform,51,ILSVRC2012_val_00040930.JPEG,True,2.995732069015503,0.07712006568908691,0.08526676148176193,0.5152862071990967,0.5171130895614624,0.27449989318847656,0.13563543558120728
visformer_small,cait_s24_224,phase_weighted,50,ILSVRC2012_val_00040798.JPEG,True,2.9163780212402344,0.02899840474128723,0.03566359728574753,0.5016807317733765,0.5025975108146667,0.03944873809814453,0.0033285915851593018
visformer_small,cait_s24_224,phase_weighted,51,ILSVRC2012_val_00040930.JPEG,True,2.6971120834350586,0.06340641528367996,0.0695400983095169,0.5100114345550537,0.5119180679321289,0.2395763397216797,0.1166413426399231
visformer_small,cait_s24_224,flip_weighted,50,ILSVRC2012_val_00040798.JPEG,True,2.897045135498047,0.02643001638352871,0.03439199551939964,0.5021125674247742,0.5030359625816345,0.11712646484375,0.008304551243782043
visformer_small,cait_s24_224,flip_weighted,51,ILSVRC2012_val_00040930.JPEG,True,2.911884307861328,0.07606840878725052,0.08407895267009735,0.5152795314788818,0.5166148543357849,0.2224893569946289,0.1333233267068863
visformer_small,cait_s24_224,consensus_weighted,50,ILSVRC2012_val_00040798.JPEG,True,2.8987343311309814,0.026530489325523376,0.033095672726631165,0.5017206072807312,0.5026705861091614,0.05005645751953125,0.00397847592830658
visformer_small,cait_s24_224,consensus_weighted,51,ILSVRC2012_val_00040930.JPEG,True,2.815148115158081,0.06924468278884888,0.07615179568529129,0.5123831033706665,0.5132068395614624,0.21139240264892578,0.1268398016691208
visformer_small,cait_s24_224,shuffled_semantic_weighted,50,ILSVRC2012_val_00040798.JPEG,True,2.849472761154175,0.0325649194419384,0.04252906143665314,0.5014283061027527,0.5019465088844299,0.10567569732666016,0.007498592138290405
visformer_small,cait_s24_224,shuffled_semantic_weighted,51,ILSVRC2012_val_00040930.JPEG,True,2.884467124938965,0.07964976131916046,0.08749820291996002,0.516229510307312,0.5186011791229248,0.29488182067871094,0.15097108483314514
visformer_small,cait_s24_224,permuted_weight,50,ILSVRC2012_val_00040798.JPEG,True,2.8987338542938232,0.03295299410820007,0.04104554280638695,0.5006975531578064,0.5010363459587097,0.02501201629638672,0.002145133912563324
visformer_small,cait_s24_224,permuted_weight,51,ILSVRC2012_val_00040930.JPEG,True,2.815148115158081,0.07519316673278809,0.08360408991575241,0.5153260231018066,0.5174585580825806,0.27793312072753906,0.12796489894390106
visformer_small,cait_s24_224,consensus_topk,50,ILSVRC2012_val_00040798.JPEG,True,1.6094379425048828,0.00951046496629715,0.010585317388176918,0.5018999576568604,0.5020793676376343,-0.0006132125854492188,0.00036803632974624634
visformer_small,cait_s24_224,consensus_topk,51,ILSVRC2012_val_00040930.JPEG,True,1.6094379425048828,0.06333990395069122,0.07059479504823685,0.49007493257522583,0.5083838105201721,0.12215328216552734,0.08283615112304688
visformer_small,cait_s24_224,uniform,52,ILSVRC2012_val_00040952.JPEG,True,2.995732069015503,0.10072220861911774,0.10819704830646515,0.5198102593421936,0.5207270383834839,0.8648061752319336,0.6571218967437744
visformer_small,cait_s24_224,uniform,53,ILSVRC2012_val_00040966.JPEG,True,2.995732069015503,0.01993650197982788,0.019719215109944344,0.5071681141853333,0.5077793002128601,0.25388240814208984,0.02352120727300644
visformer_small,cait_s24_224,phase_weighted,52,ILSVRC2012_val_00040952.JPEG,True,2.9071316719055176,0.10174214094877243,0.10904013365507126,0.5206871628761292,0.5213448405265808,0.8756017684936523,0.680476188659668
visformer_small,cait_s24_224,phase_weighted,53,ILSVRC2012_val_00040966.JPEG,True,2.8999581336975098,0.02326635643839836,0.02299884334206581,0.5077593326568604,0.5080848932266235,0.30115318298339844,0.027978338301181793
visformer_small,cait_s24_224,flip_weighted,52,ILSVRC2012_val_00040952.JPEG,True,2.8952062129974365,0.09794151782989502,0.10528233647346497,0.5191060900688171,0.519943118095398,0.8213443756103516,0.6230360269546509
visformer_small,cait_s24_224,flip_weighted,53,ILSVRC2012_val_00040966.JPEG,True,2.8978400230407715,0.021390512585639954,0.02130015194416046,0.5080516338348389,0.5081712603569031,0.30254459381103516,0.027393512427806854
visformer_small,cait_s24_224,consensus_weighted,52,ILSVRC2012_val_00040952.JPEG,True,2.887256145477295,0.09807869791984558,0.10540316998958588,0.5196508169174194,0.5204015374183655,0.8223705291748047,0.6184365749359131
visformer_small,cait_s24_224,consensus_weighted,53,ILSVRC2012_val_00040966.JPEG,True,2.8872568607330322,0.023116230964660645,0.022936830297112465,0.507626473903656,0.5081247091293335,0.32523345947265625,0.029715724289417267
visformer_small,cait_s24_224,shuffled_semantic_weighted,52,ILSVRC2012_val_00040952.JPEG,True,2.8940138816833496,0.08940118551254272,0.09676637500524521,0.5158774256706238,0.5170865058898926,0.7224149703979492,0.5231359004974365
visformer_small,cait_s24_224,shuffled_semantic_weighted,53,ILSVRC2012_val_00040966.JPEG,True,2.9134628772735596,0.021417533978819847,0.021263819187879562,0.5072677731513977,0.5079520344734192,0.2803068161010742,0.025785788893699646
visformer_small,cait_s24_224,permuted_weight,52,ILSVRC2012_val_00040952.JPEG,True,2.887256383895874,0.10404366999864578,0.11185482144355774,0.5208598971366882,0.5217434763908386,0.9059782028198242,0.7129136323928833
visformer_small,cait_s24_224,permuted_weight,53,ILSVRC2012_val_00040966.JPEG,True,2.8872573375701904,0.01309648621827364,0.01291535422205925,0.5080583095550537,0.5080782175064087,0.2434825897216797,0.021913744509220123
visformer_small,cait_s24_224,consensus_topk,52,ILSVRC2012_val_00040952.JPEG,True,1.6094379425048828,0.08088520169258118,0.08769458532333374,0.5169669389724731,0.5180364847183228,0.6585903167724609,0.47728022933006287
visformer_small,cait_s24_224,consensus_topk,53,ILSVRC2012_val_00040966.JPEG,True,1.6094379425048828,0.027720853686332703,0.02743086963891983,0.5082576274871826,0.5085897445678711,0.3097219467163086,0.0267350897192955
visformer_small,cait_s24_224,uniform,54,ILSVRC2012_val_00041010.JPEG,True,2.995732069015503,0.0020212694071233273,0.0013088772539049387,0.4981531798839569,0.49822625517845154,-0.06600379943847656,-0.005906872451305389
visformer_small,cait_s24_224,uniform,55,ILSVRC2012_val_00041063.JPEG,True,2.995732069015503,0.04326208308339119,0.04294922575354576,0.5202553868293762,0.5200095772743225,1.375732421875,0.5923154354095459
visformer_small,cait_s24_224,phase_weighted,54,ILSVRC2012_val_00041010.JPEG,True,2.925222396850586,0.003635270055383444,0.0031714742071926594,0.49839895963668823,0.498232901096344,-0.08321571350097656,-0.007351450622081757
visformer_small,cait_s24_224,phase_weighted,55,ILSVRC2012_val_00041063.JPEG,True,2.8504819869995117,0.04349321871995926,0.04361022636294365,0.5207602381706238,0.5213116407394409,1.3020648956298828,0.5808779001235962
visformer_small,cait_s24_224,flip_weighted,54,ILSVRC2012_val_00041010.JPEG,True,2.8729519844055176,0.0020614443346858025,0.0015263090608641505,0.4978143572807312,0.49791401624679565,-0.08563709259033203,-0.007470138370990753
visformer_small,cait_s24_224,flip_weighted,55,ILSVRC2012_val_00041063.JPEG,True,2.919705390930176,0.041126005351543427,0.04100038483738899,0.5193983912467957,0.5187938213348389,1.2739315032958984,0.5071017742156982
visformer_small,cait_s24_224,consensus_weighted,54,ILSVRC2012_val_00041010.JPEG,True,2.8751370906829834,0.00450397003442049,0.004082460887730122,0.4976084232330322,0.4980601668357849,-0.0702972412109375,-0.006223469972610474
visformer_small,cait_s24_224,consensus_weighted,55,ILSVRC2012_val_00041063.JPEG,True,2.9221928119659424,0.04274197667837143,0.04283114895224571,0.5210658311843872,0.5202288031578064,1.286458969116211,0.5445993542671204
visformer_small,cait_s24_224,shuffled_semantic_weighted,54,ILSVRC2012_val_00041010.JPEG,True,2.866734266281128,-0.004321216605603695,-0.005055117420852184,0.49792730808258057,0.4974755644798279,-0.12932205200195312,-0.011038720607757568
visformer_small,cait_s24_224,shuffled_semantic_weighted,55,ILSVRC2012_val_00041063.JPEG,True,2.8298773765563965,0.037252798676490784,0.03715783357620239,0.518162727355957,0.5179634094238281,1.2143058776855469,0.45421475172042847
visformer_small,cait_s24_224,permuted_weight,54,ILSVRC2012_val_00041010.JPEG,True,2.8751370906829834,0.0034135966561734676,0.002420232631266117,0.49791401624679565,0.49752870202064514,-0.030321121215820312,-0.0028915703296661377
visformer_small,cait_s24_224,permuted_weight,55,ILSVRC2012_val_00041063.JPEG,True,2.9221928119659424,0.0424385741353035,0.04243248328566551,0.5204347372055054,0.5204945206642151,1.300689697265625,0.5394471883773804
visformer_small,cait_s24_224,consensus_topk,54,ILSVRC2012_val_00041010.JPEG,True,1.6094379425048828,0.005423567723482847,0.0061956532299518585,0.4986049234867096,0.49805352091789246,0.028421401977539062,0.0023105740547180176
visformer_small,cait_s24_224,consensus_topk,55,ILSVRC2012_val_00041063.JPEG,True,1.6094379425048828,0.027682095766067505,0.028247173875570297,0.5159173011779785,0.5151001811027527,0.9226417541503906,0.26911163330078125
visformer_small,cait_s24_224,uniform,56,ILSVRC2012_val_00041080.JPEG,True,2.995732069015503,0.013120906427502632,0.013484148308634758,0.511326789855957,0.511904776096344,-0.02955150604248047,0.017994865775108337
visformer_small,cait_s24_224,uniform,57,ILSVRC2012_val_00041241.JPEG,True,2.995732069015503,0.0052833715453743935,0.004488821141421795,0.506816029548645,0.5073408484458923,0.02008819580078125,0.005111407488584518
visformer_small,cait_s24_224,phase_weighted,56,ILSVRC2012_val_00041080.JPEG,True,2.8069961071014404,0.010903858579695225,0.011004550382494926,0.5117852091789246,0.5117253661155701,-0.02620697021484375,0.018420398235321045
visformer_small,cait_s24_224,phase_weighted,57,ILSVRC2012_val_00041241.JPEG,True,2.9537672996520996,0.007712967228144407,0.006782063283026218,0.5067163705825806,0.506816029548645,-0.06322956085205078,0.0005388632416725159
visformer_small,cait_s24_224,flip_weighted,56,ILSVRC2012_val_00041080.JPEG,True,2.886916399002075,0.010074472054839134,0.01021987572312355,0.5118981003761292,0.5119578838348389,-0.05138969421386719,0.018331855535507202
visformer_small,cait_s24_224,flip_weighted,57,ILSVRC2012_val_00041241.JPEG,True,2.9014840126037598,0.0049931565299630165,0.004094911739230156,0.506463885307312,0.5070019960403442,0.034361839294433594,0.008035454899072647
visformer_small,cait_s24_224,consensus_weighted,56,ILSVRC2012_val_00041080.JPEG,True,2.741680383682251,0.00952646229416132,0.009485634975135326,0.5113732814788818,0.5111208558082581,-0.03711891174316406,0.017772823572158813
visformer_small,cait_s24_224,consensus_weighted,57,ILSVRC2012_val_00041241.JPEG,True,2.9073920249938965,0.006526400800794363,0.0055271596647799015,0.5069687962532043,0.5070285797119141,0.029043197631835938,0.006114434450864792
visformer_small,cait_s24_224,shuffled_semantic_weighted,56,ILSVRC2012_val_00041080.JPEG,True,2.76117205619812,0.01195884682238102,0.012098005041480064,0.5113533735275269,0.5116390585899353,-0.022342681884765625,0.01820845901966095
visformer_small,cait_s24_224,shuffled_semantic_weighted,57,ILSVRC2012_val_00041241.JPEG,True,2.8448305130004883,0.001178345293737948,0.0001067263656295836,0.5060520172119141,0.506855845451355,0.06605243682861328,0.010298218578100204
visformer_small,cait_s24_224,permuted_weight,56,ILSVRC2012_val_00041080.JPEG,True,2.741680383682251,0.011245153844356537,0.011348005384206772,0.5124827027320862,0.5122369527816772,-0.02501392364501953,0.021486610174179077
visformer_small,cait_s24_224,permuted_weight,57,ILSVRC2012_val_00041241.JPEG,True,2.9073922634124756,0.006767187267541885,0.006430473644286394,0.5063974857330322,0.5073740482330322,0.08832454681396484,0.012474756687879562
visformer_small,cait_s24_224,consensus_topk,56,ILSVRC2012_val_00041080.JPEG,True,1.6094379425048828,0.0027168900705873966,0.002489876002073288,0.5104764699935913,0.5098586082458496,-0.02106189727783203,0.017675429582595825
visformer_small,cait_s24_224,consensus_topk,57,ILSVRC2012_val_00041241.JPEG,True,1.6094379425048828,0.0057744053192436695,0.004904130008071661,0.5037401914596558,0.5043447017669678,-0.015500068664550781,0.0029909200966358185
visformer_small,cait_s24_224,uniform,58,ILSVRC2012_val_00041354.JPEG,True,2.995732069015503,0.056744284927845,0.056805726140737534,0.5279748439788818,0.5282804369926453,0.4008979797363281,0.4022376835346222
visformer_small,cait_s24_224,uniform,59,ILSVRC2012_val_00041406.JPEG,True,2.995732069015503,-0.0029283277690410614,-0.0032779278699308634,0.4963395595550537,0.49498432874679565,0.862823486328125,0.5245202779769897
visformer_small,cait_s24_224,phase_weighted,58,ILSVRC2012_val_00041354.JPEG,True,2.8176259994506836,0.05863562971353531,0.05872797966003418,0.5281475782394409,0.5281542539596558,0.3780660629272461,0.4074747860431671
visformer_small,cait_s24_224,phase_weighted,59,ILSVRC2012_val_00041406.JPEG,True,2.8602640628814697,-0.002439194591715932,-0.002732253633439541,0.49633291363716125,0.4961402416229248,0.8785734176635742,0.564923882484436
visformer_small,cait_s24_224,flip_weighted,58,ILSVRC2012_val_00041354.JPEG,True,2.863032341003418,0.05403637886047363,0.05392953380942345,0.5278619527816772,0.5282206535339355,0.3827857971191406,0.3964349925518036
visformer_small,cait_s24_224,flip_weighted,59,ILSVRC2012_val_00041406.JPEG,True,2.9156651496887207,-0.004023474641144276,-0.004366903565824032,0.4960804581642151,0.4952434003353119,0.7489032745361328,0.4480927288532257
visformer_small,cait_s24_224,consensus_weighted,58,ILSVRC2012_val_00041354.JPEG,True,2.8830676078796387,0.05551743134856224,0.0554739311337471,0.5282738208770752,0.5291241407394409,0.41092967987060547,0.4163491427898407
visformer_small,cait_s24_224,consensus_weighted,59,ILSVRC2012_val_00041406.JPEG,True,2.914743423461914,-0.0036087806802242994,-0.003935415297746658,0.49610039591789246,0.49540284276008606,0.7819967269897461,0.4625838100910187
visformer_small,cait_s24_224,shuffled_semantic_weighted,58,ILSVRC2012_val_00041354.JPEG,True,2.929831027984619,0.055902883410453796,0.05602610856294632,0.5277822017669678,0.5285528302192688,0.3488426208496094,0.3695930540561676
visformer_small,cait_s24_224,shuffled_semantic_weighted,59,ILSVRC2012_val_00041406.JPEG,True,2.8961570262908936,-0.003460800973698497,-0.0037538837641477585,0.49670493602752686,0.4959874451160431,0.912623405456543,0.5480542182922363
visformer_small,cait_s24_224,permuted_weight,58,ILSVRC2012_val_00041354.JPEG,True,2.8830671310424805,0.05615156888961792,0.05614788457751274,0.5276294350624084,0.528134286403656,0.35813236236572266,0.3935569226741791
visformer_small,cait_s24_224,permuted_weight,59,ILSVRC2012_val_00041406.JPEG,True,2.914743423461914,-0.00492465402930975,-0.005208876449614763,0.49584129452705383,0.495024174451828,0.6952886581420898,0.4157927334308624
visformer_small,cait_s24_224,consensus_topk,58,ILSVRC2012_val_00041354.JPEG,True,1.6094379425048828,0.04602062702178955,0.04564020782709122,0.5247395634651184,0.5247528553009033,0.29488468170166016,0.31971535086631775
visformer_small,cait_s24_224,consensus_topk,59,ILSVRC2012_val_00041406.JPEG,True,1.6094379425048828,-0.0068522365763783455,-0.006994575262069702,0.4979671537876129,0.497840940952301,0.6715335845947266,0.408221572637558
visformer_small,cait_s24_224,uniform,60,ILSVRC2012_val_00041468.JPEG,True,2.995732069015503,0.011805937625467777,0.011335359886288643,0.5014017224311829,0.5012821555137634,-0.23093795776367188,-0.00651666522026062
visformer_small,cait_s24_224,uniform,61,ILSVRC2012_val_00041474.JPEG,True,2.995732069015503,0.004175170324742794,0.0036926548928022385,0.5131138563156128,0.5133330821990967,0.3945159912109375,0.13422109186649323
visformer_small,cait_s24_224,phase_weighted,60,ILSVRC2012_val_00041468.JPEG,True,2.8340320587158203,0.008650770410895348,0.008152847178280354,0.5024513602256775,0.5009433627128601,-0.2054128646850586,-0.004339754581451416
visformer_small,cait_s24_224,phase_weighted,61,ILSVRC2012_val_00041474.JPEG,True,2.8617630004882812,-0.0007565822452306747,-0.0012480826117098331,0.5130805969238281,0.5130341053009033,0.34751415252685547,0.12139120697975159
visformer_small,cait_s24_224,flip_weighted,60,ILSVRC2012_val_00041468.JPEG,True,2.875842809677124,0.01058695837855339,0.01027831993997097,0.5004716515541077,0.5000265836715698,-0.21923542022705078,-0.008492060005664825
visformer_small,cait_s24_224,flip_weighted,61,ILSVRC2012_val_00041474.JPEG,True,2.90450119972229,0.0013223104178905487,0.0007752880919724703,0.5139508843421936,0.514070451259613,0.38756656646728516,0.13625583052635193
visformer_small,cait_s24_224,consensus_weighted,60,ILSVRC2012_val_00041468.JPEG,True,2.807159900665283,0.0076582226902246475,0.007190855219960213,0.5014482140541077,0.49999335408210754,-0.17951011657714844,-0.0033511072397232056
visformer_small,cait_s24_224,consensus_weighted,61,ILSVRC2012_val_00041474.JPEG,True,2.765721321105957,-0.002126954263076186,-0.002634778618812561,0.5124760866165161,0.513093888759613,0.366668701171875,0.11888638138771057
visformer_small,cait_s24_224,shuffled_semantic_weighted,60,ILSVRC2012_val_00041468.JPEG,True,2.854501724243164,0.008980462327599525,0.008491618558764458,0.5014747977256775,0.5009034872055054,-0.20852375030517578,-0.0025197789072990417
visformer_small,cait_s24_224,shuffled_semantic_weighted,61,ILSVRC2012_val_00041474.JPEG,True,2.901125907897949,0.0037183291278779507,0.0033359096851199865,0.5133728981018066,0.513485848903656,0.4322967529296875,0.14974193274974823
visformer_small,cait_s24_224,permuted_weight,60,ILSVRC2012_val_00041468.JPEG,True,2.8071603775024414,0.01228984072804451,0.01198655553162098,0.5026572942733765,0.5022188425064087,-0.2226266860961914,-0.007718093693256378
visformer_small,cait_s24_224,permuted_weight,61,ILSVRC2012_val_00041474.JPEG,True,2.765721082687378,0.0015839401166886091,0.001086438074707985,0.5131669640541077,0.5128613710403442,0.3404226303100586,0.12306015193462372
visformer_small,cait_s24_224,consensus_topk,60,ILSVRC2012_val_00041468.JPEG,True,1.6094379425048828,0.0076259421184659,0.008142467588186264,0.5009765625,0.5018135905265808,-0.20928192138671875,-0.009603656828403473
visformer_small,cait_s24_224,consensus_topk,61,ILSVRC2012_val_00041474.JPEG,True,1.6094379425048828,-0.0045156776905059814,-0.005108855664730072,0.5107886791229248,0.5101310014724731,0.2197246551513672,0.073780357837677
visformer_small,cait_s24_224,uniform,62,ILSVRC2012_val_00041483.JPEG,True,2.995732069015503,0.01270696334540844,0.01302008330821991,0.5037733912467957,0.505068838596344,0.13643646240234375,0.04885780066251755
visformer_small,cait_s24_224,uniform,63,ILSVRC2012_val_00041486.JPEG,True,2.995732069015503,0.004021129105240107,0.0021292679011821747,0.502723753452301,0.5037932991981506,-0.022966384887695312,-0.0026497095823287964
visformer_small,cait_s24_224,phase_weighted,62,ILSVRC2012_val_00041483.JPEG,True,2.874159812927246,0.014202447608113289,0.014501551166176796,0.5035740733146667,0.5044576525688171,0.14517498016357422,0.037444233894348145
visformer_small,cait_s24_224,phase_weighted,63,ILSVRC2012_val_00041486.JPEG,True,2.833437919616699,0.0043040309101343155,0.0028641358949244022,0.5040789842605591,0.5045838356018066,-0.06334972381591797,-0.006695598363876343
visformer_small,cait_s24_224,flip_weighted,62,ILSVRC2012_val_00041483.JPEG,True,2.8860552310943604,0.010523205623030663,0.010856821201741695,0.5049691796302795,0.5053345561027527,0.15404796600341797,0.04067955166101456
visformer_small,cait_s24_224,flip_weighted,63,ILSVRC2012_val_00041486.JPEG,True,2.86908221244812,0.004046421963721514,0.002494554501026869,0.5040524005889893,0.5051684975624084,-0.044528961181640625,-0.00444774329662323
visformer_small,cait_s24_224,consensus_weighted,62,ILSVRC2012_val_00041483.JPEG,True,2.8898725509643555,0.013625280931591988,0.013982441276311874,0.5046237111091614,0.5055072903633118,0.1479358673095703,0.040303029119968414
visformer_small,cait_s24_224,consensus_weighted,63,ILSVRC2012_val_00041486.JPEG,True,2.8280911445617676,0.004187901504337788,0.0027493468951433897,0.5035873651504517,0.5046502947807312,-0.05832862854003906,-0.0059610456228256226
visformer_small,cait_s24_224,shuffled_semantic_weighted,62,ILSVRC2012_val_00041483.JPEG,True,2.8602051734924316,0.012952635996043682,0.013291064649820328,0.504484236240387,0.5049824714660645,0.18390274047851562,0.06126222014427185
visformer_small,cait_s24_224,shuffled_semantic_weighted,63,ILSVRC2012_val_00041486.JPEG,True,2.8567922115325928,0.003066577948629856,0.0012273829197511077,0.502909779548645,0.5041586756706238,-0.04017448425292969,-0.0043749138712882996
visformer_small,cait_s24_224,permuted_weight,62,ILSVRC2012_val_00041483.JPEG,True,2.8898723125457764,0.012220008298754692,0.012538792565464973,0.5047366619110107,0.5052680969238281,0.12155342102050781,0.04647049307823181
visformer_small,cait_s24_224,permuted_weight,63,ILSVRC2012_val_00041486.JPEG,True,2.8280911445617676,0.006335968617349863,0.0044788336381316185,0.5031489133834839,0.5043779015541077,0.008891105651855469,0.0008704140782356262
visformer_small,cait_s24_224,consensus_topk,62,ILSVRC2012_val_00041483.JPEG,True,1.6094379425048828,0.011685455217957497,0.01205676794052124,0.5046834945678711,0.5052083134651184,0.17359638214111328,0.03323812037706375
visformer_small,cait_s24_224,consensus_topk,63,ILSVRC2012_val_00041486.JPEG,True,1.6094379425048828,0.0024371338076889515,0.0016080127097666264,0.4693678319454193,0.5065502524375916,-0.019211769104003906,-0.001021452248096466
visformer_small,pit_b_224,uniform,0,ILSVRC2012_val_00037758.JPEG,True,2.995732069015503,-0.008526261895895004,-0.007745821960270405,0.49833253026008606,0.49855175614356995,0.09642696380615234,0.021461620926856995
visformer_small,pit_b_224,uniform,1,ILSVRC2012_val_00037916.JPEG,True,2.995732069015503,0.005775626748800278,0.005230644717812538,0.5107554793357849,0.5102838277816772,0.22344589233398438,0.02952742576599121
visformer_small,pit_b_224,phase_weighted,0,ILSVRC2012_val_00037758.JPEG,True,2.8913774490356445,-0.007655510678887367,-0.006989383138716221,0.4993157386779785,0.498837411403656,0.10254383087158203,0.022921651601791382
visformer_small,pit_b_224,phase_weighted,1,ILSVRC2012_val_00037916.JPEG,True,2.8600850105285645,0.008056995458900928,0.00765179842710495,0.5111208558082581,0.5114330649375916,0.17985820770263672,0.023058593273162842
visformer_small,pit_b_224,flip_weighted,0,ILSVRC2012_val_00037758.JPEG,True,2.891493320465088,-0.008474821224808693,-0.007588627748191357,0.49850526452064514,0.4988241493701935,0.07135295867919922,0.01806528866291046
visformer_small,pit_b_224,flip_weighted,1,ILSVRC2012_val_00037916.JPEG,True,2.9187068939208984,0.0069448743015527725,0.00647376524284482,0.5108484625816345,0.510350227355957,0.1797342300415039,0.023174956440925598
visformer_small,pit_b_224,consensus_weighted,0,ILSVRC2012_val_00037758.JPEG,True,2.856785535812378,-0.0027738832868635654,-0.002104802057147026,0.4986248314380646,0.4996612071990967,0.09882926940917969,0.021775469183921814
visformer_small,pit_b_224,consensus_weighted,1,ILSVRC2012_val_00037916.JPEG,True,2.8860621452331543,0.007473924662917852,0.007157786283642054,0.5112138390541077,0.5110477805137634,0.1822223663330078,0.023551642894744873
visformer_small,pit_b_224,shuffled_semantic_weighted,0,ILSVRC2012_val_00037758.JPEG,True,2.913027286529541,-0.005330084823071957,-0.004582480993121862,0.4980202913284302,0.4988507032394409,0.06800556182861328,0.01832987368106842
visformer_small,pit_b_224,shuffled_semantic_weighted,1,ILSVRC2012_val_00037916.JPEG,True,2.8559532165527344,0.008026553317904472,0.00731008080765605,0.5115526914596558,0.5106757283210754,0.2633991241455078,0.03662009537220001
visformer_small,pit_b_224,permuted_weight,0,ILSVRC2012_val_00037758.JPEG,True,2.8567850589752197,-0.001905035343952477,-0.0013762235175818205,0.4974556267261505,0.49791401624679565,0.08199310302734375,0.02046602964401245
visformer_small,pit_b_224,permuted_weight,1,ILSVRC2012_val_00037916.JPEG,True,2.8860621452331543,0.0065237306989729404,0.005937723908573389,0.5101907849311829,0.510164201259613,0.21421146392822266,0.02770376205444336
visformer_small,pit_b_224,consensus_topk,0,ILSVRC2012_val_00037758.JPEG,True,1.6094379425048828,-6.1853788793087e-05,0.0004095016047358513,0.5024713277816772,0.5030891299247742,0.1090860366821289,0.0247022807598114
visformer_small,pit_b_224,consensus_topk,1,ILSVRC2012_val_00037916.JPEG,True,1.6094379425048828,0.009548448026180267,0.009792297147214413,0.5109547972679138,0.5110743641853333,0.23164844512939453,0.030713319778442383
visformer_small,pit_b_224,uniform,2,ILSVRC2012_val_00037926.JPEG,True,2.995732069015503,-0.018473125994205475,-0.01793547533452511,0.5040856003761292,0.5040391087532043,-0.06540203094482422,-0.011826291680335999
visformer_small,pit_b_224,uniform,3,ILSVRC2012_val_00037929.JPEG,True,2.995732069015503,0.0009469930082559586,0.0011280118487775326,0.4910714328289032,0.4909053444862366,-0.07061004638671875,-0.005083732306957245
visformer_small,pit_b_224,phase_weighted,2,ILSVRC2012_val_00037926.JPEG,True,2.756031036376953,-0.009242512285709381,-0.009067453444004059,0.5044509768486023,0.5042849183082581,-0.027889251708984375,-0.00492095947265625
visformer_small,pit_b_224,phase_weighted,3,ILSVRC2012_val_00037929.JPEG,True,2.7936346530914307,-0.0026035646442323923,-0.0026317224837839603,0.4908256232738495,0.49048683047294617,-0.041973114013671875,-0.0027867332100868225
visformer_small,pit_b_224,flip_weighted,2,ILSVRC2012_val_00037926.JPEG,True,2.9037511348724365,-0.013654991053044796,-0.013103831559419632,0.5038597583770752,0.5038796663284302,-0.028810501098632812,-0.005167722702026367
visformer_small,pit_b_224,flip_weighted,3,ILSVRC2012_val_00037929.JPEG,True,2.9298624992370605,-0.00036597903817892075,2.5791814550757408e-05,0.4907326102256775,0.49064627289772034,-0.022452354431152344,0.000581108033657074
visformer_small,pit_b_224,consensus_weighted,2,ILSVRC2012_val_00037926.JPEG,True,2.830446243286133,-0.010417398996651173,-0.010131467133760452,0.5043247938156128,0.5047499537467957,-0.016626358032226562,-0.0026781708002090454
visformer_small,pit_b_224,consensus_weighted,3,ILSVRC2012_val_00037929.JPEG,True,2.8848724365234375,-0.002184893237426877,-0.001984714064747095,0.4900616407394409,0.4907591938972473,-0.05987739562988281,-0.004378750920295715
visformer_small,pit_b_224,shuffled_semantic_weighted,2,ILSVRC2012_val_00037926.JPEG,True,2.8762922286987305,-0.015338382683694363,-0.014878926798701286,0.5035474896430969,0.503926157951355,-0.034834861755371094,-0.006005123257637024
visformer_small,pit_b_224,shuffled_semantic_weighted,3,ILSVRC2012_val_00037929.JPEG,True,2.872448205947876,0.0018896637484431267,0.0021959037985652685,0.49291160702705383,0.4917888939380646,0.02130413055419922,0.005116991698741913
visformer_small,pit_b_224,permuted_weight,2,ILSVRC2012_val_00037926.JPEG,True,2.830446243286133,-0.015705831348896027,-0.015202360227704048,0.5045573115348816,0.504862904548645,-0.03543853759765625,-0.006151974201202393
visformer_small,pit_b_224,permuted_weight,3,ILSVRC2012_val_00037929.JPEG,True,2.8848721981048584,-0.0009248931892216206,-0.0009538212325423956,0.4907591938972473,0.4905599057674408,-0.050932884216308594,-0.0033390894532203674
visformer_small,pit_b_224,consensus_topk,2,ILSVRC2012_val_00037926.JPEG,True,1.6094379425048828,0.0007280276622623205,0.0012397316750138998,0.5045971274375916,0.5049359798431396,-0.056077003479003906,-0.010280594229698181
visformer_small,pit_b_224,consensus_topk,3,ILSVRC2012_val_00037929.JPEG,True,1.6094379425048828,-0.004856347572058439,-0.00481617683544755,0.49226057529449463,0.49174240231513977,-0.057636260986328125,-0.004248909652233124
visformer_small,pit_b_224,uniform,4,ILSVRC2012_val_00038033.JPEG,True,2.995732069015503,-0.01134771853685379,-0.012102881446480751,0.5028101205825806,0.5035607814788818,0.0045070648193359375,0.0004509389400482178
visformer_small,pit_b_224,uniform,5,ILSVRC2012_val_00038096.JPEG,True,2.995732069015503,-0.001873676315881312,-0.0020952951163053513,0.5034345984458923,0.5047964453697205,0.0806570053100586,0.023115724325180054
visformer_small,pit_b_224,phase_weighted,4,ILSVRC2012_val_00038033.JPEG,True,2.857316255569458,-0.012058134190738201,-0.012789065018296242,0.501953125,0.5009101033210754,-0.01792621612548828,-0.0026273727416992188
visformer_small,pit_b_224,phase_weighted,5,ILSVRC2012_val_00038096.JPEG,True,2.7995338439941406,-0.001813602983020246,-0.0017901845276355743,0.5043712854385376,0.5053544640541077,0.0759115219116211,0.02155309170484543
visformer_small,pit_b_224,flip_weighted,4,ILSVRC2012_val_00038033.JPEG,True,2.9088501930236816,-0.009935520589351654,-0.010434131138026714,0.501933217048645,0.5026971697807312,-0.012762069702148438,-0.002037942409515381
visformer_small,pit_b_224,flip_weighted,5,ILSVRC2012_val_00038096.JPEG,True,2.913163900375366,0.0005188780487515032,-2.8002425096929073e-05,0.5036405324935913,0.5036006569862366,0.08039188385009766,0.020173951983451843
visformer_small,pit_b_224,consensus_weighted,4,ILSVRC2012_val_00038033.JPEG,True,2.8637609481811523,-0.010748214088380337,-0.011369184590876102,0.5018468499183655,0.5019132494926453,-0.007373809814453125,-0.001014113426208496
visformer_small,pit_b_224,consensus_weighted,5,ILSVRC2012_val_00038096.JPEG,True,2.8252012729644775,-0.0004732588422484696,-0.0006507184589281678,0.5033548474311829,0.5049359798431396,0.07360458374023438,0.021104179322719574
visformer_small,pit_b_224,shuffled_semantic_weighted,4,ILSVRC2012_val_00038033.JPEG,True,2.8114237785339355,-0.009527210146188736,-0.010619373992085457,0.5018335580825806,0.5027303695678711,-0.0057220458984375,-0.0010253489017486572
visformer_small,pit_b_224,shuffled_semantic_weighted,5,ILSVRC2012_val_00038096.JPEG,True,2.872849941253662,-0.0016288493061438203,-0.0013403263874351978,0.5044244527816772,0.5051286220550537,0.14202880859375,0.0290672704577446
visformer_small,pit_b_224,permuted_weight,4,ILSVRC2012_val_00038033.JPEG,True,2.8637611865997314,-0.009999378584325314,-0.010482985526323318,0.5052016973495483,0.5058527588844299,0.021994590759277344,0.0029261261224746704
visformer_small,pit_b_224,permuted_weight,5,ILSVRC2012_val_00038096.JPEG,True,2.8252010345458984,0.0009171059355139732,0.0013123317621648312,0.504304826259613,0.5044576525688171,0.11287117004394531,0.024983152747154236
visformer_small,pit_b_224,consensus_topk,4,ILSVRC2012_val_00038033.JPEG,True,1.6094379425048828,-0.005975050386041403,-0.005976956337690353,0.5004916191101074,0.5016209483146667,0.04848289489746094,0.007327020168304443
visformer_small,pit_b_224,consensus_topk,5,ILSVRC2012_val_00038096.JPEG,True,1.6094379425048828,0.0007400622125715017,-8.507573511451483e-05,0.5031754970550537,0.5036538243293762,0.053793907165527344,0.01585635542869568
visformer_small,pit_b_224,uniform,6,ILSVRC2012_val_00038110.JPEG,True,2.995732069015503,0.006284569390118122,0.006954746320843697,0.5055271983146667,0.5057066082954407,0.012254714965820312,0.0015724897384643555
visformer_small,pit_b_224,uniform,7,ILSVRC2012_val_00038142.JPEG,True,2.995732069015503,-0.004063697531819344,-0.004440136719495058,0.49701717495918274,0.4970570206642151,0.11610031127929688,0.022358328104019165
visformer_small,pit_b_224,phase_weighted,6,ILSVRC2012_val_00038110.JPEG,True,2.76584529876709,0.00216793455183506,0.0023849420249462128,0.5055736899375916,0.505839467048645,0.013034820556640625,0.001614689826965332
visformer_small,pit_b_224,phase_weighted,7,ILSVRC2012_val_00038142.JPEG,True,2.800912380218506,0.0008594794198870659,0.000826607458293438,0.497933954000473,0.4987444281578064,0.1376171112060547,0.03095439076423645
visformer_small,pit_b_224,flip_weighted,6,ILSVRC2012_val_00038110.JPEG,True,2.839103937149048,0.00022949709091335535,0.0008641005260869861,0.5039461255073547,0.5039594173431396,0.0016193389892578125,0.00037191063165664673
visformer_small,pit_b_224,flip_weighted,7,ILSVRC2012_val_00038142.JPEG,True,2.8785271644592285,-0.002931778086349368,-0.0030905611347407103,0.4962199628353119,0.49650564789772034,0.021989822387695312,0.007547125220298767
visformer_small,pit_b_224,consensus_weighted,6,ILSVRC2012_val_00038110.JPEG,True,2.674469232559204,0.0004673791117966175,0.0006309482268989086,0.5047898292541504,0.5048961043357849,0.000335693359375,0.00022880733013153076
visformer_small,pit_b_224,consensus_weighted,7,ILSVRC2012_val_00038142.JPEG,True,2.9049930572509766,3.6947429180145264e-05,6.75395131111145e-06,0.4973161220550537,0.49751541018486023,0.04286956787109375,0.010716080665588379
visformer_small,pit_b_224,shuffled_semantic_weighted,6,ILSVRC2012_val_00038110.JPEG,True,2.8547146320343018,0.0016674563521519303,0.002376955933868885,0.5038198828697205,0.5043579936027527,-0.0026340484619140625,1.2524425983428955e-05
visformer_small,pit_b_224,shuffled_semantic_weighted,7,ILSVRC2012_val_00038142.JPEG,True,2.8475351333618164,-0.0027587730437517166,-0.003191420342773199,0.4969175159931183,0.49786749482154846,0.07278823852539062,0.018310964107513428
visformer_small,pit_b_224,permuted_weight,6,ILSVRC2012_val_00038110.JPEG,True,2.674468755722046,0.0048224832862615585,0.005358584225177765,0.5032751560211182,0.5038796663284302,0.0006389617919921875,0.0003661811351776123
visformer_small,pit_b_224,permuted_weight,7,ILSVRC2012_val_00038142.JPEG,True,2.9049930572509766,-0.008693383075296879,-0.009279418736696243,0.49744898080825806,0.49658533930778503,0.1455860137939453,0.02991299331188202
visformer_small,pit_b_224,consensus_topk,6,ILSVRC2012_val_00038110.JPEG,True,1.6094379425048828,-0.006984000559896231,-0.006667270325124264,0.5040856003761292,0.5038597583770752,-0.011838912963867188,-0.0009339526295661926
visformer_small,pit_b_224,consensus_topk,7,ILSVRC2012_val_00038142.JPEG,True,1.6094379425048828,0.011379014700651169,0.012210051529109478,0.499794065952301,0.5005182027816772,0.028634071350097656,0.0096253901720047
visformer_small,pit_b_224,uniform,8,ILSVRC2012_val_00038157.JPEG,True,2.995732069015503,-0.006376695353537798,-0.007138628512620926,0.5028964877128601,0.5020328164100647,0.04485321044921875,0.009307265281677246
visformer_small,pit_b_224,uniform,9,ILSVRC2012_val_00038221.JPEG,True,2.995732069015503,-0.018221009522676468,-0.018200404942035675,0.4963262677192688,0.4971766173839569,0.109527587890625,0.03445732593536377
visformer_small,pit_b_224,phase_weighted,8,ILSVRC2012_val_00038157.JPEG,True,2.904956579208374,-0.011022889986634254,-0.011678863316774368,0.5019664168357849,0.5016475319862366,0.049424171447753906,0.009713277220726013
visformer_small,pit_b_224,phase_weighted,9,ILSVRC2012_val_00038221.JPEG,True,2.8630340099334717,-0.005710722878575325,-0.005735044367611408,0.49746227264404297,0.4976416230201721,0.01882171630859375,0.014823704957962036
visformer_small,pit_b_224,flip_weighted,8,ILSVRC2012_val_00038157.JPEG,True,2.927790880203247,0.0026782690547406673,0.0016992150340229273,0.5049824714660645,0.5044642686843872,0.06808185577392578,0.012843295931816101
visformer_small,pit_b_224,flip_weighted,9,ILSVRC2012_val_00038221.JPEG,True,2.9402153491973877,-0.015355952084064484,-0.015219508670270443,0.4971035420894623,0.49752870202064514,0.09387874603271484,0.027466922998428345
visformer_small,pit_b_224,consensus_weighted,8,ILSVRC2012_val_00038157.JPEG,True,2.9174065589904785,-0.004503721371293068,-0.005409527570009232,0.5033482313156128,0.5028234124183655,0.04319000244140625,0.008992910385131836
visformer_small,pit_b_224,consensus_weighted,9,ILSVRC2012_val_00038221.JPEG,True,2.9111664295196533,-0.007209869101643562,-0.007179493550211191,0.49712345004081726,0.4978143572807312,0.030305862426757812,0.016907870769500732
visformer_small,pit_b_224,shuffled_semantic_weighted,8,ILSVRC2012_val_00038157.JPEG,True,2.874413251876831,-0.003929344937205315,-0.00452369125559926,0.502531111240387,0.5018135905265808,0.04575634002685547,0.009423911571502686
visformer_small,pit_b_224,shuffled_semantic_weighted,9,ILSVRC2012_val_00038221.JPEG,True,2.9068922996520996,-0.016562379896640778,-0.016652729362249374,0.4966849982738495,0.49697065353393555,0.0681600570678711,0.028430312871932983
visformer_small,pit_b_224,permuted_weight,8,ILSVRC2012_val_00038157.JPEG,True,2.9174065589904785,-0.005644443444907665,-0.0062923370860517025,0.502949595451355,0.5019465088844299,0.0529022216796875,0.0103493332862854
visformer_small,pit_b_224,permuted_weight,9,ILSVRC2012_val_00038221.JPEG,True,2.9111666679382324,-0.015490331687033176,-0.015261023305356503,0.49698394536972046,0.4973825514316559,0.11177825927734375,0.03195276856422424
visformer_small,pit_b_224,consensus_topk,8,ILSVRC2012_val_00038157.JPEG,True,1.6094379425048828,0.0015602826606482267,0.0005083139985799789,0.503494381904602,0.5025244355201721,0.00356292724609375,0.0032929927110671997
visformer_small,pit_b_224,consensus_topk,9,ILSVRC2012_val_00038221.JPEG,True,1.6094379425048828,0.01239042729139328,0.012150589376688004,0.4963395595550537,0.496186763048172,-0.02032947540283203,0.012161731719970703
visformer_small,pit_b_224,uniform,10,ILSVRC2012_val_00038236.JPEG,True,2.995732069015503,0.006871256977319717,0.007824397645890713,0.5062247514724731,0.5079054832458496,0.09209346771240234,0.00955333560705185
visformer_small,pit_b_224,uniform,11,ILSVRC2012_val_00038251.JPEG,True,2.995732069015503,0.0048996321856975555,0.005192671902477741,0.5054076313972473,0.5056933164596558,0.01758098602294922,0.05500219762325287
visformer_small,pit_b_224,phase_weighted,10,ILSVRC2012_val_00038236.JPEG,True,2.849273204803467,0.003842612961307168,0.004792703781276941,0.5063509941101074,0.5075401067733765,0.07919692993164062,0.0082111656665802
visformer_small,pit_b_224,phase_weighted,11,ILSVRC2012_val_00038251.JPEG,True,2.811284065246582,-0.0010815705172717571,-0.0010838741436600685,0.5052216053009033,0.5049359798431396,0.0309295654296875,0.051406413316726685
visformer_small,pit_b_224,flip_weighted,10,ILSVRC2012_val_00038236.JPEG,True,2.9252419471740723,0.008532430045306683,0.009521275758743286,0.508397102355957,0.509785532951355,0.10532951354980469,0.010359734296798706
visformer_small,pit_b_224,flip_weighted,11,ILSVRC2012_val_00038251.JPEG,True,2.8761608600616455,0.003135062986984849,0.0031003837939351797,0.5052348971366882,0.5051684975624084,5.7220458984375e-06,0.04543799161911011
visformer_small,pit_b_224,consensus_weighted,10,ILSVRC2012_val_00038236.JPEG,True,2.887279510498047,0.00491640530526638,0.005938570946455002,0.5074670314788818,0.5087757706642151,0.0931863784790039,0.00941542536020279
visformer_small,pit_b_224,consensus_weighted,11,ILSVRC2012_val_00038251.JPEG,True,2.7796530723571777,-0.0009010126814246178,-0.0010021327761933208,0.504902720451355,0.5050621628761292,0.03844738006591797,0.048317864537239075
visformer_small,pit_b_224,shuffled_semantic_weighted,10,ILSVRC2012_val_00038236.JPEG,True,2.898571729660034,0.005368267651647329,0.006310754455626011,0.5082443356513977,0.5091145634651184,0.10292720794677734,0.010501869022846222
visformer_small,pit_b_224,shuffled_semantic_weighted,11,ILSVRC2012_val_00038251.JPEG,True,2.8963027000427246,0.007610863074660301,0.008097147569060326,0.5064971446990967,0.5071149468421936,0.03460502624511719,0.051819175481796265
visformer_small,pit_b_224,permuted_weight,10,ILSVRC2012_val_00038236.JPEG,True,2.887279510498047,0.005276896059513092,0.00617562560364604,0.506424069404602,0.507400631904602,0.09372711181640625,0.009577825665473938
visformer_small,pit_b_224,permuted_weight,11,ILSVRC2012_val_00038251.JPEG,True,2.7796530723571777,0.00340216513723135,0.0033586909994482994,0.5061118006706238,0.5063045024871826,0.04778766632080078,0.05025020241737366
visformer_small,pit_b_224,consensus_topk,10,ILSVRC2012_val_00038236.JPEG,True,1.6094379425048828,-0.006330025382339954,-0.005414269398897886,0.5050954222679138,0.5057929158210754,0.07461929321289062,0.007591471076011658
visformer_small,pit_b_224,consensus_topk,11,ILSVRC2012_val_00038251.JPEG,True,1.6094379425048828,-0.007235246244817972,-0.00821923278272152,0.5030559301376343,0.5037534832954407,0.015215873718261719,0.036070287227630615
visformer_small,pit_b_224,uniform,12,ILSVRC2012_val_00038413.JPEG,True,2.995732069015503,0.04174943268299103,0.04148908704519272,0.504318118095398,0.5044443607330322,-0.02357006072998047,0.0035691484808921814
visformer_small,pit_b_224,uniform,13,ILSVRC2012_val_00038427.JPEG,True,2.995732069015503,-0.0015648365952074528,-0.0013069880660623312,0.5115792155265808,0.5128348469734192,0.19065475463867188,0.0973244160413742
visformer_small,pit_b_224,phase_weighted,12,ILSVRC2012_val_00038413.JPEG,True,2.667839288711548,0.09635639935731888,0.09560544043779373,0.5065768361091614,0.5075334906578064,-0.037250518798828125,0.006297767162322998
visformer_small,pit_b_224,phase_weighted,13,ILSVRC2012_val_00038427.JPEG,True,2.837087392807007,0.007248496636748314,0.007222017273306847,0.5118781924247742,0.512296736240387,0.1511077880859375,0.08104027807712555
visformer_small,pit_b_224,flip_weighted,12,ILSVRC2012_val_00038413.JPEG,True,2.9104654788970947,0.06221139058470726,0.06166786327958107,0.5052348971366882,0.505088746547699,-0.0107879638671875,0.008788876235485077
visformer_small,pit_b_224,flip_weighted,13,ILSVRC2012_val_00038427.JPEG,True,2.8763246536254883,0.006858496926724911,0.006986836902797222,0.511154055595398,0.5122036933898926,0.14804363250732422,0.09095214307308197
visformer_small,pit_b_224,consensus_weighted,12,ILSVRC2012_val_00038413.JPEG,True,2.717970132827759,0.09447860717773438,0.09371411800384521,0.5061516761779785,0.5070152878761292,-0.03788471221923828,0.007482834160327911
visformer_small,pit_b_224,consensus_weighted,13,ILSVRC2012_val_00038427.JPEG,True,2.8865389823913574,0.008060762658715248,0.00809144601225853,0.5115925073623657,0.5123963356018066,0.1454019546508789,0.086820587515831
visformer_small,pit_b_224,shuffled_semantic_weighted,12,ILSVRC2012_val_00038413.JPEG,True,2.94168758392334,0.03481030464172363,0.034683480858802795,0.5041985511779785,0.5045307278633118,-0.04282569885253906,0.0015253052115440369
visformer_small,pit_b_224,shuffled_semantic_weighted,13,ILSVRC2012_val_00038427.JPEG,True,2.4961800575256348,0.00851437821984291,0.009762592613697052,0.5115261077880859,0.5131603479385376,0.18736839294433594,0.08371929824352264
visformer_small,pit_b_224,permuted_weight,12,ILSVRC2012_val_00038413.JPEG,True,2.717970132827759,0.03838719427585602,0.037905752658843994,0.506437361240387,0.5060254335403442,0.015911102294921875,0.010172858834266663
visformer_small,pit_b_224,permuted_weight,13,ILSVRC2012_val_00038427.JPEG,True,2.8865392208099365,-0.003033712739124894,-0.00264525692909956,0.5110543966293335,0.5119113922119141,0.2204904556274414,0.09159784018993378
visformer_small,pit_b_224,consensus_topk,12,ILSVRC2012_val_00038413.JPEG,True,1.6094379425048828,0.10080766677856445,0.09991488605737686,0.5046237111091614,0.5042450428009033,-0.023507118225097656,0.0020775720477104187
visformer_small,pit_b_224,consensus_topk,13,ILSVRC2012_val_00038427.JPEG,True,1.6094379425048828,0.02848387137055397,0.02898137830197811,0.5123565196990967,0.5125690698623657,0.21446800231933594,0.09284080564975739
visformer_small,pit_b_224,uniform,14,ILSVRC2012_val_00038546.JPEG,True,2.995732069015503,0.07599595934152603,0.07768204808235168,0.5310174822807312,0.5312964916229248,1.3400425910949707,0.9285098314285278
visformer_small,pit_b_224,uniform,15,ILSVRC2012_val_00038597.JPEG,True,2.995732069015503,0.003618932329118252,0.003979944624006748,0.49797379970550537,0.4988507032394409,0.04418373107910156,0.005059845745563507
visformer_small,pit_b_224,phase_weighted,14,ILSVRC2012_val_00038546.JPEG,True,2.7471909523010254,0.07487471401691437,0.0769338458776474,0.530838131904602,0.5322531461715698,1.4749889373779297,1.1526693105697632
visformer_small,pit_b_224,phase_weighted,15,ILSVRC2012_val_00038597.JPEG,True,2.913738489151001,0.0005886792205274105,0.0008731340058147907,0.49628639221191406,0.4973360300064087,0.07629203796386719,0.008119635283946991
visformer_small,pit_b_224,flip_weighted,14,ILSVRC2012_val_00038546.JPEG,True,2.8912181854248047,0.08118022978305817,0.08301327377557755,0.5312433838844299,0.5313363671302795,1.2901039123535156,0.8633908033370972
visformer_small,pit_b_224,flip_weighted,15,ILSVRC2012_val_00038597.JPEG,True,2.8781182765960693,0.002446655184030533,0.00261216564103961,0.49711015820503235,0.497933954000473,0.025397300720214844,0.003125704824924469
visformer_small,pit_b_224,consensus_weighted,14,ILSVRC2012_val_00038546.JPEG,True,2.788759469985962,0.0779414027929306,0.08010025322437286,0.5314426422119141,0.5321933627128601,1.1979284286499023,0.7894819974899292
visformer_small,pit_b_224,consensus_weighted,15,ILSVRC2012_val_00038597.JPEG,True,2.867098569869995,0.0009175878949463367,0.0010755620896816254,0.4958745241165161,0.49673813581466675,0.05342388153076172,0.005853563547134399
visformer_small,pit_b_224,shuffled_semantic_weighted,14,ILSVRC2012_val_00038546.JPEG,True,2.8435277938842773,0.07698599994182587,0.07884658128023148,0.5310706496238708,0.5315821766853333,1.2935843467712402,0.9528255462646484
visformer_small,pit_b_224,shuffled_semantic_weighted,15,ILSVRC2012_val_00038597.JPEG,True,2.9035987854003906,0.002067955443635583,0.0023985030129551888,0.497163325548172,0.4978940784931183,0.07144737243652344,0.007834777235984802
visformer_small,pit_b_224,permuted_weight,14,ILSVRC2012_val_00038546.JPEG,True,2.788759469985962,0.06697621941566467,0.06893772631883621,0.5296024680137634,0.5289713740348816,1.3304190635681152,0.8865389823913574
visformer_small,pit_b_224,permuted_weight,15,ILSVRC2012_val_00038597.JPEG,True,2.867098331451416,0.003356087487190962,0.00392420869320631,0.49883079528808594,0.4993821680545807,0.08106708526611328,0.008183985948562622
visformer_small,pit_b_224,consensus_topk,14,ILSVRC2012_val_00038546.JPEG,True,1.6094379425048828,0.06624296307563782,0.06800279021263123,0.5280811786651611,0.5275363922119141,1.058222770690918,0.6540127992630005
visformer_small,pit_b_224,consensus_topk,15,ILSVRC2012_val_00038597.JPEG,True,1.6094379425048828,-0.001007643761113286,-0.0012655616737902164,0.496884286403656,0.497276246547699,0.0874795913696289,0.0088118314743042
visformer_small,pit_b_224,uniform,16,ILSVRC2012_val_00038607.JPEG,True,2.995732069015503,0.002442833036184311,0.0028123529627919197,0.4918420612812042,0.492393434047699,-0.10752201080322266,-0.007006436586380005
visformer_small,pit_b_224,uniform,17,ILSVRC2012_val_00038678.JPEG,True,2.995732069015503,0.012539414688944817,0.013623081147670746,0.5085499286651611,0.5104166865348816,-0.047786712646484375,0.01579400897026062
visformer_small,pit_b_224,phase_weighted,16,ILSVRC2012_val_00038607.JPEG,True,2.9318320751190186,-0.003363146213814616,-0.003127686446532607,0.49021443724632263,0.49112457036972046,-0.1053915023803711,-0.007246822118759155
visformer_small,pit_b_224,phase_weighted,17,ILSVRC2012_val_00038678.JPEG,True,2.9248337745666504,0.01355678029358387,0.014773095026612282,0.5103834271430969,0.5114862322807312,-0.13025951385498047,-0.03128424286842346
visformer_small,pit_b_224,flip_weighted,16,ILSVRC2012_val_00038607.JPEG,True,2.8874168395996094,0.0015305501874536276,0.002017752733081579,0.492094486951828,0.4928983449935913,-0.06774234771728516,-0.003816947340965271
visformer_small,pit_b_224,flip_weighted,17,ILSVRC2012_val_00038678.JPEG,True,2.921719789505005,0.012116827070713043,0.013378188014030457,0.5098984837532043,0.5108019709587097,-0.06463623046875,0.004210293292999268
visformer_small,pit_b_224,consensus_weighted,16,ILSVRC2012_val_00038607.JPEG,True,2.9064135551452637,-0.0036977161653339863,-0.0034770031925290823,0.4900682866573334,0.4899553656578064,-0.11014461517333984,-0.00927792489528656
visformer_small,pit_b_224,consensus_weighted,17,ILSVRC2012_val_00038678.JPEG,True,2.9320640563964844,0.013134773820638657,0.014375317841768265,0.5098918676376343,0.5110876560211182,-0.07140541076660156,0.004307597875595093
visformer_small,pit_b_224,shuffled_semantic_weighted,16,ILSVRC2012_val_00038607.JPEG,True,2.874368667602539,0.0038215431850403547,0.004210328683257103,0.49321720004081726,0.4935360848903656,-0.0669546127319336,-0.002300173044204712
visformer_small,pit_b_224,shuffled_semantic_weighted,17,ILSVRC2012_val_00038678.JPEG,True,2.8441390991210938,0.010874735191464424,0.01184842735528946,0.5096194744110107,0.5110809803009033,-0.05691719055175781,0.00032913684844970703
visformer_small,pit_b_224,permuted_weight,16,ILSVRC2012_val_00038607.JPEG,True,2.9064137935638428,-0.0017102782148867846,-0.0014487613225355744,0.49140357971191406,0.49158960580825806,-0.10129547119140625,-0.005453050136566162
visformer_small,pit_b_224,permuted_weight,17,ILSVRC2012_val_00038678.JPEG,True,2.9320638179779053,0.009405594319105148,0.0104958051815629,0.509373664855957,0.5103635191917419,-0.11198806762695312,-0.028099417686462402
visformer_small,pit_b_224,consensus_topk,16,ILSVRC2012_val_00038607.JPEG,True,1.6094379425048828,-0.00798155926167965,-0.008083702996373177,0.49070605635643005,0.4912574291229248,-0.13620281219482422,-0.013458967208862305
visformer_small,pit_b_224,consensus_topk,17,ILSVRC2012_val_00038678.JPEG,True,1.6094379425048828,0.004612768534570932,0.005271958187222481,0.5079520344734192,0.5096659660339355,0.013751983642578125,-0.00483393669128418
visformer_small,pit_b_224,uniform,18,ILSVRC2012_val_00038705.JPEG,True,2.995732069015503,0.01167738251388073,0.013338673859834671,0.5065369606018066,0.5065436363220215,0.28136444091796875,0.050449371337890625
visformer_small,pit_b_224,uniform,19,ILSVRC2012_val_00038708.JPEG,True,2.995732069015503,0.037975460290908813,0.03843303769826889,0.5035541653633118,0.5051817893981934,0.08846569061279297,0.0193805992603302
visformer_small,pit_b_224,phase_weighted,18,ILSVRC2012_val_00038705.JPEG,True,2.8960752487182617,0.019310180097818375,0.020964456722140312,0.5067628622055054,0.5076862573623657,0.3203716278076172,0.058200716972351074
visformer_small,pit_b_224,phase_weighted,19,ILSVRC2012_val_00038708.JPEG,True,2.916311740875244,0.03619598224759102,0.036950547248125076,0.5040789842605591,0.5054076313972473,0.06785011291503906,0.016512587666511536
visformer_small,pit_b_224,flip_weighted,18,ILSVRC2012_val_00038705.JPEG,True,2.8984413146972656,0.019832484424114227,0.021534839645028114,0.5066764950752258,0.507413923740387,0.3081626892089844,0.0556425005197525
visformer_small,pit_b_224,flip_weighted,19,ILSVRC2012_val_00038708.JPEG,True,2.881894588470459,0.029202302917838097,0.029530856758356094,0.5036405324935913,0.5043646097183228,0.07103633880615234,0.015534043312072754
visformer_small,pit_b_224,consensus_weighted,18,ILSVRC2012_val_00038705.JPEG,True,2.894718885421753,0.019713817164301872,0.021390967071056366,0.5067163705825806,0.5076597332954407,0.31894969940185547,0.05796651542186737
visformer_small,pit_b_224,consensus_weighted,19,ILSVRC2012_val_00038708.JPEG,True,2.906576156616211,0.03148112818598747,0.03196673095226288,0.5031821131706238,0.5043380856513977,0.07268619537353516,0.01629115641117096
visformer_small,pit_b_224,shuffled_semantic_weighted,18,ILSVRC2012_val_00038705.JPEG,True,2.9121181964874268,0.012498345226049423,0.01427672989666462,0.5051286220550537,0.5059723258018494,0.28772544860839844,0.051277533173561096
visformer_small,pit_b_224,shuffled_semantic_weighted,19,ILSVRC2012_val_00038708.JPEG,True,2.848057270050049,0.03457679599523544,0.035209983587265015,0.5037468075752258,0.5044376850128174,0.09343528747558594,0.01911507546901703
visformer_small,pit_b_224,permuted_weight,18,ILSVRC2012_val_00038705.JPEG,True,2.894718647003174,0.009231150150299072,0.01051153801381588,0.505879282951355,0.506649911403656,0.2904672622680664,0.05214326083660126
visformer_small,pit_b_224,permuted_weight,19,ILSVRC2012_val_00038708.JPEG,True,2.9065756797790527,0.0373581163585186,0.037775471806526184,0.5045772194862366,0.5063045024871826,0.10139846801757812,0.021533429622650146
visformer_small,pit_b_224,consensus_topk,18,ILSVRC2012_val_00038705.JPEG,True,1.6094379425048828,0.030659107491374016,0.032688893377780914,0.5047100782394409,0.5050223469734192,0.22410106658935547,0.0434914231300354
visformer_small,pit_b_224,consensus_topk,19,ILSVRC2012_val_00038708.JPEG,True,1.6094379425048828,0.01723218895494938,0.017679627984762192,0.5030226707458496,0.5045971274375916,0.094573974609375,0.016312316060066223
visformer_small,pit_b_224,uniform,20,ILSVRC2012_val_00038743.JPEG,True,2.995732069015503,0.020148664712905884,0.022008925676345825,0.5014150142669678,0.5011492967605591,0.14919090270996094,0.03719359636306763
visformer_small,pit_b_224,uniform,21,ILSVRC2012_val_00038986.JPEG,True,2.995732069015503,0.0007742615416646004,0.001087442273274064,0.49783429503440857,0.4972098171710968,0.07960224151611328,0.01198229193687439
visformer_small,pit_b_224,phase_weighted,20,ILSVRC2012_val_00038743.JPEG,True,2.78974986076355,0.022084033116698265,0.02390986680984497,0.5012622475624084,0.5007772445678711,0.13047218322753906,0.03600805997848511
visformer_small,pit_b_224,phase_weighted,21,ILSVRC2012_val_00038986.JPEG,True,2.8753554821014404,0.007167745381593704,0.00703804474323988,0.4974423348903656,0.49743568897247314,0.02973461151123047,0.012497574090957642
visformer_small,pit_b_224,flip_weighted,20,ILSVRC2012_val_00038743.JPEG,True,2.8973591327667236,0.018372047692537308,0.02020830474793911,0.5026174783706665,0.5026639699935913,0.15284061431884766,0.035496219992637634
visformer_small,pit_b_224,flip_weighted,21,ILSVRC2012_val_00038986.JPEG,True,2.729869842529297,0.006119102239608765,0.006077257450670004,0.49769479036331177,0.4973626136779785,-0.00222015380859375,0.009657248854637146
visformer_small,pit_b_224,consensus_weighted,20,ILSVRC2012_val_00038743.JPEG,True,2.8461430072784424,0.0219234898686409,0.02380041778087616,0.5011160969734192,0.5006908774375916,0.13300037384033203,0.035853102803230286
visformer_small,pit_b_224,consensus_weighted,21,ILSVRC2012_val_00038986.JPEG,True,2.8243772983551025,0.006847684737294912,0.006753484718501568,0.4976283609867096,0.4975220561027527,0.0037050247192382812,0.011985257267951965
visformer_small,pit_b_224,shuffled_semantic_weighted,20,ILSVRC2012_val_00038743.JPEG,True,2.8256430625915527,0.022902309894561768,0.02491052821278572,0.5006443858146667,0.5004384517669678,0.13534832000732422,0.03515942394733429
visformer_small,pit_b_224,shuffled_semantic_weighted,21,ILSVRC2012_val_00038986.JPEG,True,2.84131121635437,0.0015177065506577492,0.0017094488721340895,0.49742239713668823,0.49732276797294617,-0.0009765625,0.0013577640056610107
visformer_small,pit_b_224,permuted_weight,20,ILSVRC2012_val_00038743.JPEG,True,2.8461430072784424,0.018690330907702446,0.020596999675035477,0.5013552308082581,0.5016010403633118,0.1201467514038086,0.029515475034713745
visformer_small,pit_b_224,permuted_weight,21,ILSVRC2012_val_00038986.JPEG,True,2.8243772983551025,0.00643596425652504,0.006567297037690878,0.4978010654449463,0.49825945496559143,0.048722267150878906,0.008091241121292114
visformer_small,pit_b_224,consensus_topk,20,ILSVRC2012_val_00038743.JPEG,True,1.6094379425048828,0.025565234944224358,0.027919746935367584,0.46782657504081726,0.5027702450752258,0.2082967758178711,0.045126378536224365
visformer_small,pit_b_224,consensus_topk,21,ILSVRC2012_val_00038986.JPEG,True,1.6094379425048828,0.011134273372590542,0.010558748617768288,0.4974755644798279,0.49625319242477417,-0.051573753356933594,0.005769118666648865
visformer_small,pit_b_224,uniform,22,ILSVRC2012_val_00039085.JPEG,True,2.995732069015503,-0.005894556641578674,-0.003980463370680809,0.49558886885643005,0.49621331691741943,-0.28830909729003906,-0.09231893718242645
visformer_small,pit_b_224,uniform,23,ILSVRC2012_val_00039106.JPEG,True,2.995732069015503,-0.005783263128250837,-0.006225305609405041,0.498910516500473,0.49938881397247314,0.06902503967285156,0.04647397994995117
visformer_small,pit_b_224,phase_weighted,22,ILSVRC2012_val_00039085.JPEG,True,2.8112471103668213,-0.008834654465317726,-0.007229129783809185,0.49625319242477417,0.4964657723903656,-0.37567710876464844,-0.10549327731132507
visformer_small,pit_b_224,phase_weighted,23,ILSVRC2012_val_00039106.JPEG,True,2.863426446914673,-0.007126177195459604,-0.007369806990027428,0.4975220561027527,0.4979405701160431,0.055077552795410156,0.0435248464345932
visformer_small,pit_b_224,flip_weighted,22,ILSVRC2012_val_00039085.JPEG,True,2.8650662899017334,-0.003158272709697485,-0.0011573901865631342,0.4966717064380646,0.4977545738220215,-0.16498184204101562,-0.06115861237049103
visformer_small,pit_b_224,flip_weighted,23,ILSVRC2012_val_00039106.JPEG,True,2.7888503074645996,-0.004401761572808027,-0.004792478866875172,0.4972098171710968,0.4984653890132904,0.025961875915527344,0.03945751488208771
visformer_small,pit_b_224,consensus_weighted,22,ILSVRC2012_val_00039085.JPEG,True,2.772547483444214,-0.007994555868208408,-0.006392220035195351,0.4974556267261505,0.49738919734954834,-0.3232002258300781,-0.09770014882087708
visformer_small,pit_b_224,consensus_weighted,23,ILSVRC2012_val_00039106.JPEG,True,2.8886234760284424,-0.0064940727315843105,-0.0067969150841236115,0.49771469831466675,0.4984321892261505,0.04706382751464844,0.034402504563331604
visformer_small,pit_b_224,shuffled_semantic_weighted,22,ILSVRC2012_val_00039085.JPEG,True,2.8145132064819336,-0.0026334424037486315,-0.0005162076558917761,0.4963262677192688,0.49734267592430115,-0.19441795349121094,-0.07345804572105408
visformer_small,pit_b_224,shuffled_semantic_weighted,23,ILSVRC2012_val_00039106.JPEG,True,2.9110281467437744,-0.0015646456740796566,-0.0021016402170062065,0.4995615482330322,0.4999402165412903,0.11260700225830078,0.04670687019824982
visformer_small,pit_b_224,permuted_weight,22,ILSVRC2012_val_00039085.JPEG,True,2.772547721862793,-0.006306921131908894,-0.004466059152036905,0.498046875,0.4984653890132904,-0.23863601684570312,-0.08137793838977814
visformer_small,pit_b_224,permuted_weight,23,ILSVRC2012_val_00039106.JPEG,True,2.8886232376098633,-0.005451675970107317,-0.005858468823134899,0.49853846430778503,0.4990367293357849,0.0458984375,0.04616698622703552
visformer_small,pit_b_224,consensus_topk,22,ILSVRC2012_val_00039085.JPEG,True,1.6094379425048828,-0.012581968680024147,-0.011060627177357674,0.46260496973991394,0.49836575984954834,-0.2397747039794922,-0.08387883007526398
visformer_small,pit_b_224,consensus_topk,23,ILSVRC2012_val_00039106.JPEG,True,1.6094379425048828,-0.0073432642966508865,-0.007403484079986811,0.4955955147743225,0.4964657723903656,-0.0032033920288085938,0.019261285662651062
visformer_small,pit_b_224,uniform,24,ILSVRC2012_val_00039130.JPEG,True,2.995732069015503,0.03396359831094742,0.03456701338291168,0.5100114345550537,0.5102838277816772,0.11459159851074219,0.07059257477521896
visformer_small,pit_b_224,uniform,25,ILSVRC2012_val_00039253.JPEG,True,2.995732069015503,0.007564122788608074,0.007636495865881443,0.5026971697807312,0.5013286471366882,0.01917743682861328,0.0015967488288879395
visformer_small,pit_b_224,phase_weighted,24,ILSVRC2012_val_00039130.JPEG,True,2.902170181274414,0.031371813267469406,0.031829025596380234,0.5096792578697205,0.5096327662467957,0.1835155487060547,0.07328268140554428
visformer_small,pit_b_224,phase_weighted,25,ILSVRC2012_val_00039253.JPEG,True,2.7824816703796387,0.0053087761625647545,0.0050895363092422485,0.5018003582954407,0.5020328164100647,0.026933670043945312,0.0025803297758102417
visformer_small,pit_b_224,flip_weighted,24,ILSVRC2012_val_00039130.JPEG,True,2.891490936279297,0.02180963195860386,0.022450648248195648,0.5079520344734192,0.508184552192688,0.10326194763183594,0.06904695183038712
visformer_small,pit_b_224,flip_weighted,25,ILSVRC2012_val_00039253.JPEG,True,2.921434164047241,0.008974218741059303,0.0088757099583745,0.5024845600128174,0.5016940236091614,0.024854660034179688,0.002086266875267029
visformer_small,pit_b_224,consensus_weighted,24,ILSVRC2012_val_00039130.JPEG,True,2.877974033355713,0.02508791908621788,0.025624971836805344,0.508390486240387,0.508377194404602,0.1505603790283203,0.07997684925794601
visformer_small,pit_b_224,consensus_weighted,25,ILSVRC2012_val_00039253.JPEG,True,2.8293302059173584,0.006106690037995577,0.005892486311495304,0.5018667578697205,0.5018202662467957,0.0290985107421875,0.0027386248111724854
visformer_small,pit_b_224,shuffled_semantic_weighted,24,ILSVRC2012_val_00039130.JPEG,True,2.894293785095215,0.04225105792284012,0.042748212814331055,0.5103569030761719,0.5105030536651611,0.20735931396484375,0.07786377519369125
visformer_small,pit_b_224,shuffled_semantic_weighted,25,ILSVRC2012_val_00039253.JPEG,True,2.9180214405059814,0.005218446720391512,0.005395296961069107,0.5022720098495483,0.5009101033210754,0.0198211669921875,0.002055734395980835
visformer_small,pit_b_224,permuted_weight,24,ILSVRC2012_val_00039130.JPEG,True,2.877974033355713,0.03407690301537514,0.034500010311603546,0.5110012888908386,0.511154055595398,0.09934520721435547,0.059415437281131744
visformer_small,pit_b_224,permuted_weight,25,ILSVRC2012_val_00039253.JPEG,True,2.8293299674987793,0.008885670453310013,0.008702204562723637,0.5020594000816345,0.5013286471366882,0.017484664916992188,0.0010586529970169067
visformer_small,pit_b_224,consensus_topk,24,ILSVRC2012_val_00039130.JPEG,True,1.6094379425048828,0.016593901440501213,0.017044678330421448,0.5058460831642151,0.5067761540412903,0.08014678955078125,0.05369531363248825
visformer_small,pit_b_224,consensus_topk,25,ILSVRC2012_val_00039253.JPEG,True,1.6094379425048828,0.0008993904339149594,-0.00015688210260123014,0.4665045738220215,0.502345085144043,0.044930458068847656,0.004552558064460754
visformer_small,pit_b_224,uniform,26,ILSVRC2012_val_00039290.JPEG,True,2.995732069015503,0.002215851563960314,0.0023710757959634066,0.4979804456233978,0.49756190180778503,0.06872272491455078,0.015508025884628296
visformer_small,pit_b_224,uniform,27,ILSVRC2012_val_00039421.JPEG,True,2.995732069015503,-0.00859704427421093,-0.008875039406120777,0.5031290054321289,0.5035209655761719,0.03618621826171875,0.2758825421333313
visformer_small,pit_b_224,phase_weighted,26,ILSVRC2012_val_00039290.JPEG,True,2.8326902389526367,-0.005524147767573595,-0.005064532160758972,0.4991629421710968,0.49966782331466675,0.07024669647216797,0.015868425369262695
visformer_small,pit_b_224,phase_weighted,27,ILSVRC2012_val_00039421.JPEG,True,2.86012601852417,-0.010448085144162178,-0.010366974398493767,0.5027968287467957,0.5023317933082581,0.023912429809570312,0.22479760646820068
visformer_small,pit_b_224,flip_weighted,26,ILSVRC2012_val_00039290.JPEG,True,2.847942590713501,0.003423780668526888,0.003796142525970936,0.499209463596344,0.4986381232738495,0.045955657958984375,0.010441482067108154
visformer_small,pit_b_224,flip_weighted,27,ILSVRC2012_val_00039421.JPEG,True,2.8958709239959717,-0.01243039220571518,-0.012553269974887371,0.5022786259651184,0.501727283000946,0.022665023803710938,0.21022099256515503
visformer_small,pit_b_224,consensus_weighted,26,ILSVRC2012_val_00039290.JPEG,True,2.8728082180023193,-0.0012440867722034454,-0.0010309924837201834,0.4996279776096344,0.49985384941101074,0.07331562042236328,0.016446903347969055
visformer_small,pit_b_224,consensus_weighted,27,ILSVRC2012_val_00039421.JPEG,True,2.874232292175293,-0.011337686330080032,-0.011331000365316868,0.5023384094238281,0.5021856427192688,0.040042877197265625,0.22884976863861084
visformer_small,pit_b_224,shuffled_semantic_weighted,26,ILSVRC2012_val_00039290.JPEG,True,2.9199202060699463,-0.004007148556411266,-0.003790147602558136,0.4988573491573334,0.49886399507522583,0.07831287384033203,0.01683516800403595
visformer_small,pit_b_224,shuffled_semantic_weighted,27,ILSVRC2012_val_00039421.JPEG,True,2.8831233978271484,-0.005169888027012348,-0.005789819173514843,0.5057597160339355,0.5043779015541077,0.04748725891113281,0.3279513716697693
visformer_small,pit_b_224,permuted_weight,26,ILSVRC2012_val_00039290.JPEG,True,2.8728079795837402,0.004993877839297056,0.005030178930610418,0.4981863796710968,0.4986248314380646,0.08043098449707031,0.017872914671897888
visformer_small,pit_b_224,permuted_weight,27,ILSVRC2012_val_00039421.JPEG,True,2.874232292175293,-0.004696014802902937,-0.005200651474297047,0.5042384266853333,0.5047432780265808,0.10406208038330078,0.3669775128364563
visformer_small,pit_b_224,consensus_topk,26,ILSVRC2012_val_00039290.JPEG,True,1.6094379425048828,-0.008548391051590443,-0.0089187603443861,0.5006643533706665,0.5006975531578064,0.05307197570800781,0.012081533670425415
visformer_small,pit_b_224,consensus_topk,27,ILSVRC2012_val_00039421.JPEG,True,1.6094379425048828,-0.013081660494208336,-0.012462297454476357,0.5020926594734192,0.5013951063156128,-0.022857666015625,0.12966635823249817
visformer_small,pit_b_224,uniform,28,ILSVRC2012_val_00039426.JPEG,True,2.995732069015503,0.006313654128462076,0.006881564389914274,0.5011094212532043,0.5020328164100647,0.015990257263183594,0.002203509211540222
visformer_small,pit_b_224,uniform,29,ILSVRC2012_val_00039464.JPEG,True,2.995732069015503,-0.009433172643184662,-0.00963374599814415,0.4873644709587097,0.4873511791229248,-0.14188861846923828,-0.013140276074409485
visformer_small,pit_b_224,phase_weighted,28,ILSVRC2012_val_00039426.JPEG,True,2.7037150859832764,-0.003453198354691267,-0.0028840042650699615,0.49901679158210754,0.4989636540412903,0.008762359619140625,0.0014097094535827637
visformer_small,pit_b_224,phase_weighted,29,ILSVRC2012_val_00039464.JPEG,True,2.7741153240203857,-0.008314600214362144,-0.008824951946735382,0.4878759980201721,0.48705223202705383,-0.17388629913330078,-0.019067004323005676
visformer_small,pit_b_224,flip_weighted,28,ILSVRC2012_val_00039426.JPEG,True,2.884093999862671,0.0054895030334591866,0.00592240784317255,0.5020195841789246,0.5020062923431396,0.009531974792480469,0.001434043049812317
visformer_small,pit_b_224,flip_weighted,29,ILSVRC2012_val_00039464.JPEG,True,2.85678768157959,-0.011240318417549133,-0.011433976702392101,0.487510621547699,0.48679980635643005,-0.24344253540039062,-0.031657829880714417
visformer_small,pit_b_224,consensus_weighted,28,ILSVRC2012_val_00039426.JPEG,True,2.7987546920776367,-0.00030663982033729553,0.0002741303760558367,0.4998737871646881,0.5005713105201721,0.010411262512207031,0.0015782415866851807
visformer_small,pit_b_224,consensus_weighted,29,ILSVRC2012_val_00039464.JPEG,True,2.7849221229553223,-0.008368032984435558,-0.008878542110323906,0.48754385113716125,0.4869791567325592,-0.16882801055908203,-0.018996208906173706
visformer_small,pit_b_224,shuffled_semantic_weighted,28,ILSVRC2012_val_00039426.JPEG,True,2.9447872638702393,0.007543971296399832,0.008192313835024834,0.5006775856018066,0.5015943646430969,0.005795478820800781,0.0009172707796096802
visformer_small,pit_b_224,shuffled_semantic_weighted,29,ILSVRC2012_val_00039464.JPEG,True,2.937516212463379,-0.010638191364705563,-0.010801595635712147,0.4872913956642151,0.4863879084587097,-0.1681346893310547,-0.017923802137374878
visformer_small,pit_b_224,permuted_weight,28,ILSVRC2012_val_00039426.JPEG,True,2.7987546920776367,0.006301307585090399,0.007029236294329166,0.5007972121238708,0.5007241368293762,0.011113166809082031,0.0016296952962875366
visformer_small,pit_b_224,permuted_weight,29,ILSVRC2012_val_00039464.JPEG,True,2.7849221229553223,-0.007254800759255886,-0.00744690652936697,0.4877099394798279,0.48777636885643005,-0.11671924591064453,-0.009906530380249023
visformer_small,pit_b_224,consensus_topk,28,ILSVRC2012_val_00039426.JPEG,True,1.6094379425048828,-0.005059605464339256,-0.004598353523761034,0.4977877736091614,0.4981730878353119,0.008405685424804688,0.001232534646987915
visformer_small,pit_b_224,consensus_topk,29,ILSVRC2012_val_00039464.JPEG,True,1.6094379425048828,-0.012281115166842937,-0.012932607904076576,0.4539354741573334,0.4884805381298065,-0.28191566467285156,-0.03720831871032715
visformer_small,pit_b_224,uniform,30,ILSVRC2012_val_00039490.JPEG,True,2.995732069015503,-0.011149205267429352,-0.011011908762156963,0.49734267592430115,0.49716997146606445,0.05378437042236328,0.006143629550933838
visformer_small,pit_b_224,uniform,31,ILSVRC2012_val_00039737.JPEG,True,2.995732069015503,-0.0013006115332245827,-0.0018496992997825146,0.5064107775688171,0.506045401096344,0.026993751525878906,0.05492505431175232
visformer_small,pit_b_224,phase_weighted,30,ILSVRC2012_val_00039490.JPEG,True,2.7982964515686035,-0.005769164301455021,-0.005138454958796501,0.4975087642669678,0.4980734586715698,0.03821372985839844,0.0043571144342422485
visformer_small,pit_b_224,phase_weighted,31,ILSVRC2012_val_00039737.JPEG,True,2.8535947799682617,0.0015508283395320177,0.0014251715037971735,0.5061250925064087,0.5061782598495483,-0.0037260055541992188,0.042291074991226196
visformer_small,pit_b_224,flip_weighted,30,ILSVRC2012_val_00039490.JPEG,True,2.8590424060821533,-0.010104715824127197,-0.009696990251541138,0.49679794907569885,0.4968245029449463,0.037186622619628906,0.004287943243980408
visformer_small,pit_b_224,flip_weighted,31,ILSVRC2012_val_00039737.JPEG,True,2.923867702484131,-0.013999512419104576,-0.014637426473200321,0.5069820880889893,0.506065309047699,-0.03919029235839844,0.0319654643535614
visformer_small,pit_b_224,consensus_weighted,30,ILSVRC2012_val_00039490.JPEG,True,2.8851473331451416,-0.00991777516901493,-0.009458350017666817,0.49712345004081726,0.4974689185619354,0.068328857421875,0.007938697934150696
visformer_small,pit_b_224,consensus_weighted,31,ILSVRC2012_val_00039737.JPEG,True,2.8304035663604736,-0.023620180785655975,-0.024480070918798447,0.5058925747871399,0.505274772644043,-0.030488967895507812,0.02961069345474243
visformer_small,pit_b_224,shuffled_semantic_weighted,30,ILSVRC2012_val_00039490.JPEG,True,2.87742018699646,-0.008414158597588539,-0.008341137319803238,0.4976482689380646,0.4977412819862366,0.15453052520751953,0.019725322723388672
visformer_small,pit_b_224,shuffled_semantic_weighted,31,ILSVRC2012_val_00039737.JPEG,True,2.9025015830993652,0.010054567828774452,0.009271083399653435,0.5070485472679138,0.5067096948623657,0.036561012268066406,0.05424821376800537
visformer_small,pit_b_224,permuted_weight,30,ILSVRC2012_val_00039490.JPEG,True,2.8851478099823,-0.013183342292904854,-0.013025901280343533,0.4966717064380646,0.49609375,0.023812294006347656,0.002633512020111084
visformer_small,pit_b_224,permuted_weight,31,ILSVRC2012_val_00039737.JPEG,True,2.8304038047790527,0.013586415909230709,0.013235930353403091,0.5062845349311829,0.5060121417045593,0.04436016082763672,0.06409916281700134
visformer_small,pit_b_224,consensus_topk,30,ILSVRC2012_val_00039490.JPEG,True,1.6094379425048828,-0.0056732152588665485,-0.004828779026865959,0.49859827756881714,0.498232901096344,-0.0003490447998046875,0.0002536773681640625
visformer_small,pit_b_224,consensus_topk,31,ILSVRC2012_val_00039737.JPEG,True,1.6094379425048828,-0.0595281682908535,-0.06031212955713272,0.5027769207954407,0.5018667578697205,-0.019684791564941406,0.022806942462921143
visformer_small,pit_b_224,uniform,32,ILSVRC2012_val_00039746.JPEG,True,2.995732069015503,0.013229564763605595,0.013909634202718735,0.5068027377128601,0.5071880221366882,0.3550891876220703,0.04870361089706421
visformer_small,pit_b_224,uniform,33,ILSVRC2012_val_00039748.JPEG,True,2.995732069015503,0.006128253415226936,0.00759184081107378,0.5084236860275269,0.5086628198623657,0.2329082489013672,0.043115466833114624
visformer_small,pit_b_224,phase_weighted,32,ILSVRC2012_val_00039746.JPEG,True,2.773303985595703,0.013837435282766819,0.014682245440781116,0.5051950216293335,0.5051153302192688,0.30357933044433594,0.043791577219963074
visformer_small,pit_b_224,phase_weighted,33,ILSVRC2012_val_00039748.JPEG,True,2.857550621032715,0.015682833269238472,0.017315462231636047,0.509367048740387,0.5090946555137634,0.25792980194091797,0.04717057943344116
visformer_small,pit_b_224,flip_weighted,32,ILSVRC2012_val_00039746.JPEG,True,2.8005785942077637,0.007350647356361151,0.007973008789122105,0.5048894286155701,0.5055803656578064,0.30229759216308594,0.040255025029182434
visformer_small,pit_b_224,flip_weighted,33,ILSVRC2012_val_00039748.JPEG,True,2.909160614013672,0.01487918384373188,0.01659994386136532,0.5098187923431396,0.5099250674247742,0.25381946563720703,0.044209226965904236
visformer_small,pit_b_224,consensus_weighted,32,ILSVRC2012_val_00039746.JPEG,True,2.8276638984680176,0.012842319905757904,0.013676324859261513,0.504862904548645,0.5053411722183228,0.2863006591796875,0.04201367497444153
visformer_small,pit_b_224,consensus_weighted,33,ILSVRC2012_val_00039748.JPEG,True,2.866873025894165,0.017709843814373016,0.01947804167866707,0.510343611240387,0.5102572441101074,0.2914295196533203,0.05098479986190796
visformer_small,pit_b_224,shuffled_semantic_weighted,32,ILSVRC2012_val_00039746.JPEG,True,2.9016189575195312,0.011567158624529839,0.011947131715714931,0.505673348903656,0.5052083134651184,0.2712440490722656,0.03754933178424835
visformer_small,pit_b_224,shuffled_semantic_weighted,33,ILSVRC2012_val_00039748.JPEG,True,2.816272735595703,0.002217171946540475,0.0029659734573215246,0.5074670314788818,0.5079520344734192,0.20645999908447266,0.03888404369354248
visformer_small,pit_b_224,permuted_weight,32,ILSVRC2012_val_00039746.JPEG,True,2.8276641368865967,0.014479536563158035,0.015396847389638424,0.5059989094734192,0.5068226456642151,0.37795257568359375,0.05376334488391876
visformer_small,pit_b_224,permuted_weight,33,ILSVRC2012_val_00039748.JPEG,True,2.866873264312744,0.008779104799032211,0.010558606125414371,0.5094068646430969,0.5089285969734192,0.25247955322265625,0.04361189901828766
visformer_small,pit_b_224,consensus_topk,32,ILSVRC2012_val_00039746.JPEG,True,1.6094379425048828,0.008330076932907104,0.009419411420822144,0.5030625462532043,0.5045772194862366,0.26366329193115234,0.04001879692077637
visformer_small,pit_b_224,consensus_topk,33,ILSVRC2012_val_00039748.JPEG,True,1.6094379425048828,0.029926005750894547,0.0324263796210289,0.5106425285339355,0.5106026530265808,0.2918367385864258,0.048905059695243835
visformer_small,pit_b_224,uniform,34,ILSVRC2012_val_00039815.JPEG,True,2.995732069015503,0.00873358640819788,0.007906506769359112,0.504318118095398,0.5044975280761719,-0.3489065170288086,0.04873049259185791
visformer_small,pit_b_224,uniform,35,ILSVRC2012_val_00039842.JPEG,True,2.995732069015503,0.015863288193941116,0.015582486055791378,0.5022919178009033,0.5035674571990967,0.03975105285644531,0.005163982510566711
visformer_small,pit_b_224,phase_weighted,34,ILSVRC2012_val_00039815.JPEG,True,2.907756805419922,0.007692546583712101,0.007169503718614578,0.5046901702880859,0.5050090551376343,-0.3179054260253906,0.05589425563812256
visformer_small,pit_b_224,phase_weighted,35,ILSVRC2012_val_00039842.JPEG,True,2.931878089904785,0.01426623947918415,0.013785974122583866,0.5022720098495483,0.5024380683898926,0.03503990173339844,0.004573017358779907
visformer_small,pit_b_224,flip_weighted,34,ILSVRC2012_val_00039815.JPEG,True,2.88564133644104,0.007998613640666008,0.007429249584674835,0.5035740733146667,0.5045706033706665,-0.3697681427001953,0.04455876350402832
visformer_small,pit_b_224,flip_weighted,35,ILSVRC2012_val_00039842.JPEG,True,2.8999805450439453,0.014339395798742771,0.014104623347520828,0.5031489133834839,0.5033947229385376,0.04275798797607422,0.0055036842823028564
visformer_small,pit_b_224,consensus_weighted,34,ILSVRC2012_val_00039815.JPEG,True,2.9258830547332764,0.0072958460077643394,0.006558526307344437,0.5041786432266235,0.504862904548645,-0.3862123489379883,0.03498530387878418
visformer_small,pit_b_224,consensus_weighted,35,ILSVRC2012_val_00039842.JPEG,True,2.9212586879730225,0.014079947955906391,0.013688862323760986,0.5024314522743225,0.5019930005073547,0.035864830017089844,0.004677295684814453
visformer_small,pit_b_224,shuffled_semantic_weighted,34,ILSVRC2012_val_00039815.JPEG,True,2.773873805999756,0.007354173809289932,0.006398055702447891,0.5044177770614624,0.5039727091789246,-0.3245663642883301,0.05238860845565796
visformer_small,pit_b_224,shuffled_semantic_weighted,35,ILSVRC2012_val_00039842.JPEG,True,2.857499599456787,0.014880985952913761,0.014709864743053913,0.5036272406578064,0.5039793252944946,0.04190540313720703,0.0054045170545578
visformer_small,pit_b_224,permuted_weight,34,ILSVRC2012_val_00039815.JPEG,True,2.9258828163146973,0.01111861877143383,0.010143083520233631,0.5039594173431396,0.5040723085403442,-0.20542478561401367,0.1322164535522461
visformer_small,pit_b_224,permuted_weight,35,ILSVRC2012_val_00039842.JPEG,True,2.9212586879730225,0.01776568964123726,0.017803501337766647,0.5024845600128174,0.503514289855957,0.038318634033203125,0.004951015114784241
visformer_small,pit_b_224,consensus_topk,34,ILSVRC2012_val_00039815.JPEG,True,1.6094379425048828,0.0001656981185078621,-0.0006876438856124878,0.5036936402320862,0.5049093961715698,-0.5532417297363281,-0.04038923978805542
visformer_small,pit_b_224,consensus_topk,35,ILSVRC2012_val_00039842.JPEG,True,1.6094379425048828,0.009762734174728394,0.009815147146582603,0.5012223720550537,0.5011692047119141,0.03242969512939453,0.004311218857765198
visformer_small,pit_b_224,uniform,36,ILSVRC2012_val_00039892.JPEG,True,2.995732069015503,-0.030429650098085403,-0.02840404212474823,0.49619340896606445,0.4971367418766022,-0.2154064178466797,-0.05967852473258972
visformer_small,pit_b_224,uniform,37,ILSVRC2012_val_00039939.JPEG,True,2.995732069015503,0.02139553241431713,0.022790811955928802,0.5082376599311829,0.5093803405761719,-0.005390167236328125,0.02350790798664093
visformer_small,pit_b_224,phase_weighted,36,ILSVRC2012_val_00039892.JPEG,True,2.7569243907928467,-0.02105458825826645,-0.018765240907669067,0.5004716515541077,0.5015678405761719,-0.1058197021484375,-0.0224209725856781
visformer_small,pit_b_224,phase_weighted,37,ILSVRC2012_val_00039939.JPEG,True,2.9249823093414307,0.021211382001638412,0.02265786938369274,0.5080649256706238,0.5093803405761719,-0.013155937194824219,0.023625582456588745
visformer_small,pit_b_224,flip_weighted,36,ILSVRC2012_val_00039892.JPEG,True,2.9423751831054688,-0.025533314794301987,-0.023137155920267105,0.4986049234867096,0.5003255009651184,-0.14063739776611328,-0.03438706696033478
visformer_small,pit_b_224,flip_weighted,37,ILSVRC2012_val_00039939.JPEG,True,2.9365477561950684,0.020062286406755447,0.02123991772532463,0.5076530575752258,0.5087890625,-0.00026035308837890625,0.020322397351264954
visformer_small,pit_b_224,consensus_weighted,36,ILSVRC2012_val_00039892.JPEG,True,2.8147287368774414,-0.022391704842448235,-0.01998913660645485,0.4997807741165161,0.5015013813972473,-0.1365194320678711,-0.02817860245704651
visformer_small,pit_b_224,consensus_weighted,37,ILSVRC2012_val_00039939.JPEG,True,2.912977695465088,0.02188108116388321,0.023213524371385574,0.5083240270614624,0.508583128452301,0.002044677734375,0.020930945873260498
visformer_small,pit_b_224,shuffled_semantic_weighted,36,ILSVRC2012_val_00039892.JPEG,True,2.901163101196289,-0.02862173318862915,-0.02658754587173462,0.4984188973903656,0.4998339116573334,-0.1795940399169922,-0.05248555541038513
visformer_small,pit_b_224,shuffled_semantic_weighted,37,ILSVRC2012_val_00039939.JPEG,True,2.865788698196411,0.01337972842156887,0.014212753623723984,0.5059258341789246,0.5065237283706665,-0.047469139099121094,0.00873042643070221
visformer_small,pit_b_224,permuted_weight,36,ILSVRC2012_val_00039892.JPEG,True,2.8147289752960205,-0.0225230660289526,-0.020564433187246323,0.49805352091789246,0.4997342824935913,-0.09958934783935547,-0.02401036024093628
visformer_small,pit_b_224,permuted_weight,37,ILSVRC2012_val_00039939.JPEG,True,2.912977695465088,0.021127872169017792,0.022640476003289223,0.5086562037467957,0.5099051594734192,0.031113624572753906,0.0302506685256958
visformer_small,pit_b_224,consensus_topk,36,ILSVRC2012_val_00039892.JPEG,True,1.6094379425048828,-0.005836682394146919,-0.0036420489195734262,0.4709688425064087,0.5076131820678711,0.20667743682861328,0.11685889959335327
visformer_small,pit_b_224,consensus_topk,37,ILSVRC2012_val_00039939.JPEG,True,1.6094379425048828,0.01623573526740074,0.017047006636857986,0.5059258341789246,0.5052016973495483,-0.011927604675292969,0.006360381841659546
visformer_small,pit_b_224,uniform,38,ILSVRC2012_val_00040016.JPEG,True,2.995732069015503,0.021073684096336365,0.021744711324572563,0.5147680044174194,0.5147879719734192,0.20427513122558594,0.024427130818367004
visformer_small,pit_b_224,uniform,39,ILSVRC2012_val_00040140.JPEG,True,2.995732069015503,0.020297309383749962,0.02042527310550213,0.5027702450752258,0.5031887888908386,0.05962848663330078,0.007006950676441193
visformer_small,pit_b_224,phase_weighted,38,ILSVRC2012_val_00040016.JPEG,True,2.862929105758667,0.03301865607500076,0.033108826726675034,0.513465940952301,0.5145022869110107,0.24967288970947266,0.029894500970840454
visformer_small,pit_b_224,phase_weighted,39,ILSVRC2012_val_00040140.JPEG,True,2.8768444061279297,0.016683483496308327,0.016381151974201202,0.502949595451355,0.5035873651504517,0.029581069946289062,0.0033557265996932983
visformer_small,pit_b_224,flip_weighted,38,ILSVRC2012_val_00040016.JPEG,True,2.861931324005127,0.029403869062662125,0.029927365481853485,0.5133064985275269,0.5135523080825806,0.23156166076660156,0.028169631958007812
visformer_small,pit_b_224,flip_weighted,39,ILSVRC2012_val_00040140.JPEG,True,2.8809080123901367,0.017860814929008484,0.018021177500486374,0.5017405152320862,0.5025444030761719,0.06216907501220703,0.007538817822933197
visformer_small,pit_b_224,consensus_weighted,38,ILSVRC2012_val_00040016.JPEG,True,2.8579304218292236,0.033428825438022614,0.0335376113653183,0.5137914419174194,0.514043927192688,0.2556266784667969,0.03066316246986389
visformer_small,pit_b_224,consensus_weighted,39,ILSVRC2012_val_00040140.JPEG,True,2.8640058040618896,0.017730487510561943,0.017748434096574783,0.5017538070678711,0.5027769207954407,0.06568717956542969,0.007569797337055206
visformer_small,pit_b_224,shuffled_semantic_weighted,38,ILSVRC2012_val_00040016.JPEG,True,2.897738456726074,0.020576531067490578,0.02091110870242119,0.5127550959587097,0.5130739808082581,0.20626544952392578,0.02479766309261322
visformer_small,pit_b_224,shuffled_semantic_weighted,39,ILSVRC2012_val_00040140.JPEG,True,2.8656179904937744,0.020976470783352852,0.02116485685110092,0.5018866658210754,0.5027569532394409,0.06613922119140625,0.007888652384281158
visformer_small,pit_b_224,permuted_weight,38,ILSVRC2012_val_00040016.JPEG,True,2.8579301834106445,0.022790994495153427,0.022844422608613968,0.5127484798431396,0.5129411220550537,0.23699188232421875,0.02827364206314087
visformer_small,pit_b_224,permuted_weight,39,ILSVRC2012_val_00040140.JPEG,True,2.8640055656433105,0.022686822339892387,0.02310239151120186,0.5023982524871826,0.502909779548645,0.05671977996826172,0.006563760340213776
visformer_small,pit_b_224,consensus_topk,38,ILSVRC2012_val_00040016.JPEG,True,1.6094379425048828,0.03576841205358505,0.03554617241024971,0.5082376599311829,0.5081180930137634,0.20046424865722656,0.02409258484840393
visformer_small,pit_b_224,consensus_topk,39,ILSVRC2012_val_00040140.JPEG,True,1.6094379425048828,0.012322519905865192,0.012409859336912632,0.4854179918766022,0.5031688213348389,0.080291748046875,0.009561233222484589
visformer_small,pit_b_224,uniform,40,ILSVRC2012_val_00040221.JPEG,True,2.995732069015503,-0.010650500655174255,-0.013049863278865814,0.5007041692733765,0.5016209483146667,0.05073833465576172,0.02104458212852478
visformer_small,pit_b_224,uniform,41,ILSVRC2012_val_00040291.JPEG,True,2.995732069015503,-0.025838110595941544,-0.024014687165617943,0.48889243602752686,0.48923787474632263,-0.18278026580810547,-0.02540329098701477
visformer_small,pit_b_224,phase_weighted,40,ILSVRC2012_val_00040221.JPEG,True,2.907165288925171,-0.008441985584795475,-0.010181824676692486,0.5025444030761719,0.5031223297119141,0.04972553253173828,0.0203305184841156
visformer_small,pit_b_224,phase_weighted,41,ILSVRC2012_val_00040291.JPEG,True,2.880584478378296,-0.022580623626708984,-0.020958082750439644,0.4908123314380646,0.4909186363220215,-0.17625999450683594,-0.02407301962375641
visformer_small,pit_b_224,flip_weighted,40,ILSVRC2012_val_00040221.JPEG,True,2.8929433822631836,-0.009848838672041893,-0.012365691363811493,0.5024048686027527,0.5027104616165161,0.03938865661621094,0.018483400344848633
visformer_small,pit_b_224,flip_weighted,41,ILSVRC2012_val_00040291.JPEG,True,2.9130544662475586,-0.02368764951825142,-0.022032763808965683,0.48925116658210754,0.4900682866573334,-0.17392349243164062,-0.0242701917886734
visformer_small,pit_b_224,consensus_weighted,40,ILSVRC2012_val_00040221.JPEG,True,2.9350497722625732,-0.009239165112376213,-0.011314891278743744,0.5029695630073547,0.502557635307312,0.04282569885253906,0.018605664372444153
visformer_small,pit_b_224,consensus_weighted,41,ILSVRC2012_val_00040291.JPEG,True,2.908463478088379,-0.022300487384200096,-0.020598862320184708,0.49042701721191406,0.4909186363220215,-0.16831398010253906,-0.02390003204345703
visformer_small,pit_b_224,shuffled_semantic_weighted,40,ILSVRC2012_val_00040221.JPEG,True,2.8868160247802734,-0.01128176786005497,-0.013717839494347572,0.49963462352752686,0.49998006224632263,0.027063369750976562,0.017400726675987244
visformer_small,pit_b_224,shuffled_semantic_weighted,41,ILSVRC2012_val_00040291.JPEG,True,2.9055330753326416,-0.023852530866861343,-0.021964725106954575,0.4893242418766022,0.4893175959587097,-0.17931270599365234,-0.02477508783340454
visformer_small,pit_b_224,permuted_weight,40,ILSVRC2012_val_00040221.JPEG,True,2.9350500106811523,-0.012593510560691357,-0.015492472797632217,0.5006111860275269,0.4995947480201721,0.038300514221191406,0.018892750144004822
visformer_small,pit_b_224,permuted_weight,41,ILSVRC2012_val_00040291.JPEG,True,2.9084632396698,-0.026754580438137054,-0.025164082646369934,0.489164799451828,0.4896032512187958,-0.16636371612548828,-0.02359728515148163
visformer_small,pit_b_224,consensus_topk,40,ILSVRC2012_val_00040221.JPEG,True,1.6094379425048828,-0.006220865994691849,-0.007818934507668018,0.5027104616165161,0.5036471486091614,0.06678295135498047,0.02384333312511444
visformer_small,pit_b_224,consensus_topk,41,ILSVRC2012_val_00040291.JPEG,True,1.6094379425048828,-0.014950724318623543,-0.013864236883819103,0.4759579598903656,0.4928584694862366,-0.0742177963256836,-0.011222541332244873
visformer_small,pit_b_224,uniform,42,ILSVRC2012_val_00040345.JPEG,True,2.995732069015503,0.022408392280340195,0.022030003368854523,0.5089485049247742,0.5093138813972473,0.10600757598876953,0.024435482919216156
visformer_small,pit_b_224,uniform,43,ILSVRC2012_val_00040407.JPEG,True,2.995732069015503,0.005763299763202667,0.007609313353896141,0.508808970451355,0.5093337893486023,-0.7100944519042969,0.07508991658687592
visformer_small,pit_b_224,phase_weighted,42,ILSVRC2012_val_00040345.JPEG,True,2.820194959640503,0.022565387189388275,0.022171467542648315,0.5070285797119141,0.5075998902320862,0.09711647033691406,0.02361980825662613
visformer_small,pit_b_224,phase_weighted,43,ILSVRC2012_val_00040407.JPEG,True,2.8552398681640625,0.0035628629848361015,0.004983493592590094,0.5071282386779785,0.5079586505889893,-0.6261453628540039,0.026902154088020325
visformer_small,pit_b_224,flip_weighted,42,ILSVRC2012_val_00040345.JPEG,True,2.9069838523864746,0.02433902956545353,0.024179168045520782,0.5092076063156128,0.509353756904602,0.08220672607421875,0.027951233088970184
visformer_small,pit_b_224,flip_weighted,43,ILSVRC2012_val_00040407.JPEG,True,2.864945888519287,0.011797662824392319,0.014006810262799263,0.5094534158706665,0.5102771520614624,-0.6264362335205078,0.11902551352977753
visformer_small,pit_b_224,consensus_weighted,42,ILSVRC2012_val_00040345.JPEG,True,2.8922014236450195,0.02363034337759018,0.023327616974711418,0.5090016722679138,0.5088820457458496,0.1397409439086914,0.02818203717470169
visformer_small,pit_b_224,consensus_weighted,43,ILSVRC2012_val_00040407.JPEG,True,2.880434513092041,0.005872618407011032,0.0075284396298229694,0.5080782175064087,0.508390486240387,-0.621485710144043,0.051298514008522034
visformer_small,pit_b_224,shuffled_semantic_weighted,42,ILSVRC2012_val_00040345.JPEG,True,2.8189029693603516,0.019072841852903366,0.018771130591630936,0.5077328085899353,0.5076397657394409,0.14448070526123047,0.02727823704481125
visformer_small,pit_b_224,shuffled_semantic_weighted,43,ILSVRC2012_val_00040407.JPEG,True,2.9251296520233154,0.00538026774302125,0.0072682201862335205,0.5087491869926453,0.5093470811843872,-0.6445178985595703,0.10332010686397552
visformer_small,pit_b_224,permuted_weight,42,ILSVRC2012_val_00040345.JPEG,True,2.8922014236450195,0.01828608289361,0.017806939780712128,0.5089418292045593,0.5092673897743225,0.104644775390625,0.025743089616298676
visformer_small,pit_b_224,permuted_weight,43,ILSVRC2012_val_00040407.JPEG,True,2.880434274673462,0.0049581448547542095,0.006690699141472578,0.5076597332954407,0.508038341999054,-0.5608711242675781,0.06739182770252228
visformer_small,pit_b_224,consensus_topk,42,ILSVRC2012_val_00040345.JPEG,True,1.6094379425048828,0.02473067305982113,0.024936631321907043,0.5076929330825806,0.5082974433898926,0.0909719467163086,0.026345007121562958
visformer_small,pit_b_224,consensus_topk,43,ILSVRC2012_val_00040407.JPEG,True,1.6094379425048828,0.010207442566752434,0.011279642581939697,0.5094401240348816,0.5102107524871826,-0.6064090728759766,0.04597049951553345
visformer_small,pit_b_224,uniform,44,ILSVRC2012_val_00040452.JPEG,True,2.995732069015503,0.011036156676709652,0.01071480568498373,0.5020992755889893,0.5021324753761292,0.2502450942993164,0.03604234755039215
visformer_small,pit_b_224,uniform,45,ILSVRC2012_val_00040457.JPEG,True,2.995732069015503,0.0502401664853096,0.050384409725666046,0.5212518572807312,0.5215840339660645,2.9085216522216797,2.6342873573303223
visformer_small,pit_b_224,phase_weighted,44,ILSVRC2012_val_00040452.JPEG,True,2.8723673820495605,0.013236721977591515,0.013087550178170204,0.5031422972679138,0.5040324926376343,0.2663393020629883,0.03924408555030823
visformer_small,pit_b_224,phase_weighted,45,ILSVRC2012_val_00040457.JPEG,True,2.8765246868133545,0.04711597412824631,0.047303300350904465,0.5214909911155701,0.521670401096344,2.959275722503662,2.598203659057617
visformer_small,pit_b_224,flip_weighted,44,ILSVRC2012_val_00040452.JPEG,True,2.8370556831359863,0.009393474087119102,0.009050899185240269,0.5028367042541504,0.5035807490348816,0.27678775787353516,0.04143168032169342
visformer_small,pit_b_224,flip_weighted,45,ILSVRC2012_val_00040457.JPEG,True,2.888509511947632,0.04912540316581726,0.04932228475809097,0.5214179158210754,0.522235095500946,3.1986122131347656,2.7909257411956787
visformer_small,pit_b_224,consensus_weighted,44,ILSVRC2012_val_00040452.JPEG,True,2.8704330921173096,0.011460642330348492,0.011221963912248611,0.502949595451355,0.5032286643981934,0.26293277740478516,0.038697853684425354
visformer_small,pit_b_224,consensus_weighted,45,ILSVRC2012_val_00040457.JPEG,True,2.8794171810150146,0.04869282245635986,0.04890980198979378,0.5215973258018494,0.5219427347183228,3.085805892944336,2.669065237045288
visformer_small,pit_b_224,shuffled_semantic_weighted,44,ILSVRC2012_val_00040452.JPEG,True,2.9200551509857178,0.014232148416340351,0.013993527740240097,0.501747190952301,0.5028765201568604,0.27424144744873047,0.04105442762374878
visformer_small,pit_b_224,shuffled_semantic_weighted,45,ILSVRC2012_val_00040457.JPEG,True,2.8347647190093994,0.05003969371318817,0.05007561296224594,0.5209661722183228,0.5219029188156128,2.72115421295166,2.5748682022094727
visformer_small,pit_b_224,permuted_weight,44,ILSVRC2012_val_00040452.JPEG,True,2.8704330921173096,0.00881593395024538,0.00844564288854599,0.5024912357330322,0.5032817721366882,0.2629985809326172,0.03973507881164551
visformer_small,pit_b_224,permuted_weight,45,ILSVRC2012_val_00040457.JPEG,True,2.8794174194335938,0.05304573476314545,0.053129296749830246,0.5219228267669678,0.5216571092605591,2.7728400230407715,2.6253628730773926
visformer_small,pit_b_224,consensus_topk,44,ILSVRC2012_val_00040452.JPEG,True,1.6094379425048828,0.016603121533989906,0.0167365912348032,0.5042716264724731,0.5042849183082581,0.31022167205810547,0.047893717885017395
visformer_small,pit_b_224,consensus_topk,45,ILSVRC2012_val_00040457.JPEG,True,1.6094379425048828,0.04122059792280197,0.04144395515322685,0.5198169350624084,0.5192655324935913,2.667011260986328,2.1747665405273438
visformer_small,pit_b_224,uniform,46,ILSVRC2012_val_00040494.JPEG,True,2.995732069015503,0.012521930038928986,0.012553345412015915,0.5087491869926453,0.5094268321990967,-0.02860546112060547,-0.0003834739327430725
visformer_small,pit_b_224,uniform,47,ILSVRC2012_val_00040541.JPEG,True,2.995732069015503,0.02199510484933853,0.021871430799365044,0.5062048435211182,0.506816029548645,0.05843830108642578,0.039225250482559204
visformer_small,pit_b_224,phase_weighted,46,ILSVRC2012_val_00040494.JPEG,True,2.869502305984497,0.01096189022064209,0.010989605449140072,0.5099051594734192,0.5092607140541077,-0.08512592315673828,-0.006236307322978973
visformer_small,pit_b_224,phase_weighted,47,ILSVRC2012_val_00040541.JPEG,True,2.9017932415008545,0.021119434386491776,0.020638462156057358,0.5065170526504517,0.507440447807312,0.062218666076660156,0.036724671721458435
visformer_small,pit_b_224,flip_weighted,46,ILSVRC2012_val_00040494.JPEG,True,2.944462537765503,0.011091290041804314,0.011087742634117603,0.5085366368293762,0.5087026953697205,-0.0649576187133789,-0.004104122519493103
visformer_small,pit_b_224,flip_weighted,47,ILSVRC2012_val_00040541.JPEG,True,2.9076857566833496,0.021403025835752487,0.021094243973493576,0.5070883631706238,0.5067628622055054,0.0887908935546875,0.044469743967056274
visformer_small,pit_b_224,consensus_weighted,46,ILSVRC2012_val_00040494.JPEG,True,2.912473440170288,0.011112541891634464,0.011129088699817657,0.5097922086715698,0.5096061825752258,-0.07221412658691406,-0.0049768611788749695
visformer_small,pit_b_224,consensus_weighted,47,ILSVRC2012_val_00040541.JPEG,True,2.854323148727417,0.020210813730955124,0.019587446004152298,0.5071946978569031,0.5076464414596558,0.07091522216796875,0.037203848361968994
visformer_small,pit_b_224,shuffled_semantic_weighted,46,ILSVRC2012_val_00040494.JPEG,True,2.848018169403076,0.01402294635772705,0.014105689711868763,0.5084037780761719,0.5083373188972473,-0.043763160705566406,-0.0018448978662490845
visformer_small,pit_b_224,shuffled_semantic_weighted,47,ILSVRC2012_val_00040541.JPEG,True,2.8032798767089844,0.021580873057246208,0.0219467394053936,0.5073939561843872,0.5076198577880859,0.1026906967163086,0.04729180037975311
visformer_small,pit_b_224,permuted_weight,46,ILSVRC2012_val_00040494.JPEG,True,2.912473678588867,0.013947277329862118,0.013921145349740982,0.5111806392669678,0.5108285546302795,-0.02735137939453125,-0.0004617050290107727
visformer_small,pit_b_224,permuted_weight,47,ILSVRC2012_val_00040541.JPEG,True,2.854322910308838,0.01840566098690033,0.01829667016863823,0.5075135231018066,0.5073740482330322,0.10805225372314453,0.054960012435913086
visformer_small,pit_b_224,consensus_topk,46,ILSVRC2012_val_00040494.JPEG,True,1.6094379425048828,0.002485868753865361,0.0023680725134909153,0.48540470004081726,0.5039527416229248,-0.06362152099609375,-0.005873098969459534
visformer_small,pit_b_224,consensus_topk,47,ILSVRC2012_val_00040541.JPEG,True,1.6094379425048828,0.01487443782389164,0.01404719427227974,0.5063576102256775,0.506437361240387,0.07133102416992188,0.03204713761806488
visformer_small,pit_b_224,uniform,48,ILSVRC2012_val_00040601.JPEG,True,2.995732069015503,0.029868699610233307,0.0312681570649147,0.4960140287876129,0.49532976746559143,-0.2431936264038086,-0.043345361948013306
visformer_small,pit_b_224,uniform,49,ILSVRC2012_val_00040634.JPEG,True,2.995732069015503,0.014172576367855072,0.014052361249923706,0.5052282810211182,0.5050954222679138,0.034386634826660156,0.013760685920715332
visformer_small,pit_b_224,phase_weighted,48,ILSVRC2012_val_00040601.JPEG,True,2.920560359954834,0.03620312362909317,0.03783885017037392,0.49582138657569885,0.4951636791229248,-0.23321056365966797,-0.041508302092552185
visformer_small,pit_b_224,phase_weighted,49,ILSVRC2012_val_00040634.JPEG,True,2.862258195877075,0.010989213362336159,0.010483654215931892,0.5037600994110107,0.5040856003761292,0.008119583129882812,0.012422241270542145
visformer_small,pit_b_224,flip_weighted,48,ILSVRC2012_val_00040601.JPEG,True,2.9129559993743896,0.04066475108265877,0.04256334900856018,0.4960273206233978,0.49543607234954834,-0.2222423553466797,-0.04005733132362366
visformer_small,pit_b_224,flip_weighted,49,ILSVRC2012_val_00040634.JPEG,True,2.865652561187744,0.010667689144611359,0.01041345577687025,0.5031954050064087,0.5037534832954407,0.017538070678710938,0.016254395246505737
visformer_small,pit_b_224,consensus_weighted,48,ILSVRC2012_val_00040601.JPEG,True,2.9324135780334473,0.04365359619259834,0.04564885050058365,0.49614688754081726,0.49564865231513977,-0.31107425689697266,-0.05003504455089569
visformer_small,pit_b_224,consensus_weighted,49,ILSVRC2012_val_00040634.JPEG,True,2.876892566680908,0.010752982459962368,0.01035351399332285,0.5033083558082581,0.503926157951355,0.022230148315429688,0.016455553472042084
visformer_small,pit_b_224,shuffled_semantic_weighted,48,ILSVRC2012_val_00040601.JPEG,True,2.899441719055176,0.03275498002767563,0.03429701179265976,0.49584129452705383,0.49461230635643005,-0.20574951171875,-0.03894680738449097
visformer_small,pit_b_224,shuffled_semantic_weighted,49,ILSVRC2012_val_00040634.JPEG,True,2.8661134243011475,0.013154607266187668,0.012955397367477417,0.5049425959587097,0.5049293041229248,0.0137176513671875,0.009489074349403381
visformer_small,pit_b_224,permuted_weight,48,ILSVRC2012_val_00040601.JPEG,True,2.9324135780334473,0.023776864632964134,0.025006167590618134,0.49630632996559143,0.4958014488220215,-0.18138504028320312,-0.034301578998565674
visformer_small,pit_b_224,permuted_weight,49,ILSVRC2012_val_00040634.JPEG,True,2.876892566680908,0.01873968541622162,0.01904870942234993,0.5065569281578064,0.5070152878761292,0.06813716888427734,0.015941329300403595
visformer_small,pit_b_224,consensus_topk,48,ILSVRC2012_val_00040601.JPEG,True,1.6094379425048828,0.056999512016773224,0.05998843163251877,0.49892377853393555,0.49842554330825806,-0.16204071044921875,-0.032080814242362976
visformer_small,pit_b_224,consensus_topk,49,ILSVRC2012_val_00040634.JPEG,True,1.6094379425048828,0.005513390060514212,0.004482137970626354,0.5004583597183228,0.5003055930137634,-0.05673503875732422,0.01682017743587494
visformer_small,pit_b_224,uniform,50,ILSVRC2012_val_00040798.JPEG,True,2.995732069015503,0.009521836414933205,0.010518109425902367,0.503321647644043,0.5029828548431396,0.03986072540283203,0.008171766996383667
visformer_small,pit_b_224,uniform,51,ILSVRC2012_val_00040930.JPEG,True,2.995732069015503,-0.04018763452768326,-0.042007140815258026,0.4874774217605591,0.48712530732154846,-0.05590534210205078,-0.0010602474212646484
visformer_small,pit_b_224,phase_weighted,50,ILSVRC2012_val_00040798.JPEG,True,2.9163780212402344,0.005046436563134193,0.004845609422773123,0.5022321343421936,0.5020328164100647,0.015554428100585938,0.0033880025148391724
visformer_small,pit_b_224,phase_weighted,51,ILSVRC2012_val_00040930.JPEG,True,2.6971120834350586,-0.030342774465680122,-0.03208527714014053,0.48883265256881714,0.48832109570503235,-0.038664817810058594,-0.001539275050163269
visformer_small,pit_b_224,flip_weighted,50,ILSVRC2012_val_00040798.JPEG,True,2.897045135498047,0.015098804607987404,0.01679735630750656,0.5032485723495483,0.5033748149871826,0.04854869842529297,0.009302586317062378
visformer_small,pit_b_224,flip_weighted,51,ILSVRC2012_val_00040930.JPEG,True,2.911884307861328,-0.039563924074172974,-0.041056934744119644,0.4881749451160431,0.48783615231513977,-0.04088020324707031,0.000806659460067749
visformer_small,pit_b_224,consensus_weighted,50,ILSVRC2012_val_00040798.JPEG,True,2.8987343311309814,0.008325723931193352,0.00849552545696497,0.5028167366981506,0.502159059047699,0.00774383544921875,0.0018465667963027954
visformer_small,pit_b_224,consensus_weighted,51,ILSVRC2012_val_00040930.JPEG,True,2.815148115158081,-0.034192509949207306,-0.035844504833221436,0.4885868430137634,0.48778966069221497,-0.046092987060546875,-0.0019851773977279663
visformer_small,pit_b_224,shuffled_semantic_weighted,50,ILSVRC2012_val_00040798.JPEG,True,2.849472761154175,0.009871577844023705,0.011735409498214722,0.5035740733146667,0.5026572942733765,-0.0032472610473632812,0.0008383691310882568
visformer_small,pit_b_224,shuffled_semantic_weighted,51,ILSVRC2012_val_00040930.JPEG,True,2.884467124938965,-0.03962339833378792,-0.041316110640764236,0.48826131224632263,0.48732462525367737,-0.05258464813232422,9.700655937194824e-06
visformer_small,pit_b_224,permuted_weight,50,ILSVRC2012_val_00040798.JPEG,True,2.8987338542938232,0.006551956757903099,0.007841202430427074,0.5026440024375916,0.5025842189788818,0.051537513732910156,0.009925320744514465
visformer_small,pit_b_224,permuted_weight,51,ILSVRC2012_val_00040930.JPEG,True,2.815148115158081,-0.03950514644384384,-0.041784048080444336,0.4892711043357849,0.48794907331466675,-0.05399799346923828,-0.001414075493812561
visformer_small,pit_b_224,consensus_topk,50,ILSVRC2012_val_00040798.JPEG,True,1.6094379425048828,-0.0022143882233649492,-0.004090790171176195,0.5007772445678711,0.5000531673431396,-0.032314300537109375,-0.004977792501449585
visformer_small,pit_b_224,consensus_topk,51,ILSVRC2012_val_00040930.JPEG,True,1.6094379425048828,-0.033326003700494766,-0.03345591574907303,0.4717859923839569,0.4890917241573334,-0.04949188232421875,-0.0037298500537872314
visformer_small,pit_b_224,uniform,52,ILSVRC2012_val_00040952.JPEG,True,2.995732069015503,-0.009695074521005154,-0.00991804152727127,0.5048695206642151,0.5058460831642151,0.29431819915771484,0.1458922177553177
visformer_small,pit_b_224,uniform,53,ILSVRC2012_val_00040966.JPEG,True,2.995732069015503,0.07834495604038239,0.07805711776018143,0.5172659158706665,0.5186343789100647,0.3991270065307617,0.10628677159547806
visformer_small,pit_b_224,phase_weighted,52,ILSVRC2012_val_00040952.JPEG,True,2.9071316719055176,-0.008484536781907082,-0.008520618081092834,0.5054740905761719,0.5049093961715698,0.3297538757324219,0.16844482719898224
visformer_small,pit_b_224,phase_weighted,53,ILSVRC2012_val_00040966.JPEG,True,2.8999581336975098,0.08891010284423828,0.08880548179149628,0.5171529650688171,0.5184351205825806,0.35695743560791016,0.09980631619691849
visformer_small,pit_b_224,flip_weighted,52,ILSVRC2012_val_00040952.JPEG,True,2.8952062129974365,-0.01123143918812275,-0.011730927973985672,0.5055803656578064,0.505460798740387,0.28942108154296875,0.13044215738773346
visformer_small,pit_b_224,flip_weighted,53,ILSVRC2012_val_00040966.JPEG,True,2.8978400230407715,0.09060055017471313,0.09053855389356613,0.5190263390541077,0.5204081535339355,0.4094200134277344,0.10259539633989334
visformer_small,pit_b_224,consensus_weighted,52,ILSVRC2012_val_00040952.JPEG,True,2.887256145477295,-0.011639216914772987,-0.012008077464997768,0.5055670738220215,0.5055603981018066,0.26999855041503906,0.12833280861377716
visformer_small,pit_b_224,consensus_weighted,53,ILSVRC2012_val_00040966.JPEG,True,2.8872568607330322,0.09318006038665771,0.09318054467439651,0.5189067721366882,0.5197238922119141,0.41545581817626953,0.10988526791334152
visformer_small,pit_b_224,shuffled_semantic_weighted,52,ILSVRC2012_val_00040952.JPEG,True,2.8940138816833496,-0.004304971545934677,-0.004673367831856012,0.506271243095398,0.5062446594238281,0.2763032913208008,0.12235112488269806
visformer_small,pit_b_224,shuffled_semantic_weighted,53,ILSVRC2012_val_00040966.JPEG,True,2.9134628772735596,0.08300017565488815,0.08307351171970367,0.5185480713844299,0.5191658735275269,0.3889122009277344,0.1044641062617302
visformer_small,pit_b_224,permuted_weight,52,ILSVRC2012_val_00040952.JPEG,True,2.887256383895874,-0.015846271067857742,-0.016066748648881912,0.5030293464660645,0.503926157951355,0.2834796905517578,0.145350381731987
visformer_small,pit_b_224,permuted_weight,53,ILSVRC2012_val_00040966.JPEG,True,2.8872573375701904,0.07752462476491928,0.07730408012866974,0.5165616869926453,0.5176578164100647,0.41318607330322266,0.10602497309446335
visformer_small,pit_b_224,consensus_topk,52,ILSVRC2012_val_00040952.JPEG,True,1.6094379425048828,-0.014742741361260414,-0.016044043004512787,0.5022919178009033,0.5020262002944946,0.16696453094482422,0.06528323888778687
visformer_small,pit_b_224,consensus_topk,53,ILSVRC2012_val_00040966.JPEG,True,1.6094379425048828,0.10280303657054901,0.10365709662437439,0.5172526240348816,0.5183022618293762,0.3201417922973633,0.08845054358243942
visformer_small,pit_b_224,uniform,54,ILSVRC2012_val_00041010.JPEG,True,2.995732069015503,0.0203340332955122,0.020445631816983223,0.4966517984867096,0.49701717495918274,-0.016664505004882812,-0.002846956253051758
visformer_small,pit_b_224,uniform,55,ILSVRC2012_val_00041063.JPEG,True,2.995732069015503,0.03764479607343674,0.038271501660346985,0.5215109586715698,0.5204148292541504,1.4409971237182617,1.1963138580322266
visformer_small,pit_b_224,phase_weighted,54,ILSVRC2012_val_00041010.JPEG,True,2.925222396850586,0.014766382053494453,0.014566952362656593,0.4968045949935913,0.4970370829105377,-0.02103137969970703,-0.0035162419080734253
visformer_small,pit_b_224,phase_weighted,55,ILSVRC2012_val_00041063.JPEG,True,2.8504819869995117,0.03774396702647209,0.03799787163734436,0.5229857563972473,0.521278440952301,1.382194995880127,1.1338995695114136
visformer_small,pit_b_224,flip_weighted,54,ILSVRC2012_val_00041010.JPEG,True,2.8729519844055176,0.026988299563527107,0.02802889421582222,0.4959675371646881,0.49588117003440857,-0.016599655151367188,-0.0027647018432617188
visformer_small,pit_b_224,flip_weighted,55,ILSVRC2012_val_00041063.JPEG,True,2.919705390930176,0.03553740680217743,0.03595482558012009,0.5205742716789246,0.5195711255073547,1.499821662902832,1.2837353944778442
visformer_small,pit_b_224,consensus_weighted,54,ILSVRC2012_val_00041010.JPEG,True,2.8751370906829834,0.023610152304172516,0.024213172495365143,0.49549585580825806,0.49584129452705383,-0.013118743896484375,-0.002364829182624817
visformer_small,pit_b_224,consensus_weighted,55,ILSVRC2012_val_00041063.JPEG,True,2.9221928119659424,0.03727858141064644,0.0374751053750515,0.5214710831642151,0.5205410122871399,1.5751681327819824,1.2953243255615234
visformer_small,pit_b_224,shuffled_semantic_weighted,54,ILSVRC2012_val_00041010.JPEG,True,2.866734266281128,0.02234223671257496,0.02315600961446762,0.4970238208770752,0.49698394536972046,-0.012852668762207031,-0.0021886080503463745
visformer_small,pit_b_224,shuffled_semantic_weighted,55,ILSVRC2012_val_00041063.JPEG,True,2.8298773765563965,0.037882331758737564,0.03840426355600357,0.5215840339660645,0.520733654499054,1.3527836799621582,1.2058382034301758
visformer_small,pit_b_224,permuted_weight,54,ILSVRC2012_val_00041010.JPEG,True,2.8751370906829834,0.023964349180459976,0.02484275959432125,0.49566859006881714,0.4957881569862366,-0.02131175994873047,-0.0035698264837265015
visformer_small,pit_b_224,permuted_weight,55,ILSVRC2012_val_00041063.JPEG,True,2.9221928119659424,0.036399610340595245,0.0363449864089489,0.5215574502944946,0.5202088356018066,1.3274989128112793,1.1674778461456299
visformer_small,pit_b_224,consensus_topk,54,ILSVRC2012_val_00041010.JPEG,True,1.6094379425048828,0.021275609731674194,0.020965533331036568,0.49766820669174194,0.49729618430137634,-0.028713226318359375,-0.00443422794342041
visformer_small,pit_b_224,consensus_topk,55,ILSVRC2012_val_00041063.JPEG,True,1.6094379425048828,0.0275585800409317,0.027312977239489555,0.517784059047699,0.5168739557266235,1.0394444465637207,1.0860919952392578
visformer_small,pit_b_224,uniform,56,ILSVRC2012_val_00041080.JPEG,True,2.995732069015503,-0.028552092611789703,-0.02817043475806713,0.5156183838844299,0.5162760615348816,0.06147003173828125,0.06764298677444458
visformer_small,pit_b_224,uniform,57,ILSVRC2012_val_00041241.JPEG,True,2.995732069015503,0.008617831394076347,0.00869116559624672,0.5010828375816345,0.5015678405761719,0.23246383666992188,0.036247432231903076
visformer_small,pit_b_224,phase_weighted,56,ILSVRC2012_val_00041080.JPEG,True,2.8069961071014404,-0.029835712164640427,-0.029132533818483353,0.5139110088348389,0.514422595500946,0.0809173583984375,0.0689997673034668
visformer_small,pit_b_224,phase_weighted,57,ILSVRC2012_val_00041241.JPEG,True,2.9537672996520996,0.012413742952048779,0.012436596676707268,0.501182496547699,0.5022255182266235,0.2157430648803711,0.036511242389678955
visformer_small,pit_b_224,flip_weighted,56,ILSVRC2012_val_00041080.JPEG,True,2.886916399002075,-0.0451296791434288,-0.044576264917850494,0.5166281461715698,0.5168473720550537,0.12714385986328125,0.09163272380828857
visformer_small,pit_b_224,flip_weighted,57,ILSVRC2012_val_00041241.JPEG,True,2.9014840126037598,0.015026159584522247,0.015065456740558147,0.500996470451355,0.5019863247871399,0.15716171264648438,0.03406740725040436
visformer_small,pit_b_224,consensus_weighted,56,ILSVRC2012_val_00041080.JPEG,True,2.741680383682251,-0.034983888268470764,-0.03400486707687378,0.5147613883018494,0.5154655575752258,0.11662912368774414,0.08787643909454346
visformer_small,pit_b_224,consensus_weighted,57,ILSVRC2012_val_00041241.JPEG,True,2.9073920249938965,0.015022166073322296,0.015058698132634163,0.5014083981513977,0.5025444030761719,0.20674800872802734,0.03842198848724365
visformer_small,pit_b_224,shuffled_semantic_weighted,56,ILSVRC2012_val_00041080.JPEG,True,2.76117205619812,-0.025362949818372726,-0.024287497624754906,0.5145687460899353,0.5153194069862366,0.07288026809692383,0.07244223356246948
visformer_small,pit_b_224,shuffled_semantic_weighted,57,ILSVRC2012_val_00041241.JPEG,True,2.8448305130004883,0.006020150613039732,0.005660858936607838,0.5009699463844299,0.5022388100624084,0.19778823852539062,0.033427342772483826
visformer_small,pit_b_224,permuted_weight,56,ILSVRC2012_val_00041080.JPEG,True,2.741680383682251,-0.03236677125096321,-0.032247260212898254,0.5152994990348816,0.5159704685211182,0.0929861068725586,0.07595568895339966
visformer_small,pit_b_224,permuted_weight,57,ILSVRC2012_val_00041241.JPEG,True,2.9073922634124756,0.013744478113949299,0.013821577653288841,0.5022587180137634,0.5024779438972473,0.20371437072753906,0.032470256090164185
visformer_small,pit_b_224,consensus_topk,56,ILSVRC2012_val_00041080.JPEG,True,1.6094379425048828,-0.06480322033166885,-0.06405684351921082,0.5146019458770752,0.5143494606018066,0.05199766159057617,0.0627029538154602
visformer_small,pit_b_224,consensus_topk,57,ILSVRC2012_val_00041241.JPEG,True,1.6094379425048828,0.009546812623739243,0.009532161056995392,0.5010562539100647,0.5013220310211182,0.18986129760742188,0.03680333495140076
visformer_small,pit_b_224,uniform,58,ILSVRC2012_val_00041354.JPEG,True,2.995732069015503,0.08465704321861267,0.08632048964500427,0.5331965088844299,0.5347111225128174,1.4088220596313477,1.2673213481903076
visformer_small,pit_b_224,uniform,59,ILSVRC2012_val_00041406.JPEG,True,2.995732069015503,0.027323279529809952,0.02654838003218174,0.5040324926376343,0.5043911933898926,1.1638708114624023,0.7933662533760071
visformer_small,pit_b_224,phase_weighted,58,ILSVRC2012_val_00041354.JPEG,True,2.8176259994506836,0.08254102617502213,0.08402469754219055,0.5331965088844299,0.5333094000816345,1.2221145629882812,1.0958982706069946
visformer_small,pit_b_224,phase_weighted,59,ILSVRC2012_val_00041406.JPEG,True,2.8602640628814697,0.02711130864918232,0.026202615350484848,0.5048230290412903,0.5046702027320862,1.1357460021972656,0.7534044981002808
visformer_small,pit_b_224,flip_weighted,58,ILSVRC2012_val_00041354.JPEG,True,2.863032341003418,0.08216337859630585,0.08380436897277832,0.533601701259613,0.5350233912467957,1.360567569732666,1.1752040386199951
visformer_small,pit_b_224,flip_weighted,59,ILSVRC2012_val_00041406.JPEG,True,2.9156651496887207,0.024517826735973358,0.023715130984783173,0.5040125250816345,0.5043314099311829,1.319054126739502,0.9184615015983582
visformer_small,pit_b_224,consensus_weighted,58,ILSVRC2012_val_00041354.JPEG,True,2.8830676078796387,0.08410988748073578,0.08562051504850388,0.5336415767669678,0.5344520807266235,1.3340072631835938,1.1809167861938477
visformer_small,pit_b_224,consensus_weighted,59,ILSVRC2012_val_00041406.JPEG,True,2.914743423461914,0.025256730616092682,0.024459868669509888,0.5042583346366882,0.504092276096344,1.2397689819335938,0.8560085892677307
visformer_small,pit_b_224,shuffled_semantic_weighted,58,ILSVRC2012_val_00041354.JPEG,True,2.929831027984619,0.08302373439073563,0.08460009098052979,0.5335485935211182,0.5341730713844299,1.3849167823791504,1.2094175815582275
visformer_small,pit_b_224,shuffled_semantic_weighted,59,ILSVRC2012_val_00041406.JPEG,True,2.8961570262908936,0.02387820929288864,0.022751688957214355,0.5053544640541077,0.5053013563156128,1.2647805213928223,0.8992332816123962
visformer_small,pit_b_224,permuted_weight,58,ILSVRC2012_val_00041354.JPEG,True,2.8830671310424805,0.07876390218734741,0.08029899001121521,0.5320538282394409,0.5331167578697205,1.3796186447143555,1.203253149986267
visformer_small,pit_b_224,permuted_weight,59,ILSVRC2012_val_00041406.JPEG,True,2.914743423461914,0.02692810632288456,0.02629283256828785,0.5024713277816772,0.5028499960899353,0.9345169067382812,0.6174936294555664
visformer_small,pit_b_224,consensus_topk,58,ILSVRC2012_val_00041354.JPEG,True,1.6094379425048828,0.07263035327196121,0.07356886565685272,0.5271776914596558,0.5276759266853333,0.9454774856567383,0.7707072496414185
visformer_small,pit_b_224,consensus_topk,59,ILSVRC2012_val_00041406.JPEG,True,1.6094379425048828,0.01348819863051176,0.012346955947577953,0.5053611397743225,0.5045905113220215,0.734919548034668,0.4298396110534668
visformer_small,pit_b_224,uniform,60,ILSVRC2012_val_00041468.JPEG,True,2.995732069015503,0.004355204291641712,0.0057347677648067474,0.49994686245918274,0.4998007118701935,-0.08760929107666016,-0.04542967677116394
visformer_small,pit_b_224,uniform,61,ILSVRC2012_val_00041474.JPEG,True,2.995732069015503,0.015195413492619991,0.01475074328482151,0.5121439099311829,0.5129876136779785,0.34367847442626953,0.3048827648162842
visformer_small,pit_b_224,phase_weighted,60,ILSVRC2012_val_00041468.JPEG,True,2.8340320587158203,0.0013757069827988744,0.0022763432934880257,0.49816644191741943,0.4984653890132904,-0.08254814147949219,-0.047119662165641785
visformer_small,pit_b_224,phase_weighted,61,ILSVRC2012_val_00041474.JPEG,True,2.8617630004882812,0.008079906925559044,0.007746002171188593,0.5114463567733765,0.5118649005889893,0.42115306854248047,0.3484058678150177
visformer_small,pit_b_224,flip_weighted,60,ILSVRC2012_val_00041468.JPEG,True,2.875842809677124,0.003665644908323884,0.004588862881064415,0.4984986186027527,0.49878427386283875,-0.05490398406982422,-0.03832376003265381
visformer_small,pit_b_224,flip_weighted,61,ILSVRC2012_val_00041474.JPEG,True,2.90450119972229,0.010058475658297539,0.009593123570084572,0.5121040344238281,0.5125425457954407,0.34989452362060547,0.3036687970161438
visformer_small,pit_b_224,consensus_weighted,60,ILSVRC2012_val_00041468.JPEG,True,2.807159900665283,0.0016639906680211425,0.002423419151455164,0.4977080821990967,0.4984986186027527,-0.07311534881591797,-0.04490192234516144
visformer_small,pit_b_224,consensus_weighted,61,ILSVRC2012_val_00041474.JPEG,True,2.765721321105957,0.004865441471338272,0.0045588961802423,0.5113865733146667,0.510928213596344,0.3350553512573242,0.2876324951648712
visformer_small,pit_b_224,shuffled_semantic_weighted,60,ILSVRC2012_val_00041468.JPEG,True,2.854501724243164,0.003974970895797014,0.004867348819971085,0.49980735778808594,0.5000730752944946,-0.07375907897949219,-0.04799772799015045
visformer_small,pit_b_224,shuffled_semantic_weighted,61,ILSVRC2012_val_00041474.JPEG,True,2.901125907897949,0.010935552418231964,0.010543540120124817,0.5120044350624084,0.5127418041229248,0.3460569381713867,0.3157890737056732
visformer_small,pit_b_224,permuted_weight,60,ILSVRC2012_val_00041468.JPEG,True,2.8071603775024414,0.007113347761332989,0.008775091730058193,0.49982061982154846,0.5005514025688171,-0.09471416473388672,-0.04221232235431671
visformer_small,pit_b_224,permuted_weight,61,ILSVRC2012_val_00041474.JPEG,True,2.765721082687378,0.015481331385672092,0.015444589778780937,0.512675404548645,0.5128613710403442,0.30812549591064453,0.33369573950767517
visformer_small,pit_b_224,consensus_topk,60,ILSVRC2012_val_00041468.JPEG,True,1.6094379425048828,0.004066326655447483,0.005035273730754852,0.4996545612812042,0.4996013939380646,-0.039872169494628906,-0.03945329785346985
visformer_small,pit_b_224,consensus_topk,61,ILSVRC2012_val_00041474.JPEG,True,1.6094379425048828,0.0006754999049007893,0.0004021013155579567,0.510370135307312,0.5099051594734192,0.10417842864990234,0.13817515969276428
visformer_small,pit_b_224,uniform,62,ILSVRC2012_val_00041483.JPEG,True,2.995732069015503,-0.003565720748156309,-0.003149917349219322,0.5036538243293762,0.5038597583770752,0.21233463287353516,0.08671578764915466
visformer_small,pit_b_224,uniform,63,ILSVRC2012_val_00041486.JPEG,True,2.995732069015503,-0.003999202512204647,-0.004279067274183035,0.5059191584587097,0.5066698789596558,-0.06736946105957031,0.0068590641021728516
visformer_small,pit_b_224,phase_weighted,62,ILSVRC2012_val_00041483.JPEG,True,2.874159812927246,-0.0009804731234908104,-0.0006052739918231964,0.5025244355201721,0.5024646520614624,0.2025127410888672,0.08427111804485321
visformer_small,pit_b_224,phase_weighted,63,ILSVRC2012_val_00041486.JPEG,True,2.833437919616699,-0.0046162353828549385,-0.004820069298148155,0.5048429369926453,0.5060520172119141,-0.08625411987304688,-0.0016188770532608032
visformer_small,pit_b_224,flip_weighted,62,ILSVRC2012_val_00041483.JPEG,True,2.8860552310943604,-0.008519372902810574,-0.008118020370602608,0.5022587180137634,0.5025709271430969,0.1668071746826172,0.0828108936548233
visformer_small,pit_b_224,flip_weighted,63,ILSVRC2012_val_00041486.JPEG,True,2.86908221244812,-0.004836587235331535,-0.005044849123805761,0.5050821304321289,0.5059856176376343,-0.09998512268066406,0.000342637300491333
visformer_small,pit_b_224,consensus_weighted,62,ILSVRC2012_val_00041483.JPEG,True,2.8898725509643555,-0.00509767048060894,-0.004783917218446732,0.5024845600128174,0.502557635307312,0.14893531799316406,0.0649232417345047
visformer_small,pit_b_224,consensus_weighted,63,ILSVRC2012_val_00041486.JPEG,True,2.8280911445617676,-0.004982888698577881,-0.005180480424314737,0.5052680969238281,0.5058659911155701,-0.09129142761230469,-0.0030496716499328613
visformer_small,pit_b_224,shuffled_semantic_weighted,62,ILSVRC2012_val_00041483.JPEG,True,2.8602051734924316,-0.00937084760516882,-0.009062577039003372,0.5019465088844299,0.5022454261779785,0.24577713012695312,0.0895884782075882
visformer_small,pit_b_224,shuffled_semantic_weighted,63,ILSVRC2012_val_00041486.JPEG,True,2.8567922115325928,-0.004457689356058836,-0.00485457805916667,0.5053744316101074,0.5058925747871399,-0.061199188232421875,0.002632424235343933
visformer_small,pit_b_224,permuted_weight,62,ILSVRC2012_val_00041483.JPEG,True,2.8898723125457764,-0.0012641146313399076,-0.0009662378579378128,0.5036604404449463,0.503700315952301,0.21173763275146484,0.09114465117454529
visformer_small,pit_b_224,permuted_weight,63,ILSVRC2012_val_00041486.JPEG,True,2.8280911445617676,-0.005623365752398968,-0.006125087384134531,0.5066897869110107,0.5069887042045593,-0.08619499206542969,0.007449626922607422
visformer_small,pit_b_224,consensus_topk,62,ILSVRC2012_val_00041483.JPEG,True,1.6094379425048828,-0.004204129800200462,-0.00403810478746891,0.5025776028633118,0.502909779548645,0.22889137268066406,0.10042466223239899
visformer_small,pit_b_224,consensus_topk,63,ILSVRC2012_val_00041486.JPEG,True,1.6094379425048828,0.0021138954907655716,0.002004177775233984,0.4677468538284302,0.5041919350624084,-0.07241439819335938,-0.0018984973430633545
