source_model,target_model,semantic_kind,sample_index,image_name,view_quality_spearman,semantic_topk_view_cosine,uniform_view_cosine,topk_minus_uniform_view_cosine
pit_b_224,vit_base_patch16_224,phase,0,ILSVRC2012_val_00037758.JPEG,0.11428573727607727,0.005163717549294233,0.0019500189227983356,0.003213698510080576
pit_b_224,vit_base_patch16_224,phase,1,ILSVRC2012_val_00037916.JPEG,-0.1293233036994934,-0.007975141517817974,-0.007627047598361969,-0.0003480939194560051
pit_b_224,vit_base_patch16_224,flip,0,ILSVRC2012_val_00037758.JPEG,-0.34436091780662537,-0.002944038948044181,0.0019500189227983356,-0.004894057754427195
pit_b_224,vit_base_patch16_224,flip,1,ILSVRC2012_val_00037916.JPEG,-0.48721805214881897,-0.010163368657231331,-0.007627047598361969,-0.002536321058869362
pit_b_224,vit_base_patch16_224,consensus,0,ILSVRC2012_val_00037758.JPEG,-0.13533835113048553,0.003493776312097907,0.0019500189227983356,0.0015437573892995715
pit_b_224,vit_base_patch16_224,consensus,1,ILSVRC2012_val_00037916.JPEG,-0.5729323625564575,-0.010163368657231331,-0.007627047598361969,-0.002536321058869362
pit_b_224,vit_base_patch16_224,shuffled_semantic,0,ILSVRC2012_val_00037758.JPEG,-0.2541353404521942,-0.005546275060623884,0.0019500189227983356,-0.007496294099837542
pit_b_224,vit_base_patch16_224,shuffled_semantic,1,ILSVRC2012_val_00037916.JPEG,-0.2165413498878479,-0.010546605102717876,-0.007627047598361969,-0.0029195575043559074
pit_b_224,vit_base_patch16_224,phase,2,ILSVRC2012_val_00037926.JPEG,-0.31127822399139404,0.0016431462718173862,0.005023138597607613,-0.0033799922093749046
pit_b_224,vit_base_patch16_224,phase,3,ILSVRC2012_val_00037929.JPEG,0.21503761410713196,0.0006837123073637486,-0.0013506150571629405,0.002034327480942011
pit_b_224,vit_base_patch16_224,flip,2,ILSVRC2012_val_00037926.JPEG,-0.13984963297843933,0.0054166363552212715,0.005023138597607613,0.0003934977576136589
pit_b_224,vit_base_patch16_224,flip,3,ILSVRC2012_val_00037929.JPEG,0.07969923317432404,-0.0009581660851836205,-0.0013506150571629405,0.00039244897197932005
pit_b_224,vit_base_patch16_224,consensus,2,ILSVRC2012_val_00037926.JPEG,-0.13684210181236267,0.007031537592411041,0.005023138597607613,0.0020083989948034286
pit_b_224,vit_base_patch16_224,consensus,3,ILSVRC2012_val_00037929.JPEG,0.11729323118925095,-0.003196496982127428,-0.0013506150571629405,-0.0018458819249644876
pit_b_224,vit_base_patch16_224,shuffled_semantic,2,ILSVRC2012_val_00037926.JPEG,-0.433082640171051,0.00125155970454216,0.005023138597607613,-0.0037715788930654526
pit_b_224,vit_base_patch16_224,shuffled_semantic,3,ILSVRC2012_val_00037929.JPEG,0.2436090111732483,-0.0023002312518656254,-0.0013506150571629405,-0.0009496161947026849
pit_b_224,vit_base_patch16_224,phase,4,ILSVRC2012_val_00038033.JPEG,-0.08120299130678177,-0.0024573737755417824,-0.0006697318167425692,-0.001787642017006874
pit_b_224,vit_base_patch16_224,phase,5,ILSVRC2012_val_00038096.JPEG,-0.21353381872177124,0.004350938834249973,0.0051413956098258495,-0.0007904567755758762
pit_b_224,vit_base_patch16_224,flip,4,ILSVRC2012_val_00038033.JPEG,0.18947367370128632,0.004634904209524393,-0.0006697318167425692,0.005304635968059301
pit_b_224,vit_base_patch16_224,flip,5,ILSVRC2012_val_00038096.JPEG,-0.2676691710948944,0.003517247037962079,0.0051413956098258495,-0.0016241485718637705
pit_b_224,vit_base_patch16_224,consensus,4,ILSVRC2012_val_00038033.JPEG,-0.019548866897821426,-0.0024573737755417824,-0.0006697318167425692,-0.001787642017006874
pit_b_224,vit_base_patch16_224,consensus,5,ILSVRC2012_val_00038096.JPEG,-0.3353383541107178,0.0022439456079155207,0.0051413956098258495,-0.002897450001910329
pit_b_224,vit_base_patch16_224,shuffled_semantic,4,ILSVRC2012_val_00038033.JPEG,-0.039097756147384644,-0.004648234695196152,-0.0006697318167425692,-0.0039785029366612434
pit_b_224,vit_base_patch16_224,shuffled_semantic,5,ILSVRC2012_val_00038096.JPEG,0.21954888105392456,0.004300485830754042,0.0051413956098258495,-0.0008409097790718079
pit_b_224,vit_base_patch16_224,phase,6,ILSVRC2012_val_00038110.JPEG,0.6436090469360352,0.0061593386344611645,0.0018037414411082864,0.0043555973097682
pit_b_224,vit_base_patch16_224,phase,7,ILSVRC2012_val_00038142.JPEG,-0.2030075192451477,0.0028750100173056126,0.00254480610601604,0.0003302039112895727
pit_b_224,vit_base_patch16_224,flip,6,ILSVRC2012_val_00038110.JPEG,-0.02706769108772278,0.0014188739005476236,0.0018037414411082864,-0.00038486754056066275
pit_b_224,vit_base_patch16_224,flip,7,ILSVRC2012_val_00038142.JPEG,-0.39398497343063354,0.0009287790744565427,0.00254480610601604,-0.0016160269733518362
pit_b_224,vit_base_patch16_224,consensus,6,ILSVRC2012_val_00038110.JPEG,0.3819548785686493,0.004456307273358107,0.0018037414411082864,0.002652565948665142
pit_b_224,vit_base_patch16_224,consensus,7,ILSVRC2012_val_00038142.JPEG,-0.36090224981307983,-6.924187619006261e-05,0.00254480610601604,-0.0026140480767935514
pit_b_224,vit_base_patch16_224,shuffled_semantic,6,ILSVRC2012_val_00038110.JPEG,-0.07969927042722702,0.0006803308497183025,0.0018037414411082864,-0.0011234106495976448
pit_b_224,vit_base_patch16_224,shuffled_semantic,7,ILSVRC2012_val_00038142.JPEG,0.26466166973114014,0.003911169711500406,0.00254480610601604,0.0013663636054843664
pit_b_224,vit_base_patch16_224,phase,8,ILSVRC2012_val_00038157.JPEG,0.08120301365852356,0.004329000599682331,0.0009525081259198487,0.0033764925319701433
pit_b_224,vit_base_patch16_224,phase,9,ILSVRC2012_val_00038221.JPEG,0.3699248135089874,0.0023981279227882624,0.0003113250422757119,0.00208680285140872
pit_b_224,vit_base_patch16_224,flip,8,ILSVRC2012_val_00038157.JPEG,0.28721803426742554,0.005651063285768032,0.0009525081259198487,0.004698554985225201
pit_b_224,vit_base_patch16_224,flip,9,ILSVRC2012_val_00038221.JPEG,-0.0691729187965393,-0.0030549843795597553,0.0003113250422757119,-0.0033663094509392977
pit_b_224,vit_base_patch16_224,consensus,8,ILSVRC2012_val_00038157.JPEG,0.27819550037384033,0.005650803912431002,0.0009525081259198487,0.00469829561188817
pit_b_224,vit_base_patch16_224,consensus,9,ILSVRC2012_val_00038221.JPEG,0.2992481291294098,0.001972864381968975,0.0003113250422757119,0.0016615393105894327
pit_b_224,vit_base_patch16_224,shuffled_semantic,8,ILSVRC2012_val_00038157.JPEG,0.1428571194410324,-8.716005686437711e-05,0.0009525081259198487,-0.0010396682191640139
pit_b_224,vit_base_patch16_224,shuffled_semantic,9,ILSVRC2012_val_00038221.JPEG,0.11729323863983154,0.002365198452025652,0.0003113250422757119,0.0020538733806461096
pit_b_224,vit_base_patch16_224,phase,10,ILSVRC2012_val_00038236.JPEG,-0.18345864117145538,0.0009964933851733804,7.053324952721596e-05,0.0009259601356461644
pit_b_224,vit_base_patch16_224,phase,11,ILSVRC2012_val_00038251.JPEG,0.08872178941965103,0.007758659310638905,0.004697867669165134,0.00306079164147377
pit_b_224,vit_base_patch16_224,flip,10,ILSVRC2012_val_00038236.JPEG,-0.14436089992523193,0.0005748658441007137,7.053324952721596e-05,0.0005043325945734978
pit_b_224,vit_base_patch16_224,flip,11,ILSVRC2012_val_00038251.JPEG,-0.2902255654335022,0.0038484036922454834,0.004697867669165134,-0.000849463976919651
pit_b_224,vit_base_patch16_224,consensus,10,ILSVRC2012_val_00038236.JPEG,-0.2541353106498718,0.0009964933851733804,7.053324952721596e-05,0.0009259601356461644
pit_b_224,vit_base_patch16_224,consensus,11,ILSVRC2012_val_00038251.JPEG,0.012030050158500671,0.00520261749625206,0.004697867669165134,0.0005047498270869255
pit_b_224,vit_base_patch16_224,shuffled_semantic,10,ILSVRC2012_val_00038236.JPEG,0.33834588527679443,0.0003226698318030685,7.053324952721596e-05,0.00025213658227585256
pit_b_224,vit_base_patch16_224,shuffled_semantic,11,ILSVRC2012_val_00038251.JPEG,-0.5323308110237122,0.001593434251844883,0.004697867669165134,-0.0031044334173202515
pit_b_224,vit_base_patch16_224,phase,12,ILSVRC2012_val_00038413.JPEG,0.62556391954422,0.03495892137289047,0.01953744702041149,0.015421474352478981
pit_b_224,vit_base_patch16_224,phase,13,ILSVRC2012_val_00038427.JPEG,-0.012030050158500671,3.6399812870513415e-06,0.0023199990391731262,-0.0023163589648902416
pit_b_224,vit_base_patch16_224,flip,12,ILSVRC2012_val_00038413.JPEG,-0.13082708418369293,0.01716163195669651,0.01953744702041149,-0.002375815063714981
pit_b_224,vit_base_patch16_224,flip,13,ILSVRC2012_val_00038427.JPEG,-0.28421056270599365,0.0008595629478804767,0.0023199990391731262,-0.0014604360330849886
pit_b_224,vit_base_patch16_224,consensus,12,ILSVRC2012_val_00038413.JPEG,0.38496243953704834,0.03196977823972702,0.01953744702041149,0.012432331219315529
pit_b_224,vit_base_patch16_224,consensus,13,ILSVRC2012_val_00038427.JPEG,-0.2631579041481018,-0.001280599390156567,0.0023199990391731262,-0.0036005983129143715
pit_b_224,vit_base_patch16_224,shuffled_semantic,12,ILSVRC2012_val_00038413.JPEG,-0.4992481470108032,0.002506727585569024,0.01953744702041149,-0.01703071966767311
pit_b_224,vit_base_patch16_224,shuffled_semantic,13,ILSVRC2012_val_00038427.JPEG,-0.06616540253162384,0.001982278423383832,0.0023199990391731262,-0.00033772061578929424
pit_b_224,vit_base_patch16_224,phase,14,ILSVRC2012_val_00038546.JPEG,0.34285715222358704,0.011262593790888786,0.006196272559463978,0.0050663212314248085
pit_b_224,vit_base_patch16_224,phase,15,ILSVRC2012_val_00038597.JPEG,0.29323309659957886,-0.002293484518304467,-0.002496693516150117,0.00020320899784564972
pit_b_224,vit_base_patch16_224,flip,14,ILSVRC2012_val_00038546.JPEG,0.1744360774755478,0.007838926278054714,0.006196272559463978,0.0016426537185907364
pit_b_224,vit_base_patch16_224,flip,15,ILSVRC2012_val_00038597.JPEG,0.16240599751472473,-0.0029418407939374447,-0.002496693516150117,-0.00044514727778732777
pit_b_224,vit_base_patch16_224,consensus,14,ILSVRC2012_val_00038546.JPEG,0.28872179985046387,0.009621958248317242,0.006196272559463978,0.003425685688853264
pit_b_224,vit_base_patch16_224,consensus,15,ILSVRC2012_val_00038597.JPEG,0.3353383541107178,-0.0020136781968176365,-0.002496693516150117,0.00048301531933248043
pit_b_224,vit_base_patch16_224,shuffled_semantic,14,ILSVRC2012_val_00038546.JPEG,0.2872180640697479,0.00853604357689619,0.006196272559463978,0.002339771017432213
pit_b_224,vit_base_patch16_224,shuffled_semantic,15,ILSVRC2012_val_00038597.JPEG,0.05714288353919983,-0.0017071071779355407,-0.002496693516150117,0.0007895863382145762
pit_b_224,vit_base_patch16_224,phase,16,ILSVRC2012_val_00038607.JPEG,0.7834587097167969,0.016330501064658165,0.010466220788657665,0.0058642802760005
pit_b_224,vit_base_patch16_224,phase,17,ILSVRC2012_val_00038678.JPEG,0.10676690936088562,0.010959592647850513,0.006867119576781988,0.004092473071068525
pit_b_224,vit_base_patch16_224,flip,16,ILSVRC2012_val_00038607.JPEG,0.6947368383407593,0.01631147228181362,0.010466220788657665,0.005845251493155956
pit_b_224,vit_base_patch16_224,flip,17,ILSVRC2012_val_00038678.JPEG,-0.037593990564346313,0.007641293108463287,0.006867119576781988,0.0007741735316812992
pit_b_224,vit_base_patch16_224,consensus,16,ILSVRC2012_val_00038607.JPEG,0.7428571581840515,0.016330501064658165,0.010466220788657665,0.0058642802760005
pit_b_224,vit_base_patch16_224,consensus,17,ILSVRC2012_val_00038678.JPEG,0.051127806305885315,0.00776561489328742,0.006867119576781988,0.0008984953165054321
pit_b_224,vit_base_patch16_224,shuffled_semantic,16,ILSVRC2012_val_00038607.JPEG,-0.36240601539611816,0.007844975218176842,0.010466220788657665,-0.0026212455704808235
pit_b_224,vit_base_patch16_224,shuffled_semantic,17,ILSVRC2012_val_00038678.JPEG,0.24511279165744781,0.006611214485019445,0.006867119576781988,-0.0002559050917625427
pit_b_224,vit_base_patch16_224,phase,18,ILSVRC2012_val_00038705.JPEG,0.024060145020484924,-0.015450558625161648,-0.014393729157745838,-0.0010568294674158096
pit_b_224,vit_base_patch16_224,phase,19,ILSVRC2012_val_00038708.JPEG,0.04962407797574997,0.007553111296147108,0.007988072000443935,-0.0004349607042968273
pit_b_224,vit_base_patch16_224,flip,18,ILSVRC2012_val_00038705.JPEG,0.47669175267219543,-0.012341978028416634,-0.014393729157745838,0.0020517511293292046
pit_b_224,vit_base_patch16_224,flip,19,ILSVRC2012_val_00038708.JPEG,0.5308270454406738,0.01414821483194828,0.007988072000443935,0.006160142831504345
pit_b_224,vit_base_patch16_224,consensus,18,ILSVRC2012_val_00038705.JPEG,0.3548872172832489,-0.013999724760651588,-0.014393729157745838,0.0003940043970942497
pit_b_224,vit_base_patch16_224,consensus,19,ILSVRC2012_val_00038708.JPEG,0.26015037298202515,0.01726830005645752,0.007988072000443935,0.009280228056013584
pit_b_224,vit_base_patch16_224,shuffled_semantic,18,ILSVRC2012_val_00038705.JPEG,-0.20902258157730103,-0.013656667433679104,-0.014393729157745838,0.0007370617240667343
pit_b_224,vit_base_patch16_224,shuffled_semantic,19,ILSVRC2012_val_00038708.JPEG,0.033082716166973114,0.006391183938831091,0.007988072000443935,-0.0015968880616128445
pit_b_224,vit_base_patch16_224,phase,20,ILSVRC2012_val_00038743.JPEG,0.06616540253162384,0.01010863296687603,0.009181725792586803,0.0009269071742892265
pit_b_224,vit_base_patch16_224,phase,21,ILSVRC2012_val_00038986.JPEG,-0.05112781375646591,-0.00393588375300169,0.0020963388960808516,-0.006032222881913185
pit_b_224,vit_base_patch16_224,flip,20,ILSVRC2012_val_00038743.JPEG,0.22255641222000122,0.009387316182255745,0.009181725792586803,0.0002055903896689415
pit_b_224,vit_base_patch16_224,flip,21,ILSVRC2012_val_00038986.JPEG,-0.006015025079250336,0.003829390974715352,0.0020963388960808516,0.0017330520786345005
pit_b_224,vit_base_patch16_224,consensus,20,ILSVRC2012_val_00038743.JPEG,0.10827067494392395,0.011252439580857754,0.009181725792586803,0.0020707137882709503
pit_b_224,vit_base_patch16_224,consensus,21,ILSVRC2012_val_00038986.JPEG,-0.07218047231435776,-0.001177373924292624,0.0020963388960808516,-0.0032737129367887974
pit_b_224,vit_base_patch16_224,shuffled_semantic,20,ILSVRC2012_val_00038743.JPEG,0.14436087012290955,0.013346031308174133,0.009181725792586803,0.00416430551558733
pit_b_224,vit_base_patch16_224,shuffled_semantic,21,ILSVRC2012_val_00038986.JPEG,-0.16842104494571686,-0.005181251093745232,0.0020963388960808516,-0.007277590222656727
pit_b_224,vit_base_patch16_224,phase,22,ILSVRC2012_val_00039085.JPEG,-0.07218044996261597,0.035666998475790024,0.033248141407966614,0.00241885706782341
pit_b_224,vit_base_patch16_224,phase,23,ILSVRC2012_val_00039106.JPEG,0.15488722920417786,0.005439389497041702,0.0025879419408738613,0.002851447556167841
pit_b_224,vit_base_patch16_224,flip,22,ILSVRC2012_val_00039085.JPEG,0.2571428418159485,0.03368613123893738,0.033248141407966614,0.00043798983097076416
pit_b_224,vit_base_patch16_224,flip,23,ILSVRC2012_val_00039106.JPEG,-0.037593990564346313,0.0019163625547662377,0.0025879419408738613,-0.0006715793861076236
pit_b_224,vit_base_patch16_224,consensus,22,ILSVRC2012_val_00039085.JPEG,-0.06766918301582336,0.03204108402132988,0.033248141407966614,-0.001207057386636734
pit_b_224,vit_base_patch16_224,consensus,23,ILSVRC2012_val_00039106.JPEG,0.027067676186561584,0.0017376814503222704,0.0025879419408738613,-0.0008502604905515909
pit_b_224,vit_base_patch16_224,shuffled_semantic,22,ILSVRC2012_val_00039085.JPEG,-0.24661654233932495,0.032722797244787216,0.033248141407966614,-0.0005253441631793976
pit_b_224,vit_base_patch16_224,shuffled_semantic,23,ILSVRC2012_val_00039106.JPEG,-0.4285714328289032,-0.0012245101388543844,0.0025879419408738613,-0.0038124520797282457
pit_b_224,vit_base_patch16_224,phase,24,ILSVRC2012_val_00039130.JPEG,0.6030075550079346,0.0026406929828226566,0.0008542650612071157,0.001786427921615541
pit_b_224,vit_base_patch16_224,phase,25,ILSVRC2012_val_00039253.JPEG,-0.02556392177939415,0.0017870230367407203,0.0007886021630838513,0.000998420873656869
pit_b_224,vit_base_patch16_224,flip,24,ILSVRC2012_val_00039130.JPEG,0.12631580233573914,0.001580804237164557,0.0008542650612071157,0.0007265391759574413
pit_b_224,vit_base_patch16_224,flip,25,ILSVRC2012_val_00039253.JPEG,0.3218045234680176,0.0026885992847383022,0.0007886021630838513,0.001899997121654451
pit_b_224,vit_base_patch16_224,consensus,24,ILSVRC2012_val_00039130.JPEG,0.5097744464874268,0.004606194794178009,0.0008542650612071157,0.003751929849386215
pit_b_224,vit_base_patch16_224,consensus,25,ILSVRC2012_val_00039253.JPEG,0.0781954824924469,0.0017286647344008088,0.0007886021630838513,0.0009400625713169575
pit_b_224,vit_base_patch16_224,shuffled_semantic,24,ILSVRC2012_val_00039130.JPEG,0.26466166973114014,0.0025814909022301435,0.0008542650612071157,0.001727225841023028
pit_b_224,vit_base_patch16_224,shuffled_semantic,25,ILSVRC2012_val_00039253.JPEG,-0.1293233036994934,0.0018085491610690951,0.0007886021630838513,0.0010199469979852438
pit_b_224,vit_base_patch16_224,phase,26,ILSVRC2012_val_00039290.JPEG,0.5488722324371338,0.00903779175132513,0.006567526143044233,0.002470265608280897
pit_b_224,vit_base_patch16_224,phase,27,ILSVRC2012_val_00039421.JPEG,-0.11879700422286987,-9.685475561127532e-06,0.00021847717289347202,-0.00022816265118308365
pit_b_224,vit_base_patch16_224,flip,26,ILSVRC2012_val_00039290.JPEG,0.43157896399497986,0.007464899215847254,0.006567526143044233,0.0008973730728030205
pit_b_224,vit_base_patch16_224,flip,27,ILSVRC2012_val_00039421.JPEG,-0.3323308229446411,-0.0021646753884851933,0.00021847717289347202,-0.002383152488619089
pit_b_224,vit_base_patch16_224,consensus,26,ILSVRC2012_val_00039290.JPEG,0.4932330846786499,0.008921531029045582,0.006567526143044233,0.0023540048860013485
pit_b_224,vit_base_patch16_224,consensus,27,ILSVRC2012_val_00039421.JPEG,-0.20601505041122437,-9.685475561127532e-06,0.00021847717289347202,-0.00022816265118308365
pit_b_224,vit_base_patch16_224,shuffled_semantic,26,ILSVRC2012_val_00039290.JPEG,-0.20451125502586365,0.0051326025277376175,0.006567526143044233,-0.0014349236153066158
pit_b_224,vit_base_patch16_224,shuffled_semantic,27,ILSVRC2012_val_00039421.JPEG,-0.26616543531417847,-0.002999325981363654,0.00021847717289347202,-0.00321780308149755
pit_b_224,vit_base_patch16_224,phase,28,ILSVRC2012_val_00039426.JPEG,0.3969925045967102,0.0032536410726606846,0.0004914593300782144,0.0027621816843748093
pit_b_224,vit_base_patch16_224,phase,29,ILSVRC2012_val_00039464.JPEG,-0.22255638241767883,-0.0019745584577322006,0.00025162959354929626,-0.0022261880803853273
pit_b_224,vit_base_patch16_224,flip,28,ILSVRC2012_val_00039426.JPEG,0.48120296001434326,0.0047134715132415295,0.0004914593300782144,0.004222012124955654
pit_b_224,vit_base_patch16_224,flip,29,ILSVRC2012_val_00039464.JPEG,-0.08571428060531616,0.0014396843034774065,0.00025162959354929626,0.0011880546808242798
pit_b_224,vit_base_patch16_224,consensus,28,ILSVRC2012_val_00039426.JPEG,0.5022556185722351,0.0032536410726606846,0.0004914593300782144,0.0027621816843748093
pit_b_224,vit_base_patch16_224,consensus,29,ILSVRC2012_val_00039464.JPEG,-0.16240601241588593,-0.0019745584577322006,0.00025162959354929626,-0.0022261880803853273
pit_b_224,vit_base_patch16_224,shuffled_semantic,28,ILSVRC2012_val_00039426.JPEG,0.48721808195114136,0.0040970453992486,0.0004914593300782144,0.0036055860109627247
pit_b_224,vit_base_patch16_224,shuffled_semantic,29,ILSVRC2012_val_00039464.JPEG,-0.24661654233932495,0.0005227834335528314,0.00025162959354929626,0.00027115384000353515
pit_b_224,vit_base_patch16_224,phase,30,ILSVRC2012_val_00039490.JPEG,0.027067676186561584,0.0010139927035197616,0.00022260440164245665,0.0007913883309811354
pit_b_224,vit_base_patch16_224,phase,31,ILSVRC2012_val_00039737.JPEG,0.21804510056972504,5.3473377192858607e-05,0.0011476398212835193,-0.0010941664222627878
pit_b_224,vit_base_patch16_224,flip,30,ILSVRC2012_val_00039490.JPEG,0.378947377204895,0.0007515248726122081,0.00022260440164245665,0.000528920441865921
pit_b_224,vit_base_patch16_224,flip,31,ILSVRC2012_val_00039737.JPEG,0.4330826997756958,0.005479960702359676,0.0011476398212835193,0.004332320764660835
pit_b_224,vit_base_patch16_224,consensus,30,ILSVRC2012_val_00039490.JPEG,0.27969926595687866,0.0021044027525931597,0.00022260440164245665,0.0018817983800545335
pit_b_224,vit_base_patch16_224,consensus,31,ILSVRC2012_val_00039737.JPEG,0.42706766724586487,0.004348250105977058,0.0011476398212835193,0.0032006101682782173
pit_b_224,vit_base_patch16_224,shuffled_semantic,30,ILSVRC2012_val_00039490.JPEG,-0.045112792402505875,0.00075152498902753,0.00022260440164245665,0.0005289205582812428
pit_b_224,vit_base_patch16_224,shuffled_semantic,31,ILSVRC2012_val_00039737.JPEG,0.04511275887489319,0.0032586425077170134,0.0011476398212835193,0.002111002802848816
pit_b_224,vit_base_patch16_224,phase,32,ILSVRC2012_val_00039746.JPEG,0.0736842155456543,0.0036327296402305365,0.0014887864235788584,0.002143943216651678
pit_b_224,vit_base_patch16_224,phase,33,ILSVRC2012_val_00039748.JPEG,-0.4887217581272125,0.002237760927528143,0.00550615880638361,-0.003268397878855467
pit_b_224,vit_base_patch16_224,flip,32,ILSVRC2012_val_00039746.JPEG,0.17293231189250946,0.004947982262820005,0.0014887864235788584,0.003459195839241147
pit_b_224,vit_base_patch16_224,flip,33,ILSVRC2012_val_00039748.JPEG,-0.5939849615097046,-0.006532444152981043,0.00550615880638361,-0.01203860342502594
pit_b_224,vit_base_patch16_224,consensus,32,ILSVRC2012_val_00039746.JPEG,0.19548869132995605,0.005661454051733017,0.0014887864235788584,0.004172667860984802
pit_b_224,vit_base_patch16_224,consensus,33,ILSVRC2012_val_00039748.JPEG,-0.5639097690582275,-0.0007375924033112824,0.00550615880638361,-0.006243751384317875
pit_b_224,vit_base_patch16_224,shuffled_semantic,32,ILSVRC2012_val_00039746.JPEG,-0.1203007698059082,-0.0006691999733448029,0.0014887864235788584,-0.0021579863969236612
pit_b_224,vit_base_patch16_224,shuffled_semantic,33,ILSVRC2012_val_00039748.JPEG,0.09624060243368149,0.005321289878338575,0.00550615880638361,-0.0001848689280450344
pit_b_224,vit_base_patch16_224,phase,34,ILSVRC2012_val_00039815.JPEG,0.16390979290008545,-0.0014470349997282028,-0.00133563915733248,-0.00011139584239572287
pit_b_224,vit_base_patch16_224,phase,35,ILSVRC2012_val_00039842.JPEG,0.3684210777282715,0.0029995793011039495,0.0006371121271513402,0.0023624671157449484
pit_b_224,vit_base_patch16_224,flip,34,ILSVRC2012_val_00039815.JPEG,0.04661653935909271,-0.0018441136926412582,-0.00133563915733248,-0.0005084745353087783
pit_b_224,vit_base_patch16_224,flip,35,ILSVRC2012_val_00039842.JPEG,-0.2165413349866867,-0.0006288113072514534,0.0006371121271513402,-0.0012659234926104546
pit_b_224,vit_base_patch16_224,consensus,34,ILSVRC2012_val_00039815.JPEG,0.24511277675628662,-0.00036350497975945473,-0.00133563915733248,0.0009721341775730252
pit_b_224,vit_base_patch16_224,consensus,35,ILSVRC2012_val_00039842.JPEG,0.10676693171262741,0.0011527454480528831,0.0006371121271513402,0.0005156333209015429
pit_b_224,vit_base_patch16_224,shuffled_semantic,34,ILSVRC2012_val_00039815.JPEG,0.1939849555492401,-0.001989225624129176,-0.00133563915733248,-0.0006535864667966962
pit_b_224,vit_base_patch16_224,shuffled_semantic,35,ILSVRC2012_val_00039842.JPEG,-0.19248120486736298,-0.0008651965181343257,0.0006371121271513402,-0.001502308645285666
pit_b_224,vit_base_patch16_224,phase,36,ILSVRC2012_val_00039892.JPEG,-0.1473684310913086,-0.0005393507308326662,-0.0008648211369290948,0.00032547040609642863
pit_b_224,vit_base_patch16_224,phase,37,ILSVRC2012_val_00039939.JPEG,0.031578950583934784,0.0033941976726055145,0.0029008439742028713,0.0004933536984026432
pit_b_224,vit_base_patch16_224,flip,36,ILSVRC2012_val_00039892.JPEG,0.02406017854809761,-0.0008825857075862586,-0.0008648211369290948,-1.776457065716386e-05
pit_b_224,vit_base_patch16_224,flip,37,ILSVRC2012_val_00039939.JPEG,0.11729325354099274,0.0031409182120114565,0.0029008439742028713,0.00024007423780858517
pit_b_224,vit_base_patch16_224,consensus,36,ILSVRC2012_val_00039892.JPEG,-0.133834570646286,-0.0005393507308326662,-0.0008648211369290948,0.00032547040609642863
pit_b_224,vit_base_patch16_224,consensus,37,ILSVRC2012_val_00039939.JPEG,-0.03308270871639252,0.0031123277731239796,0.0029008439742028713,0.00021148379892110825
pit_b_224,vit_base_patch16_224,shuffled_semantic,36,ILSVRC2012_val_00039892.JPEG,-0.018045123666524887,-0.0010893812868744135,-0.0008648211369290948,-0.0002245601499453187
pit_b_224,vit_base_patch16_224,shuffled_semantic,37,ILSVRC2012_val_00039939.JPEG,-0.02706766128540039,0.003978086169809103,0.0029008439742028713,0.0010772421956062317
pit_b_224,vit_base_patch16_224,phase,38,ILSVRC2012_val_00040016.JPEG,-0.518796980381012,-0.004945214372128248,-0.0011024967534467578,-0.0038427175022661686
pit_b_224,vit_base_patch16_224,phase,39,ILSVRC2012_val_00040140.JPEG,-0.024060145020484924,-9.516263526165858e-05,-0.0010145007399842143,0.0009193380828946829
pit_b_224,vit_base_patch16_224,flip,38,ILSVRC2012_val_00040016.JPEG,-0.24962405860424042,-0.0006386438617482781,-0.0011024967534467578,0.00046385289169847965
pit_b_224,vit_base_patch16_224,flip,39,ILSVRC2012_val_00040140.JPEG,-0.018045097589492798,-0.0005235305288806558,-0.0010145007399842143,0.0004909702111035585
pit_b_224,vit_base_patch16_224,consensus,38,ILSVRC2012_val_00040016.JPEG,-0.4962405860424042,-0.004945214372128248,-0.0011024967534467578,-0.0038427175022661686
pit_b_224,vit_base_patch16_224,consensus,39,ILSVRC2012_val_00040140.JPEG,-0.016541361808776855,-0.000523530354257673,-0.0010145007399842143,0.0004909703857265413
pit_b_224,vit_base_patch16_224,shuffled_semantic,38,ILSVRC2012_val_00040016.JPEG,0.28872179985046387,-0.0013168510049581528,-0.0011024967534467578,-0.00021435425151139498
pit_b_224,vit_base_patch16_224,shuffled_semantic,39,ILSVRC2012_val_00040140.JPEG,-0.15187968313694,-0.0012013342930004,-0.0010145007399842143,-0.00018683355301618576
pit_b_224,vit_base_patch16_224,phase,40,ILSVRC2012_val_00040221.JPEG,0.15939852595329285,0.009771575219929218,0.007660387549549341,0.002111187670379877
pit_b_224,vit_base_patch16_224,phase,41,ILSVRC2012_val_00040291.JPEG,0.1248120442032814,0.005572745110839605,0.004534771200269461,0.0010379739105701447
pit_b_224,vit_base_patch16_224,flip,40,ILSVRC2012_val_00040221.JPEG,0.1518796980381012,0.006896284408867359,0.007660387549549341,-0.000764103140681982
pit_b_224,vit_base_patch16_224,flip,41,ILSVRC2012_val_00040291.JPEG,0.19097745418548584,0.004216782283037901,0.004534771200269461,-0.00031798891723155975
pit_b_224,vit_base_patch16_224,consensus,40,ILSVRC2012_val_00040221.JPEG,0.2255638986825943,0.009771575219929218,0.007660387549549341,0.002111187670379877
pit_b_224,vit_base_patch16_224,consensus,41,ILSVRC2012_val_00040291.JPEG,0.19248121976852417,0.006907287985086441,0.004534771200269461,0.0023725167848169804
pit_b_224,vit_base_patch16_224,shuffled_semantic,40,ILSVRC2012_val_00040221.JPEG,0.138345867395401,0.009998655878007412,0.007660387549549341,0.0023382683284580708
pit_b_224,vit_base_patch16_224,shuffled_semantic,41,ILSVRC2012_val_00040291.JPEG,-0.19699248671531677,0.002388325985521078,0.004534771200269461,-0.0021464452147483826
pit_b_224,vit_base_patch16_224,phase,42,ILSVRC2012_val_00040345.JPEG,-0.2842105031013489,0.004463047720491886,0.005077735520899296,-0.0006146878004074097
pit_b_224,vit_base_patch16_224,phase,43,ILSVRC2012_val_00040407.JPEG,0.12180450558662415,0.0036315571051090956,0.001883598044514656,0.0017479590605944395
pit_b_224,vit_base_patch16_224,flip,42,ILSVRC2012_val_00040345.JPEG,-0.10526315867900848,0.004096911754459143,0.005077735520899296,-0.0009808237664401531
pit_b_224,vit_base_patch16_224,flip,43,ILSVRC2012_val_00040407.JPEG,0.04661652445793152,0.002659459365531802,0.001883598044514656,0.0007758613210171461
pit_b_224,vit_base_patch16_224,consensus,42,ILSVRC2012_val_00040345.JPEG,-0.32030075788497925,0.003653276478871703,0.005077735520899296,-0.0014244590420275927
pit_b_224,vit_base_patch16_224,consensus,43,ILSVRC2012_val_00040407.JPEG,0.09774434566497803,0.004220953676849604,0.001883598044514656,0.0023373556323349476
pit_b_224,vit_base_patch16_224,shuffled_semantic,42,ILSVRC2012_val_00040345.JPEG,-0.00150376558303833,0.005884123034775257,0.005077735520899296,0.0008063875138759613
pit_b_224,vit_base_patch16_224,shuffled_semantic,43,ILSVRC2012_val_00040407.JPEG,-0.18345865607261658,0.0018374879145994782,0.001883598044514656,-4.611012991517782e-05
pit_b_224,vit_base_patch16_224,phase,44,ILSVRC2012_val_00040452.JPEG,0.08120302110910416,0.016528237611055374,0.016889287158846855,-0.000361049547791481
pit_b_224,vit_base_patch16_224,phase,45,ILSVRC2012_val_00040457.JPEG,0.11578948050737381,0.029346687719225883,0.02781095914542675,0.0015357285737991333
pit_b_224,vit_base_patch16_224,flip,44,ILSVRC2012_val_00040452.JPEG,-0.0827067643404007,0.020665137097239494,0.016889287158846855,0.003775849938392639
pit_b_224,vit_base_patch16_224,flip,45,ILSVRC2012_val_00040457.JPEG,-0.21353384852409363,0.02504131756722927,0.02781095914542675,-0.0027696415781974792
pit_b_224,vit_base_patch16_224,consensus,44,ILSVRC2012_val_00040452.JPEG,0.11879698932170868,0.018379567191004753,0.016889287158846855,0.001490280032157898
pit_b_224,vit_base_patch16_224,consensus,45,ILSVRC2012_val_00040457.JPEG,0.07669171690940857,0.029346687719225883,0.02781095914542675,0.0015357285737991333
pit_b_224,vit_base_patch16_224,shuffled_semantic,44,ILSVRC2012_val_00040452.JPEG,0.1744360625743866,0.017492102459073067,0.016889287158846855,0.0006028153002262115
pit_b_224,vit_base_patch16_224,shuffled_semantic,45,ILSVRC2012_val_00040457.JPEG,-0.3263157904148102,0.02527019754052162,0.02781095914542675,-0.0025407616049051285
pit_b_224,vit_base_patch16_224,phase,46,ILSVRC2012_val_00040494.JPEG,0.40300750732421875,0.004494332708418369,0.0007387124351225793,0.003755620215088129
pit_b_224,vit_base_patch16_224,phase,47,ILSVRC2012_val_00040541.JPEG,-0.07067669928073883,0.003046892350539565,0.001864447258412838,0.001182445092126727
pit_b_224,vit_base_patch16_224,flip,46,ILSVRC2012_val_00040494.JPEG,0.013533815741539001,0.0014864134136587381,0.0007387124351225793,0.0007477009785361588
pit_b_224,vit_base_patch16_224,flip,47,ILSVRC2012_val_00040541.JPEG,0.4436090290546417,0.00441183103248477,0.001864447258412838,0.002547383774071932
pit_b_224,vit_base_patch16_224,consensus,46,ILSVRC2012_val_00040494.JPEG,0.2796992361545563,0.003104773350059986,0.0007387124351225793,0.002366060856729746
pit_b_224,vit_base_patch16_224,consensus,47,ILSVRC2012_val_00040541.JPEG,0.11428570747375488,0.00226701982319355,0.001864447258412838,0.00040257256478071213
pit_b_224,vit_base_patch16_224,shuffled_semantic,46,ILSVRC2012_val_00040494.JPEG,-0.18646615743637085,0.0015082446625456214,0.0007387124351225793,0.0007695322274230421
pit_b_224,vit_base_patch16_224,shuffled_semantic,47,ILSVRC2012_val_00040541.JPEG,-0.04060150310397148,0.002710954053327441,0.001864447258412838,0.0008465067949146032
pit_b_224,vit_base_patch16_224,phase,48,ILSVRC2012_val_00040601.JPEG,-0.00902257114648819,-0.004487419966608286,-0.00198846566490829,-0.002498954301699996
pit_b_224,vit_base_patch16_224,phase,49,ILSVRC2012_val_00040634.JPEG,0.25563910603523254,0.0014394618337973952,-0.0022372605744749308,0.003676722291857004
pit_b_224,vit_base_patch16_224,flip,48,ILSVRC2012_val_00040601.JPEG,-0.21052630245685577,-0.002449651947245002,-0.00198846566490829,-0.0004611862823367119
pit_b_224,vit_base_patch16_224,flip,49,ILSVRC2012_val_00040634.JPEG,-0.0691729485988617,-0.006190824788063765,-0.0022372605744749308,-0.00395356398075819
pit_b_224,vit_base_patch16_224,consensus,48,ILSVRC2012_val_00040601.JPEG,-0.03759398311376572,0.0011451124446466565,-0.00198846566490829,0.0031335782259702682
pit_b_224,vit_base_patch16_224,consensus,49,ILSVRC2012_val_00040634.JPEG,0.13984963297843933,0.0014394618337973952,-0.0022372605744749308,0.003676722291857004
pit_b_224,vit_base_patch16_224,shuffled_semantic,48,ILSVRC2012_val_00040601.JPEG,-0.08421052247285843,-0.003328930586576462,-0.00198846566490829,-0.0013404649216681719
pit_b_224,vit_base_patch16_224,shuffled_semantic,49,ILSVRC2012_val_00040634.JPEG,-0.15338349342346191,-0.004906048532575369,-0.0022372605744749308,-0.002668787958100438
pit_b_224,vit_base_patch16_224,phase,50,ILSVRC2012_val_00040798.JPEG,0.1714285910129547,0.004209685139358044,0.001983522204682231,0.0022261629346758127
pit_b_224,vit_base_patch16_224,phase,51,ILSVRC2012_val_00040930.JPEG,0.11127819120883942,-0.0028421320021152496,-0.001401584013365209,-0.0014405479887500405
pit_b_224,vit_base_patch16_224,flip,50,ILSVRC2012_val_00040798.JPEG,0.05563909187912941,0.0022729083430022,0.001983522204682231,0.0002893861383199692
pit_b_224,vit_base_patch16_224,flip,51,ILSVRC2012_val_00040930.JPEG,0.4616541564464569,0.00026635947870090604,-0.001401584013365209,0.001667943550273776
pit_b_224,vit_base_patch16_224,consensus,50,ILSVRC2012_val_00040798.JPEG,0.09172932058572769,0.0030020633712410927,0.001983522204682231,0.0010185411665588617
pit_b_224,vit_base_patch16_224,consensus,51,ILSVRC2012_val_00040930.JPEG,0.2992480993270874,-0.0027797631919384003,-0.001401584013365209,-0.0013781791785731912
pit_b_224,vit_base_patch16_224,shuffled_semantic,50,ILSVRC2012_val_00040798.JPEG,-0.09323307871818542,0.001353033585473895,0.001983522204682231,-0.0006304886192083359
pit_b_224,vit_base_patch16_224,shuffled_semantic,51,ILSVRC2012_val_00040930.JPEG,-0.08571429550647736,-0.003064917167648673,-0.001401584013365209,-0.001663333154283464
pit_b_224,vit_base_patch16_224,phase,52,ILSVRC2012_val_00040952.JPEG,-0.4090225398540497,-0.008417308330535889,-0.007336610462516546,-0.0010806978680193424
pit_b_224,vit_base_patch16_224,phase,53,ILSVRC2012_val_00040966.JPEG,0.01804511249065399,-0.0002902683918364346,-0.0019912885036319494,0.0017010201700031757
pit_b_224,vit_base_patch16_224,flip,52,ILSVRC2012_val_00040952.JPEG,0.17293232679367065,-0.006153779570013285,-0.007336610462516546,0.0011828308925032616
pit_b_224,vit_base_patch16_224,flip,53,ILSVRC2012_val_00040966.JPEG,0.33383458852767944,0.000377974531147629,-0.0019912885036319494,0.0023692629765719175
pit_b_224,vit_base_patch16_224,consensus,52,ILSVRC2012_val_00040952.JPEG,-0.3172932267189026,-0.00662497291341424,-0.007336610462516546,0.0007116375491023064
pit_b_224,vit_base_patch16_224,consensus,53,ILSVRC2012_val_00040966.JPEG,0.31127819418907166,0.0005435306811705232,-0.0019912885036319494,0.0025348193012177944
pit_b_224,vit_base_patch16_224,shuffled_semantic,52,ILSVRC2012_val_00040952.JPEG,-0.2345864623785019,-0.007893206551671028,-0.007336610462516546,-0.0005565960891544819
pit_b_224,vit_base_patch16_224,shuffled_semantic,53,ILSVRC2012_val_00040966.JPEG,-0.5082706809043884,-0.0035575178917497396,-0.0019912885036319494,-0.0015662293881177902
pit_b_224,vit_base_patch16_224,phase,54,ILSVRC2012_val_00041010.JPEG,0.03759397938847542,0.00023532639897894114,0.000659243727568537,-0.0004239173140376806
pit_b_224,vit_base_patch16_224,phase,55,ILSVRC2012_val_00041063.JPEG,-0.25563910603523254,0.005014842841774225,0.007857867516577244,-0.0028430246748030186
pit_b_224,vit_base_patch16_224,flip,54,ILSVRC2012_val_00041010.JPEG,0.1939849704504013,0.0014243656769394875,0.000659243727568537,0.0007651219493709505
pit_b_224,vit_base_patch16_224,flip,55,ILSVRC2012_val_00041063.JPEG,0.41203010082244873,0.0110916243866086,0.007857867516577244,0.003233756870031357
pit_b_224,vit_base_patch16_224,consensus,54,ILSVRC2012_val_00041010.JPEG,0.05864664167165756,0.0014788777334615588,0.000659243727568537,0.0008196340058930218
pit_b_224,vit_base_patch16_224,consensus,55,ILSVRC2012_val_00041063.JPEG,-0.024060159921646118,0.006808408536016941,0.007857867516577244,-0.0010494589805603027
pit_b_224,vit_base_patch16_224,shuffled_semantic,54,ILSVRC2012_val_00041010.JPEG,-0.1203007698059082,0.0004474915622267872,0.000659243727568537,-0.0002117521653417498
pit_b_224,vit_base_patch16_224,shuffled_semantic,55,ILSVRC2012_val_00041063.JPEG,0.039097756147384644,0.008412790484726429,0.007857867516577244,0.0005549229681491852
pit_b_224,vit_base_patch16_224,phase,56,ILSVRC2012_val_00041080.JPEG,0.09473685175180435,0.014248206280171871,0.013368186540901661,0.0008800197392702103
pit_b_224,vit_base_patch16_224,phase,57,ILSVRC2012_val_00041241.JPEG,0.03157894313335419,-0.00017445464618504047,-0.0006308649317361414,0.00045641028555110097
pit_b_224,vit_base_patch16_224,flip,56,ILSVRC2012_val_00041080.JPEG,0.06766917556524277,0.01486239768564701,0.013368186540901661,0.0014942111447453499
pit_b_224,vit_base_patch16_224,flip,57,ILSVRC2012_val_00041241.JPEG,0.03157894313335419,-0.001871592365205288,-0.0006308649317361414,-0.0012407274916768074
pit_b_224,vit_base_patch16_224,consensus,56,ILSVRC2012_val_00041080.JPEG,0.11729324609041214,0.01168297789990902,0.013368186540901661,-0.0016852086409926414
pit_b_224,vit_base_patch16_224,consensus,57,ILSVRC2012_val_00041241.JPEG,0.030075188726186752,-0.0010664964793249965,-0.0006308649317361414,-0.00043563154758885503
pit_b_224,vit_base_patch16_224,shuffled_semantic,56,ILSVRC2012_val_00041080.JPEG,-0.0827067494392395,0.013904533348977566,0.013368186540901661,0.0005363468080759048
pit_b_224,vit_base_patch16_224,shuffled_semantic,57,ILSVRC2012_val_00041241.JPEG,0.05864660441875458,-0.0011328840628266335,-0.0006308649317361414,-0.000502019131090492
pit_b_224,vit_base_patch16_224,phase,58,ILSVRC2012_val_00041354.JPEG,0.49022555351257324,0.012469302862882614,0.009498575702309608,0.0029707271605730057
pit_b_224,vit_base_patch16_224,phase,59,ILSVRC2012_val_00041406.JPEG,-0.027067653834819794,-0.0027315188199281693,-0.003430247073993087,0.0006987282540649176
pit_b_224,vit_base_patch16_224,flip,58,ILSVRC2012_val_00041354.JPEG,0.1939849555492401,0.012838016264140606,0.009498575702309608,0.0033394405618309975
pit_b_224,vit_base_patch16_224,flip,59,ILSVRC2012_val_00041406.JPEG,-0.09924812614917755,-0.002990343142300844,-0.003430247073993087,0.0004399039316922426
pit_b_224,vit_base_patch16_224,consensus,58,ILSVRC2012_val_00041354.JPEG,0.5323308110237122,0.015802990645170212,0.009498575702309608,0.006304414942860603
pit_b_224,vit_base_patch16_224,consensus,59,ILSVRC2012_val_00041406.JPEG,-0.09924811869859695,-0.003826912259683013,-0.003430247073993087,-0.00039666518568992615
pit_b_224,vit_base_patch16_224,shuffled_semantic,58,ILSVRC2012_val_00041354.JPEG,-0.0225563645362854,0.010040064342319965,0.009498575702309608,0.0005414886400103569
pit_b_224,vit_base_patch16_224,shuffled_semantic,59,ILSVRC2012_val_00041406.JPEG,0.11729322373867035,-0.0014894114574417472,-0.003430247073993087,0.0019408356165513396
pit_b_224,vit_base_patch16_224,phase,60,ILSVRC2012_val_00041468.JPEG,0.10827066749334335,0.0021486205514520407,0.0035863500088453293,-0.0014377294573932886
pit_b_224,vit_base_patch16_224,phase,61,ILSVRC2012_val_00041474.JPEG,0.10225565731525421,-0.0007618178497068584,-0.0015250685391947627,0.0007632506894879043
pit_b_224,vit_base_patch16_224,flip,60,ILSVRC2012_val_00041468.JPEG,-0.01804511621594429,0.0053926571272313595,0.0035863500088453293,0.0018063071183860302
pit_b_224,vit_base_patch16_224,flip,61,ILSVRC2012_val_00041474.JPEG,-0.055639080703258514,-0.004897444974631071,-0.0015250685391947627,-0.0033723763190209866
pit_b_224,vit_base_patch16_224,consensus,60,ILSVRC2012_val_00041468.JPEG,0.26015037298202515,0.002420215867459774,0.0035863500088453293,-0.0011661341413855553
pit_b_224,vit_base_patch16_224,consensus,61,ILSVRC2012_val_00041474.JPEG,0.05263158679008484,-0.0027270799037069082,-0.0015250685391947627,-0.0012020113645121455
pit_b_224,vit_base_patch16_224,shuffled_semantic,60,ILSVRC2012_val_00041468.JPEG,-0.24060150980949402,0.0014423966640606523,0.0035863500088453293,-0.002143953461199999
pit_b_224,vit_base_patch16_224,shuffled_semantic,61,ILSVRC2012_val_00041474.JPEG,0.12180452048778534,-0.0011457017390057445,-0.0015250685391947627,0.00037936680018901825
pit_b_224,vit_base_patch16_224,phase,62,ILSVRC2012_val_00041483.JPEG,-0.1849624216556549,0.001754219876602292,0.0021547048818320036,-0.00040048500522971153
pit_b_224,vit_base_patch16_224,phase,63,ILSVRC2012_val_00041486.JPEG,-0.007518801838159561,0.015382937155663967,0.017996668815612793,-0.002613731659948826
pit_b_224,vit_base_patch16_224,flip,62,ILSVRC2012_val_00041483.JPEG,-0.012030068784952164,0.001604050281457603,0.0021547048818320036,-0.0005506546003744006
pit_b_224,vit_base_patch16_224,flip,63,ILSVRC2012_val_00041486.JPEG,-0.21503761410713196,0.013265459798276424,0.017996668815612793,-0.0047312090173363686
pit_b_224,vit_base_patch16_224,consensus,62,ILSVRC2012_val_00041483.JPEG,-0.29774436354637146,0.0007935439352877438,0.0021547048818320036,-0.0013611610047519207
pit_b_224,vit_base_patch16_224,consensus,63,ILSVRC2012_val_00041486.JPEG,-0.07067669183015823,0.01680367812514305,0.017996668815612793,-0.0011929906904697418
pit_b_224,vit_base_patch16_224,shuffled_semantic,62,ILSVRC2012_val_00041483.JPEG,0.23308271169662476,0.0035532990004867315,0.0021547048818320036,0.001398594118654728
pit_b_224,vit_base_patch16_224,shuffled_semantic,63,ILSVRC2012_val_00041486.JPEG,-0.07669173181056976,0.014519554562866688,0.017996668815612793,-0.003477114252746105
pit_b_224,cait_s24_224,phase,0,ILSVRC2012_val_00037758.JPEG,0.14887216687202454,0.00291734142228961,-0.00012217294715810567,0.0030395144131034613
pit_b_224,cait_s24_224,phase,1,ILSVRC2012_val_00037916.JPEG,-0.02706766128540039,0.0007448294200003147,0.0033411048352718353,-0.0025962754152715206
pit_b_224,cait_s24_224,flip,0,ILSVRC2012_val_00037758.JPEG,0.11729322373867035,0.0028264187276363373,-0.00012217294715810567,0.0029485917184501886
pit_b_224,cait_s24_224,flip,1,ILSVRC2012_val_00037916.JPEG,0.006015054881572723,0.0022674936335533857,0.0033411048352718353,-0.0010736112017184496
pit_b_224,cait_s24_224,consensus,0,ILSVRC2012_val_00037758.JPEG,0.09624059498310089,0.0010226205922663212,-0.00012217294715810567,0.0011447935830801725
pit_b_224,cait_s24_224,consensus,1,ILSVRC2012_val_00037916.JPEG,0.0030075013637542725,0.0022674936335533857,0.0033411048352718353,-0.0010736112017184496
pit_b_224,cait_s24_224,shuffled_semantic,0,ILSVRC2012_val_00037758.JPEG,0.05112782493233681,-0.0009918137220665812,-0.00012217294715810567,-0.0008696407894603908
pit_b_224,cait_s24_224,shuffled_semantic,1,ILSVRC2012_val_00037916.JPEG,-0.22857144474983215,0.002058581914752722,0.0033411048352718353,-0.0012825229205191135
pit_b_224,cait_s24_224,phase,2,ILSVRC2012_val_00037926.JPEG,0.02556389942765236,0.0015397638780996203,0.0030427395831793547,-0.0015029757050797343
pit_b_224,cait_s24_224,phase,3,ILSVRC2012_val_00037929.JPEG,0.22406014800071716,0.0008998033008538187,0.002376917051151395,-0.0014771136920899153
pit_b_224,cait_s24_224,flip,2,ILSVRC2012_val_00037926.JPEG,0.15488719940185547,0.0017563231522217393,0.0030427395831793547,-0.0012864164309576154
pit_b_224,cait_s24_224,flip,3,ILSVRC2012_val_00037929.JPEG,-0.04962407052516937,0.0074584828689694405,0.002376917051151395,0.005081566050648689
pit_b_224,cait_s24_224,consensus,2,ILSVRC2012_val_00037926.JPEG,0.12781955301761627,0.004261057358235121,0.0030427395831793547,0.001218317775055766
pit_b_224,cait_s24_224,consensus,3,ILSVRC2012_val_00037929.JPEG,-0.08872178196907043,-0.002858261112123728,0.002376917051151395,-0.005235178396105766
pit_b_224,cait_s24_224,shuffled_semantic,2,ILSVRC2012_val_00037926.JPEG,0.0736842155456543,0.0017449762672185898,0.0030427395831793547,-0.0012977633159607649
pit_b_224,cait_s24_224,shuffled_semantic,3,ILSVRC2012_val_00037929.JPEG,0.3924812078475952,0.004146771039813757,0.002376917051151395,0.001769853988662362
pit_b_224,cait_s24_224,phase,4,ILSVRC2012_val_00038033.JPEG,-0.1248120442032814,0.011762412264943123,0.012150413356721401,-0.00038800109177827835
pit_b_224,cait_s24_224,phase,5,ILSVRC2012_val_00038096.JPEG,0.3037593960762024,-0.002390065463259816,0.00025808755890466273,-0.0026481531094759703
pit_b_224,cait_s24_224,flip,4,ILSVRC2012_val_00038033.JPEG,0.21804511547088623,0.017110848799347878,0.012150413356721401,0.004960435442626476
pit_b_224,cait_s24_224,flip,5,ILSVRC2012_val_00038096.JPEG,0.45864659547805786,0.007027787622064352,0.00025808755890466273,0.006769699975848198
pit_b_224,cait_s24_224,consensus,4,ILSVRC2012_val_00038033.JPEG,0.08571428805589676,0.011762412264943123,0.012150413356721401,-0.00038800109177827835
pit_b_224,cait_s24_224,consensus,5,ILSVRC2012_val_00038096.JPEG,0.5428571701049805,0.006491511594504118,0.00025808755890466273,0.006233423948287964
pit_b_224,cait_s24_224,shuffled_semantic,4,ILSVRC2012_val_00038033.JPEG,-0.16691729426383972,0.0068748714402318,0.012150413356721401,-0.005275541916489601
pit_b_224,cait_s24_224,shuffled_semantic,5,ILSVRC2012_val_00038096.JPEG,0.02406013384461403,0.006347016431391239,0.00025808755890466273,0.006088928785175085
pit_b_224,cait_s24_224,phase,6,ILSVRC2012_val_00038110.JPEG,-0.22857144474983215,-0.00031802133889868855,0.0016181174432858825,-0.001936138840392232
pit_b_224,cait_s24_224,phase,7,ILSVRC2012_val_00038142.JPEG,0.23759399354457855,0.003655828535556793,0.0025982812512665987,0.0010575472842901945
pit_b_224,cait_s24_224,flip,6,ILSVRC2012_val_00038110.JPEG,-0.27969926595687866,0.00025725160958245397,0.0016181174432858825,-0.0013608657754957676
pit_b_224,cait_s24_224,flip,7,ILSVRC2012_val_00038142.JPEG,0.2992481291294098,0.0015723726246505976,0.0025982812512665987,-0.0010259086266160011
pit_b_224,cait_s24_224,consensus,6,ILSVRC2012_val_00038110.JPEG,-0.2947368323802948,-0.0003560550685506314,0.0016181174432858825,-0.0019741724245250225
pit_b_224,cait_s24_224,consensus,7,ILSVRC2012_val_00038142.JPEG,0.34436091780662537,0.00233431882224977,0.0025982812512665987,-0.00026396242901682854
pit_b_224,cait_s24_224,shuffled_semantic,6,ILSVRC2012_val_00038110.JPEG,0.3503759205341339,0.0017779335612431169,0.0016181174432858825,0.00015981611795723438
pit_b_224,cait_s24_224,shuffled_semantic,7,ILSVRC2012_val_00038142.JPEG,0.1894736886024475,0.006886336486786604,0.0025982812512665987,0.004288055002689362
pit_b_224,cait_s24_224,phase,8,ILSVRC2012_val_00038157.JPEG,0.0736842229962349,0.008563818410038948,0.0038646140601485968,0.004699204117059708
pit_b_224,cait_s24_224,phase,9,ILSVRC2012_val_00038221.JPEG,0.018045097589492798,0.0011379944626241922,-0.0022027248051017523,0.0033407192677259445
pit_b_224,cait_s24_224,flip,8,ILSVRC2012_val_00038157.JPEG,-0.12781956791877747,0.005100713111460209,0.0038646140601485968,0.0012360990513116121
pit_b_224,cait_s24_224,flip,9,ILSVRC2012_val_00038221.JPEG,0.022556379437446594,-0.0013143460964784026,-0.0022027248051017523,0.0008883787086233497
pit_b_224,cait_s24_224,consensus,8,ILSVRC2012_val_00038157.JPEG,-0.09323308616876602,0.00362975150346756,0.0038646140601485968,-0.00023486255668103695
pit_b_224,cait_s24_224,consensus,9,ILSVRC2012_val_00038221.JPEG,0.18195487558841705,0.0032565451692789793,-0.0022027248051017523,0.005459269974380732
pit_b_224,cait_s24_224,shuffled_semantic,8,ILSVRC2012_val_00038157.JPEG,0.15789473056793213,0.003434015903621912,0.0038646140601485968,-0.00043059815652668476
pit_b_224,cait_s24_224,shuffled_semantic,9,ILSVRC2012_val_00038221.JPEG,0.15338346362113953,-0.002286561531946063,-0.0022027248051017523,-8.383672684431076e-05
pit_b_224,cait_s24_224,phase,10,ILSVRC2012_val_00038236.JPEG,0.015037588775157928,0.00228561251424253,0.0013951726723462343,0.0008904398418962955
pit_b_224,cait_s24_224,phase,11,ILSVRC2012_val_00038251.JPEG,-0.024060167372226715,0.01119691040366888,0.008166459389030933,0.003030451014637947
pit_b_224,cait_s24_224,flip,10,ILSVRC2012_val_00038236.JPEG,0.1563909500837326,0.003001991892233491,0.0013951726723462343,0.0016068192198872566
pit_b_224,cait_s24_224,flip,11,ILSVRC2012_val_00038251.JPEG,0.2075187861919403,0.011745176278054714,0.008166459389030933,0.003578716889023781
pit_b_224,cait_s24_224,consensus,10,ILSVRC2012_val_00038236.JPEG,0.15338346362113953,0.00228561251424253,0.0013951726723462343,0.0008904398418962955
pit_b_224,cait_s24_224,consensus,11,ILSVRC2012_val_00038251.JPEG,0.43157896399497986,0.012923985719680786,0.008166459389030933,0.004757526330649853
pit_b_224,cait_s24_224,shuffled_semantic,10,ILSVRC2012_val_00038236.JPEG,0.30225566029548645,0.0038165622390806675,0.0013951726723462343,0.002421389566734433
pit_b_224,cait_s24_224,shuffled_semantic,11,ILSVRC2012_val_00038251.JPEG,0.0691729187965393,0.006904535926878452,0.008166459389030933,-0.001261923462152481
pit_b_224,cait_s24_224,phase,12,ILSVRC2012_val_00038413.JPEG,-0.1383458822965622,0.0028967461548745632,0.0024826631415635347,0.0004140830133110285
pit_b_224,cait_s24_224,phase,13,ILSVRC2012_val_00038427.JPEG,0.02556389570236206,-0.005419685505330563,-0.0016262111021205783,-0.0037934742867946625
pit_b_224,cait_s24_224,flip,12,ILSVRC2012_val_00038413.JPEG,0.07218045741319656,0.00140586297493428,0.0024826631415635347,-0.0010768001666292548
pit_b_224,cait_s24_224,flip,13,ILSVRC2012_val_00038427.JPEG,0.3187969923019409,-0.00010111077426699921,-0.0016262111021205783,0.0015251003205776215
pit_b_224,cait_s24_224,consensus,12,ILSVRC2012_val_00038413.JPEG,-0.05112782120704651,0.0004479024501051754,0.0024826631415635347,-0.0020347607787698507
pit_b_224,cait_s24_224,consensus,13,ILSVRC2012_val_00038427.JPEG,0.3278195261955261,-0.00032999549875967205,-0.0016262111021205783,0.0012962155742570758
pit_b_224,cait_s24_224,shuffled_semantic,12,ILSVRC2012_val_00038413.JPEG,-0.14135336875915527,-0.0014797867042943835,0.0024826631415635347,-0.0039624497294425964
pit_b_224,cait_s24_224,shuffled_semantic,13,ILSVRC2012_val_00038427.JPEG,0.11278196424245834,-0.0024719899520277977,-0.0016262111021205783,-0.0008457788499072194
pit_b_224,cait_s24_224,phase,14,ILSVRC2012_val_00038546.JPEG,0.5067669153213501,0.040018342435359955,0.03399824723601341,0.006020095199346542
pit_b_224,cait_s24_224,phase,15,ILSVRC2012_val_00038597.JPEG,0.22857144474983215,0.0019852928817272186,-9.302226681029424e-05,0.002078315243124962
pit_b_224,cait_s24_224,flip,14,ILSVRC2012_val_00038546.JPEG,0.34436091780662537,0.03583742305636406,0.03399824723601341,0.001839175820350647
pit_b_224,cait_s24_224,flip,15,ILSVRC2012_val_00038597.JPEG,0.17593985795974731,0.0018765717977657914,-9.302226681029424e-05,0.001969594042748213
pit_b_224,cait_s24_224,consensus,14,ILSVRC2012_val_00038546.JPEG,0.44962406158447266,0.040194571018218994,0.03399824723601341,0.006196323782205582
pit_b_224,cait_s24_224,consensus,15,ILSVRC2012_val_00038597.JPEG,0.272180438041687,0.005166629794985056,-9.302226681029424e-05,0.005259652156382799
pit_b_224,cait_s24_224,shuffled_semantic,14,ILSVRC2012_val_00038546.JPEG,0.42706769704818726,0.03520680218935013,0.03399824723601341,0.0012085549533367157
pit_b_224,cait_s24_224,shuffled_semantic,15,ILSVRC2012_val_00038597.JPEG,-0.024060159921646118,-0.002705554012209177,-9.302226681029424e-05,-0.002612531650811434
pit_b_224,cait_s24_224,phase,16,ILSVRC2012_val_00038607.JPEG,-0.26015037298202515,-0.009057530201971531,-0.003738105297088623,-0.005319424904882908
pit_b_224,cait_s24_224,phase,17,ILSVRC2012_val_00038678.JPEG,0.20451131463050842,-9.254868928110227e-05,-0.001459384453482926,0.0013668357860296965
pit_b_224,cait_s24_224,flip,16,ILSVRC2012_val_00038607.JPEG,-0.1834586262702942,-0.006943786982446909,-0.003738105297088623,-0.003205681685358286
pit_b_224,cait_s24_224,flip,17,ILSVRC2012_val_00038678.JPEG,0.32030072808265686,0.00208362378180027,-0.001459384453482926,0.003543008118867874
pit_b_224,cait_s24_224,consensus,16,ILSVRC2012_val_00038607.JPEG,-0.19398492574691772,-0.009057531133294106,-0.003738105297088623,-0.0053194258362054825
pit_b_224,cait_s24_224,consensus,17,ILSVRC2012_val_00038678.JPEG,0.3082706928253174,0.0017636306583881378,-0.001459384453482926,0.003223014995455742
pit_b_224,cait_s24_224,shuffled_semantic,16,ILSVRC2012_val_00038607.JPEG,0.11127819865942001,-0.0022036104928702116,-0.003738105297088623,0.0015344948042184114
pit_b_224,cait_s24_224,shuffled_semantic,17,ILSVRC2012_val_00038678.JPEG,0.1714285910129547,0.0007977467030286789,-0.001459384453482926,0.002257131040096283
pit_b_224,cait_s24_224,phase,18,ILSVRC2012_val_00038705.JPEG,0.04661654680967331,0.008983222767710686,0.01041251141577959,-0.0014292886480689049
pit_b_224,cait_s24_224,phase,19,ILSVRC2012_val_00038708.JPEG,0.23609024286270142,0.034885987639427185,0.030653679743409157,0.004232307896018028
pit_b_224,cait_s24_224,flip,18,ILSVRC2012_val_00038705.JPEG,-0.14436088502407074,0.008644613437354565,0.01041251141577959,-0.001767897978425026
pit_b_224,cait_s24_224,flip,19,ILSVRC2012_val_00038708.JPEG,-0.37593984603881836,0.021756315603852272,0.030653679743409157,-0.008897364139556885
pit_b_224,cait_s24_224,consensus,18,ILSVRC2012_val_00038705.JPEG,-0.17293232679367065,0.005603843834251165,0.01041251141577959,-0.004808667581528425
pit_b_224,cait_s24_224,consensus,19,ILSVRC2012_val_00038708.JPEG,0.15037594735622406,0.03589432314038277,0.030653679743409157,0.00524064339697361
pit_b_224,cait_s24_224,shuffled_semantic,18,ILSVRC2012_val_00038705.JPEG,-0.20150375366210938,0.0060529038310050964,0.01041251141577959,-0.004359607584774494
pit_b_224,cait_s24_224,shuffled_semantic,19,ILSVRC2012_val_00038708.JPEG,0.055639103055000305,0.03043690137565136,0.030653679743409157,-0.00021677836775779724
pit_b_224,cait_s24_224,phase,20,ILSVRC2012_val_00038743.JPEG,0.2300751805305481,0.0017566554015502334,0.0034544398076832294,-0.001697784406132996
pit_b_224,cait_s24_224,phase,21,ILSVRC2012_val_00038986.JPEG,-0.028571441769599915,-0.0025406142231076956,-0.0032642618753015995,0.0007236476521939039
pit_b_224,cait_s24_224,flip,20,ILSVRC2012_val_00038743.JPEG,0.5503759384155273,0.010656279511749744,0.0034544398076832294,0.007201839704066515
pit_b_224,cait_s24_224,flip,21,ILSVRC2012_val_00038986.JPEG,-0.1518796980381012,-0.004014755133539438,-0.0032642618753015995,-0.0007504932582378387
pit_b_224,cait_s24_224,consensus,20,ILSVRC2012_val_00038743.JPEG,0.43909773230552673,0.009030229412019253,0.0034544398076832294,0.005575789604336023
pit_b_224,cait_s24_224,consensus,21,ILSVRC2012_val_00038986.JPEG,-0.0872180312871933,-0.00793421734124422,-0.0032642618753015995,-0.004669955465942621
pit_b_224,cait_s24_224,shuffled_semantic,20,ILSVRC2012_val_00038743.JPEG,0.6345864534378052,0.009189480915665627,0.0034544398076832294,0.005735041107982397
pit_b_224,cait_s24_224,shuffled_semantic,21,ILSVRC2012_val_00038986.JPEG,-0.2436089962720871,-0.005518373101949692,-0.0032642618753015995,-0.0022541112266480923
pit_b_224,cait_s24_224,phase,22,ILSVRC2012_val_00039085.JPEG,-0.8421052694320679,-0.005278988275676966,0.0039257630705833435,-0.009204750880599022
pit_b_224,cait_s24_224,phase,23,ILSVRC2012_val_00039106.JPEG,0.19699248671531677,0.006706628482788801,0.003973808139562607,0.0027328203432261944
pit_b_224,cait_s24_224,flip,22,ILSVRC2012_val_00039085.JPEG,0.2992481291294098,0.008119514212012291,0.0039257630705833435,0.0041937511414289474
pit_b_224,cait_s24_224,flip,23,ILSVRC2012_val_00039106.JPEG,0.4015038013458252,0.007578202523291111,0.003973808139562607,0.003604394383728504
pit_b_224,cait_s24_224,consensus,22,ILSVRC2012_val_00039085.JPEG,-0.8481203317642212,-0.007635831832885742,0.0039257630705833435,-0.011561594903469086
pit_b_224,cait_s24_224,consensus,23,ILSVRC2012_val_00039106.JPEG,0.3097744286060333,0.0043800328858196735,0.003973808139562607,0.0004062247462570667
pit_b_224,cait_s24_224,shuffled_semantic,22,ILSVRC2012_val_00039085.JPEG,-0.6255638599395752,-0.004942409228533506,0.0039257630705833435,-0.008868172764778137
pit_b_224,cait_s24_224,shuffled_semantic,23,ILSVRC2012_val_00039106.JPEG,0.054135315120220184,0.0013209739699959755,0.003973808139562607,-0.0026528341695666313
pit_b_224,cait_s24_224,phase,24,ILSVRC2012_val_00039130.JPEG,-0.31578946113586426,-0.0026608137413859367,-0.0013026666129007936,-0.0013581471284851432
pit_b_224,cait_s24_224,phase,25,ILSVRC2012_val_00039253.JPEG,-0.0872180312871933,0.0045628794468939304,0.004478899296373129,8.398015052080154e-05
pit_b_224,cait_s24_224,flip,24,ILSVRC2012_val_00039130.JPEG,-0.2812029719352722,-0.0019299008417874575,-0.0013026666129007936,-0.0006272342288866639
pit_b_224,cait_s24_224,flip,25,ILSVRC2012_val_00039253.JPEG,-0.0736842006444931,0.014107509516179562,0.004478899296373129,0.00962861068546772
pit_b_224,cait_s24_224,consensus,24,ILSVRC2012_val_00039130.JPEG,-0.4135338068008423,-0.002886601258069277,-0.0013026666129007936,-0.0015839346451684833
pit_b_224,cait_s24_224,consensus,25,ILSVRC2012_val_00039253.JPEG,0.004511289298534393,0.01380719244480133,0.004478899296373129,0.009328292682766914
pit_b_224,cait_s24_224,shuffled_semantic,24,ILSVRC2012_val_00039130.JPEG,0.32481205463409424,0.00040398520650342107,-0.0013026666129007936,0.0017066518776118755
pit_b_224,cait_s24_224,shuffled_semantic,25,ILSVRC2012_val_00039253.JPEG,0.16390977799892426,0.006684442050755024,0.004478899296373129,0.002205542754381895
pit_b_224,cait_s24_224,phase,26,ILSVRC2012_val_00039290.JPEG,0.08571426570415497,0.0052895271219313145,0.005818150006234646,-0.0005286228843033314
pit_b_224,cait_s24_224,phase,27,ILSVRC2012_val_00039421.JPEG,0.42255640029907227,0.00026661864831112325,-0.0006344864377751946,0.0009011051151901484
pit_b_224,cait_s24_224,flip,26,ILSVRC2012_val_00039290.JPEG,0.04060151055455208,0.005302860867232084,0.005818150006234646,-0.0005152891390025616
pit_b_224,cait_s24_224,flip,27,ILSVRC2012_val_00039421.JPEG,0.3458646535873413,0.005005520768463612,-0.0006344864377751946,0.005640007089823484
pit_b_224,cait_s24_224,consensus,26,ILSVRC2012_val_00039290.JPEG,0.09924812614917755,0.006277259439229965,0.005818150006234646,0.00045910943299531937
pit_b_224,cait_s24_224,consensus,27,ILSVRC2012_val_00039421.JPEG,0.4646616578102112,0.0002666187647264451,-0.0006344864377751946,0.0009011052316054702
pit_b_224,cait_s24_224,shuffled_semantic,26,ILSVRC2012_val_00039290.JPEG,-0.05413533002138138,0.004815062042325735,0.005818150006234646,-0.0010030879639089108
pit_b_224,cait_s24_224,shuffled_semantic,27,ILSVRC2012_val_00039421.JPEG,-0.15338346362113953,-0.0019418541342020035,-0.0006344864377751946,-0.0013073676964268088
pit_b_224,cait_s24_224,phase,28,ILSVRC2012_val_00039426.JPEG,0.7022556066513062,0.04686892032623291,0.031165743246674538,0.015703177079558372
pit_b_224,cait_s24_224,phase,29,ILSVRC2012_val_00039464.JPEG,0.5563910007476807,0.0001988420117413625,-0.004223518073558807,0.004422360099852085
pit_b_224,cait_s24_224,flip,28,ILSVRC2012_val_00039426.JPEG,0.3172932267189026,0.033589597791433334,0.031165743246674538,0.0024238545447587967
pit_b_224,cait_s24_224,flip,29,ILSVRC2012_val_00039464.JPEG,0.3969925045967102,0.0007708857883699238,-0.004223518073558807,0.004994404036551714
pit_b_224,cait_s24_224,consensus,28,ILSVRC2012_val_00039426.JPEG,0.6105263233184814,0.04686892032623291,0.031165743246674538,0.015703177079558372
pit_b_224,cait_s24_224,consensus,29,ILSVRC2012_val_00039464.JPEG,0.5263158082962036,0.0001988420117413625,-0.004223518073558807,0.004422360099852085
pit_b_224,cait_s24_224,shuffled_semantic,28,ILSVRC2012_val_00039426.JPEG,-0.042105257511138916,0.03124321810901165,0.031165743246674538,7.747486233711243e-05
pit_b_224,cait_s24_224,shuffled_semantic,29,ILSVRC2012_val_00039464.JPEG,0.1849624216556549,-0.0007197202066890895,-0.004223518073558807,0.003503797808662057
pit_b_224,cait_s24_224,phase,30,ILSVRC2012_val_00039490.JPEG,0.10827067494392395,-0.00024374258646275848,-0.002170140389353037,0.0019263977883383632
pit_b_224,cait_s24_224,phase,31,ILSVRC2012_val_00039737.JPEG,-0.39398497343063354,-0.0022990095894783735,0.00035279421717859805,-0.002651803893968463
pit_b_224,cait_s24_224,flip,30,ILSVRC2012_val_00039490.JPEG,-0.11278195679187775,-0.006539462599903345,-0.002170140389353037,-0.004369322210550308
pit_b_224,cait_s24_224,flip,31,ILSVRC2012_val_00039737.JPEG,0.19248118996620178,0.0021705825347453356,0.00035279421717859805,0.001817788346670568
pit_b_224,cait_s24_224,consensus,30,ILSVRC2012_val_00039490.JPEG,0.13082705438137054,-0.0060995896346867085,-0.002170140389353037,-0.003929449245333672
pit_b_224,cait_s24_224,consensus,31,ILSVRC2012_val_00039737.JPEG,-0.17744360864162445,0.0010038350010290742,0.00035279421717859805,0.0006510408129543066
pit_b_224,cait_s24_224,shuffled_semantic,30,ILSVRC2012_val_00039490.JPEG,-0.17593985795974731,-0.006539462599903345,-0.002170140389353037,-0.004369322210550308
pit_b_224,cait_s24_224,shuffled_semantic,31,ILSVRC2012_val_00039737.JPEG,-0.0601503849029541,-0.00021787574223708361,0.00035279421717859805,-0.0005706699448637664
pit_b_224,cait_s24_224,phase,32,ILSVRC2012_val_00039746.JPEG,-0.21503758430480957,0.002933960407972336,0.004184674005955458,-0.0012507135979831219
pit_b_224,cait_s24_224,phase,33,ILSVRC2012_val_00039748.JPEG,-0.1563909649848938,-0.0010197453666478395,0.000953703944105655,-0.0019734492525458336
pit_b_224,cait_s24_224,flip,32,ILSVRC2012_val_00039746.JPEG,0.009022556245326996,0.0041913907043635845,0.004184674005955458,6.716698408126831e-06
pit_b_224,cait_s24_224,flip,33,ILSVRC2012_val_00039748.JPEG,-0.13984960317611694,-0.000558593194000423,0.000953703944105655,-0.0015122971963137388
pit_b_224,cait_s24_224,consensus,32,ILSVRC2012_val_00039746.JPEG,-0.04210525378584862,-0.0002491030318196863,0.004184674005955458,-0.004433777183294296
pit_b_224,cait_s24_224,consensus,33,ILSVRC2012_val_00039748.JPEG,-0.23609022796154022,-0.002995347371324897,0.000953703944105655,-0.003949051257222891
pit_b_224,cait_s24_224,shuffled_semantic,32,ILSVRC2012_val_00039746.JPEG,0.169924795627594,0.004016367252916098,0.004184674005955458,-0.00016830675303936005
pit_b_224,cait_s24_224,shuffled_semantic,33,ILSVRC2012_val_00039748.JPEG,0.1203007698059082,0.0005431178142316639,0.000953703944105655,-0.000410586129873991
pit_b_224,cait_s24_224,phase,34,ILSVRC2012_val_00039815.JPEG,0.30676692724227905,0.005813855677843094,0.0018836873350664973,0.003930168226361275
pit_b_224,cait_s24_224,phase,35,ILSVRC2012_val_00039842.JPEG,0.15037593245506287,0.00031536174356006086,-6.814077642047778e-05,0.000383502512704581
pit_b_224,cait_s24_224,flip,34,ILSVRC2012_val_00039815.JPEG,-0.10526315867900848,0.005241700913757086,0.0018836873350664973,0.0033580134622752666
pit_b_224,cait_s24_224,flip,35,ILSVRC2012_val_00039842.JPEG,-0.06616541743278503,-0.001858165836893022,-6.814077642047778e-05,-0.0017900250386446714
pit_b_224,cait_s24_224,consensus,34,ILSVRC2012_val_00039815.JPEG,0.17744359374046326,0.0032531041651964188,0.0018836873350664973,0.0013694168301299214
pit_b_224,cait_s24_224,consensus,35,ILSVRC2012_val_00039842.JPEG,0.04962407052516937,0.0015895208343863487,-6.814077642047778e-05,0.0016576616326346993
pit_b_224,cait_s24_224,shuffled_semantic,34,ILSVRC2012_val_00039815.JPEG,-0.21052631735801697,-0.002534145023673773,0.0018836873350664973,-0.004417832475155592
pit_b_224,cait_s24_224,shuffled_semantic,35,ILSVRC2012_val_00039842.JPEG,-0.07669174671173096,-0.005350164603441954,-6.814077642047778e-05,-0.005282023921608925
pit_b_224,cait_s24_224,phase,36,ILSVRC2012_val_00039892.JPEG,0.5022556781768799,0.006636016070842743,0.004259515553712845,0.002376500517129898
pit_b_224,cait_s24_224,phase,37,ILSVRC2012_val_00039939.JPEG,0.012030087411403656,-0.0006356481462717056,0.0008346259710378945,-0.0014702740591019392
pit_b_224,cait_s24_224,flip,36,ILSVRC2012_val_00039892.JPEG,0.37142857909202576,0.0060438537038862705,0.004259515553712845,0.0017843381501734257
pit_b_224,cait_s24_224,flip,37,ILSVRC2012_val_00039939.JPEG,0.3864661753177643,0.0026228572241961956,0.0008346259710378945,0.001788231311365962
pit_b_224,cait_s24_224,consensus,36,ILSVRC2012_val_00039892.JPEG,0.4240601658821106,0.0066360170021653175,0.004259515553712845,0.0023765014484524727
pit_b_224,cait_s24_224,consensus,37,ILSVRC2012_val_00039939.JPEG,0.1714285910129547,0.0010979203507304192,0.0008346259710378945,0.00026329437969252467
pit_b_224,cait_s24_224,shuffled_semantic,36,ILSVRC2012_val_00039892.JPEG,-0.29624056816101074,0.001242124824784696,0.004259515553712845,-0.003017390612512827
pit_b_224,cait_s24_224,shuffled_semantic,37,ILSVRC2012_val_00039939.JPEG,-0.1804511398077011,-0.00022997679479885846,0.0008346259710378945,-0.0010646027512848377
pit_b_224,cait_s24_224,phase,38,ILSVRC2012_val_00040016.JPEG,0.49022555351257324,0.0070546153001487255,0.0033822618424892426,0.003672353457659483
pit_b_224,cait_s24_224,phase,39,ILSVRC2012_val_00040140.JPEG,-0.23909775912761688,-0.00185729272197932,-0.0010918494081124663,-0.0007654433138668537
pit_b_224,cait_s24_224,flip,38,ILSVRC2012_val_00040016.JPEG,0.344360888004303,0.007658177521079779,0.0033822618424892426,0.004275915678590536
pit_b_224,cait_s24_224,flip,39,ILSVRC2012_val_00040140.JPEG,-0.2300751805305481,-0.0039717042818665504,-0.0010918494081124663,-0.0028798547573387623
pit_b_224,cait_s24_224,consensus,38,ILSVRC2012_val_00040016.JPEG,0.49473682045936584,0.007054614368826151,0.0033822618424892426,0.0036723525263369083
pit_b_224,cait_s24_224,consensus,39,ILSVRC2012_val_00040140.JPEG,-0.3864661455154419,-0.003971703816205263,-0.0010918494081124663,-0.002879854291677475
pit_b_224,cait_s24_224,shuffled_semantic,38,ILSVRC2012_val_00040016.JPEG,-0.3413534164428711,-0.0007953863823786378,0.0033822618424892426,-0.0041776481084525585
pit_b_224,cait_s24_224,shuffled_semantic,39,ILSVRC2012_val_00040140.JPEG,0.09323309361934662,-0.0014711642870679498,-0.0010918494081124663,-0.00037931487895548344
pit_b_224,cait_s24_224,phase,40,ILSVRC2012_val_00040221.JPEG,-0.18345865607261658,0.005491990130394697,0.006672787945717573,-0.001180797815322876
pit_b_224,cait_s24_224,phase,41,ILSVRC2012_val_00040291.JPEG,0.5022556185722351,0.0001286640763282776,-0.004077836871147156,0.004206500947475433
pit_b_224,cait_s24_224,flip,40,ILSVRC2012_val_00040221.JPEG,-0.0736841931939125,0.00765475956723094,0.006672787945717573,0.0009819716215133667
pit_b_224,cait_s24_224,flip,41,ILSVRC2012_val_00040291.JPEG,0.5203007459640503,0.00475339125841856,-0.004077836871147156,0.008831228129565716
pit_b_224,cait_s24_224,consensus,40,ILSVRC2012_val_00040221.JPEG,-0.13984960317611694,0.005491990130394697,0.006672787945717573,-0.001180797815322876
pit_b_224,cait_s24_224,consensus,41,ILSVRC2012_val_00040291.JPEG,0.5248120427131653,0.0024197068996727467,-0.004077836871147156,0.006497543770819902
pit_b_224,cait_s24_224,shuffled_semantic,40,ILSVRC2012_val_00040221.JPEG,0.10676693171262741,0.0038272023666650057,0.006672787945717573,-0.0028455855790525675
pit_b_224,cait_s24_224,shuffled_semantic,41,ILSVRC2012_val_00040291.JPEG,-0.25112783908843994,-0.007856364361941814,-0.004077836871147156,-0.0037785274907946587
pit_b_224,cait_s24_224,phase,42,ILSVRC2012_val_00040345.JPEG,-0.12180451303720474,-0.0022707462776452303,-0.0026205689646303654,0.0003498226869851351
pit_b_224,cait_s24_224,phase,43,ILSVRC2012_val_00040407.JPEG,0.36541351675987244,0.00834741722792387,0.004510512109845877,0.0038369051180779934
pit_b_224,cait_s24_224,flip,42,ILSVRC2012_val_00040345.JPEG,-0.23759399354457855,-0.006545190699398518,-0.0026205689646303654,-0.003924621734768152
pit_b_224,cait_s24_224,flip,43,ILSVRC2012_val_00040407.JPEG,0.1609022617340088,0.007802052889019251,0.004510512109845877,0.003291540779173374
pit_b_224,cait_s24_224,consensus,42,ILSVRC2012_val_00040345.JPEG,-0.21954888105392456,-0.004378854762762785,-0.0026205689646303654,-0.0017582857981324196
pit_b_224,cait_s24_224,consensus,43,ILSVRC2012_val_00040407.JPEG,0.28270673751831055,0.01000234205275774,0.004510512109845877,0.005491829942911863
pit_b_224,cait_s24_224,shuffled_semantic,42,ILSVRC2012_val_00040345.JPEG,-0.09022557735443115,-0.00024670103448443115,-0.0026205689646303654,0.0023738679010421038
pit_b_224,cait_s24_224,shuffled_semantic,43,ILSVRC2012_val_00040407.JPEG,-0.4240601360797882,0.0013884505024179816,0.004510512109845877,-0.0031220614910125732
pit_b_224,cait_s24_224,phase,44,ILSVRC2012_val_00040452.JPEG,0.045112788677215576,0.017313577234745026,0.020297160372138023,-0.0029835831373929977
pit_b_224,cait_s24_224,phase,45,ILSVRC2012_val_00040457.JPEG,-0.3278195559978485,0.030258530750870705,0.03231092169880867,-0.0020523909479379654
pit_b_224,cait_s24_224,flip,44,ILSVRC2012_val_00040452.JPEG,-0.0827067643404007,0.02211160771548748,0.020297160372138023,0.0018144473433494568
pit_b_224,cait_s24_224,flip,45,ILSVRC2012_val_00040457.JPEG,0.03308273106813431,0.0318971686065197,0.03231092169880867,-0.00041375309228897095
pit_b_224,cait_s24_224,consensus,44,ILSVRC2012_val_00040452.JPEG,-0.015037588775157928,0.021527621895074844,0.020297160372138023,0.001230461522936821
pit_b_224,cait_s24_224,consensus,45,ILSVRC2012_val_00040457.JPEG,-0.17443609237670898,0.030258530750870705,0.03231092169880867,-0.0020523909479379654
pit_b_224,cait_s24_224,shuffled_semantic,44,ILSVRC2012_val_00040452.JPEG,-0.028571419417858124,0.022762073203921318,0.020297160372138023,0.0024649128317832947
pit_b_224,cait_s24_224,shuffled_semantic,45,ILSVRC2012_val_00040457.JPEG,0.38496240973472595,0.03524274751543999,0.03231092169880867,0.002931825816631317
pit_b_224,cait_s24_224,phase,46,ILSVRC2012_val_00040494.JPEG,-0.14135339856147766,0.0028426856733858585,0.0013101639924570918,0.0015325216809287667
pit_b_224,cait_s24_224,phase,47,ILSVRC2012_val_00040541.JPEG,0.0601503849029541,0.0003049466758966446,0.001605592085979879,-0.0013006454100832343
pit_b_224,cait_s24_224,flip,46,ILSVRC2012_val_00040494.JPEG,0.4285714626312256,0.0038935840129852295,0.0013101639924570918,0.002583419904112816
pit_b_224,cait_s24_224,flip,47,ILSVRC2012_val_00040541.JPEG,-0.4796992242336273,-0.0013913424918428063,0.001605592085979879,-0.0029969345778226852
pit_b_224,cait_s24_224,consensus,46,ILSVRC2012_val_00040494.JPEG,0.10977441817522049,0.0017212883103638887,0.0013101639924570918,0.00041112431790679693
pit_b_224,cait_s24_224,consensus,47,ILSVRC2012_val_00040541.JPEG,-0.03308269381523132,0.0006431824876926839,0.001605592085979879,-0.000962409598287195
pit_b_224,cait_s24_224,shuffled_semantic,46,ILSVRC2012_val_00040494.JPEG,-0.060150355100631714,0.003551684319972992,0.0013101639924570918,0.0022415202111005783
pit_b_224,cait_s24_224,shuffled_semantic,47,ILSVRC2012_val_00040541.JPEG,-0.13533833622932434,0.0005973202059976757,0.001605592085979879,-0.0010082719381898642
pit_b_224,cait_s24_224,phase,48,ILSVRC2012_val_00040601.JPEG,0.15488722920417786,0.004459601826965809,0.0042723738588392735,0.00018722796812653542
pit_b_224,cait_s24_224,phase,49,ILSVRC2012_val_00040634.JPEG,-0.07067669928073883,-0.0021384849678725004,0.0013042582431808114,-0.0034427433274686337
pit_b_224,cait_s24_224,flip,48,ILSVRC2012_val_00040601.JPEG,-0.20150375366210938,0.0012548024533316493,0.0042723738588392735,-0.0030175712890923023
pit_b_224,cait_s24_224,flip,49,ILSVRC2012_val_00040634.JPEG,0.11879698932170868,0.0039361207745969296,0.0013042582431808114,0.00263186264783144
pit_b_224,cait_s24_224,consensus,48,ILSVRC2012_val_00040601.JPEG,-0.13984963297843933,0.0022449649404734373,0.0042723738588392735,-0.002027408918365836
pit_b_224,cait_s24_224,consensus,49,ILSVRC2012_val_00040634.JPEG,-0.040601521730422974,-0.0021384849678725004,0.0013042582431808114,-0.0034427433274686337
pit_b_224,cait_s24_224,shuffled_semantic,48,ILSVRC2012_val_00040601.JPEG,0.0060150399804115295,0.0034015984274446964,0.0042723738588392735,-0.000870775431394577
pit_b_224,cait_s24_224,shuffled_semantic,49,ILSVRC2012_val_00040634.JPEG,0.339849591255188,0.004909210372716188,0.0013042582431808114,0.003604952245950699
pit_b_224,cait_s24_224,phase,50,ILSVRC2012_val_00040798.JPEG,0.009022563695907593,0.0014380777720361948,-0.00011485321738291532,0.0015529310330748558
pit_b_224,cait_s24_224,phase,51,ILSVRC2012_val_00040930.JPEG,0.13082706928253174,-0.00011517498933244497,0.0057977898977696896,-0.0059129646979272366
pit_b_224,cait_s24_224,flip,50,ILSVRC2012_val_00040798.JPEG,-0.22706767916679382,-0.0011116687674075365,-0.00011485321738291532,-0.0009968155063688755
pit_b_224,cait_s24_224,flip,51,ILSVRC2012_val_00040930.JPEG,0.42556390166282654,0.013274557888507843,0.0057977898977696896,0.0074767679907381535
pit_b_224,cait_s24_224,consensus,50,ILSVRC2012_val_00040798.JPEG,-0.15037596225738525,0.0009837355464696884,-0.00011485321738291532,0.0010985888075083494
pit_b_224,cait_s24_224,consensus,51,ILSVRC2012_val_00040930.JPEG,0.3609022796154022,0.006578044034540653,0.0057977898977696896,0.0007802541367709637
pit_b_224,cait_s24_224,shuffled_semantic,50,ILSVRC2012_val_00040798.JPEG,0.22255638241767883,0.00010289996862411499,-0.00011485321738291532,0.0002177531860070303
pit_b_224,cait_s24_224,shuffled_semantic,51,ILSVRC2012_val_00040930.JPEG,-0.1338346153497696,0.004312468226999044,0.0057977898977696896,-0.0014853216707706451
pit_b_224,cait_s24_224,phase,52,ILSVRC2012_val_00040952.JPEG,-0.21052630245685577,-0.024584779515862465,-0.019167819991707802,-0.005416959524154663
pit_b_224,cait_s24_224,phase,53,ILSVRC2012_val_00040966.JPEG,-0.19699248671531677,0.00274862302467227,0.0028924376238137484,-0.00014381459914147854
pit_b_224,cait_s24_224,flip,52,ILSVRC2012_val_00040952.JPEG,0.32481205463409424,-0.011891591362655163,-0.019167819991707802,0.007276228629052639
pit_b_224,cait_s24_224,flip,53,ILSVRC2012_val_00040966.JPEG,-0.01654132455587387,0.0024318774230778217,0.0028924376238137484,-0.00046056020073592663
pit_b_224,cait_s24_224,consensus,52,ILSVRC2012_val_00040952.JPEG,0.0,-0.017090819776058197,-0.019167819991707802,0.002077000215649605
pit_b_224,cait_s24_224,consensus,53,ILSVRC2012_val_00040966.JPEG,-0.05864661931991577,0.0035835434682667255,0.0028924376238137484,0.0006911058444529772
pit_b_224,cait_s24_224,shuffled_semantic,52,ILSVRC2012_val_00040952.JPEG,-0.16691729426383972,-0.01720215193927288,-0.019167819991707802,0.0019656680524349213
pit_b_224,cait_s24_224,shuffled_semantic,53,ILSVRC2012_val_00040966.JPEG,0.35187968611717224,0.007598044816404581,0.0028924376238137484,0.004705606959760189
pit_b_224,cait_s24_224,phase,54,ILSVRC2012_val_00041010.JPEG,-0.04812030494213104,0.004044374451041222,0.004059392027556896,-1.5017576515674591e-05
pit_b_224,cait_s24_224,phase,55,ILSVRC2012_val_00041063.JPEG,-0.05563907325267792,0.005609112326055765,0.004041160922497511,0.0015679514035582542
pit_b_224,cait_s24_224,flip,54,ILSVRC2012_val_00041010.JPEG,0.40300750732421875,0.012530902400612831,0.004059392027556896,0.008471510373055935
pit_b_224,cait_s24_224,flip,55,ILSVRC2012_val_00041063.JPEG,0.19699248671531677,0.006109562702476978,0.004041160922497511,0.0020684017799794674
pit_b_224,cait_s24_224,consensus,54,ILSVRC2012_val_00041010.JPEG,0.3127819299697876,0.009708301164209843,0.004059392027556896,0.0056489091366529465
pit_b_224,cait_s24_224,consensus,55,ILSVRC2012_val_00041063.JPEG,0.07067669928073883,0.004137164447456598,0.004041160922497511,9.600352495908737e-05
pit_b_224,cait_s24_224,shuffled_semantic,54,ILSVRC2012_val_00041010.JPEG,0.25112780928611755,0.012318084947764874,0.004059392027556896,0.008258692920207977
pit_b_224,cait_s24_224,shuffled_semantic,55,ILSVRC2012_val_00041063.JPEG,0.3052631616592407,0.005263179074972868,0.004041160922497511,0.001222018152475357
pit_b_224,cait_s24_224,phase,56,ILSVRC2012_val_00041080.JPEG,0.0691729336977005,0.01722942851483822,0.017750155180692673,-0.000520726665854454
pit_b_224,cait_s24_224,phase,57,ILSVRC2012_val_00041241.JPEG,-0.3097744286060333,-0.0030598239973187447,-0.0005335425375960767,-0.002526281401515007
pit_b_224,cait_s24_224,flip,56,ILSVRC2012_val_00041080.JPEG,0.28421053290367126,0.020504867658019066,0.017750155180692673,0.002754712477326393
pit_b_224,cait_s24_224,flip,57,ILSVRC2012_val_00041241.JPEG,0.09022556990385056,5.7650475355330855e-05,-0.0005335425375960767,0.0005911930347792804
pit_b_224,cait_s24_224,consensus,56,ILSVRC2012_val_00041080.JPEG,0.2857142686843872,0.019070548936724663,0.017750155180692673,0.00132039375603199
pit_b_224,cait_s24_224,consensus,57,ILSVRC2012_val_00041241.JPEG,-0.11729323863983154,-0.00017410078726243228,-0.0005335425375960767,0.0003594417357817292
pit_b_224,cait_s24_224,shuffled_semantic,56,ILSVRC2012_val_00041080.JPEG,-0.23458647727966309,0.014459909871220589,0.017750155180692673,-0.003290245309472084
pit_b_224,cait_s24_224,shuffled_semantic,57,ILSVRC2012_val_00041241.JPEG,-0.09924812614917755,0.00015675323083996773,-0.0005335425375960767,0.0006902957684360445
pit_b_224,cait_s24_224,phase,58,ILSVRC2012_val_00041354.JPEG,0.17443609237670898,0.010814397595822811,0.011688021011650562,-0.0008736234158277512
pit_b_224,cait_s24_224,phase,59,ILSVRC2012_val_00041406.JPEG,-0.1293233036994934,0.0008300103363581002,0.0031602734234184027,-0.0023302631452679634
pit_b_224,cait_s24_224,flip,58,ILSVRC2012_val_00041354.JPEG,0.10827067494392395,0.010838462971150875,0.011688021011650562,-0.0008495580404996872
pit_b_224,cait_s24_224,flip,59,ILSVRC2012_val_00041406.JPEG,-0.02255641296505928,0.0021275116596370935,0.0031602734234184027,-0.0010327617637813091
pit_b_224,cait_s24_224,consensus,58,ILSVRC2012_val_00041354.JPEG,0.25563910603523254,0.014682114124298096,0.011688021011650562,0.0029940931126475334
pit_b_224,cait_s24_224,consensus,59,ILSVRC2012_val_00041406.JPEG,0.018045108765363693,0.0025571181904524565,0.0031602734234184027,-0.0006031552329659462
pit_b_224,cait_s24_224,shuffled_semantic,58,ILSVRC2012_val_00041354.JPEG,-0.28721803426742554,0.011644626967608929,0.011688021011650562,-4.3394044041633606e-05
pit_b_224,cait_s24_224,shuffled_semantic,59,ILSVRC2012_val_00041406.JPEG,0.2586466073989868,0.0033092640805989504,0.0031602734234184027,0.00014899065718054771
pit_b_224,cait_s24_224,phase,60,ILSVRC2012_val_00041468.JPEG,-0.3909774720668793,-0.014992986805737019,-0.008587985299527645,-0.0064050015062093735
pit_b_224,cait_s24_224,phase,61,ILSVRC2012_val_00041474.JPEG,-0.4105262756347656,-0.0035693750251084566,0.004227655939757824,-0.007797030732035637
pit_b_224,cait_s24_224,flip,60,ILSVRC2012_val_00041468.JPEG,-0.4796992242336273,-0.0162031389772892,-0.008587985299527645,-0.007615153677761555
pit_b_224,cait_s24_224,flip,61,ILSVRC2012_val_00041474.JPEG,-0.04360901564359665,0.007219936698675156,0.004227655939757824,0.0029922807589173317
pit_b_224,cait_s24_224,consensus,60,ILSVRC2012_val_00041468.JPEG,-0.5954887270927429,-0.015325181186199188,-0.008587985299527645,-0.006737195886671543
pit_b_224,cait_s24_224,consensus,61,ILSVRC2012_val_00041474.JPEG,-0.21954886615276337,0.0005286231753416359,0.004227655939757824,-0.003699032822623849
pit_b_224,cait_s24_224,shuffled_semantic,60,ILSVRC2012_val_00041468.JPEG,-0.41654133796691895,-0.01385736744850874,-0.008587985299527645,-0.005269382148981094
pit_b_224,cait_s24_224,shuffled_semantic,61,ILSVRC2012_val_00041474.JPEG,-0.11278196424245834,0.004906848073005676,0.004227655939757824,0.0006791921332478523
pit_b_224,cait_s24_224,phase,62,ILSVRC2012_val_00041483.JPEG,-0.045112788677215576,0.001064649666659534,0.0026787319220602512,-0.0016140822554007173
pit_b_224,cait_s24_224,phase,63,ILSVRC2012_val_00041486.JPEG,0.057142868638038635,0.01385443564504385,0.013795052655041218,5.938299000263214e-05
pit_b_224,cait_s24_224,flip,62,ILSVRC2012_val_00041483.JPEG,0.3308270573616028,0.004257206805050373,0.0026787319220602512,0.0015784748829901218
pit_b_224,cait_s24_224,flip,63,ILSVRC2012_val_00041486.JPEG,0.43007519841194153,0.019396910443902016,0.013795052655041218,0.005601857788860798
pit_b_224,cait_s24_224,consensus,62,ILSVRC2012_val_00041483.JPEG,0.272180438041687,0.002622223924845457,0.0026787319220602512,-5.650799721479416e-05
pit_b_224,cait_s24_224,consensus,63,ILSVRC2012_val_00041486.JPEG,0.3052631616592407,0.01692277565598488,0.013795052655041218,0.0031277230009436607
pit_b_224,cait_s24_224,shuffled_semantic,62,ILSVRC2012_val_00041483.JPEG,-0.36691731214523315,0.0011190547375008464,0.0026787319220602512,-0.0015596771845594049
pit_b_224,cait_s24_224,shuffled_semantic,63,ILSVRC2012_val_00041486.JPEG,-0.1203007698059082,0.01787395402789116,0.013795052655041218,0.004078901372849941
pit_b_224,visformer_small,phase,0,ILSVRC2012_val_00037758.JPEG,0.2481202930212021,0.015745794400572777,0.012243530713021755,0.0035022636875510216
pit_b_224,visformer_small,phase,1,ILSVRC2012_val_00037916.JPEG,0.19548869132995605,0.0017950739711523056,-0.00025788191123865545,0.0020529557950794697
pit_b_224,visformer_small,flip,0,ILSVRC2012_val_00037758.JPEG,0.31578943133354187,0.01690380647778511,0.012243530713021755,0.004660275764763355
pit_b_224,visformer_small,flip,1,ILSVRC2012_val_00037916.JPEG,0.04060150682926178,-2.4959444999694824e-06,-0.00025788191123865545,0.00025538596673868597
pit_b_224,visformer_small,consensus,0,ILSVRC2012_val_00037758.JPEG,0.29774436354637146,0.018631352111697197,0.012243530713021755,0.006387821398675442
pit_b_224,visformer_small,consensus,1,ILSVRC2012_val_00037916.JPEG,0.0781954750418663,-2.4958048925327603e-06,-0.00025788191123865545,0.00025538611225783825
pit_b_224,visformer_small,shuffled_semantic,0,ILSVRC2012_val_00037758.JPEG,-0.007518790662288666,0.013097713701426983,0.012243530713021755,0.0008541829884052277
pit_b_224,visformer_small,shuffled_semantic,1,ILSVRC2012_val_00037916.JPEG,-0.024060167372226715,0.0003172310534864664,-0.00025788191123865545,0.0005751129938289523
pit_b_224,visformer_small,phase,2,ILSVRC2012_val_00037926.JPEG,0.019548870623111725,0.0031542342621833086,0.0012472844682633877,0.001906949793919921
pit_b_224,visformer_small,phase,3,ILSVRC2012_val_00037929.JPEG,0.2300751805305481,0.007699990179389715,0.004130845423787832,0.003569144755601883
pit_b_224,visformer_small,flip,2,ILSVRC2012_val_00037926.JPEG,-0.09323309361934662,-0.0028868955560028553,0.0012472844682633877,-0.004134180024266243
pit_b_224,visformer_small,flip,3,ILSVRC2012_val_00037929.JPEG,0.1609022617340088,0.0062937005423009396,0.004130845423787832,0.0021628551185131073
pit_b_224,visformer_small,consensus,2,ILSVRC2012_val_00037926.JPEG,0.09924812614917755,-0.00010424936044728383,0.0012472844682633877,-0.0013515338068827987
pit_b_224,visformer_small,consensus,3,ILSVRC2012_val_00037929.JPEG,0.24661651253700256,0.008977659046649933,0.004130845423787832,0.004846813622862101
pit_b_224,visformer_small,shuffled_semantic,2,ILSVRC2012_val_00037926.JPEG,0.11879698187112808,0.0005260819452814758,0.0012472844682633877,-0.0007212025229819119
pit_b_224,visformer_small,shuffled_semantic,3,ILSVRC2012_val_00037929.JPEG,-0.10075188428163528,0.0025282204151153564,0.004130845423787832,-0.0016026250086724758
pit_b_224,visformer_small,phase,4,ILSVRC2012_val_00038033.JPEG,0.2390977293252945,0.012585443444550037,0.01101420447230339,0.0015712389722466469
pit_b_224,visformer_small,phase,5,ILSVRC2012_val_00038096.JPEG,0.04962405562400818,0.010939309373497963,0.007034764625132084,0.003904544748365879
pit_b_224,visformer_small,flip,4,ILSVRC2012_val_00038033.JPEG,0.00902257114648819,0.006838113069534302,0.01101420447230339,-0.004176091402769089
pit_b_224,visformer_small,flip,5,ILSVRC2012_val_00038096.JPEG,0.22255635261535645,0.015505939722061157,0.007034764625132084,0.008471175096929073
pit_b_224,visformer_small,consensus,4,ILSVRC2012_val_00038033.JPEG,0.22406014800071716,0.012585443444550037,0.01101420447230339,0.0015712389722466469
pit_b_224,visformer_small,consensus,5,ILSVRC2012_val_00038096.JPEG,0.11428572237491608,0.014792734757065773,0.007034764625132084,0.007757970131933689
pit_b_224,visformer_small,shuffled_semantic,4,ILSVRC2012_val_00038033.JPEG,0.12330826371908188,0.006808617617934942,0.01101420447230339,-0.004205586854368448
pit_b_224,visformer_small,shuffled_semantic,5,ILSVRC2012_val_00038096.JPEG,-0.22255638241767883,0.007742858026176691,0.007034764625132084,0.0007080934010446072
pit_b_224,visformer_small,phase,6,ILSVRC2012_val_00038110.JPEG,-0.036090198904275894,-0.003768384223803878,-0.0035445080138742924,-0.00022387620992958546
pit_b_224,visformer_small,phase,7,ILSVRC2012_val_00038142.JPEG,-0.03609023988246918,-0.0003157142491545528,-0.002574328565970063,0.0022586144041270018
pit_b_224,visformer_small,flip,6,ILSVRC2012_val_00038110.JPEG,-0.0015037506818771362,-0.004603560548275709,-0.0035445080138742924,-0.0010590525344014168
pit_b_224,visformer_small,flip,7,ILSVRC2012_val_00038142.JPEG,-0.0646616593003273,-0.004227394703775644,-0.002574328565970063,-0.001653066137805581
pit_b_224,visformer_small,consensus,6,ILSVRC2012_val_00038110.JPEG,-0.04210527241230011,-0.005228240974247456,-0.0035445080138742924,-0.0016837329603731632
pit_b_224,visformer_small,consensus,7,ILSVRC2012_val_00038142.JPEG,-0.08120301365852356,-0.0002633795083966106,-0.002574328565970063,0.002310949144884944
pit_b_224,visformer_small,shuffled_semantic,6,ILSVRC2012_val_00038110.JPEG,0.41203004121780396,-0.00030551981762982905,-0.0035445080138742924,0.003238988108932972
pit_b_224,visformer_small,shuffled_semantic,7,ILSVRC2012_val_00038142.JPEG,-0.1984962522983551,-0.007660315837711096,-0.002574328565970063,-0.005085987038910389
pit_b_224,visformer_small,phase,8,ILSVRC2012_val_00038157.JPEG,0.05563908815383911,-0.007200627122074366,-0.00410422682762146,-0.0030964002944529057
pit_b_224,visformer_small,phase,9,ILSVRC2012_val_00038221.JPEG,0.0781954973936081,-0.0017699686577543616,-0.004309461917728186,0.002539493143558502
pit_b_224,visformer_small,flip,8,ILSVRC2012_val_00038157.JPEG,0.07067666947841644,-0.006784163415431976,-0.00410422682762146,-0.0026799365878105164
pit_b_224,visformer_small,flip,9,ILSVRC2012_val_00038221.JPEG,0.20451126992702484,-0.0013940794160589576,-0.004309461917728186,0.0029153823852539062
pit_b_224,visformer_small,consensus,8,ILSVRC2012_val_00038157.JPEG,0.10977444052696228,-0.003869472537189722,-0.00410422682762146,0.0002347542904317379
pit_b_224,visformer_small,consensus,9,ILSVRC2012_val_00038221.JPEG,0.25263160467147827,-0.0023507399018853903,-0.004309461917728186,0.0019587220158427954
pit_b_224,visformer_small,shuffled_semantic,8,ILSVRC2012_val_00038157.JPEG,0.5849624276161194,0.0013666751328855753,-0.00410422682762146,0.005470901727676392
pit_b_224,visformer_small,shuffled_semantic,9,ILSVRC2012_val_00038221.JPEG,0.16691729426383972,-0.0049459864385426044,-0.004309461917728186,-0.0006365245208144188
pit_b_224,visformer_small,phase,10,ILSVRC2012_val_00038236.JPEG,0.42105263471603394,0.006678334902971983,0.004468051716685295,0.002210283186286688
pit_b_224,visformer_small,phase,11,ILSVRC2012_val_00038251.JPEG,0.14887215197086334,0.006988521199673414,0.004711041692644358,0.0022774795070290565
pit_b_224,visformer_small,flip,10,ILSVRC2012_val_00038236.JPEG,0.2030075192451477,0.003761725965887308,0.004468051716685295,-0.000706325750797987
pit_b_224,visformer_small,flip,11,ILSVRC2012_val_00038251.JPEG,0.1383458822965622,0.006369512528181076,0.004711041692644358,0.0016584708355367184
pit_b_224,visformer_small,consensus,10,ILSVRC2012_val_00038236.JPEG,0.4421052932739258,0.006678334902971983,0.004468051716685295,0.002210283186286688
pit_b_224,visformer_small,consensus,11,ILSVRC2012_val_00038251.JPEG,0.5127819776535034,0.013348503969609737,0.004711041692644358,0.008637461811304092
pit_b_224,visformer_small,shuffled_semantic,10,ILSVRC2012_val_00038236.JPEG,0.10977445542812347,0.005865370389074087,0.004468051716685295,0.001397318672388792
pit_b_224,visformer_small,shuffled_semantic,11,ILSVRC2012_val_00038251.JPEG,0.0180450901389122,-0.0014109885087236762,0.004711041692644358,-0.006122030317783356
pit_b_224,visformer_small,phase,12,ILSVRC2012_val_00038413.JPEG,0.20902255177497864,0.013812188990414143,0.006641067564487457,0.007171121425926685
pit_b_224,visformer_small,phase,13,ILSVRC2012_val_00038427.JPEG,-0.11729325354099274,-0.00035378747270442545,0.0019569173455238342,-0.002310704905539751
pit_b_224,visformer_small,flip,12,ILSVRC2012_val_00038413.JPEG,0.24962405860424042,0.00822525192052126,0.006641067564487457,0.001584184356033802
pit_b_224,visformer_small,flip,13,ILSVRC2012_val_00038427.JPEG,0.4872180223464966,0.007007045205682516,0.0019569173455238342,0.005050127860158682
pit_b_224,visformer_small,consensus,12,ILSVRC2012_val_00038413.JPEG,0.2030075043439865,0.014217984862625599,0.006641067564487457,0.007576917298138142
pit_b_224,visformer_small,consensus,13,ILSVRC2012_val_00038427.JPEG,0.3999999761581421,0.005227777175605297,0.0019569173455238342,0.003270859830081463
pit_b_224,visformer_small,shuffled_semantic,12,ILSVRC2012_val_00038413.JPEG,-0.3699248135089874,0.002276367973536253,0.006641067564487457,-0.004364699590951204
pit_b_224,visformer_small,shuffled_semantic,13,ILSVRC2012_val_00038427.JPEG,-0.20000001788139343,-0.0038743249606341124,0.0019569173455238342,-0.00583124253898859
pit_b_224,visformer_small,phase,14,ILSVRC2012_val_00038546.JPEG,0.24360902607440948,0.03206229582428932,0.027367863804101944,0.004694432020187378
pit_b_224,visformer_small,phase,15,ILSVRC2012_val_00038597.JPEG,-0.11879700422286987,-0.0021469537168741226,0.0006512088584713638,-0.0027981626335531473
pit_b_224,visformer_small,flip,14,ILSVRC2012_val_00038546.JPEG,0.12030075490474701,0.028824442997574806,0.027367863804101944,0.0014565791934728622
pit_b_224,visformer_small,flip,15,ILSVRC2012_val_00038597.JPEG,0.13233083486557007,0.0026738587766885757,0.0006512088584713638,0.002022649860009551
pit_b_224,visformer_small,consensus,14,ILSVRC2012_val_00038546.JPEG,0.1984962373971939,0.03056032769382,0.027367863804101944,0.0031924638897180557
pit_b_224,visformer_small,consensus,15,ILSVRC2012_val_00038597.JPEG,-0.045112766325473785,0.001708752359263599,0.0006512088584713638,0.001057543558999896
pit_b_224,visformer_small,shuffled_semantic,14,ILSVRC2012_val_00038546.JPEG,0.38345867395401,0.03130680322647095,0.027367863804101944,0.003938939422369003
pit_b_224,visformer_small,shuffled_semantic,15,ILSVRC2012_val_00038597.JPEG,0.19097745418548584,0.0013252850621938705,0.0006512088584713638,0.0006740762037225068
pit_b_224,visformer_small,phase,16,ILSVRC2012_val_00038607.JPEG,-0.34436091780662537,-0.001037126174196601,0.001095279585570097,-0.002132405759766698
pit_b_224,visformer_small,phase,17,ILSVRC2012_val_00038678.JPEG,-0.2210526466369629,0.007597603835165501,0.007417243905365467,0.00018035992980003357
pit_b_224,visformer_small,flip,16,ILSVRC2012_val_00038607.JPEG,-0.35789474844932556,-0.003907663282006979,0.001095279585570097,-0.005002942867577076
pit_b_224,visformer_small,flip,17,ILSVRC2012_val_00038678.JPEG,-0.25563907623291016,0.009011926129460335,0.007417243905365467,0.0015946822240948677
pit_b_224,visformer_small,consensus,16,ILSVRC2012_val_00038607.JPEG,-0.38045114278793335,-0.0010371262906119227,0.001095279585570097,-0.0021324059925973415
pit_b_224,visformer_small,consensus,17,ILSVRC2012_val_00038678.JPEG,-0.20451128482818604,0.00828543957322836,0.007417243905365467,0.0008681956678628922
pit_b_224,visformer_small,shuffled_semantic,16,ILSVRC2012_val_00038607.JPEG,0.308270663022995,0.003555457340553403,0.001095279585570097,0.002460177754983306
pit_b_224,visformer_small,shuffled_semantic,17,ILSVRC2012_val_00038678.JPEG,-0.009022548794746399,0.0062218825332820415,0.007417243905365467,-0.0011953613720834255
pit_b_224,visformer_small,phase,18,ILSVRC2012_val_00038705.JPEG,0.14887218177318573,0.0058089555241167545,0.004442400764673948,0.0013665547594428062
pit_b_224,visformer_small,phase,19,ILSVRC2012_val_00038708.JPEG,0.09924811124801636,0.0006636891630478203,0.0007793414406478405,-0.00011565227760002017
pit_b_224,visformer_small,flip,18,ILSVRC2012_val_00038705.JPEG,0.13082705438137054,0.0061166249215602875,0.004442400764673948,0.0016742241568863392
pit_b_224,visformer_small,flip,19,ILSVRC2012_val_00038708.JPEG,-0.04962407797574997,-2.2357702619046904e-05,0.0007793414406478405,-0.0008016991196200252
pit_b_224,visformer_small,consensus,18,ILSVRC2012_val_00038705.JPEG,0.11428572237491608,0.004520715214312077,0.004442400764673948,7.831444963812828e-05
pit_b_224,visformer_small,consensus,19,ILSVRC2012_val_00038708.JPEG,0.19999998807907104,0.01022140309214592,0.0007793414406478405,0.009442061185836792
pit_b_224,visformer_small,shuffled_semantic,18,ILSVRC2012_val_00038705.JPEG,-0.45413535833358765,0.0005861803074367344,0.004442400764673948,-0.0038562205154448748
pit_b_224,visformer_small,shuffled_semantic,19,ILSVRC2012_val_00038708.JPEG,-0.48120301961898804,-0.007103122770786285,0.0007793414406478405,-0.007882464677095413
pit_b_224,visformer_small,phase,20,ILSVRC2012_val_00038743.JPEG,0.36691728234291077,0.018565116450190544,0.014463523402810097,0.004101593047380447
pit_b_224,visformer_small,phase,21,ILSVRC2012_val_00038986.JPEG,0.4796992838382721,0.011264664120972157,0.003083891933783889,0.008180771954357624
pit_b_224,visformer_small,flip,20,ILSVRC2012_val_00038743.JPEG,0.2977443337440491,0.023691371083259583,0.014463523402810097,0.009227847680449486
pit_b_224,visformer_small,flip,21,ILSVRC2012_val_00038986.JPEG,-0.05112781375646591,0.011951381340622902,0.003083891933783889,0.00886748917400837
pit_b_224,visformer_small,consensus,20,ILSVRC2012_val_00038743.JPEG,0.446616530418396,0.02461882308125496,0.014463523402810097,0.010155299678444862
pit_b_224,visformer_small,consensus,21,ILSVRC2012_val_00038986.JPEG,0.378947377204895,0.006590692792087793,0.003083891933783889,0.0035068008583039045
pit_b_224,visformer_small,shuffled_semantic,20,ILSVRC2012_val_00038743.JPEG,-0.03458645939826965,0.015524658374488354,0.014463523402810097,0.001061134971678257
pit_b_224,visformer_small,shuffled_semantic,21,ILSVRC2012_val_00038986.JPEG,0.20902255177497864,0.00631660595536232,0.003083891933783889,0.003232714021578431
pit_b_224,visformer_small,phase,22,ILSVRC2012_val_00039085.JPEG,0.4330826997756958,-0.006647175643593073,-0.009404337964951992,0.002757162321358919
pit_b_224,visformer_small,phase,23,ILSVRC2012_val_00039106.JPEG,0.18646618723869324,-0.000524496310390532,-0.0056808702647686005,0.00515637407079339
pit_b_224,visformer_small,flip,22,ILSVRC2012_val_00039085.JPEG,0.446616530418396,-0.0033658556640148163,-0.009404337964951992,0.006038482300937176
pit_b_224,visformer_small,flip,23,ILSVRC2012_val_00039106.JPEG,0.06015041470527649,-0.0015921149170026183,-0.0056808702647686005,0.00408875523135066
pit_b_224,visformer_small,consensus,22,ILSVRC2012_val_00039085.JPEG,0.4330827295780182,-0.008153458125889301,-0.009404337964951992,0.0012508798390626907
pit_b_224,visformer_small,consensus,23,ILSVRC2012_val_00039106.JPEG,0.14887219667434692,-0.00016018263704609126,-0.0056808702647686005,0.005520687438547611
pit_b_224,visformer_small,shuffled_semantic,22,ILSVRC2012_val_00039085.JPEG,0.11428570747375488,-0.007711051497608423,-0.009404337964951992,0.0016932864673435688
pit_b_224,visformer_small,shuffled_semantic,23,ILSVRC2012_val_00039106.JPEG,0.024060145020484924,-0.006820869632065296,-0.0056808702647686005,-0.0011399993672966957
pit_b_224,visformer_small,phase,24,ILSVRC2012_val_00039130.JPEG,-0.16390979290008545,0.004949335008859634,0.008076357655227184,-0.00312702264636755
pit_b_224,visformer_small,phase,25,ILSVRC2012_val_00039253.JPEG,0.2872180640697479,-0.004896819591522217,-0.003552337409928441,-0.0013444821815937757
pit_b_224,visformer_small,flip,24,ILSVRC2012_val_00039130.JPEG,0.6330827474594116,0.015028225257992744,0.008076357655227184,0.00695186760276556
pit_b_224,visformer_small,flip,25,ILSVRC2012_val_00039253.JPEG,0.2481202930212021,-0.00345623935572803,-0.003552337409928441,9.609805420041084e-05
pit_b_224,visformer_small,consensus,24,ILSVRC2012_val_00039130.JPEG,0.378947377204895,0.010859742760658264,0.008076357655227184,0.00278338510543108
pit_b_224,visformer_small,consensus,25,ILSVRC2012_val_00039253.JPEG,0.2902255654335022,-0.0009024582686834037,-0.003552337409928441,0.0026498790830373764
pit_b_224,visformer_small,shuffled_semantic,24,ILSVRC2012_val_00039130.JPEG,-0.3639097809791565,0.0021329601295292377,0.008076357655227184,-0.0059433975256979465
pit_b_224,visformer_small,shuffled_semantic,25,ILSVRC2012_val_00039253.JPEG,0.33984965085983276,-0.0004392014816403389,-0.003552337409928441,0.003113135928288102
pit_b_224,visformer_small,phase,26,ILSVRC2012_val_00039290.JPEG,-0.08872182667255402,0.00039492230280302465,0.003671853570267558,-0.003276931354776025
pit_b_224,visformer_small,phase,27,ILSVRC2012_val_00039421.JPEG,-0.057142868638038635,0.006217344664037228,0.006274725776165724,-5.738111212849617e-05
pit_b_224,visformer_small,flip,26,ILSVRC2012_val_00039290.JPEG,-0.18195489048957825,0.004563378635793924,0.003671853570267558,0.0008915250655263662
pit_b_224,visformer_small,flip,27,ILSVRC2012_val_00039421.JPEG,-0.24060148000717163,0.004525945521891117,0.006274725776165724,-0.0017487802542746067
pit_b_224,visformer_small,consensus,26,ILSVRC2012_val_00039290.JPEG,-0.15939849615097046,0.003189363284036517,0.003671853570267558,-0.00048249028623104095
pit_b_224,visformer_small,consensus,27,ILSVRC2012_val_00039421.JPEG,-0.21353384852409363,0.00621734419837594,0.006274725776165724,-5.738157778978348e-05
pit_b_224,visformer_small,shuffled_semantic,26,ILSVRC2012_val_00039290.JPEG,-0.1338345855474472,0.0007875721203163266,0.003671853570267558,-0.0028842813335359097
pit_b_224,visformer_small,shuffled_semantic,27,ILSVRC2012_val_00039421.JPEG,-0.272180438041687,0.0072617786936461926,0.006274725776165724,0.0009870529174804688
pit_b_224,visformer_small,phase,28,ILSVRC2012_val_00039426.JPEG,-0.37443608045578003,-0.0014495238428935409,0.004371172282844782,-0.0058206962421536446
pit_b_224,visformer_small,phase,29,ILSVRC2012_val_00039464.JPEG,0.38496240973472595,-0.0026327406521886587,-0.00538162374868989,0.002748883096501231
pit_b_224,visformer_small,flip,28,ILSVRC2012_val_00039426.JPEG,-0.0872180312871933,0.0035134011413902044,0.004371172282844782,-0.0008577711414545774
pit_b_224,visformer_small,flip,29,ILSVRC2012_val_00039464.JPEG,0.26616543531417847,-0.003134926548227668,-0.00538162374868989,0.002246697200462222
pit_b_224,visformer_small,consensus,28,ILSVRC2012_val_00039426.JPEG,-0.4285714626312256,-0.001449523726478219,0.004371172282844782,-0.0058206962421536446
pit_b_224,visformer_small,consensus,29,ILSVRC2012_val_00039464.JPEG,0.3909774422645569,-0.0026327406521886587,-0.00538162374868989,0.002748883096501231
pit_b_224,visformer_small,shuffled_semantic,28,ILSVRC2012_val_00039426.JPEG,-0.4015037417411804,0.0018356082728132606,0.004371172282844782,-0.0025355638936161995
pit_b_224,visformer_small,shuffled_semantic,29,ILSVRC2012_val_00039464.JPEG,-0.16390977799892426,-0.008410337381064892,-0.00538162374868989,-0.003028713632375002
pit_b_224,visformer_small,phase,30,ILSVRC2012_val_00039490.JPEG,-0.26917293667793274,-0.0033736072946339846,0.003259675344452262,-0.0066332826390862465
pit_b_224,visformer_small,phase,31,ILSVRC2012_val_00039737.JPEG,-0.12330826371908188,0.0022006065119057894,0.005177292972803116,-0.0029766864608973265
pit_b_224,visformer_small,flip,30,ILSVRC2012_val_00039490.JPEG,0.13684211671352386,0.006209373474121094,0.003259675344452262,0.002949698129668832
pit_b_224,visformer_small,flip,31,ILSVRC2012_val_00039737.JPEG,-0.22406014800071716,0.0043688551522791386,0.005177292972803116,-0.0008084378205239773
pit_b_224,visformer_small,consensus,30,ILSVRC2012_val_00039490.JPEG,-0.04812030494213104,-0.0012061571469530463,0.003259675344452262,-0.004465832374989986
pit_b_224,visformer_small,consensus,31,ILSVRC2012_val_00039737.JPEG,-0.3368421196937561,0.0002620520244818181,0.005177292972803116,-0.004915241152048111
pit_b_224,visformer_small,shuffled_semantic,30,ILSVRC2012_val_00039490.JPEG,0.21954888105392456,0.0062093730084598064,0.003259675344452262,0.0029496976640075445
pit_b_224,visformer_small,shuffled_semantic,31,ILSVRC2012_val_00039737.JPEG,0.08120299875736237,0.006545314099639654,0.005177292972803116,0.0013680211268365383
pit_b_224,visformer_small,phase,32,ILSVRC2012_val_00039746.JPEG,0.04962405189871788,0.0011537314858287573,0.002157388022169471,-0.0010036565363407135
pit_b_224,visformer_small,phase,33,ILSVRC2012_val_00039748.JPEG,0.051127828657627106,0.00488269655033946,0.00413881428539753,0.0007438822649419308
pit_b_224,visformer_small,flip,32,ILSVRC2012_val_00039746.JPEG,-0.2496240735054016,0.0008014658815227449,0.002157388022169471,-0.001355922082439065
pit_b_224,visformer_small,flip,33,ILSVRC2012_val_00039748.JPEG,-0.04661654680967331,0.00360636948607862,0.00413881428539753,-0.0005324447993189096
pit_b_224,visformer_small,consensus,32,ILSVRC2012_val_00039746.JPEG,-0.07669174671173096,-0.00017419560754206032,0.002157388022169471,-0.0023315835278481245
pit_b_224,visformer_small,consensus,33,ILSVRC2012_val_00039748.JPEG,0.034586481750011444,0.008077668957412243,0.00413881428539753,0.003938854672014713
pit_b_224,visformer_small,shuffled_semantic,32,ILSVRC2012_val_00039746.JPEG,-0.4135338366031647,-0.0032208964694291353,0.002157388022169471,-0.005378284491598606
pit_b_224,visformer_small,shuffled_semantic,33,ILSVRC2012_val_00039748.JPEG,-0.19097745418548584,-0.0024950148072093725,0.00413881428539753,-0.006633829325437546
pit_b_224,visformer_small,phase,34,ILSVRC2012_val_00039815.JPEG,-0.4135338366031647,0.00623253034427762,0.008513841778039932,-0.002281311433762312
pit_b_224,visformer_small,phase,35,ILSVRC2012_val_00039842.JPEG,-0.4330826997756958,0.005274660419672728,0.004281619098037481,0.0009930413216352463
pit_b_224,visformer_small,flip,34,ILSVRC2012_val_00039815.JPEG,0.17443609237670898,0.010928379371762276,0.008513841778039932,0.0024145375937223434
pit_b_224,visformer_small,flip,35,ILSVRC2012_val_00039842.JPEG,0.2962406277656555,0.005441094748675823,0.004281619098037481,0.001159475650638342
pit_b_224,visformer_small,consensus,34,ILSVRC2012_val_00039815.JPEG,-0.14887216687202454,0.009831099770963192,0.008513841778039932,0.0013172579929232597
pit_b_224,visformer_small,consensus,35,ILSVRC2012_val_00039842.JPEG,-0.22706767916679382,0.005275378469377756,0.004281619098037481,0.0009937593713402748
pit_b_224,visformer_small,shuffled_semantic,34,ILSVRC2012_val_00039815.JPEG,-0.20902255177497864,0.005112323444336653,0.008513841778039932,-0.0034015183337032795
pit_b_224,visformer_small,shuffled_semantic,35,ILSVRC2012_val_00039842.JPEG,-0.19097745418548584,0.0032610383350402117,0.004281619098037481,-0.0010205807629972696
pit_b_224,visformer_small,phase,36,ILSVRC2012_val_00039892.JPEG,-0.3684210479259491,0.002962262835353613,0.002964968327432871,-2.705492079257965e-06
pit_b_224,visformer_small,phase,37,ILSVRC2012_val_00039939.JPEG,0.20150375366210938,0.019749868661165237,0.020241012796759605,-0.000491144135594368
pit_b_224,visformer_small,flip,36,ILSVRC2012_val_00039892.JPEG,-0.13533835113048553,0.002651223912835121,0.002964968327432871,-0.0003137444145977497
pit_b_224,visformer_small,flip,37,ILSVRC2012_val_00039939.JPEG,0.061654120683670044,0.022741597145795822,0.020241012796759605,0.0025005843490362167
pit_b_224,visformer_small,consensus,36,ILSVRC2012_val_00039892.JPEG,-0.3037593960762024,0.002962262835353613,0.002964968327432871,-2.705492079257965e-06
pit_b_224,visformer_small,consensus,37,ILSVRC2012_val_00039939.JPEG,0.26917293667793274,0.019337451085448265,0.020241012796759605,-0.0009035617113113403
pit_b_224,visformer_small,shuffled_semantic,36,ILSVRC2012_val_00039892.JPEG,-0.10225562751293182,0.0035834515001624823,0.002964968327432871,0.0006184831727296114
pit_b_224,visformer_small,shuffled_semantic,37,ILSVRC2012_val_00039939.JPEG,0.04060148447751999,0.021617749705910683,0.020241012796759605,0.0013767369091510773
pit_b_224,visformer_small,phase,38,ILSVRC2012_val_00040016.JPEG,-0.03308269381523132,0.002763040829449892,0.0035064646508544683,-0.0007434238214045763
pit_b_224,visformer_small,phase,39,ILSVRC2012_val_00040140.JPEG,0.30075186491012573,0.0038769745733588934,0.004674162250012159,-0.000797187676653266
pit_b_224,visformer_small,flip,38,ILSVRC2012_val_00040016.JPEG,-0.0781954824924469,0.004135630559176207,0.0035064646508544683,0.0006291659083217382
pit_b_224,visformer_small,flip,39,ILSVRC2012_val_00040140.JPEG,0.3368420898914337,0.013226895593106747,0.004674162250012159,0.008552733808755875
pit_b_224,visformer_small,consensus,38,ILSVRC2012_val_00040016.JPEG,-0.138345867395401,0.002763040829449892,0.0035064646508544683,-0.0007434238214045763
pit_b_224,visformer_small,consensus,39,ILSVRC2012_val_00040140.JPEG,0.5353383421897888,0.013226895593106747,0.004674162250012159,0.008552733808755875
pit_b_224,visformer_small,shuffled_semantic,38,ILSVRC2012_val_00040016.JPEG,0.3097744286060333,0.002921194536611438,0.0035064646508544683,-0.0005852701142430305
pit_b_224,visformer_small,shuffled_semantic,39,ILSVRC2012_val_00040140.JPEG,-0.06315788626670837,-0.00024058028066065162,0.004674162250012159,-0.004914742428809404
pit_b_224,visformer_small,phase,40,ILSVRC2012_val_00040221.JPEG,0.19548873603343964,0.0035792391281574965,-0.0013777469284832478,0.0049569858238101006
pit_b_224,visformer_small,phase,41,ILSVRC2012_val_00040291.JPEG,-0.36691728234291077,-0.016338855028152466,-0.005168241448700428,-0.011170613579452038
pit_b_224,visformer_small,flip,40,ILSVRC2012_val_00040221.JPEG,-0.0511278435587883,0.0010852705454453826,-0.0013777469284832478,0.002463017590343952
pit_b_224,visformer_small,flip,41,ILSVRC2012_val_00040291.JPEG,-0.36240601539611816,-0.010344493202865124,-0.005168241448700428,-0.005176251754164696
pit_b_224,visformer_small,consensus,40,ILSVRC2012_val_00040221.JPEG,0.10676691681146622,0.003579238895326853,-0.0013777469284832478,0.0049569858238101006
pit_b_224,visformer_small,consensus,41,ILSVRC2012_val_00040291.JPEG,-0.34736841917037964,-0.018018998205661774,-0.005168241448700428,-0.012850756756961346
pit_b_224,visformer_small,shuffled_semantic,40,ILSVRC2012_val_00040221.JPEG,-0.5548872351646423,-0.007542365696281195,-0.0013777469284832478,-0.006164618767797947
pit_b_224,visformer_small,shuffled_semantic,41,ILSVRC2012_val_00040291.JPEG,0.15488721430301666,-0.010283350013196468,-0.005168241448700428,-0.00511510856449604
pit_b_224,visformer_small,phase,42,ILSVRC2012_val_00040345.JPEG,0.1383458971977234,0.01166258379817009,0.007085844874382019,0.004576738923788071
pit_b_224,visformer_small,phase,43,ILSVRC2012_val_00040407.JPEG,0.2030075192451477,0.008304528892040253,0.00887504406273365,-0.0005705151706933975
pit_b_224,visformer_small,flip,42,ILSVRC2012_val_00040345.JPEG,0.3684210777282715,0.012966835871338844,0.007085844874382019,0.005880990996956825
pit_b_224,visformer_small,flip,43,ILSVRC2012_val_00040407.JPEG,0.1894737035036087,0.007555387914180756,0.00887504406273365,-0.0013196561485528946
pit_b_224,visformer_small,consensus,42,ILSVRC2012_val_00040345.JPEG,0.2120300829410553,0.01166442409157753,0.007085844874382019,0.004578579217195511
pit_b_224,visformer_small,consensus,43,ILSVRC2012_val_00040407.JPEG,0.2390977442264557,0.007195522543042898,0.00887504406273365,-0.001679521519690752
pit_b_224,visformer_small,shuffled_semantic,42,ILSVRC2012_val_00040345.JPEG,0.1293233335018158,0.008815070614218712,0.007085844874382019,0.0017292257398366928
pit_b_224,visformer_small,shuffled_semantic,43,ILSVRC2012_val_00040407.JPEG,0.04661653935909271,0.010541125200688839,0.00887504406273365,0.0016660811379551888
pit_b_224,visformer_small,phase,44,ILSVRC2012_val_00040452.JPEG,0.2947368621826172,0.014620292000472546,0.012793070636689663,0.0018272213637828827
pit_b_224,visformer_small,phase,45,ILSVRC2012_val_00040457.JPEG,0.06315790116786957,0.046551693230867386,0.04414374381303787,0.0024079494178295135
pit_b_224,visformer_small,flip,44,ILSVRC2012_val_00040452.JPEG,-0.276691734790802,0.00935829896479845,0.012793070636689663,-0.0034347716718912125
pit_b_224,visformer_small,flip,45,ILSVRC2012_val_00040457.JPEG,-0.40751880407333374,0.038503073155879974,0.04414374381303787,-0.005640670657157898
pit_b_224,visformer_small,consensus,44,ILSVRC2012_val_00040452.JPEG,-0.1293233036994934,0.007825640961527824,0.012793070636689663,-0.0049674296751618385
pit_b_224,visformer_small,consensus,45,ILSVRC2012_val_00040457.JPEG,-0.1473684310913086,0.046551693230867386,0.04414374381303787,0.0024079494178295135
pit_b_224,visformer_small,shuffled_semantic,44,ILSVRC2012_val_00040452.JPEG,-0.15789473056793213,0.009919975884258747,0.012793070636689663,-0.002873094752430916
pit_b_224,visformer_small,shuffled_semantic,45,ILSVRC2012_val_00040457.JPEG,-0.2300751656293869,0.04213370382785797,0.04414374381303787,-0.002010039985179901
pit_b_224,visformer_small,phase,46,ILSVRC2012_val_00040494.JPEG,0.060150355100631714,0.0040373592637479305,3.222683517378755e-05,0.004005132243037224
pit_b_224,visformer_small,phase,47,ILSVRC2012_val_00040541.JPEG,-0.09924811124801636,-0.0021419546101242304,0.0025438896846026182,-0.004685844294726849
pit_b_224,visformer_small,flip,46,ILSVRC2012_val_00040494.JPEG,-0.0691729262471199,-0.0038831010460853577,3.222683517378755e-05,-0.003915328066796064
pit_b_224,visformer_small,flip,47,ILSVRC2012_val_00040541.JPEG,-0.35789474844932556,-0.0021623021457344294,0.0025438896846026182,-0.004706191830337048
pit_b_224,visformer_small,consensus,46,ILSVRC2012_val_00040494.JPEG,0.1563909649848938,0.0032456570770591497,3.222683517378755e-05,0.0032134302891790867
pit_b_224,visformer_small,consensus,47,ILSVRC2012_val_00040541.JPEG,-0.15037596225738525,-0.005446023773401976,0.0025438896846026182,-0.00798991322517395
pit_b_224,visformer_small,shuffled_semantic,46,ILSVRC2012_val_00040494.JPEG,0.32481205463409424,0.0005113404477015138,3.222683517378755e-05,0.0004791136016137898
pit_b_224,visformer_small,shuffled_semantic,47,ILSVRC2012_val_00040541.JPEG,-0.1518796980381012,-0.0039738500490784645,0.0025438896846026182,-0.006517739966511726
pit_b_224,visformer_small,phase,48,ILSVRC2012_val_00040601.JPEG,-0.3172932267189026,-0.002825584029778838,0.00045152075472287834,-0.003277104813605547
pit_b_224,visformer_small,phase,49,ILSVRC2012_val_00040634.JPEG,0.5112781524658203,0.008101093582808971,0.0013463696232065558,0.006754723843187094
pit_b_224,visformer_small,flip,48,ILSVRC2012_val_00040601.JPEG,0.0030075013637542725,-0.0014169048517942429,0.00045152075472287834,-0.0018684256356209517
pit_b_224,visformer_small,flip,49,ILSVRC2012_val_00040634.JPEG,0.06616543233394623,-0.0034231822937726974,0.0013463696232065558,-0.004769552033394575
pit_b_224,visformer_small,consensus,48,ILSVRC2012_val_00040601.JPEG,-0.23759399354457855,-0.0031767243053764105,0.00045152075472287834,-0.0036282450892031193
pit_b_224,visformer_small,consensus,49,ILSVRC2012_val_00040634.JPEG,0.38646620512008667,0.008101093582808971,0.0013463696232065558,0.006754723843187094
pit_b_224,visformer_small,shuffled_semantic,48,ILSVRC2012_val_00040601.JPEG,-0.18496239185333252,0.001620604656636715,0.00045152075472287834,0.0011690838728100061
pit_b_224,visformer_small,shuffled_semantic,49,ILSVRC2012_val_00040634.JPEG,-0.5112782716751099,-0.009390436112880707,0.0013463696232065558,-0.010736805386841297
pit_b_224,visformer_small,phase,50,ILSVRC2012_val_00040798.JPEG,0.32030075788497925,0.004487534053623676,0.0028623458929359913,0.001625188160687685
pit_b_224,visformer_small,phase,51,ILSVRC2012_val_00040930.JPEG,-0.10827067494392395,-0.014013414271175861,-0.010475371964275837,-0.0035380423069000244
pit_b_224,visformer_small,flip,50,ILSVRC2012_val_00040798.JPEG,0.11428572237491608,0.003410062287002802,0.0028623458929359913,0.0005477163940668106
pit_b_224,visformer_small,flip,51,ILSVRC2012_val_00040930.JPEG,-0.09323307871818542,-0.009763882495462894,-0.010475371964275837,0.0007114894688129425
pit_b_224,visformer_small,consensus,50,ILSVRC2012_val_00040798.JPEG,0.31578946113586426,0.001978820888325572,0.0028623458929359913,-0.0008835250046104193
pit_b_224,visformer_small,consensus,51,ILSVRC2012_val_00040930.JPEG,-0.2857142984867096,-0.014855772256851196,-0.010475371964275837,-0.004380400292575359
pit_b_224,visformer_small,shuffled_semantic,50,ILSVRC2012_val_00040798.JPEG,0.02857144922018051,0.0022683374118059874,0.0028623458929359913,-0.0005940084811300039
pit_b_224,visformer_small,shuffled_semantic,51,ILSVRC2012_val_00040930.JPEG,0.1699248105287552,-0.005055735353380442,-0.010475371964275837,0.005419636610895395
pit_b_224,visformer_small,phase,52,ILSVRC2012_val_00040952.JPEG,-0.30225563049316406,-0.009321296587586403,-0.0067390869371593,-0.002582209650427103
pit_b_224,visformer_small,phase,53,ILSVRC2012_val_00040966.JPEG,0.13233083486557007,0.0065145897679030895,0.003482472850009799,0.0030321169178932905
pit_b_224,visformer_small,flip,52,ILSVRC2012_val_00040952.JPEG,-0.030075177550315857,-0.010815060697495937,-0.0067390869371593,-0.0040759737603366375
pit_b_224,visformer_small,flip,53,ILSVRC2012_val_00040966.JPEG,0.42706766724586487,0.01260176207870245,0.003482472850009799,0.009119288995862007
pit_b_224,visformer_small,consensus,52,ILSVRC2012_val_00040952.JPEG,-0.27368420362472534,-0.006599596235901117,-0.0067390869371593,0.00013949070125818253
pit_b_224,visformer_small,consensus,53,ILSVRC2012_val_00040966.JPEG,0.37142857909202576,0.009503759443759918,0.003482472850009799,0.0060212863609194756
pit_b_224,visformer_small,shuffled_semantic,52,ILSVRC2012_val_00040952.JPEG,-0.036090247333049774,-0.0073835402727127075,-0.0067390869371593,-0.0006444533355534077
pit_b_224,visformer_small,shuffled_semantic,53,ILSVRC2012_val_00040966.JPEG,-0.14586469531059265,0.0033977502025663853,0.003482472850009799,-8.472264744341373e-05
pit_b_224,visformer_small,phase,54,ILSVRC2012_val_00041010.JPEG,0.03759397566318512,-0.0010800944874063134,-0.002794832456856966,0.0017147379694506526
pit_b_224,visformer_small,phase,55,ILSVRC2012_val_00041063.JPEG,0.4375939965248108,0.0054252478294074535,-0.00201301253400743,0.00743826013058424
pit_b_224,visformer_small,flip,54,ILSVRC2012_val_00041010.JPEG,-0.39398500323295593,-0.010609849356114864,-0.002794832456856966,-0.007815016433596611
pit_b_224,visformer_small,flip,55,ILSVRC2012_val_00041063.JPEG,0.12030074745416641,-0.002708951709792018,-0.00201301253400743,-0.0006959391757845879
pit_b_224,visformer_small,consensus,54,ILSVRC2012_val_00041010.JPEG,-0.15488721430301666,-0.009373096749186516,-0.002794832456856966,-0.00657826429232955
pit_b_224,visformer_small,consensus,55,ILSVRC2012_val_00041063.JPEG,0.36992478370666504,0.0030384620185941458,-0.00201301253400743,0.005051474552601576
pit_b_224,visformer_small,shuffled_semantic,54,ILSVRC2012_val_00041010.JPEG,0.12180450558662415,-0.004866433795541525,-0.002794832456856966,-0.002071601338684559
pit_b_224,visformer_small,shuffled_semantic,55,ILSVRC2012_val_00041063.JPEG,-0.49022558331489563,-0.008316255174577236,-0.00201301253400743,-0.0063032424077391624
pit_b_224,visformer_small,phase,56,ILSVRC2012_val_00041080.JPEG,0.31127816438674927,0.014805078506469727,0.015511246398091316,-0.0007061678916215897
pit_b_224,visformer_small,phase,57,ILSVRC2012_val_00041241.JPEG,-0.2210526168346405,-0.0021015764214098454,-2.657119148352649e-05,-0.0020750053226947784
pit_b_224,visformer_small,flip,56,ILSVRC2012_val_00041080.JPEG,-0.2902255654335022,0.005512584000825882,0.015511246398091316,-0.009998662397265434
pit_b_224,visformer_small,flip,57,ILSVRC2012_val_00041241.JPEG,0.2616541385650635,0.005141140893101692,-2.657119148352649e-05,0.005167711991816759
pit_b_224,visformer_small,consensus,56,ILSVRC2012_val_00041080.JPEG,0.24661654233932495,0.020218510180711746,0.015511246398091316,0.00470726378262043
pit_b_224,visformer_small,consensus,57,ILSVRC2012_val_00041241.JPEG,-0.08721804618835449,-0.0014453254407271743,-2.657119148352649e-05,-0.0014187542255967855
pit_b_224,visformer_small,shuffled_semantic,56,ILSVRC2012_val_00041080.JPEG,-0.4962405860424042,0.006679457612335682,0.015511246398091316,-0.008831788785755634
pit_b_224,visformer_small,shuffled_semantic,57,ILSVRC2012_val_00041241.JPEG,-0.3864661753177643,-0.0043592690490186214,-2.657119148352649e-05,-0.0043326979503035545
pit_b_224,visformer_small,phase,58,ILSVRC2012_val_00041354.JPEG,0.23157894611358643,0.021196024492383003,0.018602827563881874,0.002593196928501129
pit_b_224,visformer_small,phase,59,ILSVRC2012_val_00041406.JPEG,0.2526315748691559,0.0016288800397887826,-0.0014077789383009076,0.00303665897808969
pit_b_224,visformer_small,flip,58,ILSVRC2012_val_00041354.JPEG,0.38496243953704834,0.019125500693917274,0.018602827563881874,0.0005226731300354004
pit_b_224,visformer_small,flip,59,ILSVRC2012_val_00041406.JPEG,0.27518796920776367,-0.0027268368285149336,-0.0014077789383009076,-0.001319057890214026
pit_b_224,visformer_small,consensus,58,ILSVRC2012_val_00041354.JPEG,0.5082706809043884,0.02519758604466915,0.018602827563881874,0.006594758480787277
pit_b_224,visformer_small,consensus,59,ILSVRC2012_val_00041406.JPEG,0.378947377204895,0.00481004873290658,-0.0014077789383009076,0.006217827554792166
pit_b_224,visformer_small,shuffled_semantic,58,ILSVRC2012_val_00041354.JPEG,-0.2165413498878479,0.01266695000231266,0.018602827563881874,-0.005935877561569214
pit_b_224,visformer_small,shuffled_semantic,59,ILSVRC2012_val_00041406.JPEG,0.5293232798576355,0.004038768354803324,-0.0014077789383009076,0.0054465471766889095
pit_b_224,visformer_small,phase,60,ILSVRC2012_val_00041468.JPEG,-0.12631578743457794,0.0030480939894914627,0.0032274790573865175,-0.00017938506789505482
pit_b_224,visformer_small,phase,61,ILSVRC2012_val_00041474.JPEG,-0.11127819120883942,0.0088278753682971,0.005865873768925667,0.0029620015993714333
pit_b_224,visformer_small,flip,60,ILSVRC2012_val_00041468.JPEG,0.2812029719352722,0.005669829435646534,0.0032274790573865175,0.0024423503782600164
pit_b_224,visformer_small,flip,61,ILSVRC2012_val_00041474.JPEG,-0.169924795627594,0.0020392495207488537,0.005865873768925667,-0.003826624248176813
pit_b_224,visformer_small,consensus,60,ILSVRC2012_val_00041468.JPEG,-0.10977441072463989,0.004367297515273094,0.0032274790573865175,0.0011398184578865767
pit_b_224,visformer_small,consensus,61,ILSVRC2012_val_00041474.JPEG,-0.2586466372013092,-0.0004978986107744277,0.005865873768925667,-0.0063637723214924335
pit_b_224,visformer_small,shuffled_semantic,60,ILSVRC2012_val_00041468.JPEG,0.18646618723869324,0.0036439725663512945,0.0032274790573865175,0.000416493508964777
pit_b_224,visformer_small,shuffled_semantic,61,ILSVRC2012_val_00041474.JPEG,-0.1609022170305252,-0.0006139753386378288,0.005865873768925667,-0.006479849107563496
pit_b_224,visformer_small,phase,62,ILSVRC2012_val_00041483.JPEG,-0.6075188517570496,-2.5076513338717632e-05,0.002881585154682398,-0.0029066617134958506
pit_b_224,visformer_small,phase,63,ILSVRC2012_val_00041486.JPEG,0.23308271169662476,-0.001963007962331176,-0.003955465741455555,0.001992457779124379
pit_b_224,visformer_small,flip,62,ILSVRC2012_val_00041483.JPEG,0.15488719940185547,0.0016946010291576385,0.002881585154682398,-0.0011869841255247593
pit_b_224,visformer_small,flip,63,ILSVRC2012_val_00041486.JPEG,-0.10526315867900848,-0.0025880292523652315,-0.003955465741455555,0.0013674364890903234
pit_b_224,visformer_small,consensus,62,ILSVRC2012_val_00041483.JPEG,-0.5609022378921509,-0.0013159032678231597,0.002881585154682398,-0.004197488538920879
pit_b_224,visformer_small,consensus,63,ILSVRC2012_val_00041486.JPEG,0.07218046486377716,-0.003614226123318076,-0.003955465741455555,0.00034123961813747883
pit_b_224,visformer_small,shuffled_semantic,62,ILSVRC2012_val_00041483.JPEG,0.25563910603523254,0.005525610875338316,0.002881585154682398,0.002644025720655918
pit_b_224,visformer_small,shuffled_semantic,63,ILSVRC2012_val_00041486.JPEG,-0.05864660441875458,-0.006283563561737537,-0.003955465741455555,-0.0023280978202819824
