source_model,target_model,sample_index,image_name,condition,source_target_promotion_iou,target_clean_correct,raw_target_gradient_cosine,processed_target_gradient_cosine,raw_target_sign_agreement,processed_target_sign_agreement,one_step_target_logit_drop,one_step_target_loss_increase,one_step_target_prediction_changed
pit_b_224,vit_base_patch16_224,0,ILSVRC2012_val_00031361.JPEG,promotion,0.0,True,-0.00991765782237053,-0.010671112686395645,0.4938948154449463,0.4945259392261505,-0.12630701065063477,-0.0337948203086853,False
pit_b_224,vit_base_patch16_224,1,ILSVRC2012_val_00031410.JPEG,promotion,0.0,True,-0.0008025130955502391,0.0003898991271853447,0.5037733912467957,0.5033748149871826,0.050927162170410156,0.003816865384578705,False
pit_b_224,vit_base_patch16_224,0,ILSVRC2012_val_00031361.JPEG,final_high,0.0,True,-0.004523990675806999,-0.005779963452368975,0.4949510991573334,0.4942004084587097,-0.09175825119018555,-0.024831652641296387,False
pit_b_224,vit_base_patch16_224,1,ILSVRC2012_val_00031410.JPEG,final_high,0.0,True,0.004193393047899008,0.004778735339641571,0.5025842189788818,0.5025444030761719,0.23497676849365234,0.020588010549545288,False
pit_b_224,vit_base_patch16_224,0,ILSVRC2012_val_00031361.JPEG,random,0.0,True,0.003256798256188631,0.0029689869843423367,0.4957217276096344,0.4967580735683441,-0.05373525619506836,-0.01710355281829834,False
pit_b_224,vit_base_patch16_224,1,ILSVRC2012_val_00031410.JPEG,random,0.0,True,-0.010617190971970558,-0.008837554603815079,0.5011360049247742,0.5006310939788818,0.0905599594116211,0.008871354162693024,False
pit_b_224,vit_base_patch16_224,0,ILSVRC2012_val_00031361.JPEG,uniform,0.0,True,-0.0004410024848766625,-0.000746076344512403,0.498252809047699,0.49651890993118286,-0.2844977378845215,-0.09651821851730347,False
pit_b_224,vit_base_patch16_224,1,ILSVRC2012_val_00031410.JPEG,uniform,0.0,True,0.004316193982958794,0.00459249597042799,0.5036604404449463,0.5041453838348389,0.015546798706054688,0.0012958124279975891,False
pit_b_224,vit_base_patch16_224,2,ILSVRC2012_val_00031472.JPEG,promotion,0.0,True,0.011555993929505348,0.012602800503373146,0.511114239692688,0.5115725994110107,0.40876102447509766,0.07189229130744934,False
pit_b_224,vit_base_patch16_224,3,ILSVRC2012_val_00031495.JPEG,promotion,0.0,True,-0.00011979020200669765,0.0011141726281493902,0.5116456747055054,0.5135257244110107,0.2489480972290039,0.04118598252534866,False
pit_b_224,vit_base_patch16_224,2,ILSVRC2012_val_00031472.JPEG,final_high,0.0,True,0.01851208135485649,0.01876010373234749,0.5068093538284302,0.5069023966789246,0.1880331039428711,0.05501425266265869,False
pit_b_224,vit_base_patch16_224,3,ILSVRC2012_val_00031495.JPEG,final_high,0.0,True,0.009298387914896011,0.01094754971563816,0.5116855502128601,0.5147613883018494,0.30336475372314453,0.0721641406416893,False
pit_b_224,vit_base_patch16_224,2,ILSVRC2012_val_00031472.JPEG,random,0.0,True,0.024495670571923256,0.021987630054354668,0.5011360049247742,0.5008237957954407,0.06457710266113281,0.014488324522972107,False
pit_b_224,vit_base_patch16_224,3,ILSVRC2012_val_00031495.JPEG,random,0.0,True,-0.035817213356494904,-0.03790444880723953,0.5117652416229248,0.514249861240387,0.182952880859375,0.07242771238088608,False
pit_b_224,vit_base_patch16_224,2,ILSVRC2012_val_00031472.JPEG,uniform,0.0,True,-0.001238303491845727,-0.0012723900144919753,0.5062247514724731,0.5063377022743225,0.6819334030151367,0.1465124487876892,False
pit_b_224,vit_base_patch16_224,3,ILSVRC2012_val_00031495.JPEG,uniform,0.0,True,-0.008039116859436035,-0.0042809415608644485,0.511532723903656,0.5136851668357849,0.37935352325439453,0.06436683982610703,False
pit_b_224,vit_base_patch16_224,4,ILSVRC2012_val_00031548.JPEG,promotion,0.07692307978868484,True,-0.012175586074590683,-0.013223226182162762,0.503926157951355,0.5055471658706665,0.1566171646118164,0.031154513359069824,False
pit_b_224,vit_base_patch16_224,5,ILSVRC2012_val_00031586.JPEG,promotion,0.07692307978868484,True,0.0515768900513649,0.05609435588121414,0.5141302347183228,0.5153924822807312,0.7144374847412109,0.15293805301189423,False
pit_b_224,vit_base_patch16_224,4,ILSVRC2012_val_00031548.JPEG,final_high,0.07692307978868484,True,-0.011132361367344856,-0.012164600193500519,0.5016940236091614,0.5017006993293762,0.2454824447631836,0.02751106023788452,False
pit_b_224,vit_base_patch16_224,5,ILSVRC2012_val_00031586.JPEG,final_high,0.07692307978868484,True,0.027818217873573303,0.03020637482404709,0.5112470984458923,0.512110710144043,0.8029508590698242,0.21198351681232452,False
pit_b_224,vit_base_patch16_224,4,ILSVRC2012_val_00031548.JPEG,random,0.07692307978868484,True,-0.006510453764349222,-0.006280624307692051,0.5011559128761292,0.5002591013908386,0.17535018920898438,0.004991799592971802,False
pit_b_224,vit_base_patch16_224,5,ILSVRC2012_val_00031586.JPEG,random,0.07692307978868484,True,0.01917855441570282,0.020637471228837967,0.5078125,0.5079652667045593,0.37670326232910156,0.06322236359119415,False
pit_b_224,vit_base_patch16_224,4,ILSVRC2012_val_00031548.JPEG,uniform,0.07692307978868484,True,-0.0058206492103636265,-0.006371175404638052,0.5000796914100647,0.4989902079105377,0.054488182067871094,-0.03046286106109619,False
pit_b_224,vit_base_patch16_224,5,ILSVRC2012_val_00031586.JPEG,uniform,0.07692307978868484,True,-0.01956171914935112,-0.017276542261242867,0.5000265836715698,0.5008769035339355,0.2463703155517578,0.03797265887260437,False
pit_b_224,vit_base_patch16_224,6,ILSVRC2012_val_00031588.JPEG,promotion,0.0,True,9.812996722757816e-05,8.444639388471842e-05,0.5026174783706665,0.5025842189788818,0.06753826141357422,0.009967759251594543,False
pit_b_224,vit_base_patch16_224,7,ILSVRC2012_val_00031593.JPEG,promotion,0.1666666716337204,True,-0.003474234603345394,-0.0020914431661367416,0.4981996715068817,0.4985252022743225,0.08033561706542969,0.011196240782737732,False
pit_b_224,vit_base_patch16_224,6,ILSVRC2012_val_00031588.JPEG,final_high,0.0,True,0.0020584031008183956,0.002275601727887988,0.5015478730201721,0.5012755393981934,0.058101654052734375,0.008428573608398438,False
pit_b_224,vit_base_patch16_224,7,ILSVRC2012_val_00031593.JPEG,final_high,0.1666666716337204,True,-0.003125870367512107,-0.0018922160379588604,0.498159795999527,0.4979671537876129,0.026815414428710938,0.004127413034439087,False
pit_b_224,vit_base_patch16_224,6,ILSVRC2012_val_00031588.JPEG,random,0.0,True,0.006666653789579868,0.006996645592153072,0.5046901702880859,0.5045706033706665,0.11731815338134766,0.0158369243144989,False
pit_b_224,vit_base_patch16_224,7,ILSVRC2012_val_00031593.JPEG,random,0.1666666716337204,True,0.08292295783758163,0.09024186432361603,0.5009499788284302,0.5022653341293335,0.07819271087646484,0.011064916849136353,False
pit_b_224,vit_base_patch16_224,6,ILSVRC2012_val_00031588.JPEG,uniform,0.0,True,2.1211570128798485e-05,7.46697187423706e-05,0.49726295471191406,0.49695074558258057,0.009732246398925781,0.0028916895389556885,False
pit_b_224,vit_base_patch16_224,7,ILSVRC2012_val_00031593.JPEG,uniform,0.1666666716337204,True,-0.0013112594606354833,-0.0014742667553946376,0.5056866407394409,0.5069023966789246,0.03444862365722656,0.004886820912361145,False
pit_b_224,vit_base_patch16_224,8,ILSVRC2012_val_00031629.JPEG,promotion,0.07692307978868484,True,0.00804544985294342,0.007441510446369648,0.5035474896430969,0.5043779015541077,0.05247020721435547,0.01902151107788086,False
pit_b_224,vit_base_patch16_224,9,ILSVRC2012_val_00031647.JPEG,promotion,0.1666666716337204,True,0.008234699256718159,0.009126685559749603,0.5010496377944946,0.5017803907394409,0.12381362915039062,0.012547403573989868,False
pit_b_224,vit_base_patch16_224,8,ILSVRC2012_val_00031629.JPEG,final_high,0.07692307978868484,True,0.01253621093928814,0.013481027446687222,0.5064705610275269,0.5075998902320862,0.31153392791748047,0.05783556401729584,False
pit_b_224,vit_base_patch16_224,9,ILSVRC2012_val_00031647.JPEG,final_high,0.1666666716337204,True,-1.807953231036663e-05,0.0005672704428434372,0.5037800073623657,0.5036205649375916,0.13084983825683594,0.015358403325080872,False
pit_b_224,vit_base_patch16_224,8,ILSVRC2012_val_00031629.JPEG,random,0.07692307978868484,True,-0.016163375228643417,-0.016169436275959015,0.5016807317733765,0.502351701259613,0.1794452667236328,0.03200028836727142,False
pit_b_224,vit_base_patch16_224,9,ILSVRC2012_val_00031647.JPEG,random,0.1666666716337204,True,-0.016086619347333908,-0.015889568254351616,0.5026639699935913,0.5026108026504517,0.09176349639892578,0.009004011750221252,False
pit_b_224,vit_base_patch16_224,8,ILSVRC2012_val_00031629.JPEG,uniform,0.07692307978868484,True,0.01013303454965353,0.011230744421482086,0.5003387928009033,0.5003122091293335,0.11876964569091797,0.018583402037620544,False
pit_b_224,vit_base_patch16_224,9,ILSVRC2012_val_00031647.JPEG,uniform,0.1666666716337204,True,-0.005087022669613361,-0.0053309062495827675,0.504092276096344,0.5037534832954407,0.09937191009521484,0.01128418743610382,False
pit_b_224,vit_base_patch16_224,10,ILSVRC2012_val_00031670.JPEG,promotion,0.07692307978868484,True,0.006779660005122423,0.006208695471286774,0.5078921914100647,0.5073408484458923,0.2766275405883789,0.13503265380859375,False
pit_b_224,vit_base_patch16_224,11,ILSVRC2012_val_00031686.JPEG,promotion,0.27272728085517883,True,-0.009510582312941551,-0.011105801910161972,0.5182690024375916,0.5187672972679138,0.2766380310058594,0.071107417345047,False
pit_b_224,vit_base_patch16_224,10,ILSVRC2012_val_00031670.JPEG,final_high,0.07692307978868484,True,0.01833796128630638,0.018025320023298264,0.5094201564788818,0.5106492042541504,0.3079977035522461,0.11906331777572632,False
pit_b_224,vit_base_patch16_224,11,ILSVRC2012_val_00031686.JPEG,final_high,0.27272728085517883,True,-0.02398328110575676,-0.025473594665527344,0.5159505009651184,0.5168207883834839,0.26876354217529297,0.06660862267017365,False
pit_b_224,vit_base_patch16_224,10,ILSVRC2012_val_00031670.JPEG,random,0.07692307978868484,True,0.04362346976995468,0.04250253736972809,0.5114463567733765,0.5124561786651611,0.2993297576904297,0.13431251049041748,False
pit_b_224,vit_base_patch16_224,11,ILSVRC2012_val_00031686.JPEG,random,0.27272728085517883,True,-0.010642190463840961,-0.010988553054630756,0.5183022618293762,0.5189134478569031,0.3182096481323242,0.07546214759349823,False
pit_b_224,vit_base_patch16_224,10,ILSVRC2012_val_00031670.JPEG,uniform,0.07692307978868484,True,0.04002716392278671,0.04252992570400238,0.5153127908706665,0.5158376097679138,0.4069223403930664,0.1698203682899475,False
pit_b_224,vit_base_patch16_224,11,ILSVRC2012_val_00031686.JPEG,uniform,0.27272728085517883,True,0.005950319580733776,0.004780688788741827,0.5170466899871826,0.5185480713844299,0.251617431640625,0.0596921443939209,False
pit_b_224,vit_base_patch16_224,12,ILSVRC2012_val_00031762.JPEG,promotion,0.1666666716337204,False,0.08106838166713715,0.08460158854722977,0.5291905999183655,0.5308181643486023,2.1403822898864746,2.1798765659332275,True
pit_b_224,vit_base_patch16_224,13,ILSVRC2012_val_00031783.JPEG,promotion,0.0,True,0.0007356249261647463,0.0015132613480091095,0.5137383341789246,0.513877809047699,0.009701728820800781,0.016277730464935303,False
pit_b_224,vit_base_patch16_224,12,ILSVRC2012_val_00031762.JPEG,final_high,0.1666666716337204,False,0.09106609225273132,0.09345066547393799,0.5296489596366882,0.5300940871238708,2.1736197471618652,2.2571587562561035,False
pit_b_224,vit_base_patch16_224,13,ILSVRC2012_val_00031783.JPEG,final_high,0.0,True,0.005074727348983288,0.005914289504289627,0.5139907598495483,0.5154456496238708,0.15673255920410156,0.05920594930648804,False
pit_b_224,vit_base_patch16_224,12,ILSVRC2012_val_00031762.JPEG,random,0.1666666716337204,False,0.06544271111488342,0.06797899305820465,0.5295958518981934,0.5307185649871826,2.0969672203063965,2.060702085494995,False
pit_b_224,vit_base_patch16_224,13,ILSVRC2012_val_00031783.JPEG,random,0.0,True,0.0037672503385692835,0.0036270874552428722,0.5122568607330322,0.5118051171302795,0.14942073822021484,0.041375935077667236,False
pit_b_224,vit_base_patch16_224,12,ILSVRC2012_val_00031762.JPEG,uniform,0.1666666716337204,False,0.10558880120515823,0.10804930329322815,0.5331898331642151,0.5319275856018066,1.9209637641906738,2.0403218269348145,False
pit_b_224,vit_base_patch16_224,13,ILSVRC2012_val_00031783.JPEG,uniform,0.0,True,0.006562353111803532,0.006048037204891443,0.5087890625,0.5089551210403442,0.07587146759033203,0.005503267049789429,False
pit_b_224,vit_base_patch16_224,14,ILSVRC2012_val_00031785.JPEG,promotion,0.1666666716337204,True,0.00012788723688572645,0.00043912307592108846,0.4975818395614624,0.49794721603393555,0.027434349060058594,0.008183449506759644,False
pit_b_224,vit_base_patch16_224,15,ILSVRC2012_val_00031789.JPEG,promotion,0.1666666716337204,True,0.022305350750684738,0.023533523082733154,0.5114729404449463,0.512469470500946,0.1971902847290039,0.06179654598236084,False
pit_b_224,vit_base_patch16_224,14,ILSVRC2012_val_00031785.JPEG,final_high,0.1666666716337204,True,-3.1540985219180584e-05,0.0003550542751327157,0.4979671537876129,0.4988573491573334,0.049025535583496094,0.013839557766914368,False
pit_b_224,vit_base_patch16_224,15,ILSVRC2012_val_00031789.JPEG,final_high,0.1666666716337204,True,0.02731122262775898,0.028905892744660378,0.5162893533706665,0.5186609625816345,0.2605276107788086,0.08418096601963043,False
pit_b_224,vit_base_patch16_224,14,ILSVRC2012_val_00031785.JPEG,random,0.1666666716337204,True,-0.0025932511780411005,-0.0028387513011693954,0.5007241368293762,0.5008968710899353,0.013336181640625,0.01029425859451294,False
pit_b_224,vit_base_patch16_224,15,ILSVRC2012_val_00031789.JPEG,random,0.1666666716337204,True,0.046586766839027405,0.04562259465456009,0.5165949463844299,0.5182955861091614,0.4249153137207031,0.09129031002521515,False
pit_b_224,vit_base_patch16_224,14,ILSVRC2012_val_00031785.JPEG,uniform,0.1666666716337204,True,0.00138336222153157,0.0020124753937125206,0.5059723258018494,0.5078191161155701,0.10500431060791016,0.02689090371131897,False
pit_b_224,vit_base_patch16_224,15,ILSVRC2012_val_00031789.JPEG,uniform,0.1666666716337204,True,0.029969019815325737,0.032491035759449005,0.5157711505889893,0.5165085792541504,0.248748779296875,0.07360576093196869,False
pit_b_224,vit_base_patch16_224,16,ILSVRC2012_val_00031922.JPEG,promotion,0.1666666716337204,True,0.010446463711559772,0.010350718162953854,0.5043314099311829,0.5041520595550537,0.08508491516113281,0.010512962937355042,False
pit_b_224,vit_base_patch16_224,17,ILSVRC2012_val_00031927.JPEG,promotion,0.1666666716337204,True,-0.009636828675866127,-0.010593514889478683,0.5022521018981934,0.5024513602256775,0.37795448303222656,0.0636090487241745,False
pit_b_224,vit_base_patch16_224,16,ILSVRC2012_val_00031922.JPEG,final_high,0.1666666716337204,True,0.02809150144457817,0.028433911502361298,0.5071282386779785,0.5079719424247742,0.21548843383789062,0.03515683114528656,False
pit_b_224,vit_base_patch16_224,17,ILSVRC2012_val_00031927.JPEG,final_high,0.1666666716337204,True,-0.012958133593201637,-0.01411403901875019,0.5023583769798279,0.503135621547699,0.5074625015258789,0.08326099812984467,False
pit_b_224,vit_base_patch16_224,16,ILSVRC2012_val_00031922.JPEG,random,0.1666666716337204,True,-0.01668372005224228,-0.017554379999637604,0.5061051845550537,0.5067096948623657,0.18206501007080078,0.027034461498260498,False
pit_b_224,vit_base_patch16_224,17,ILSVRC2012_val_00031927.JPEG,random,0.1666666716337204,True,-0.0023040305823087692,-0.0018710291478782892,0.5047964453697205,0.5053611397743225,0.3638038635253906,0.06694279611110687,False
pit_b_224,vit_base_patch16_224,16,ILSVRC2012_val_00031922.JPEG,uniform,0.1666666716337204,True,0.03647109866142273,0.03910376876592636,0.5121704936027527,0.513671875,0.2091846466064453,0.03678099811077118,False
pit_b_224,vit_base_patch16_224,17,ILSVRC2012_val_00031927.JPEG,uniform,0.1666666716337204,True,0.007934914901852608,0.007990964688360691,0.5047100782394409,0.5050488710403442,0.47913265228271484,0.1130213588476181,False
pit_b_224,vit_base_patch16_224,18,ILSVRC2012_val_00032032.JPEG,promotion,0.0,True,0.023325206711888313,0.020507818087935448,0.5155054330825806,0.5151998400688171,0.16106891632080078,0.05783504247665405,False
pit_b_224,vit_base_patch16_224,19,ILSVRC2012_val_00032039.JPEG,promotion,0.0,True,0.034257836639881134,0.037120599299669266,0.5086296200752258,0.5088156461715698,0.3374948501586914,0.032899968326091766,False
pit_b_224,vit_base_patch16_224,18,ILSVRC2012_val_00032032.JPEG,final_high,0.0,True,0.03550637513399124,0.03391936048865318,0.5128547549247742,0.5133596658706665,-0.039302825927734375,-0.005526125431060791,False
pit_b_224,vit_base_patch16_224,19,ILSVRC2012_val_00032039.JPEG,final_high,0.0,True,0.03315597400069237,0.03438911586999893,0.5050355792045593,0.5045905113220215,0.2175436019897461,0.031480737030506134,False
pit_b_224,vit_base_patch16_224,18,ILSVRC2012_val_00032032.JPEG,random,0.0,True,0.02863020822405815,0.02791696973145008,0.5130407810211182,0.513260006904602,0.09321308135986328,0.031366825103759766,False
pit_b_224,vit_base_patch16_224,19,ILSVRC2012_val_00032039.JPEG,random,0.0,True,0.029508240520954132,0.03249303996562958,0.5062181353569031,0.5073939561843872,0.4053993225097656,0.05911305546760559,False
pit_b_224,vit_base_patch16_224,18,ILSVRC2012_val_00032032.JPEG,uniform,0.0,True,0.02762681245803833,0.028025515377521515,0.515060305595398,0.5151931643486023,-0.04499340057373047,0.008709371089935303,False
pit_b_224,vit_base_patch16_224,19,ILSVRC2012_val_00032039.JPEG,uniform,0.0,True,0.007271666079759598,0.0073135108686983585,0.5016276240348816,0.5015744566917419,0.03963661193847656,0.006719999015331268,False
pit_b_224,vit_base_patch16_224,20,ILSVRC2012_val_00032046.JPEG,promotion,0.0,True,-0.004404026083648205,-0.0032156016677618027,0.499887079000473,0.49906328320503235,0.16402339935302734,0.02718701958656311,False
pit_b_224,vit_base_patch16_224,21,ILSVRC2012_val_00032097.JPEG,promotion,0.0,True,0.0010337228886783123,0.0017141650896519423,0.5051552057266235,0.5054541230201721,0.13742828369140625,0.011339128017425537,False
pit_b_224,vit_base_patch16_224,20,ILSVRC2012_val_00032046.JPEG,final_high,0.0,True,0.000645685475319624,0.0005044478457421064,0.5022521018981934,0.5035275816917419,0.06079864501953125,0.016867652535438538,False
pit_b_224,vit_base_patch16_224,21,ILSVRC2012_val_00032097.JPEG,final_high,0.0,True,0.021321862936019897,0.022188303992152214,0.5060985088348389,0.5062646269798279,0.1213369369506836,0.009792990982532501,False
pit_b_224,vit_base_patch16_224,20,ILSVRC2012_val_00032046.JPEG,random,0.0,True,-0.017193444073200226,-0.01954442635178566,0.501202404499054,0.49990034103393555,0.19070053100585938,0.03535425662994385,False
pit_b_224,vit_base_patch16_224,21,ILSVRC2012_val_00032097.JPEG,random,0.0,True,0.009634535759687424,0.009803738445043564,0.5065303444862366,0.5073075890541077,0.23357772827148438,0.02793930470943451,False
pit_b_224,vit_base_patch16_224,20,ILSVRC2012_val_00032046.JPEG,uniform,0.0,True,0.007857685908675194,0.0076875388622283936,0.501375138759613,0.5015212893486023,0.08671283721923828,0.01761797070503235,False
pit_b_224,vit_base_patch16_224,21,ILSVRC2012_val_00032097.JPEG,uniform,0.0,True,0.002874187659472227,0.0037329280748963356,0.5052481889724731,0.5064904689788818,0.08985710144042969,0.005145043134689331,False
pit_b_224,vit_base_patch16_224,22,ILSVRC2012_val_00032098.JPEG,promotion,0.0,True,-0.002213337691500783,-0.003061540424823761,0.49977412819862366,0.49845877289772034,0.08994293212890625,0.017048567533493042,False
pit_b_224,vit_base_patch16_224,23,ILSVRC2012_val_00032102.JPEG,promotion,0.0,True,0.00921892561018467,0.009591260924935341,0.5086163282394409,0.5092673897743225,0.2379436492919922,0.042339205741882324,False
pit_b_224,vit_base_patch16_224,22,ILSVRC2012_val_00032098.JPEG,final_high,0.0,True,-0.005277607589960098,-0.006804934702813625,0.5011293292045593,0.4985849857330322,0.13580322265625,0.022572502493858337,False
pit_b_224,vit_base_patch16_224,23,ILSVRC2012_val_00032102.JPEG,final_high,0.0,True,0.0064979237504303455,0.006552431732416153,0.5095530152320862,0.5097257494926453,0.3345756530761719,0.06198699772357941,False
pit_b_224,vit_base_patch16_224,22,ILSVRC2012_val_00032098.JPEG,random,0.0,True,-6.250914884731174e-05,-4.424940561875701e-05,0.4974556267261505,0.4974689185619354,0.1986532211303711,0.035521283745765686,False
pit_b_224,vit_base_patch16_224,23,ILSVRC2012_val_00032102.JPEG,random,0.0,True,0.01085656601935625,0.010139810852706432,0.5095663070678711,0.5090880393981934,0.18274593353271484,0.0327681303024292,False
pit_b_224,vit_base_patch16_224,22,ILSVRC2012_val_00032098.JPEG,uniform,0.0,True,0.004059542901813984,0.003330343635752797,0.502517819404602,0.5018135905265808,0.1083383560180664,0.018411755561828613,False
pit_b_224,vit_base_patch16_224,23,ILSVRC2012_val_00032102.JPEG,uniform,0.0,True,0.008757710456848145,0.009876142255961895,0.5129610300064087,0.5134925246238708,0.2605018615722656,0.04363854229450226,False
pit_b_224,vit_base_patch16_224,24,ILSVRC2012_val_00032120.JPEG,promotion,0.0,True,0.0069650569930672646,0.006705625914037228,0.5016276240348816,0.5021989345550537,0.14084625244140625,0.017061933875083923,False
pit_b_224,vit_base_patch16_224,25,ILSVRC2012_val_00032188.JPEG,promotion,0.1666666716337204,True,0.03967976197600365,0.03912191465497017,0.5270913243293762,0.5263605713844299,0.47333335876464844,0.08158714324235916,False
pit_b_224,vit_base_patch16_224,24,ILSVRC2012_val_00032120.JPEG,final_high,0.0,True,-0.009889712557196617,-0.012625412084162235,0.5042716264724731,0.5054342150688171,0.09691715240478516,0.00682598352432251,False
pit_b_224,vit_base_patch16_224,25,ILSVRC2012_val_00032188.JPEG,final_high,0.1666666716337204,True,0.0502544566988945,0.04240377992391586,0.5249122977256775,0.5244738459587097,0.3759298324584961,0.04946369677782059,False
pit_b_224,vit_base_patch16_224,24,ILSVRC2012_val_00032120.JPEG,random,0.0,True,-0.00415753573179245,-0.005356164183467627,0.5037468075752258,0.5041719675064087,0.17850399017333984,0.015296295285224915,False
pit_b_224,vit_base_patch16_224,25,ILSVRC2012_val_00032188.JPEG,random,0.1666666716337204,True,0.020867545157670975,0.018967289477586746,0.5209529399871826,0.5198235511779785,0.46346092224121094,0.04291589558124542,False
pit_b_224,vit_base_patch16_224,24,ILSVRC2012_val_00032120.JPEG,uniform,0.0,True,-0.019470784813165665,-0.025057896971702576,0.5019863247871399,0.5033083558082581,0.06642436981201172,0.0060214996337890625,False
pit_b_224,vit_base_patch16_224,25,ILSVRC2012_val_00032188.JPEG,uniform,0.1666666716337204,True,0.019565410912036896,0.01562737114727497,0.5180630683898926,0.5174452662467957,0.6113443374633789,0.060271792113780975,False
pit_b_224,vit_base_patch16_224,26,ILSVRC2012_val_00032370.JPEG,promotion,0.27272728085517883,True,0.0064575765281915665,0.00661089550703764,0.4970038831233978,0.4973294138908386,0.23222732543945312,0.03780703246593475,False
pit_b_224,vit_base_patch16_224,27,ILSVRC2012_val_00032435.JPEG,promotion,0.1666666716337204,True,-7.973052561283112e-05,6.0191843658685684e-05,0.5051552057266235,0.5060121417045593,0.49704742431640625,0.14441032707691193,False
pit_b_224,vit_base_patch16_224,26,ILSVRC2012_val_00032370.JPEG,final_high,0.27272728085517883,True,0.008377976715564728,0.009568069130182266,0.5004251599311829,0.5009699463844299,0.1388101577758789,0.015836432576179504,False
pit_b_224,vit_base_patch16_224,27,ILSVRC2012_val_00032435.JPEG,final_high,0.1666666716337204,True,0.02380448579788208,0.02173876389861107,0.5109879970550537,0.5111607313156128,0.4741392135620117,0.16874314844608307,False
pit_b_224,vit_base_patch16_224,26,ILSVRC2012_val_00032370.JPEG,random,0.27272728085517883,True,-0.001316780922934413,-0.0028394863475114107,0.49363574385643005,0.49289169907569885,0.0012865066528320312,0.0075356364250183105,False
pit_b_224,vit_base_patch16_224,27,ILSVRC2012_val_00032435.JPEG,random,0.1666666716337204,True,-0.013981467112898827,-0.014495073817670345,0.5063443183898926,0.5060719847679138,0.46306419372558594,0.16491581499576569,False
pit_b_224,vit_base_patch16_224,26,ILSVRC2012_val_00032370.JPEG,uniform,0.27272728085517883,True,-0.004334527999162674,-0.0044057946652174,0.49479830265045166,0.4937951862812042,0.09442329406738281,0.012263663113117218,False
pit_b_224,vit_base_patch16_224,27,ILSVRC2012_val_00032435.JPEG,uniform,0.1666666716337204,True,0.014686191454529762,0.016757555305957794,0.5075666904449463,0.5076331496238708,0.6108341217041016,0.17308782041072845,False
pit_b_224,vit_base_patch16_224,28,ILSVRC2012_val_00032552.JPEG,promotion,0.07692307978868484,True,-0.020658256486058235,-0.022268421947956085,0.5024779438972473,0.5021058917045593,0.12024688720703125,0.046879544854164124,False
pit_b_224,vit_base_patch16_224,29,ILSVRC2012_val_00032623.JPEG,promotion,0.07692307978868484,True,0.0381879098713398,0.03826563432812691,0.5125890374183655,0.5136585831642151,0.4121389389038086,0.1905132234096527,False
pit_b_224,vit_base_patch16_224,28,ILSVRC2012_val_00032552.JPEG,final_high,0.07692307978868484,True,-0.023307301104068756,-0.023729857057332993,0.5048296451568604,0.5039926171302795,0.13287353515625,0.04628251492977142,False
pit_b_224,vit_base_patch16_224,29,ILSVRC2012_val_00032623.JPEG,final_high,0.07692307978868484,True,0.0420556366443634,0.04212602972984314,0.5130805969238281,0.5137715339660645,0.5539746284484863,0.25431153178215027,False
pit_b_224,vit_base_patch16_224,28,ILSVRC2012_val_00032552.JPEG,random,0.07692307978868484,True,0.0027914210222661495,0.002131354995071888,0.5044310688972473,0.5038663744926453,0.11006546020507812,0.04682992398738861,False
pit_b_224,vit_base_patch16_224,29,ILSVRC2012_val_00032623.JPEG,random,0.07692307978868484,True,0.07280755043029785,0.07273378223180771,0.5172127485275269,0.5184284448623657,0.6105895042419434,0.2864895164966583,False
pit_b_224,vit_base_patch16_224,28,ILSVRC2012_val_00032552.JPEG,uniform,0.07692307978868484,True,-0.0032209993805736303,-0.00413903035223484,0.5072013139724731,0.5065968036651611,0.31109142303466797,0.11544175446033478,False
pit_b_224,vit_base_patch16_224,29,ILSVRC2012_val_00032623.JPEG,uniform,0.07692307978868484,True,0.031021293252706528,0.03228101134300232,0.5126820206642151,0.5141103267669678,0.3974123001098633,0.26258358359336853,False
pit_b_224,vit_base_patch16_224,30,ILSVRC2012_val_00032646.JPEG,promotion,0.07692307978868484,True,-0.03574477136135101,-0.035461317747831345,0.5131337642669678,0.5137582421302795,0.2516756057739258,0.12671321630477905,False
pit_b_224,vit_base_patch16_224,31,ILSVRC2012_val_00032695.JPEG,promotion,0.07692307978868484,True,-0.00799842830747366,-0.010238569229841232,0.49123087525367737,0.490347295999527,-0.02414226531982422,-0.005604162812232971,False
pit_b_224,vit_base_patch16_224,30,ILSVRC2012_val_00032646.JPEG,final_high,0.07692307978868484,True,-0.018462752923369408,-0.016052566468715668,0.5140173435211182,0.5134592652320862,0.38353919982910156,0.21147340536117554,True
pit_b_224,vit_base_patch16_224,31,ILSVRC2012_val_00032695.JPEG,final_high,0.07692307978868484,True,-0.004339162725955248,-0.005424844101071358,0.4945591390132904,0.4936290979385376,0.10534000396728516,0.011839956045150757,False
pit_b_224,vit_base_patch16_224,30,ILSVRC2012_val_00032646.JPEG,random,0.07692307978868484,True,-0.026963353157043457,-0.026093073189258575,0.5108817219734192,0.5116257667541504,0.3102445602416992,0.1578892469406128,True
pit_b_224,vit_base_patch16_224,31,ILSVRC2012_val_00032695.JPEG,random,0.07692307978868484,True,0.004124901257455349,0.004884548485279083,0.4943399131298065,0.4931507706642151,0.025243759155273438,0.0007924437522888184,False
pit_b_224,vit_base_patch16_224,30,ILSVRC2012_val_00032646.JPEG,uniform,0.07692307978868484,True,0.00415359390899539,0.0041585625149309635,0.5075932741165161,0.5071083307266235,0.12758350372314453,0.1303667426109314,True
pit_b_224,vit_base_patch16_224,31,ILSVRC2012_val_00032695.JPEG,uniform,0.07692307978868484,True,-0.011016739532351494,-0.013944248668849468,0.4958612322807312,0.49459901452064514,0.06835365295410156,0.006731495261192322,False
pit_b_224,vit_base_patch16_224,32,ILSVRC2012_val_00032723.JPEG,promotion,0.1666666716337204,True,0.012199671939015388,0.019275888800621033,0.4969440996646881,0.49728289246559143,0.10372543334960938,0.014850020408630371,False
pit_b_224,vit_base_patch16_224,33,ILSVRC2012_val_00032911.JPEG,promotion,0.0,True,-0.008802132681012154,-0.010449659079313278,0.5022388100624084,0.5029363036155701,0.35987377166748047,0.1268939971923828,False
pit_b_224,vit_base_patch16_224,32,ILSVRC2012_val_00032723.JPEG,final_high,0.1666666716337204,True,0.021407809108495712,0.026091188192367554,0.4945259392261505,0.49571508169174194,0.11118888854980469,0.01516348123550415,False
pit_b_224,vit_base_patch16_224,33,ILSVRC2012_val_00032911.JPEG,final_high,0.0,True,-0.008458876982331276,-0.009680106304585934,0.4990500211715698,0.49912309646606445,0.31702518463134766,0.09717750549316406,False
pit_b_224,vit_base_patch16_224,32,ILSVRC2012_val_00032723.JPEG,random,0.1666666716337204,True,0.01928522065281868,0.025155894458293915,0.49582138657569885,0.4957881569862366,0.14687061309814453,0.018545076251029968,False
pit_b_224,vit_base_patch16_224,33,ILSVRC2012_val_00032911.JPEG,random,0.0,True,0.0004078641068190336,-0.00033919140696525574,0.5000398755073547,0.5003852844238281,0.2905235290527344,0.07081010937690735,False
pit_b_224,vit_base_patch16_224,32,ILSVRC2012_val_00032723.JPEG,uniform,0.1666666716337204,True,-0.006713177543133497,-0.006560089997947216,0.500205934047699,0.5007307529449463,0.07719039916992188,0.01004454493522644,False
pit_b_224,vit_base_patch16_224,33,ILSVRC2012_val_00032911.JPEG,uniform,0.0,True,0.002477355534210801,0.0026116862427443266,0.5031688213348389,0.5036604404449463,0.10696220397949219,0.03958192467689514,False
pit_b_224,vit_base_patch16_224,34,ILSVRC2012_val_00032926.JPEG,promotion,0.07692307978868484,True,0.0014723135391250253,0.0009068315848708153,0.49771469831466675,0.49873778223991394,0.3022880554199219,0.02089991420507431,False
pit_b_224,vit_base_patch16_224,35,ILSVRC2012_val_00032950.JPEG,promotion,0.07692307978868484,True,0.0046508838422596455,0.004386077634990215,0.49579480290412903,0.4954094886779785,0.2127542495727539,0.01966884732246399,False
pit_b_224,vit_base_patch16_224,34,ILSVRC2012_val_00032926.JPEG,final_high,0.07692307978868484,True,0.0016147869173437357,0.0006293684709817171,0.49346300959587097,0.4935028553009033,0.3465414047241211,0.024654962122440338,False
pit_b_224,vit_base_patch16_224,35,ILSVRC2012_val_00032950.JPEG,final_high,0.07692307978868484,True,-0.0019995002076029778,-0.0016393603291362524,0.496977299451828,0.49744898080825806,0.08310794830322266,0.006926685571670532,False
pit_b_224,vit_base_patch16_224,34,ILSVRC2012_val_00032926.JPEG,random,0.07692307978868484,True,-0.00842304527759552,-0.008467311970889568,0.4951836168766022,0.49335670471191406,0.1606884002685547,0.005510017275810242,False
pit_b_224,vit_base_patch16_224,35,ILSVRC2012_val_00032950.JPEG,random,0.07692307978868484,True,0.0007558301440440118,0.0004363380139693618,0.4966650605201721,0.49550914764404297,0.0733327865600586,0.006532557308673859,False
pit_b_224,vit_base_patch16_224,34,ILSVRC2012_val_00032926.JPEG,uniform,0.07692307978868484,True,-0.0012917618732899427,-0.0006383256986737251,0.4960605204105377,0.4957815110683441,0.2755765914916992,0.02160690724849701,False
pit_b_224,vit_base_patch16_224,35,ILSVRC2012_val_00032950.JPEG,uniform,0.07692307978868484,True,-0.015669364482164383,-0.01651614159345627,0.49177560210227966,0.491005003452301,0.07831859588623047,0.007853753864765167,False
pit_b_224,vit_base_patch16_224,36,ILSVRC2012_val_00033014.JPEG,promotion,0.1666666716337204,True,0.01920260302722454,0.017921997234225273,0.5099848508834839,0.5098984837532043,0.3544464111328125,0.12815630435943604,False
pit_b_224,vit_base_patch16_224,37,ILSVRC2012_val_00033018.JPEG,promotion,0.0,True,-0.008500559255480766,-0.009123357012867928,0.5052216053009033,0.5047831535339355,0.05527305603027344,0.007867962121963501,False
pit_b_224,vit_base_patch16_224,36,ILSVRC2012_val_00033014.JPEG,final_high,0.1666666716337204,True,0.03059518150985241,0.032230742275714874,0.5120309591293335,0.5125624537467957,0.5640544891357422,0.26863616704940796,False
pit_b_224,vit_base_patch16_224,37,ILSVRC2012_val_00033018.JPEG,final_high,0.0,True,-0.004703217186033726,-0.0037924074567854404,0.5076597332954407,0.5080716013908386,0.0648488998413086,0.004258275032043457,False
pit_b_224,vit_base_patch16_224,36,ILSVRC2012_val_00033014.JPEG,random,0.1666666716337204,True,0.022564373910427094,0.021366199478507042,0.5075135231018066,0.5093072652816772,0.2634706497192383,0.09271371364593506,False
pit_b_224,vit_base_patch16_224,37,ILSVRC2012_val_00033018.JPEG,random,0.0,True,-0.007081133313477039,-0.006703970022499561,0.5057530999183655,0.5056999325752258,0.05452442169189453,0.005090206861495972,False
pit_b_224,vit_base_patch16_224,36,ILSVRC2012_val_00033014.JPEG,uniform,0.1666666716337204,True,0.038305360823869705,0.038563042879104614,0.5099782347679138,0.5107156038284302,0.19234275817871094,0.17647254467010498,False
pit_b_224,vit_base_patch16_224,37,ILSVRC2012_val_00033018.JPEG,uniform,0.0,True,0.02827468328177929,0.027995653450489044,0.508975088596344,0.5093337893486023,0.1497344970703125,0.055699318647384644,False
pit_b_224,vit_base_patch16_224,38,ILSVRC2012_val_00033076.JPEG,promotion,0.27272728085517883,True,0.014332416467368603,0.015285015106201172,0.5085764527320862,0.5086562037467957,0.12722492218017578,0.01566125452518463,False
pit_b_224,vit_base_patch16_224,39,ILSVRC2012_val_00033149.JPEG,promotion,0.1666666716337204,False,0.035718563944101334,0.039607614278793335,0.499813973903656,0.5007839202880859,0.31649065017700195,0.24219989776611328,False
pit_b_224,vit_base_patch16_224,38,ILSVRC2012_val_00033076.JPEG,final_high,0.27272728085517883,True,0.006109745241701603,0.0072464412078261375,0.5080649256706238,0.509161114692688,0.1675090789794922,0.02023133635520935,False
pit_b_224,vit_base_patch16_224,39,ILSVRC2012_val_00033149.JPEG,final_high,0.1666666716337204,False,0.0374135859310627,0.04107552021741867,0.5021058917045593,0.5028566122055054,0.3222794532775879,0.23923814296722412,False
pit_b_224,vit_base_patch16_224,38,ILSVRC2012_val_00033076.JPEG,random,0.27272728085517883,True,-0.004493412561714649,-0.003558106254786253,0.505859375,0.5060786008834839,0.12612342834472656,0.015007361769676208,False
pit_b_224,vit_base_patch16_224,39,ILSVRC2012_val_00033149.JPEG,random,0.1666666716337204,False,0.030324313789606094,0.03235214203596115,0.5026772618293762,0.505254864692688,0.17982721328735352,0.11902117729187012,False
pit_b_224,vit_base_patch16_224,38,ILSVRC2012_val_00033076.JPEG,uniform,0.27272728085517883,True,0.0005447762086987495,0.0012335646897554398,0.5043911933898926,0.5049957633018494,0.12115669250488281,0.01450321078300476,False
pit_b_224,vit_base_patch16_224,39,ILSVRC2012_val_00033149.JPEG,uniform,0.1666666716337204,False,0.02761700749397278,0.027620799839496613,0.5001527667045593,0.5015013813972473,0.3490791320800781,0.1650252342224121,False
pit_b_224,vit_base_patch16_224,40,ILSVRC2012_val_00033150.JPEG,promotion,0.0,True,0.011571468785405159,0.012778829783201218,0.5031090378761292,0.5032618641853333,0.14056968688964844,0.02117420732975006,False
pit_b_224,vit_base_patch16_224,41,ILSVRC2012_val_00033171.JPEG,promotion,0.07692307978868484,True,-0.003923555836081505,-0.004078282508999109,0.5005713105201721,0.5009499788284302,0.053320884704589844,0.01495380699634552,False
pit_b_224,vit_base_patch16_224,40,ILSVRC2012_val_00033150.JPEG,final_high,0.0,True,0.011571468785405159,0.012778829783201218,0.5031090378761292,0.5032618641853333,0.14056968688964844,0.02117420732975006,False
pit_b_224,vit_base_patch16_224,41,ILSVRC2012_val_00033171.JPEG,final_high,0.07692307978868484,True,-0.002096945885568857,-0.0022903818171471357,0.5027901530265808,0.5023317933082581,0.04489612579345703,0.00777280330657959,False
pit_b_224,vit_base_patch16_224,40,ILSVRC2012_val_00033150.JPEG,random,0.0,True,0.026098137721419334,0.024814538657665253,0.5032618641853333,0.502909779548645,0.005784034729003906,-0.0001790076494216919,False
pit_b_224,vit_base_patch16_224,41,ILSVRC2012_val_00033171.JPEG,random,0.07692307978868484,True,0.06829915940761566,0.06586955487728119,0.5019996166229248,0.5032817721366882,0.05323314666748047,0.015881314873695374,False
pit_b_224,vit_base_patch16_224,40,ILSVRC2012_val_00033150.JPEG,uniform,0.0,True,-0.005974683910608292,-0.007731406018137932,0.49751541018486023,0.4966717064380646,0.02148723602294922,0.005239889025688171,False
pit_b_224,vit_base_patch16_224,41,ILSVRC2012_val_00033171.JPEG,uniform,0.07692307978868484,True,-0.003871846478432417,-0.004598613828420639,0.5022919178009033,0.5029363036155701,0.2038736343383789,0.033198654651641846,False
pit_b_224,vit_base_patch16_224,42,ILSVRC2012_val_00033207.JPEG,promotion,0.0,True,-0.06494619697332382,-0.06831958889961243,0.48861342668533325,0.4863148331642151,0.17397403717041016,0.016937531530857086,False
pit_b_224,vit_base_patch16_224,43,ILSVRC2012_val_00033255.JPEG,promotion,0.0,True,0.027219289913773537,0.03246157616376877,0.5092673897743225,0.5107288956642151,0.5533666610717773,0.1746339052915573,False
pit_b_224,vit_base_patch16_224,42,ILSVRC2012_val_00033207.JPEG,final_high,0.0,True,-0.04292045533657074,-0.046171125024557114,0.49095848202705383,0.4878759980201721,0.12885761260986328,0.012590520083904266,False
pit_b_224,vit_base_patch16_224,43,ILSVRC2012_val_00033255.JPEG,final_high,0.0,True,0.03926350176334381,0.04425748437643051,0.5133131146430969,0.515811026096344,0.9950361251831055,0.3915485739707947,False
pit_b_224,vit_base_patch16_224,42,ILSVRC2012_val_00033207.JPEG,random,0.0,True,0.0009789043106138706,0.001139877364039421,0.49667835235595703,0.4966517984867096,0.20607662200927734,0.025777943432331085,False
pit_b_224,vit_base_patch16_224,43,ILSVRC2012_val_00033255.JPEG,random,0.0,True,0.03068617358803749,0.033675406128168106,0.5059258341789246,0.5075201988220215,0.5328845977783203,0.16402371227741241,False
pit_b_224,vit_base_patch16_224,42,ILSVRC2012_val_00033207.JPEG,uniform,0.0,True,0.052536167204380035,0.05311927944421768,0.5042052268981934,0.5029562711715698,0.07925701141357422,0.011461406946182251,False
pit_b_224,vit_base_patch16_224,43,ILSVRC2012_val_00033255.JPEG,uniform,0.0,True,0.0378480926156044,0.04379618912935257,0.5172393321990967,0.5199829936027527,1.6037297248840332,0.9530486464500427,True
pit_b_224,vit_base_patch16_224,44,ILSVRC2012_val_00033340.JPEG,promotion,0.07692307978868484,True,0.06425946205854416,0.06424039602279663,0.5081380009651184,0.5099649429321289,0.2021465301513672,0.03548695147037506,False
pit_b_224,vit_base_patch16_224,45,ILSVRC2012_val_00033725.JPEG,promotion,0.0,True,0.04933229833841324,0.04980386793613434,0.5081712603569031,0.507413923740387,0.39935970306396484,0.19681957364082336,False
pit_b_224,vit_base_patch16_224,44,ILSVRC2012_val_00033340.JPEG,final_high,0.07692307978868484,True,0.047109562903642654,0.04699520766735077,0.513897716999054,0.5145089030265808,0.1768627166748047,0.03814895451068878,False
pit_b_224,vit_base_patch16_224,45,ILSVRC2012_val_00033725.JPEG,final_high,0.0,True,0.0439537838101387,0.04424058645963669,0.5052282810211182,0.5057862997055054,0.3044290542602539,0.09370240569114685,False
pit_b_224,vit_base_patch16_224,44,ILSVRC2012_val_00033340.JPEG,random,0.07692307978868484,True,0.02342354506254196,0.023855138570070267,0.5075998902320862,0.5071149468421936,0.18320083618164062,0.03188475966453552,False
pit_b_224,vit_base_patch16_224,45,ILSVRC2012_val_00033725.JPEG,random,0.0,True,0.03175658732652664,0.03154974430799484,0.5081247091293335,0.5074471235275269,0.30933189392089844,0.1823151409626007,False
pit_b_224,vit_base_patch16_224,44,ILSVRC2012_val_00033340.JPEG,uniform,0.07692307978868484,True,0.03382093831896782,0.033344436436891556,0.5136319994926453,0.5144491195678711,0.17720794677734375,0.029138296842575073,False
pit_b_224,vit_base_patch16_224,45,ILSVRC2012_val_00033725.JPEG,uniform,0.0,True,0.005654953420162201,0.006157990545034409,0.5079320669174194,0.5079187750816345,0.219512939453125,0.12414255738258362,False
pit_b_224,vit_base_patch16_224,46,ILSVRC2012_val_00033897.JPEG,promotion,0.0,True,0.01675848662853241,0.015555568039417267,0.5057530999183655,0.5063045024871826,0.4750022888183594,0.08817821741104126,False
pit_b_224,vit_base_patch16_224,47,ILSVRC2012_val_00033960.JPEG,promotion,0.27272728085517883,True,0.020031046122312546,0.019024543464183807,0.49943533539772034,0.5006443858146667,0.12045478820800781,0.019679829478263855,False
pit_b_224,vit_base_patch16_224,46,ILSVRC2012_val_00033897.JPEG,final_high,0.0,True,-0.012051735073328018,-0.011051374487578869,0.5049226880073547,0.5056866407394409,0.5474042892456055,0.0805673599243164,False
pit_b_224,vit_base_patch16_224,47,ILSVRC2012_val_00033960.JPEG,final_high,0.27272728085517883,True,0.016521427780389786,0.016010545194149017,0.5006775856018066,0.5020461082458496,0.19921207427978516,0.03081415593624115,False
pit_b_224,vit_base_patch16_224,46,ILSVRC2012_val_00033897.JPEG,random,0.0,True,0.047740690410137177,0.04547648876905441,0.5088621377944946,0.5085299611091614,0.40677356719970703,0.09578844904899597,False
pit_b_224,vit_base_patch16_224,47,ILSVRC2012_val_00033960.JPEG,random,0.27272728085517883,True,0.014973608776926994,0.014357144013047218,0.5008636116981506,0.5010695457458496,0.25824546813964844,0.04362589120864868,False
pit_b_224,vit_base_patch16_224,46,ILSVRC2012_val_00033897.JPEG,uniform,0.0,True,0.021785344928503036,0.022330597043037415,0.5149606466293335,0.515811026096344,0.8649005889892578,0.24159350991249084,False
pit_b_224,vit_base_patch16_224,47,ILSVRC2012_val_00033960.JPEG,uniform,0.27272728085517883,True,0.0017391829751431942,0.0017882674001157284,0.500770628452301,0.501348614692688,0.21164417266845703,0.03708392381668091,False
pit_b_224,vit_base_patch16_224,48,ILSVRC2012_val_00033997.JPEG,promotion,0.27272728085517883,True,0.0045759789645671844,0.0030945846810936928,0.5050355792045593,0.504862904548645,0.7994318008422852,0.2629793584346771,False
pit_b_224,vit_base_patch16_224,49,ILSVRC2012_val_00034008.JPEG,promotion,0.1666666716337204,True,0.023301295936107635,0.023438293486833572,0.5132002234458923,0.5127550959587097,0.3822650909423828,0.18848639726638794,False
pit_b_224,vit_base_patch16_224,48,ILSVRC2012_val_00033997.JPEG,final_high,0.27272728085517883,True,-0.0003954816493205726,-0.0018857623217627406,0.5058925747871399,0.5069422125816345,0.7370109558105469,0.23281767964363098,False
pit_b_224,vit_base_patch16_224,49,ILSVRC2012_val_00034008.JPEG,final_high,0.1666666716337204,True,0.030223997309803963,0.03039378672838211,0.5151931643486023,0.5153459906578064,0.39306068420410156,0.22440093755722046,False
pit_b_224,vit_base_patch16_224,48,ILSVRC2012_val_00033997.JPEG,random,0.27272728085517883,True,0.0055420612916350365,0.004306958522647619,0.5062181353569031,0.5069555044174194,0.4558548927307129,0.12400031089782715,False
pit_b_224,vit_base_patch16_224,49,ILSVRC2012_val_00034008.JPEG,random,0.1666666716337204,True,0.019634107127785683,0.018193639814853668,0.5141634941101074,0.5119911432266235,0.3532886505126953,0.22354203462600708,False
pit_b_224,vit_base_patch16_224,48,ILSVRC2012_val_00033997.JPEG,uniform,0.27272728085517883,True,0.014419238083064556,0.01465883944183588,0.5161498188972473,0.5160435438156128,0.6491279602050781,0.2249235212802887,False
pit_b_224,vit_base_patch16_224,49,ILSVRC2012_val_00034008.JPEG,uniform,0.1666666716337204,True,0.04870142042636871,0.0477176308631897,0.5159239768981934,0.5164687037467957,0.7622509002685547,0.4384496212005615,False
pit_b_224,vit_base_patch16_224,50,ILSVRC2012_val_00034055.JPEG,promotion,0.07692307978868484,True,0.01701780967414379,0.014075028710067272,0.4993290305137634,0.4977811574935913,-0.04976654052734375,-0.01089407503604889,False
pit_b_224,vit_base_patch16_224,51,ILSVRC2012_val_00034168.JPEG,promotion,0.07692307978868484,True,-0.009098803624510765,-0.009862293489277363,0.5145089030265808,0.5161631107330322,0.15338420867919922,0.025831565260887146,False
pit_b_224,vit_base_patch16_224,50,ILSVRC2012_val_00034055.JPEG,final_high,0.07692307978868484,True,-0.016336582601070404,-0.017616145312786102,0.49851855635643005,0.4985584020614624,-0.03786945343017578,-0.00937487930059433,False
pit_b_224,vit_base_patch16_224,51,ILSVRC2012_val_00034168.JPEG,final_high,0.07692307978868484,True,0.0009992090053856373,0.0011666680220514536,0.5092142224311829,0.5103901028633118,0.18940258026123047,0.031129896640777588,False
pit_b_224,vit_base_patch16_224,50,ILSVRC2012_val_00034055.JPEG,random,0.07692307978868484,True,0.012192314490675926,0.009692114777863026,0.5021258592605591,0.5009831786155701,0.17736244201660156,0.016911081969738007,False
pit_b_224,vit_base_patch16_224,51,ILSVRC2012_val_00034168.JPEG,random,0.07692307978868484,True,0.033222757279872894,0.03269241005182266,0.5093603730201721,0.5102173686027527,0.1584005355834961,0.029397159814834595,False
pit_b_224,vit_base_patch16_224,50,ILSVRC2012_val_00034055.JPEG,uniform,0.07692307978868484,True,0.01814313977956772,0.016301553696393967,0.5022985935211182,0.5029761791229248,0.13197708129882812,0.012331359088420868,False
pit_b_224,vit_base_patch16_224,51,ILSVRC2012_val_00034168.JPEG,uniform,0.07692307978868484,True,0.015663815662264824,0.01604839600622654,0.5034744143486023,0.5040856003761292,0.04948902130126953,0.005099564790725708,False
pit_b_224,vit_base_patch16_224,52,ILSVRC2012_val_00034182.JPEG,promotion,0.1666666716337204,True,-0.02683883346617222,-0.028554391115903854,0.5017803907394409,0.503328263759613,0.22904491424560547,0.06136879324913025,False
pit_b_224,vit_base_patch16_224,53,ILSVRC2012_val_00034217.JPEG,promotion,0.0,True,2.5669578462839127e-05,-1.7737504094839096e-05,0.5082443356513977,0.5094268321990967,0.4426450729370117,0.07652069628238678,False
pit_b_224,vit_base_patch16_224,52,ILSVRC2012_val_00034182.JPEG,final_high,0.1666666716337204,True,-0.024982547387480736,-0.026231935247778893,0.501162588596344,0.5024646520614624,0.20725345611572266,0.056728750467300415,False
pit_b_224,vit_base_patch16_224,53,ILSVRC2012_val_00034217.JPEG,final_high,0.0,True,-0.003838659031316638,-0.0032212832011282444,0.5060188174247742,0.5069687962532043,0.32973289489746094,0.05339337885379791,False
pit_b_224,vit_base_patch16_224,52,ILSVRC2012_val_00034182.JPEG,random,0.1666666716337204,True,-0.013122518546879292,-0.015238155610859394,0.5042583346366882,0.5052149891853333,0.2900514602661133,0.05797569453716278,False
pit_b_224,vit_base_patch16_224,53,ILSVRC2012_val_00034217.JPEG,random,0.0,True,0.006420408841222525,0.007916808128356934,0.5104033946990967,0.5123764276504517,0.4338512420654297,0.08650580048561096,False
pit_b_224,vit_base_patch16_224,52,ILSVRC2012_val_00034182.JPEG,uniform,0.1666666716337204,True,0.015730686485767365,0.01780293881893158,0.506649911403656,0.5075002908706665,0.29763317108154297,0.07780683040618896,False
pit_b_224,vit_base_patch16_224,53,ILSVRC2012_val_00034217.JPEG,uniform,0.0,True,0.002644185209646821,0.003666182514280081,0.5089352130889893,0.5089485049247742,0.42139244079589844,0.07573556900024414,False
pit_b_224,vit_base_patch16_224,54,ILSVRC2012_val_00034225.JPEG,promotion,0.07692307978868484,True,0.029109517112374306,0.029362982138991356,0.5103037357330322,0.5112802982330322,0.2158336639404297,0.05841691792011261,False
pit_b_224,vit_base_patch16_224,55,ILSVRC2012_val_00034230.JPEG,promotion,0.1666666716337204,True,-0.03239715099334717,-0.03538618981838226,0.5053744316101074,0.5059324502944946,0.1609477996826172,0.04626600444316864,False
pit_b_224,vit_base_patch16_224,54,ILSVRC2012_val_00034225.JPEG,final_high,0.07692307978868484,True,0.015509860590100288,0.014970028772950172,0.5092474222183228,0.5081778764724731,0.2563056945800781,0.06737111508846283,False
pit_b_224,vit_base_patch16_224,55,ILSVRC2012_val_00034230.JPEG,final_high,0.1666666716337204,True,-0.0193917378783226,-0.021895771846175194,0.5048296451568604,0.5061915516853333,0.26715087890625,0.05493879318237305,False
pit_b_224,vit_base_patch16_224,54,ILSVRC2012_val_00034225.JPEG,random,0.07692307978868484,True,0.042511746287345886,0.042269133031368256,0.5123100280761719,0.513273298740387,0.24970626831054688,0.07928161323070526,False
pit_b_224,vit_base_patch16_224,55,ILSVRC2012_val_00034230.JPEG,random,0.1666666716337204,True,-0.018513604998588562,-0.016902321949601173,0.5069488883018494,0.5068957209587097,0.08282279968261719,0.02436155080795288,False
pit_b_224,vit_base_patch16_224,54,ILSVRC2012_val_00034225.JPEG,uniform,0.07692307978868484,True,0.017232652753591537,0.018557481467723846,0.5110145807266235,0.5109614133834839,0.2001781463623047,0.048338159918785095,False
pit_b_224,vit_base_patch16_224,55,ILSVRC2012_val_00034230.JPEG,uniform,0.1666666716337204,True,-0.003421125002205372,-0.0047984374687075615,0.5029429793357849,0.5016276240348816,0.08455085754394531,0.015304595232009888,False
pit_b_224,vit_base_patch16_224,56,ILSVRC2012_val_00034302.JPEG,promotion,0.27272728085517883,True,-0.028672488406300545,-0.026308294385671616,0.49958810210227966,0.49966782331466675,0.10953521728515625,0.011934243142604828,False
pit_b_224,vit_base_patch16_224,57,ILSVRC2012_val_00034356.JPEG,promotion,0.27272728085517883,True,0.01271060761064291,0.012716170400381088,0.5053611397743225,0.5051684975624084,0.17833328247070312,0.02995234727859497,False
pit_b_224,vit_base_patch16_224,56,ILSVRC2012_val_00034302.JPEG,final_high,0.27272728085517883,True,-0.015743564814329147,-0.016342680901288986,0.4966052770614624,0.4959542453289032,0.10600471496582031,0.010548926889896393,False
pit_b_224,vit_base_patch16_224,57,ILSVRC2012_val_00034356.JPEG,final_high,0.27272728085517883,True,0.023137167096138,0.023130083456635475,0.5071149468421936,0.5070817470550537,0.2780580520629883,0.05100010335445404,False
pit_b_224,vit_base_patch16_224,56,ILSVRC2012_val_00034302.JPEG,random,0.27272728085517883,True,-0.006622774060815573,-0.007479739375412464,0.5016541481018066,0.5010164380073547,0.11163330078125,0.010945774614810944,False
pit_b_224,vit_base_patch16_224,57,ILSVRC2012_val_00034356.JPEG,random,0.27272728085517883,True,0.0020748504903167486,0.002800079993903637,0.5024713277816772,0.5024912357330322,0.31069374084472656,0.06665307283401489,False
pit_b_224,vit_base_patch16_224,56,ILSVRC2012_val_00034302.JPEG,uniform,0.27272728085517883,True,0.002143335994333029,0.0028207083232700825,0.503115713596344,0.5025244355201721,0.14179039001464844,0.014974497258663177,False
pit_b_224,vit_base_patch16_224,57,ILSVRC2012_val_00034356.JPEG,uniform,0.27272728085517883,True,0.0009865742176771164,0.0010091287549585104,0.506437361240387,0.5056999325752258,0.2716064453125,0.06281739473342896,False
pit_b_224,vit_base_patch16_224,58,ILSVRC2012_val_00034359.JPEG,promotion,0.0,True,0.0005050180479884148,0.0009534680284559727,0.5104233026504517,0.5102306604385376,-0.2622547149658203,0.012768574059009552,False
pit_b_224,vit_base_patch16_224,59,ILSVRC2012_val_00034391.JPEG,promotion,0.07692307978868484,True,0.04165620356798172,0.04109405726194382,0.505487322807312,0.5061516761779785,0.31766796112060547,0.04467068612575531,False
pit_b_224,vit_base_patch16_224,58,ILSVRC2012_val_00034359.JPEG,final_high,0.0,True,0.004630455747246742,0.003443886060267687,0.5134061574935913,0.5141435265541077,0.03531074523925781,0.07045931369066238,False
pit_b_224,vit_base_patch16_224,59,ILSVRC2012_val_00034391.JPEG,final_high,0.07692307978868484,True,-0.002210170729085803,-0.0015210292767733335,0.5064705610275269,0.5059656500816345,0.49115562438964844,0.08837227523326874,False
pit_b_224,vit_base_patch16_224,58,ILSVRC2012_val_00034359.JPEG,random,0.0,True,0.009755699895322323,0.013057145290076733,0.5002790093421936,0.5010629296302795,-0.14791202545166016,0.002966932952404022,False
pit_b_224,vit_base_patch16_224,59,ILSVRC2012_val_00034391.JPEG,random,0.07692307978868484,True,0.03118380904197693,0.02923928201198578,0.5089352130889893,0.508769154548645,0.2643146514892578,0.08306042850017548,False
pit_b_224,vit_base_patch16_224,58,ILSVRC2012_val_00034359.JPEG,uniform,0.0,True,0.009700333699584007,0.008548879064619541,0.5076663494110107,0.5077128410339355,0.08990097045898438,0.04438995569944382,False
pit_b_224,vit_base_patch16_224,59,ILSVRC2012_val_00034391.JPEG,uniform,0.07692307978868484,True,0.02055424079298973,0.022429080680012703,0.5096460580825806,0.5100047588348389,0.11462211608886719,0.037571847438812256,False
pit_b_224,vit_base_patch16_224,60,ILSVRC2012_val_00034406.JPEG,promotion,0.07692307978868484,True,0.008788294158875942,0.009465700015425682,0.505653440952301,0.5059324502944946,0.17235374450683594,0.021823890507221222,False
pit_b_224,vit_base_patch16_224,61,ILSVRC2012_val_00034438.JPEG,promotion,0.1666666716337204,True,0.03501132130622864,0.03311222046613693,0.509200930595398,0.5095729827880859,0.9257383346557617,0.5043023228645325,False
pit_b_224,vit_base_patch16_224,60,ILSVRC2012_val_00034406.JPEG,final_high,0.07692307978868484,True,-0.00668052164837718,-0.00628979317843914,0.5056401491165161,0.5060586929321289,0.16527748107910156,0.020692817866802216,False
pit_b_224,vit_base_patch16_224,61,ILSVRC2012_val_00034438.JPEG,final_high,0.1666666716337204,True,0.030681628733873367,0.02906014211475849,0.5063974857330322,0.505839467048645,0.7064738273620605,0.3586192727088928,False
pit_b_224,vit_base_patch16_224,60,ILSVRC2012_val_00034406.JPEG,random,0.07692307978868484,True,0.005311830434948206,0.00542675144970417,0.5036338567733765,0.5029695630073547,0.2523975372314453,0.032551638782024384,False
pit_b_224,vit_base_patch16_224,61,ILSVRC2012_val_00034438.JPEG,random,0.1666666716337204,True,0.033773310482501984,0.03184422105550766,0.5043115019798279,0.5036538243293762,0.7660651206970215,0.35866349935531616,False
pit_b_224,vit_base_patch16_224,60,ILSVRC2012_val_00034406.JPEG,uniform,0.07692307978868484,True,0.008413129486143589,0.008788328617811203,0.5113400816917419,0.5107023119926453,0.13276195526123047,0.01608143001794815,False
pit_b_224,vit_base_patch16_224,61,ILSVRC2012_val_00034438.JPEG,uniform,0.1666666716337204,True,0.10859435796737671,0.10914024710655212,0.5159372091293335,0.5153459906578064,1.934889793395996,1.7776219844818115,True
pit_b_224,vit_base_patch16_224,62,ILSVRC2012_val_00034459.JPEG,promotion,0.0,True,-0.00857257004827261,-0.009605134837329388,0.5002325177192688,0.5004849433898926,0.3145589828491211,0.037440307438373566,False
pit_b_224,vit_base_patch16_224,63,ILSVRC2012_val_00034548.JPEG,promotion,0.27272728085517883,True,-0.041175372898578644,-0.0438520684838295,0.5032352805137634,0.501581072807312,0.07131385803222656,0.01141861081123352,False
pit_b_224,vit_base_patch16_224,62,ILSVRC2012_val_00034459.JPEG,final_high,0.0,True,0.006290072575211525,0.007113780826330185,0.5033482313156128,0.5037534832954407,0.23259735107421875,0.026404760777950287,False
pit_b_224,vit_base_patch16_224,63,ILSVRC2012_val_00034548.JPEG,final_high,0.27272728085517883,True,-0.029623502865433693,-0.03381757438182831,0.5058859586715698,0.5061184763908386,0.01917552947998047,0.0037254542112350464,False
pit_b_224,vit_base_patch16_224,62,ILSVRC2012_val_00034459.JPEG,random,0.0,True,-0.003275626339018345,-0.0016021463088691235,0.5058194994926453,0.5058659911155701,0.25827503204345703,0.029249899089336395,False
pit_b_224,vit_base_patch16_224,63,ILSVRC2012_val_00034548.JPEG,random,0.27272728085517883,True,-0.04647015780210495,-0.05139334872364998,0.5038198828697205,0.5013220310211182,0.15265178680419922,0.020978033542633057,False
pit_b_224,vit_base_patch16_224,62,ILSVRC2012_val_00034459.JPEG,uniform,0.0,True,-0.007716243155300617,-0.00798335112631321,0.4990367293357849,0.49804022908210754,0.18765830993652344,0.03529591113328934,False
pit_b_224,vit_base_patch16_224,63,ILSVRC2012_val_00034548.JPEG,uniform,0.27272728085517883,True,0.00038599641993641853,0.00047265319153666496,0.502723753452301,0.5018667578697205,0.13761138916015625,0.01777663826942444,False
pit_b_224,cait_s24_224,0,ILSVRC2012_val_00031361.JPEG,promotion,0.07692307978868484,True,-0.014032768085598946,-0.01451458502560854,0.4929315447807312,0.49369552731513977,-0.1978597640991211,-0.015942107886075974,False
pit_b_224,cait_s24_224,1,ILSVRC2012_val_00031410.JPEG,promotion,0.0,True,-0.03622870519757271,-0.03620237484574318,0.4971965253353119,0.49634620547294617,0.277099609375,0.04523091018199921,False
pit_b_224,cait_s24_224,0,ILSVRC2012_val_00031361.JPEG,final_high,0.07692307978868484,True,-0.025340911000967026,-0.024419493973255157,0.4893375337123871,0.490327388048172,-0.03320026397705078,-0.010159894824028015,False
pit_b_224,cait_s24_224,1,ILSVRC2012_val_00031410.JPEG,final_high,0.0,True,-0.025692516937851906,-0.028512384742498398,0.4954759180545807,0.4941738545894623,-0.10445785522460938,-0.0023545771837234497,False
pit_b_224,cait_s24_224,0,ILSVRC2012_val_00031361.JPEG,random,0.07692307978868484,True,-0.01132542360574007,-0.010242297314107418,0.49134379625320435,0.49216756224632263,0.09557723999023438,-0.006660446524620056,False
pit_b_224,cait_s24_224,1,ILSVRC2012_val_00031410.JPEG,random,0.0,True,-0.016138536855578423,-0.01760946214199066,0.4972696006298065,0.497163325548172,0.12368011474609375,0.023508787155151367,False
pit_b_224,cait_s24_224,0,ILSVRC2012_val_00031361.JPEG,uniform,0.07692307978868484,True,-0.00825615506619215,-0.0095551498234272,0.49932238459587097,0.4997541904449463,0.04374980926513672,-0.004332706332206726,False
pit_b_224,cait_s24_224,1,ILSVRC2012_val_00031410.JPEG,uniform,0.0,True,-0.007132390979677439,-0.00680551677942276,0.500019907951355,0.4998936951160431,0.08170318603515625,0.010165303945541382,False
pit_b_224,cait_s24_224,2,ILSVRC2012_val_00031472.JPEG,promotion,0.1666666716337204,True,0.02040240913629532,0.01955806463956833,0.5023915767669678,0.5033681392669678,0.23435115814208984,0.022596806287765503,False
pit_b_224,cait_s24_224,3,ILSVRC2012_val_00031495.JPEG,promotion,0.1666666716337204,True,0.021708644926548004,0.021498970687389374,0.5110211968421936,0.5105495452880859,0.2705392837524414,0.044009387493133545,False
pit_b_224,cait_s24_224,2,ILSVRC2012_val_00031472.JPEG,final_high,0.1666666716337204,True,0.029613982886075974,0.028465021401643753,0.5036538243293762,0.5044111609458923,0.13030147552490234,0.02300124615430832,False
pit_b_224,cait_s24_224,3,ILSVRC2012_val_00031495.JPEG,final_high,0.1666666716337204,True,0.007248378358781338,0.006775639485567808,0.5092939734458923,0.5094866156578064,0.3105812072753906,0.047570452094078064,False
pit_b_224,cait_s24_224,2,ILSVRC2012_val_00031472.JPEG,random,0.1666666716337204,True,-0.028894975781440735,-0.031089380383491516,0.5018069744110107,0.5010828375816345,0.3628854751586914,0.043368302285671234,False
pit_b_224,cait_s24_224,3,ILSVRC2012_val_00031495.JPEG,random,0.1666666716337204,True,0.013790681958198547,0.013652145862579346,0.5081380009651184,0.5087226033210754,0.34930896759033203,0.06259751319885254,False
pit_b_224,cait_s24_224,2,ILSVRC2012_val_00031472.JPEG,uniform,0.1666666716337204,True,-0.00650146184489131,-0.006811763159930706,0.5081048011779785,0.508563220500946,0.5907831192016602,0.13328638672828674,False
pit_b_224,cait_s24_224,3,ILSVRC2012_val_00031495.JPEG,uniform,0.1666666716337204,True,0.010666131041944027,0.01156935840845108,0.5084502696990967,0.5109614133834839,0.4174203872680664,0.06936244666576385,False
pit_b_224,cait_s24_224,4,ILSVRC2012_val_00031548.JPEG,promotion,0.27272728085517883,True,-0.026107385754585266,-0.027919024229049683,0.4992426633834839,0.49855175614356995,0.26766109466552734,-0.0031443238258361816,False
pit_b_224,cait_s24_224,5,ILSVRC2012_val_00031586.JPEG,promotion,0.27272728085517883,True,0.035110458731651306,0.0364849753677845,0.499229371547699,0.49937552213668823,0.13423728942871094,0.017078056931495667,False
pit_b_224,cait_s24_224,4,ILSVRC2012_val_00031548.JPEG,final_high,0.27272728085517883,True,0.0016103124944493175,0.0029827330727130175,0.49307769536972046,0.4915829598903656,0.13148117065429688,-0.021282382309436798,False
pit_b_224,cait_s24_224,5,ILSVRC2012_val_00031586.JPEG,final_high,0.27272728085517883,True,0.028962578624486923,0.028502359986305237,0.5021524429321289,0.5020992755889893,0.05759906768798828,0.012094974517822266,False
pit_b_224,cait_s24_224,4,ILSVRC2012_val_00031548.JPEG,random,0.27272728085517883,True,0.002559996210038662,0.0026330898981541395,0.4942004084587097,0.49286511540412903,0.2739849090576172,-0.011269710958003998,False
pit_b_224,cait_s24_224,5,ILSVRC2012_val_00031586.JPEG,random,0.27272728085517883,True,0.010584605857729912,0.013448185287415981,0.503700315952301,0.5051286220550537,0.06433296203613281,0.008840784430503845,False
pit_b_224,cait_s24_224,4,ILSVRC2012_val_00031548.JPEG,uniform,0.27272728085517883,True,0.00597162963822484,0.005021489690989256,0.5010031461715698,0.500564694404602,0.2680015563964844,0.01511111855506897,False
pit_b_224,cait_s24_224,5,ILSVRC2012_val_00031586.JPEG,uniform,0.27272728085517883,True,-0.028566766530275345,-0.029153164476156235,0.503301739692688,0.5030758380889893,0.03455829620361328,0.005120366811752319,False
pit_b_224,cait_s24_224,6,ILSVRC2012_val_00031588.JPEG,promotion,0.27272728085517883,True,0.001879668328911066,0.0014905957505106926,0.5034877061843872,0.5037600994110107,0.030675888061523438,0.0025242194533348083,False
pit_b_224,cait_s24_224,7,ILSVRC2012_val_00031593.JPEG,promotion,0.07692307978868484,True,0.008093955926597118,0.008109606802463531,0.5071548223495483,0.5072146058082581,0.10745620727539062,0.007275205105543137,False
pit_b_224,cait_s24_224,6,ILSVRC2012_val_00031588.JPEG,final_high,0.27272728085517883,True,0.0008463312406092882,4.271441139280796e-05,0.5018866658210754,0.5011758804321289,0.01636981964111328,0.001902848482131958,False
pit_b_224,cait_s24_224,7,ILSVRC2012_val_00031593.JPEG,final_high,0.07692307978868484,True,0.002990327076986432,0.0030170613899827003,0.5089219212532043,0.5088621377944946,0.11627578735351562,0.007531117647886276,False
pit_b_224,cait_s24_224,6,ILSVRC2012_val_00031588.JPEG,random,0.27272728085517883,True,-0.01489874068647623,-0.014862223528325558,0.5020793676376343,0.5032086968421936,0.044388771057128906,0.0037383362650871277,False
pit_b_224,cait_s24_224,7,ILSVRC2012_val_00031593.JPEG,random,0.07692307978868484,True,0.0035874012392014265,0.004533068276941776,0.5022122263908386,0.5018933415412903,0.028367996215820312,0.002389911562204361,False
pit_b_224,cait_s24_224,6,ILSVRC2012_val_00031588.JPEG,uniform,0.27272728085517883,True,-0.0005150382639840245,-0.0005520221311599016,0.5069289207458496,0.506855845451355,0.043842315673828125,0.010084696114063263,False
pit_b_224,cait_s24_224,7,ILSVRC2012_val_00031593.JPEG,uniform,0.07692307978868484,True,-0.0044233896769583225,-0.0015292475000023842,0.49865806102752686,0.4979206621646881,-0.03632545471191406,-0.0015620924532413483,False
pit_b_224,cait_s24_224,8,ILSVRC2012_val_00031629.JPEG,promotion,0.0,True,-0.00688738701865077,-0.0063605341129004955,0.5050156712532043,0.5052481889724731,0.04644203186035156,0.009030304849147797,False
pit_b_224,cait_s24_224,9,ILSVRC2012_val_00031647.JPEG,promotion,0.27272728085517883,True,-0.004397159442305565,-0.004592988174408674,0.5063775777816772,0.5065369606018066,-0.02271270751953125,-0.0010465644299983978,False
pit_b_224,cait_s24_224,8,ILSVRC2012_val_00031629.JPEG,final_high,0.0,True,-0.009619561955332756,-0.010670365765690804,0.5042184591293335,0.5039128661155701,0.2237834930419922,0.03629902005195618,False
pit_b_224,cait_s24_224,9,ILSVRC2012_val_00031647.JPEG,final_high,0.27272728085517883,True,-0.007424662820994854,-0.00760939996689558,0.5058261752128601,0.5054142475128174,0.012297630310058594,0.0009083375334739685,False
pit_b_224,cait_s24_224,8,ILSVRC2012_val_00031629.JPEG,random,0.0,True,-0.05277034640312195,-0.051452361047267914,0.5085565447807312,0.5098387002944946,-0.1614055633544922,-0.0026874691247940063,False
pit_b_224,cait_s24_224,9,ILSVRC2012_val_00031647.JPEG,random,0.27272728085517883,True,0.023705847561359406,0.023847121745347977,0.504298210144043,0.5042184591293335,0.009392738342285156,0.0009715408086776733,False
pit_b_224,cait_s24_224,8,ILSVRC2012_val_00031629.JPEG,uniform,0.0,True,-0.01816760003566742,-0.017099814489483833,0.5075733661651611,0.5078390836715698,-0.05096149444580078,-0.0066976770758628845,False
pit_b_224,cait_s24_224,9,ILSVRC2012_val_00031647.JPEG,uniform,0.27272728085517883,True,0.011542730033397675,0.010044174268841743,0.5055670738220215,0.5055736899375916,0.05433368682861328,0.003207594156265259,False
pit_b_224,cait_s24_224,10,ILSVRC2012_val_00031670.JPEG,promotion,0.27272728085517883,True,0.008156792260706425,0.008431841619312763,0.5053478479385376,0.5050754547119141,-0.10112857818603516,0.018767744302749634,False
pit_b_224,cait_s24_224,11,ILSVRC2012_val_00031686.JPEG,promotion,0.07692307978868484,True,0.005787830799818039,0.007355253212153912,0.5256430506706238,0.5253175497055054,0.19085216522216797,0.033969104290008545,False
pit_b_224,cait_s24_224,10,ILSVRC2012_val_00031670.JPEG,final_high,0.27272728085517883,True,0.003383258357644081,0.0032476787455379963,0.5073673725128174,0.5080251097679138,-0.07610321044921875,-0.008686959743499756,False
pit_b_224,cait_s24_224,11,ILSVRC2012_val_00031686.JPEG,final_high,0.07692307978868484,True,-0.024680038914084435,-0.023627445101737976,0.5232182741165161,0.5219892859458923,0.0031681060791015625,0.014801666140556335,False
pit_b_224,cait_s24_224,10,ILSVRC2012_val_00031670.JPEG,random,0.27272728085517883,True,0.0250704288482666,0.02548782341182232,0.5086894035339355,0.508808970451355,-0.04731559753417969,0.04369652271270752,False
pit_b_224,cait_s24_224,11,ILSVRC2012_val_00031686.JPEG,random,0.07692307978868484,True,-0.048270776867866516,-0.05322057753801346,0.5191791653633118,0.5183553695678711,0.1185922622680664,0.024302855134010315,False
pit_b_224,cait_s24_224,10,ILSVRC2012_val_00031670.JPEG,uniform,0.27272728085517883,True,0.03827527165412903,0.03842475265264511,0.5161830186843872,0.5172127485275269,0.06601715087890625,0.06949684023857117,False
pit_b_224,cait_s24_224,11,ILSVRC2012_val_00031686.JPEG,uniform,0.07692307978868484,True,0.028231360018253326,0.028945108875632286,0.5273836255073547,0.527928352355957,0.068572998046875,0.022845149040222168,False
pit_b_224,cait_s24_224,12,ILSVRC2012_val_00031762.JPEG,promotion,0.0,True,0.1740182489156723,0.18169251084327698,0.5448222160339355,0.5452274680137634,3.9090185165405273,3.1453328132629395,True
pit_b_224,cait_s24_224,13,ILSVRC2012_val_00031783.JPEG,promotion,0.4000000059604645,True,0.04752443730831146,0.05027439445257187,0.5292304158210754,0.530499279499054,0.7973861694335938,0.3147340416908264,False
pit_b_224,cait_s24_224,12,ILSVRC2012_val_00031762.JPEG,final_high,0.0,True,0.17526890337467194,0.1828734278678894,0.5411883592605591,0.5419257283210754,3.2738037109375,2.4167909622192383,True
pit_b_224,cait_s24_224,13,ILSVRC2012_val_00031783.JPEG,final_high,0.4000000059604645,True,0.06281254440546036,0.06528206169605255,0.5299744606018066,0.5317083597183228,0.8585567474365234,0.3789534568786621,False
pit_b_224,cait_s24_224,12,ILSVRC2012_val_00031762.JPEG,random,0.0,True,0.15638694167137146,0.16369017958641052,0.5446561574935913,0.545499861240387,4.1062774658203125,3.101271629333496,True
pit_b_224,cait_s24_224,13,ILSVRC2012_val_00031783.JPEG,random,0.4000000059604645,True,0.02788960188627243,0.030295416712760925,0.524812638759613,0.5272175073623657,0.8808746337890625,0.3565203547477722,False
pit_b_224,cait_s24_224,12,ILSVRC2012_val_00031762.JPEG,uniform,0.0,True,0.19641536474227905,0.19905607402324677,0.5433872938156128,0.5442774891853333,3.692045211791992,2.6886608600616455,True
pit_b_224,cait_s24_224,13,ILSVRC2012_val_00031783.JPEG,uniform,0.4000000059604645,True,0.03011404164135456,0.03314933180809021,0.5154323577880859,0.5154655575752258,0.4735736846923828,0.20325663685798645,False
pit_b_224,cait_s24_224,14,ILSVRC2012_val_00031785.JPEG,promotion,0.4000000059604645,True,0.010890474542975426,0.009954433888196945,0.4971035420894623,0.496206670999527,0.03798484802246094,0.003510512411594391,False
pit_b_224,cait_s24_224,15,ILSVRC2012_val_00031789.JPEG,promotion,0.07692307978868484,True,0.013035602867603302,0.015250712633132935,0.5040258169174194,0.504304826259613,0.00037860870361328125,-0.0009545981884002686,False
pit_b_224,cait_s24_224,14,ILSVRC2012_val_00031785.JPEG,final_high,0.4000000059604645,True,0.01281360350549221,0.01218811608850956,0.49669164419174194,0.4964657723903656,0.011438369750976562,0.0016911178827285767,False
pit_b_224,cait_s24_224,15,ILSVRC2012_val_00031789.JPEG,final_high,0.07692307978868484,True,0.03076756000518799,0.03303634375333786,0.5096393823623657,0.5097789168357849,0.08379459381103516,0.010547399520874023,False
pit_b_224,cait_s24_224,14,ILSVRC2012_val_00031785.JPEG,random,0.4000000059604645,True,0.047036364674568176,0.051209647208452225,0.4996744692325592,0.4994220435619354,0.03568744659423828,0.0036222264170646667,False
pit_b_224,cait_s24_224,15,ILSVRC2012_val_00031789.JPEG,random,0.07692307978868484,True,0.04333299398422241,0.0413801483809948,0.5099316835403442,0.5100513100624084,0.12372493743896484,0.019721344113349915,False
pit_b_224,cait_s24_224,14,ILSVRC2012_val_00031785.JPEG,uniform,0.4000000059604645,True,0.02033262327313423,0.02068721316754818,0.4957815110683441,0.4947185814380646,0.027715682983398438,0.002708844840526581,False
pit_b_224,cait_s24_224,15,ILSVRC2012_val_00031789.JPEG,uniform,0.07692307978868484,True,0.014723168686032295,0.01832231692969799,0.5017338991165161,0.5010097622871399,-0.005936622619628906,-0.0026274025440216064,False
pit_b_224,cait_s24_224,16,ILSVRC2012_val_00031922.JPEG,promotion,0.07692307978868484,True,-0.009260240010917187,-0.008891819976270199,0.49371546506881714,0.4945724308490753,0.24266433715820312,0.014037884771823883,False
pit_b_224,cait_s24_224,17,ILSVRC2012_val_00031927.JPEG,promotion,0.0,True,-0.0006526201032102108,-0.0017934390343725681,0.5005248188972473,0.5003653764724731,0.10598373413085938,0.012841574847698212,False
pit_b_224,cait_s24_224,16,ILSVRC2012_val_00031922.JPEG,final_high,0.07692307978868484,True,0.0055153765715658665,0.0054374258033931255,0.49536964297294617,0.49623990058898926,0.4464864730834961,0.02947203814983368,False
pit_b_224,cait_s24_224,17,ILSVRC2012_val_00031927.JPEG,final_high,0.0,True,-0.007651631720364094,-0.00672884052619338,0.5051751136779785,0.5066167116165161,0.11134529113769531,0.017387978732585907,False
pit_b_224,cait_s24_224,16,ILSVRC2012_val_00031922.JPEG,random,0.07692307978868484,True,-0.011541521176695824,-0.011051297187805176,0.49449270963668823,0.4960804581642151,0.3486804962158203,0.02285536378622055,False
pit_b_224,cait_s24_224,17,ILSVRC2012_val_00031927.JPEG,random,0.0,True,0.01596144400537014,0.016194995492696762,0.5073341727256775,0.5091743469238281,0.11095333099365234,0.015904195606708527,False
pit_b_224,cait_s24_224,16,ILSVRC2012_val_00031922.JPEG,uniform,0.07692307978868484,True,0.00029989611357450485,0.0012536828871816397,0.5039992332458496,0.5049691796302795,0.6352701187133789,0.05052763968706131,False
pit_b_224,cait_s24_224,17,ILSVRC2012_val_00031927.JPEG,uniform,0.0,True,-0.0049246978014707565,-0.005703601986169815,0.5049625039100647,0.5056467652320862,0.1271371841430664,0.021272562444210052,False
pit_b_224,cait_s24_224,18,ILSVRC2012_val_00032032.JPEG,promotion,0.0,True,0.018824100494384766,0.017376430332660675,0.5113334655761719,0.5111873149871826,0.5295314788818359,0.18054009974002838,False
pit_b_224,cait_s24_224,19,ILSVRC2012_val_00032039.JPEG,promotion,0.07692307978868484,True,0.012785552069544792,0.013743817806243896,0.509393572807312,0.5093271732330322,0.1941509246826172,0.016964063048362732,False
pit_b_224,cait_s24_224,18,ILSVRC2012_val_00032032.JPEG,final_high,0.0,True,0.02991529554128647,0.02841285616159439,0.5121505856513977,0.5136120915412903,0.6117067337036133,0.1874459832906723,False
pit_b_224,cait_s24_224,19,ILSVRC2012_val_00032039.JPEG,final_high,0.07692307978868484,True,0.021303284913301468,0.022549310699105263,0.5114463567733765,0.5107886791229248,0.1308422088623047,0.011447422206401825,False
pit_b_224,cait_s24_224,18,ILSVRC2012_val_00032032.JPEG,random,0.0,True,0.024828575551509857,0.02377786859869957,0.5148211717605591,0.5147082209587097,0.573150634765625,0.17416201531887054,False
pit_b_224,cait_s24_224,19,ILSVRC2012_val_00032039.JPEG,random,0.07692307978868484,True,-0.001328570768237114,0.0022514155134558678,0.504470944404602,0.5041586756706238,-0.0014238357543945312,0.004919677972793579,False
pit_b_224,cait_s24_224,18,ILSVRC2012_val_00032032.JPEG,uniform,0.0,True,0.05545780807733536,0.054663851857185364,0.5198169350624084,0.518926739692688,1.0841083526611328,0.3719674348831177,False
pit_b_224,cait_s24_224,19,ILSVRC2012_val_00032039.JPEG,uniform,0.07692307978868484,True,-0.013856882229447365,-0.014528783969581127,0.5051020383834839,0.5049160122871399,-0.1270618438720703,-0.005336306989192963,False
pit_b_224,cait_s24_224,20,ILSVRC2012_val_00032046.JPEG,promotion,0.0,True,0.04222613945603371,0.04356486722826958,0.5096393823623657,0.5099051594734192,0.18263912200927734,0.012156456708908081,False
pit_b_224,cait_s24_224,21,ILSVRC2012_val_00032097.JPEG,promotion,0.0,True,0.015242744237184525,0.016383634880185127,0.5098187923431396,0.5095198154449463,-0.048858642578125,-0.0011005103588104248,False
pit_b_224,cait_s24_224,20,ILSVRC2012_val_00032046.JPEG,final_high,0.0,True,0.024265315383672714,0.02429920993745327,0.5065303444862366,0.5067030787467957,0.08525371551513672,0.004148058593273163,False
pit_b_224,cait_s24_224,21,ILSVRC2012_val_00032097.JPEG,final_high,0.0,True,0.014878214336931705,0.018544411286711693,0.5121439099311829,0.5130805969238281,0.07004928588867188,0.004181426018476486,False
pit_b_224,cait_s24_224,20,ILSVRC2012_val_00032046.JPEG,random,0.0,True,0.02530742809176445,0.024422239512205124,0.5051352381706238,0.5035275816917419,0.12376976013183594,0.011269614100456238,False
pit_b_224,cait_s24_224,21,ILSVRC2012_val_00032097.JPEG,random,0.0,True,0.02306179888546467,0.02614024467766285,0.5130009055137634,0.5137117505073547,0.30785369873046875,0.01783861592411995,False
pit_b_224,cait_s24_224,20,ILSVRC2012_val_00032046.JPEG,uniform,0.0,True,0.009612728841602802,0.009620923548936844,0.5058527588844299,0.5066233277320862,-0.06327438354492188,-0.005393795669078827,False
pit_b_224,cait_s24_224,21,ILSVRC2012_val_00032097.JPEG,uniform,0.0,True,0.001603587530553341,0.0022462070919573307,0.504862904548645,0.5044310688972473,-0.01161956787109375,-0.0020934268832206726,False
pit_b_224,cait_s24_224,22,ILSVRC2012_val_00032098.JPEG,promotion,0.07692307978868484,True,0.010661141946911812,0.011693224310874939,0.4988839328289032,0.4998272657394409,0.15258121490478516,0.015687428414821625,False
pit_b_224,cait_s24_224,23,ILSVRC2012_val_00032102.JPEG,promotion,0.1666666716337204,True,-0.01834891363978386,-0.017306335270404816,0.5054740905761719,0.5065104365348816,0.3191823959350586,0.0231386199593544,False
pit_b_224,cait_s24_224,22,ILSVRC2012_val_00032098.JPEG,final_high,0.07692307978868484,True,0.008982531726360321,0.010950163006782532,0.49895036220550537,0.4994751811027527,0.10123157501220703,0.007423587143421173,False
pit_b_224,cait_s24_224,23,ILSVRC2012_val_00032102.JPEG,final_high,0.1666666716337204,True,-0.03299196437001228,-0.03220677375793457,0.5025444030761719,0.5028632283210754,0.24840354919433594,0.01784573495388031,False
pit_b_224,cait_s24_224,22,ILSVRC2012_val_00032098.JPEG,random,0.07692307978868484,True,0.0038147380109876394,0.0037825587205588818,0.4996744692325592,0.4990101456642151,0.08999824523925781,0.008017070591449738,False
pit_b_224,cait_s24_224,23,ILSVRC2012_val_00032102.JPEG,random,0.1666666716337204,True,0.0006343808490782976,-0.0007675453089177608,0.5071282386779785,0.506463885307312,0.3461341857910156,0.026077479124069214,False
pit_b_224,cait_s24_224,22,ILSVRC2012_val_00032098.JPEG,uniform,0.07692307978868484,True,-0.004199204035103321,-0.005792438518255949,0.49890387058258057,0.499209463596344,-0.03459930419921875,-0.0029207319021224976,False
pit_b_224,cait_s24_224,23,ILSVRC2012_val_00032102.JPEG,uniform,0.1666666716337204,True,-0.007298608310520649,-0.00689067505300045,0.5076397657394409,0.5078390836715698,0.3898468017578125,0.029447413980960846,False
pit_b_224,cait_s24_224,24,ILSVRC2012_val_00032120.JPEG,promotion,0.0,True,0.013100191950798035,0.012745056301355362,0.5085233449935913,0.5077660083770752,0.3132505416870117,0.04177547246217728,False
pit_b_224,cait_s24_224,25,ILSVRC2012_val_00032188.JPEG,promotion,0.27272728085517883,True,-0.004769394174218178,-0.006626793649047613,0.5066632032394409,0.5081778764724731,0.4807586669921875,0.02304934337735176,False
pit_b_224,cait_s24_224,24,ILSVRC2012_val_00032120.JPEG,final_high,0.0,True,0.024296775460243225,0.024434857070446014,0.5083373188972473,0.5074803233146667,0.3662862777709961,0.04968266189098358,False
pit_b_224,cait_s24_224,25,ILSVRC2012_val_00032188.JPEG,final_high,0.27272728085517883,True,-0.008710367605090141,-0.012875637970864773,0.5029296875,0.5029961466789246,0.4591398239135742,0.01944771781563759,False
pit_b_224,cait_s24_224,24,ILSVRC2012_val_00032120.JPEG,random,0.0,True,0.04362897574901581,0.04146716743707657,0.5057663917541504,0.5048496127128601,0.20117759704589844,0.02438606321811676,False
pit_b_224,cait_s24_224,25,ILSVRC2012_val_00032188.JPEG,random,0.27272728085517883,True,-0.009133745916187763,-0.010061079636216164,0.5071016550064087,0.5097324252128601,0.602299690246582,0.02593490108847618,False
pit_b_224,cait_s24_224,24,ILSVRC2012_val_00032120.JPEG,uniform,0.0,True,0.0478220172226429,0.04950050637125969,0.5101177096366882,0.5096194744110107,0.2726593017578125,0.04812995344400406,False
pit_b_224,cait_s24_224,25,ILSVRC2012_val_00032188.JPEG,uniform,0.27272728085517883,True,-0.0013275003293529153,-0.00101661984808743,0.5021258592605591,0.5029429793357849,0.411407470703125,0.02187291532754898,False
pit_b_224,cait_s24_224,26,ILSVRC2012_val_00032370.JPEG,promotion,0.5555555820465088,True,0.004030873067677021,0.005407080054283142,0.506855845451355,0.5081778764724731,0.25948143005371094,0.030937358736991882,False
pit_b_224,cait_s24_224,27,ILSVRC2012_val_00032435.JPEG,promotion,0.0,True,0.015709035098552704,0.01536688581109047,0.5044642686843872,0.5050555467605591,0.751708984375,0.09263304620981216,False
pit_b_224,cait_s24_224,26,ILSVRC2012_val_00032370.JPEG,final_high,0.5555555820465088,True,-0.004371542017906904,-0.003160718362778425,0.5097191333770752,0.5093337893486023,0.2600822448730469,0.031304143369197845,False
pit_b_224,cait_s24_224,27,ILSVRC2012_val_00032435.JPEG,final_high,0.0,True,0.01679701916873455,0.01629428192973137,0.5124096274375916,0.5127816796302795,0.7223758697509766,0.15974095463752747,False
pit_b_224,cait_s24_224,26,ILSVRC2012_val_00032370.JPEG,random,0.5555555820465088,True,0.019100507721304893,0.01896495744585991,0.5044044852256775,0.5037932991981506,0.21853065490722656,0.023678742349147797,False
pit_b_224,cait_s24_224,27,ILSVRC2012_val_00032435.JPEG,random,0.0,True,0.014382259920239449,0.014253840781748295,0.5099316835403442,0.509951651096344,0.4514961242675781,0.06590764969587326,False
pit_b_224,cait_s24_224,26,ILSVRC2012_val_00032370.JPEG,uniform,0.5555555820465088,True,0.005479245912283659,0.003547308035194874,0.5020726919174194,0.5022388100624084,-0.08507823944091797,0.0056116655468940735,False
pit_b_224,cait_s24_224,27,ILSVRC2012_val_00032435.JPEG,uniform,0.0,True,0.009165204130113125,0.008582960814237595,0.5039926171302795,0.5041919350624084,0.739161491394043,0.0847712829709053,False
pit_b_224,cait_s24_224,28,ILSVRC2012_val_00032552.JPEG,promotion,0.07692307978868484,True,0.010577505454421043,0.010196622461080551,0.5184284448623657,0.5190795063972473,0.028351783752441406,0.04157117009162903,False
pit_b_224,cait_s24_224,29,ILSVRC2012_val_00032623.JPEG,promotion,0.1666666716337204,True,0.05483832210302353,0.055020928382873535,0.5095463991165161,0.5108817219734192,0.3356304168701172,0.14927002787590027,False
pit_b_224,cait_s24_224,28,ILSVRC2012_val_00032552.JPEG,final_high,0.07692307978868484,True,0.022212941199541092,0.020469650626182556,0.5206074714660645,0.5201025605201721,0.07242679595947266,0.03409510850906372,False
pit_b_224,cait_s24_224,29,ILSVRC2012_val_00032623.JPEG,final_high,0.1666666716337204,True,0.08840103447437286,0.08889392018318176,0.5151400566101074,0.5157512426376343,0.4824390411376953,0.23160043358802795,False
pit_b_224,cait_s24_224,28,ILSVRC2012_val_00032552.JPEG,random,0.07692307978868484,True,0.02407076582312584,0.021047886461019516,0.5199697017669678,0.5194714665412903,0.06802177429199219,0.04282662272453308,False
pit_b_224,cait_s24_224,29,ILSVRC2012_val_00032623.JPEG,random,0.1666666716337204,True,0.09894228726625443,0.09955455362796783,0.5191259980201721,0.5205144286155701,0.5855846405029297,0.32080015540122986,False
pit_b_224,cait_s24_224,28,ILSVRC2012_val_00032552.JPEG,uniform,0.07692307978868484,True,0.002172239124774933,0.002478557638823986,0.5177973508834839,0.5170201063156128,0.02437877655029297,0.06640779972076416,False
pit_b_224,cait_s24_224,29,ILSVRC2012_val_00032623.JPEG,uniform,0.1666666716337204,True,0.04593126103281975,0.04742279648780823,0.5179966688156128,0.5195711255073547,0.5539493560791016,0.17689946293830872,False
pit_b_224,cait_s24_224,30,ILSVRC2012_val_00032646.JPEG,promotion,0.07692307978868484,True,0.05058423802256584,0.05496788024902344,0.5294031500816345,0.5307849645614624,1.0259227752685547,0.7271581292152405,True
pit_b_224,cait_s24_224,31,ILSVRC2012_val_00032695.JPEG,promotion,0.07692307978868484,True,-0.00994168221950531,-0.012102543376386166,0.5105694532394409,0.5107886791229248,0.11983585357666016,0.009893469512462616,False
pit_b_224,cait_s24_224,30,ILSVRC2012_val_00032646.JPEG,final_high,0.07692307978868484,True,0.0647711455821991,0.06850014626979828,0.528134286403656,0.5290377736091614,1.117849349975586,0.688435971736908,True
pit_b_224,cait_s24_224,31,ILSVRC2012_val_00032695.JPEG,final_high,0.07692307978868484,True,-0.0051896777004003525,-0.0068250070326030254,0.5025908946990967,0.5024048686027527,0.06954097747802734,0.0052526965737342834,False
pit_b_224,cait_s24_224,30,ILSVRC2012_val_00032646.JPEG,random,0.07692307978868484,True,0.03510138764977455,0.03854229673743248,0.5239623188972473,0.5261944532394409,0.840540885925293,0.7052936553955078,True
pit_b_224,cait_s24_224,31,ILSVRC2012_val_00032695.JPEG,random,0.07692307978868484,True,-0.021454565227031708,-0.02122741937637329,0.5060520172119141,0.5077460408210754,0.1504983901977539,0.011366546154022217,False
pit_b_224,cait_s24_224,30,ILSVRC2012_val_00032646.JPEG,uniform,0.07692307978868484,True,0.049067817628383636,0.052436456084251404,0.5186676383018494,0.519511342048645,0.8122806549072266,0.46425944566726685,False
pit_b_224,cait_s24_224,31,ILSVRC2012_val_00032695.JPEG,uniform,0.07692307978868484,True,0.011069816537201405,0.009586088359355927,0.5047831535339355,0.5056600570678711,0.03596973419189453,0.0014478564262390137,False
pit_b_224,cait_s24_224,32,ILSVRC2012_val_00032723.JPEG,promotion,0.27272728085517883,True,-0.007210028823465109,-0.006448890082538128,0.5036006569862366,0.5025444030761719,0.17850208282470703,0.011401146650314331,False
pit_b_224,cait_s24_224,33,ILSVRC2012_val_00032911.JPEG,promotion,0.0,True,-0.002380292396992445,-0.004348198417574167,0.5134725570678711,0.5133994817733765,0.20367813110351562,0.08206865191459656,False
pit_b_224,cait_s24_224,32,ILSVRC2012_val_00032723.JPEG,final_high,0.27272728085517883,True,0.010862741619348526,0.011915038339793682,0.5008237957954407,0.5013087391853333,0.05584430694580078,0.003426477313041687,False
pit_b_224,cait_s24_224,33,ILSVRC2012_val_00032911.JPEG,final_high,0.0,True,0.013050699606537819,0.011443935334682465,0.5122236609458923,0.5127484798431396,0.3344383239746094,0.07210752367973328,False
pit_b_224,cait_s24_224,32,ILSVRC2012_val_00032723.JPEG,random,0.27272728085517883,True,-0.007609949447214603,-0.005093710031360388,0.5035674571990967,0.5030824542045593,0.18053340911865234,0.011543840169906616,False
pit_b_224,cait_s24_224,33,ILSVRC2012_val_00032911.JPEG,random,0.0,True,0.007261593360453844,0.005884084384888411,0.5083240270614624,0.509014904499054,0.16443538665771484,0.031532660126686096,False
pit_b_224,cait_s24_224,32,ILSVRC2012_val_00032723.JPEG,uniform,0.27272728085517883,True,-0.01241493783891201,-0.012348424643278122,0.49886399507522583,0.4988706409931183,-0.06247138977050781,-0.00309048593044281,False
pit_b_224,cait_s24_224,33,ILSVRC2012_val_00032911.JPEG,uniform,0.0,True,0.009099394083023071,0.010318668559193611,0.5143494606018066,0.515811026096344,0.216705322265625,0.08358913660049438,False
pit_b_224,cait_s24_224,34,ILSVRC2012_val_00032926.JPEG,promotion,0.0,True,-0.027645137161016464,-0.03277124837040901,0.5014415979385376,0.5017338991165161,0.31241798400878906,0.024150915443897247,False
pit_b_224,cait_s24_224,35,ILSVRC2012_val_00032950.JPEG,promotion,0.07692307978868484,True,-0.0006411734502762556,0.00043879845179617405,0.5042915344238281,0.5045971274375916,0.06668949127197266,0.004528269171714783,False
pit_b_224,cait_s24_224,34,ILSVRC2012_val_00032926.JPEG,final_high,0.0,True,-0.02742208167910576,-0.03297067806124687,0.500564694404602,0.500391960144043,0.3040447235107422,0.024656184017658234,False
pit_b_224,cait_s24_224,35,ILSVRC2012_val_00032950.JPEG,final_high,0.07692307978868484,True,0.001744353910908103,0.0038850451819598675,0.5051020383834839,0.5060254335403442,0.10231685638427734,0.00797484815120697,False
pit_b_224,cait_s24_224,34,ILSVRC2012_val_00032926.JPEG,random,0.0,True,-0.020108632743358612,-0.02323470264673233,0.5022188425064087,0.5026373863220215,0.23266887664794922,0.023041531443595886,False
pit_b_224,cait_s24_224,35,ILSVRC2012_val_00032950.JPEG,random,0.07692307978868484,True,0.0078982999548316,0.00849994644522667,0.5019996166229248,0.5025709271430969,0.044841766357421875,0.003081709146499634,False
pit_b_224,cait_s24_224,34,ILSVRC2012_val_00032926.JPEG,uniform,0.0,True,-0.006881450302898884,-0.00709502212703228,0.4994552433490753,0.5004783272743225,0.15931129455566406,0.011311694979667664,False
pit_b_224,cait_s24_224,35,ILSVRC2012_val_00032950.JPEG,uniform,0.07692307978868484,True,-0.012936223298311234,-0.013053725473582745,0.49851855635643005,0.4976150691509247,-0.02542400360107422,-0.0001101270318031311,False
pit_b_224,cait_s24_224,36,ILSVRC2012_val_00033014.JPEG,promotion,0.07692307978868484,True,-0.006396742071956396,-0.005833887495100498,0.5112802982330322,0.5136784911155701,0.2488727569580078,0.15920022130012512,False
pit_b_224,cait_s24_224,37,ILSVRC2012_val_00033018.JPEG,promotion,0.0,True,-0.025259677320718765,-0.02562009170651436,0.5046237111091614,0.5049957633018494,-0.019675254821777344,0.0034146755933761597,False
pit_b_224,cait_s24_224,36,ILSVRC2012_val_00033014.JPEG,final_high,0.07692307978868484,True,-0.002595932222902775,-0.0018240436911582947,0.5059789419174194,0.5073474645614624,0.21341419219970703,0.11119434237480164,False
pit_b_224,cait_s24_224,37,ILSVRC2012_val_00033018.JPEG,final_high,0.0,True,-0.04024107754230499,-0.039877332746982574,0.507021963596344,0.5071814060211182,-0.0406951904296875,0.0009137839078903198,False
pit_b_224,cait_s24_224,36,ILSVRC2012_val_00033014.JPEG,random,0.07692307978868484,True,-0.003347203368321061,-0.00184927461668849,0.5103369355201721,0.5116124749183655,0.17567825317382812,0.133884459733963,False
pit_b_224,cait_s24_224,37,ILSVRC2012_val_00033018.JPEG,random,0.0,True,0.015374556183815002,0.01476941630244255,0.5064306855201721,0.5058726668357849,-0.03291034698486328,-0.0010877251625061035,False
pit_b_224,cait_s24_224,36,ILSVRC2012_val_00033014.JPEG,uniform,0.07692307978868484,True,0.01809249259531498,0.018066681921482086,0.5076862573623657,0.5107355713844299,0.21095752716064453,0.14171552658081055,False
pit_b_224,cait_s24_224,37,ILSVRC2012_val_00033018.JPEG,uniform,0.0,True,0.0183375496417284,0.01901949755847454,0.5098785758018494,0.5099051594734192,0.05910682678222656,0.03459082543849945,False
pit_b_224,cait_s24_224,38,ILSVRC2012_val_00033076.JPEG,promotion,0.07692307978868484,True,0.01835741102695465,0.018391845747828484,0.5078125,0.5095928907394409,0.2324514389038086,0.029408641159534454,False
pit_b_224,cait_s24_224,39,ILSVRC2012_val_00033149.JPEG,promotion,0.1666666716337204,True,0.07973595708608627,0.08825112879276276,0.49990034103393555,0.5011227130889893,0.6951808929443359,0.39525264501571655,False
pit_b_224,cait_s24_224,38,ILSVRC2012_val_00033076.JPEG,final_high,0.07692307978868484,True,0.022035617381334305,0.022064536809921265,0.5080051422119141,0.5088488459587097,0.20602703094482422,0.02534358948469162,False
pit_b_224,cait_s24_224,39,ILSVRC2012_val_00033149.JPEG,final_high,0.1666666716337204,True,0.07607769966125488,0.08564701676368713,0.5003454685211182,0.5027569532394409,0.7180643081665039,0.41509246826171875,False
pit_b_224,cait_s24_224,38,ILSVRC2012_val_00033076.JPEG,random,0.07692307978868484,True,0.014749893918633461,0.014498509466648102,0.5064771771430969,0.5072146058082581,0.16429996490478516,0.01998666673898697,False
pit_b_224,cait_s24_224,39,ILSVRC2012_val_00033149.JPEG,random,0.1666666716337204,True,0.027858424931764603,0.03428000211715698,0.5006908774375916,0.5006510615348816,0.6645288467407227,0.3498263955116272,False
pit_b_224,cait_s24_224,38,ILSVRC2012_val_00033076.JPEG,uniform,0.07692307978868484,True,0.01815829426050186,0.019353386014699936,0.5093271732330322,0.5098121166229248,0.24374008178710938,0.03188640624284744,False
pit_b_224,cait_s24_224,39,ILSVRC2012_val_00033149.JPEG,uniform,0.1666666716337204,True,0.09589093923568726,0.10386958718299866,0.5093271732330322,0.509200930595398,1.019186019897461,0.75724858045578,True
pit_b_224,cait_s24_224,40,ILSVRC2012_val_00033150.JPEG,promotion,0.1666666716337204,True,0.015106970444321632,0.014732308685779572,0.5065037608146667,0.5070152878761292,0.3031635284423828,0.020957160741090775,False
pit_b_224,cait_s24_224,41,ILSVRC2012_val_00033171.JPEG,promotion,0.0,True,-0.02724732644855976,-0.027598368003964424,0.5065901279449463,0.5061051845550537,0.17785167694091797,0.018876202404499054,False
pit_b_224,cait_s24_224,40,ILSVRC2012_val_00033150.JPEG,final_high,0.1666666716337204,True,0.015106970444321632,0.01473231054842472,0.5065037608146667,0.5070152878761292,0.3031635284423828,0.020957160741090775,False
pit_b_224,cait_s24_224,41,ILSVRC2012_val_00033171.JPEG,final_high,0.0,True,0.05384943261742592,0.0533817857503891,0.5077460408210754,0.5071016550064087,0.1177206039428711,0.011680491268634796,False
pit_b_224,cait_s24_224,40,ILSVRC2012_val_00033150.JPEG,random,0.1666666716337204,True,-0.010441324673593044,-0.011539381928741932,0.5028831958770752,0.5021457672119141,0.30409717559814453,0.021778922528028488,False
pit_b_224,cait_s24_224,41,ILSVRC2012_val_00033171.JPEG,random,0.0,True,-0.002801626455038786,-0.0038214451633393764,0.5054275393486023,0.505487322807312,0.08784103393554688,0.007518745958805084,False
pit_b_224,cait_s24_224,40,ILSVRC2012_val_00033150.JPEG,uniform,0.1666666716337204,True,0.010898781009018421,0.009679162874817848,0.5050289630889893,0.5057796835899353,0.015382766723632812,0.0007438920438289642,False
pit_b_224,cait_s24_224,41,ILSVRC2012_val_00033171.JPEG,uniform,0.0,True,-0.004960134159773588,-0.0047929491847753525,0.5092275142669678,0.509367048740387,0.14483928680419922,0.014020867645740509,False
pit_b_224,cait_s24_224,42,ILSVRC2012_val_00033207.JPEG,promotion,0.07692307978868484,True,0.016322128474712372,0.016516515985131264,0.49827274680137634,0.49892377853393555,0.12723731994628906,0.019228916615247726,False
pit_b_224,cait_s24_224,43,ILSVRC2012_val_00033255.JPEG,promotion,0.0,True,0.03184787929058075,0.035109926015138626,0.5116589665412903,0.5146617293357849,0.2648658752441406,0.02647632360458374,False
pit_b_224,cait_s24_224,42,ILSVRC2012_val_00033207.JPEG,final_high,0.07692307978868484,True,0.004226985387504101,0.002874610014259815,0.4968045949935913,0.4962199628353119,0.2186574935913086,0.022816389799118042,False
pit_b_224,cait_s24_224,43,ILSVRC2012_val_00033255.JPEG,final_high,0.0,True,0.05981924384832382,0.06568118929862976,0.5177109837532043,0.5210193395614624,0.3478212356567383,0.040884360671043396,False
pit_b_224,cait_s24_224,42,ILSVRC2012_val_00033207.JPEG,random,0.07692307978868484,True,0.0745200663805008,0.08476082980632782,0.5038397908210754,0.5041055679321289,0.13081836700439453,0.01554638147354126,False
pit_b_224,cait_s24_224,43,ILSVRC2012_val_00033255.JPEG,random,0.0,True,0.04102713614702225,0.045559726655483246,0.5086495280265808,0.5113732814788818,0.22977542877197266,0.020861081779003143,False
pit_b_224,cait_s24_224,42,ILSVRC2012_val_00033207.JPEG,uniform,0.07692307978868484,True,0.005621080752462149,0.006234803237020969,0.49955490231513977,0.4991961717605591,-0.00089263916015625,0.003414444625377655,False
pit_b_224,cait_s24_224,43,ILSVRC2012_val_00033255.JPEG,uniform,0.0,True,0.042534131556749344,0.04341830313205719,0.5222616195678711,0.5235437750816345,0.6912622451782227,0.14084027707576752,False
pit_b_224,cait_s24_224,44,ILSVRC2012_val_00033340.JPEG,promotion,0.1666666716337204,True,0.02506183460354805,0.02490077167749405,0.5053877234458923,0.505460798740387,0.29053592681884766,0.020430289208889008,False
pit_b_224,cait_s24_224,45,ILSVRC2012_val_00033725.JPEG,promotion,0.1666666716337204,True,0.05130753293633461,0.053278908133506775,0.5228130221366882,0.5243276953697205,0.40154266357421875,0.23225218057632446,False
pit_b_224,cait_s24_224,44,ILSVRC2012_val_00033340.JPEG,final_high,0.1666666716337204,True,0.0310202669352293,0.030872926115989685,0.5107753872871399,0.5120376348495483,0.3934335708618164,0.0329761877655983,False
pit_b_224,cait_s24_224,45,ILSVRC2012_val_00033725.JPEG,final_high,0.1666666716337204,True,0.02453591302037239,0.026096494868397713,0.5206406712532043,0.5207602381706238,0.5307598114013672,0.3868144154548645,False
pit_b_224,cait_s24_224,44,ILSVRC2012_val_00033340.JPEG,random,0.1666666716337204,True,0.0045096417888998985,0.004332807380706072,0.5040789842605591,0.5053877234458923,0.21864891052246094,0.017893940210342407,False
pit_b_224,cait_s24_224,45,ILSVRC2012_val_00033725.JPEG,random,0.1666666716337204,True,0.03485918790102005,0.03509003296494484,0.5205343961715698,0.5208665728569031,0.5111885070800781,0.2943604588508606,False
pit_b_224,cait_s24_224,44,ILSVRC2012_val_00033340.JPEG,uniform,0.1666666716337204,True,0.013794805854558945,0.013167699798941612,0.509951651096344,0.5103037357330322,0.34468746185302734,0.02449684590101242,False
pit_b_224,cait_s24_224,45,ILSVRC2012_val_00033725.JPEG,uniform,0.1666666716337204,True,0.029249072074890137,0.029791828244924545,0.5151998400688171,0.5155054330825806,0.5123119354248047,0.38019829988479614,False
pit_b_224,cait_s24_224,46,ILSVRC2012_val_00033897.JPEG,promotion,0.07692307978868484,True,-0.0008450886234641075,-0.0013541905209422112,0.5045838356018066,0.5051751136779785,0.20966434478759766,0.026621811091899872,False
pit_b_224,cait_s24_224,47,ILSVRC2012_val_00033960.JPEG,promotion,0.0,True,0.016789576038718224,0.01678292080760002,0.5033880472183228,0.5027769207954407,0.13490009307861328,0.00804319977760315,False
pit_b_224,cait_s24_224,46,ILSVRC2012_val_00033897.JPEG,final_high,0.07692307978868484,True,-9.053712710738182e-05,0.0010660304687917233,0.5106226205825806,0.510948121547699,0.21344757080078125,0.022567763924598694,False
pit_b_224,cait_s24_224,47,ILSVRC2012_val_00033960.JPEG,final_high,0.0,True,0.02038426324725151,0.021121162921190262,0.499116450548172,0.4994220435619354,0.1736125946044922,0.008822768926620483,False
pit_b_224,cait_s24_224,46,ILSVRC2012_val_00033897.JPEG,random,0.07692307978868484,True,-0.002837275853380561,-0.005558496341109276,0.5041055679321289,0.5045838356018066,0.04839038848876953,0.020200155675411224,False
pit_b_224,cait_s24_224,47,ILSVRC2012_val_00033960.JPEG,random,0.0,True,0.007969452068209648,0.007454640232026577,0.4997674822807312,0.5005580186843872,0.23729610443115234,0.01284417137503624,False
pit_b_224,cait_s24_224,46,ILSVRC2012_val_00033897.JPEG,uniform,0.07692307978868484,True,0.008347776718437672,0.007455295417457819,0.5092607140541077,0.5098586082458496,0.31688404083251953,0.061344847083091736,False
pit_b_224,cait_s24_224,47,ILSVRC2012_val_00033960.JPEG,uniform,0.0,True,0.00922924280166626,0.008406154811382294,0.5014017224311829,0.5017006993293762,0.19003009796142578,0.010514941066503525,False
pit_b_224,cait_s24_224,48,ILSVRC2012_val_00033997.JPEG,promotion,0.1666666716337204,True,-0.024966638535261154,-0.025163237005472183,0.5084900856018066,0.5082775354385376,0.13898754119873047,0.021068044006824493,False
pit_b_224,cait_s24_224,49,ILSVRC2012_val_00034008.JPEG,promotion,0.1666666716337204,True,0.05091797560453415,0.0636960119009018,0.5163624286651611,0.5173124074935913,0.37543582916259766,0.1519262045621872,False
pit_b_224,cait_s24_224,48,ILSVRC2012_val_00033997.JPEG,final_high,0.1666666716337204,True,-0.015793398022651672,-0.016922757029533386,0.5061317682266235,0.5064506530761719,0.05437469482421875,0.012093722820281982,False
pit_b_224,cait_s24_224,49,ILSVRC2012_val_00034008.JPEG,final_high,0.1666666716337204,True,0.0018827160820364952,0.0018140183528885245,0.5147680044174194,0.5148012042045593,0.3862161636352539,0.1262483149766922,False
pit_b_224,cait_s24_224,48,ILSVRC2012_val_00033997.JPEG,random,0.1666666716337204,True,-0.0408705472946167,-0.042785726487636566,0.508808970451355,0.510343611240387,0.1923809051513672,0.02266582101583481,False
pit_b_224,cait_s24_224,49,ILSVRC2012_val_00034008.JPEG,random,0.1666666716337204,True,0.04799976944923401,0.060070279985666275,0.5187739133834839,0.5189931392669678,0.5988121032714844,0.23385857045650482,False
pit_b_224,cait_s24_224,48,ILSVRC2012_val_00033997.JPEG,uniform,0.1666666716337204,True,0.004978425335139036,0.005172789096832275,0.5159505009651184,0.5168672800064087,0.09429931640625,0.012232765555381775,False
pit_b_224,cait_s24_224,49,ILSVRC2012_val_00034008.JPEG,uniform,0.1666666716337204,True,0.005869588349014521,0.005785132758319378,0.5195246338844299,0.518966555595398,0.4314584732055664,0.14420802891254425,False
pit_b_224,cait_s24_224,50,ILSVRC2012_val_00034055.JPEG,promotion,0.1666666716337204,True,-0.011620103381574154,-0.011218653991818428,0.4982461631298065,0.4994220435619354,0.09612464904785156,0.006075270473957062,False
pit_b_224,cait_s24_224,51,ILSVRC2012_val_00034168.JPEG,promotion,0.0,True,-0.006188652478158474,-0.007159315515309572,0.5085698366165161,0.5078589916229248,0.08481884002685547,0.0056425780057907104,False
pit_b_224,cait_s24_224,50,ILSVRC2012_val_00034055.JPEG,final_high,0.1666666716337204,True,0.016447922214865685,0.01613510772585869,0.5013951063156128,0.5016874074935913,0.20950031280517578,0.014162577688694,False
pit_b_224,cait_s24_224,51,ILSVRC2012_val_00034168.JPEG,final_high,0.0,True,0.014843445271253586,0.016655797138810158,0.5121904015541077,0.5112670063972473,0.1852865219116211,0.013635292649269104,False
pit_b_224,cait_s24_224,50,ILSVRC2012_val_00034055.JPEG,random,0.1666666716337204,True,0.011515699326992035,0.011613735929131508,0.5033814311027527,0.5041254758834839,0.16774368286132812,0.011317402124404907,False
pit_b_224,cait_s24_224,51,ILSVRC2012_val_00034168.JPEG,random,0.0,True,0.007938622497022152,0.006460320670157671,0.508563220500946,0.5097257494926453,0.25682735443115234,0.02118668705224991,False
pit_b_224,cait_s24_224,50,ILSVRC2012_val_00034055.JPEG,uniform,0.1666666716337204,True,-0.003792880568653345,-0.0011678901500999928,0.5008835792541504,0.5020394921302795,0.16707515716552734,0.011424578726291656,False
pit_b_224,cait_s24_224,51,ILSVRC2012_val_00034168.JPEG,uniform,0.0,True,-0.011296221986413002,-0.01111249253153801,0.5077128410339355,0.5084967613220215,-0.010506629943847656,-0.0008194819092750549,False
pit_b_224,cait_s24_224,52,ILSVRC2012_val_00034182.JPEG,promotion,0.07692307978868484,True,-0.02037307433784008,-0.026044467464089394,0.5019930005073547,0.5019465088844299,0.014025688171386719,0.004582799971103668,False
pit_b_224,cait_s24_224,53,ILSVRC2012_val_00034217.JPEG,promotion,0.07692307978868484,True,0.012270824983716011,0.013007936999201775,0.5066897869110107,0.5092142224311829,0.49231910705566406,0.04464733600616455,False
pit_b_224,cait_s24_224,52,ILSVRC2012_val_00034182.JPEG,final_high,0.07692307978868484,True,-0.018153905868530273,-0.02254982851445675,0.501561164855957,0.5014415979385376,0.0898122787475586,0.010791778564453125,False
pit_b_224,cait_s24_224,53,ILSVRC2012_val_00034217.JPEG,final_high,0.07692307978868484,True,-0.015589685179293156,-0.01426604576408863,0.5058194994926453,0.5061583518981934,0.234100341796875,0.021261945366859436,False
pit_b_224,cait_s24_224,52,ILSVRC2012_val_00034182.JPEG,random,0.07692307978868484,True,0.014149369671940804,0.013456787914037704,0.5008968710899353,0.5007241368293762,0.013986587524414062,0.003630205988883972,False
pit_b_224,cait_s24_224,53,ILSVRC2012_val_00034217.JPEG,random,0.07692307978868484,True,0.0057368469424545765,0.005915623623877764,0.5070817470550537,0.5071946978569031,0.41945552825927734,0.040438033640384674,False
pit_b_224,cait_s24_224,52,ILSVRC2012_val_00034182.JPEG,uniform,0.07692307978868484,True,0.010293894447386265,0.013610698282718658,0.5042184591293335,0.504470944404602,0.13062000274658203,0.014110289514064789,False
pit_b_224,cait_s24_224,53,ILSVRC2012_val_00034217.JPEG,uniform,0.07692307978868484,True,0.021960042417049408,0.023030055686831474,0.504470944404602,0.5038065910339355,0.46418285369873047,0.04478806257247925,False
pit_b_224,cait_s24_224,54,ILSVRC2012_val_00034225.JPEG,promotion,0.07692307978868484,True,-0.004992577247321606,-0.003870454616844654,0.5168473720550537,0.5179036259651184,0.5748710632324219,0.05685374140739441,False
pit_b_224,cait_s24_224,55,ILSVRC2012_val_00034230.JPEG,promotion,0.1666666716337204,True,-0.05993277579545975,-0.06069788709282875,0.5001262426376343,0.49934232234954834,0.3634634017944336,0.02722589671611786,False
pit_b_224,cait_s24_224,54,ILSVRC2012_val_00034225.JPEG,final_high,0.07692307978868484,True,0.0314762182533741,0.031670793890953064,0.5126687288284302,0.5128480792045593,0.4261913299560547,0.037301868200302124,False
pit_b_224,cait_s24_224,55,ILSVRC2012_val_00034230.JPEG,final_high,0.1666666716337204,True,-0.018762588500976562,-0.019361115992069244,0.49774792790412903,0.4989769458770752,0.2972269058227539,0.02464386820793152,False
pit_b_224,cait_s24_224,54,ILSVRC2012_val_00034225.JPEG,random,0.07692307978868484,True,0.01676870323717594,0.01649106666445732,0.5160900354385376,0.5172791481018066,0.4575157165527344,0.05250151455402374,False
pit_b_224,cait_s24_224,55,ILSVRC2012_val_00034230.JPEG,random,0.1666666716337204,True,-0.015497207641601562,-0.018752170726656914,0.4983125925064087,0.4972364008426666,0.33526039123535156,0.023841269314289093,False
pit_b_224,cait_s24_224,54,ILSVRC2012_val_00034225.JPEG,uniform,0.07692307978868484,True,0.011309495195746422,0.010102678090333939,0.5202288031578064,0.5214511752128601,0.2504920959472656,0.03868895769119263,False
pit_b_224,cait_s24_224,55,ILSVRC2012_val_00034230.JPEG,uniform,0.1666666716337204,True,-0.006500392220914364,-0.004256388172507286,0.49758848547935486,0.497256338596344,0.31583404541015625,0.019278913736343384,False
pit_b_224,cait_s24_224,56,ILSVRC2012_val_00034302.JPEG,promotion,0.0,True,0.0013124255929142237,0.00038836983731016517,0.5030891299247742,0.5023849606513977,0.12636756896972656,0.012312956154346466,False
pit_b_224,cait_s24_224,57,ILSVRC2012_val_00034356.JPEG,promotion,0.1666666716337204,True,0.005978340748697519,0.0077531118877232075,0.5077394247055054,0.5080649256706238,0.23703289031982422,0.015622500330209732,False
pit_b_224,cait_s24_224,56,ILSVRC2012_val_00034302.JPEG,final_high,0.0,True,-0.004963445011526346,-0.0020052583422511816,0.5047632455825806,0.5067362785339355,0.07218551635742188,0.007104657590389252,False
pit_b_224,cait_s24_224,57,ILSVRC2012_val_00034356.JPEG,final_high,0.1666666716337204,True,-0.010339297354221344,-0.009233910590410233,0.5102372765541077,0.5109348297119141,0.2863578796386719,0.019623633474111557,False
pit_b_224,cait_s24_224,56,ILSVRC2012_val_00034302.JPEG,random,0.0,True,0.0014374572783708572,0.0023232148960232735,0.5082509517669678,0.509353756904602,-0.025705337524414062,0.0009307712316513062,False
pit_b_224,cait_s24_224,57,ILSVRC2012_val_00034356.JPEG,random,0.1666666716337204,True,0.030827488750219345,0.030629735440015793,0.5117453336715698,0.5113799571990967,0.3964824676513672,0.02942230924963951,False
pit_b_224,cait_s24_224,56,ILSVRC2012_val_00034302.JPEG,uniform,0.0,True,-0.0016294787637889385,-0.0016219388926401734,0.5029230713844299,0.5032352805137634,0.09586334228515625,0.019809812307357788,False
pit_b_224,cait_s24_224,57,ILSVRC2012_val_00034356.JPEG,uniform,0.1666666716337204,True,-0.001002020318992436,0.00044119288213551044,0.5075799822807312,0.5082908272743225,0.37273502349853516,0.028134483844041824,False
pit_b_224,cait_s24_224,58,ILSVRC2012_val_00034359.JPEG,promotion,0.0,True,0.012690356001257896,0.01374504342675209,0.5038996338844299,0.5029628872871399,-0.18146228790283203,-0.007361985743045807,False
pit_b_224,cait_s24_224,59,ILSVRC2012_val_00034391.JPEG,promotion,0.4000000059604645,True,-0.007986193522810936,-0.007443592883646488,0.5136984586715698,0.5136984586715698,0.41560935974121094,0.11494191735982895,False
pit_b_224,cait_s24_224,58,ILSVRC2012_val_00034359.JPEG,final_high,0.0,True,0.03346822038292885,0.035051051527261734,0.5117320418357849,0.5112869143486023,-0.18789100646972656,-0.009763307869434357,False
pit_b_224,cait_s24_224,59,ILSVRC2012_val_00034391.JPEG,final_high,0.4000000059604645,True,-0.0004375426797196269,-0.00010655587539076805,0.5170732140541077,0.5176844000816345,0.6352157592773438,0.17991173267364502,False
pit_b_224,cait_s24_224,58,ILSVRC2012_val_00034359.JPEG,random,0.0,True,-0.01742657832801342,-0.017514951527118683,0.4949909746646881,0.49445950984954834,0.022119522094726562,-0.013521760702133179,False
pit_b_224,cait_s24_224,59,ILSVRC2012_val_00034391.JPEG,random,0.4000000059604645,True,-0.019138526171445847,-0.018599485978484154,0.5076331496238708,0.5081579685211182,0.33957862854003906,0.061358802020549774,False
pit_b_224,cait_s24_224,58,ILSVRC2012_val_00034359.JPEG,uniform,0.0,True,-0.004549747332930565,-0.005070133600383997,0.5015146732330322,0.5008702874183655,0.2474040985107422,0.014101065695285797,False
pit_b_224,cait_s24_224,59,ILSVRC2012_val_00034391.JPEG,uniform,0.4000000059604645,True,0.012298353016376495,0.012699125334620476,0.51953125,0.5197305679321289,0.6799068450927734,0.44237369298934937,False
pit_b_224,cait_s24_224,60,ILSVRC2012_val_00034406.JPEG,promotion,0.07692307978868484,True,-0.00015014735981822014,-0.0002575513208284974,0.5012887716293335,0.5002657175064087,0.10269927978515625,0.006462417542934418,False
pit_b_224,cait_s24_224,61,ILSVRC2012_val_00034438.JPEG,promotion,0.1666666716337204,True,0.03992178663611412,0.04298727214336395,0.5266727805137634,0.527908444404602,0.5699939727783203,0.12197450548410416,False
pit_b_224,cait_s24_224,60,ILSVRC2012_val_00034406.JPEG,final_high,0.07692307978868484,True,-0.006833880674093962,-0.005568230524659157,0.5016608238220215,0.5019996166229248,0.09378719329833984,0.005778580904006958,False
pit_b_224,cait_s24_224,61,ILSVRC2012_val_00034438.JPEG,final_high,0.1666666716337204,True,0.032584115862846375,0.034288398921489716,0.5160568356513977,0.5171197652816772,0.4193277359008789,0.09923235327005386,False
pit_b_224,cait_s24_224,60,ILSVRC2012_val_00034406.JPEG,random,0.07692307978868484,True,-0.0029580662958323956,-0.0023995155934244394,0.5046104192733765,0.5051020383834839,0.16410160064697266,0.009903378784656525,False
pit_b_224,cait_s24_224,61,ILSVRC2012_val_00034438.JPEG,random,0.1666666716337204,True,0.03496405854821205,0.03703945130109787,0.5202952027320862,0.5214710831642151,0.43006134033203125,0.12636974453926086,False
pit_b_224,cait_s24_224,60,ILSVRC2012_val_00034406.JPEG,uniform,0.07692307978868484,True,-0.017627408728003502,-0.016342317685484886,0.5090481638908386,0.5093005895614624,0.09563064575195312,0.006372302770614624,False
pit_b_224,cait_s24_224,61,ILSVRC2012_val_00034438.JPEG,uniform,0.1666666716337204,True,0.07134386897087097,0.0709822028875351,0.5231385231018066,0.5239822268486023,0.4795045852661133,0.21145999431610107,False
pit_b_224,cait_s24_224,62,ILSVRC2012_val_00034459.JPEG,promotion,0.1666666716337204,True,-0.0006281398236751556,-0.0012015842366963625,0.5057132244110107,0.5056202411651611,0.16101741790771484,0.011618062853813171,False
pit_b_224,cait_s24_224,63,ILSVRC2012_val_00034548.JPEG,promotion,0.07692307978868484,True,-0.003593754256144166,0.00011425185948610306,0.506424069404602,0.5072411894798279,0.33411693572998047,0.029736042022705078,False
pit_b_224,cait_s24_224,62,ILSVRC2012_val_00034459.JPEG,final_high,0.1666666716337204,True,0.0017639768775552511,0.0025152252055704594,0.505294680595398,0.5057132244110107,0.052039146423339844,0.0035364925861358643,False
pit_b_224,cait_s24_224,63,ILSVRC2012_val_00034548.JPEG,final_high,0.07692307978868484,True,0.06290774047374725,0.06338261067867279,0.5064306855201721,0.5065968036651611,0.2010211944580078,0.021362818777561188,False
pit_b_224,cait_s24_224,62,ILSVRC2012_val_00034459.JPEG,random,0.1666666716337204,True,0.0026105258148163557,0.0018936366541311145,0.5029562711715698,0.5028167366981506,0.05089855194091797,0.0034208744764328003,False
pit_b_224,cait_s24_224,63,ILSVRC2012_val_00034548.JPEG,random,0.07692307978868484,True,0.045964937657117844,0.04739411547780037,0.5049492716789246,0.5047632455825806,0.29802703857421875,0.02550072968006134,False
pit_b_224,cait_s24_224,62,ILSVRC2012_val_00034459.JPEG,uniform,0.1666666716337204,True,-0.0038841019850224257,-0.004303577821701765,0.5061250925064087,0.5062978267669678,-0.1352243423461914,-0.004254154860973358,False
pit_b_224,cait_s24_224,63,ILSVRC2012_val_00034548.JPEG,uniform,0.07692307978868484,True,0.004262794740498066,0.005076528526842594,0.5096593499183655,0.5098519921302795,0.19568729400634766,0.015367470681667328,False
pit_b_224,visformer_small,0,ILSVRC2012_val_00031361.JPEG,promotion,0.0,True,0.031930651515722275,0.030435048043727875,0.5125690698623657,0.5130407810211182,0.4302177429199219,0.12787631154060364,False
pit_b_224,visformer_small,1,ILSVRC2012_val_00031410.JPEG,promotion,0.07692307978868484,True,0.0035201297141611576,0.006123032420873642,0.5061118006706238,0.507227897644043,0.30660438537597656,0.09957540035247803,False
pit_b_224,visformer_small,0,ILSVRC2012_val_00031361.JPEG,final_high,0.0,True,0.03340494632720947,0.03175751492381096,0.5153260231018066,0.515040397644043,0.4547576904296875,0.12893837690353394,False
pit_b_224,visformer_small,1,ILSVRC2012_val_00031410.JPEG,final_high,0.07692307978868484,True,-0.06638401746749878,-0.0689612627029419,0.5025975108146667,0.5030625462532043,0.22469472885131836,0.07199752330780029,False
pit_b_224,visformer_small,0,ILSVRC2012_val_00031361.JPEG,random,0.0,True,0.03780732303857803,0.03644585609436035,0.5128148794174194,0.5132400393486023,0.43514537811279297,0.12757208943367004,False
pit_b_224,visformer_small,1,ILSVRC2012_val_00031410.JPEG,random,0.07692307978868484,True,-0.025809671729803085,-0.01980281062424183,0.503886342048645,0.5045772194862366,0.14571523666381836,0.03942069411277771,False
pit_b_224,visformer_small,0,ILSVRC2012_val_00031361.JPEG,uniform,0.0,True,0.007888825610280037,0.005888014566153288,0.5033349394798279,0.5029429793357849,0.20585918426513672,0.04961533844470978,False
pit_b_224,visformer_small,1,ILSVRC2012_val_00031410.JPEG,uniform,0.07692307978868484,True,0.007542211562395096,0.00779292918741703,0.5065702199935913,0.5067229866981506,0.2185811996459961,0.0694742202758789,False
pit_b_224,visformer_small,2,ILSVRC2012_val_00031472.JPEG,promotion,0.0,True,-0.047701381146907806,-0.04385785013437271,0.5019465088844299,0.5014747977256775,0.029172897338867188,0.03885018825531006,False
pit_b_224,visformer_small,3,ILSVRC2012_val_00031495.JPEG,promotion,0.0,True,0.0006751744076609612,0.0008871734607964754,0.49655213952064514,0.4968245029449463,0.013947486877441406,0.0035588443279266357,False
pit_b_224,visformer_small,2,ILSVRC2012_val_00031472.JPEG,final_high,0.0,True,-0.04079784080386162,-0.037125565111637115,0.5026905536651611,0.5029296875,-0.03597068786621094,0.0027319490909576416,False
pit_b_224,visformer_small,3,ILSVRC2012_val_00031495.JPEG,final_high,0.0,True,0.015315454453229904,0.014715086668729782,0.5009366869926453,0.5011160969734192,0.05714225769042969,0.013751223683357239,False
pit_b_224,visformer_small,2,ILSVRC2012_val_00031472.JPEG,random,0.0,True,-0.07914179563522339,-0.07836691290140152,0.5060786008834839,0.5066432952880859,-0.44989681243896484,0.030390828847885132,False
pit_b_224,visformer_small,3,ILSVRC2012_val_00031495.JPEG,random,0.0,True,-0.04419918358325958,-0.04800645262002945,0.4927787482738495,0.49374866485595703,0.026528358459472656,0.005718067288398743,False
pit_b_224,visformer_small,2,ILSVRC2012_val_00031472.JPEG,uniform,0.0,True,-0.011274373158812523,-0.01053620781749487,0.5020394921302795,0.5023118853569031,0.050520896911621094,0.024447381496429443,False
pit_b_224,visformer_small,3,ILSVRC2012_val_00031495.JPEG,uniform,0.0,True,-0.0018688845448195934,-0.0019825506024062634,0.4946189522743225,0.49492454528808594,0.10785198211669922,0.0260646790266037,False
pit_b_224,visformer_small,4,ILSVRC2012_val_00031548.JPEG,promotion,0.07692307978868484,True,0.018228299915790558,0.015792930498719215,0.5096792578697205,0.5096393823623657,-0.07823657989501953,0.028166532516479492,False
pit_b_224,visformer_small,5,ILSVRC2012_val_00031586.JPEG,promotion,0.1666666716337204,True,0.024349907413125038,0.02694944478571415,0.5074272155761719,0.5073740482330322,0.1733098030090332,0.048519790172576904,False
pit_b_224,visformer_small,4,ILSVRC2012_val_00031548.JPEG,final_high,0.07692307978868484,True,0.011973549611866474,0.011533550918102264,0.5089352130889893,0.5094467401504517,-0.05633354187011719,0.05033200979232788,False
pit_b_224,visformer_small,5,ILSVRC2012_val_00031586.JPEG,final_high,0.1666666716337204,True,0.008161857724189758,0.008717691525816917,0.5035607814788818,0.5041985511779785,0.16930723190307617,0.05061885714530945,False
pit_b_224,visformer_small,4,ILSVRC2012_val_00031548.JPEG,random,0.07692307978868484,True,0.0057678185403347015,0.003950354643166065,0.5014482140541077,0.5025444030761719,-0.1932206153869629,-0.029785990715026855,False
pit_b_224,visformer_small,5,ILSVRC2012_val_00031586.JPEG,random,0.1666666716337204,True,-0.006746786646544933,-0.008595889434218407,0.4984786808490753,0.49892377853393555,0.023515701293945312,0.01054885983467102,False
pit_b_224,visformer_small,4,ILSVRC2012_val_00031548.JPEG,uniform,0.07692307978868484,True,-0.010802488774061203,-0.009058797731995583,0.5014216899871826,0.5009831786155701,0.0014595985412597656,-0.020099222660064697,False
pit_b_224,visformer_small,5,ILSVRC2012_val_00031586.JPEG,uniform,0.1666666716337204,True,0.0019874023273587227,0.0004510367289185524,0.5024114847183228,0.5015877485275269,0.041853904724121094,0.012780934572219849,False
pit_b_224,visformer_small,6,ILSVRC2012_val_00031588.JPEG,promotion,0.4000000059604645,True,-0.05265503749251366,-0.05253973975777626,0.49641263484954834,0.49627313017845154,-0.05985593795776367,-0.00890466570854187,False
pit_b_224,visformer_small,7,ILSVRC2012_val_00031593.JPEG,promotion,0.07692307978868484,True,-0.008016342297196388,-0.009086614474654198,0.49613359570503235,0.49386826157569885,-0.028319358825683594,-0.006817489862442017,False
pit_b_224,visformer_small,6,ILSVRC2012_val_00031588.JPEG,final_high,0.4000000059604645,True,-0.04504747316241264,-0.04425815865397453,0.495210200548172,0.4961070418357849,0.008873462677001953,0.014110952615737915,False
pit_b_224,visformer_small,7,ILSVRC2012_val_00031593.JPEG,final_high,0.07692307978868484,True,-0.009574148803949356,-0.010849878191947937,0.49671822786331177,0.49470528960227966,-0.012798309326171875,-0.0004962384700775146,False
pit_b_224,visformer_small,6,ILSVRC2012_val_00031588.JPEG,random,0.4000000059604645,True,0.01824342831969261,0.017434827983379364,0.49857833981513977,0.49810001254081726,-0.10490751266479492,-0.026041299104690552,False
pit_b_224,visformer_small,7,ILSVRC2012_val_00031593.JPEG,random,0.07692307978868484,True,-0.028753139078617096,-0.021033726632595062,0.49455252289772034,0.4936888813972473,-0.10936164855957031,-0.0287492573261261,False
pit_b_224,visformer_small,6,ILSVRC2012_val_00031588.JPEG,uniform,0.4000000059604645,True,0.002454626839607954,0.0023205468896776438,0.5081446766853333,0.5083107352256775,0.07016754150390625,0.03212916851043701,False
pit_b_224,visformer_small,7,ILSVRC2012_val_00031593.JPEG,uniform,0.07692307978868484,True,-0.00326083623804152,-0.003228583838790655,0.49590110778808594,0.4970238208770752,-0.09271430969238281,-0.026755481958389282,False
pit_b_224,visformer_small,8,ILSVRC2012_val_00031629.JPEG,promotion,0.07692307978868484,True,-0.03755010664463043,-0.038646407425403595,0.5030692219734192,0.5028632283210754,0.3564743995666504,0.1465676724910736,False
pit_b_224,visformer_small,9,ILSVRC2012_val_00031647.JPEG,promotion,0.0,True,-0.026195574551820755,-0.027564892545342445,0.5001793503761292,0.49992692470550537,0.008340835571289062,0.0026745349168777466,False
pit_b_224,visformer_small,8,ILSVRC2012_val_00031629.JPEG,final_high,0.07692307978868484,True,-0.003474526572972536,-0.004362101200968027,0.5080915093421936,0.5076796412467957,0.3779573440551758,0.12911456823349,False
pit_b_224,visformer_small,9,ILSVRC2012_val_00031647.JPEG,final_high,0.0,True,-0.016996685415506363,-0.01866140402853489,0.5042915344238281,0.5036405324935913,0.08195114135742188,0.01102912425994873,False
pit_b_224,visformer_small,8,ILSVRC2012_val_00031629.JPEG,random,0.07692307978868484,True,-0.006687914952635765,-0.007155546452850103,0.5042317509651184,0.5043314099311829,0.34248971939086914,0.12374970316886902,False
pit_b_224,visformer_small,9,ILSVRC2012_val_00031647.JPEG,random,0.0,True,0.03621643781661987,0.036095716059207916,0.5121970772743225,0.5116921663284302,0.1653766632080078,0.026855170726776123,False
pit_b_224,visformer_small,8,ILSVRC2012_val_00031629.JPEG,uniform,0.07692307978868484,True,0.003983382135629654,0.0024783173575997353,0.5004451274871826,0.5004982352256775,0.2621750831604004,0.07891392707824707,False
pit_b_224,visformer_small,9,ILSVRC2012_val_00031647.JPEG,uniform,0.0,True,0.010807327926158905,0.01189378835260868,0.5061715841293335,0.5062048435211182,0.15716934204101562,0.024838924407958984,False
pit_b_224,visformer_small,10,ILSVRC2012_val_00031670.JPEG,promotion,0.27272728085517883,True,0.022006332874298096,0.02481313981115818,0.5076131820678711,0.5084701776504517,0.17250347137451172,0.08245444297790527,False
pit_b_224,visformer_small,11,ILSVRC2012_val_00031686.JPEG,promotion,0.0,True,-0.011391873471438885,-0.013541191816329956,0.5183819532394409,0.519159197807312,0.031768798828125,0.030156463384628296,False
pit_b_224,visformer_small,10,ILSVRC2012_val_00031670.JPEG,final_high,0.27272728085517883,True,-0.006022770423442125,-0.005362941883504391,0.5012223720550537,0.5020262002944946,0.22391510009765625,0.11914056539535522,False
pit_b_224,visformer_small,11,ILSVRC2012_val_00031686.JPEG,final_high,0.0,True,0.011663933284580708,0.012478237971663475,0.5178172588348389,0.5178372263908386,0.10669708251953125,0.05031338334083557,False
pit_b_224,visformer_small,10,ILSVRC2012_val_00031670.JPEG,random,0.27272728085517883,True,0.0047730738297104836,0.006658615544438362,0.5055338740348816,0.5058527588844299,-0.031348228454589844,0.059221506118774414,False
pit_b_224,visformer_small,11,ILSVRC2012_val_00031686.JPEG,random,0.0,True,-0.09155869483947754,-0.09096907079219818,0.5173788070678711,0.5175914168357849,0.044310569763183594,0.033395200967788696,False
pit_b_224,visformer_small,10,ILSVRC2012_val_00031670.JPEG,uniform,0.27272728085517883,True,0.06624778360128403,0.067497618496418,0.5183420777320862,0.5186144709587097,0.7501325607299805,0.2169938087463379,False
pit_b_224,visformer_small,11,ILSVRC2012_val_00031686.JPEG,uniform,0.0,True,0.004633991979062557,0.0034380140714347363,0.5145022869110107,0.5147547125816345,0.06198692321777344,0.04572558403015137,False
pit_b_224,visformer_small,12,ILSVRC2012_val_00031762.JPEG,promotion,0.0,True,0.16335800290107727,0.16536948084831238,0.5453071594238281,0.5444502234458923,2.9188356399536133,2.4941186904907227,True
pit_b_224,visformer_small,13,ILSVRC2012_val_00031783.JPEG,promotion,0.0,True,0.1311940997838974,0.13422957062721252,0.5320605039596558,0.5337545275688171,0.9226946830749512,0.477032870054245,False
pit_b_224,visformer_small,12,ILSVRC2012_val_00031762.JPEG,final_high,0.0,True,0.16747045516967773,0.16821342706680298,0.5425634980201721,0.541972279548645,2.532188892364502,2.1878316402435303,True
pit_b_224,visformer_small,13,ILSVRC2012_val_00031783.JPEG,final_high,0.0,True,0.11583805829286575,0.1203647255897522,0.5328842401504517,0.5334888100624084,1.0262532234191895,0.5229983329772949,False
pit_b_224,visformer_small,12,ILSVRC2012_val_00031762.JPEG,random,0.0,True,0.1573619544506073,0.15892761945724487,0.5450215339660645,0.5444967150688171,2.7912850379943848,2.3533663749694824,True
pit_b_224,visformer_small,13,ILSVRC2012_val_00031783.JPEG,random,0.0,True,0.12701749801635742,0.1291811764240265,0.5321202874183655,0.5334489345550537,0.979252815246582,0.497568279504776,False
pit_b_224,visformer_small,12,ILSVRC2012_val_00031762.JPEG,uniform,0.0,True,0.16114777326583862,0.1583809107542038,0.5381590127944946,0.5374946594238281,2.3330531120300293,1.980299949645996,True
pit_b_224,visformer_small,13,ILSVRC2012_val_00031783.JPEG,uniform,0.0,True,0.05420316010713577,0.05685340240597725,0.518740713596344,0.5204613208770752,0.47866153717041016,0.2592897117137909,False
pit_b_224,visformer_small,14,ILSVRC2012_val_00031785.JPEG,promotion,0.4000000059604645,True,0.041323743760585785,0.04027136042714119,0.5064572691917419,0.5057066082954407,0.09698677062988281,0.026830047369003296,False
pit_b_224,visformer_small,15,ILSVRC2012_val_00031789.JPEG,promotion,0.07692307978868484,True,0.0015378228854387999,0.003020523814484477,0.49829933047294617,0.49855175614356995,-0.020967960357666016,-0.009297311305999756,False
pit_b_224,visformer_small,14,ILSVRC2012_val_00031785.JPEG,final_high,0.4000000059604645,True,0.04106621444225311,0.04008724167943001,0.5060985088348389,0.5059789419174194,0.12051582336425781,0.03427889943122864,False
pit_b_224,visformer_small,15,ILSVRC2012_val_00031789.JPEG,final_high,0.07692307978868484,True,-0.012283449061214924,-0.011650343425571918,0.5002325177192688,0.5001328587532043,-0.024196624755859375,-0.008148550987243652,False
pit_b_224,visformer_small,14,ILSVRC2012_val_00031785.JPEG,random,0.4000000059604645,True,0.05536811053752899,0.05432509630918503,0.5073275566101074,0.5075666904449463,0.12436103820800781,0.03661757707595825,False
pit_b_224,visformer_small,15,ILSVRC2012_val_00031789.JPEG,random,0.07692307978868484,True,-0.012053655460476875,-0.010141352191567421,0.49806681275367737,0.4994220435619354,-0.06392669677734375,-0.031075656414031982,False
pit_b_224,visformer_small,14,ILSVRC2012_val_00031785.JPEG,uniform,0.4000000059604645,True,0.04331017658114433,0.04326380416750908,0.5057597160339355,0.5054275393486023,0.11512041091918945,0.032396286725997925,False
pit_b_224,visformer_small,15,ILSVRC2012_val_00031789.JPEG,uniform,0.07692307978868484,True,-0.005387122742831707,-0.005395345855504274,0.49850526452064514,0.499229371547699,-0.10242795944213867,-0.04125809669494629,False
pit_b_224,visformer_small,16,ILSVRC2012_val_00031922.JPEG,promotion,0.1666666716337204,True,0.020272236317396164,0.02122384123504162,0.5080649256706238,0.5075666904449463,-0.03904151916503906,-0.004831984639167786,False
pit_b_224,visformer_small,17,ILSVRC2012_val_00031927.JPEG,promotion,0.07692307978868484,True,-0.03368595242500305,-0.032800786197185516,0.5048695206642151,0.505839467048645,0.08717632293701172,0.033794790506362915,False
pit_b_224,visformer_small,16,ILSVRC2012_val_00031922.JPEG,final_high,0.1666666716337204,True,0.02666660025715828,0.02668459340929985,0.508204460144043,0.5075201988220215,-0.04321479797363281,-0.007497802376747131,False
pit_b_224,visformer_small,17,ILSVRC2012_val_00031927.JPEG,final_high,0.07692307978868484,True,-0.08044826984405518,-0.07708161324262619,0.5045639276504517,0.5049691796302795,0.09825992584228516,0.036195605993270874,False
pit_b_224,visformer_small,16,ILSVRC2012_val_00031922.JPEG,random,0.1666666716337204,True,0.011548928916454315,0.011014641262590885,0.5044975280761719,0.505447506904602,-0.034432411193847656,-0.003925979137420654,False
pit_b_224,visformer_small,17,ILSVRC2012_val_00031927.JPEG,random,0.07692307978868484,True,0.027005499228835106,0.027912477031350136,0.5053943395614624,0.5064107775688171,0.11547088623046875,0.052204281091690063,False
pit_b_224,visformer_small,16,ILSVRC2012_val_00031922.JPEG,uniform,0.1666666716337204,True,0.021540142595767975,0.02106398344039917,0.5078789591789246,0.5080251097679138,0.06791019439697266,0.01248486340045929,False
pit_b_224,visformer_small,17,ILSVRC2012_val_00031927.JPEG,uniform,0.07692307978868484,True,0.007482422515749931,0.006504712626338005,0.5067429542541504,0.5062978267669678,0.1258697509765625,0.05131727457046509,False
pit_b_224,visformer_small,18,ILSVRC2012_val_00032032.JPEG,promotion,0.07692307978868484,True,0.06749384850263596,0.06493373960256577,0.5235570669174194,0.5245801210403442,0.4682741165161133,0.2178966999053955,False
pit_b_224,visformer_small,19,ILSVRC2012_val_00032039.JPEG,promotion,0.0,True,-0.03785603865981102,-0.04146604984998703,0.49853846430778503,0.49596089124679565,-0.13858795166015625,0.00446087121963501,False
pit_b_224,visformer_small,18,ILSVRC2012_val_00032032.JPEG,final_high,0.07692307978868484,True,0.10728580504655838,0.10431527346372604,0.5242679119110107,0.5238560438156128,0.4625730514526367,0.24749529361724854,False
pit_b_224,visformer_small,19,ILSVRC2012_val_00032039.JPEG,final_high,0.0,True,-0.08881866186857224,-0.09290365129709244,0.497840940952301,0.4983524680137634,0.12415885925292969,0.026072971522808075,False
pit_b_224,visformer_small,18,ILSVRC2012_val_00032032.JPEG,random,0.07692307978868484,True,0.09435374289751053,0.09417009353637695,0.5252643823623657,0.5250318646430969,0.5118241310119629,0.2169244885444641,False
pit_b_224,visformer_small,19,ILSVRC2012_val_00032039.JPEG,random,0.0,True,-0.06620185822248459,-0.06804542988538742,0.4950374662876129,0.4932902753353119,-0.800257682800293,-0.03812366724014282,False
pit_b_224,visformer_small,18,ILSVRC2012_val_00032032.JPEG,uniform,0.07692307978868484,True,0.10180925577878952,0.09979814291000366,0.5180099606513977,0.5163889527320862,0.8454165458679199,0.4402170777320862,False
pit_b_224,visformer_small,19,ILSVRC2012_val_00032039.JPEG,uniform,0.0,True,0.020799774676561356,0.02522195875644684,0.5010363459587097,0.5026174783706665,-0.07166099548339844,-0.004802979528903961,False
pit_b_224,visformer_small,20,ILSVRC2012_val_00032046.JPEG,promotion,0.0,True,-0.010109731927514076,-0.009804368019104004,0.49476510286331177,0.49511054158210754,-0.1459484100341797,-0.028383582830429077,False
pit_b_224,visformer_small,21,ILSVRC2012_val_00032097.JPEG,promotion,0.1666666716337204,True,0.00937894731760025,0.008302655071020126,0.5100778341293335,0.5094866156578064,0.2222461700439453,0.04267539083957672,False
pit_b_224,visformer_small,20,ILSVRC2012_val_00032046.JPEG,final_high,0.0,True,-0.007716067600995302,-0.008251683786511421,0.4952434003353119,0.49566859006881714,-0.1486043930053711,-0.02771240472793579,False
pit_b_224,visformer_small,21,ILSVRC2012_val_00032097.JPEG,final_high,0.1666666716337204,True,-0.0032878576312214136,-0.004286156035959721,0.5089617967605591,0.5087292790412903,0.2203989028930664,0.04302637279033661,False
pit_b_224,visformer_small,20,ILSVRC2012_val_00032046.JPEG,random,0.0,True,0.010497082024812698,0.007749369367957115,0.49588117003440857,0.4965454936027527,-0.12859535217285156,-0.02515248954296112,False
pit_b_224,visformer_small,21,ILSVRC2012_val_00032097.JPEG,random,0.1666666716337204,True,0.009653952904045582,0.008688315749168396,0.5053279399871826,0.5055471658706665,0.23229598999023438,0.05789853632450104,False
pit_b_224,visformer_small,20,ILSVRC2012_val_00032046.JPEG,uniform,0.0,True,-0.0004976950585842133,-0.0015163493808358908,0.49492454528808594,0.4947783946990967,-0.09521102905273438,-0.01724591851234436,False
pit_b_224,visformer_small,21,ILSVRC2012_val_00032097.JPEG,uniform,0.1666666716337204,True,-0.004098030738532543,-0.004114273004233837,0.5056002736091614,0.5048097372055054,0.11173343658447266,0.02726857364177704,False
pit_b_224,visformer_small,22,ILSVRC2012_val_00032098.JPEG,promotion,0.27272728085517883,True,-0.004918824881315231,-0.005027418490499258,0.49921607971191406,0.4995615482330322,0.005360603332519531,0.0008137822151184082,False
pit_b_224,visformer_small,23,ILSVRC2012_val_00032102.JPEG,promotion,0.1666666716337204,True,-0.010598614811897278,-0.011542596854269505,0.4949444532394409,0.49544936418533325,-0.029428482055664062,-0.007588207721710205,False
pit_b_224,visformer_small,22,ILSVRC2012_val_00032098.JPEG,final_high,0.27272728085517883,True,0.007489959243685007,0.00749862939119339,0.5051419138908386,0.5050422549247742,0.12004852294921875,0.03376701474189758,False
pit_b_224,visformer_small,23,ILSVRC2012_val_00032102.JPEG,final_high,0.1666666716337204,True,-0.045708999037742615,-0.04658572003245354,0.48879942297935486,0.48889243602752686,-0.05367279052734375,-0.01359221339225769,False
pit_b_224,visformer_small,22,ILSVRC2012_val_00032098.JPEG,random,0.27272728085517883,True,0.01299557276070118,0.013955119997262955,0.5001660585403442,0.5003387928009033,-0.07900238037109375,-0.018891900777816772,False
pit_b_224,visformer_small,23,ILSVRC2012_val_00032102.JPEG,random,0.1666666716337204,True,-0.00928521528840065,-0.010318422690033913,0.5,0.5003454685211182,0.02513599395751953,0.00652545690536499,False
pit_b_224,visformer_small,22,ILSVRC2012_val_00032098.JPEG,uniform,0.27272728085517883,True,-0.02190789394080639,-0.023367907851934433,0.49396124482154846,0.49385496973991394,-0.12830066680908203,-0.03062582015991211,False
pit_b_224,visformer_small,23,ILSVRC2012_val_00032102.JPEG,uniform,0.1666666716337204,True,-0.016681915149092674,-0.016653552651405334,0.4997807741165161,0.4995681941509247,0.04541301727294922,0.01184624433517456,False
pit_b_224,visformer_small,24,ILSVRC2012_val_00032120.JPEG,promotion,0.07692307978868484,True,0.015354670584201813,0.01552017405629158,0.5007108449935913,0.5005514025688171,0.38851356506347656,0.08826221525669098,False
pit_b_224,visformer_small,25,ILSVRC2012_val_00032188.JPEG,promotion,0.0,True,0.055504702031612396,0.055848948657512665,0.519737184047699,0.5202155113220215,1.0379505157470703,0.6737393140792847,False
pit_b_224,visformer_small,24,ILSVRC2012_val_00032120.JPEG,final_high,0.07692307978868484,True,0.06713496148586273,0.06960734724998474,0.5050023794174194,0.5041719675064087,0.47894287109375,0.11643953621387482,False
pit_b_224,visformer_small,25,ILSVRC2012_val_00032188.JPEG,final_high,0.0,True,0.0948203057050705,0.09688802063465118,0.5256896018981934,0.5261944532394409,1.3406639099121094,0.8268282413482666,False
pit_b_224,visformer_small,24,ILSVRC2012_val_00032120.JPEG,random,0.07692307978868484,True,0.03997688367962837,0.04361439868807793,0.5085964202880859,0.5079586505889893,0.4319944381713867,0.09870772063732147,False
pit_b_224,visformer_small,25,ILSVRC2012_val_00032188.JPEG,random,0.0,True,0.04074639081954956,0.044465072453022,0.518780529499054,0.5198434591293335,1.1916513442993164,0.6863372325897217,False
pit_b_224,visformer_small,24,ILSVRC2012_val_00032120.JPEG,uniform,0.07692307978868484,True,0.08130858838558197,0.08225702494382858,0.5096925497055054,0.5102838277816772,0.5247821807861328,0.12853194773197174,False
pit_b_224,visformer_small,25,ILSVRC2012_val_00032188.JPEG,uniform,0.0,True,0.050473324954509735,0.051545314490795135,0.5169137716293335,0.5168406963348389,1.3396883010864258,0.8726239204406738,False
pit_b_224,visformer_small,26,ILSVRC2012_val_00032370.JPEG,promotion,0.0,True,0.0032799895852804184,0.002873212331905961,0.4963129758834839,0.4960671663284302,0.06052112579345703,0.01863977313041687,False
pit_b_224,visformer_small,27,ILSVRC2012_val_00032435.JPEG,promotion,0.07692307978868484,True,-0.003391116624698043,-0.004131627734750509,0.5027702450752258,0.5020062923431396,-0.07602500915527344,-0.02472364902496338,False
pit_b_224,visformer_small,26,ILSVRC2012_val_00032370.JPEG,final_high,0.0,True,-0.017324969172477722,-0.01670236885547638,0.4957881569862366,0.4965587854385376,0.1544342041015625,0.03860734403133392,False
pit_b_224,visformer_small,27,ILSVRC2012_val_00032435.JPEG,final_high,0.07692307978868484,True,0.015012005344033241,0.015041757375001907,0.5080450177192688,0.5081911683082581,0.30275440216064453,0.172471284866333,False
pit_b_224,visformer_small,26,ILSVRC2012_val_00032370.JPEG,random,0.0,True,0.007518538273870945,0.007935316301882267,0.4982461631298065,0.4980601668357849,0.10669994354248047,0.025353386998176575,False
pit_b_224,visformer_small,27,ILSVRC2012_val_00032435.JPEG,random,0.07692307978868484,True,0.00337153859436512,0.0035169273614883423,0.5032551884651184,0.5020926594734192,-0.1468219757080078,-0.04536139965057373,False
pit_b_224,visformer_small,26,ILSVRC2012_val_00032370.JPEG,uniform,0.0,True,0.0018846603343263268,0.0021182592026889324,0.5006576776504517,0.500956654548645,0.19395732879638672,0.04513049125671387,False
pit_b_224,visformer_small,27,ILSVRC2012_val_00032435.JPEG,uniform,0.07692307978868484,True,0.0036549882497638464,0.004650391638278961,0.5057265162467957,0.5057796835899353,0.22820615768432617,0.1334661841392517,False
pit_b_224,visformer_small,28,ILSVRC2012_val_00032552.JPEG,promotion,0.07692307978868484,True,0.0065804747864604,0.0031117761973291636,0.4981996715068817,0.49768149852752686,1.0738582611083984,0.8639895915985107,False
pit_b_224,visformer_small,29,ILSVRC2012_val_00032623.JPEG,promotion,0.0,True,0.08887958526611328,0.0892772227525711,0.5155918002128601,0.5154921412467957,0.4721999168395996,0.29721570014953613,False
pit_b_224,visformer_small,28,ILSVRC2012_val_00032552.JPEG,final_high,0.07692307978868484,True,-0.005329994019120932,-0.006741042714565992,0.4988507032394409,0.4986779987812042,0.4401073455810547,0.35728681087493896,False
pit_b_224,visformer_small,29,ILSVRC2012_val_00032623.JPEG,final_high,0.0,True,0.10068926215171814,0.101212278008461,0.5180232524871826,0.517598032951355,0.5475053787231445,0.3714728355407715,False
pit_b_224,visformer_small,28,ILSVRC2012_val_00032552.JPEG,random,0.07692307978868484,True,-0.017874641343951225,-0.019889190793037415,0.4950906038284302,0.49520355463027954,0.844294548034668,0.6646164655685425,False
pit_b_224,visformer_small,29,ILSVRC2012_val_00032623.JPEG,random,0.0,True,0.10094596445560455,0.10156160593032837,0.5200560688972473,0.5197969675064087,0.5116586685180664,0.34787631034851074,False
pit_b_224,visformer_small,28,ILSVRC2012_val_00032552.JPEG,uniform,0.07692307978868484,True,-0.007001462392508984,-0.009346427395939827,0.4984321892261505,0.4978143572807312,1.4603066444396973,1.2848597764968872,True
pit_b_224,visformer_small,29,ILSVRC2012_val_00032623.JPEG,uniform,0.0,True,0.0379255972802639,0.039450645446777344,0.5094268321990967,0.5107886791229248,0.28140878677368164,0.15194213390350342,False
pit_b_224,visformer_small,30,ILSVRC2012_val_00032646.JPEG,promotion,0.0,True,0.012031071819365025,0.014710519462823868,0.5273105502128601,0.5264468789100647,0.33844566345214844,0.35689496994018555,True
pit_b_224,visformer_small,31,ILSVRC2012_val_00032695.JPEG,promotion,0.07692307978868484,True,0.003554681083187461,0.0028055484872311354,0.49916958808898926,0.4992692470550537,0.025002479553222656,-0.003191232681274414,False
pit_b_224,visformer_small,30,ILSVRC2012_val_00032646.JPEG,final_high,0.0,True,0.0470573864877224,0.050743598490953445,0.5294297337532043,0.5279682278633118,0.3183317184448242,0.35962629318237305,True
pit_b_224,visformer_small,31,ILSVRC2012_val_00032695.JPEG,final_high,0.07692307978868484,True,0.006770521402359009,0.007552677765488625,0.5014880895614624,0.500186026096344,0.08934926986694336,0.016278833150863647,False
pit_b_224,visformer_small,30,ILSVRC2012_val_00032646.JPEG,random,0.0,True,0.021115630865097046,0.02392120286822319,0.5281409621238708,0.5280081033706665,0.34596681594848633,0.36401402950286865,True
pit_b_224,visformer_small,31,ILSVRC2012_val_00032695.JPEG,random,0.07692307978868484,True,0.03865411877632141,0.03825695812702179,0.49728289246559143,0.49560216069221497,0.03575611114501953,0.00302201509475708,False
pit_b_224,visformer_small,30,ILSVRC2012_val_00032646.JPEG,uniform,0.0,True,0.09894336760044098,0.10035523027181625,0.5276294350624084,0.5286192893981934,0.28961181640625,0.3467137813568115,True
pit_b_224,visformer_small,31,ILSVRC2012_val_00032695.JPEG,uniform,0.07692307978868484,True,0.017657242715358734,0.01889120787382126,0.501368522644043,0.5008503198623657,0.09870338439941406,0.016640007495880127,False
pit_b_224,visformer_small,32,ILSVRC2012_val_00032723.JPEG,promotion,0.07692307978868484,True,0.03573692589998245,0.03472620248794556,0.4992692470550537,0.4978276491165161,-0.08425760269165039,-0.007149368524551392,False
pit_b_224,visformer_small,33,ILSVRC2012_val_00032911.JPEG,promotion,0.07692307978868484,True,0.004011206328868866,0.003962162882089615,0.5049757957458496,0.5052083134651184,0.20557117462158203,0.13374382257461548,False
pit_b_224,visformer_small,32,ILSVRC2012_val_00032723.JPEG,final_high,0.07692307978868484,True,-0.0014910330064594746,-0.004855211358517408,0.49857833981513977,0.49923601746559143,-0.010219573974609375,0.0057100653648376465,False
pit_b_224,visformer_small,33,ILSVRC2012_val_00032911.JPEG,final_high,0.07692307978868484,True,0.009888178668916225,0.009380165487527847,0.5041387677192688,0.5042118430137634,0.12037420272827148,0.09100121259689331,False
pit_b_224,visformer_small,32,ILSVRC2012_val_00032723.JPEG,random,0.07692307978868484,True,-0.03729606792330742,-0.04351598396897316,0.4972696006298065,0.4956154227256775,0.028382301330566406,0.01958531141281128,False
pit_b_224,visformer_small,33,ILSVRC2012_val_00032911.JPEG,random,0.07692307978868484,True,0.009617403149604797,0.00941091775894165,0.5063377022743225,0.507227897644043,0.07564830780029297,0.05940520763397217,False
pit_b_224,visformer_small,32,ILSVRC2012_val_00032723.JPEG,uniform,0.07692307978868484,True,-0.012314283289015293,-0.014982583001255989,0.499116450548172,0.4985252022743225,-0.05912351608276367,-0.005718052387237549,False
pit_b_224,visformer_small,33,ILSVRC2012_val_00032911.JPEG,uniform,0.07692307978868484,True,0.018181366845965385,0.019903749227523804,0.5048961043357849,0.5060786008834839,0.051255226135253906,0.049018681049346924,False
pit_b_224,visformer_small,34,ILSVRC2012_val_00032926.JPEG,promotion,0.07692307978868484,True,0.01092210691422224,0.012297388166189194,0.5052348971366882,0.5057663917541504,-0.11960220336914062,-0.022744134068489075,False
pit_b_224,visformer_small,35,ILSVRC2012_val_00032950.JPEG,promotion,0.1666666716337204,True,0.013424421660602093,0.012446729466319084,0.4999535083770752,0.5005912780761719,-0.0004749298095703125,0.0009450316429138184,False
pit_b_224,visformer_small,34,ILSVRC2012_val_00032926.JPEG,final_high,0.07692307978868484,True,0.0015037489356473088,0.0035714046098291874,0.5006775856018066,0.5004251599311829,-0.16750717163085938,-0.032623857259750366,False
pit_b_224,visformer_small,35,ILSVRC2012_val_00032950.JPEG,final_high,0.1666666716337204,True,-0.004861745983362198,-0.005334178451448679,0.5014150142669678,0.5010496377944946,0.11351680755615234,0.01991322636604309,False
pit_b_224,visformer_small,34,ILSVRC2012_val_00032926.JPEG,random,0.07692307978868484,True,0.007692511659115553,0.009942375123500824,0.5036471486091614,0.5029894709587097,-0.2350149154663086,-0.03681662678718567,False
pit_b_224,visformer_small,35,ILSVRC2012_val_00032950.JPEG,random,0.1666666716337204,True,0.014936749823391438,0.014460867270827293,0.5004650354385376,0.49946853518486023,0.05942535400390625,0.008523955941200256,False
pit_b_224,visformer_small,34,ILSVRC2012_val_00032926.JPEG,uniform,0.07692307978868484,True,0.004765287972986698,0.005651045590639114,0.5021457672119141,0.5032485723495483,-0.07497882843017578,-0.009521767497062683,False
pit_b_224,visformer_small,35,ILSVRC2012_val_00032950.JPEG,uniform,0.1666666716337204,True,0.016366668045520782,0.015400325879454613,0.506271243095398,0.507998526096344,0.19619178771972656,0.03847251832485199,False
pit_b_224,visformer_small,36,ILSVRC2012_val_00033014.JPEG,promotion,0.0,True,0.09181910753250122,0.08842210471630096,0.5175449252128601,0.517166256904602,0.3605523109436035,0.2977786660194397,False
pit_b_224,visformer_small,37,ILSVRC2012_val_00033018.JPEG,promotion,0.07692307978868484,True,0.07438667118549347,0.07315900921821594,0.5126687288284302,0.5132135152816772,0.5450077056884766,0.17085936665534973,False
pit_b_224,visformer_small,36,ILSVRC2012_val_00033014.JPEG,final_high,0.0,True,0.09514423459768295,0.09284433722496033,0.5166547298431396,0.5156847834587097,0.2862081527709961,0.28715407848358154,False
pit_b_224,visformer_small,37,ILSVRC2012_val_00033018.JPEG,final_high,0.07692307978868484,True,0.06157460808753967,0.060416169464588165,0.5116124749183655,0.5113599896430969,0.4904775619506836,0.16492414474487305,False
pit_b_224,visformer_small,36,ILSVRC2012_val_00033014.JPEG,random,0.0,True,0.07570929825305939,0.07237743586301804,0.5132666230201721,0.5133330821990967,0.32601261138916016,0.2895505428314209,False
pit_b_224,visformer_small,37,ILSVRC2012_val_00033018.JPEG,random,0.07692307978868484,True,0.07875889539718628,0.0769713893532753,0.5115261077880859,0.5113932490348816,0.45252323150634766,0.1313275396823883,False
pit_b_224,visformer_small,36,ILSVRC2012_val_00033014.JPEG,uniform,0.0,True,0.041735291481018066,0.041508082300424576,0.514070451259613,0.514462411403656,0.2529416084289551,0.1947324275970459,False
pit_b_224,visformer_small,37,ILSVRC2012_val_00033018.JPEG,uniform,0.07692307978868484,True,0.09235411882400513,0.0913129448890686,0.5174053907394409,0.5178837180137634,0.5950813293457031,0.20566079020500183,False
pit_b_224,visformer_small,38,ILSVRC2012_val_00033076.JPEG,promotion,0.0,True,0.04220551252365112,0.045754943042993546,0.5085499286651611,0.5089086294174194,0.17155981063842773,0.04639941453933716,False
pit_b_224,visformer_small,39,ILSVRC2012_val_00033149.JPEG,promotion,0.0,True,0.037274181842803955,0.04151339828968048,0.5069023966789246,0.5081380009651184,0.01266622543334961,0.07183229923248291,False
pit_b_224,visformer_small,38,ILSVRC2012_val_00033076.JPEG,final_high,0.0,True,0.033617012202739716,0.037662819027900696,0.5036538243293762,0.5040590167045593,0.12175559997558594,0.03061237931251526,False
pit_b_224,visformer_small,39,ILSVRC2012_val_00033149.JPEG,final_high,0.0,True,0.03597448021173477,0.04031308367848396,0.5081446766853333,0.5093470811843872,0.05644989013671875,0.09270089864730835,False
pit_b_224,visformer_small,38,ILSVRC2012_val_00033076.JPEG,random,0.0,True,0.026261329650878906,0.029397860169410706,0.501541256904602,0.5014150142669678,0.1215353012084961,0.03234848380088806,False
pit_b_224,visformer_small,39,ILSVRC2012_val_00033149.JPEG,random,0.0,True,0.04880724847316742,0.04864530265331268,0.5109215378761292,0.5118649005889893,0.11514616012573242,0.12273848056793213,False
pit_b_224,visformer_small,38,ILSVRC2012_val_00033076.JPEG,uniform,0.0,True,0.004004310816526413,0.0041764872148633,0.5036205649375916,0.5030426383018494,0.12051200866699219,0.03180426359176636,False
pit_b_224,visformer_small,39,ILSVRC2012_val_00033149.JPEG,uniform,0.0,True,0.03053990751504898,0.03731316328048706,0.5129145383834839,0.5133994817733765,0.1240696907043457,0.12648725509643555,False
pit_b_224,visformer_small,40,ILSVRC2012_val_00033150.JPEG,promotion,0.0,True,0.016631904989480972,0.013829024508595467,0.4967580735683441,0.4965919852256775,-0.1325850486755371,-0.03369662165641785,False
pit_b_224,visformer_small,41,ILSVRC2012_val_00033171.JPEG,promotion,0.0,True,0.013531813398003578,0.01022367738187313,0.5063841938972473,0.5051552057266235,-0.052442073822021484,-0.01660531759262085,False
pit_b_224,visformer_small,40,ILSVRC2012_val_00033150.JPEG,final_high,0.0,True,0.016631904989480972,0.013829025439918041,0.4967580735683441,0.4965919852256775,-0.1325850486755371,-0.03369662165641785,False
pit_b_224,visformer_small,41,ILSVRC2012_val_00033171.JPEG,final_high,0.0,True,-0.0013727480545639992,-0.0009596594609320164,0.5066632032394409,0.5071747303009033,0.009009838104248047,0.022074639797210693,False
pit_b_224,visformer_small,40,ILSVRC2012_val_00033150.JPEG,random,0.0,True,0.034893013536930084,0.03581392392516136,0.5006709694862366,0.5002923011779785,-0.0035266876220703125,0.010098278522491455,False
pit_b_224,visformer_small,41,ILSVRC2012_val_00033171.JPEG,random,0.0,True,0.01648281328380108,0.01726425439119339,0.5072013139724731,0.5059457421302795,-0.06772994995117188,0.01704251766204834,False
pit_b_224,visformer_small,40,ILSVRC2012_val_00033150.JPEG,uniform,0.0,True,-0.010170534253120422,-0.010417950339615345,0.4996412694454193,0.5000730752944946,-0.045839786529541016,-0.008367151021957397,False
pit_b_224,visformer_small,41,ILSVRC2012_val_00033171.JPEG,uniform,0.0,True,0.013416705653071404,0.013690118677914143,0.5113334655761719,0.5117121338844299,0.06521844863891602,0.05877500772476196,False
pit_b_224,visformer_small,42,ILSVRC2012_val_00033207.JPEG,promotion,0.0,True,-0.12163788080215454,-0.12061882019042969,0.5047300457954407,0.5039328336715698,-0.035759925842285156,-0.00038464367389678955,False
pit_b_224,visformer_small,43,ILSVRC2012_val_00033255.JPEG,promotion,0.0,True,0.00208932813256979,0.0019297818653285503,0.49391475319862366,0.492373526096344,0.20850896835327148,0.06148427724838257,False
pit_b_224,visformer_small,42,ILSVRC2012_val_00033207.JPEG,final_high,0.0,True,-0.10235533863306046,-0.1019640862941742,0.5030891299247742,0.501162588596344,-0.14537620544433594,-0.006655991077423096,False
pit_b_224,visformer_small,43,ILSVRC2012_val_00033255.JPEG,final_high,0.0,True,0.008637714199721813,0.008054506033658981,0.49645912647247314,0.4963129758834839,0.19276666641235352,0.062243133783340454,False
pit_b_224,visformer_small,42,ILSVRC2012_val_00033207.JPEG,random,0.0,True,0.02049473486840725,0.021956145763397217,0.5074936151504517,0.5071083307266235,-0.11801815032958984,-0.011074215173721313,False
pit_b_224,visformer_small,43,ILSVRC2012_val_00033255.JPEG,random,0.0,True,0.004116566386073828,0.003797902725636959,0.49453258514404297,0.4938150942325592,0.01685047149658203,0.012090474367141724,False
pit_b_224,visformer_small,42,ILSVRC2012_val_00033207.JPEG,uniform,0.0,True,0.07247903943061829,0.07191736996173859,0.5010164380073547,0.5012954473495483,-0.1339569091796875,0.01188594102859497,False
pit_b_224,visformer_small,43,ILSVRC2012_val_00033255.JPEG,uniform,0.0,True,0.030502088367938995,0.03035702556371689,0.5117852091789246,0.5128281712532043,0.5979290008544922,0.23953157663345337,False
pit_b_224,visformer_small,44,ILSVRC2012_val_00033340.JPEG,promotion,0.0,True,0.06039336323738098,0.0601540133357048,0.5012223720550537,0.5022521018981934,-0.017709732055664062,0.0089588463306427,False
pit_b_224,visformer_small,45,ILSVRC2012_val_00033725.JPEG,promotion,0.07692307978868484,True,0.044111091643571854,0.04476022720336914,0.5224742293357849,0.5227133631706238,-0.03699970245361328,0.03194895386695862,False
pit_b_224,visformer_small,44,ILSVRC2012_val_00033340.JPEG,final_high,0.0,True,-0.01282310951501131,-0.012409050017595291,0.5022653341293335,0.5017737746238708,-0.004581451416015625,0.0062868595123291016,False
pit_b_224,visformer_small,45,ILSVRC2012_val_00033725.JPEG,final_high,0.07692307978868484,True,0.03125641867518425,0.03415965288877487,0.5232647657394409,0.5238227844238281,0.17068862915039062,0.0853361189365387,False
pit_b_224,visformer_small,44,ILSVRC2012_val_00033340.JPEG,random,0.0,True,-0.040585827082395554,-0.040989141911268234,0.504656970500946,0.5044775605201721,0.014018058776855469,0.005244702100753784,False
pit_b_224,visformer_small,45,ILSVRC2012_val_00033725.JPEG,random,0.07692307978868484,True,0.03973560035228729,0.04423487186431885,0.5200095772743225,0.520713746547699,-0.08264636993408203,0.035236746072769165,False
pit_b_224,visformer_small,44,ILSVRC2012_val_00033340.JPEG,uniform,0.0,True,0.008503364399075508,0.00783685315400362,0.49886399507522583,0.49921607971191406,0.00665283203125,0.00675588846206665,False
pit_b_224,visformer_small,45,ILSVRC2012_val_00033725.JPEG,uniform,0.07692307978868484,True,0.019552696496248245,0.02018989808857441,0.5090281963348389,0.509187638759613,0.18326091766357422,0.09868943691253662,False
pit_b_224,visformer_small,46,ILSVRC2012_val_00033897.JPEG,promotion,0.07692307978868484,True,0.007600745186209679,0.009522411972284317,0.5090614557266235,0.509785532951355,-0.35027217864990234,-0.04706500470638275,False
pit_b_224,visformer_small,47,ILSVRC2012_val_00033960.JPEG,promotion,0.07692307978868484,True,0.00360779813490808,0.0014353323495015502,0.5014747977256775,0.5017538070678711,-0.08702754974365234,-0.012433052062988281,False
pit_b_224,visformer_small,46,ILSVRC2012_val_00033897.JPEG,final_high,0.07692307978868484,True,0.004953083582222462,0.0074271587654948235,0.5045772194862366,0.5061250925064087,-0.22774696350097656,-0.035323336720466614,False
pit_b_224,visformer_small,47,ILSVRC2012_val_00033960.JPEG,final_high,0.07692307978868484,True,-0.0007324214093387127,-0.0045066578313708305,0.5051352381706238,0.5050954222679138,-0.05781078338623047,-0.008392676711082458,False
pit_b_224,visformer_small,46,ILSVRC2012_val_00033897.JPEG,random,0.07692307978868484,True,-0.003770017996430397,-0.0018198490142822266,0.5096726417541504,0.511944591999054,0.020483016967773438,0.031164973974227905,False
pit_b_224,visformer_small,47,ILSVRC2012_val_00033960.JPEG,random,0.07692307978868484,True,0.0034783673472702503,0.0039009633474051952,0.5060254335403442,0.5061383843421936,-0.09075641632080078,-0.016879796981811523,False
pit_b_224,visformer_small,46,ILSVRC2012_val_00033897.JPEG,uniform,0.07692307978868484,True,0.017742106691002846,0.020945433527231216,0.5079187750816345,0.5097257494926453,0.6052465438842773,0.25737056136131287,False
pit_b_224,visformer_small,47,ILSVRC2012_val_00033960.JPEG,uniform,0.07692307978868484,True,0.001842898316681385,0.001138764899224043,0.5004716515541077,0.4999202787876129,-0.11163520812988281,-0.020700395107269287,False
pit_b_224,visformer_small,48,ILSVRC2012_val_00033997.JPEG,promotion,0.07692307978868484,True,0.0333123579621315,0.029949747025966644,0.4951969087123871,0.49404096603393555,-0.03460121154785156,-0.004484981298446655,False
pit_b_224,visformer_small,49,ILSVRC2012_val_00034008.JPEG,promotion,0.1666666716337204,True,-0.0315728560090065,-0.0309097021818161,0.49734267592430115,0.4974689185619354,0.03849220275878906,0.12351799011230469,False
pit_b_224,visformer_small,48,ILSVRC2012_val_00033997.JPEG,final_high,0.07692307978868484,True,0.037041421979665756,0.0357418917119503,0.4983923137187958,0.4974888265132904,-0.007892608642578125,0.005000770092010498,False
pit_b_224,visformer_small,49,ILSVRC2012_val_00034008.JPEG,final_high,0.1666666716337204,True,0.012130827642977238,0.0127033032476902,0.5041985511779785,0.5054541230201721,0.08754920959472656,0.10159605741500854,False
pit_b_224,visformer_small,48,ILSVRC2012_val_00033997.JPEG,random,0.07692307978868484,True,0.033621955662965775,0.03241434693336487,0.5032485723495483,0.5036936402320862,0.013663291931152344,0.011614203453063965,False
pit_b_224,visformer_small,49,ILSVRC2012_val_00034008.JPEG,random,0.1666666716337204,True,-0.006882546469569206,-0.007669409736990929,0.4999667704105377,0.49948182702064514,0.09661245346069336,0.1402835249900818,False
pit_b_224,visformer_small,48,ILSVRC2012_val_00033997.JPEG,uniform,0.07692307978868484,True,0.010569695383310318,0.009606022387742996,0.49267908930778503,0.49277210235595703,-0.062096595764160156,-0.007786154747009277,False
pit_b_224,visformer_small,49,ILSVRC2012_val_00034008.JPEG,uniform,0.1666666716337204,True,0.014320829883217812,0.014247038401663303,0.503135621547699,0.5028433203697205,0.2317047119140625,0.17614614963531494,False
pit_b_224,visformer_small,50,ILSVRC2012_val_00034055.JPEG,promotion,0.07692307978868484,True,-0.01970481127500534,-0.01670895703136921,0.5006842613220215,0.5009699463844299,0.25992441177368164,0.062263160943984985,False
pit_b_224,visformer_small,51,ILSVRC2012_val_00034168.JPEG,promotion,0.07692307978868484,True,0.018653590232133865,0.019298125058412552,0.515399158000946,0.5149540305137634,0.062274932861328125,0.017901599407196045,False
pit_b_224,visformer_small,50,ILSVRC2012_val_00034055.JPEG,final_high,0.07692307978868484,True,0.009049021638929844,0.01130872406065464,0.5001129508018494,0.5007374286651611,0.2609891891479492,0.06281393766403198,False
pit_b_224,visformer_small,51,ILSVRC2012_val_00034168.JPEG,final_high,0.07692307978868484,True,-0.034970685839653015,-0.03704896569252014,0.5098652839660645,0.5083572268486023,0.19627857208251953,0.05507203936576843,False
pit_b_224,visformer_small,50,ILSVRC2012_val_00034055.JPEG,random,0.07692307978868484,True,0.0049429829232394695,0.007649645209312439,0.5026971697807312,0.504092276096344,0.22783708572387695,0.05536317825317383,False
pit_b_224,visformer_small,51,ILSVRC2012_val_00034168.JPEG,random,0.07692307978868484,True,0.026730960234999657,0.025940261781215668,0.5146351456642151,0.5149872303009033,0.0321807861328125,0.009771227836608887,False
pit_b_224,visformer_small,50,ILSVRC2012_val_00034055.JPEG,uniform,0.07692307978868484,True,-0.036570411175489426,-0.03487373888492584,0.5015279650688171,0.5012223720550537,0.20926380157470703,0.05044436454772949,False
pit_b_224,visformer_small,51,ILSVRC2012_val_00034168.JPEG,uniform,0.07692307978868484,True,-0.0034081796184182167,-0.003977635875344276,0.5006709694862366,0.5008171200752258,-0.024637222290039062,-0.004628896713256836,False
pit_b_224,visformer_small,52,ILSVRC2012_val_00034182.JPEG,promotion,0.27272728085517883,True,0.008210277184844017,0.010448564775288105,0.5008835792541504,0.5018734335899353,-0.19094276428222656,-0.03318206965923309,False
pit_b_224,visformer_small,53,ILSVRC2012_val_00034217.JPEG,promotion,0.1666666716337204,True,-0.007002979516983032,-0.007322276011109352,0.5011559128761292,0.5013286471366882,-0.23235464096069336,-0.07964026927947998,False
pit_b_224,visformer_small,52,ILSVRC2012_val_00034182.JPEG,final_high,0.27272728085517883,True,0.0061701564118266106,0.008487073704600334,0.49819302558898926,0.4984321892261505,-0.12277603149414062,-0.021694108843803406,False
pit_b_224,visformer_small,53,ILSVRC2012_val_00034217.JPEG,final_high,0.1666666716337204,True,-0.0003335599321871996,-0.0018100496381521225,0.49934232234954834,0.5001062750816345,-0.1134648323059082,-0.03852128982543945,False
pit_b_224,visformer_small,52,ILSVRC2012_val_00034182.JPEG,random,0.27272728085517883,True,-0.008311701938509941,-0.007297532632946968,0.49484482407569885,0.495907723903656,-0.16246986389160156,-0.03054468333721161,False
pit_b_224,visformer_small,53,ILSVRC2012_val_00034217.JPEG,random,0.1666666716337204,True,0.021595189347863197,0.02066629007458687,0.4980003833770752,0.49904337525367737,-0.15090465545654297,-0.050365179777145386,False
pit_b_224,visformer_small,52,ILSVRC2012_val_00034182.JPEG,uniform,0.27272728085517883,True,0.012932021170854568,0.013068057596683502,0.5042650103569031,0.5046104192733765,-0.1024179458618164,-0.01516607403755188,False
pit_b_224,visformer_small,53,ILSVRC2012_val_00034217.JPEG,uniform,0.1666666716337204,True,-0.02131611667573452,-0.022747211158275604,0.4976881444454193,0.49792730808258057,-0.39566707611083984,-0.1289878785610199,False
pit_b_224,visformer_small,54,ILSVRC2012_val_00034225.JPEG,promotion,0.07692307978868484,True,0.039033614099025726,0.037782713770866394,0.5127285122871399,0.5119379758834839,0.08309078216552734,0.028401076793670654,False
pit_b_224,visformer_small,55,ILSVRC2012_val_00034230.JPEG,promotion,0.0,True,-0.011972841806709766,-0.010663404129445553,0.5027968287467957,0.5036338567733765,0.043616294860839844,0.014844417572021484,False
pit_b_224,visformer_small,54,ILSVRC2012_val_00034225.JPEG,final_high,0.07692307978868484,True,0.0031381878070533276,0.0023383537773042917,0.5093470811843872,0.5093138813972473,0.045365333557128906,0.016469717025756836,False
pit_b_224,visformer_small,55,ILSVRC2012_val_00034230.JPEG,final_high,0.0,True,0.021288108080625534,0.02246292307972908,0.5029429793357849,0.5030426383018494,0.0016727447509765625,-0.008541345596313477,False
pit_b_224,visformer_small,54,ILSVRC2012_val_00034225.JPEG,random,0.07692307978868484,True,0.03203759342432022,0.031726520508527756,0.5133264064788818,0.5118981003761292,0.15376758575439453,0.044013798236846924,False
pit_b_224,visformer_small,55,ILSVRC2012_val_00034230.JPEG,random,0.0,True,-0.09035977721214294,-0.08976785093545914,0.4956951439380646,0.49445950984954834,-0.1755962371826172,-0.023382902145385742,False
pit_b_224,visformer_small,54,ILSVRC2012_val_00034225.JPEG,uniform,0.07692307978868484,True,0.0023810137063264847,0.0022539033088833094,0.509200930595398,0.5093470811843872,-0.04470062255859375,0.002788722515106201,False
pit_b_224,visformer_small,55,ILSVRC2012_val_00034230.JPEG,uniform,0.0,True,0.006179850548505783,0.007703745737671852,0.5096128582954407,0.5105694532394409,-0.027109146118164062,-0.00298193097114563,False
pit_b_224,visformer_small,56,ILSVRC2012_val_00034302.JPEG,promotion,0.0,True,-0.0012238994240760803,-0.001683128997683525,0.5065768361091614,0.505460798740387,0.07022285461425781,0.018947601318359375,False
pit_b_224,visformer_small,57,ILSVRC2012_val_00034356.JPEG,promotion,0.07692307978868484,True,0.014043298549950123,0.014963035471737385,0.5078456997871399,0.5084369778633118,0.06470680236816406,0.016484707593917847,False
pit_b_224,visformer_small,56,ILSVRC2012_val_00034302.JPEG,final_high,0.0,True,-0.0329195037484169,-0.03225395828485489,0.5021191835403442,0.5012289881706238,-0.015936851501464844,0.0008971691131591797,False
pit_b_224,visformer_small,57,ILSVRC2012_val_00034356.JPEG,final_high,0.07692307978868484,True,0.013837379403412342,0.014973754063248634,0.5082443356513977,0.5081977844238281,0.08819580078125,0.022213608026504517,False
pit_b_224,visformer_small,56,ILSVRC2012_val_00034302.JPEG,random,0.0,True,-0.000818406930193305,-0.0013094684109091759,0.5026506781578064,0.5029031038284302,0.03788948059082031,0.008105635643005371,False
pit_b_224,visformer_small,57,ILSVRC2012_val_00034356.JPEG,random,0.07692307978868484,True,0.005115319974720478,0.005762455984950066,0.5050754547119141,0.5057464241981506,0.03269481658935547,0.010626912117004395,False
pit_b_224,visformer_small,56,ILSVRC2012_val_00034302.JPEG,uniform,0.0,True,0.013919329270720482,0.014728093519806862,0.5049625039100647,0.5053943395614624,0.0736083984375,0.016924947500228882,False
pit_b_224,visformer_small,57,ILSVRC2012_val_00034356.JPEG,uniform,0.07692307978868484,True,0.018394330516457558,0.019567545503377914,0.5084568858146667,0.507998526096344,0.06418228149414062,0.017336905002593994,False
pit_b_224,visformer_small,58,ILSVRC2012_val_00034359.JPEG,promotion,0.0,True,0.033298276364803314,0.03602764010429382,0.4994419515132904,0.4986779987812042,-0.13793373107910156,0.09057450294494629,False
pit_b_224,visformer_small,59,ILSVRC2012_val_00034391.JPEG,promotion,0.07692307978868484,True,0.024469643831253052,0.024814505130052567,0.5081048011779785,0.508184552192688,0.4351205825805664,0.14701364934444427,False
pit_b_224,visformer_small,58,ILSVRC2012_val_00034359.JPEG,final_high,0.0,True,0.025300726294517517,0.02970253862440586,0.4966318607330322,0.49746227264404297,-0.2348489761352539,0.0430428683757782,False
pit_b_224,visformer_small,59,ILSVRC2012_val_00034391.JPEG,final_high,0.07692307978868484,True,0.02261616289615631,0.025590868666768074,0.5088355541229248,0.5087956786155701,0.5821752548217773,0.13145340979099274,False
pit_b_224,visformer_small,58,ILSVRC2012_val_00034359.JPEG,random,0.0,True,0.014905771240592003,0.017463218420743942,0.49851855635643005,0.49805352091789246,0.039020538330078125,0.005940228700637817,False
pit_b_224,visformer_small,59,ILSVRC2012_val_00034391.JPEG,random,0.07692307978868484,True,0.01399356871843338,0.017085567116737366,0.507832407951355,0.5063908100128174,0.4258146286010742,0.10930140316486359,False
pit_b_224,visformer_small,58,ILSVRC2012_val_00034359.JPEG,uniform,0.0,True,0.008653001859784126,0.008270608261227608,0.4971766173839569,0.49670493602752686,-0.3108482360839844,-0.017601191997528076,False
pit_b_224,visformer_small,59,ILSVRC2012_val_00034391.JPEG,uniform,0.07692307978868484,True,0.031593017280101776,0.03282807022333145,0.5107753872871399,0.5099117755889893,1.2722125053405762,0.34681010246276855,False
pit_b_224,visformer_small,60,ILSVRC2012_val_00034406.JPEG,promotion,0.1666666716337204,True,-0.01491522416472435,-0.013011634349822998,0.5022454261779785,0.5027104616165161,0.025371551513671875,0.008716583251953125,False
pit_b_224,visformer_small,61,ILSVRC2012_val_00034438.JPEG,promotion,0.07692307978868484,True,0.09815444052219391,0.09644182026386261,0.5178372263908386,0.5170798897743225,0.6144161224365234,0.371181458234787,False
pit_b_224,visformer_small,60,ILSVRC2012_val_00034406.JPEG,final_high,0.1666666716337204,True,-0.00944033544510603,-0.006936565041542053,0.501767098903656,0.5022521018981934,0.057584285736083984,0.014735698699951172,False
pit_b_224,visformer_small,61,ILSVRC2012_val_00034438.JPEG,final_high,0.07692307978868484,True,0.0874655544757843,0.08787374943494797,0.5121771097183228,0.5112736225128174,0.6296730041503906,0.3562282621860504,False
pit_b_224,visformer_small,60,ILSVRC2012_val_00034406.JPEG,random,0.1666666716337204,True,-0.007272581569850445,-0.004759948700666428,0.5046901702880859,0.5048761963844299,0.09509897232055664,0.02498576045036316,False
pit_b_224,visformer_small,61,ILSVRC2012_val_00034438.JPEG,random,0.07692307978868484,True,0.08941882848739624,0.08787372708320618,0.5091743469238281,0.5089418292045593,0.5726127624511719,0.30846527218818665,False
pit_b_224,visformer_small,60,ILSVRC2012_val_00034406.JPEG,uniform,0.1666666716337204,True,0.02401941455900669,0.024089187383651733,0.5120110511779785,0.5130739808082581,0.11900806427001953,0.03332504630088806,False
pit_b_224,visformer_small,61,ILSVRC2012_val_00034438.JPEG,uniform,0.07692307978868484,True,0.1925709843635559,0.18765781819820404,0.5224875211715698,0.5224011540412903,1.1119441986083984,0.7601635456085205,False
pit_b_224,visformer_small,62,ILSVRC2012_val_00034459.JPEG,promotion,0.0,True,-0.003337071742862463,-0.0016511883586645126,0.4989171326160431,0.4987577199935913,0.06961441040039062,0.016211986541748047,False
pit_b_224,visformer_small,63,ILSVRC2012_val_00034548.JPEG,promotion,0.0,True,-0.0353609099984169,-0.039021849632263184,0.5043712854385376,0.5047233700752258,0.12654447555541992,0.03571775555610657,False
pit_b_224,visformer_small,62,ILSVRC2012_val_00034459.JPEG,final_high,0.0,True,0.030492665246129036,0.033159300684928894,0.5007440447807312,0.5014548897743225,0.007809638977050781,0.0038226544857025146,False
pit_b_224,visformer_small,63,ILSVRC2012_val_00034548.JPEG,final_high,0.0,True,-0.20304320752620697,-0.2079126238822937,0.5000730752944946,0.4998007118701935,-0.038890838623046875,-0.0036332309246063232,False
pit_b_224,visformer_small,62,ILSVRC2012_val_00034459.JPEG,random,0.0,True,0.005917041562497616,0.004730557557195425,0.49863147735595703,0.49982061982154846,0.06252861022949219,0.017911523580551147,False
pit_b_224,visformer_small,63,ILSVRC2012_val_00034548.JPEG,random,0.0,True,-0.07927867025136948,-0.08183571696281433,0.5053013563156128,0.5053943395614624,0.03189849853515625,0.008985549211502075,False
pit_b_224,visformer_small,62,ILSVRC2012_val_00034459.JPEG,uniform,0.0,True,0.0007554038893431425,-0.0001684159506112337,0.49935561418533325,0.49906328320503235,0.026216506958007812,0.0073251426219940186,False
pit_b_224,visformer_small,63,ILSVRC2012_val_00034548.JPEG,uniform,0.0,True,0.005297992378473282,0.005375602748245001,0.5008038282394409,0.49994686245918274,0.10330724716186523,0.024108290672302246,False
