model,sample_index,image_name,layer,production_global_mode,activation_source,grid_h,grid_w,drop_count,gradcam_true_class,gradcam_alternate_class,gradcam_zero,alternate_gradcam_zero,patch_gradcam_spearman,patch_gradcam_top_half_iou,patch_gradcam_top_drop_iou,production_same_activation_spearman,true_alternate_gradcam_spearman,true_alternate_gradcam_top_drop_iou
vit_base_patch16_224,0,ILSVRC2012_val_00024479.JPEG,block12,cls,blocks[11] input (logit-connected fallback),14,14,29,793,794,False,False,0.7826853394508362,0.7981651425361633,0.3181818127632141,0.7229446172714233,0.1387181282043457,0.0
vit_base_patch16_224,1,ILSVRC2012_val_00024540.JPEG,block12,cls,blocks[11] input (logit-connected fallback),14,14,29,613,614,False,False,0.8187936544418335,0.75,0.18367347121238708,0.729909360408783,0.4201101064682007,0.380952388048172
vit_base_patch16_224,2,ILSVRC2012_val_00024550.JPEG,block12,cls,blocks[11] input (logit-connected fallback),14,14,29,656,657,False,False,0.6585469841957092,0.6198347210884094,0.260869562625885,0.6463354825973511,-0.31990373134613037,0.2083333283662796
vit_base_patch16_224,3,ILSVRC2012_val_00024609.JPEG,block12,cls,blocks[11] input (logit-connected fallback),14,14,29,68,69,False,False,-0.21228952705860138,0.20245398581027985,0.23404255509376526,-0.216436505317688,-0.7091219425201416,0.0
vit_base_patch16_224,4,ILSVRC2012_val_00024637.JPEG,block12,cls,blocks[11] input (logit-connected fallback),14,14,29,203,204,False,False,0.345472514629364,0.5555555820465088,0.1599999964237213,0.8668919801712036,-0.529000997543335,0.017543859779834747
vit_base_patch16_224,5,ILSVRC2012_val_00024710.JPEG,block12,cls,blocks[11] input (logit-connected fallback),14,14,29,974,975,False,False,0.12819132208824158,0.35172414779663086,0.0357142873108387,0.4760003089904785,-0.3694698214530945,0.0
vit_base_patch16_224,6,ILSVRC2012_val_00024753.JPEG,block12,cls,blocks[11] input (logit-connected fallback),14,14,29,51,52,False,False,0.36822351813316345,0.44117647409439087,0.0357142873108387,0.3943309783935547,-0.42154452204704285,0.0
vit_base_patch16_224,7,ILSVRC2012_val_00024781.JPEG,block12,cls,blocks[11] input (logit-connected fallback),14,14,29,782,783,False,False,0.5402083396911621,0.5433070659637451,0.18367347121238708,0.6220210790634155,-0.30126625299453735,0.13725490868091583
vit_base_patch16_224,8,ILSVRC2012_val_00024926.JPEG,block12,cls,blocks[11] input (logit-connected fallback),14,14,29,373,374,False,False,0.5717967748641968,0.5934959053993225,0.0,0.7767676115036011,-0.04732367768883705,0.2083333283662796
vit_base_patch16_224,9,ILSVRC2012_val_00025075.JPEG,block12,cls,blocks[11] input (logit-connected fallback),14,14,29,129,130,False,False,0.4065966010093689,0.43065693974494934,0.017543859779834747,0.7262038588523865,-0.4742567241191864,0.0
vit_base_patch16_224,10,ILSVRC2012_val_00025315.JPEG,block12,cls,blocks[11] input (logit-connected fallback),14,14,29,333,334,False,False,0.6415685415267944,0.7345132827758789,0.13725490868091583,0.6757962703704834,0.08925881236791611,0.07407407462596893
vit_base_patch16_224,11,ILSVRC2012_val_00025390.JPEG,block12,cls,blocks[11] input (logit-connected fallback),14,14,29,932,933,False,False,0.5208806991577148,0.5806451439857483,0.0357142873108387,0.40850433707237244,0.026950564235448837,0.0
vit_base_patch16_224,12,ILSVRC2012_val_00025402.JPEG,block12,cls,blocks[11] input (logit-connected fallback),14,14,29,500,501,False,False,-0.27535322308540344,0.23270440101623535,0.0,0.7704340219497681,0.13068395853042603,0.07407407462596893
vit_base_patch16_224,13,ILSVRC2012_val_00025408.JPEG,block12,cls,blocks[11] input (logit-connected fallback),14,14,29,669,670,False,False,0.5229812860488892,0.5806451439857483,0.0,0.843548059463501,-0.139511838555336,0.0
vit_base_patch16_224,14,ILSVRC2012_val_00025416.JPEG,block12,cls,blocks[11] input (logit-connected fallback),14,14,29,569,570,False,False,0.4219334125518799,0.7981651425361633,0.2888889014720917,0.7352867126464844,0.3561204671859741,0.11538461595773697
vit_base_patch16_224,15,ILSVRC2012_val_00025440.JPEG,block12,cls,blocks[11] input (logit-connected fallback),14,14,29,987,988,False,False,0.29451823234558105,0.4202898442745209,0.05454545468091965,0.5692610740661621,0.5748599767684937,0.23404255509376526
vit_base_patch16_224,16,ILSVRC2012_val_00025446.JPEG,block12,cls,blocks[11] input (logit-connected fallback),14,14,29,994,995,False,False,0.7214704155921936,0.7657657861709595,0.017543859779834747,0.8009929060935974,-0.7905075550079346,0.0
vit_base_patch16_224,17,ILSVRC2012_val_00025563.JPEG,block12,cls,blocks[11] input (logit-connected fallback),14,14,29,691,692,False,False,0.6631417870521545,0.5806451439857483,0.18367347121238708,0.7315430641174316,0.36447179317474365,0.09433962404727936
vit_base_patch16_224,18,ILSVRC2012_val_00025800.JPEG,block12,cls,blocks[11] input (logit-connected fallback),14,14,29,390,391,False,False,0.6663612127304077,0.719298243522644,0.05454545468091965,0.7957685589790344,-0.6211715936660767,0.0
vit_base_patch16_224,19,ILSVRC2012_val_00025844.JPEG,block12,cls,blocks[11] input (logit-connected fallback),14,14,29,616,617,False,False,0.5128641128540039,0.5433070659637451,0.0357142873108387,0.33661437034606934,-0.056642431765794754,0.11538461595773697
vit_base_patch16_224,20,ILSVRC2012_val_00025851.JPEG,block12,cls,blocks[11] input (logit-connected fallback),14,14,29,251,252,False,False,0.5825020670890808,0.5806451439857483,0.07407407462596893,0.65565425157547,0.30223846435546875,0.2083333283662796
vit_base_patch16_224,21,ILSVRC2012_val_00025907.JPEG,block12,cls,blocks[11] input (logit-connected fallback),14,14,29,837,838,False,False,0.4287531077861786,0.4736842215061188,0.3181818127632141,0.3320673704147339,0.5197523832321167,0.07407407462596893
vit_base_patch16_224,22,ILSVRC2012_val_00025989.JPEG,block12,cls,blocks[11] input (logit-connected fallback),14,14,29,621,622,False,False,0.5719465613365173,0.5934959053993225,0.380952388048172,0.5033476948738098,-0.5328020453453064,0.0
vit_base_patch16_224,23,ILSVRC2012_val_00026068.JPEG,block12,cls,blocks[11] input (logit-connected fallback),14,14,29,95,96,False,False,-0.39159291982650757,0.21739129722118378,0.0,0.4307246208190918,-0.21810995042324066,0.0
vit_base_patch16_224,24,ILSVRC2012_val_00026088.JPEG,block12,cls,blocks[11] input (logit-connected fallback),14,14,29,684,685,False,False,0.5404155254364014,0.5555555820465088,0.0,0.8289172649383545,0.4596259593963623,0.18367347121238708
vit_base_patch16_224,25,ILSVRC2012_val_00026113.JPEG,block12,cls,blocks[11] input (logit-connected fallback),14,14,29,509,510,False,False,0.4898166358470917,0.5934959053993225,0.18367347121238708,0.7182509899139404,0.651207685470581,0.3181818127632141
vit_base_patch16_224,26,ILSVRC2012_val_00026139.JPEG,block12,cls,blocks[11] input (logit-connected fallback),14,14,29,127,128,False,False,0.8068181276321411,0.849056601524353,0.11538461595773697,0.6584593057632446,0.49923259019851685,0.11538461595773697
vit_base_patch16_224,27,ILSVRC2012_val_00026145.JPEG,block12,cls,blocks[11] input (logit-connected fallback),14,14,29,527,528,False,False,0.6259400844573975,0.5076923370361328,0.2083333283662796,0.6513288021087646,-0.14586617052555084,0.11538461595773697
vit_base_patch16_224,28,ILSVRC2012_val_00026189.JPEG,block12,cls,blocks[11] input (logit-connected fallback),14,14,29,404,405,False,False,0.37752312421798706,0.53125,0.11538461595773697,0.560278594493866,-0.6068005561828613,0.017543859779834747
vit_base_patch16_224,29,ILSVRC2012_val_00026202.JPEG,block12,cls,blocks[11] input (logit-connected fallback),14,14,29,35,36,False,False,0.6195172071456909,0.7818182110786438,0.09433962404727936,0.7299523949623108,0.9037684798240662,0.5263158082962036
vit_base_patch16_224,30,ILSVRC2012_val_00026226.JPEG,block12,cls,blocks[11] input (logit-connected fallback),14,14,29,549,550,False,False,0.38840699195861816,0.46268656849861145,0.1599999964237213,0.2978269159793854,0.3819984197616577,0.18367347121238708
vit_base_patch16_224,31,ILSVRC2012_val_00026280.JPEG,block12,cls,blocks[11] input (logit-connected fallback),14,14,29,408,409,False,False,0.04438157007098198,0.3333333432674408,0.07407407462596893,-0.17249321937561035,0.06025707721710205,0.18367347121238708
vit_base_patch16_224,32,ILSVRC2012_val_00026315.JPEG,block12,cls,blocks[11] input (logit-connected fallback),14,14,29,804,805,False,False,0.44294238090515137,0.5193798542022705,0.017543859779834747,0.4184908866882324,0.21808287501335144,0.4146341383457184
vit_base_patch16_224,33,ILSVRC2012_val_00026328.JPEG,block12,cls,blocks[11] input (logit-connected fallback),14,14,29,422,423,False,False,0.766535758972168,0.7043478488922119,0.3181818127632141,0.7950800657272339,-0.39881742000579834,0.0
vit_base_patch16_224,34,ILSVRC2012_val_00026332.JPEG,block12,cls,blocks[11] input (logit-connected fallback),14,14,29,473,474,False,False,0.23837946355342865,0.3611111044883728,0.2083333283662796,0.37782275676727295,0.3471698760986328,0.18367347121238708
vit_base_patch16_224,35,ILSVRC2012_val_00026390.JPEG,block12,cls,blocks[11] input (logit-connected fallback),14,14,29,341,342,False,False,0.7212696075439453,0.7981651425361633,0.2083333283662796,0.9319159984588623,0.8478384017944336,0.6571428775787354
vit_base_patch16_224,36,ILSVRC2012_val_00026397.JPEG,block12,cls,blocks[11] input (logit-connected fallback),14,14,29,0,1,False,False,0.7546749114990234,0.719298243522644,0.07407407462596893,0.8050697445869446,0.22909897565841675,0.23404255509376526
vit_base_patch16_224,37,ILSVRC2012_val_00026436.JPEG,block12,cls,blocks[11] input (logit-connected fallback),14,14,29,733,734,False,False,0.7659029960632324,0.7345132827758789,0.2083333283662796,0.7620142102241516,0.57450932264328,0.2888889014720917
vit_base_patch16_224,38,ILSVRC2012_val_00026490.JPEG,block12,cls,blocks[11] input (logit-connected fallback),14,14,29,4,5,False,False,0.28916001319885254,0.4202898442745209,0.260869562625885,-0.04302050173282623,0.04542390629649162,0.11538461595773697
vit_base_patch16_224,39,ILSVRC2012_val_00026510.JPEG,block12,cls,blocks[11] input (logit-connected fallback),14,14,29,140,141,False,False,0.562446117401123,0.46268656849861145,0.7575757503509521,0.15019963681697845,-0.09230609983205795,0.5263158082962036
vit_base_patch16_224,40,ILSVRC2012_val_00026559.JPEG,block12,cls,blocks[11] input (logit-connected fallback),14,14,29,891,892,False,False,0.7494218349456787,0.7043478488922119,0.09433962404727936,0.8386902809143066,0.37541142106056213,0.18367347121238708
vit_base_patch16_224,41,ILSVRC2012_val_00026627.JPEG,block12,cls,blocks[11] input (logit-connected fallback),14,14,29,401,402,False,False,0.6997489929199219,0.37062937021255493,0.44999998807907104,0.8644040822982788,0.6102989315986633,0.0
vit_base_patch16_224,42,ILSVRC2012_val_00026692.JPEG,block12,cls,blocks[11] input (logit-connected fallback),14,14,29,165,166,False,False,0.4260947108268738,0.43065693974494934,0.2888889014720917,0.74741530418396,0.47162380814552307,0.380952388048172
vit_base_patch16_224,43,ILSVRC2012_val_00026737.JPEG,block12,cls,blocks[11] input (logit-connected fallback),14,14,29,371,372,False,False,0.37219518423080444,0.4736842215061188,0.017543859779834747,0.4647626578807831,0.4316202998161316,0.13725490868091583
vit_base_patch16_224,44,ILSVRC2012_val_00026743.JPEG,block12,cls,blocks[11] input (logit-connected fallback),14,14,29,717,718,False,False,0.6348381042480469,0.6065573692321777,0.11538461595773697,0.559140682220459,-0.4948449730873108,0.0
vit_base_patch16_224,45,ILSVRC2012_val_00026754.JPEG,block12,cls,blocks[11] input (logit-connected fallback),14,14,29,880,881,False,False,0.8259512782096863,0.6896551847457886,0.2083333283662796,0.8205675482749939,-0.4131166934967041,0.0
vit_base_patch16_224,46,ILSVRC2012_val_00026803.JPEG,block12,cls,blocks[11] input (logit-connected fallback),14,14,29,205,206,False,False,0.42621904611587524,0.5555555820465088,0.380952388048172,0.5025364756584167,0.12396305054426193,0.380952388048172
vit_base_patch16_224,47,ILSVRC2012_val_00026901.JPEG,block12,cls,blocks[11] input (logit-connected fallback),14,14,29,41,42,False,False,0.4200431704521179,0.46268656849861145,0.260869562625885,0.6494098901748657,0.7078644037246704,0.6571428775787354
vit_base_patch16_224,48,ILSVRC2012_val_00026916.JPEG,block12,cls,blocks[11] input (logit-connected fallback),14,14,29,859,860,False,False,0.48815596103668213,0.6198347210884094,0.2083333283662796,0.6833125352859497,0.09054020792245865,0.2083333283662796
vit_base_patch16_224,49,ILSVRC2012_val_00026925.JPEG,block12,cls,blocks[11] input (logit-connected fallback),14,14,29,118,119,False,False,0.5777653455734253,0.5934959053993225,0.0357142873108387,0.6590522527694702,0.8969343900680542,0.3488371968269348
vit_base_patch16_224,50,ILSVRC2012_val_00026972.JPEG,block12,cls,blocks[11] input (logit-connected fallback),14,14,29,750,751,False,False,0.5523735284805298,0.5934959053993225,0.11538461595773697,0.5533393025398254,0.4364892542362213,0.380952388048172
vit_base_patch16_224,51,ILSVRC2012_val_00027124.JPEG,block12,cls,blocks[11] input (logit-connected fallback),14,14,29,264,265,False,False,0.7216138243675232,0.6896551847457886,0.11538461595773697,0.7804158329963684,-0.4632246494293213,0.1599999964237213
vit_base_patch16_224,52,ILSVRC2012_val_00027141.JPEG,block12,cls,blocks[11] input (logit-connected fallback),14,14,29,894,895,False,False,0.5095570087432861,0.49618321657180786,0.23404255509376526,0.36898690462112427,0.27912086248397827,0.2083333283662796
vit_base_patch16_224,53,ILSVRC2012_val_00027148.JPEG,block12,cls,blocks[11] input (logit-connected fallback),14,14,29,61,62,False,False,0.4689446687698364,0.5193798542022705,0.05454545468091965,0.6734598278999329,0.6706547737121582,0.18367347121238708
vit_base_patch16_224,54,ILSVRC2012_val_00027201.JPEG,block12,cls,blocks[11] input (logit-connected fallback),14,14,29,694,695,False,False,0.3348883390426636,0.43065693974494934,0.05454545468091965,0.4740399420261383,0.4449186623096466,0.07407407462596893
vit_base_patch16_224,55,ILSVRC2012_val_00027287.JPEG,block12,cls,blocks[11] input (logit-connected fallback),14,14,29,445,446,False,False,0.7075010538101196,0.719298243522644,0.1599999964237213,0.45295125246047974,-0.4318593442440033,0.0
vit_base_patch16_224,56,ILSVRC2012_val_00027348.JPEG,block12,cls,blocks[11] input (logit-connected fallback),14,14,29,164,165,False,False,0.4262333810329437,0.5076923370361328,0.3488371968269348,0.5347305536270142,0.27016234397888184,0.13725490868091583
vit_base_patch16_224,57,ILSVRC2012_val_00027385.JPEG,block12,cls,blocks[11] input (logit-connected fallback),14,14,29,497,498,False,False,-0.06635960191488266,0.29801324009895325,0.2083333283662796,0.17651426792144775,-0.36102765798568726,0.18367347121238708
vit_base_patch16_224,58,ILSVRC2012_val_00027498.JPEG,block12,cls,blocks[11] input (logit-connected fallback),14,14,29,14,15,False,False,0.1777462661266327,0.44117647409439087,0.11538461595773697,0.47464078664779663,-0.68053138256073,0.0
vit_base_patch16_224,59,ILSVRC2012_val_00027530.JPEG,block12,cls,blocks[11] input (logit-connected fallback),14,14,29,985,986,False,False,-0.1203850507736206,0.24840764701366425,0.05454545468091965,0.10102875530719757,0.1281195878982544,0.11538461595773697
vit_base_patch16_224,60,ILSVRC2012_val_00027633.JPEG,block12,cls,blocks[11] input (logit-connected fallback),14,14,29,5,6,False,False,0.3988429307937622,0.4100719392299652,0.0,0.4967941641807556,0.8187937140464783,0.260869562625885
vit_base_patch16_224,61,ILSVRC2012_val_00027636.JPEG,block12,cls,blocks[11] input (logit-connected fallback),14,14,29,648,649,False,False,0.39887797832489014,0.4736842215061188,0.07407407462596893,0.6581676602363586,0.4941500723361969,0.260869562625885
vit_base_patch16_224,62,ILSVRC2012_val_00027657.JPEG,block12,cls,blocks[11] input (logit-connected fallback),14,14,29,104,105,False,False,0.4602554738521576,0.6198347210884094,0.017543859779834747,0.8352732062339783,0.13785749673843384,0.2083333283662796
vit_base_patch16_224,63,ILSVRC2012_val_00027790.JPEG,block12,cls,blocks[11] input (logit-connected fallback),14,14,29,66,67,False,False,0.009788921102881432,0.3243243098258972,0.05454545468091965,0.23689883947372437,-0.028187338262796402,0.07407407462596893
vit_base_patch16_224,64,ILSVRC2012_val_00027793.JPEG,block12,cls,blocks[11] input (logit-connected fallback),14,14,29,848,849,False,False,0.6928352117538452,0.6198347210884094,0.380952388048172,0.5867351293563843,-0.46857497096061707,0.0
vit_base_patch16_224,65,ILSVRC2012_val_00027955.JPEG,block12,cls,blocks[11] input (logit-connected fallback),14,14,29,354,355,False,False,-0.18511582911014557,0.5076923370361328,0.07407407462596893,0.12759843468666077,-0.018108360469341278,0.0
vit_base_patch16_224,66,ILSVRC2012_val_00028029.JPEG,block12,cls,blocks[11] input (logit-connected fallback),14,14,29,930,931,False,False,0.4070858955383301,0.4202898442745209,0.0357142873108387,0.23709169030189514,-0.4691200256347656,0.05454545468091965
vit_base_patch16_224,67,ILSVRC2012_val_00028103.JPEG,block12,cls,blocks[11] input (logit-connected fallback),14,14,29,233,234,False,False,0.3069751262664795,0.4100719392299652,0.260869562625885,0.7494027614593506,0.20099133253097534,0.23404255509376526
vit_base_patch16_224,68,ILSVRC2012_val_00028201.JPEG,block12,cls,blocks[11] input (logit-connected fallback),14,14,29,844,845,False,False,0.5343782901763916,0.5076923370361328,0.1599999964237213,0.6236849427223206,-0.0002852827310562134,0.1599999964237213
vit_base_patch16_224,69,ILSVRC2012_val_00028333.JPEG,block12,cls,blocks[11] input (logit-connected fallback),14,14,29,637,638,False,False,0.6340013742446899,0.6470588445663452,0.1599999964237213,0.6975687742233276,0.18698689341545105,0.0
vit_base_patch16_224,70,ILSVRC2012_val_00028359.JPEG,block12,cls,blocks[11] input (logit-connected fallback),14,14,29,448,449,False,False,0.8230506181716919,0.849056601524353,0.0,0.8849604725837708,-0.34491947293281555,0.017543859779834747
vit_base_patch16_224,71,ILSVRC2012_val_00028377.JPEG,block12,cls,blocks[11] input (logit-connected fallback),14,14,29,653,654,False,False,0.3016774356365204,0.4100719392299652,0.1599999964237213,0.1285228133201599,-0.11868609488010406,0.0357142873108387
vit_base_patch16_224,72,ILSVRC2012_val_00028502.JPEG,block12,cls,blocks[11] input (logit-connected fallback),14,14,29,498,499,False,False,0.5523368120193481,0.6333333253860474,0.18367347121238708,0.6771828532218933,-0.22200509905815125,0.05454545468091965
vit_base_patch16_224,73,ILSVRC2012_val_00028524.JPEG,block12,cls,blocks[11] input (logit-connected fallback),14,14,29,17,18,False,False,0.43629321455955505,0.5433070659637451,0.017543859779834747,0.6891249418258667,-0.5399947166442871,0.07407407462596893
vit_base_patch16_224,74,ILSVRC2012_val_00028528.JPEG,block12,cls,blocks[11] input (logit-connected fallback),14,14,29,716,717,False,False,0.1386607587337494,0.4202898442745209,0.0,0.5850903391838074,0.4593868851661682,0.0357142873108387
vit_base_patch16_224,75,ILSVRC2012_val_00028576.JPEG,block12,cls,blocks[11] input (logit-connected fallback),14,14,29,596,597,False,False,0.5806756019592285,0.6470588445663452,0.07407407462596893,0.7144259810447693,-0.3340946137905121,0.0
vit_base_patch16_224,76,ILSVRC2012_val_00028592.JPEG,block12,cls,blocks[11] input (logit-connected fallback),14,14,29,551,552,False,False,0.7333503365516663,0.8148148059844971,0.0357142873108387,0.8045868873596191,0.5860704779624939,0.2083333283662796
vit_base_patch16_224,77,ILSVRC2012_val_00028608.JPEG,block12,cls,blocks[11] input (logit-connected fallback),14,14,29,730,731,False,False,0.6478575468063354,0.6752136945724487,0.2083333283662796,0.8524396419525146,-0.5970690846443176,0.0357142873108387
vit_base_patch16_224,78,ILSVRC2012_val_00028696.JPEG,block12,cls,blocks[11] input (logit-connected fallback),14,14,29,597,598,False,False,0.6172126531600952,0.6610169410705566,0.13725490868091583,0.6286782026290894,0.49571356177330017,0.2083333283662796
vit_base_patch16_224,79,ILSVRC2012_val_00028779.JPEG,block12,cls,blocks[11] input (logit-connected fallback),14,14,29,74,75,False,False,0.4185434579849243,0.5193798542022705,0.0357142873108387,0.5124529004096985,-0.6766362190246582,0.017543859779834747
vit_base_patch16_224,80,ILSVRC2012_val_00028825.JPEG,block12,cls,blocks[11] input (logit-connected fallback),14,14,29,344,345,False,False,0.7778785228729248,0.7043478488922119,0.18367347121238708,0.8634971976280212,-0.3131493926048279,0.09433962404727936
vit_base_patch16_224,81,ILSVRC2012_val_00028835.JPEG,block12,cls,blocks[11] input (logit-connected fallback),14,14,29,812,813,False,False,0.6812963485717773,0.7043478488922119,0.13725490868091583,0.771752119064331,0.031296759843826294,0.05454545468091965
vit_base_patch16_224,82,ILSVRC2012_val_00028870.JPEG,block12,cls,blocks[11] input (logit-connected fallback),14,14,29,261,262,False,False,0.5166460871696472,0.49618321657180786,0.23404255509376526,0.656926155090332,-0.46934157609939575,0.0
vit_base_patch16_224,83,ILSVRC2012_val_00028887.JPEG,block12,cls,blocks[11] input (logit-connected fallback),14,14,29,740,741,False,False,0.7603964805603027,0.719298243522644,0.380952388048172,0.8368908166885376,-0.27178478240966797,0.017543859779834747
vit_base_patch16_224,84,ILSVRC2012_val_00028920.JPEG,block12,cls,blocks[11] input (logit-connected fallback),14,14,29,133,134,False,False,0.573976993560791,0.6896551847457886,0.2083333283662796,0.664101243019104,-0.7022734880447388,0.0
vit_base_patch16_224,85,ILSVRC2012_val_00029045.JPEG,block12,cls,blocks[11] input (logit-connected fallback),14,14,29,528,529,False,False,0.8582839965820312,0.9029126167297363,0.09433962404727936,0.8973854780197144,-0.6774569749832153,0.0
vit_base_patch16_224,86,ILSVRC2012_val_00029093.JPEG,block12,cls,blocks[11] input (logit-connected fallback),14,14,29,700,701,False,False,0.3976125121116638,0.39007091522216797,0.18367347121238708,0.6102877855300903,0.6813027262687683,0.2888889014720917
vit_base_patch16_224,87,ILSVRC2012_val_00029125.JPEG,block12,cls,blocks[11] input (logit-connected fallback),14,14,29,766,767,False,False,0.7055407762527466,0.6896551847457886,0.017543859779834747,0.8746598958969116,-0.18476678431034088,0.0
vit_base_patch16_224,88,ILSVRC2012_val_00029127.JPEG,block12,cls,blocks[11] input (logit-connected fallback),14,14,29,196,197,False,False,0.602777898311615,0.6198347210884094,0.2888889014720917,0.7622771859169006,0.6391157507896423,0.23404255509376526
vit_base_patch16_224,89,ILSVRC2012_val_00029156.JPEG,block12,cls,blocks[11] input (logit-connected fallback),14,14,29,77,78,False,False,0.7781128883361816,0.8317757248878479,0.09433962404727936,0.860027551651001,-0.5513694882392883,0.0357142873108387
vit_base_patch16_224,90,ILSVRC2012_val_00029183.JPEG,block12,cls,blocks[11] input (logit-connected fallback),14,14,29,696,697,False,False,0.45916372537612915,0.4736842215061188,0.017543859779834747,0.6989935040473938,0.4484313428401947,0.2083333283662796
vit_base_patch16_224,91,ILSVRC2012_val_00029207.JPEG,block12,cls,blocks[11] input (logit-connected fallback),14,14,29,355,356,False,False,0.4993441700935364,0.4848484992980957,0.0357142873108387,0.7447474002838135,-0.03359019756317139,0.0
vit_base_patch16_224,92,ILSVRC2012_val_00029208.JPEG,block12,cls,blocks[11] input (logit-connected fallback),14,14,29,75,76,False,False,0.7801879048347473,0.7345132827758789,0.260869562625885,0.8052067756652832,-0.5727195143699646,0.0
vit_base_patch16_224,93,ILSVRC2012_val_00029572.JPEG,block12,cls,blocks[11] input (logit-connected fallback),14,14,29,909,910,False,False,0.499167263507843,0.5076923370361328,0.2083333283662796,0.6637840867042542,0.5502777099609375,0.2083333283662796
vit_base_patch16_224,94,ILSVRC2012_val_00029594.JPEG,block12,cls,blocks[11] input (logit-connected fallback),14,14,29,659,660,False,False,0.7989528775215149,0.8846153616905212,0.07407407462596893,0.8050793409347534,-0.6941564679145813,0.0
vit_base_patch16_224,95,ILSVRC2012_val_00029709.JPEG,block12,cls,blocks[11] input (logit-connected fallback),14,14,29,12,13,False,False,0.5577460527420044,0.75,0.017543859779834747,0.6816167235374451,-0.521091103553772,0.0
vit_base_patch16_224,96,ILSVRC2012_val_00029714.JPEG,block12,cls,blocks[11] input (logit-connected fallback),14,14,29,935,936,False,False,0.6749277114868164,0.7043478488922119,0.18367347121238708,0.6048418283462524,0.3816222846508026,0.23404255509376526
vit_base_patch16_224,97,ILSVRC2012_val_00029737.JPEG,block12,cls,blocks[11] input (logit-connected fallback),14,14,29,407,408,False,False,0.5713823437690735,0.5433070659637451,0.13725490868091583,0.7058754563331604,-0.35080206394195557,0.0357142873108387
vit_base_patch16_224,98,ILSVRC2012_val_00029766.JPEG,block12,cls,blocks[11] input (logit-connected fallback),14,14,29,897,898,False,False,0.8428962230682373,0.7818182110786438,0.23404255509376526,0.8929595947265625,-0.521354079246521,0.0
vit_base_patch16_224,99,ILSVRC2012_val_00029780.JPEG,block12,cls,blocks[11] input (logit-connected fallback),14,14,29,434,435,False,False,0.737291693687439,0.7345132827758789,0.05454545468091965,0.6577214002609253,-0.3513806164264679,0.0357142873108387
vit_base_patch16_224,100,ILSVRC2012_val_00029781.JPEG,block12,cls,blocks[11] input (logit-connected fallback),14,14,29,643,644,False,False,0.4673334062099457,0.5076923370361328,0.07407407462596893,0.22834032773971558,-0.28600117564201355,0.05454545468091965
vit_base_patch16_224,101,ILSVRC2012_val_00029802.JPEG,block12,cls,blocks[11] input (logit-connected fallback),14,14,29,772,773,False,False,0.87807697057724,0.8148148059844971,0.2888889014720917,0.8175760507583618,-0.9040505290031433,0.0
vit_base_patch16_224,102,ILSVRC2012_val_00029828.JPEG,block12,cls,blocks[11] input (logit-connected fallback),14,14,29,502,503,False,False,0.4793344736099243,0.4848484992980957,0.07407407462596893,0.5511016845703125,0.08028911054134369,0.11538461595773697
vit_base_patch16_224,103,ILSVRC2012_val_00029884.JPEG,block12,cls,blocks[11] input (logit-connected fallback),14,14,29,672,673,False,False,0.722447395324707,0.6198347210884094,0.18367347121238708,0.8211396932601929,0.42069345712661743,0.1599999964237213
vit_base_patch16_224,104,ILSVRC2012_val_00029885.JPEG,block12,cls,blocks[11] input (logit-connected fallback),14,14,29,135,136,False,False,0.5780076384544373,0.5806451439857483,0.0357142873108387,0.5442309379577637,-0.7860434055328369,0.0
vit_base_patch16_224,105,ILSVRC2012_val_00029919.JPEG,block12,cls,blocks[11] input (logit-connected fallback),14,14,29,954,955,False,False,0.044870853424072266,0.29801324009895325,0.0,0.6459896564483643,-0.5691303610801697,0.0
vit_base_patch16_224,106,ILSVRC2012_val_00029967.JPEG,block12,cls,blocks[11] input (logit-connected fallback),14,14,29,999,0,False,False,0.15342062711715698,0.35172414779663086,0.09433962404727936,0.43387705087661743,0.6034791469573975,0.2888889014720917
vit_base_patch16_224,107,ILSVRC2012_val_00029975.JPEG,block12,cls,blocks[11] input (logit-connected fallback),14,14,29,615,616,False,False,0.4558407664299011,0.46268656849861145,0.0,0.7595629692077637,-0.3896676301956177,0.05454545468091965
vit_base_patch16_224,108,ILSVRC2012_val_00030022.JPEG,block12,cls,blocks[11] input (logit-connected fallback),14,14,29,384,385,False,False,0.26152411103248596,0.4202898442745209,0.0357142873108387,0.3742750287055969,0.4017069339752197,0.23404255509376526
vit_base_patch16_224,109,ILSVRC2012_val_00030088.JPEG,block12,cls,blocks[11] input (logit-connected fallback),14,14,29,174,175,False,False,0.4198949933052063,0.4100719392299652,0.2888889014720917,0.5062165260314941,-0.6489254236221313,0.0
vit_base_patch16_224,110,ILSVRC2012_val_00030198.JPEG,block12,cls,blocks[11] input (logit-connected fallback),14,14,29,916,917,False,False,0.34817075729370117,0.49618321657180786,0.05454545468091965,0.6332602500915527,0.4200575351715088,0.18367347121238708
vit_base_patch16_224,111,ILSVRC2012_val_00030262.JPEG,block12,cls,blocks[11] input (logit-connected fallback),14,14,29,753,754,False,False,0.6596593856811523,0.5934959053993225,0.07407407462596893,0.616948127746582,-0.21028617024421692,0.0
vit_base_patch16_224,112,ILSVRC2012_val_00030295.JPEG,block12,cls,blocks[11] input (logit-connected fallback),14,14,29,709,710,False,False,0.5910254716873169,0.6610169410705566,0.3488371968269348,0.5679222345352173,0.40700462460517883,0.44999998807907104
vit_base_patch16_224,113,ILSVRC2012_val_00030305.JPEG,block12,cls,blocks[11] input (logit-connected fallback),14,14,29,274,275,False,False,-0.07976794987916946,0.25641027092933655,0.017543859779834747,0.28077203035354614,-0.39463698863983154,0.13725490868091583
vit_base_patch16_224,114,ILSVRC2012_val_00030443.JPEG,block12,cls,blocks[11] input (logit-connected fallback),14,14,29,866,867,False,False,0.704337477684021,0.7657657861709595,0.09433962404727936,0.7511080503463745,-0.473141074180603,0.05454545468091965
vit_base_patch16_224,115,ILSVRC2012_val_00030453.JPEG,block12,cls,blocks[11] input (logit-connected fallback),14,14,29,433,434,False,False,0.17849212884902954,0.3243243098258972,0.0357142873108387,0.45094311237335205,0.2731713652610779,0.18367347121238708
vit_base_patch16_224,116,ILSVRC2012_val_00030500.JPEG,block12,cls,blocks[11] input (logit-connected fallback),14,14,29,102,103,False,False,0.5761286020278931,0.5680000185966492,0.017543859779834747,0.6571301221847534,0.7779550552368164,0.380952388048172
vit_base_patch16_224,117,ILSVRC2012_val_00030718.JPEG,block12,cls,blocks[11] input (logit-connected fallback),14,14,29,494,495,False,False,0.7201220989227295,0.6896551847457886,0.07407407462596893,0.8103227615356445,-0.4702436029911041,0.0
vit_base_patch16_224,118,ILSVRC2012_val_00030719.JPEG,block12,cls,blocks[11] input (logit-connected fallback),14,14,29,55,56,False,False,-0.02901289612054825,0.3243243098258972,0.017543859779834747,0.2268979847431183,0.7979058027267456,0.23404255509376526
vit_base_patch16_224,119,ILSVRC2012_val_00030809.JPEG,block12,cls,blocks[11] input (logit-connected fallback),14,14,29,780,781,False,False,0.1775151491165161,0.35172414779663086,0.11538461595773697,0.2777103781700134,-0.16522084176540375,0.05454545468091965
vit_base_patch16_224,120,ILSVRC2012_val_00030891.JPEG,block12,cls,blocks[11] input (logit-connected fallback),14,14,29,82,83,False,False,0.5075201988220215,0.5680000185966492,0.017543859779834747,0.5874937176704407,0.5426197052001953,0.1599999964237213
vit_base_patch16_224,121,ILSVRC2012_val_00030915.JPEG,block12,cls,blocks[11] input (logit-connected fallback),14,14,29,180,181,False,False,0.5643905401229858,0.5806451439857483,0.3181818127632141,0.6408911943435669,-0.03460702300071716,0.09433962404727936
vit_base_patch16_224,122,ILSVRC2012_val_00030940.JPEG,block12,cls,blocks[11] input (logit-connected fallback),14,14,29,131,132,False,False,0.7207723259925842,0.7043478488922119,0.05454545468091965,0.7399325370788574,0.6653491258621216,0.09433962404727936
vit_base_patch16_224,123,ILSVRC2012_val_00030991.JPEG,block12,cls,blocks[11] input (logit-connected fallback),14,14,29,349,350,False,False,0.8138418197631836,0.6752136945724487,0.18367347121238708,0.9076540470123291,-0.0232354998588562,0.0
vit_base_patch16_224,124,ILSVRC2012_val_00031127.JPEG,block12,cls,blocks[11] input (logit-connected fallback),14,14,29,198,199,False,False,0.5704739093780518,0.5680000185966492,0.23404255509376526,0.6972355842590332,0.15727433562278748,0.2083333283662796
vit_base_patch16_224,125,ILSVRC2012_val_00031152.JPEG,block12,cls,blocks[11] input (logit-connected fallback),14,14,29,633,634,False,False,0.3402433693408966,0.46268656849861145,0.0,0.0659436285495758,-0.12346898764371872,0.0
vit_base_patch16_224,126,ILSVRC2012_val_00031252.JPEG,block12,cls,blocks[11] input (logit-connected fallback),14,14,29,228,229,False,False,0.6533879041671753,0.7657657861709595,0.0,0.8707488775253296,-0.2499023973941803,0.09433962404727936
vit_base_patch16_224,127,ILSVRC2012_val_00031328.JPEG,block12,cls,blocks[11] input (logit-connected fallback),14,14,29,440,441,False,False,0.7180502414703369,0.8666666746139526,0.23404255509376526,0.6674178838729858,0.8653061389923096,0.380952388048172
cait_s24_224,0,ILSVRC2012_val_00024479.JPEG,block24_gap,gap,blocks[23] output,14,14,29,793,794,False,False,0.1811712682247162,0.34246575832366943,0.3488371968269348,1.0,0.22657284140586853,0.2083333283662796
cait_s24_224,1,ILSVRC2012_val_00024540.JPEG,block24_gap,gap,blocks[23] output,14,14,29,613,614,False,False,0.3244587182998657,0.25641027092933655,0.0357142873108387,1.0,0.18891695141792297,0.017543859779834747
cait_s24_224,2,ILSVRC2012_val_00024550.JPEG,block24_gap,gap,blocks[23] output,14,14,29,656,657,False,False,-0.24603432416915894,0.20987653732299805,0.05454545468091965,1.0,0.25038212537765503,0.05454545468091965
cait_s24_224,3,ILSVRC2012_val_00024609.JPEG,block24_gap,gap,blocks[23] output,14,14,29,68,69,False,False,0.46487581729888916,0.25641027092933655,0.1599999964237213,1.0,0.3163735866546631,0.017543859779834747
cait_s24_224,4,ILSVRC2012_val_00024637.JPEG,block24_gap,gap,blocks[23] output,14,14,29,203,204,False,False,-0.0553833432495594,0.34246575832366943,0.017543859779834747,1.0,-0.2874530553817749,0.05454545468091965
cait_s24_224,5,ILSVRC2012_val_00024710.JPEG,block24_gap,gap,blocks[23] output,14,14,29,974,975,False,False,0.10351664572954178,0.2810457646846771,0.0,0.9999999403953552,0.1187896877527237,0.2083333283662796
cait_s24_224,6,ILSVRC2012_val_00024753.JPEG,block24_gap,gap,blocks[23] output,14,14,29,51,52,False,False,0.28554853796958923,0.4736842215061188,0.2888889014720917,1.0,0.3094741702079773,0.3181818127632141
cait_s24_224,7,ILSVRC2012_val_00024781.JPEG,block24_gap,gap,blocks[23] output,14,14,29,782,783,False,False,-0.0250619575381279,0.35172414779663086,0.05454545468091965,1.0,0.15012790262699127,0.09433962404727936
cait_s24_224,8,ILSVRC2012_val_00024926.JPEG,block24_gap,gap,blocks[23] output,14,14,29,373,374,False,False,0.556179404258728,0.5806451439857483,0.017543859779834747,1.0,0.7013156414031982,0.2888889014720917
cait_s24_224,9,ILSVRC2012_val_00025075.JPEG,block24_gap,gap,blocks[23] output,14,14,29,129,130,False,False,-0.11976348608732224,0.30666667222976685,0.0,1.0,0.3630262613296509,0.11538461595773697
cait_s24_224,10,ILSVRC2012_val_00025315.JPEG,block24_gap,gap,blocks[23] output,14,14,29,333,334,False,False,0.1045956239104271,0.2405063360929489,0.05454545468091965,1.0,0.14813251793384552,0.0357142873108387
cait_s24_224,11,ILSVRC2012_val_00025390.JPEG,block24_gap,gap,blocks[23] output,14,14,29,932,933,False,False,-0.23014608025550842,0.39007091522216797,0.07407407462596893,1.0,-0.22658401727676392,0.18367347121238708
cait_s24_224,12,ILSVRC2012_val_00025402.JPEG,block24_gap,gap,blocks[23] output,14,14,29,500,501,False,False,0.12383237481117249,0.4848484992980957,0.07407407462596893,1.0,-0.02255815640091896,0.0357142873108387
cait_s24_224,13,ILSVRC2012_val_00025408.JPEG,block24_gap,gap,blocks[23] output,14,14,29,669,670,False,False,0.2441648244857788,0.4000000059604645,0.07407407462596893,1.0,0.06530452519655228,0.017543859779834747
cait_s24_224,14,ILSVRC2012_val_00025416.JPEG,block24_gap,gap,blocks[23] output,14,14,29,569,570,False,False,-0.45411789417266846,0.49618321657180786,0.11538461595773697,1.0,0.7856370210647583,0.13725490868091583
cait_s24_224,15,ILSVRC2012_val_00025440.JPEG,block24_gap,gap,blocks[23] output,14,14,29,987,988,False,False,0.5647809505462646,0.4736842215061188,0.11538461595773697,1.0,0.08431974053382874,0.05454545468091965
cait_s24_224,16,ILSVRC2012_val_00025446.JPEG,block24_gap,gap,blocks[23] output,14,14,29,994,995,False,False,0.18533098697662354,0.4202898442745209,0.1599999964237213,0.9999999403953552,-0.3316609561443329,0.2083333283662796
cait_s24_224,17,ILSVRC2012_val_00025563.JPEG,block24_gap,gap,blocks[23] output,14,14,29,691,692,False,False,-0.15742096304893494,0.20245398581027985,0.017543859779834747,1.0,0.23609879612922668,0.05454545468091965
cait_s24_224,18,ILSVRC2012_val_00025800.JPEG,block24_gap,gap,blocks[23] output,14,14,29,390,391,False,False,0.2157990038394928,0.4736842215061188,0.05454545468091965,1.0,-0.08300648629665375,0.0
cait_s24_224,19,ILSVRC2012_val_00025844.JPEG,block24_gap,gap,blocks[23] output,14,14,29,616,617,False,False,0.5410243272781372,0.6198347210884094,0.3488371968269348,0.9999999403953552,-0.03512180596590042,0.07407407462596893
cait_s24_224,20,ILSVRC2012_val_00025851.JPEG,block24_gap,gap,blocks[23] output,14,14,29,251,252,False,False,-0.1320689618587494,0.43065693974494934,0.017543859779834747,1.0,0.08688411116600037,0.11538461595773697
cait_s24_224,21,ILSVRC2012_val_00025907.JPEG,block24_gap,gap,blocks[23] output,14,14,29,837,838,False,False,0.28410619497299194,0.5934959053993225,0.3488371968269348,1.0,0.30287596583366394,0.0357142873108387
cait_s24_224,22,ILSVRC2012_val_00025989.JPEG,block24_gap,gap,blocks[23] output,14,14,29,621,622,False,False,-0.032447461038827896,0.29801324009895325,0.0,1.0,0.2758105993270874,0.017543859779834747
cait_s24_224,23,ILSVRC2012_val_00026068.JPEG,block24_gap,gap,blocks[23] output,14,14,29,95,96,False,False,0.1327144205570221,0.3333333432674408,0.05454545468091965,1.0,-0.013048157095909119,0.07407407462596893
cait_s24_224,24,ILSVRC2012_val_00026088.JPEG,block24_gap,gap,blocks[23] output,14,14,29,684,685,False,False,0.47300562262535095,0.5934959053993225,0.09433962404727936,1.0,-0.498365581035614,0.0357142873108387
cait_s24_224,25,ILSVRC2012_val_00026113.JPEG,block24_gap,gap,blocks[23] output,14,14,29,509,510,False,False,0.08663070201873779,0.21739129722118378,0.0357142873108387,1.0,-0.2411765158176422,0.0357142873108387
cait_s24_224,26,ILSVRC2012_val_00026139.JPEG,block24_gap,gap,blocks[23] output,14,14,29,127,128,False,False,0.053158462047576904,0.37062937021255493,0.09433962404727936,1.0,0.658333420753479,0.0357142873108387
cait_s24_224,27,ILSVRC2012_val_00026145.JPEG,block24_gap,gap,blocks[23] output,14,14,29,527,528,False,False,0.11604364216327667,0.39007091522216797,0.0,1.0,0.06013912707567215,0.07407407462596893
cait_s24_224,28,ILSVRC2012_val_00026189.JPEG,block24_gap,gap,blocks[23] output,14,14,29,404,405,False,False,-0.22228401899337769,0.30666667222976685,0.017543859779834747,1.0,0.3260652422904968,0.2083333283662796
cait_s24_224,29,ILSVRC2012_val_00026202.JPEG,block24_gap,gap,blocks[23] output,14,14,29,35,36,False,False,-0.4413263201713562,0.1807228922843933,0.0,1.0,0.8001641035079956,0.2888889014720917
cait_s24_224,30,ILSVRC2012_val_00026226.JPEG,block24_gap,gap,blocks[23] output,14,14,29,549,550,False,False,-0.03336548060178757,0.29801324009895325,0.09433962404727936,1.0,0.6670736074447632,0.2083333283662796
cait_s24_224,31,ILSVRC2012_val_00026280.JPEG,block24_gap,gap,blocks[23] output,14,14,29,408,409,False,False,0.027925945818424225,0.28947368264198303,0.0357142873108387,1.0,0.24192240834236145,0.23404255509376526
cait_s24_224,32,ILSVRC2012_val_00026315.JPEG,block24_gap,gap,blocks[23] output,14,14,29,804,805,False,False,0.364655077457428,0.37062937021255493,0.6111111044883728,1.0,-0.43943294882774353,0.0
cait_s24_224,33,ILSVRC2012_val_00026328.JPEG,block24_gap,gap,blocks[23] output,14,14,29,422,423,False,False,-0.5082054734230042,0.15294118225574493,0.0,1.0,-0.23341487348079681,0.05454545468091965
cait_s24_224,34,ILSVRC2012_val_00026332.JPEG,block24_gap,gap,blocks[23] output,14,14,29,473,474,False,False,-0.04914853721857071,0.2810457646846771,0.05454545468091965,1.0,-0.0005562249571084976,0.23404255509376526
cait_s24_224,35,ILSVRC2012_val_00026390.JPEG,block24_gap,gap,blocks[23] output,14,14,29,341,342,False,False,-0.3315063416957855,0.2405063360929489,0.0357142873108387,1.0,-0.06997106969356537,0.13725490868091583
cait_s24_224,36,ILSVRC2012_val_00026397.JPEG,block24_gap,gap,blocks[23] output,14,14,29,0,1,False,False,0.08872012794017792,0.3154362440109253,0.0357142873108387,1.0,0.2548079788684845,0.13725490868091583
cait_s24_224,37,ILSVRC2012_val_00026436.JPEG,block24_gap,gap,blocks[23] output,14,14,29,733,734,False,False,0.1241861879825592,0.3611111044883728,0.05454545468091965,0.9999999403953552,0.08116728067398071,0.05454545468091965
cait_s24_224,38,ILSVRC2012_val_00026490.JPEG,block24_gap,gap,blocks[23] output,14,14,29,4,5,False,False,0.4198949933052063,0.46268656849861145,0.5675675868988037,1.0,0.537543535232544,0.7575757503509521
cait_s24_224,39,ILSVRC2012_val_00026510.JPEG,block24_gap,gap,blocks[23] output,14,14,29,140,141,True,False,-0.059689708054065704,0.35172414779663086,0.07407407462596893,1.0,-0.07104845345020294,0.09433962404727936
cait_s24_224,40,ILSVRC2012_val_00026559.JPEG,block24_gap,gap,blocks[23] output,14,14,29,891,892,False,False,0.4834718704223633,0.5934959053993225,0.11538461595773697,1.0,-0.3738829493522644,0.0
cait_s24_224,41,ILSVRC2012_val_00026627.JPEG,block24_gap,gap,blocks[23] output,14,14,29,401,402,False,False,-0.09749381244182587,0.20245398581027985,0.0,1.0,0.2339806705713272,0.23404255509376526
cait_s24_224,42,ILSVRC2012_val_00026692.JPEG,block24_gap,gap,blocks[23] output,14,14,29,165,166,False,False,0.28432610630989075,0.23270440101623535,0.09433962404727936,1.0,0.01840798556804657,0.13725490868091583
cait_s24_224,43,ILSVRC2012_val_00026737.JPEG,block24_gap,gap,blocks[23] output,14,14,29,371,372,False,False,0.19468161463737488,0.39007091522216797,0.09433962404727936,1.0,0.06329001486301422,0.18367347121238708
cait_s24_224,44,ILSVRC2012_val_00026743.JPEG,block24_gap,gap,blocks[23] output,14,14,29,717,718,False,False,0.27184057235717773,0.45185184478759766,0.0357142873108387,1.0,-0.10156428068876266,0.09433962404727936
cait_s24_224,45,ILSVRC2012_val_00026754.JPEG,block24_gap,gap,blocks[23] output,14,14,29,880,881,False,False,0.2681748867034912,0.45185184478759766,0.23404255509376526,1.0,0.3302153944969177,0.11538461595773697
cait_s24_224,46,ILSVRC2012_val_00026803.JPEG,block24_gap,gap,blocks[23] output,14,14,29,205,206,False,False,-0.2533927261829376,0.1878787875175476,0.11538461595773697,1.0,0.3862840533256531,0.3488371968269348
cait_s24_224,47,ILSVRC2012_val_00026901.JPEG,block24_gap,gap,blocks[23] output,14,14,29,41,42,False,False,-0.23990151286125183,0.44117647409439087,0.11538461595773697,1.0,0.13095492124557495,0.07407407462596893
cait_s24_224,48,ILSVRC2012_val_00026916.JPEG,block24_gap,gap,blocks[23] output,14,14,29,859,860,False,False,-0.3646742105484009,0.2405063360929489,0.0357142873108387,1.0,0.09476049244403839,0.017543859779834747
cait_s24_224,49,ILSVRC2012_val_00026925.JPEG,block24_gap,gap,blocks[23] output,14,14,29,118,119,False,False,0.4002470374107361,0.39007091522216797,0.2083333283662796,1.0,-0.03223072737455368,0.11538461595773697
cait_s24_224,50,ILSVRC2012_val_00026972.JPEG,block24_gap,gap,blocks[23] output,14,14,29,750,751,False,False,-0.10095864534378052,0.19512194395065308,0.0,1.0,0.25536423921585083,0.0
cait_s24_224,51,ILSVRC2012_val_00027124.JPEG,block24_gap,gap,blocks[23] output,14,14,29,264,265,False,False,-0.250130295753479,0.23270440101623535,0.017543859779834747,1.0,0.25602561235427856,0.13725490868091583
cait_s24_224,52,ILSVRC2012_val_00027141.JPEG,block24_gap,gap,blocks[23] output,14,14,29,894,895,False,False,-0.3815043568611145,0.21739129722118378,0.0,1.0,0.157260000705719,0.1599999964237213
cait_s24_224,53,ILSVRC2012_val_00027148.JPEG,block24_gap,gap,blocks[23] output,14,14,29,61,62,False,False,0.5384663343429565,0.6198347210884094,0.05454545468091965,1.0,0.0896078571677208,0.1599999964237213
cait_s24_224,54,ILSVRC2012_val_00027201.JPEG,block24_gap,gap,blocks[23] output,14,14,29,694,695,False,False,0.013629887253046036,0.3154362440109253,0.11538461595773697,1.0,0.3644845485687256,0.07407407462596893
cait_s24_224,55,ILSVRC2012_val_00027287.JPEG,block24_gap,gap,blocks[23] output,14,14,29,445,446,False,False,0.4611320495605469,0.3611111044883728,0.2888889014720917,1.0,-0.033384595066308975,0.017543859779834747
cait_s24_224,56,ILSVRC2012_val_00027348.JPEG,block24_gap,gap,blocks[23] output,14,14,29,164,165,False,False,0.35760584473609924,0.4848484992980957,0.18367347121238708,1.0,0.1307174414396286,0.13725490868091583
cait_s24_224,57,ILSVRC2012_val_00027385.JPEG,block24_gap,gap,blocks[23] output,14,14,29,497,498,False,False,-0.023989347741007805,0.35172414779663086,0.0357142873108387,1.0,0.07285578548908234,0.1599999964237213
cait_s24_224,58,ILSVRC2012_val_00027498.JPEG,block24_gap,gap,blocks[23] output,14,14,29,14,15,False,False,-0.03132227063179016,0.3333333432674408,0.017543859779834747,1.0,-0.14750614762306213,0.05454545468091965
cait_s24_224,59,ILSVRC2012_val_00027530.JPEG,block24_gap,gap,blocks[23] output,14,14,29,985,986,False,False,0.35964587330818176,0.53125,0.0357142873108387,1.0,-0.34100043773651123,0.0
cait_s24_224,60,ILSVRC2012_val_00027633.JPEG,block24_gap,gap,blocks[23] output,14,14,29,5,6,False,False,0.677531898021698,0.6752136945724487,0.09433962404727936,1.0,0.11533758789300919,0.07407407462596893
cait_s24_224,61,ILSVRC2012_val_00027636.JPEG,block24_gap,gap,blocks[23] output,14,14,29,648,649,False,False,-0.31430643796920776,0.26451611518859863,0.0357142873108387,1.0,0.15320706367492676,0.0357142873108387
cait_s24_224,62,ILSVRC2012_val_00027657.JPEG,block24_gap,gap,blocks[23] output,14,14,29,104,105,False,False,0.40509846806526184,0.5076923370361328,0.260869562625885,1.0,-0.21664050221443176,0.0
cait_s24_224,63,ILSVRC2012_val_00027790.JPEG,block24_gap,gap,blocks[23] output,14,14,29,66,67,False,False,0.17117834091186523,0.35172414779663086,0.13725490868091583,0.9999999403953552,0.565182626247406,0.1599999964237213
cait_s24_224,64,ILSVRC2012_val_00027793.JPEG,block24_gap,gap,blocks[23] output,14,14,29,848,849,False,False,-0.009390460327267647,0.3243243098258972,0.017543859779834747,1.0,0.03173824027180672,0.017543859779834747
cait_s24_224,65,ILSVRC2012_val_00027955.JPEG,block24_gap,gap,blocks[23] output,14,14,29,354,355,False,False,0.6917514801025391,0.6752136945724487,0.09433962404727936,1.0,0.5307238101959229,0.3488371968269348
cait_s24_224,66,ILSVRC2012_val_00028029.JPEG,block24_gap,gap,blocks[23] output,14,14,29,930,931,False,False,0.5527178049087524,0.6333333253860474,0.13725490868091583,1.0,0.08489031344652176,0.07407407462596893
cait_s24_224,67,ILSVRC2012_val_00028103.JPEG,block24_gap,gap,blocks[23] output,14,14,29,233,234,False,False,0.07406704127788544,0.34246575832366943,0.07407407462596893,1.0,-0.26648712158203125,0.05454545468091965
cait_s24_224,68,ILSVRC2012_val_00028201.JPEG,block24_gap,gap,blocks[23] output,14,14,29,844,845,False,False,0.43839380145072937,0.53125,0.13725490868091583,1.0,0.5511335730552673,0.260869562625885
cait_s24_224,69,ILSVRC2012_val_00028333.JPEG,block24_gap,gap,blocks[23] output,14,14,29,637,638,False,False,-0.028279773890972137,0.28947368264198303,0.07407407462596893,1.0,-0.22056913375854492,0.05454545468091965
cait_s24_224,70,ILSVRC2012_val_00028359.JPEG,block24_gap,gap,blocks[23] output,14,14,29,448,449,False,False,-0.18201753497123718,0.4848484992980957,0.09433962404727936,0.9999999403953552,0.12066078186035156,0.2083333283662796
cait_s24_224,71,ILSVRC2012_val_00028377.JPEG,block24_gap,gap,blocks[23] output,14,14,29,653,654,False,False,0.2842097878456116,0.4100719392299652,0.380952388048172,1.0,-0.1924344003200531,0.0
cait_s24_224,72,ILSVRC2012_val_00028502.JPEG,block24_gap,gap,blocks[23] output,14,14,29,498,499,False,False,-0.4649905860424042,0.46268656849861145,0.07407407462596893,1.0,0.5882077217102051,0.2083333283662796
cait_s24_224,73,ILSVRC2012_val_00028524.JPEG,block24_gap,gap,blocks[23] output,14,14,29,17,18,False,False,0.17173776030540466,0.39007091522216797,0.23404255509376526,1.0,0.34864407777786255,0.2083333283662796
cait_s24_224,74,ILSVRC2012_val_00028528.JPEG,block24_gap,gap,blocks[23] output,14,14,29,716,717,False,False,0.611549973487854,0.6333333253860474,0.09433962404727936,1.0,-0.34766554832458496,0.0
cait_s24_224,75,ILSVRC2012_val_00028576.JPEG,block24_gap,gap,blocks[23] output,14,14,29,596,597,False,False,-0.2064005583524704,0.24840764701366425,0.2888889014720917,1.0,0.43304353952407837,0.3181818127632141
cait_s24_224,76,ILSVRC2012_val_00028592.JPEG,block24_gap,gap,blocks[23] output,14,14,29,551,552,False,False,0.31704452633857727,0.22499999403953552,0.07407407462596893,1.0,0.5606005191802979,0.260869562625885
cait_s24_224,77,ILSVRC2012_val_00028608.JPEG,block24_gap,gap,blocks[23] output,14,14,29,730,731,False,False,-0.5574114322662354,0.2405063360929489,0.0,1.0,0.21860083937644958,0.09433962404727936
cait_s24_224,78,ILSVRC2012_val_00028696.JPEG,block24_gap,gap,blocks[23] output,14,14,29,597,598,False,False,0.04324521869421005,0.2405063360929489,0.017543859779834747,1.0,-0.4182390570640564,0.0
cait_s24_224,79,ILSVRC2012_val_00028779.JPEG,block24_gap,gap,blocks[23] output,14,14,29,74,75,False,False,0.17996636033058167,0.37062937021255493,0.017543859779834747,1.0,-0.14658497273921967,0.017543859779834747
cait_s24_224,80,ILSVRC2012_val_00028825.JPEG,block24_gap,gap,blocks[23] output,14,14,29,344,345,False,False,0.3418005108833313,0.3333333432674408,0.0357142873108387,0.9999999403953552,-0.12071338295936584,0.13725490868091583
cait_s24_224,81,ILSVRC2012_val_00028835.JPEG,block24_gap,gap,blocks[23] output,14,14,29,812,813,False,False,-0.18437790870666504,0.5555555820465088,0.260869562625885,1.0,0.1587453931570053,0.0
cait_s24_224,82,ILSVRC2012_val_00028870.JPEG,block24_gap,gap,blocks[23] output,14,14,29,261,262,False,False,0.16539457440376282,0.28947368264198303,0.017543859779834747,1.0,0.17538908123970032,0.3181818127632141
cait_s24_224,83,ILSVRC2012_val_00028887.JPEG,block24_gap,gap,blocks[23] output,14,14,29,740,741,False,False,0.3677055239677429,0.24840764701366425,0.0,0.9999999403953552,0.3503063917160034,0.09433962404727936
cait_s24_224,84,ILSVRC2012_val_00028920.JPEG,block24_gap,gap,blocks[23] output,14,14,29,133,134,False,False,0.25316321849823,0.25641027092933655,0.05454545468091965,1.0,-0.2882993817329407,0.13725490868091583
cait_s24_224,85,ILSVRC2012_val_00029045.JPEG,block24_gap,gap,blocks[23] output,14,14,29,528,529,False,False,-0.2579110562801361,0.4848484992980957,0.07407407462596893,1.0,-0.05738510191440582,0.11538461595773697
cait_s24_224,86,ILSVRC2012_val_00029093.JPEG,block24_gap,gap,blocks[23] output,14,14,29,700,701,False,False,0.3515622913837433,0.2810457646846771,0.260869562625885,1.0,0.13355593383312225,0.0357142873108387
cait_s24_224,87,ILSVRC2012_val_00029125.JPEG,block24_gap,gap,blocks[23] output,14,14,29,766,767,False,False,0.6858928203582764,0.5680000185966492,0.260869562625885,1.0,0.26068899035453796,0.017543859779834747
cait_s24_224,88,ILSVRC2012_val_00029127.JPEG,block24_gap,gap,blocks[23] output,14,14,29,196,197,False,False,0.23475684225559235,0.28947368264198303,0.07407407462596893,1.0,-0.027247007936239243,0.2083333283662796
cait_s24_224,89,ILSVRC2012_val_00029156.JPEG,block24_gap,gap,blocks[23] output,14,14,29,77,78,False,False,0.47626006603240967,0.3243243098258972,0.2888889014720917,1.0,0.26452040672302246,0.0357142873108387
cait_s24_224,90,ILSVRC2012_val_00029183.JPEG,block24_gap,gap,blocks[23] output,14,14,29,696,697,False,False,0.2201467901468277,0.34246575832366943,0.09433962404727936,1.0,0.13629083335399628,0.07407407462596893
cait_s24_224,91,ILSVRC2012_val_00029207.JPEG,block24_gap,gap,blocks[23] output,14,14,29,355,356,False,False,-0.5302727818489075,0.2405063360929489,0.0,1.0,0.10326959937810898,0.017543859779834747
cait_s24_224,92,ILSVRC2012_val_00029208.JPEG,block24_gap,gap,blocks[23] output,14,14,29,75,76,False,False,0.1475125253200531,0.45185184478759766,0.11538461595773697,1.0,-0.3120863139629364,0.05454545468091965
cait_s24_224,93,ILSVRC2012_val_00029572.JPEG,block24_gap,gap,blocks[23] output,14,14,29,909,910,False,False,-0.21008853614330292,0.24840764701366425,0.017543859779834747,1.0,0.32658320665359497,0.2083333283662796
cait_s24_224,94,ILSVRC2012_val_00029594.JPEG,block24_gap,gap,blocks[23] output,14,14,29,659,660,False,False,0.2082078903913498,0.49618321657180786,0.380952388048172,1.0,0.42317813634872437,0.07407407462596893
cait_s24_224,95,ILSVRC2012_val_00029709.JPEG,block24_gap,gap,blocks[23] output,14,14,29,12,13,False,False,-0.3015021085739136,0.5934959053993225,0.017543859779834747,1.0,-0.19965894520282745,0.11538461595773697
cait_s24_224,96,ILSVRC2012_val_00029714.JPEG,block24_gap,gap,blocks[23] output,14,14,29,935,936,False,False,0.5756839513778687,0.45185184478759766,0.2083333283662796,1.0,0.09159049391746521,0.23404255509376526
cait_s24_224,97,ILSVRC2012_val_00029737.JPEG,block24_gap,gap,blocks[23] output,14,14,29,407,408,False,False,-0.021461641415953636,0.3333333432674408,0.017543859779834747,1.0,-0.02876587025821209,0.23404255509376526
cait_s24_224,98,ILSVRC2012_val_00029766.JPEG,block24_gap,gap,blocks[23] output,14,14,29,897,898,False,False,-0.15755164623260498,0.15294118225574493,0.017543859779834747,1.0,0.07686730474233627,0.2083333283662796
cait_s24_224,99,ILSVRC2012_val_00029780.JPEG,block24_gap,gap,blocks[23] output,14,14,29,434,435,False,False,-0.08844280242919922,0.27272728085517883,0.017543859779834747,1.0,0.28165656328201294,0.13725490868091583
cait_s24_224,100,ILSVRC2012_val_00029781.JPEG,block24_gap,gap,blocks[23] output,14,14,29,643,644,False,False,-0.43567323684692383,0.43065693974494934,0.11538461595773697,1.0,0.41992366313934326,0.05454545468091965
cait_s24_224,101,ILSVRC2012_val_00029802.JPEG,block24_gap,gap,blocks[23] output,14,14,29,772,773,False,False,0.3454039692878723,0.29801324009895325,0.23404255509376526,1.0,-0.446600079536438,0.017543859779834747
cait_s24_224,102,ILSVRC2012_val_00029828.JPEG,block24_gap,gap,blocks[23] output,14,14,29,502,503,False,False,0.3490186333656311,0.3243243098258972,0.11538461595773697,1.0,0.270536869764328,0.2888889014720917
cait_s24_224,103,ILSVRC2012_val_00029884.JPEG,block24_gap,gap,blocks[23] output,14,14,29,672,673,False,False,-0.005168579518795013,0.30666667222976685,0.05454545468091965,1.0,-0.3152037262916565,0.017543859779834747
cait_s24_224,104,ILSVRC2012_val_00029885.JPEG,block24_gap,gap,blocks[23] output,14,14,29,135,136,False,False,0.3852895498275757,0.3154362440109253,0.05454545468091965,1.0,0.4183298945426941,0.1599999964237213
cait_s24_224,105,ILSVRC2012_val_00029919.JPEG,block24_gap,gap,blocks[23] output,14,14,29,954,955,False,False,0.79405677318573,0.7345132827758789,0.18367347121238708,1.0,0.2312696874141693,0.0357142873108387
cait_s24_224,106,ILSVRC2012_val_00029967.JPEG,block24_gap,gap,blocks[23] output,14,14,29,999,0,False,False,0.34099245071411133,0.5555555820465088,0.2888889014720917,1.0,0.16648152470588684,0.05454545468091965
cait_s24_224,107,ILSVRC2012_val_00029975.JPEG,block24_gap,gap,blocks[23] output,14,14,29,615,616,False,False,0.4022456109523773,0.5076923370361328,0.07407407462596893,1.0,-0.03683191537857056,0.18367347121238708
cait_s24_224,108,ILSVRC2012_val_00030022.JPEG,block24_gap,gap,blocks[23] output,14,14,29,384,385,False,False,-0.306033194065094,0.23270440101623535,0.0,1.0,0.11199069768190384,0.07407407462596893
cait_s24_224,109,ILSVRC2012_val_00030088.JPEG,block24_gap,gap,blocks[23] output,14,14,29,174,175,False,False,0.18765470385551453,0.4000000059604645,0.0357142873108387,1.0,0.4163552522659302,0.44999998807907104
cait_s24_224,110,ILSVRC2012_val_00030198.JPEG,block24_gap,gap,blocks[23] output,14,14,29,916,917,False,False,-0.28791049122810364,0.27272728085517883,0.0357142873108387,1.0,0.07418020814657211,0.07407407462596893
cait_s24_224,111,ILSVRC2012_val_00030262.JPEG,block24_gap,gap,blocks[23] output,14,14,29,753,754,False,False,0.15495383739471436,0.43065693974494934,0.1599999964237213,1.0,-0.3617161512374878,0.0357142873108387
cait_s24_224,112,ILSVRC2012_val_00030295.JPEG,block24_gap,gap,blocks[23] output,14,14,29,709,710,False,False,0.21253974735736847,0.34246575832366943,0.5263158082962036,1.0,0.2369992733001709,0.4146341383457184
cait_s24_224,113,ILSVRC2012_val_00030305.JPEG,block24_gap,gap,blocks[23] output,14,14,29,274,275,False,False,0.06707680225372314,0.27272728085517883,0.017543859779834747,1.0,0.14069122076034546,0.2083333283662796
cait_s24_224,114,ILSVRC2012_val_00030443.JPEG,block24_gap,gap,blocks[23] output,14,14,29,866,867,False,False,0.0841284915804863,0.13953489065170288,0.0,1.0,-0.10293331742286682,0.0357142873108387
cait_s24_224,115,ILSVRC2012_val_00030453.JPEG,block24_gap,gap,blocks[23] output,14,14,29,433,434,False,False,-0.24555300176143646,0.4000000059604645,0.05454545468091965,1.0,-0.230630561709404,0.09433962404727936
cait_s24_224,116,ILSVRC2012_val_00030500.JPEG,block24_gap,gap,blocks[23] output,14,14,29,102,103,False,False,-0.148481547832489,0.20245398581027985,0.0,1.0,0.26595795154571533,0.1599999964237213
cait_s24_224,117,ILSVRC2012_val_00030718.JPEG,block24_gap,gap,blocks[23] output,14,14,29,494,495,False,False,0.03145454451441765,0.28947368264198303,0.0357142873108387,1.0,0.0918407216668129,0.017543859779834747
cait_s24_224,118,ILSVRC2012_val_00030719.JPEG,block24_gap,gap,blocks[23] output,14,14,29,55,56,False,False,-0.048189081251621246,0.34246575832366943,0.017543859779834747,1.0,0.3403979539871216,0.44999998807907104
cait_s24_224,119,ILSVRC2012_val_00030809.JPEG,block24_gap,gap,blocks[23] output,14,14,29,780,781,False,False,-0.09762290120124817,0.28947368264198303,0.0357142873108387,1.0,-0.17023006081581116,0.017543859779834747
cait_s24_224,120,ILSVRC2012_val_00030891.JPEG,block24_gap,gap,blocks[23] output,14,14,29,82,83,False,False,0.4697909951210022,0.1666666716337204,0.0,1.0,0.6656966209411621,0.017543859779834747
cait_s24_224,121,ILSVRC2012_val_00030915.JPEG,block24_gap,gap,blocks[23] output,14,14,29,180,181,False,False,0.4983305335044861,0.6198347210884094,0.13725490868091583,1.0,0.35913747549057007,0.09433962404727936
cait_s24_224,122,ILSVRC2012_val_00030940.JPEG,block24_gap,gap,blocks[23] output,14,14,29,131,132,False,False,-0.2378726303577423,0.4100719392299652,0.11538461595773697,1.0,0.3938305377960205,0.23404255509376526
cait_s24_224,123,ILSVRC2012_val_00030991.JPEG,block24_gap,gap,blocks[23] output,14,14,29,349,350,False,False,0.1628573089838028,0.3802816867828369,0.13725490868091583,1.0,0.6176875829696655,0.18367347121238708
cait_s24_224,124,ILSVRC2012_val_00031127.JPEG,block24_gap,gap,blocks[23] output,14,14,29,198,199,False,False,-0.4049852788448334,0.34246575832366943,0.0,1.0,0.08974172174930573,0.13725490868091583
cait_s24_224,125,ILSVRC2012_val_00031152.JPEG,block24_gap,gap,blocks[23] output,14,14,29,633,634,False,False,0.21730031073093414,0.45185184478759766,0.1599999964237213,1.0,-0.3631824254989624,0.07407407462596893
cait_s24_224,126,ILSVRC2012_val_00031252.JPEG,block24_gap,gap,blocks[23] output,14,14,29,228,229,False,False,0.07698842138051987,0.21739129722118378,0.0,1.0,-0.2971782088279724,0.0
cait_s24_224,127,ILSVRC2012_val_00031328.JPEG,block24_gap,gap,blocks[23] output,14,14,29,440,441,False,False,0.02287691831588745,0.2810457646846771,0.0357142873108387,1.0,0.09744441509246826,0.09433962404727936
pit_b_224,0,ILSVRC2012_val_00024479.JPEG,stage3_block2,cls,transformers[2].blocks[2] input (=block[1] output),8,8,10,793,794,False,False,-0.2808150053024292,0.3333333432674408,0.0,0.9999999403953552,-0.12586992979049683,0.05263157933950424
pit_b_224,1,ILSVRC2012_val_00024540.JPEG,stage3_block2,cls,transformers[2].blocks[2] input (=block[1] output),8,8,10,613,614,True,False,-0.20375457406044006,0.42222222685813904,0.1764705926179886,1.0,0.2977564036846161,0.1111111119389534
pit_b_224,2,ILSVRC2012_val_00024550.JPEG,stage3_block2,cls,transformers[2].blocks[2] input (=block[1] output),8,8,10,656,657,False,False,-0.2492215931415558,0.2800000011920929,0.0,1.0,0.15819597244262695,0.1764705926179886
pit_b_224,3,ILSVRC2012_val_00024609.JPEG,stage3_block2,cls,transformers[2].blocks[2] input (=block[1] output),8,8,10,68,69,False,False,0.03255493938922882,0.4545454680919647,0.0,1.0,-0.10563186556100845,0.0
pit_b_224,4,ILSVRC2012_val_00024637.JPEG,stage3_block2,cls,transformers[2].blocks[2] input (=block[1] output),8,8,10,203,204,True,False,-0.13704213500022888,0.3913043439388275,0.25,0.9999999403953552,0.6480311155319214,0.1111111119389534
pit_b_224,5,ILSVRC2012_val_00024710.JPEG,stage3_block2,cls,transformers[2].blocks[2] input (=block[1] output),8,8,10,974,975,False,False,-0.6163918972015381,0.2075471729040146,0.0,0.9999999403953552,-0.26350730657577515,0.0
pit_b_224,6,ILSVRC2012_val_00024753.JPEG,stage3_block2,cls,transformers[2].blocks[2] input (=block[1] output),8,8,10,51,52,False,False,-0.5853021740913391,0.12280701845884323,0.0,0.9999999403953552,0.33479851484298706,0.1111111119389534
pit_b_224,7,ILSVRC2012_val_00024781.JPEG,stage3_block2,cls,transformers[2].blocks[2] input (=block[1] output),8,8,10,782,783,False,False,-0.40801283717155457,0.2549019753932953,0.0,0.9999998807907104,0.045329660177230835,0.0
pit_b_224,8,ILSVRC2012_val_00024926.JPEG,stage3_block2,cls,transformers[2].blocks[2] input (=block[1] output),8,8,10,373,374,False,False,-0.495192289352417,0.18518517911434174,0.0,0.9999999403953552,-0.6145603656768799,0.0
pit_b_224,9,ILSVRC2012_val_00025075.JPEG,stage3_block2,cls,transformers[2].blocks[2] input (=block[1] output),8,8,10,129,130,False,False,-0.7077838182449341,0.12280701845884323,0.0,0.9999999403953552,0.2472069263458252,0.0
pit_b_224,10,ILSVRC2012_val_00025315.JPEG,stage3_block2,cls,transformers[2].blocks[2] input (=block[1] output),8,8,10,333,334,False,False,-0.3227105736732483,0.30612245202064514,0.0,0.9999999403953552,-0.41057687997817993,0.05263157933950424
pit_b_224,11,ILSVRC2012_val_00025390.JPEG,stage3_block2,cls,transformers[2].blocks[2] input (=block[1] output),8,8,10,932,933,False,False,-0.11712455749511719,0.3333333432674408,0.0,0.9999999403953552,0.3065933883190155,0.0
pit_b_224,12,ILSVRC2012_val_00025402.JPEG,stage3_block2,cls,transformers[2].blocks[2] input (=block[1] output),8,8,10,500,501,False,False,-0.12326006591320038,0.3333333432674408,0.0,1.0,-0.07463371008634567,0.0
pit_b_224,13,ILSVRC2012_val_00025408.JPEG,stage3_block2,cls,transformers[2].blocks[2] input (=block[1] output),8,8,10,669,670,False,False,0.22348898649215698,0.4883720874786377,0.05263157933950424,1.0,-0.1032051220536232,0.05263157933950424
pit_b_224,14,ILSVRC2012_val_00025416.JPEG,stage3_block2,cls,transformers[2].blocks[2] input (=block[1] output),8,8,10,569,570,False,False,-0.45393767952919006,0.2549019753932953,0.0,0.9999998807907104,-0.24180400371551514,0.05263157933950424
pit_b_224,15,ILSVRC2012_val_00025440.JPEG,stage3_block2,cls,transformers[2].blocks[2] input (=block[1] output),8,8,10,987,988,False,False,-0.760073184967041,0.12280701845884323,0.0,0.9999999403953552,-0.8357599973678589,0.0
pit_b_224,16,ILSVRC2012_val_00025446.JPEG,stage3_block2,cls,transformers[2].blocks[2] input (=block[1] output),8,8,10,994,995,False,False,0.02390109933912754,0.30612245202064514,0.0,0.9999999403953552,-0.5614469051361084,0.0
pit_b_224,17,ILSVRC2012_val_00025563.JPEG,stage3_block2,cls,transformers[2].blocks[2] input (=block[1] output),8,8,10,691,692,True,False,-0.19418497383594513,0.3913043439388275,0.1764705926179886,0.9999999403953552,0.30036628246307373,0.1111111119389534
pit_b_224,18,ILSVRC2012_val_00025800.JPEG,stage3_block2,cls,transformers[2].blocks[2] input (=block[1] output),8,8,10,390,391,False,False,-0.13223442435264587,0.23076923191547394,0.0,0.9999999403953552,-0.1547161042690277,0.0
pit_b_224,19,ILSVRC2012_val_00025844.JPEG,stage3_block2,cls,transformers[2].blocks[2] input (=block[1] output),8,8,10,616,617,False,False,-0.5456959009170532,0.2075471729040146,0.0,1.0,0.6191849708557129,0.3333333432674408
pit_b_224,20,ILSVRC2012_val_00025851.JPEG,stage3_block2,cls,transformers[2].blocks[2] input (=block[1] output),8,8,10,251,252,False,False,-0.2707875370979309,0.16363635659217834,0.0,0.9999999403953552,-0.014056773856282234,0.0
pit_b_224,21,ILSVRC2012_val_00025907.JPEG,stage3_block2,cls,transformers[2].blocks[2] input (=block[1] output),8,8,10,837,838,False,False,0.3448718190193176,0.30612245202064514,0.1764705926179886,0.9999999403953552,0.6104395389556885,0.1111111119389534
pit_b_224,22,ILSVRC2012_val_00025989.JPEG,stage3_block2,cls,transformers[2].blocks[2] input (=block[1] output),8,8,10,621,622,False,False,0.3393772840499878,0.42222222685813904,0.3333333432674408,0.9999999403953552,0.15842489898204803,0.0
pit_b_224,23,ILSVRC2012_val_00026068.JPEG,stage3_block2,cls,transformers[2].blocks[2] input (=block[1] output),8,8,10,95,96,False,False,-0.3878662586212158,0.3913043439388275,0.0,1.0,-0.22445054352283478,0.0
pit_b_224,24,ILSVRC2012_val_00026088.JPEG,stage3_block2,cls,transformers[2].blocks[2] input (=block[1] output),8,8,10,684,685,False,False,0.12738095223903656,0.523809552192688,0.0,0.9999998807907104,-0.2799908220767975,0.0
pit_b_224,25,ILSVRC2012_val_00026113.JPEG,stage3_block2,cls,transformers[2].blocks[2] input (=block[1] output),8,8,10,509,510,False,False,-0.4661629796028137,0.30612245202064514,0.0,0.9999999403953552,-0.18923988938331604,0.05263157933950424
pit_b_224,26,ILSVRC2012_val_00026139.JPEG,stage3_block2,cls,transformers[2].blocks[2] input (=block[1] output),8,8,10,127,128,False,False,-0.8669871091842651,0.06666667014360428,0.0,0.9999999403953552,0.3624541759490967,0.05263157933950424
pit_b_224,27,ILSVRC2012_val_00026145.JPEG,stage3_block2,cls,transformers[2].blocks[2] input (=block[1] output),8,8,10,527,528,False,False,0.3683607876300812,0.523809552192688,0.1111111119389534,0.9999999403953552,0.18415749073028564,0.1111111119389534
pit_b_224,28,ILSVRC2012_val_00026189.JPEG,stage3_block2,cls,transformers[2].blocks[2] input (=block[1] output),8,8,10,404,405,False,False,0.0972527414560318,0.4883720874786377,0.1111111119389534,1.0,-0.06904760748147964,0.05263157933950424
pit_b_224,29,ILSVRC2012_val_00026202.JPEG,stage3_block2,cls,transformers[2].blocks[2] input (=block[1] output),8,8,10,35,36,False,True,-0.6540292501449585,0.3333333432674408,0.0,0.9999999403953552,0.8643772602081299,0.0
pit_b_224,30,ILSVRC2012_val_00026226.JPEG,stage3_block2,cls,transformers[2].blocks[2] input (=block[1] output),8,8,10,549,550,False,False,0.13942307233810425,0.3333333432674408,0.1111111119389534,0.9999998807907104,0.41721606254577637,0.4285714328289032
pit_b_224,31,ILSVRC2012_val_00026280.JPEG,stage3_block2,cls,transformers[2].blocks[2] input (=block[1] output),8,8,10,408,409,False,False,-0.37472525238990784,0.3333333432674408,0.05263157933950424,0.9999998807907104,-0.1735347956418991,0.3333333432674408
pit_b_224,32,ILSVRC2012_val_00026315.JPEG,stage3_block2,cls,transformers[2].blocks[2] input (=block[1] output),8,8,10,804,805,False,False,-0.4516483545303345,0.23076923191547394,0.0,0.9999999403953552,0.1966574788093567,0.0
pit_b_224,33,ILSVRC2012_val_00026328.JPEG,stage3_block2,cls,transformers[2].blocks[2] input (=block[1] output),8,8,10,422,423,False,False,-0.555494487285614,0.1428571492433548,0.0,0.9999998807907104,-0.42733514308929443,0.0
pit_b_224,34,ILSVRC2012_val_00026332.JPEG,stage3_block2,cls,transformers[2].blocks[2] input (=block[1] output),8,8,10,473,474,True,False,-0.21597984433174133,0.42222222685813904,0.6666666865348816,0.9999998807907104,0.5281593203544617,0.0
pit_b_224,35,ILSVRC2012_val_00026390.JPEG,stage3_block2,cls,transformers[2].blocks[2] input (=block[1] output),8,8,10,341,342,False,False,0.17541208863258362,0.30612245202064514,0.1111111119389534,1.0,0.7783424258232117,0.3333333432674408
pit_b_224,36,ILSVRC2012_val_00026397.JPEG,stage3_block2,cls,transformers[2].blocks[2] input (=block[1] output),8,8,10,0,1,False,True,-0.2960164546966553,0.2800000011920929,0.0,1.0,-0.22504577040672302,0.0
pit_b_224,37,ILSVRC2012_val_00026436.JPEG,stage3_block2,cls,transformers[2].blocks[2] input (=block[1] output),8,8,10,733,734,False,False,0.3133241534233093,0.2800000011920929,0.05263157933950424,0.9999999403953552,0.3083791136741638,0.1764705926179886
pit_b_224,38,ILSVRC2012_val_00026490.JPEG,stage3_block2,cls,transformers[2].blocks[2] input (=block[1] output),8,8,10,4,5,False,False,0.10045786947011948,0.4545454680919647,0.05263157933950424,1.0,-0.39148348569869995,0.0
pit_b_224,39,ILSVRC2012_val_00026510.JPEG,stage3_block2,cls,transformers[2].blocks[2] input (=block[1] output),8,8,10,140,141,False,False,-0.4536172151565552,0.30612245202064514,0.0,0.9999999403953552,0.5102106332778931,0.05263157933950424
pit_b_224,40,ILSVRC2012_val_00026559.JPEG,stage3_block2,cls,transformers[2].blocks[2] input (=block[1] output),8,8,10,891,892,True,False,-0.022664830088615417,0.3617021143436432,0.1764705926179886,0.9999998807907104,0.1021520122885704,0.3333333432674408
pit_b_224,41,ILSVRC2012_val_00026627.JPEG,stage3_block2,cls,transformers[2].blocks[2] input (=block[1] output),8,8,10,401,402,False,False,0.040934041142463684,0.42222222685813904,0.1111111119389534,0.9999999403953552,-0.4993589520454407,0.05263157933950424
pit_b_224,42,ILSVRC2012_val_00026692.JPEG,stage3_block2,cls,transformers[2].blocks[2] input (=block[1] output),8,8,10,165,166,False,False,0.04418496787548065,0.2800000011920929,0.0,0.9999999403953552,-0.1141941249370575,0.0
pit_b_224,43,ILSVRC2012_val_00026737.JPEG,stage3_block2,cls,transformers[2].blocks[2] input (=block[1] output),8,8,10,371,372,True,False,0.19001832604408264,0.30612245202064514,0.05263157933950424,0.9999999403953552,0.40132778882980347,0.1764705926179886
pit_b_224,44,ILSVRC2012_val_00026743.JPEG,stage3_block2,cls,transformers[2].blocks[2] input (=block[1] output),8,8,10,717,718,False,False,-0.16089743375778198,0.42222222685813904,0.0,0.9999999403953552,-0.08374541997909546,0.1764705926179886
pit_b_224,45,ILSVRC2012_val_00026754.JPEG,stage3_block2,cls,transformers[2].blocks[2] input (=block[1] output),8,8,10,880,881,False,False,-0.7051739692687988,0.16363635659217834,0.0,1.0,-0.4899725019931793,0.0
pit_b_224,46,ILSVRC2012_val_00026803.JPEG,stage3_block2,cls,transformers[2].blocks[2] input (=block[1] output),8,8,10,205,206,False,True,-0.3453296720981598,0.3333333432674408,0.0,0.9999998807907104,0.5994047522544861,0.0
pit_b_224,47,ILSVRC2012_val_00026901.JPEG,stage3_block2,cls,transformers[2].blocks[2] input (=block[1] output),8,8,10,41,42,False,False,-0.6386904716491699,0.12280701845884323,0.0,0.9999999403953552,0.485576868057251,0.25
pit_b_224,48,ILSVRC2012_val_00026916.JPEG,stage3_block2,cls,transformers[2].blocks[2] input (=block[1] output),8,8,10,859,860,False,True,-0.46804025769233704,0.18518517911434174,0.0,0.9999998807907104,0.10682234168052673,0.0
pit_b_224,49,ILSVRC2012_val_00026925.JPEG,stage3_block2,cls,transformers[2].blocks[2] input (=block[1] output),8,8,10,118,119,False,False,-0.2808607816696167,0.2800000011920929,0.0,0.9999999403953552,0.2532051205635071,0.1111111119389534
pit_b_224,50,ILSVRC2012_val_00026972.JPEG,stage3_block2,cls,transformers[2].blocks[2] input (=block[1] output),8,8,10,750,751,False,False,-0.3364468812942505,0.2549019753932953,0.05263157933950424,0.9999998807907104,0.15929487347602844,0.1764705926179886
pit_b_224,51,ILSVRC2012_val_00027124.JPEG,stage3_block2,cls,transformers[2].blocks[2] input (=block[1] output),8,8,10,264,265,True,False,-0.21195054054260254,0.3617021143436432,0.1764705926179886,0.9999999403953552,0.25869959592819214,0.1111111119389534
pit_b_224,52,ILSVRC2012_val_00027141.JPEG,stage3_block2,cls,transformers[2].blocks[2] input (=block[1] output),8,8,10,894,895,False,False,-0.4157508611679077,0.2075471729040146,0.0,0.9999999403953552,-0.08475272357463837,0.1111111119389534
pit_b_224,53,ILSVRC2012_val_00027148.JPEG,stage3_block2,cls,transformers[2].blocks[2] input (=block[1] output),8,8,10,61,62,False,False,-0.5056776404380798,0.18518517911434174,0.0,0.9999999403953552,-0.05911170691251755,0.0
pit_b_224,54,ILSVRC2012_val_00027201.JPEG,stage3_block2,cls,transformers[2].blocks[2] input (=block[1] output),8,8,10,694,695,False,False,-0.056959718465805054,0.4545454680919647,0.0,1.0,0.4971153736114502,0.6666666865348816
pit_b_224,55,ILSVRC2012_val_00027287.JPEG,stage3_block2,cls,transformers[2].blocks[2] input (=block[1] output),8,8,10,445,446,False,False,0.0014651995152235031,0.42222222685813904,0.1111111119389534,0.9999999403953552,0.41204211115837097,0.3333333432674408
pit_b_224,56,ILSVRC2012_val_00027348.JPEG,stage3_block2,cls,transformers[2].blocks[2] input (=block[1] output),8,8,10,164,165,False,False,0.16249999403953552,0.3333333432674408,0.1764705926179886,0.9999999403953552,-0.02078753337264061,0.0
pit_b_224,57,ILSVRC2012_val_00027385.JPEG,stage3_block2,cls,transformers[2].blocks[2] input (=block[1] output),8,8,10,497,498,False,False,-0.5318223237991333,0.18518517911434174,0.0,1.0,-0.08580586314201355,0.0
pit_b_224,58,ILSVRC2012_val_00027498.JPEG,stage3_block2,cls,transformers[2].blocks[2] input (=block[1] output),8,8,10,14,15,False,False,-0.3966117203235626,0.2549019753932953,0.0,0.9999998807907104,-0.11286629736423492,0.0
pit_b_224,59,ILSVRC2012_val_00027530.JPEG,stage3_block2,cls,transformers[2].blocks[2] input (=block[1] output),8,8,10,985,986,False,False,-0.5032508969306946,0.18518517911434174,0.0,1.0,-0.6413003206253052,0.05263157933950424
pit_b_224,60,ILSVRC2012_val_00027633.JPEG,stage3_block2,cls,transformers[2].blocks[2] input (=block[1] output),8,8,10,5,6,False,False,-0.8071886301040649,0.1034482792019844,0.0,0.9999999403953552,-0.07293955981731415,0.0
pit_b_224,61,ILSVRC2012_val_00027636.JPEG,stage3_block2,cls,transformers[2].blocks[2] input (=block[1] output),8,8,10,648,649,False,False,0.10897435247898102,0.2549019753932953,0.1111111119389534,1.0,0.5760072469711304,0.1764705926179886
pit_b_224,62,ILSVRC2012_val_00027657.JPEG,stage3_block2,cls,transformers[2].blocks[2] input (=block[1] output),8,8,10,104,105,False,False,-0.5563644170761108,0.18518517911434174,0.0,0.9999999403953552,-0.018681323155760765,0.05263157933950424
pit_b_224,63,ILSVRC2012_val_00027790.JPEG,stage3_block2,cls,transformers[2].blocks[2] input (=block[1] output),8,8,10,66,67,False,False,-0.06776556372642517,0.3333333432674408,0.0,0.9999999403953552,0.5730768442153931,0.25
pit_b_224,64,ILSVRC2012_val_00027793.JPEG,stage3_block2,cls,transformers[2].blocks[2] input (=block[1] output),8,8,10,848,849,False,False,0.28539374470710754,0.3913043439388275,0.1764705926179886,0.9999999403953552,-0.17353478074073792,0.05263157933950424
pit_b_224,65,ILSVRC2012_val_00027955.JPEG,stage3_block2,cls,transformers[2].blocks[2] input (=block[1] output),8,8,10,354,355,False,False,-0.2566849887371063,0.30612245202064514,0.0,0.9999999403953552,-0.2750915586948395,0.0
pit_b_224,66,ILSVRC2012_val_00028029.JPEG,stage3_block2,cls,transformers[2].blocks[2] input (=block[1] output),8,8,10,930,931,False,True,-0.4039377272129059,0.23076923191547394,0.0,0.9999998807907104,0.1904304027557373,0.05263157933950424
pit_b_224,67,ILSVRC2012_val_00028103.JPEG,stage3_block2,cls,transformers[2].blocks[2] input (=block[1] output),8,8,10,233,234,False,False,-0.02362637221813202,0.3333333432674408,0.05263157933950424,0.9999999403953552,0.17513735592365265,0.25
pit_b_224,68,ILSVRC2012_val_00028201.JPEG,stage3_block2,cls,transformers[2].blocks[2] input (=block[1] output),8,8,10,844,845,False,False,-0.14070512354373932,0.3617021143436432,0.05263157933950424,0.9999999403953552,-0.4624083638191223,0.0
pit_b_224,69,ILSVRC2012_val_00028333.JPEG,stage3_block2,cls,transformers[2].blocks[2] input (=block[1] output),8,8,10,637,638,False,False,0.04418497160077095,0.30612245202064514,0.05263157933950424,0.9999998807907104,0.3841574788093567,0.1111111119389534
pit_b_224,70,ILSVRC2012_val_00028359.JPEG,stage3_block2,cls,transformers[2].blocks[2] input (=block[1] output),8,8,10,448,449,False,False,-0.2789835035800934,0.2075471729040146,0.0,0.9999999403953552,-0.13722525537014008,0.0
pit_b_224,71,ILSVRC2012_val_00028377.JPEG,stage3_block2,cls,transformers[2].blocks[2] input (=block[1] output),8,8,10,653,654,False,False,-0.32110804319381714,0.18518517911434174,0.05263157933950424,1.0,0.09464286267757416,0.4285714328289032
pit_b_224,72,ILSVRC2012_val_00028502.JPEG,stage3_block2,cls,transformers[2].blocks[2] input (=block[1] output),8,8,10,498,499,False,False,-0.16799449920654297,0.523809552192688,0.05263157933950424,0.9999999403953552,0.2666208744049072,0.05263157933950424
pit_b_224,73,ILSVRC2012_val_00028524.JPEG,stage3_block2,cls,transformers[2].blocks[2] input (=block[1] output),8,8,10,17,18,False,False,-0.2094780057668686,0.4883720874786377,0.0,1.0,-0.0704670250415802,0.0
pit_b_224,74,ILSVRC2012_val_00028528.JPEG,stage3_block2,cls,transformers[2].blocks[2] input (=block[1] output),8,8,10,716,717,False,False,-0.14697802066802979,0.4545454680919647,0.0,0.9999999403953552,0.6711995601654053,0.0
pit_b_224,75,ILSVRC2012_val_00028576.JPEG,stage3_block2,cls,transformers[2].blocks[2] input (=block[1] output),8,8,10,596,597,False,False,-0.3772435784339905,0.2549019753932953,0.0,0.9999999403953552,0.24931320548057556,0.25
pit_b_224,76,ILSVRC2012_val_00028592.JPEG,stage3_block2,cls,transformers[2].blocks[2] input (=block[1] output),8,8,10,551,552,False,False,-0.04294870048761368,0.30612245202064514,0.1111111119389534,0.9999998807907104,0.4682691991329193,0.4285714328289032
pit_b_224,77,ILSVRC2012_val_00028608.JPEG,stage3_block2,cls,transformers[2].blocks[2] input (=block[1] output),8,8,10,730,731,True,False,-0.468681275844574,0.6410256624221802,0.1764705926179886,0.9999999403953552,0.18241757154464722,0.1111111119389534
pit_b_224,78,ILSVRC2012_val_00028696.JPEG,stage3_block2,cls,transformers[2].blocks[2] input (=block[1] output),8,8,10,597,598,False,True,0.02934981882572174,0.30612245202064514,0.0,0.9999998807907104,0.2577380836009979,0.0
pit_b_224,79,ILSVRC2012_val_00028779.JPEG,stage3_block2,cls,transformers[2].blocks[2] input (=block[1] output),8,8,10,74,75,False,False,-0.44807690382003784,0.18518517911434174,0.1111111119389534,0.9999999403953552,-0.3927655518054962,0.0
pit_b_224,80,ILSVRC2012_val_00028825.JPEG,stage3_block2,cls,transformers[2].blocks[2] input (=block[1] output),8,8,10,344,345,False,False,-0.4534798264503479,0.16363635659217834,0.0,0.9999999403953552,-0.5075548887252808,0.05263157933950424
pit_b_224,81,ILSVRC2012_val_00028835.JPEG,stage3_block2,cls,transformers[2].blocks[2] input (=block[1] output),8,8,10,812,813,False,False,0.10343404859304428,0.3617021143436432,0.1764705926179886,1.0,0.1835164725780487,0.05263157933950424
pit_b_224,82,ILSVRC2012_val_00028870.JPEG,stage3_block2,cls,transformers[2].blocks[2] input (=block[1] output),8,8,10,261,262,False,False,-0.1546703279018402,0.3913043439388275,0.1111111119389534,0.9999998807907104,0.15641023218631744,0.1111111119389534
pit_b_224,83,ILSVRC2012_val_00028887.JPEG,stage3_block2,cls,transformers[2].blocks[2] input (=block[1] output),8,8,10,740,741,False,False,-0.3026098906993866,0.2800000011920929,0.05263157933950424,1.0,-0.0724358856678009,0.05263157933950424
pit_b_224,84,ILSVRC2012_val_00028920.JPEG,stage3_block2,cls,transformers[2].blocks[2] input (=block[1] output),8,8,10,133,134,False,False,0.3036629855632782,0.2800000011920929,0.05263157933950424,0.9999999403953552,0.3922618627548218,0.1111111119389534
pit_b_224,85,ILSVRC2012_val_00029045.JPEG,stage3_block2,cls,transformers[2].blocks[2] input (=block[1] output),8,8,10,528,529,False,False,0.13415749371051788,0.4883720874786377,0.0,0.9999999403953552,0.07435895502567291,0.1111111119389534
pit_b_224,86,ILSVRC2012_val_00029093.JPEG,stage3_block2,cls,transformers[2].blocks[2] input (=block[1] output),8,8,10,700,701,False,False,-0.09381868690252304,0.3617021143436432,0.05263157933950424,0.9999999403953552,-0.01648351550102234,0.0
pit_b_224,87,ILSVRC2012_val_00029125.JPEG,stage3_block2,cls,transformers[2].blocks[2] input (=block[1] output),8,8,10,766,767,False,False,0.13754576444625854,0.2800000011920929,0.0,0.9999998807907104,0.05599816143512726,0.05263157933950424
pit_b_224,88,ILSVRC2012_val_00029127.JPEG,stage3_block2,cls,transformers[2].blocks[2] input (=block[1] output),8,8,10,196,197,False,False,-0.4665750563144684,0.12280701845884323,0.0,0.9999999403953552,0.5210622549057007,0.4285714328289032
pit_b_224,89,ILSVRC2012_val_00029156.JPEG,stage3_block2,cls,transformers[2].blocks[2] input (=block[1] output),8,8,10,77,78,False,False,-0.3113095164299011,0.2549019753932953,0.0,0.9999999403953552,0.23205126821994781,0.0
pit_b_224,90,ILSVRC2012_val_00029183.JPEG,stage3_block2,cls,transformers[2].blocks[2] input (=block[1] output),8,8,10,696,697,False,False,-0.48154759407043457,0.18518517911434174,0.0,1.0,-0.06039378046989441,0.1111111119389534
pit_b_224,91,ILSVRC2012_val_00029207.JPEG,stage3_block2,cls,transformers[2].blocks[2] input (=block[1] output),8,8,10,355,356,False,False,-0.4224358797073364,0.3913043439388275,0.0,0.9999998807907104,0.3186812996864319,0.25
pit_b_224,92,ILSVRC2012_val_00029208.JPEG,stage3_block2,cls,transformers[2].blocks[2] input (=block[1] output),8,8,10,75,76,False,False,-0.0684523656964302,0.3913043439388275,0.0,0.9999998807907104,-0.15444138646125793,0.0
pit_b_224,93,ILSVRC2012_val_00029572.JPEG,stage3_block2,cls,transformers[2].blocks[2] input (=block[1] output),8,8,10,909,910,False,False,0.3402014374732971,0.23076923191547394,0.1111111119389534,0.9999999403953552,0.8193680047988892,0.3333333432674408
pit_b_224,94,ILSVRC2012_val_00029594.JPEG,stage3_block2,cls,transformers[2].blocks[2] input (=block[1] output),8,8,10,659,660,False,False,-0.20109888911247253,0.2800000011920929,0.0,1.0,0.24967949092388153,0.1764705926179886
pit_b_224,95,ILSVRC2012_val_00029709.JPEG,stage3_block2,cls,transformers[2].blocks[2] input (=block[1] output),8,8,10,12,13,False,False,-0.7878662347793579,0.12280701845884323,0.0,0.9999998807907104,0.6326006650924683,0.1764705926179886
pit_b_224,96,ILSVRC2012_val_00029714.JPEG,stage3_block2,cls,transformers[2].blocks[2] input (=block[1] output),8,8,10,935,936,False,False,0.12248167395591736,0.3333333432674408,0.1111111119389534,0.9999998807907104,-0.45595234632492065,0.0
pit_b_224,97,ILSVRC2012_val_00029737.JPEG,stage3_block2,cls,transformers[2].blocks[2] input (=block[1] output),8,8,10,407,408,False,False,-0.0054029375314712524,0.2549019753932953,0.05263157933950424,1.0,0.13960620760917664,0.0
pit_b_224,98,ILSVRC2012_val_00029766.JPEG,stage3_block2,cls,transformers[2].blocks[2] input (=block[1] output),8,8,10,897,898,False,False,0.016575098037719727,0.16363635659217834,0.05263157933950424,0.9999999403953552,0.45009154081344604,0.3333333432674408
pit_b_224,99,ILSVRC2012_val_00029780.JPEG,stage3_block2,cls,transformers[2].blocks[2] input (=block[1] output),8,8,10,434,435,True,False,-0.023763738572597504,0.3333333432674408,0.1111111119389534,0.9999999403953552,-0.005723431706428528,0.1764705926179886
pit_b_224,100,ILSVRC2012_val_00029781.JPEG,stage3_block2,cls,transformers[2].blocks[2] input (=block[1] output),8,8,10,643,644,True,False,0.0941849797964096,0.2549019753932953,0.1764705926179886,0.9999999403953552,0.7521061301231384,0.0
pit_b_224,101,ILSVRC2012_val_00029802.JPEG,stage3_block2,cls,transformers[2].blocks[2] input (=block[1] output),8,8,10,772,773,False,False,-0.6779303550720215,0.16363635659217834,0.0,0.9999999403953552,-0.18608054518699646,0.1111111119389534
pit_b_224,102,ILSVRC2012_val_00029828.JPEG,stage3_block2,cls,transformers[2].blocks[2] input (=block[1] output),8,8,10,502,503,False,False,-0.7267856597900391,0.1034482792019844,0.0,0.9999999403953552,0.33017396926879883,0.1111111119389534
pit_b_224,103,ILSVRC2012_val_00029884.JPEG,stage3_block2,cls,transformers[2].blocks[2] input (=block[1] output),8,8,10,672,673,False,False,-0.21891024708747864,0.2800000011920929,0.0,0.9999999403953552,0.598672091960907,0.4285714328289032
pit_b_224,104,ILSVRC2012_val_00029885.JPEG,stage3_block2,cls,transformers[2].blocks[2] input (=block[1] output),8,8,10,135,136,False,True,0.007646530866622925,0.42222222685813904,0.0,0.9999999403953552,-0.46195054054260254,0.5384615659713745
pit_b_224,105,ILSVRC2012_val_00029919.JPEG,stage3_block2,cls,transformers[2].blocks[2] input (=block[1] output),8,8,10,954,955,False,True,-0.5696885585784912,0.16363635659217834,0.0,0.9999999403953552,-0.27628201246261597,0.1764705926179886
pit_b_224,106,ILSVRC2012_val_00029967.JPEG,stage3_block2,cls,transformers[2].blocks[2] input (=block[1] output),8,8,10,999,0,False,True,0.09908425062894821,0.42222222685813904,0.05263157933950424,0.9999999403953552,-0.47678568959236145,0.4285714328289032
pit_b_224,107,ILSVRC2012_val_00029975.JPEG,stage3_block2,cls,transformers[2].blocks[2] input (=block[1] output),8,8,10,615,616,False,False,-0.21497252583503723,0.3617021143436432,0.1111111119389534,1.0,0.4764651656150818,0.1111111119389534
pit_b_224,108,ILSVRC2012_val_00030022.JPEG,stage3_block2,cls,transformers[2].blocks[2] input (=block[1] output),8,8,10,384,385,False,False,-0.0074175819754600525,0.3913043439388275,0.0,0.9999999403953552,-0.12646520137786865,0.0
pit_b_224,109,ILSVRC2012_val_00030088.JPEG,stage3_block2,cls,transformers[2].blocks[2] input (=block[1] output),8,8,10,174,175,False,False,-0.14867213368415833,0.30612245202064514,0.0,0.9999999403953552,-0.43823254108428955,0.1111111119389534
pit_b_224,110,ILSVRC2012_val_00030198.JPEG,stage3_block2,cls,transformers[2].blocks[2] input (=block[1] output),8,8,10,916,917,False,False,0.14739009737968445,0.523809552192688,0.05263157933950424,0.9999999403953552,0.28649264574050903,0.0
pit_b_224,111,ILSVRC2012_val_00030262.JPEG,stage3_block2,cls,transformers[2].blocks[2] input (=block[1] output),8,8,10,753,754,False,False,-0.37669411301612854,0.30612245202064514,0.0,1.0,-0.46465200185775757,0.1111111119389534
pit_b_224,112,ILSVRC2012_val_00030295.JPEG,stage3_block2,cls,transformers[2].blocks[2] input (=block[1] output),8,8,10,709,710,False,False,-0.11277471482753754,0.3333333432674408,0.1111111119389534,0.9999999403953552,-0.1835164725780487,0.05263157933950424
pit_b_224,113,ILSVRC2012_val_00030305.JPEG,stage3_block2,cls,transformers[2].blocks[2] input (=block[1] output),8,8,10,274,275,False,False,-0.10242674499750137,0.4883720874786377,0.0,0.9999999403953552,-0.2849816679954529,0.0
pit_b_224,114,ILSVRC2012_val_00030443.JPEG,stage3_block2,cls,transformers[2].blocks[2] input (=block[1] output),8,8,10,866,867,False,False,-0.5086537599563599,0.2075471729040146,0.0,1.0,0.3939560651779175,0.3333333432674408
pit_b_224,115,ILSVRC2012_val_00030453.JPEG,stage3_block2,cls,transformers[2].blocks[2] input (=block[1] output),8,8,10,433,434,False,False,-0.10782964527606964,0.2800000011920929,0.1111111119389534,0.9999999403953552,0.23145604133605957,0.1111111119389534
pit_b_224,116,ILSVRC2012_val_00030500.JPEG,stage3_block2,cls,transformers[2].blocks[2] input (=block[1] output),8,8,10,102,103,False,False,0.3355768918991089,0.4883720874786377,0.0,1.0,0.5649267435073853,0.6666666865348816
pit_b_224,117,ILSVRC2012_val_00030718.JPEG,stage3_block2,cls,transformers[2].blocks[2] input (=block[1] output),8,8,10,494,495,False,False,-0.4346611201763153,0.42222222685813904,0.0,1.0,0.5615384578704834,0.1764705926179886
pit_b_224,118,ILSVRC2012_val_00030719.JPEG,stage3_block2,cls,transformers[2].blocks[2] input (=block[1] output),8,8,10,55,56,False,False,0.005173996090888977,0.4883720874786377,0.05263157933950424,1.0,0.09221610426902771,0.0
pit_b_224,119,ILSVRC2012_val_00030809.JPEG,stage3_block2,cls,transformers[2].blocks[2] input (=block[1] output),8,8,10,780,781,False,False,0.07852563261985779,0.4545454680919647,0.0,1.0,-0.25554025173187256,0.05263157933950424
pit_b_224,120,ILSVRC2012_val_00030891.JPEG,stage3_block2,cls,transformers[2].blocks[2] input (=block[1] output),8,8,10,82,83,False,False,-0.3922618627548218,0.4545454680919647,0.25,0.9999999403953552,0.11478937417268753,0.1764705926179886
pit_b_224,121,ILSVRC2012_val_00030915.JPEG,stage3_block2,cls,transformers[2].blocks[2] input (=block[1] output),8,8,10,180,181,False,False,-0.1131867915391922,0.2800000011920929,0.05263157933950424,0.9999999403953552,-0.20920327305793762,0.0
pit_b_224,122,ILSVRC2012_val_00030940.JPEG,stage3_block2,cls,transformers[2].blocks[2] input (=block[1] output),8,8,10,131,132,False,False,-0.5133241415023804,0.23076923191547394,0.0,0.9999998807907104,0.3681318461894989,0.05263157933950424
pit_b_224,123,ILSVRC2012_val_00030991.JPEG,stage3_block2,cls,transformers[2].blocks[2] input (=block[1] output),8,8,10,349,350,False,False,-0.48965197801589966,0.18518517911434174,0.0,0.9999999403953552,-0.04624541476368904,0.1111111119389534
pit_b_224,124,ILSVRC2012_val_00031127.JPEG,stage3_block2,cls,transformers[2].blocks[2] input (=block[1] output),8,8,10,198,199,False,False,-0.32417580485343933,0.2549019753932953,0.0,1.0,-0.48864465951919556,0.0
pit_b_224,125,ILSVRC2012_val_00031152.JPEG,stage3_block2,cls,transformers[2].blocks[2] input (=block[1] output),8,8,10,633,634,False,False,-0.7012820243835449,0.1034482792019844,0.0,0.9999999403953552,0.12820513546466827,0.3333333432674408
pit_b_224,126,ILSVRC2012_val_00031252.JPEG,stage3_block2,cls,transformers[2].blocks[2] input (=block[1] output),8,8,10,228,229,False,True,-0.11433149874210358,0.3333333432674408,0.0,0.9999999403953552,0.16300363838672638,0.0
pit_b_224,127,ILSVRC2012_val_00031328.JPEG,stage3_block2,cls,transformers[2].blocks[2] input (=block[1] output),8,8,10,440,441,False,False,-0.2499084174633026,0.30612245202064514,0.0,0.9999999403953552,0.28516483306884766,0.1111111119389534
visformer_small,0,ILSVRC2012_val_00024479.JPEG,stage3_block2,gap,stage3[2] input (=stage3[1] output),7,7,7,793,794,False,False,0.3837755024433136,0.5,0.0,1.0,-0.12724488973617554,0.0
visformer_small,1,ILSVRC2012_val_00024540.JPEG,stage3_block2,gap,stage3[2] input (=stage3[1] output),7,7,7,613,614,False,False,0.7808163166046143,0.7777777910232544,0.4000000059604645,1.0,0.15040816366672516,0.1666666716337204
visformer_small,2,ILSVRC2012_val_00024550.JPEG,stage3_block2,gap,stage3[2] input (=stage3[1] output),7,7,7,656,657,False,False,0.5784693956375122,0.5483871102333069,0.0,1.0,0.22653064131736755,0.0
visformer_small,3,ILSVRC2012_val_00024609.JPEG,stage3_block2,gap,stage3[2] input (=stage3[1] output),7,7,7,68,69,False,False,0.7284693717956543,0.6000000238418579,0.1666666716337204,1.0,-0.19448980689048767,0.0
visformer_small,4,ILSVRC2012_val_00024637.JPEG,stage3_block2,gap,stage3[2] input (=stage3[1] output),7,7,7,203,204,False,False,0.5353060960769653,0.5,0.27272728085517883,1.0,0.32826530933380127,0.0
visformer_small,5,ILSVRC2012_val_00024710.JPEG,stage3_block2,gap,stage3[2] input (=stage3[1] output),7,7,7,974,975,False,False,0.8580611944198608,0.8461538553237915,0.1666666716337204,1.0,-0.1361224502325058,0.0
visformer_small,6,ILSVRC2012_val_00024753.JPEG,stage3_block2,gap,stage3[2] input (=stage3[1] output),7,7,7,51,52,False,False,0.6732653379440308,0.6000000238418579,0.1666666716337204,1.0,0.7109184265136719,0.4000000059604645
visformer_small,7,ILSVRC2012_val_00024781.JPEG,stage3_block2,gap,stage3[2] input (=stage3[1] output),7,7,7,782,783,False,False,0.20632651448249817,0.37142857909202576,0.07692307978868484,1.0,-0.5552040338516235,0.0
visformer_small,8,ILSVRC2012_val_00024926.JPEG,stage3_block2,gap,stage3[2] input (=stage3[1] output),7,7,7,373,374,False,False,0.7270408272743225,0.7777777910232544,0.07692307978868484,1.0,0.8714286088943481,0.27272728085517883
visformer_small,9,ILSVRC2012_val_00025075.JPEG,stage3_block2,gap,stage3[2] input (=stage3[1] output),7,7,7,129,130,False,False,0.6875510215759277,0.7777777910232544,0.27272728085517883,1.0,0.0895918607711792,0.07692307978868484
visformer_small,10,ILSVRC2012_val_00025315.JPEG,stage3_block2,gap,stage3[2] input (=stage3[1] output),7,7,7,333,334,False,False,0.7009183764457703,0.8461538553237915,0.07692307978868484,1.0,0.007448971271514893,0.07692307978868484
visformer_small,11,ILSVRC2012_val_00025390.JPEG,stage3_block2,gap,stage3[2] input (=stage3[1] output),7,7,7,932,933,False,False,0.4717347025871277,0.6000000238418579,0.07692307978868484,1.0,-0.5927550792694092,0.0
visformer_small,12,ILSVRC2012_val_00025402.JPEG,stage3_block2,gap,stage3[2] input (=stage3[1] output),7,7,7,500,501,False,False,0.8739795684814453,0.9200000166893005,0.1666666716337204,1.0,0.8039796352386475,0.5555555820465088
visformer_small,13,ILSVRC2012_val_00025408.JPEG,stage3_block2,gap,stage3[2] input (=stage3[1] output),7,7,7,669,670,False,False,0.813265323638916,0.7142857313156128,0.27272728085517883,1.0,0.7266325950622559,0.5555555820465088
visformer_small,14,ILSVRC2012_val_00025416.JPEG,stage3_block2,gap,stage3[2] input (=stage3[1] output),7,7,7,569,570,False,False,0.6790816187858582,0.7777777910232544,0.27272728085517883,1.0,0.7523469924926758,0.4000000059604645
visformer_small,15,ILSVRC2012_val_00025440.JPEG,stage3_block2,gap,stage3[2] input (=stage3[1] output),7,7,7,987,988,False,False,0.781632661819458,0.8461538553237915,0.0,1.0,0.5483673214912415,0.1666666716337204
visformer_small,16,ILSVRC2012_val_00025446.JPEG,stage3_block2,gap,stage3[2] input (=stage3[1] output),7,7,7,994,995,False,False,0.5810204148292542,0.5,0.0,1.0,-0.10499998927116394,0.0
visformer_small,17,ILSVRC2012_val_00025563.JPEG,stage3_block2,gap,stage3[2] input (=stage3[1] output),7,7,7,691,692,False,False,0.4032652974128723,0.5483871102333069,0.07692307978868484,1.0,-0.39510205388069153,0.0
visformer_small,18,ILSVRC2012_val_00025800.JPEG,stage3_block2,gap,stage3[2] input (=stage3[1] output),7,7,7,390,391,False,False,0.46173471212387085,0.5,0.07692307978868484,1.0,0.01846938580274582,0.0
visformer_small,19,ILSVRC2012_val_00025844.JPEG,stage3_block2,gap,stage3[2] input (=stage3[1] output),7,7,7,616,617,False,False,0.7759183645248413,0.7777777910232544,0.4000000059604645,1.0,0.1586734801530838,0.4000000059604645
visformer_small,20,ILSVRC2012_val_00025851.JPEG,stage3_block2,gap,stage3[2] input (=stage3[1] output),7,7,7,251,252,False,False,0.7746938467025757,0.6551724076271057,0.1666666716337204,1.0,-0.7885714769363403,0.0
visformer_small,21,ILSVRC2012_val_00025907.JPEG,stage3_block2,gap,stage3[2] input (=stage3[1] output),7,7,7,837,838,False,False,0.35632652044296265,0.5483871102333069,0.1666666716337204,1.0,0.6124489903450012,0.1666666716337204
visformer_small,22,ILSVRC2012_val_00025989.JPEG,stage3_block2,gap,stage3[2] input (=stage3[1] output),7,7,7,621,622,False,False,0.6904082298278809,0.5483871102333069,0.1666666716337204,1.0,0.22020408511161804,0.27272728085517883
visformer_small,23,ILSVRC2012_val_00026068.JPEG,stage3_block2,gap,stage3[2] input (=stage3[1] output),7,7,7,95,96,False,False,0.17071428894996643,0.29729729890823364,0.1666666716337204,1.0,0.6960204839706421,0.0
visformer_small,24,ILSVRC2012_val_00026088.JPEG,stage3_block2,gap,stage3[2] input (=stage3[1] output),7,7,7,684,685,False,False,0.7862244844436646,0.6551724076271057,0.4000000059604645,1.0,0.5132653117179871,0.27272728085517883
visformer_small,25,ILSVRC2012_val_00026113.JPEG,stage3_block2,gap,stage3[2] input (=stage3[1] output),7,7,7,509,510,False,False,0.8816326260566711,0.7777777910232544,0.4000000059604645,1.0,0.5082652568817139,0.1666666716337204
visformer_small,26,ILSVRC2012_val_00026139.JPEG,stage3_block2,gap,stage3[2] input (=stage3[1] output),7,7,7,127,128,False,False,0.2014285773038864,0.4117647111415863,0.0,1.0,0.3142857551574707,0.27272728085517883
visformer_small,27,ILSVRC2012_val_00026145.JPEG,stage3_block2,gap,stage3[2] input (=stage3[1] output),7,7,7,527,528,False,False,0.6492857336997986,0.6000000238418579,0.27272728085517883,1.0,0.17091837525367737,0.07692307978868484
visformer_small,28,ILSVRC2012_val_00026189.JPEG,stage3_block2,gap,stage3[2] input (=stage3[1] output),7,7,7,404,405,False,False,0.5211224555969238,0.6000000238418579,0.07692307978868484,1.0,0.018775518983602524,0.0
visformer_small,29,ILSVRC2012_val_00026202.JPEG,stage3_block2,gap,stage3[2] input (=stage3[1] output),7,7,7,35,36,False,False,0.44326531887054443,0.5,0.0,1.0,0.6192857027053833,0.07692307978868484
visformer_small,30,ILSVRC2012_val_00026226.JPEG,stage3_block2,gap,stage3[2] input (=stage3[1] output),7,7,7,549,550,False,False,0.3927551507949829,0.4545454680919647,0.1666666716337204,1.0,-0.18469387292861938,0.0
visformer_small,31,ILSVRC2012_val_00026280.JPEG,stage3_block2,gap,stage3[2] input (=stage3[1] output),7,7,7,408,409,False,False,0.5400000214576721,0.7142857313156128,0.1666666716337204,1.0,-0.36306121945381165,0.07692307978868484
visformer_small,32,ILSVRC2012_val_00026315.JPEG,stage3_block2,gap,stage3[2] input (=stage3[1] output),7,7,7,804,805,False,False,0.7604081630706787,0.7142857313156128,0.07692307978868484,1.0,0.3878571689128876,0.27272728085517883
visformer_small,33,ILSVRC2012_val_00026328.JPEG,stage3_block2,gap,stage3[2] input (=stage3[1] output),7,7,7,422,423,False,False,0.5290816426277161,0.5483871102333069,0.0,1.0,0.4309183955192566,0.27272728085517883
visformer_small,34,ILSVRC2012_val_00026332.JPEG,stage3_block2,gap,stage3[2] input (=stage3[1] output),7,7,7,473,474,False,False,-0.02336733043193817,0.2631579041481018,0.07692307978868484,1.0,0.6117346882820129,0.27272728085517883
visformer_small,35,ILSVRC2012_val_00026390.JPEG,stage3_block2,gap,stage3[2] input (=stage3[1] output),7,7,7,341,342,False,False,0.4300000071525574,0.5,0.07692307978868484,1.0,0.541020393371582,0.4000000059604645
visformer_small,36,ILSVRC2012_val_00026397.JPEG,stage3_block2,gap,stage3[2] input (=stage3[1] output),7,7,7,0,1,False,False,0.7359183430671692,0.7142857313156128,0.27272728085517883,1.0,0.5970408320426941,0.27272728085517883
visformer_small,37,ILSVRC2012_val_00026436.JPEG,stage3_block2,gap,stage3[2] input (=stage3[1] output),7,7,7,733,734,False,False,0.1599999964237213,0.4117647111415863,0.07692307978868484,1.0,0.22357141971588135,0.07692307978868484
visformer_small,38,ILSVRC2012_val_00026490.JPEG,stage3_block2,gap,stage3[2] input (=stage3[1] output),7,7,7,4,5,False,False,0.727959156036377,0.7142857313156128,0.0,1.0,-0.41897958517074585,0.0
visformer_small,39,ILSVRC2012_val_00026510.JPEG,stage3_block2,gap,stage3[2] input (=stage3[1] output),7,7,7,140,141,False,False,0.6617347002029419,0.7142857313156128,0.07692307978868484,1.0,0.19795918464660645,0.0
visformer_small,40,ILSVRC2012_val_00026559.JPEG,stage3_block2,gap,stage3[2] input (=stage3[1] output),7,7,7,891,892,False,False,0.7866326570510864,1.0,0.4000000059604645,1.0,-0.19112244248390198,0.0
visformer_small,41,ILSVRC2012_val_00026627.JPEG,stage3_block2,gap,stage3[2] input (=stage3[1] output),7,7,7,401,402,False,False,0.6981632709503174,0.7142857313156128,0.4000000059604645,1.0,0.12377550452947617,0.1666666716337204
visformer_small,42,ILSVRC2012_val_00026692.JPEG,stage3_block2,gap,stage3[2] input (=stage3[1] output),7,7,7,165,166,False,False,0.6965305805206299,0.7142857313156128,0.07692307978868484,1.0,0.4086734652519226,0.1666666716337204
visformer_small,43,ILSVRC2012_val_00026737.JPEG,stage3_block2,gap,stage3[2] input (=stage3[1] output),7,7,7,371,372,False,False,0.4325510263442993,0.5483871102333069,0.0,1.0,-0.11704079806804657,0.07692307978868484
visformer_small,44,ILSVRC2012_val_00026743.JPEG,stage3_block2,gap,stage3[2] input (=stage3[1] output),7,7,7,717,718,False,False,0.6116326451301575,0.6000000238418579,0.07692307978868484,1.0,-0.6598979830741882,0.0
visformer_small,45,ILSVRC2012_val_00026754.JPEG,stage3_block2,gap,stage3[2] input (=stage3[1] output),7,7,7,880,881,False,False,0.32030612230300903,0.4545454680919647,0.07692307978868484,1.0,0.019489794969558716,0.0
visformer_small,46,ILSVRC2012_val_00026803.JPEG,stage3_block2,gap,stage3[2] input (=stage3[1] output),7,7,7,205,206,False,False,0.677142858505249,0.6551724076271057,0.1666666716337204,1.0,0.6184693574905396,0.27272728085517883
visformer_small,47,ILSVRC2012_val_00026901.JPEG,stage3_block2,gap,stage3[2] input (=stage3[1] output),7,7,7,41,42,False,False,-0.03163266181945801,0.37142857909202576,0.07692307978868484,1.0,0.054081641137599945,0.0
visformer_small,48,ILSVRC2012_val_00026916.JPEG,stage3_block2,gap,stage3[2] input (=stage3[1] output),7,7,7,859,860,False,False,0.6014286279678345,0.6551724076271057,0.1666666716337204,1.0,0.6641836762428284,0.1666666716337204
visformer_small,49,ILSVRC2012_val_00026925.JPEG,stage3_block2,gap,stage3[2] input (=stage3[1] output),7,7,7,118,119,False,False,0.8198980093002319,0.8461538553237915,0.27272728085517883,1.0,0.42765307426452637,0.27272728085517883
visformer_small,50,ILSVRC2012_val_00026972.JPEG,stage3_block2,gap,stage3[2] input (=stage3[1] output),7,7,7,750,751,False,False,0.776938796043396,0.7777777910232544,0.07692307978868484,1.0,0.8262245059013367,0.4000000059604645
visformer_small,51,ILSVRC2012_val_00027124.JPEG,stage3_block2,gap,stage3[2] input (=stage3[1] output),7,7,7,264,265,False,False,0.686530590057373,0.7142857313156128,0.27272728085517883,1.0,-0.07795917987823486,0.27272728085517883
visformer_small,52,ILSVRC2012_val_00027141.JPEG,stage3_block2,gap,stage3[2] input (=stage3[1] output),7,7,7,894,895,False,False,0.6989796161651611,0.6551724076271057,0.27272728085517883,1.0,-0.19602039456367493,0.07692307978868484
visformer_small,53,ILSVRC2012_val_00027148.JPEG,stage3_block2,gap,stage3[2] input (=stage3[1] output),7,7,7,61,62,False,False,0.7963265180587769,0.8461538553237915,0.1666666716337204,1.0,0.33642855286598206,0.07692307978868484
visformer_small,54,ILSVRC2012_val_00027201.JPEG,stage3_block2,gap,stage3[2] input (=stage3[1] output),7,7,7,694,695,False,False,0.5662244558334351,0.6000000238418579,0.1666666716337204,1.0,-0.0011224448680877686,0.07692307978868484
visformer_small,55,ILSVRC2012_val_00027287.JPEG,stage3_block2,gap,stage3[2] input (=stage3[1] output),7,7,7,445,446,False,False,0.08734691143035889,0.4117647111415863,0.0,1.0,0.38285714387893677,0.1666666716337204
visformer_small,56,ILSVRC2012_val_00027348.JPEG,stage3_block2,gap,stage3[2] input (=stage3[1] output),7,7,7,164,165,False,False,0.5610204339027405,0.6551724076271057,0.0,1.0,0.23061226308345795,0.0
visformer_small,57,ILSVRC2012_val_00027385.JPEG,stage3_block2,gap,stage3[2] input (=stage3[1] output),7,7,7,497,498,False,False,0.7652040719985962,0.7142857313156128,0.4000000059604645,1.0,0.0015306323766708374,0.0
visformer_small,58,ILSVRC2012_val_00027498.JPEG,stage3_block2,gap,stage3[2] input (=stage3[1] output),7,7,7,14,15,False,False,0.30244898796081543,0.4117647111415863,0.07692307978868484,1.0,-0.15183672308921814,0.0
visformer_small,59,ILSVRC2012_val_00027530.JPEG,stage3_block2,gap,stage3[2] input (=stage3[1] output),7,7,7,985,986,False,False,0.6971428394317627,0.6551724076271057,0.27272728085517883,1.0,-0.03183673322200775,0.0
visformer_small,60,ILSVRC2012_val_00027633.JPEG,stage3_block2,gap,stage3[2] input (=stage3[1] output),7,7,7,5,6,False,False,0.7430612444877625,0.6000000238418579,0.27272728085517883,1.0,0.868775486946106,0.4000000059604645
visformer_small,61,ILSVRC2012_val_00027636.JPEG,stage3_block2,gap,stage3[2] input (=stage3[1] output),7,7,7,648,649,False,False,0.4124489426612854,0.5,0.07692307978868484,1.0,0.24857144057750702,0.07692307978868484
visformer_small,62,ILSVRC2012_val_00027657.JPEG,stage3_block2,gap,stage3[2] input (=stage3[1] output),7,7,7,104,105,False,False,0.40071430802345276,0.37142857909202576,0.07692307978868484,0.9999999403953552,0.9195917844772339,0.5555555820465088
visformer_small,63,ILSVRC2012_val_00027790.JPEG,stage3_block2,gap,stage3[2] input (=stage3[1] output),7,7,7,66,67,False,False,0.5827550888061523,0.5483871102333069,0.07692307978868484,0.9999999403953552,0.6891837120056152,0.1666666716337204
visformer_small,64,ILSVRC2012_val_00027793.JPEG,stage3_block2,gap,stage3[2] input (=stage3[1] output),7,7,7,848,849,False,False,0.7410204410552979,0.6551724076271057,0.27272728085517883,1.0,-0.36540818214416504,0.1666666716337204
visformer_small,65,ILSVRC2012_val_00027955.JPEG,stage3_block2,gap,stage3[2] input (=stage3[1] output),7,7,7,354,355,False,False,0.6728571653366089,0.7142857313156128,0.0,1.0,0.3584693968296051,0.1666666716337204
visformer_small,66,ILSVRC2012_val_00028029.JPEG,stage3_block2,gap,stage3[2] input (=stage3[1] output),7,7,7,930,931,False,False,0.733367383480072,0.7142857313156128,0.1666666716337204,1.0,0.5312244892120361,0.1666666716337204
visformer_small,67,ILSVRC2012_val_00028103.JPEG,stage3_block2,gap,stage3[2] input (=stage3[1] output),7,7,7,233,234,False,False,0.6451020240783691,0.5483871102333069,0.07692307978868484,1.0,0.23816326260566711,0.1666666716337204
visformer_small,68,ILSVRC2012_val_00028201.JPEG,stage3_block2,gap,stage3[2] input (=stage3[1] output),7,7,7,844,845,False,False,0.6714285612106323,0.6551724076271057,0.07692307978868484,1.0,-0.2887755036354065,0.0
visformer_small,69,ILSVRC2012_val_00028333.JPEG,stage3_block2,gap,stage3[2] input (=stage3[1] output),7,7,7,637,638,False,False,0.6674489974975586,0.7142857313156128,0.1666666716337204,1.0,-0.5077551007270813,0.0
visformer_small,70,ILSVRC2012_val_00028359.JPEG,stage3_block2,gap,stage3[2] input (=stage3[1] output),7,7,7,448,449,False,False,0.8363264799118042,0.7777777910232544,0.4000000059604645,1.0,0.634387731552124,0.4000000059604645
visformer_small,71,ILSVRC2012_val_00028377.JPEG,stage3_block2,gap,stage3[2] input (=stage3[1] output),7,7,7,653,654,False,False,0.5483673214912415,0.7142857313156128,0.27272728085517883,1.0,0.28520408272743225,0.0
visformer_small,72,ILSVRC2012_val_00028502.JPEG,stage3_block2,gap,stage3[2] input (=stage3[1] output),7,7,7,498,499,False,False,-0.06734692305326462,0.37142857909202576,0.07692307978868484,1.0,-0.31622451543807983,0.0
visformer_small,73,ILSVRC2012_val_00028524.JPEG,stage3_block2,gap,stage3[2] input (=stage3[1] output),7,7,7,17,18,False,False,0.4518367350101471,0.6551724076271057,0.1666666716337204,1.0,0.1509183794260025,0.0
visformer_small,74,ILSVRC2012_val_00028528.JPEG,stage3_block2,gap,stage3[2] input (=stage3[1] output),7,7,7,716,717,False,False,0.8141837120056152,0.8461538553237915,0.4000000059604645,1.0,0.0650000274181366,0.0
visformer_small,75,ILSVRC2012_val_00028576.JPEG,stage3_block2,gap,stage3[2] input (=stage3[1] output),7,7,7,596,597,False,False,0.18183672428131104,0.4545454680919647,0.0,1.0,0.4976530075073242,0.0
visformer_small,76,ILSVRC2012_val_00028592.JPEG,stage3_block2,gap,stage3[2] input (=stage3[1] output),7,7,7,551,552,False,False,0.6862244606018066,0.5483871102333069,0.5555555820465088,1.0,0.06663268804550171,0.1666666716337204
visformer_small,77,ILSVRC2012_val_00028608.JPEG,stage3_block2,gap,stage3[2] input (=stage3[1] output),7,7,7,730,731,False,False,0.8210203647613525,0.8461538553237915,0.1666666716337204,1.0,0.8962244987487793,0.07692307978868484
visformer_small,78,ILSVRC2012_val_00028696.JPEG,stage3_block2,gap,stage3[2] input (=stage3[1] output),7,7,7,597,598,False,False,0.8058162927627563,0.7777777910232544,0.07692307978868484,1.0,0.5103061199188232,0.27272728085517883
visformer_small,79,ILSVRC2012_val_00028779.JPEG,stage3_block2,gap,stage3[2] input (=stage3[1] output),7,7,7,74,75,False,False,0.66132652759552,0.6551724076271057,0.1666666716337204,1.0,-0.04295916110277176,0.0
visformer_small,80,ILSVRC2012_val_00028825.JPEG,stage3_block2,gap,stage3[2] input (=stage3[1] output),7,7,7,344,345,False,False,0.5978571772575378,0.6551724076271057,0.07692307978868484,1.0,0.5841836333274841,0.1666666716337204
visformer_small,81,ILSVRC2012_val_00028835.JPEG,stage3_block2,gap,stage3[2] input (=stage3[1] output),7,7,7,812,813,False,False,0.8046938180923462,0.7777777910232544,0.4000000059604645,1.0,-0.48336732387542725,0.0
visformer_small,82,ILSVRC2012_val_00028870.JPEG,stage3_block2,gap,stage3[2] input (=stage3[1] output),7,7,7,261,262,False,False,0.7597959041595459,0.7777777910232544,0.07692307978868484,1.0,-0.13408163189888,0.0
visformer_small,83,ILSVRC2012_val_00028887.JPEG,stage3_block2,gap,stage3[2] input (=stage3[1] output),7,7,7,740,741,False,False,-0.12357144057750702,0.3333333432674408,0.07692307978868484,1.0,-0.07571427524089813,0.0
visformer_small,84,ILSVRC2012_val_00028920.JPEG,stage3_block2,gap,stage3[2] input (=stage3[1] output),7,7,7,133,134,False,False,-0.10428572446107864,0.4117647111415863,0.0,1.0,-0.2297959178686142,0.0
visformer_small,85,ILSVRC2012_val_00029045.JPEG,stage3_block2,gap,stage3[2] input (=stage3[1] output),7,7,7,528,529,False,False,0.25489795207977295,0.4545454680919647,0.0,1.0,0.8488775491714478,0.4000000059604645
visformer_small,86,ILSVRC2012_val_00029093.JPEG,stage3_block2,gap,stage3[2] input (=stage3[1] output),7,7,7,700,701,False,False,0.7582652568817139,0.7777777910232544,0.4000000059604645,1.0,-0.22867345809936523,0.0
visformer_small,87,ILSVRC2012_val_00029125.JPEG,stage3_block2,gap,stage3[2] input (=stage3[1] output),7,7,7,766,767,False,False,0.7805101871490479,0.7777777910232544,0.4000000059604645,1.0,0.6020407676696777,0.5555555820465088
visformer_small,88,ILSVRC2012_val_00029127.JPEG,stage3_block2,gap,stage3[2] input (=stage3[1] output),7,7,7,196,197,False,False,0.4100000262260437,0.4545454680919647,0.0,1.0,0.6567347049713135,0.5555555820465088
visformer_small,89,ILSVRC2012_val_00029156.JPEG,stage3_block2,gap,stage3[2] input (=stage3[1] output),7,7,7,77,78,False,False,0.7196938991546631,0.7777777910232544,0.0,1.0,-0.23663263022899628,0.0
visformer_small,90,ILSVRC2012_val_00029183.JPEG,stage3_block2,gap,stage3[2] input (=stage3[1] output),7,7,7,696,697,False,False,0.7302041053771973,0.7777777910232544,0.0,1.0,0.1819387823343277,0.4000000059604645
visformer_small,91,ILSVRC2012_val_00029207.JPEG,stage3_block2,gap,stage3[2] input (=stage3[1] output),7,7,7,355,356,False,False,0.8394898176193237,0.7142857313156128,0.27272728085517883,1.0,0.2994897961616516,0.4000000059604645
visformer_small,92,ILSVRC2012_val_00029208.JPEG,stage3_block2,gap,stage3[2] input (=stage3[1] output),7,7,7,75,76,False,False,0.7867347002029419,0.7142857313156128,0.07692307978868484,1.0,0.6837755441665649,0.75
visformer_small,93,ILSVRC2012_val_00029572.JPEG,stage3_block2,gap,stage3[2] input (=stage3[1] output),7,7,7,909,910,False,False,0.5541836619377136,0.5,0.27272728085517883,1.0,0.774387776851654,0.5555555820465088
visformer_small,94,ILSVRC2012_val_00029594.JPEG,stage3_block2,gap,stage3[2] input (=stage3[1] output),7,7,7,659,660,False,False,0.7604081630706787,0.7777777910232544,0.27272728085517883,1.0,0.4003061354160309,0.5555555820465088
visformer_small,95,ILSVRC2012_val_00029709.JPEG,stage3_block2,gap,stage3[2] input (=stage3[1] output),7,7,7,12,13,False,False,0.4278571605682373,0.4545454680919647,0.07692307978868484,1.0,-0.03653059899806976,0.1666666716337204
visformer_small,96,ILSVRC2012_val_00029714.JPEG,stage3_block2,gap,stage3[2] input (=stage3[1] output),7,7,7,935,936,False,False,0.5589796304702759,0.5483871102333069,0.1666666716337204,1.0,0.2849999964237213,0.0
visformer_small,97,ILSVRC2012_val_00029737.JPEG,stage3_block2,gap,stage3[2] input (=stage3[1] output),7,7,7,407,408,False,False,0.8842856884002686,0.8461538553237915,0.5555555820465088,1.0,-0.2692857086658478,0.0
visformer_small,98,ILSVRC2012_val_00029766.JPEG,stage3_block2,gap,stage3[2] input (=stage3[1] output),7,7,7,897,898,False,False,0.6139795780181885,0.6000000238418579,0.4000000059604645,1.0,0.8192857503890991,0.27272728085517883
visformer_small,99,ILSVRC2012_val_00029780.JPEG,stage3_block2,gap,stage3[2] input (=stage3[1] output),7,7,7,434,435,False,False,0.6239796280860901,0.5483871102333069,0.1666666716337204,1.0,-0.2052040845155716,0.0
visformer_small,100,ILSVRC2012_val_00029781.JPEG,stage3_block2,gap,stage3[2] input (=stage3[1] output),7,7,7,643,644,False,False,0.4877551198005676,0.5483871102333069,0.27272728085517883,1.0,0.09132653474807739,0.1666666716337204
visformer_small,101,ILSVRC2012_val_00029802.JPEG,stage3_block2,gap,stage3[2] input (=stage3[1] output),7,7,7,772,773,False,False,0.7743877172470093,0.7777777910232544,0.1666666716337204,1.0,0.03693878650665283,0.0
visformer_small,102,ILSVRC2012_val_00029828.JPEG,stage3_block2,gap,stage3[2] input (=stage3[1] output),7,7,7,502,503,False,False,0.7844898104667664,0.7777777910232544,0.07692307978868484,1.0,-0.3169387876987457,0.0
visformer_small,103,ILSVRC2012_val_00029884.JPEG,stage3_block2,gap,stage3[2] input (=stage3[1] output),7,7,7,672,673,False,False,0.8578571081161499,0.9200000166893005,0.07692307978868484,1.0,0.4076530337333679,0.4000000059604645
visformer_small,104,ILSVRC2012_val_00029885.JPEG,stage3_block2,gap,stage3[2] input (=stage3[1] output),7,7,7,135,136,False,False,0.1744897961616516,0.4545454680919647,0.0,1.0,-0.12683674693107605,0.0
visformer_small,105,ILSVRC2012_val_00029919.JPEG,stage3_block2,gap,stage3[2] input (=stage3[1] output),7,7,7,954,955,False,False,0.8161224126815796,0.9200000166893005,0.0,1.0,0.6711224317550659,0.1666666716337204
visformer_small,106,ILSVRC2012_val_00029967.JPEG,stage3_block2,gap,stage3[2] input (=stage3[1] output),7,7,7,999,0,False,False,-0.11408163607120514,0.20000000298023224,0.0,1.0,0.26867344975471497,0.0
visformer_small,107,ILSVRC2012_val_00029975.JPEG,stage3_block2,gap,stage3[2] input (=stage3[1] output),7,7,7,615,616,False,False,0.6933673620223999,0.6551724076271057,0.1666666716337204,1.0,0.8428571224212646,0.4000000059604645
visformer_small,108,ILSVRC2012_val_00030022.JPEG,stage3_block2,gap,stage3[2] input (=stage3[1] output),7,7,7,384,385,False,False,0.5659183859825134,0.6000000238418579,0.0,1.0,-0.25081631541252136,0.0
visformer_small,109,ILSVRC2012_val_00030088.JPEG,stage3_block2,gap,stage3[2] input (=stage3[1] output),7,7,7,174,175,False,False,0.7222449779510498,0.7777777910232544,0.27272728085517883,1.0,0.1630612164735794,0.07692307978868484
visformer_small,110,ILSVRC2012_val_00030198.JPEG,stage3_block2,gap,stage3[2] input (=stage3[1] output),7,7,7,916,917,False,False,0.8082652688026428,0.7777777910232544,0.1666666716337204,1.0,0.28122448921203613,0.27272728085517883
visformer_small,111,ILSVRC2012_val_00030262.JPEG,stage3_block2,gap,stage3[2] input (=stage3[1] output),7,7,7,753,754,False,False,0.8634693622589111,0.9200000166893005,0.4000000059604645,1.0,0.22346937656402588,0.1666666716337204
visformer_small,112,ILSVRC2012_val_00030295.JPEG,stage3_block2,gap,stage3[2] input (=stage3[1] output),7,7,7,709,710,False,False,0.785510241985321,0.7142857313156128,0.1666666716337204,1.0,-0.028469398617744446,0.07692307978868484
visformer_small,113,ILSVRC2012_val_00030305.JPEG,stage3_block2,gap,stage3[2] input (=stage3[1] output),7,7,7,274,275,False,False,0.7290816307067871,1.0,0.07692307978868484,1.0,0.8232653141021729,0.5555555820465088
visformer_small,114,ILSVRC2012_val_00030443.JPEG,stage3_block2,gap,stage3[2] input (=stage3[1] output),7,7,7,866,867,False,False,0.7142857313156128,0.5,0.4000000059604645,1.0,0.34346938133239746,0.1666666716337204
visformer_small,115,ILSVRC2012_val_00030453.JPEG,stage3_block2,gap,stage3[2] input (=stage3[1] output),7,7,7,433,434,False,False,0.7031632661819458,0.6551724076271057,0.07692307978868484,1.0,-0.6195918321609497,0.0
visformer_small,116,ILSVRC2012_val_00030500.JPEG,stage3_block2,gap,stage3[2] input (=stage3[1] output),7,7,7,102,103,False,False,0.7871428728103638,0.7777777910232544,0.07692307978868484,1.0,-0.6483673453330994,0.0
visformer_small,117,ILSVRC2012_val_00030718.JPEG,stage3_block2,gap,stage3[2] input (=stage3[1] output),7,7,7,494,495,False,False,0.7046938538551331,0.6551724076271057,0.4000000059604645,1.0,0.2596938908100128,0.27272728085517883
visformer_small,118,ILSVRC2012_val_00030719.JPEG,stage3_block2,gap,stage3[2] input (=stage3[1] output),7,7,7,55,56,False,False,0.7364286184310913,0.7142857313156128,0.1666666716337204,1.0,0.20826531946659088,0.0
visformer_small,119,ILSVRC2012_val_00030809.JPEG,stage3_block2,gap,stage3[2] input (=stage3[1] output),7,7,7,780,781,False,False,0.6633673906326294,0.7777777910232544,0.5555555820465088,1.0,-0.18826529383659363,0.0
visformer_small,120,ILSVRC2012_val_00030891.JPEG,stage3_block2,gap,stage3[2] input (=stage3[1] output),7,7,7,82,83,False,False,0.17877551913261414,0.4117647111415863,0.0,1.0,0.7846938967704773,0.4000000059604645
visformer_small,121,ILSVRC2012_val_00030915.JPEG,stage3_block2,gap,stage3[2] input (=stage3[1] output),7,7,7,180,181,False,False,-0.12275509536266327,0.29729729890823364,0.1666666716337204,1.0,-0.4227551221847534,0.0
visformer_small,122,ILSVRC2012_val_00030940.JPEG,stage3_block2,gap,stage3[2] input (=stage3[1] output),7,7,7,131,132,False,False,0.22836735844612122,0.4117647111415863,0.0,1.0,0.615408182144165,0.4000000059604645
visformer_small,123,ILSVRC2012_val_00030991.JPEG,stage3_block2,gap,stage3[2] input (=stage3[1] output),7,7,7,349,350,False,False,0.6588775515556335,0.6000000238418579,0.0,1.0,0.6664285659790039,0.1666666716337204
visformer_small,124,ILSVRC2012_val_00031127.JPEG,stage3_block2,gap,stage3[2] input (=stage3[1] output),7,7,7,198,199,False,False,0.7302041053771973,0.6551724076271057,0.27272728085517883,1.0,0.48663264513015747,0.1666666716337204
visformer_small,125,ILSVRC2012_val_00031152.JPEG,stage3_block2,gap,stage3[2] input (=stage3[1] output),7,7,7,633,634,False,False,0.3706122636795044,0.5,0.4000000059604645,1.0,-0.23632654547691345,0.0
visformer_small,126,ILSVRC2012_val_00031252.JPEG,stage3_block2,gap,stage3[2] input (=stage3[1] output),7,7,7,228,229,False,False,0.6943877935409546,0.7777777910232544,0.0,1.0,0.40071427822113037,0.0
visformer_small,127,ILSVRC2012_val_00031328.JPEG,stage3_block2,gap,stage3[2] input (=stage3[1] output),7,7,7,440,441,False,False,0.7162245512008667,0.7142857313156128,0.1666666716337204,1.0,0.7405102252960205,0.75
