source_model,target_model,sample_index,image_name,layer,condition,target_clean_correct,raw_target_gradient_cosine,processed_target_gradient_cosine,raw_target_sign_agreement,processed_target_sign_agreement,one_step_target_logit_drop,one_step_target_loss_increase,one_step_target_prediction_changed
visformer_small,vit_base_patch16_224,0,ILSVRC2012_val_00024479.JPEG,stage3_block2,selected,True,0.0007918740157037973,0.0005129128694534302,0.4310360848903656,0.4922672212123871,-0.02356243133544922,0.00520557165145874,False
visformer_small,vit_base_patch16_224,1,ILSVRC2012_val_00024540.JPEG,stage3_block2,selected,True,0.0018433370860293508,0.0014577333349734545,0.42628613114356995,0.48083412647247314,0.0976877212524414,0.015516221523284912,False
visformer_small,vit_base_patch16_224,0,ILSVRC2012_val_00024479.JPEG,stage3_block2,opposite,True,0.0026564488653093576,0.002595372963696718,0.43375319242477417,0.49627313017845154,-0.08415699005126953,-0.003254830837249756,False
visformer_small,vit_base_patch16_224,1,ILSVRC2012_val_00024540.JPEG,stage3_block2,opposite,True,0.006082754582166672,0.005746710579842329,0.42879730463027954,0.4811530113220215,0.07543087005615234,0.0169537216424942,False
visformer_small,vit_base_patch16_224,0,ILSVRC2012_val_00024479.JPEG,stage3_block2,deviation,True,0.005729747470468283,0.005559820681810379,0.4340122640132904,0.4906528890132904,-0.14026832580566406,0.0030609220266342163,False
visformer_small,vit_base_patch16_224,1,ILSVRC2012_val_00024540.JPEG,stage3_block2,deviation,True,-0.0021904590539634228,-0.00227531255222857,0.4274553656578064,0.4879092276096344,0.08205699920654297,0.011324256658554077,False
visformer_small,vit_base_patch16_224,0,ILSVRC2012_val_00024479.JPEG,stage3_block2,random,True,0.0036074090749025345,0.0036788075231015682,0.431454598903656,0.49525004625320435,-0.1253986358642578,-0.0077046602964401245,False
visformer_small,vit_base_patch16_224,1,ILSVRC2012_val_00024540.JPEG,stage3_block2,random,True,0.004753188695758581,0.00502418726682663,0.4290962517261505,0.4877232015132904,0.11585712432861328,0.021259739995002747,False
visformer_small,vit_base_patch16_224,0,ILSVRC2012_val_00024479.JPEG,stage3_block2,no_drop,True,0.041564617305994034,0.038550008088350296,0.5039328336715698,0.5032086968421936,-0.06850624084472656,0.008789613842964172,False
visformer_small,vit_base_patch16_224,1,ILSVRC2012_val_00024540.JPEG,stage3_block2,no_drop,True,0.0009543224005028605,0.00045786856207996607,0.5000066161155701,0.5000331997871399,0.014085769653320312,0.0020190924406051636,False
visformer_small,vit_base_patch16_224,2,ILSVRC2012_val_00024550.JPEG,stage3_block2,selected,True,0.009207616560161114,0.010145220905542374,0.4329094886779785,0.47718697786331177,0.15718650817871094,0.01808921992778778,False
visformer_small,vit_base_patch16_224,3,ILSVRC2012_val_00024609.JPEG,stage3_block2,selected,True,0.010582346469163895,0.010285967960953712,0.4344905912876129,0.486514151096344,0.07460689544677734,0.06370782852172852,False
visformer_small,vit_base_patch16_224,2,ILSVRC2012_val_00024550.JPEG,stage3_block2,opposite,True,0.004066350869834423,0.0038027132395654917,0.42933541536331177,0.48183727264404297,0.14691638946533203,0.014934055507183075,False
visformer_small,vit_base_patch16_224,3,ILSVRC2012_val_00024609.JPEG,stage3_block2,opposite,True,0.009502604603767395,0.00850393995642662,0.4312420189380646,0.4839365482330322,0.06313228607177734,0.05513262748718262,False
visformer_small,vit_base_patch16_224,2,ILSVRC2012_val_00024550.JPEG,stage3_block2,deviation,True,0.0006851450889371336,0.000384120037779212,0.429800420999527,0.4882214665412903,0.14438343048095703,0.01604396104812622,False
visformer_small,vit_base_patch16_224,3,ILSVRC2012_val_00024609.JPEG,stage3_block2,deviation,True,0.008630362339317799,0.007914912886917591,0.4296542704105377,0.4957084357738495,0.1683063507080078,0.08112233877182007,False
visformer_small,vit_base_patch16_224,2,ILSVRC2012_val_00024550.JPEG,stage3_block2,random,True,0.0016215755604207516,0.0014762312639504671,0.4302588105201721,0.48656728863716125,0.08647632598876953,0.008580446243286133,False
visformer_small,vit_base_patch16_224,3,ILSVRC2012_val_00024609.JPEG,stage3_block2,random,True,0.012292906641960144,0.011427801102399826,0.4339790642261505,0.49785423278808594,0.11789703369140625,0.07009339332580566,False
visformer_small,vit_base_patch16_224,2,ILSVRC2012_val_00024550.JPEG,stage3_block2,no_drop,True,0.001811330672353506,0.0010755958501249552,0.5018866658210754,0.5017870664596558,0.18519973754882812,0.018371380865573883,False
visformer_small,vit_base_patch16_224,3,ILSVRC2012_val_00024609.JPEG,stage3_block2,no_drop,True,0.006301257759332657,0.004719428718090057,0.5014216899871826,0.5012887716293335,0.019403457641601562,0.035466670989990234,False
visformer_small,vit_base_patch16_224,4,ILSVRC2012_val_00024637.JPEG,stage3_block2,selected,True,0.02435261383652687,0.02598198875784874,0.4420240819454193,0.5076530575752258,0.7067108154296875,0.1446748524904251,False
visformer_small,vit_base_patch16_224,5,ILSVRC2012_val_00024710.JPEG,stage3_block2,selected,True,0.001375694526359439,0.0011966119054704905,0.43003958463668823,0.49346300959587097,0.4136648178100586,0.056298062205314636,False
visformer_small,vit_base_patch16_224,4,ILSVRC2012_val_00024637.JPEG,stage3_block2,opposite,True,0.046056102961301804,0.05146842077374458,0.446083128452301,0.5020726919174194,0.8640356063842773,0.22991769015789032,False
visformer_small,vit_base_patch16_224,5,ILSVRC2012_val_00024710.JPEG,stage3_block2,opposite,True,0.004394130781292915,0.003998838365077972,0.4335605204105377,0.49303120374679565,0.33010387420654297,0.043800726532936096,False
visformer_small,vit_base_patch16_224,4,ILSVRC2012_val_00024637.JPEG,stage3_block2,deviation,True,0.04589223489165306,0.05101162567734718,0.44812262058258057,0.5082443356513977,0.9844589233398438,0.26205289363861084,False
visformer_small,vit_base_patch16_224,5,ILSVRC2012_val_00024710.JPEG,stage3_block2,deviation,True,0.002819347195327282,0.0025190962478518486,0.43369340896606445,0.49439308047294617,0.4225034713745117,0.05991487205028534,False
visformer_small,vit_base_patch16_224,4,ILSVRC2012_val_00024637.JPEG,stage3_block2,random,True,0.04467829316854477,0.05056163668632507,0.4490792453289032,0.5137981176376343,0.6882705688476562,0.20570199191570282,False
visformer_small,vit_base_patch16_224,5,ILSVRC2012_val_00024710.JPEG,stage3_block2,random,True,0.003311045467853546,0.00315656210295856,0.4310360848903656,0.48792916536331177,0.3982572555541992,0.06215260922908783,False
visformer_small,vit_base_patch16_224,4,ILSVRC2012_val_00024637.JPEG,stage3_block2,no_drop,True,0.042620908468961716,0.0480068176984787,0.5176976919174194,0.5192588567733765,0.7632207870483398,0.20755572617053986,False
visformer_small,vit_base_patch16_224,5,ILSVRC2012_val_00024710.JPEG,stage3_block2,no_drop,True,0.005050132051110268,0.0047760517336428165,0.5038464665412903,0.5030359625816345,0.3683319091796875,0.04706050455570221,False
visformer_small,vit_base_patch16_224,6,ILSVRC2012_val_00024753.JPEG,stage3_block2,selected,True,-0.006569080986082554,-0.0071614766493439674,0.42626622319221497,0.4883609712123871,0.1594409942626953,0.04567444324493408,False
visformer_small,vit_base_patch16_224,7,ILSVRC2012_val_00024781.JPEG,stage3_block2,selected,True,-0.009420355781912804,-0.008711211383342743,0.4428611397743225,0.4992891550064087,0.2658510208129883,0.21430271863937378,False
visformer_small,vit_base_patch16_224,6,ILSVRC2012_val_00024753.JPEG,stage3_block2,opposite,True,-0.006413722410798073,-0.006663024891167879,0.42947492003440857,0.4905000925064087,0.22883224487304688,0.09196041524410248,False
visformer_small,vit_base_patch16_224,7,ILSVRC2012_val_00024781.JPEG,stage3_block2,opposite,True,0.01230278518050909,0.01284076552838087,0.44068214297294617,0.48909837007522583,0.14720916748046875,0.13143372535705566,False
visformer_small,vit_base_patch16_224,6,ILSVRC2012_val_00024753.JPEG,stage3_block2,deviation,True,-0.010582947172224522,-0.010647792369127274,0.4290962517261505,0.4846805930137634,0.38895702362060547,0.11377014219760895,False
visformer_small,vit_base_patch16_224,7,ILSVRC2012_val_00024781.JPEG,stage3_block2,deviation,True,-0.015065060928463936,-0.014307895675301552,0.4404961168766022,0.49422699213027954,0.12274646759033203,0.12940233945846558,False
visformer_small,vit_base_patch16_224,6,ILSVRC2012_val_00024753.JPEG,stage3_block2,random,True,-0.007863995619118214,-0.008203086443245411,0.4288172423839569,0.49453258514404297,0.4164438247680664,0.1261444240808487,False
visformer_small,vit_base_patch16_224,7,ILSVRC2012_val_00024781.JPEG,stage3_block2,random,True,0.023142989724874496,0.024749577045440674,0.4414859712123871,0.4997541904449463,0.39054346084594727,0.22995972633361816,False
visformer_small,vit_base_patch16_224,6,ILSVRC2012_val_00024753.JPEG,stage3_block2,no_drop,True,-0.004616103135049343,-0.004966942127794027,0.4996944069862366,0.5000531673431396,0.2667884826660156,0.09128350019454956,False
visformer_small,vit_base_patch16_224,7,ILSVRC2012_val_00024781.JPEG,stage3_block2,no_drop,True,-0.0010939622297883034,5.398085340857506e-05,0.5187473297119141,0.5190662145614624,0.4142470359802246,0.3131558895111084,False
visformer_small,vit_base_patch16_224,8,ILSVRC2012_val_00024926.JPEG,stage3_block2,selected,True,0.0038843427319079638,0.004707195330411196,0.43276333808898926,0.49935561418533325,0.0772857666015625,0.011681079864501953,False
visformer_small,vit_base_patch16_224,9,ILSVRC2012_val_00025075.JPEG,stage3_block2,selected,True,0.005588581319898367,0.005749096162617207,0.4284053444862366,0.4927654564380646,0.07564449310302734,0.01165856420993805,False
visformer_small,vit_base_patch16_224,8,ILSVRC2012_val_00024926.JPEG,stage3_block2,opposite,True,0.003096842672675848,0.0042995428666472435,0.43648359179496765,0.49709025025367737,0.23581695556640625,0.03879614174365997,False
visformer_small,vit_base_patch16_224,9,ILSVRC2012_val_00025075.JPEG,stage3_block2,opposite,True,0.007639314979314804,0.007445811294019222,0.431640625,0.4950906038284302,0.12424564361572266,0.016612321138381958,False
visformer_small,vit_base_patch16_224,8,ILSVRC2012_val_00024926.JPEG,stage3_block2,deviation,True,0.004523765295743942,0.004284797236323357,0.43183326721191406,0.49552908539772034,0.13212966918945312,0.01496829092502594,False
visformer_small,vit_base_patch16_224,9,ILSVRC2012_val_00025075.JPEG,stage3_block2,deviation,True,-0.00022350423387251794,-0.00023367995163425803,0.4291759729385376,0.4752936363220215,0.07256317138671875,0.016251862049102783,False
visformer_small,vit_base_patch16_224,8,ILSVRC2012_val_00024926.JPEG,stage3_block2,random,True,0.0006903203320689499,0.0012030757497996092,0.43335458636283875,0.4870256781578064,0.0034379959106445312,0.010086983442306519,False
visformer_small,vit_base_patch16_224,9,ILSVRC2012_val_00025075.JPEG,stage3_block2,random,True,0.0073626162484288216,0.008005654439330101,0.43065741658210754,0.4858033061027527,0.14264774322509766,0.031227603554725647,False
visformer_small,vit_base_patch16_224,8,ILSVRC2012_val_00024926.JPEG,stage3_block2,no_drop,True,0.003406057134270668,0.00471106730401516,0.5100978016853333,0.5119977593421936,0.16363811492919922,0.025875553488731384,False
visformer_small,vit_base_patch16_224,9,ILSVRC2012_val_00025075.JPEG,stage3_block2,no_drop,True,-0.012282329611480236,-0.012009590864181519,0.5002790093421936,0.4998007118701935,0.1385030746459961,0.017930597066879272,False
visformer_small,vit_base_patch16_224,10,ILSVRC2012_val_00025315.JPEG,stage3_block2,selected,True,0.013476473279297352,0.014177720993757248,0.4283721446990967,0.49205464124679565,0.3963661193847656,0.08195361495018005,False
visformer_small,vit_base_patch16_224,11,ILSVRC2012_val_00025390.JPEG,stage3_block2,selected,True,-0.008851362392306328,-0.008662933483719826,0.4293819069862366,0.48368409276008606,0.06213569641113281,0.017852023243904114,False
visformer_small,vit_base_patch16_224,10,ILSVRC2012_val_00025315.JPEG,stage3_block2,opposite,True,-0.003158415202051401,-0.0026776480954140425,0.4292556941509247,0.4914102256298065,0.25049591064453125,0.03917096555233002,False
visformer_small,vit_base_patch16_224,11,ILSVRC2012_val_00025390.JPEG,stage3_block2,opposite,True,-0.007033538538962603,-0.0069410353899002075,0.42902982234954834,0.4851788282394409,0.11006546020507812,0.019552618265151978,False
visformer_small,vit_base_patch16_224,10,ILSVRC2012_val_00025315.JPEG,stage3_block2,deviation,True,-0.010040927678346634,-0.009946250356733799,0.42671796679496765,0.4853648543357849,0.3012104034423828,0.044598907232284546,False
visformer_small,vit_base_patch16_224,11,ILSVRC2012_val_00025390.JPEG,stage3_block2,deviation,True,-0.009932389482855797,-0.009686052799224854,0.42861127853393555,0.480654776096344,0.10884284973144531,0.02094469964504242,False
visformer_small,vit_base_patch16_224,10,ILSVRC2012_val_00025315.JPEG,stage3_block2,random,True,0.0019104646053165197,0.0025924425572156906,0.4287441670894623,0.48865991830825806,0.24062156677246094,0.039712563157081604,False
visformer_small,vit_base_patch16_224,11,ILSVRC2012_val_00025390.JPEG,stage3_block2,random,True,-0.007735809311270714,-0.007543154992163181,0.4278406798839569,0.4878759980201721,-0.1034231185913086,0.001971788704395294,False
visformer_small,vit_base_patch16_224,10,ILSVRC2012_val_00025315.JPEG,stage3_block2,no_drop,True,-0.00044489861465990543,8.250446990132332e-05,0.49977412819862366,0.500790536403656,0.25907135009765625,0.045613959431648254,False
visformer_small,vit_base_patch16_224,11,ILSVRC2012_val_00025390.JPEG,stage3_block2,no_drop,True,0.0014829449355602264,0.0026090568862855434,0.5038331747055054,0.504092276096344,0.13447284698486328,0.02178160846233368,False
visformer_small,vit_base_patch16_224,12,ILSVRC2012_val_00025402.JPEG,stage3_block2,selected,True,0.01031700149178505,0.011857154779136181,0.4336734712123871,0.49707695841789246,0.20950031280517578,0.03472238779067993,False
visformer_small,vit_base_patch16_224,13,ILSVRC2012_val_00025408.JPEG,stage3_block2,selected,True,0.0027178344316780567,0.00286540063098073,0.4304448366165161,0.4898291230201721,0.06486225128173828,0.008723139762878418,False
visformer_small,vit_base_patch16_224,12,ILSVRC2012_val_00025402.JPEG,stage3_block2,opposite,True,0.005348319187760353,0.005228965077549219,0.43564653396606445,0.4995216727256775,0.16095924377441406,0.022621288895606995,False
visformer_small,vit_base_patch16_224,13,ILSVRC2012_val_00025408.JPEG,stage3_block2,opposite,True,-0.0005336749600246549,-0.0005886805010959506,0.43096300959587097,0.48542463779449463,-0.015463829040527344,-0.001476094126701355,False
visformer_small,vit_base_patch16_224,12,ILSVRC2012_val_00025402.JPEG,stage3_block2,deviation,True,0.005126743111759424,0.00566099863499403,0.4372674822807312,0.499116450548172,0.19253158569335938,0.026565968990325928,False
visformer_small,vit_base_patch16_224,13,ILSVRC2012_val_00025408.JPEG,stage3_block2,deviation,True,0.0009052598616108298,0.0009558069286867976,0.4327234923839569,0.4929913282394409,-0.16069602966308594,-0.01782085746526718,False
visformer_small,vit_base_patch16_224,12,ILSVRC2012_val_00025402.JPEG,stage3_block2,random,True,0.00896003283560276,0.009477904997766018,0.43736714124679565,0.5031754970550537,0.1492166519165039,0.019858792424201965,False
visformer_small,vit_base_patch16_224,13,ILSVRC2012_val_00025408.JPEG,stage3_block2,random,True,-0.0026671751402318478,-0.0027011523488909006,0.4332084357738495,0.49180883169174194,0.10752487182617188,0.014973655343055725,False
visformer_small,vit_base_patch16_224,12,ILSVRC2012_val_00025402.JPEG,stage3_block2,no_drop,True,0.0025697252713143826,0.0021809933241456747,0.5080915093421936,0.508184552192688,0.2007427215576172,0.02839161455631256,False
visformer_small,vit_base_patch16_224,13,ILSVRC2012_val_00025408.JPEG,stage3_block2,no_drop,True,-0.00351045117713511,-0.0034674396738409996,0.5029961466789246,0.5025244355201721,0.023993492126464844,0.0035850852727890015,False
visformer_small,vit_base_patch16_224,14,ILSVRC2012_val_00025416.JPEG,stage3_block2,selected,True,-0.00034069502726197243,-0.000636122771538794,0.4323580861091614,0.49227386713027954,0.3451547622680664,0.05244399607181549,False
visformer_small,vit_base_patch16_224,15,ILSVRC2012_val_00025440.JPEG,stage3_block2,selected,True,0.0030629385728389025,0.003670741803944111,0.4295147657394409,0.48886585235595703,0.05613994598388672,0.014936745166778564,False
visformer_small,vit_base_patch16_224,14,ILSVRC2012_val_00025416.JPEG,stage3_block2,opposite,True,0.007809429429471493,0.008183090016245842,0.43407872319221497,0.4878494441509247,0.13782024383544922,0.03416384756565094,False
visformer_small,vit_base_patch16_224,15,ILSVRC2012_val_00025440.JPEG,stage3_block2,opposite,True,0.002600918523967266,0.003319213166832924,0.4292556941509247,0.4934563636779785,0.07302093505859375,0.019528329372406006,False
visformer_small,vit_base_patch16_224,14,ILSVRC2012_val_00025416.JPEG,stage3_block2,deviation,True,0.0058759949170053005,0.005777602083981037,0.4308301508426666,0.4843417704105377,0.3005180358886719,0.044323742389678955,False
visformer_small,vit_base_patch16_224,15,ILSVRC2012_val_00025440.JPEG,stage3_block2,deviation,True,0.006373683921992779,0.006965498439967632,0.4303850531578064,0.48960989713668823,0.09952926635742188,0.027796149253845215,False
visformer_small,vit_base_patch16_224,14,ILSVRC2012_val_00025416.JPEG,stage3_block2,random,True,0.0011862014653161168,0.001043291063979268,0.4326437711715698,0.48962318897247314,0.18597984313964844,0.028419852256774902,False
visformer_small,vit_base_patch16_224,15,ILSVRC2012_val_00025440.JPEG,stage3_block2,random,True,0.00474607152864337,0.005424479953944683,0.42993995547294617,0.48990219831466675,0.06653499603271484,0.02458113431930542,False
visformer_small,vit_base_patch16_224,14,ILSVRC2012_val_00025416.JPEG,stage3_block2,no_drop,True,0.0018683155067265034,0.0020243320614099503,0.5061848759651184,0.507061779499054,0.32200145721435547,0.05658484995365143,False
visformer_small,vit_base_patch16_224,15,ILSVRC2012_val_00025440.JPEG,stage3_block2,no_drop,True,0.003768203780055046,0.004586926661431789,0.5036072731018066,0.5035740733146667,0.07930278778076172,0.02422890067100525,False
visformer_small,vit_base_patch16_224,16,ILSVRC2012_val_00025446.JPEG,stage3_block2,selected,True,0.007679583504796028,0.007258366793394089,0.42447251081466675,0.4752272069454193,-0.017963409423828125,-0.002595573663711548,False
visformer_small,vit_base_patch16_224,17,ILSVRC2012_val_00025563.JPEG,stage3_block2,selected,True,0.0023575732484459877,0.002530378755182028,0.4343112111091614,0.4966650605201721,0.2013874053955078,0.034911349415779114,False
visformer_small,vit_base_patch16_224,16,ILSVRC2012_val_00025446.JPEG,stage3_block2,opposite,True,0.005415250081568956,0.004225245211273432,0.42586761713027954,0.4772467613220215,0.02658367156982422,0.003006279468536377,False
visformer_small,vit_base_patch16_224,17,ILSVRC2012_val_00025563.JPEG,stage3_block2,opposite,True,-0.0025449134409427643,-0.0017087574815377593,0.43132174015045166,0.4892578125,0.08289527893066406,0.012763142585754395,False
visformer_small,vit_base_patch16_224,16,ILSVRC2012_val_00025446.JPEG,stage3_block2,deviation,True,0.0010082118678838015,0.0008084825240075588,0.42626622319221497,0.4888193607330322,-0.010974884033203125,-0.0018779188394546509,False
visformer_small,vit_base_patch16_224,17,ILSVRC2012_val_00025563.JPEG,stage3_block2,deviation,True,-0.002101409947499633,-0.002138943877071142,0.43168047070503235,0.4855508506298065,0.09239387512207031,0.014095477759838104,False
visformer_small,vit_base_patch16_224,16,ILSVRC2012_val_00025446.JPEG,stage3_block2,random,True,0.006455171853303909,0.006494055036455393,0.423622190952301,0.4834781587123871,0.0268707275390625,0.002894654870033264,False
visformer_small,vit_base_patch16_224,17,ILSVRC2012_val_00025563.JPEG,stage3_block2,random,True,-0.0024247984401881695,-0.0025640998501330614,0.4296077787876129,0.49300462007522583,0.13901329040527344,0.023769401013851166,False
visformer_small,vit_base_patch16_224,16,ILSVRC2012_val_00025446.JPEG,stage3_block2,no_drop,True,0.005911168176680803,0.0060933372005820274,0.4983059763908386,0.49893707036972046,0.04755115509033203,0.005255505442619324,False
visformer_small,vit_base_patch16_224,17,ILSVRC2012_val_00025563.JPEG,stage3_block2,no_drop,True,-0.00573707465082407,-0.006672631949186325,0.504676878452301,0.5044044852256775,0.15674591064453125,0.02448420226573944,False
visformer_small,vit_base_patch16_224,18,ILSVRC2012_val_00025800.JPEG,stage3_block2,selected,True,0.003444399917498231,0.0034156632609665394,0.4331154227256775,0.4921609163284302,0.027891159057617188,0.005152016878128052,False
visformer_small,vit_base_patch16_224,19,ILSVRC2012_val_00025844.JPEG,stage3_block2,selected,True,-0.0016256177332252264,-0.0018163817003369331,0.427940309047699,0.4781436026096344,0.0906076431274414,0.01833634078502655,False
visformer_small,vit_base_patch16_224,18,ILSVRC2012_val_00025800.JPEG,stage3_block2,opposite,True,-0.00409235805273056,-0.005373205989599228,0.4303053319454193,0.48689278960227966,-0.009524345397949219,0.007243737578392029,False
visformer_small,vit_base_patch16_224,19,ILSVRC2012_val_00025844.JPEG,stage3_block2,opposite,True,0.006277346983551979,0.006186080630868673,0.4309098720550537,0.48181068897247314,-0.014031410217285156,0.00119096040725708,False
visformer_small,vit_base_patch16_224,18,ILSVRC2012_val_00025800.JPEG,stage3_block2,deviation,True,0.001344859367236495,0.0011304442305117846,0.43231824040412903,0.49435320496559143,0.10028743743896484,0.016438931226730347,False
visformer_small,vit_base_patch16_224,19,ILSVRC2012_val_00025844.JPEG,stage3_block2,deviation,True,-0.001849503256380558,-0.0017236481653526425,0.4282924234867096,0.4906396269798279,0.05247020721435547,0.013112574815750122,False
visformer_small,vit_base_patch16_224,18,ILSVRC2012_val_00025800.JPEG,stage3_block2,random,True,-0.00019355444237589836,-0.00019148935098201036,0.4331884980201721,0.4854113459587097,0.09785270690917969,0.018164515495300293,False
visformer_small,vit_base_patch16_224,19,ILSVRC2012_val_00025844.JPEG,stage3_block2,random,True,0.007783201988786459,0.0074150278232991695,0.43290284276008606,0.4911046326160431,-0.008776664733886719,0.004412546753883362,False
visformer_small,vit_base_patch16_224,18,ILSVRC2012_val_00025800.JPEG,stage3_block2,no_drop,True,0.007534188684076071,0.006743512116372585,0.5033748149871826,0.5028367042541504,0.10697460174560547,0.016124188899993896,False
visformer_small,vit_base_patch16_224,19,ILSVRC2012_val_00025844.JPEG,stage3_block2,no_drop,True,-0.004231290891766548,-0.0052940733730793,0.49963462352752686,0.4987577199935913,0.08043956756591797,0.011424750089645386,False
visformer_small,vit_base_patch16_224,20,ILSVRC2012_val_00025851.JPEG,stage3_block2,selected,True,-0.005656836554408073,-0.006040956825017929,0.426943838596344,0.48337849974632263,0.1513833999633789,0.017070941627025604,False
visformer_small,vit_base_patch16_224,21,ILSVRC2012_val_00025907.JPEG,stage3_block2,selected,True,0.007151327561587095,0.008188607171177864,0.43617135286331177,0.4927123188972473,0.5009927749633789,0.2136428952217102,False
visformer_small,vit_base_patch16_224,20,ILSVRC2012_val_00025851.JPEG,stage3_block2,opposite,True,0.0013827239163219929,0.0023427382111549377,0.42335644364356995,0.4752471446990967,0.04088115692138672,0.0035916194319725037,False
visformer_small,vit_base_patch16_224,21,ILSVRC2012_val_00025907.JPEG,stage3_block2,opposite,True,0.00569553580135107,0.005921858828514814,0.43615806102752686,0.4903140962123871,0.4373455047607422,0.14411264657974243,False
visformer_small,vit_base_patch16_224,20,ILSVRC2012_val_00025851.JPEG,stage3_block2,deviation,True,0.008653825148940086,0.007700009271502495,0.42202115058898926,0.4780971109867096,0.046977996826171875,0.005192644894123077,False
visformer_small,vit_base_patch16_224,21,ILSVRC2012_val_00025907.JPEG,stage3_block2,deviation,True,0.007953694090247154,0.008720234036445618,0.43583253026008606,0.4749548137187958,0.4707918167114258,0.2488420009613037,False
visformer_small,vit_base_patch16_224,20,ILSVRC2012_val_00025851.JPEG,stage3_block2,random,True,-0.015129659324884415,-0.015056762844324112,0.4213767647743225,0.48608896136283875,-0.015480995178222656,-0.0016082972288131714,False
visformer_small,vit_base_patch16_224,21,ILSVRC2012_val_00025907.JPEG,stage3_block2,random,True,0.00954119861125946,0.00991390086710453,0.4358524680137634,0.49076583981513977,0.4172344207763672,0.11159247159957886,False
visformer_small,vit_base_patch16_224,20,ILSVRC2012_val_00025851.JPEG,stage3_block2,no_drop,True,-0.010700635612010956,-0.011114760302007198,0.49309098720550537,0.49430006742477417,0.040482521057128906,0.004336230456829071,False
visformer_small,vit_base_patch16_224,21,ILSVRC2012_val_00025907.JPEG,stage3_block2,no_drop,True,0.010255577974021435,0.011092542670667171,0.5096991658210754,0.5097523331642151,0.4293403625488281,0.24999338388442993,False
visformer_small,vit_base_patch16_224,22,ILSVRC2012_val_00025989.JPEG,stage3_block2,selected,True,-0.0030933567322790623,-0.003140656743198633,0.4274420738220215,0.49133050441741943,0.06179046630859375,0.005865477025508881,False
visformer_small,vit_base_patch16_224,23,ILSVRC2012_val_00026068.JPEG,stage3_block2,selected,True,0.004520814400166273,0.004438380245119333,0.4307238459587097,0.49271896481513977,0.19075393676757812,0.042824238538742065,False
visformer_small,vit_base_patch16_224,22,ILSVRC2012_val_00025989.JPEG,stage3_block2,opposite,True,0.008176867850124836,0.00851424504071474,0.4252564311027527,0.4856571555137634,0.030290603637695312,0.0020020753145217896,False
visformer_small,vit_base_patch16_224,23,ILSVRC2012_val_00026068.JPEG,stage3_block2,opposite,True,-0.005304357968270779,-0.005821886006742716,0.4279536008834839,0.48850712180137634,0.2696113586425781,0.04656943678855896,False
visformer_small,vit_base_patch16_224,22,ILSVRC2012_val_00025989.JPEG,stage3_block2,deviation,True,-0.001787186018191278,-0.0016412464901804924,0.4241403639316559,0.4689825177192688,0.02373504638671875,0.0019067451357841492,False
visformer_small,vit_base_patch16_224,23,ILSVRC2012_val_00026068.JPEG,stage3_block2,deviation,True,-0.0024522191379219294,-0.0026142229326069355,0.4288172423839569,0.48361101746559143,0.21697521209716797,0.02789689600467682,False
visformer_small,vit_base_patch16_224,22,ILSVRC2012_val_00025989.JPEG,stage3_block2,random,True,0.0036782165989279747,0.0040648626163601875,0.4243064522743225,0.4877697229385376,0.0013132095336914062,0.00028099119663238525,False
visformer_small,vit_base_patch16_224,23,ILSVRC2012_val_00026068.JPEG,stage3_block2,random,True,0.0041441707871854305,0.0038979635573923588,0.4280599057674408,0.4924665093421936,0.12572193145751953,0.033649712800979614,False
visformer_small,vit_base_patch16_224,22,ILSVRC2012_val_00025989.JPEG,stage3_block2,no_drop,True,0.0075721126049757,0.007462646812200546,0.49678465723991394,0.49705037474632263,-0.0074920654296875,-0.001082293689250946,False
visformer_small,vit_base_patch16_224,23,ILSVRC2012_val_00026068.JPEG,stage3_block2,no_drop,True,0.008024176582694054,0.0070477696135640144,0.5026572942733765,0.5024580359458923,0.26604270935058594,0.06158345937728882,False
visformer_small,vit_base_patch16_224,24,ILSVRC2012_val_00026088.JPEG,stage3_block2,selected,True,0.0066421153023839,0.006771799176931381,0.4308633506298065,0.49556228518486023,0.07854652404785156,0.011642470955848694,False
visformer_small,vit_base_patch16_224,25,ILSVRC2012_val_00026113.JPEG,stage3_block2,selected,True,0.015505766496062279,0.015468418598175049,0.433779776096344,0.49191513657569885,0.06671524047851562,0.021807044744491577,False
visformer_small,vit_base_patch16_224,24,ILSVRC2012_val_00026088.JPEG,stage3_block2,opposite,True,0.006322421133518219,0.0065528093837201595,0.4289899468421936,0.47931280732154846,0.06733989715576172,0.01382756233215332,False
visformer_small,vit_base_patch16_224,25,ILSVRC2012_val_00026113.JPEG,stage3_block2,opposite,True,0.009281709790229797,0.010074063204228878,0.4330689311027527,0.48763686418533325,0.17006587982177734,0.04136571288108826,False
visformer_small,vit_base_patch16_224,24,ILSVRC2012_val_00026088.JPEG,stage3_block2,deviation,True,-0.0016667358577251434,-0.001455172779969871,0.42924240231513977,0.492958128452301,0.13232421875,0.017701715230941772,False
visformer_small,vit_base_patch16_224,25,ILSVRC2012_val_00026113.JPEG,stage3_block2,deviation,True,0.008229892700910568,0.008290858007967472,0.4331420063972473,0.4970038831233978,0.0773153305053711,0.02416938543319702,False
visformer_small,vit_base_patch16_224,24,ILSVRC2012_val_00026088.JPEG,stage3_block2,random,True,0.01304739248007536,0.013095516711473465,0.4318864345550537,0.4922672212123871,0.20144367218017578,0.025375157594680786,False
visformer_small,vit_base_patch16_224,25,ILSVRC2012_val_00026113.JPEG,stage3_block2,random,True,0.013365121558308601,0.013841955922544003,0.4348360300064087,0.4813190996646881,0.06805610656738281,0.021970808506011963,False
visformer_small,vit_base_patch16_224,24,ILSVRC2012_val_00026088.JPEG,stage3_block2,no_drop,True,0.009443726390600204,0.009420315735042095,0.5044376850128174,0.5052083134651184,-0.04104328155517578,0.0005674883723258972,False
visformer_small,vit_base_patch16_224,25,ILSVRC2012_val_00026113.JPEG,stage3_block2,no_drop,True,0.012264033779501915,0.012661419808864594,0.507626473903656,0.5087226033210754,0.061415672302246094,0.020987913012504578,False
visformer_small,vit_base_patch16_224,26,ILSVRC2012_val_00026139.JPEG,stage3_block2,selected,True,0.021194644272327423,0.02376023679971695,0.43561995029449463,0.49426019191741943,0.0886240005493164,0.02931368350982666,False
visformer_small,vit_base_patch16_224,27,ILSVRC2012_val_00026145.JPEG,stage3_block2,selected,True,0.00890771672129631,0.009329103864729404,0.4396524131298065,0.5066565871238708,0.41219377517700195,0.36892223358154297,False
visformer_small,vit_base_patch16_224,26,ILSVRC2012_val_00026139.JPEG,stage3_block2,opposite,True,-0.0031123366206884384,-0.002211690414696932,0.42954134941101074,0.48988229036331177,0.03756141662597656,0.01077374815940857,False
visformer_small,vit_base_patch16_224,27,ILSVRC2012_val_00026145.JPEG,stage3_block2,opposite,True,0.007743159309029579,0.008668921887874603,0.43918076157569885,0.4983524680137634,0.5065112113952637,0.46471667289733887,False
visformer_small,vit_base_patch16_224,26,ILSVRC2012_val_00026139.JPEG,stage3_block2,deviation,True,0.004742269869893789,0.006153950002044439,0.43182000517845154,0.4895634055137634,0.08371829986572266,0.017202943563461304,False
visformer_small,vit_base_patch16_224,27,ILSVRC2012_val_00026145.JPEG,stage3_block2,deviation,True,0.01160336472094059,0.012230350635945797,0.4401240944862366,0.491303950548172,0.3961482048034668,0.357804536819458,False
visformer_small,vit_base_patch16_224,26,ILSVRC2012_val_00026139.JPEG,stage3_block2,random,True,0.013321703299880028,0.01562217716127634,0.4340122640132904,0.4894903302192688,0.0685272216796875,0.01835443079471588,False
visformer_small,vit_base_patch16_224,27,ILSVRC2012_val_00026145.JPEG,stage3_block2,random,True,0.010756568983197212,0.011215921491384506,0.438270628452301,0.5030625462532043,0.42209625244140625,0.40858757495880127,False
visformer_small,vit_base_patch16_224,26,ILSVRC2012_val_00026139.JPEG,stage3_block2,no_drop,True,-0.004026708193123341,-0.0033916523680090904,0.503514289855957,0.5039328336715698,0.1054677963256836,0.019717752933502197,False
visformer_small,vit_base_patch16_224,27,ILSVRC2012_val_00026145.JPEG,stage3_block2,no_drop,True,0.016090668737888336,0.0165095254778862,0.5146019458770752,0.5146484375,0.51239013671875,0.5045427083969116,True
visformer_small,vit_base_patch16_224,28,ILSVRC2012_val_00026189.JPEG,stage3_block2,selected,True,0.000384771847166121,0.0002578693674877286,0.42628613114356995,0.4864543378353119,0.04150962829589844,0.009986788034439087,False
visformer_small,vit_base_patch16_224,29,ILSVRC2012_val_00026202.JPEG,stage3_block2,selected,True,0.011489976197481155,0.012617970816791058,0.4358923137187958,0.4921410083770752,0.19756126403808594,0.027283012866973877,False
visformer_small,vit_base_patch16_224,28,ILSVRC2012_val_00026189.JPEG,stage3_block2,opposite,True,-0.00501912459731102,-0.005372161045670509,0.4240473508834839,0.488188236951828,0.06879806518554688,0.008461907505989075,False
visformer_small,vit_base_patch16_224,29,ILSVRC2012_val_00026202.JPEG,stage3_block2,opposite,True,-0.00011641206219792366,0.00044487568084150553,0.43330809473991394,0.49352943897247314,0.13504409790039062,0.022972598671913147,False
visformer_small,vit_base_patch16_224,28,ILSVRC2012_val_00026189.JPEG,stage3_block2,deviation,True,-0.004617516882717609,-0.004714818671345711,0.42397427558898926,0.48419561982154846,0.024927139282226562,0.0051866620779037476,False
visformer_small,vit_base_patch16_224,29,ILSVRC2012_val_00026202.JPEG,stage3_block2,deviation,True,0.0037964610382914543,0.003908323124051094,0.4338262677192688,0.5007639527320862,0.18909549713134766,0.025856822729110718,False
visformer_small,vit_base_patch16_224,28,ILSVRC2012_val_00026189.JPEG,stage3_block2,random,True,-0.002540797460824251,-0.0024223625659942627,0.42566168308258057,0.4879358112812042,0.008315086364746094,0.0030155926942825317,False
visformer_small,vit_base_patch16_224,29,ILSVRC2012_val_00026202.JPEG,stage3_block2,random,True,0.008439944125711918,0.008592549711465836,0.4355003833770752,0.4868861734867096,0.23004436492919922,0.03255729377269745,False
visformer_small,vit_base_patch16_224,28,ILSVRC2012_val_00026189.JPEG,stage3_block2,no_drop,True,0.0033227503299713135,0.0035369626712054014,0.4972430467605591,0.49634620547294617,0.021660804748535156,0.00460505485534668,False
visformer_small,vit_base_patch16_224,29,ILSVRC2012_val_00026202.JPEG,stage3_block2,no_drop,True,0.0031278624664992094,0.003729339223355055,0.5080583095550537,0.5102904438972473,0.1465005874633789,0.01994571089744568,False
visformer_small,vit_base_patch16_224,30,ILSVRC2012_val_00026226.JPEG,stage3_block2,selected,True,-0.0013750771759077907,-0.0017861244268715382,0.427920401096344,0.49346300959587097,0.681788444519043,0.12915629148483276,False
visformer_small,vit_base_patch16_224,31,ILSVRC2012_val_00026280.JPEG,stage3_block2,selected,True,0.011371185071766376,0.013383924961090088,0.438363641500473,0.5016409158706665,0.5999937057495117,0.12696586549282074,False
visformer_small,vit_base_patch16_224,30,ILSVRC2012_val_00026226.JPEG,stage3_block2,opposite,True,0.009197982959449291,0.008238266222178936,0.42548230290412903,0.48683300614356995,0.03992176055908203,0.030805885791778564,False
visformer_small,vit_base_patch16_224,31,ILSVRC2012_val_00026280.JPEG,stage3_block2,opposite,True,0.015223527327179909,0.017870217561721802,0.43312206864356995,0.49273890256881714,0.3826608657836914,0.0590263307094574,False
visformer_small,vit_base_patch16_224,30,ILSVRC2012_val_00026226.JPEG,stage3_block2,deviation,True,-0.0012448984198272228,-0.0006951703689992428,0.42849835753440857,0.4935493767261505,-0.14416790008544922,0.008505657315254211,False
visformer_small,vit_base_patch16_224,31,ILSVRC2012_val_00026280.JPEG,stage3_block2,deviation,True,0.015977222472429276,0.01829882524907589,0.43726083636283875,0.4962930381298065,0.3539142608642578,0.05089491605758667,False
visformer_small,vit_base_patch16_224,30,ILSVRC2012_val_00026226.JPEG,stage3_block2,random,True,-0.008593542501330376,-0.008850600570440292,0.4258078336715698,0.4910714328289032,0.3113832473754883,0.09077167510986328,False
visformer_small,vit_base_patch16_224,31,ILSVRC2012_val_00026280.JPEG,stage3_block2,random,True,0.015321597456932068,0.017275238409638405,0.4343112111091614,0.496884286403656,0.39972686767578125,0.04774446785449982,False
visformer_small,vit_base_patch16_224,30,ILSVRC2012_val_00026226.JPEG,stage3_block2,no_drop,True,-0.007670908235013485,-0.008387181907892227,0.500372052192688,0.5005314350128174,0.8727302551269531,0.22198662161827087,False
visformer_small,vit_base_patch16_224,31,ILSVRC2012_val_00026280.JPEG,stage3_block2,no_drop,True,0.0175335630774498,0.01871504634618759,0.5078456997871399,0.5092806816101074,0.2518596649169922,0.04504281282424927,False
visformer_small,vit_base_patch16_224,32,ILSVRC2012_val_00026315.JPEG,stage3_block2,selected,True,0.004323118831962347,0.004967669956386089,0.42865779995918274,0.4889788031578064,0.19831085205078125,0.10281449556350708,False
visformer_small,vit_base_patch16_224,33,ILSVRC2012_val_00026328.JPEG,stage3_block2,selected,True,0.0008579711429774761,0.0020673945546150208,0.4305378496646881,0.48385682702064514,0.26860809326171875,0.027722224593162537,False
visformer_small,vit_base_patch16_224,32,ILSVRC2012_val_00026315.JPEG,stage3_block2,opposite,True,0.0019347042543813586,0.0018633531872183084,0.42636585235595703,0.4848400354385376,0.1514148712158203,0.053039759397506714,False
visformer_small,vit_base_patch16_224,33,ILSVRC2012_val_00026328.JPEG,stage3_block2,opposite,True,0.0028761071152985096,0.003236801363527775,0.4298602342605591,0.49304449558258057,0.1764202117919922,0.014084719121456146,False
visformer_small,vit_base_patch16_224,32,ILSVRC2012_val_00026315.JPEG,stage3_block2,deviation,True,-0.003806137014180422,-0.003488155547529459,0.4260469675064087,0.4902210831642151,0.08066082000732422,0.02195286750793457,False
visformer_small,vit_base_patch16_224,33,ILSVRC2012_val_00026328.JPEG,stage3_block2,deviation,True,0.0024685964453965425,0.003116701729595661,0.4316073954105377,0.495230108499527,0.3347434997558594,0.03126845508813858,False
visformer_small,vit_base_patch16_224,32,ILSVRC2012_val_00026315.JPEG,stage3_block2,random,True,0.002173515036702156,0.002381692174822092,0.42834556102752686,0.4896564185619354,0.2315359115600586,0.11955046653747559,False
visformer_small,vit_base_patch16_224,33,ILSVRC2012_val_00026328.JPEG,stage3_block2,random,True,0.006554728839546442,0.007115191780030727,0.4311888813972473,0.48732462525367737,0.21871471405029297,0.020815201103687286,False
visformer_small,vit_base_patch16_224,32,ILSVRC2012_val_00026315.JPEG,stage3_block2,no_drop,True,0.00542586762458086,0.0059735835529863834,0.5022653341293335,0.5020594000816345,0.07032299041748047,0.04555714130401611,False
visformer_small,vit_base_patch16_224,33,ILSVRC2012_val_00026328.JPEG,stage3_block2,no_drop,True,-0.003444190602749586,-0.002559626242145896,0.5010762214660645,0.500750720500946,0.2910938262939453,0.02696067839860916,False
visformer_small,vit_base_patch16_224,34,ILSVRC2012_val_00026332.JPEG,stage3_block2,selected,True,-0.04342163726687431,-0.04380355402827263,0.42142990231513977,0.4876102805137634,-0.09310531616210938,-0.018673136830329895,False
visformer_small,vit_base_patch16_224,35,ILSVRC2012_val_00026390.JPEG,stage3_block2,selected,True,-0.006442288402467966,-0.009989770129323006,0.42764800786972046,0.4887329936027527,-0.09978294372558594,-0.003208160400390625,False
visformer_small,vit_base_patch16_224,34,ILSVRC2012_val_00026332.JPEG,stage3_block2,opposite,True,-0.02976400777697563,-0.029444649815559387,0.41992852091789246,0.47860199213027954,-0.0038709640502929688,0.01227395236492157,False
visformer_small,vit_base_patch16_224,35,ILSVRC2012_val_00026390.JPEG,stage3_block2,opposite,True,0.01275220513343811,0.013582712970674038,0.43176019191741943,0.49123087525367737,0.1105051040649414,0.007513701915740967,False
visformer_small,vit_base_patch16_224,34,ILSVRC2012_val_00026332.JPEG,stage3_block2,deviation,True,-0.04142242297530174,-0.04066142439842224,0.4212239682674408,0.47232407331466675,-0.0982351303100586,0.0022909045219421387,False
visformer_small,vit_base_patch16_224,35,ILSVRC2012_val_00026390.JPEG,stage3_block2,deviation,True,0.0473831444978714,0.047708913683891296,0.43226510286331177,0.4926857352256775,0.12754440307617188,0.007855772972106934,False
visformer_small,vit_base_patch16_224,34,ILSVRC2012_val_00026332.JPEG,stage3_block2,random,True,-0.030322765931487083,-0.029876846820116043,0.4224795401096344,0.4866735637187958,-0.2982749938964844,-0.03656698763370514,False
visformer_small,vit_base_patch16_224,35,ILSVRC2012_val_00026390.JPEG,stage3_block2,random,True,0.01602157950401306,0.018368331715464592,0.43087664246559143,0.48583653569221497,0.031139373779296875,0.0015341266989707947,False
visformer_small,vit_base_patch16_224,34,ILSVRC2012_val_00026332.JPEG,stage3_block2,no_drop,True,-0.03190082311630249,-0.031121838837862015,0.4954094886779785,0.49577486515045166,-0.013770103454589844,0.01500442624092102,False
visformer_small,vit_base_patch16_224,35,ILSVRC2012_val_00026390.JPEG,stage3_block2,no_drop,True,0.0048144543543457985,0.007193823345005512,0.5064971446990967,0.5075932741165161,-0.027037620544433594,-0.002442464232444763,False
visformer_small,vit_base_patch16_224,36,ILSVRC2012_val_00026397.JPEG,stage3_block2,selected,True,-0.005214812699705362,-0.004781574010848999,0.42622634768486023,0.4887130558490753,0.07578849792480469,0.00814470648765564,False
visformer_small,vit_base_patch16_224,37,ILSVRC2012_val_00026436.JPEG,stage3_block2,selected,True,-0.005523273255676031,-0.005401448346674442,0.42411378026008606,0.48499947786331177,-0.14043140411376953,-0.009935468435287476,False
visformer_small,vit_base_patch16_224,36,ILSVRC2012_val_00026397.JPEG,stage3_block2,opposite,True,-0.0038987714797258377,-0.004714875016361475,0.42583438754081726,0.47631004452705383,0.10035228729248047,0.011221565306186676,False
visformer_small,vit_base_patch16_224,37,ILSVRC2012_val_00026436.JPEG,stage3_block2,opposite,True,-0.007154128514230251,-0.006942382548004389,0.4203603267669678,0.4811330735683441,-0.1572437286376953,-0.00476643443107605,False
visformer_small,vit_base_patch16_224,36,ILSVRC2012_val_00026397.JPEG,stage3_block2,deviation,True,-0.007735466584563255,-0.008430076763033867,0.4225592613220215,0.4835977256298065,0.03943061828613281,0.004127047955989838,False
visformer_small,vit_base_patch16_224,37,ILSVRC2012_val_00026436.JPEG,stage3_block2,deviation,True,-0.009907413274049759,-0.009942561388015747,0.42105787992477417,0.4762502610683441,-0.13591766357421875,-0.0041825175285339355,False
visformer_small,vit_base_patch16_224,36,ILSVRC2012_val_00026397.JPEG,stage3_block2,random,True,-0.005154327489435673,-0.005535935051739216,0.4223267436027527,0.47489503026008606,0.0058689117431640625,0.0008264109492301941,False
visformer_small,vit_base_patch16_224,37,ILSVRC2012_val_00026436.JPEG,stage3_block2,random,True,-0.009641698561608791,-0.00955907627940178,0.41966941952705383,0.47783800959587097,-0.15533828735351562,-0.01009775698184967,False
visformer_small,vit_base_patch16_224,36,ILSVRC2012_val_00026397.JPEG,stage3_block2,no_drop,True,-0.014289584010839462,-0.014968054369091988,0.49952831864356995,0.5004583597183228,0.03390216827392578,0.003049015998840332,False
visformer_small,vit_base_patch16_224,37,ILSVRC2012_val_00026436.JPEG,stage3_block2,no_drop,True,-0.012225763872265816,-0.011616266332566738,0.49157631397247314,0.492001473903656,-0.10248756408691406,0.0015086978673934937,False
visformer_small,vit_base_patch16_224,38,ILSVRC2012_val_00026490.JPEG,stage3_block2,selected,True,0.018921658396720886,0.01922822929918766,0.43893495202064514,0.48739105463027954,0.004635810852050781,0.025955185294151306,False
visformer_small,vit_base_patch16_224,39,ILSVRC2012_val_00026510.JPEG,stage3_block2,selected,True,-0.017774630337953568,-0.017241280525922775,0.4307105541229248,0.4900948703289032,-0.05300140380859375,0.004259899258613586,False
visformer_small,vit_base_patch16_224,38,ILSVRC2012_val_00026490.JPEG,stage3_block2,opposite,True,0.006619041785597801,0.006488970946520567,0.4341318607330322,0.49416056275367737,-0.020208358764648438,0.008538156747817993,False
visformer_small,vit_base_patch16_224,39,ILSVRC2012_val_00026510.JPEG,stage3_block2,opposite,True,0.002292077988386154,0.0034387109335511923,0.4349755644798279,0.49226057529449463,0.033989906311035156,0.018481388688087463,False
visformer_small,vit_base_patch16_224,38,ILSVRC2012_val_00026490.JPEG,stage3_block2,deviation,True,0.017102988436818123,0.017252493649721146,0.4352678656578064,0.4950839579105377,-0.016042709350585938,0.010443493723869324,False
visformer_small,vit_base_patch16_224,39,ILSVRC2012_val_00026510.JPEG,stage3_block2,deviation,True,-0.006164378020912409,-0.004537908360362053,0.434384286403656,0.4939878284931183,-0.0057086944580078125,0.019126281142234802,False
visformer_small,vit_base_patch16_224,38,ILSVRC2012_val_00026490.JPEG,stage3_block2,random,True,0.015084115788340569,0.015043504536151886,0.43707484006881714,0.4876900017261505,0.08895206451416016,0.024798527359962463,False
visformer_small,vit_base_patch16_224,39,ILSVRC2012_val_00026510.JPEG,stage3_block2,random,True,0.006519215181469917,0.007445240393280983,0.435340940952301,0.5009300708770752,0.028838157653808594,0.02290816605091095,False
visformer_small,vit_base_patch16_224,38,ILSVRC2012_val_00026490.JPEG,stage3_block2,no_drop,True,0.014600837603211403,0.01440221257507801,0.5132400393486023,0.5137515664100647,-0.0977468490600586,0.028850197792053223,False
visformer_small,vit_base_patch16_224,39,ILSVRC2012_val_00026510.JPEG,stage3_block2,no_drop,True,0.005339246243238449,0.006872357800602913,0.5088887214660645,0.5100579261779785,0.04378032684326172,0.02473337948322296,False
visformer_small,vit_base_patch16_224,40,ILSVRC2012_val_00026559.JPEG,stage3_block2,selected,True,0.002005490707233548,0.0017489531310275197,0.4291759729385376,0.4907127022743225,0.11098003387451172,0.026528313755989075,False
visformer_small,vit_base_patch16_224,41,ILSVRC2012_val_00026627.JPEG,stage3_block2,selected,True,0.012783991172909737,0.0126912547275424,0.43389269709587097,0.497933954000473,0.11317062377929688,0.015811219811439514,False
visformer_small,vit_base_patch16_224,40,ILSVRC2012_val_00026559.JPEG,stage3_block2,opposite,True,-0.008259644731879234,-0.007476472295820713,0.4340122640132904,0.48181068897247314,0.04272651672363281,0.009377673268318176,False
visformer_small,vit_base_patch16_224,41,ILSVRC2012_val_00026627.JPEG,stage3_block2,opposite,True,0.010247092694044113,0.010608969256281853,0.4311755895614624,0.48954346776008606,0.13141155242919922,-0.014840558171272278,False
visformer_small,vit_base_patch16_224,40,ILSVRC2012_val_00026559.JPEG,stage3_block2,deviation,True,-0.0009431166108697653,-0.0021234811283648014,0.43062421679496765,0.47929954528808594,-0.0032672882080078125,0.0006585419178009033,False
visformer_small,vit_base_patch16_224,41,ILSVRC2012_val_00026627.JPEG,stage3_block2,deviation,True,0.014931652694940567,0.016094613820314407,0.43358710408210754,0.49560216069221497,0.22075176239013672,0.02278830111026764,False
visformer_small,vit_base_patch16_224,40,ILSVRC2012_val_00026559.JPEG,stage3_block2,random,True,0.00017245995695702732,0.00041854390292428434,0.43065741658210754,0.4884207546710968,0.12087631225585938,0.023664936423301697,False
visformer_small,vit_base_patch16_224,41,ILSVRC2012_val_00026627.JPEG,stage3_block2,random,True,-0.0023453463800251484,-0.0028289041947573423,0.42819276452064514,0.4875239133834839,0.16455841064453125,0.013747304677963257,False
visformer_small,vit_base_patch16_224,40,ILSVRC2012_val_00026559.JPEG,stage3_block2,no_drop,True,-0.0019849822856485844,9.324721759185195e-05,0.5020594000816345,0.5019996166229248,-0.03373908996582031,-0.005519062280654907,False
visformer_small,vit_base_patch16_224,41,ILSVRC2012_val_00026627.JPEG,stage3_block2,no_drop,True,0.014238771982491016,0.01521681621670723,0.5038464665412903,0.5035275816917419,0.1685504913330078,0.014420121908187866,False
visformer_small,vit_base_patch16_224,42,ILSVRC2012_val_00026692.JPEG,stage3_block2,selected,True,0.040276188403367996,0.04260758310556412,0.4368356764316559,0.5011426210403442,0.5789651870727539,0.3984990119934082,False
visformer_small,vit_base_patch16_224,43,ILSVRC2012_val_00026737.JPEG,stage3_block2,selected,True,-0.009033722802996635,-0.008902840316295624,0.4291759729385376,0.4920612871646881,0.24779129028320312,0.030394315719604492,False
visformer_small,vit_base_patch16_224,42,ILSVRC2012_val_00026692.JPEG,stage3_block2,opposite,True,0.043919987976551056,0.04521976038813591,0.43620455265045166,0.4966517984867096,0.48925209045410156,0.33477330207824707,False
visformer_small,vit_base_patch16_224,43,ILSVRC2012_val_00026737.JPEG,stage3_block2,opposite,True,-0.016676492989063263,-0.01658719778060913,0.42626622319221497,0.4820830821990967,0.18842506408691406,0.020469456911087036,False
visformer_small,vit_base_patch16_224,42,ILSVRC2012_val_00026692.JPEG,stage3_block2,deviation,True,0.05143359303474426,0.05144396424293518,0.43741363286972046,0.49796050786972046,0.6706352233886719,0.5035960674285889,False
visformer_small,vit_base_patch16_224,43,ILSVRC2012_val_00026737.JPEG,stage3_block2,deviation,True,-0.01477089338004589,-0.014837170951068401,0.42936861515045166,0.48620855808258057,0.1990642547607422,0.022843480110168457,False
visformer_small,vit_base_patch16_224,42,ILSVRC2012_val_00026692.JPEG,stage3_block2,random,True,0.03903046250343323,0.041186973452568054,0.43532100319862366,0.49829933047294617,0.6325435638427734,0.4366614818572998,False
visformer_small,vit_base_patch16_224,43,ILSVRC2012_val_00026737.JPEG,stage3_block2,random,True,-0.013808153569698334,-0.01365424320101738,0.4279934763908386,0.49149659276008606,0.10348033905029297,0.00999896228313446,False
visformer_small,vit_base_patch16_224,42,ILSVRC2012_val_00026692.JPEG,stage3_block2,no_drop,True,0.03398021310567856,0.03370501101016998,0.5043712854385376,0.5054807066917419,0.46936845779418945,0.3118579387664795,False
visformer_small,vit_base_patch16_224,43,ILSVRC2012_val_00026737.JPEG,stage3_block2,no_drop,True,-0.009458273649215698,-0.00923188030719757,0.4978741407394409,0.49788743257522583,0.14859771728515625,0.016948357224464417,False
visformer_small,vit_base_patch16_224,44,ILSVRC2012_val_00026743.JPEG,stage3_block2,selected,True,-0.00017179141286760569,9.436503751203418e-05,0.4265120029449463,0.486235111951828,-0.046265602111816406,-0.0014128834009170532,False
visformer_small,vit_base_patch16_224,45,ILSVRC2012_val_00026754.JPEG,stage3_block2,selected,True,0.020813029259443283,0.023160388693213463,0.4323115944862366,0.48947039246559143,-0.025447845458984375,-0.0021318644285202026,False
visformer_small,vit_base_patch16_224,44,ILSVRC2012_val_00026743.JPEG,stage3_block2,opposite,True,-0.005563582293689251,-0.00583026185631752,0.42982035875320435,0.4806348383426666,-0.047112464904785156,-0.0020547956228256226,False
visformer_small,vit_base_patch16_224,45,ILSVRC2012_val_00026754.JPEG,stage3_block2,opposite,True,0.00554390624165535,0.007124230265617371,0.4316539168357849,0.4950839579105377,0.10787773132324219,0.015019863843917847,False
visformer_small,vit_base_patch16_224,44,ILSVRC2012_val_00026743.JPEG,stage3_block2,deviation,True,-0.005430122837424278,-0.005571319721639156,0.4303385317325592,0.4866669178009033,-0.12384891510009766,-0.011040210723876953,False
visformer_small,vit_base_patch16_224,45,ILSVRC2012_val_00026754.JPEG,stage3_block2,deviation,True,0.015619594603776932,0.016659025102853775,0.43228501081466675,0.4928717613220215,-0.06716060638427734,-0.008379384875297546,False
visformer_small,vit_base_patch16_224,44,ILSVRC2012_val_00026743.JPEG,stage3_block2,random,True,-0.0031814274843782187,-0.0030919290147721767,0.42958784103393555,0.4871651828289032,-0.11882400512695312,-0.008728593587875366,False
visformer_small,vit_base_patch16_224,45,ILSVRC2012_val_00026754.JPEG,stage3_block2,random,True,0.00027729279827326536,0.00044151698239147663,0.4315144121646881,0.4919084906578064,0.023316383361816406,0.0029150843620300293,False
visformer_small,vit_base_patch16_224,44,ILSVRC2012_val_00026743.JPEG,stage3_block2,no_drop,True,-0.003987460862845182,-0.0040905349887907505,0.5002723932266235,0.5001793503761292,-0.04724407196044922,-0.0005812197923660278,False
visformer_small,vit_base_patch16_224,45,ILSVRC2012_val_00026754.JPEG,stage3_block2,no_drop,True,-0.00026525906287133694,-0.00010349327931180596,0.49992692470550537,0.49949511885643005,0.015116691589355469,0.0031339824199676514,False
visformer_small,vit_base_patch16_224,46,ILSVRC2012_val_00026803.JPEG,stage3_block2,selected,True,-0.01090459618717432,-0.009967648424208164,0.42434629797935486,0.4881550371646881,-0.056240081787109375,-0.004750359803438187,False
visformer_small,vit_base_patch16_224,47,ILSVRC2012_val_00026901.JPEG,stage3_block2,selected,True,0.018521856516599655,0.019450310617685318,0.4391741156578064,0.5066167116165161,0.6615843772888184,0.5778835415840149,False
visformer_small,vit_base_patch16_224,46,ILSVRC2012_val_00026803.JPEG,stage3_block2,opposite,True,-0.014149574562907219,-0.013434253633022308,0.4281661808490753,0.4843882918357849,-0.049139976501464844,-0.004556134343147278,False
visformer_small,vit_base_patch16_224,47,ILSVRC2012_val_00026901.JPEG,stage3_block2,opposite,True,0.02102363109588623,0.022045932710170746,0.43886852264404297,0.5040457844734192,0.9091362953186035,0.817488968372345,True
visformer_small,vit_base_patch16_224,46,ILSVRC2012_val_00026803.JPEG,stage3_block2,deviation,True,-0.0005307530518621206,0.000722481170669198,0.43158748745918274,0.48677322268486023,0.1486644744873047,0.009958695620298386,False
visformer_small,vit_base_patch16_224,47,ILSVRC2012_val_00026901.JPEG,stage3_block2,deviation,True,0.018386848270893097,0.019478244706988335,0.43870243430137634,0.5014415979385376,0.845616340637207,0.6748526692390442,True
visformer_small,vit_base_patch16_224,46,ILSVRC2012_val_00026803.JPEG,stage3_block2,random,True,-0.003778349608182907,-0.0030060987919569016,0.4292822480201721,0.4906063973903656,0.0763559341430664,0.00292784720659256,False
visformer_small,vit_base_patch16_224,47,ILSVRC2012_val_00026901.JPEG,stage3_block2,random,True,0.02125641144812107,0.022718939930200577,0.4409545063972473,0.5052016973495483,0.8339962959289551,0.7179105877876282,True
visformer_small,vit_base_patch16_224,46,ILSVRC2012_val_00026803.JPEG,stage3_block2,no_drop,True,-0.00915868952870369,-0.0077758594416081905,0.5008835792541504,0.5010695457458496,-0.08673477172851562,-0.005742672830820084,False
visformer_small,vit_base_patch16_224,47,ILSVRC2012_val_00026901.JPEG,stage3_block2,no_drop,True,0.022789448499679565,0.02402053028345108,0.5115460157394409,0.5131869316101074,0.9408397674560547,0.8841350674629211,True
visformer_small,vit_base_patch16_224,48,ILSVRC2012_val_00026916.JPEG,stage3_block2,selected,True,0.0031039249151945114,0.0033620954491198063,0.42929553985595703,0.4914102256298065,0.03335762023925781,-0.002026095986366272,False
visformer_small,vit_base_patch16_224,49,ILSVRC2012_val_00026925.JPEG,stage3_block2,selected,True,0.017555497586727142,0.01746881566941738,0.43738043308258057,0.500564694404602,0.2402791976928711,0.05871307849884033,False
visformer_small,vit_base_patch16_224,48,ILSVRC2012_val_00026916.JPEG,stage3_block2,opposite,True,-0.0007338401628658175,-0.0011746748350560665,0.4283056855201721,0.48687952756881714,-0.06269454956054688,-0.009166613221168518,False
visformer_small,vit_base_patch16_224,49,ILSVRC2012_val_00026925.JPEG,stage3_block2,opposite,True,0.006151819601655006,0.0060462928377091885,0.437406986951828,0.49604061245918274,0.1640787124633789,0.047489672899246216,False
visformer_small,vit_base_patch16_224,48,ILSVRC2012_val_00026916.JPEG,stage3_block2,deviation,True,-0.0016114207683131099,-0.0020810526330024004,0.4260004758834839,0.49097177386283875,-0.005286216735839844,-0.0049604326486587524,False
visformer_small,vit_base_patch16_224,49,ILSVRC2012_val_00026925.JPEG,stage3_block2,deviation,True,0.008623417466878891,0.008496434427797794,0.4359986186027527,0.4922672212123871,0.2931861877441406,0.06297865509986877,False
visformer_small,vit_base_patch16_224,48,ILSVRC2012_val_00026916.JPEG,stage3_block2,random,True,-0.000329064903780818,-0.0010632179910317063,0.43112245202064514,0.4887130558490753,-0.05266380310058594,-0.006689384579658508,False
visformer_small,vit_base_patch16_224,49,ILSVRC2012_val_00026925.JPEG,stage3_block2,random,True,0.010318614542484283,0.010271064005792141,0.4380115270614624,0.49642592668533325,0.19141864776611328,0.045633673667907715,False
visformer_small,vit_base_patch16_224,48,ILSVRC2012_val_00026916.JPEG,stage3_block2,no_drop,True,0.003100554458796978,0.003446638584136963,0.49699723720550537,0.4973360300064087,-0.2068319320678711,-0.02856617420911789,False
visformer_small,vit_base_patch16_224,49,ILSVRC2012_val_00026925.JPEG,stage3_block2,no_drop,True,-0.004739598371088505,-0.005049026571214199,0.5072212219238281,0.5086894035339355,0.08726882934570312,0.030865222215652466,False
visformer_small,vit_base_patch16_224,50,ILSVRC2012_val_00026972.JPEG,stage3_block2,selected,True,0.01834467612206936,0.019506487995386124,0.4410674571990967,0.5009765625,0.3142843246459961,0.2007509171962738,False
visformer_small,vit_base_patch16_224,51,ILSVRC2012_val_00027124.JPEG,stage3_block2,selected,True,0.02485310658812523,0.02631327137351036,0.4406622052192688,0.5037401914596558,0.40620946884155273,0.19792193174362183,False
visformer_small,vit_base_patch16_224,50,ILSVRC2012_val_00026972.JPEG,stage3_block2,opposite,True,0.001421069842763245,0.0024495150428265333,0.4321189522743225,0.49332350492477417,0.10740852355957031,0.0619601309299469,False
visformer_small,vit_base_patch16_224,51,ILSVRC2012_val_00027124.JPEG,stage3_block2,opposite,True,0.023477908223867416,0.025644782930612564,0.44604989886283875,0.4938350319862366,0.4103531837463379,0.2404385209083557,False
visformer_small,vit_base_patch16_224,50,ILSVRC2012_val_00026972.JPEG,stage3_block2,deviation,True,0.015596180222928524,0.016736896708607674,0.43938004970550537,0.5023052096366882,0.2877922058105469,0.1629411280155182,False
visformer_small,vit_base_patch16_224,51,ILSVRC2012_val_00027124.JPEG,stage3_block2,deviation,True,0.019667377695441246,0.02104247733950615,0.4386027753353119,0.5026572942733765,0.25348520278930664,0.104217529296875,False
visformer_small,vit_base_patch16_224,50,ILSVRC2012_val_00026972.JPEG,stage3_block2,random,True,0.012595674954354763,0.013658931478857994,0.43997129797935486,0.5008835792541504,0.3509640693664551,0.19851025938987732,False
visformer_small,vit_base_patch16_224,51,ILSVRC2012_val_00027124.JPEG,stage3_block2,random,True,0.024099009111523628,0.02510647475719452,0.44201743602752686,0.5071814060211182,0.3244199752807617,0.16771936416625977,False
visformer_small,vit_base_patch16_224,50,ILSVRC2012_val_00026972.JPEG,stage3_block2,no_drop,True,0.014336027204990387,0.01525801233947277,0.5103170275688171,0.5106558203697205,0.18879985809326172,0.14541104435920715,False
visformer_small,vit_base_patch16_224,51,ILSVRC2012_val_00027124.JPEG,stage3_block2,no_drop,True,0.02697807177901268,0.02949686162173748,0.5168406963348389,0.5183088779449463,0.3442192077636719,0.1986902356147766,False
visformer_small,vit_base_patch16_224,52,ILSVRC2012_val_00027141.JPEG,stage3_block2,selected,True,0.01019317377358675,0.009776785038411617,0.4338860511779785,0.49232035875320435,0.29218482971191406,0.021567028015851974,False
visformer_small,vit_base_patch16_224,53,ILSVRC2012_val_00027148.JPEG,stage3_block2,selected,True,-0.00035990384640172124,-0.0008003533584997058,0.4279801845550537,0.4889455735683441,-0.12804126739501953,-0.010452494025230408,False
visformer_small,vit_base_patch16_224,52,ILSVRC2012_val_00027141.JPEG,stage3_block2,opposite,True,0.008280014619231224,0.007933178916573524,0.43174028396606445,0.4899088442325592,0.28983211517333984,0.02114938572049141,False
visformer_small,vit_base_patch16_224,53,ILSVRC2012_val_00027148.JPEG,stage3_block2,opposite,True,0.002859603613615036,0.0025317484978586435,0.4294217824935913,0.4852452576160431,-0.06411361694335938,-0.005728043615818024,False
visformer_small,vit_base_patch16_224,52,ILSVRC2012_val_00027141.JPEG,stage3_block2,deviation,True,0.010647064074873924,0.010531213134527206,0.43408533930778503,0.4919682741165161,0.18719482421875,0.015714328736066818,False
visformer_small,vit_base_patch16_224,53,ILSVRC2012_val_00027148.JPEG,stage3_block2,deviation,True,0.002484976314008236,0.0017159746494144201,0.43110916018486023,0.49119099974632263,0.0064697265625,-0.00017134100198745728,False
visformer_small,vit_base_patch16_224,52,ILSVRC2012_val_00027141.JPEG,stage3_block2,random,True,0.004351162351667881,0.004378020763397217,0.4327566921710968,0.4880221486091614,0.1908435821533203,0.013428952544927597,False
visformer_small,vit_base_patch16_224,53,ILSVRC2012_val_00027148.JPEG,stage3_block2,random,True,-0.00020361843053251505,-0.001543516293168068,0.42922911047935486,0.47951212525367737,0.04981231689453125,0.0034666508436203003,False
visformer_small,vit_base_patch16_224,52,ILSVRC2012_val_00027141.JPEG,stage3_block2,no_drop,True,0.004787959158420563,0.005230037495493889,0.502139151096344,0.5025776028633118,0.12026309967041016,0.007071975618600845,False
visformer_small,vit_base_patch16_224,53,ILSVRC2012_val_00027148.JPEG,stage3_block2,no_drop,True,0.00054797378834337,-0.0007747036870568991,0.5024713277816772,0.5020726919174194,0.00345611572265625,-0.000445537269115448,False
visformer_small,vit_base_patch16_224,54,ILSVRC2012_val_00027201.JPEG,stage3_block2,selected,True,0.0005399282672442496,0.0008123482693918049,0.42578789591789246,0.48376381397247314,0.0017404556274414062,2.0101666450500488e-05,False
visformer_small,vit_base_patch16_224,55,ILSVRC2012_val_00027287.JPEG,stage3_block2,selected,True,0.005578518845140934,0.005319701507687569,0.43005287647247314,0.49376195669174194,0.10517597198486328,0.010426744818687439,False
visformer_small,vit_base_patch16_224,54,ILSVRC2012_val_00027201.JPEG,stage3_block2,opposite,True,-0.0013499513734132051,-0.001581680029630661,0.42972734570503235,0.4861753284931183,-0.14418792724609375,-0.01587817072868347,False
visformer_small,vit_base_patch16_224,55,ILSVRC2012_val_00027287.JPEG,stage3_block2,opposite,True,0.004837495740503073,0.004083164036273956,0.4278605878353119,0.4797114133834839,0.08136558532714844,0.007216587662696838,False
visformer_small,vit_base_patch16_224,54,ILSVRC2012_val_00027201.JPEG,stage3_block2,deviation,True,0.0010461576748639345,0.0011670618550851941,0.4303252696990967,0.49358922243118286,-0.025992393493652344,0.0026703327894210815,False
visformer_small,vit_base_patch16_224,55,ILSVRC2012_val_00027287.JPEG,stage3_block2,deviation,True,0.006024731323122978,0.006207739468663931,0.42786723375320435,0.4889788031578064,0.054168701171875,0.0024123787879943848,False
visformer_small,vit_base_patch16_224,54,ILSVRC2012_val_00027201.JPEG,stage3_block2,random,True,-0.000196846725884825,7.685285527259111e-05,0.4301525354385376,0.4914700388908386,-0.0052700042724609375,0.004028007388114929,False
visformer_small,vit_base_patch16_224,55,ILSVRC2012_val_00027287.JPEG,stage3_block2,random,True,0.018383318558335304,0.018934737890958786,0.4301990270614624,0.48883265256881714,0.14714717864990234,0.017226308584213257,False
visformer_small,vit_base_patch16_224,54,ILSVRC2012_val_00027201.JPEG,stage3_block2,no_drop,True,0.0026715868152678013,0.0027769864536821842,0.5020195841789246,0.5020129084587097,0.024169921875,0.0025011003017425537,False
visformer_small,vit_base_patch16_224,55,ILSVRC2012_val_00027287.JPEG,stage3_block2,no_drop,True,0.00010922667570412159,-0.000638210098259151,0.5001195669174194,0.4997076988220215,0.0856170654296875,0.007391899824142456,False
visformer_small,vit_base_patch16_224,56,ILSVRC2012_val_00027348.JPEG,stage3_block2,selected,True,0.05820617824792862,0.0614863783121109,0.44786351919174194,0.5127949714660645,1.564849853515625,1.1640632152557373,True
visformer_small,vit_base_patch16_224,57,ILSVRC2012_val_00027385.JPEG,stage3_block2,selected,True,-0.0011601427104324102,-0.002986802253872156,0.42800673842430115,0.48636797070503235,-0.0720357894897461,-0.002111881971359253,False
visformer_small,vit_base_patch16_224,56,ILSVRC2012_val_00027348.JPEG,stage3_block2,opposite,True,0.06617775559425354,0.07061830163002014,0.4503348171710968,0.5006842613220215,1.9821281433105469,1.6249804496765137,True
visformer_small,vit_base_patch16_224,57,ILSVRC2012_val_00027385.JPEG,stage3_block2,opposite,True,-0.002394953044131398,-0.0032604855950921774,0.4271165430545807,0.47821667790412903,-0.007376670837402344,0.0011057928204536438,False
visformer_small,vit_base_patch16_224,56,ILSVRC2012_val_00027348.JPEG,stage3_block2,deviation,True,0.06057887524366379,0.06529734283685684,0.4509526491165161,0.5099649429321289,1.8318700790405273,1.5549862384796143,True
visformer_small,vit_base_patch16_224,57,ILSVRC2012_val_00027385.JPEG,stage3_block2,deviation,True,0.0033088226336985826,0.0027889919001609087,0.4274752736091614,0.4837837517261505,0.006075859069824219,0.002028949558734894,False
visformer_small,vit_base_patch16_224,56,ILSVRC2012_val_00027348.JPEG,stage3_block2,random,True,0.06991054862737656,0.07360559701919556,0.4529522657394409,0.5123299360275269,2.045989990234375,1.8291466236114502,True
visformer_small,vit_base_patch16_224,57,ILSVRC2012_val_00027385.JPEG,stage3_block2,random,True,0.0002543753944337368,-0.0013855928555130959,0.427847295999527,0.48754385113716125,0.018517494201660156,0.0020657628774642944,False
visformer_small,vit_base_patch16_224,56,ILSVRC2012_val_00027348.JPEG,stage3_block2,no_drop,True,0.06459614634513855,0.06816323846578598,0.5260217189788818,0.5272175073623657,2.3503150939941406,2.009983777999878,True
visformer_small,vit_base_patch16_224,57,ILSVRC2012_val_00027385.JPEG,stage3_block2,no_drop,True,0.0015745209529995918,-0.00027368240989744663,0.4993622303009033,0.49864476919174194,0.006754875183105469,0.0023206770420074463,False
visformer_small,vit_base_patch16_224,58,ILSVRC2012_val_00027498.JPEG,stage3_block2,selected,True,-0.0011996988905593753,-0.0009709117002785206,0.42768123745918274,0.48413583636283875,0.020145416259765625,0.00889337807893753,False
visformer_small,vit_base_patch16_224,59,ILSVRC2012_val_00027530.JPEG,stage3_block2,selected,True,0.006153176538646221,0.006579957902431488,0.43141475319862366,0.49467208981513977,0.07425689697265625,0.024270817637443542,False
visformer_small,vit_base_patch16_224,58,ILSVRC2012_val_00027498.JPEG,stage3_block2,opposite,True,-0.0002659149467945099,-0.00012506847269833088,0.4280266761779785,0.480282723903656,-0.07078075408935547,0.00028664618730545044,False
visformer_small,vit_base_patch16_224,59,ILSVRC2012_val_00027530.JPEG,stage3_block2,opposite,True,-0.004331799224019051,-0.004554283805191517,0.4295612871646881,0.49344971776008606,0.02613067626953125,0.007377713918685913,False
visformer_small,vit_base_patch16_224,58,ILSVRC2012_val_00027498.JPEG,stage3_block2,deviation,True,0.0011626139748841524,0.0015699275536462665,0.4274553656578064,0.47863519191741943,-0.02973651885986328,0.0019401311874389648,False
visformer_small,vit_base_patch16_224,59,ILSVRC2012_val_00027530.JPEG,stage3_block2,deviation,True,0.0003191933501511812,0.001363692106679082,0.43163397908210754,0.49636611342430115,0.09499359130859375,0.022471025586128235,False
visformer_small,vit_base_patch16_224,58,ILSVRC2012_val_00027498.JPEG,stage3_block2,random,True,0.005584878381341696,0.004627997521311045,0.433407723903656,0.49765491485595703,0.009539604187011719,0.011416636407375336,False
visformer_small,vit_base_patch16_224,59,ILSVRC2012_val_00027530.JPEG,stage3_block2,random,True,0.003651069011539221,0.0036458075046539307,0.4298402965068817,0.47977784276008606,0.12033271789550781,0.026684075593948364,False
visformer_small,vit_base_patch16_224,58,ILSVRC2012_val_00027498.JPEG,stage3_block2,no_drop,True,0.004337003454566002,0.004519653972238302,0.4985849857330322,0.49828603863716125,-0.019438743591308594,0.0030857697129249573,False
visformer_small,vit_base_patch16_224,59,ILSVRC2012_val_00027530.JPEG,stage3_block2,no_drop,True,-0.01120469905436039,-0.010406951420009136,0.5034279227256775,0.5041919350624084,0.0043430328369140625,0.002934500575065613,False
visformer_small,vit_base_patch16_224,60,ILSVRC2012_val_00027633.JPEG,stage3_block2,selected,True,0.013024790212512016,0.012768406420946121,0.43017908930778503,0.4918487071990967,0.12554550170898438,0.018252462148666382,False
visformer_small,vit_base_patch16_224,61,ILSVRC2012_val_00027636.JPEG,stage3_block2,selected,True,0.013229005970060825,0.014023092575371265,0.43556681275367737,0.500205934047699,0.11289787292480469,0.013341300189495087,False
visformer_small,vit_base_patch16_224,60,ILSVRC2012_val_00027633.JPEG,stage3_block2,opposite,True,0.007682806812226772,0.008097914978861809,0.42900988459587097,0.4801432192325592,0.15241241455078125,0.022393181920051575,False
visformer_small,vit_base_patch16_224,61,ILSVRC2012_val_00027636.JPEG,stage3_block2,opposite,True,0.01950814202427864,0.019587785005569458,0.438383549451828,0.4987444281578064,0.08337116241455078,0.010458528995513916,False
visformer_small,vit_base_patch16_224,60,ILSVRC2012_val_00027633.JPEG,stage3_block2,deviation,True,0.01593398116528988,0.015807796269655228,0.43341436982154846,0.4976084232330322,0.20915603637695312,0.032517820596694946,False
visformer_small,vit_base_patch16_224,61,ILSVRC2012_val_00027636.JPEG,stage3_block2,deviation,True,0.023965097963809967,0.02416841872036457,0.434776246547699,0.49714338779449463,0.15562915802001953,0.015678368508815765,False
visformer_small,vit_base_patch16_224,60,ILSVRC2012_val_00027633.JPEG,stage3_block2,random,True,0.007181175518780947,0.006884919945150614,0.4278406798839569,0.48394984006881714,0.20439815521240234,0.03176300227642059,False
visformer_small,vit_base_patch16_224,61,ILSVRC2012_val_00027636.JPEG,stage3_block2,random,True,0.01814747229218483,0.01854594610631466,0.43355390429496765,0.48861342668533325,0.05045127868652344,0.004804074764251709,False
visformer_small,vit_base_patch16_224,60,ILSVRC2012_val_00027633.JPEG,stage3_block2,no_drop,True,0.008256316184997559,0.007978471927344799,0.5043911933898926,0.5048031210899353,-0.06811141967773438,0.000517725944519043,False
visformer_small,vit_base_patch16_224,61,ILSVRC2012_val_00027636.JPEG,stage3_block2,no_drop,True,0.02752157486975193,0.02855575457215309,0.5113998651504517,0.5114729404449463,0.11612319946289062,0.012458547949790955,False
visformer_small,vit_base_patch16_224,62,ILSVRC2012_val_00027657.JPEG,stage3_block2,selected,True,0.06366358697414398,0.06766268610954285,0.4394996166229248,0.4964059889316559,0.7292842864990234,0.25344330072402954,False
visformer_small,vit_base_patch16_224,63,ILSVRC2012_val_00027790.JPEG,stage3_block2,selected,True,0.018148545175790787,0.018081683665513992,0.4407086968421936,0.4976748526096344,0.15450668334960938,0.06955727934837341,False
visformer_small,vit_base_patch16_224,62,ILSVRC2012_val_00027657.JPEG,stage3_block2,opposite,True,0.05337006226181984,0.056178733706474304,0.4377325177192688,0.49437978863716125,0.5938615798950195,0.18945367634296417,False
visformer_small,vit_base_patch16_224,63,ILSVRC2012_val_00027790.JPEG,stage3_block2,opposite,True,0.02132182940840721,0.021202698349952698,0.4431401491165161,0.5055736899375916,0.17770767211914062,0.0564405620098114,False
visformer_small,vit_base_patch16_224,62,ILSVRC2012_val_00027657.JPEG,stage3_block2,deviation,True,0.06981807202100754,0.07370248436927795,0.4396856427192688,0.4973626136779785,0.7541036605834961,0.2598663568496704,False
visformer_small,vit_base_patch16_224,63,ILSVRC2012_val_00027790.JPEG,stage3_block2,deviation,True,0.01839655451476574,0.019031686708331108,0.4427216053009033,0.5051153302192688,0.13243579864501953,0.046508729457855225,False
visformer_small,vit_base_patch16_224,62,ILSVRC2012_val_00027657.JPEG,stage3_block2,random,True,0.06512803584337234,0.06892669200897217,0.43932026624679565,0.4963993430137634,0.5890712738037109,0.19285617768764496,False
visformer_small,vit_base_patch16_224,63,ILSVRC2012_val_00027790.JPEG,stage3_block2,random,True,0.027751479297876358,0.027527330443263054,0.44287440180778503,0.5013020634651184,0.2166147232055664,0.07543638348579407,False
visformer_small,vit_base_patch16_224,62,ILSVRC2012_val_00027657.JPEG,stage3_block2,no_drop,True,0.06197872385382652,0.06601423025131226,0.5085698366165161,0.5083107352256775,0.8590469360351562,0.32314616441726685,False
visformer_small,vit_base_patch16_224,63,ILSVRC2012_val_00027790.JPEG,stage3_block2,no_drop,True,0.020327351987361908,0.019196832552552223,0.5107355713844299,0.5105030536651611,0.19467544555664062,0.07637113332748413,False
visformer_small,cait_s24_224,0,ILSVRC2012_val_00024479.JPEG,stage3_block2,selected,True,0.00262498389929533,0.0026962682604789734,0.42960113286972046,0.49230706691741943,-0.6471614837646484,-0.04004567116498947,False
visformer_small,cait_s24_224,1,ILSVRC2012_val_00024540.JPEG,stage3_block2,selected,True,0.003625451121479273,0.00334554142318666,0.432431161403656,0.48707881569862366,0.09351062774658203,0.009135589003562927,False
visformer_small,cait_s24_224,0,ILSVRC2012_val_00024479.JPEG,stage3_block2,opposite,True,0.0027271434664726257,0.0019028809620067477,0.4314878284931183,0.49226057529449463,-0.5124530792236328,-0.030696503818035126,False
visformer_small,cait_s24_224,1,ILSVRC2012_val_00024540.JPEG,stage3_block2,opposite,True,0.003964721690863371,0.0032223984599113464,0.43377313017845154,0.48654070496559143,0.007269859313964844,0.00336417555809021,False
visformer_small,cait_s24_224,0,ILSVRC2012_val_00024479.JPEG,stage3_block2,deviation,True,0.012273553758859634,0.012223795056343079,0.43043819069862366,0.4887595772743225,-0.4099092483520508,-0.02230759710073471,False
visformer_small,cait_s24_224,1,ILSVRC2012_val_00024540.JPEG,stage3_block2,deviation,True,-0.0016255727969110012,-0.002136597875505686,0.43126195669174194,0.491416871547699,0.03887748718261719,0.005141735076904297,False
visformer_small,cait_s24_224,0,ILSVRC2012_val_00024479.JPEG,stage3_block2,random,True,-0.00819420162588358,-0.008144952356815338,0.42833226919174194,0.4932902753353119,-0.33945274353027344,-0.025902286171913147,False
visformer_small,cait_s24_224,1,ILSVRC2012_val_00024540.JPEG,stage3_block2,random,True,0.004595084115862846,0.004547803197056055,0.4328164756298065,0.4921742081642151,0.17926406860351562,0.018523328006267548,False
visformer_small,cait_s24_224,0,ILSVRC2012_val_00024479.JPEG,stage3_block2,no_drop,True,0.005161636509001255,0.0058354707434773445,0.5015478730201721,0.5025111436843872,-0.1708087921142578,-0.005907729268074036,False
visformer_small,cait_s24_224,1,ILSVRC2012_val_00024540.JPEG,stage3_block2,no_drop,True,0.0046075498685240746,0.0036118212155997753,0.507626473903656,0.5079852342605591,0.04127025604248047,0.005065560340881348,False
visformer_small,cait_s24_224,2,ILSVRC2012_val_00024550.JPEG,stage3_block2,selected,True,0.03377465903759003,0.035358719527721405,0.4363507032394409,0.48226243257522583,0.33829212188720703,0.051917046308517456,False
visformer_small,cait_s24_224,3,ILSVRC2012_val_00024609.JPEG,stage3_block2,selected,True,0.015526864677667618,0.01725480705499649,0.4408482015132904,0.4960671663284302,0.24342727661132812,0.05198436975479126,False
visformer_small,cait_s24_224,2,ILSVRC2012_val_00024550.JPEG,stage3_block2,opposite,True,0.007466811686754227,0.008023545145988464,0.43372660875320435,0.48759034276008606,0.12995243072509766,0.022270500659942627,False
visformer_small,cait_s24_224,3,ILSVRC2012_val_00024609.JPEG,stage3_block2,opposite,True,0.01682211458683014,0.018420837819576263,0.4446282386779785,0.5008437037467957,0.2356710433959961,0.054322004318237305,False
visformer_small,cait_s24_224,2,ILSVRC2012_val_00024550.JPEG,stage3_block2,deviation,True,0.02049143984913826,0.022660182788968086,0.4355801045894623,0.4917490482330322,0.14437484741210938,0.022238776087760925,False
visformer_small,cait_s24_224,3,ILSVRC2012_val_00024609.JPEG,stage3_block2,deviation,True,0.013753567822277546,0.015373080037534237,0.4404562711715698,0.5046303868293762,0.1948680877685547,0.041538357734680176,False
visformer_small,cait_s24_224,2,ILSVRC2012_val_00024550.JPEG,stage3_block2,random,True,0.024886276572942734,0.026170894503593445,0.43578603863716125,0.49278539419174194,0.12557411193847656,0.023271501064300537,False
visformer_small,cait_s24_224,3,ILSVRC2012_val_00024609.JPEG,stage3_block2,random,True,0.009340418502688408,0.010384226217865944,0.4393468201160431,0.5059922337532043,0.23683452606201172,0.04949474334716797,False
visformer_small,cait_s24_224,2,ILSVRC2012_val_00024550.JPEG,stage3_block2,no_drop,True,0.006964659783989191,0.008014029823243618,0.5033482313156128,0.5026373863220215,0.15497112274169922,0.021004781126976013,False
visformer_small,cait_s24_224,3,ILSVRC2012_val_00024609.JPEG,stage3_block2,no_drop,True,0.02403295412659645,0.024237485602498055,0.5141236186027527,0.517206072807312,0.27918052673339844,0.0604100227355957,False
visformer_small,cait_s24_224,4,ILSVRC2012_val_00024637.JPEG,stage3_block2,selected,True,0.08447890728712082,0.08693260699510574,0.44791001081466675,0.5136652588844299,0.569727897644043,0.29502010345458984,False
visformer_small,cait_s24_224,5,ILSVRC2012_val_00024710.JPEG,stage3_block2,selected,True,-0.014099339954555035,-0.014146856032311916,0.42606690526008606,0.4879557192325592,-0.1633920669555664,-0.010929636657238007,False
visformer_small,cait_s24_224,4,ILSVRC2012_val_00024637.JPEG,stage3_block2,opposite,True,0.11165493726730347,0.12243569642305374,0.45018866658210754,0.505281388759613,1.1183624267578125,0.7955141067504883,True
visformer_small,cait_s24_224,5,ILSVRC2012_val_00024710.JPEG,stage3_block2,opposite,True,0.006995117757469416,0.006988173816353083,0.4292357563972473,0.4885270595550537,-0.14110660552978516,-0.009411744773387909,False
visformer_small,cait_s24_224,4,ILSVRC2012_val_00024637.JPEG,stage3_block2,deviation,True,0.11860477924346924,0.13047437369823456,0.4516236186027527,0.5122900605201721,1.1278867721557617,0.8172589540481567,True
visformer_small,cait_s24_224,5,ILSVRC2012_val_00024710.JPEG,stage3_block2,deviation,True,0.010576756671071053,0.01067430805414915,0.428524911403656,0.4888525605201721,0.022004127502441406,0.0013782232999801636,False
visformer_small,cait_s24_224,4,ILSVRC2012_val_00024637.JPEG,stage3_block2,random,True,0.11704082787036896,0.12959428131580353,0.4504743218421936,0.5150271058082581,1.1485719680786133,0.8053213953971863,True
visformer_small,cait_s24_224,5,ILSVRC2012_val_00024710.JPEG,stage3_block2,random,True,0.004185758531093597,0.004055416211485863,0.43142804503440857,0.48886585235595703,0.037993431091308594,0.004488006234169006,False
visformer_small,cait_s24_224,4,ILSVRC2012_val_00024637.JPEG,stage3_block2,no_drop,True,0.11311361938714981,0.12388739734888077,0.5240951776504517,0.5254305005073547,1.1710357666015625,0.8707243800163269,True
visformer_small,cait_s24_224,5,ILSVRC2012_val_00024710.JPEG,stage3_block2,no_drop,True,0.005287582986056805,0.005392676219344139,0.4968710243701935,0.495887815952301,-0.12278461456298828,-0.007070407271385193,False
visformer_small,cait_s24_224,6,ILSVRC2012_val_00024753.JPEG,stage3_block2,selected,True,0.003023548051714897,0.0023261841852217913,0.4303983449935913,0.4906396269798279,-0.3723735809326172,-0.061358727514743805,False
visformer_small,cait_s24_224,7,ILSVRC2012_val_00024781.JPEG,stage3_block2,selected,True,0.005481988191604614,0.005379328038543463,0.43294936418533325,0.4889522194862366,0.40511608123779297,0.08612702786922455,False
visformer_small,cait_s24_224,6,ILSVRC2012_val_00024753.JPEG,stage3_block2,opposite,True,0.0006147157400846481,0.00045603467151522636,0.4331552982330322,0.4927787482738495,-0.5300989151000977,-0.06798448413610458,False
visformer_small,cait_s24_224,7,ILSVRC2012_val_00024781.JPEG,stage3_block2,opposite,True,0.004988359287381172,0.00485659996047616,0.43560001254081726,0.4865008592605591,0.3630809783935547,0.09236492216587067,False
visformer_small,cait_s24_224,6,ILSVRC2012_val_00024753.JPEG,stage3_block2,deviation,True,0.0012503580655902624,0.0006763968849554658,0.43307557702064514,0.48723161220550537,-0.2747631072998047,-0.04509127885103226,False
visformer_small,cait_s24_224,7,ILSVRC2012_val_00024781.JPEG,stage3_block2,deviation,True,0.008537216112017632,0.008350968360900879,0.43797168135643005,0.4919084906578064,0.46290111541748047,0.12006618082523346,False
visformer_small,cait_s24_224,6,ILSVRC2012_val_00024753.JPEG,stage3_block2,random,True,0.004917137790471315,0.004568801261484623,0.4319860637187958,0.49416056275367737,-0.20914745330810547,-0.042873404920101166,False
visformer_small,cait_s24_224,7,ILSVRC2012_val_00024781.JPEG,stage3_block2,random,True,0.004068434238433838,0.003886226797476411,0.4326504170894623,0.4895634055137634,0.4720306396484375,0.10605360567569733,False
visformer_small,cait_s24_224,6,ILSVRC2012_val_00024753.JPEG,stage3_block2,no_drop,True,-0.002643842250108719,-0.0030086396727710962,0.5021191835403442,0.5017338991165161,-0.3489818572998047,-0.059764474630355835,False
visformer_small,cait_s24_224,7,ILSVRC2012_val_00024781.JPEG,stage3_block2,no_drop,True,0.002722297329455614,0.00279972143471241,0.5037534832954407,0.5037136077880859,0.44359874725341797,0.10563443601131439,False
visformer_small,cait_s24_224,8,ILSVRC2012_val_00024926.JPEG,stage3_block2,selected,True,0.0073159257881343365,0.008153790608048439,0.43668287992477417,0.502909779548645,0.17999649047851562,0.022224314510822296,False
visformer_small,cait_s24_224,9,ILSVRC2012_val_00025075.JPEG,stage3_block2,selected,True,-0.006595349870622158,-0.006579563487321138,0.42867109179496765,0.48974278569221497,-0.0006341934204101562,0.0020413845777511597,False
visformer_small,cait_s24_224,8,ILSVRC2012_val_00024926.JPEG,stage3_block2,opposite,True,0.012882368639111519,0.014654397964477539,0.4356265962123871,0.4983724057674408,0.17948436737060547,0.01899830996990204,False
visformer_small,cait_s24_224,9,ILSVRC2012_val_00025075.JPEG,stage3_block2,opposite,True,-0.0028946627862751484,-0.0029861154034733772,0.4263857901096344,0.4883144795894623,0.022581100463867188,0.008129939436912537,False
visformer_small,cait_s24_224,8,ILSVRC2012_val_00024926.JPEG,stage3_block2,deviation,True,0.002542025875300169,0.0018115693237632513,0.4371013939380646,0.5007839202880859,0.17202472686767578,0.016434036195278168,False
visformer_small,cait_s24_224,9,ILSVRC2012_val_00025075.JPEG,stage3_block2,deviation,True,0.0007919585332274437,0.000997368711978197,0.4271564185619354,0.4731212854385376,-0.07932090759277344,-0.0023197978734970093,False
visformer_small,cait_s24_224,8,ILSVRC2012_val_00024926.JPEG,stage3_block2,random,True,0.004139591008424759,0.005288334563374519,0.43443745374679565,0.4892843961715698,0.1148386001586914,0.014448367059230804,False
visformer_small,cait_s24_224,9,ILSVRC2012_val_00025075.JPEG,stage3_block2,random,True,-0.006321999244391918,-0.006375340279191732,0.431733638048172,0.48656728863716125,0.0028448104858398438,0.010087810456752777,False
visformer_small,cait_s24_224,8,ILSVRC2012_val_00024926.JPEG,stage3_block2,no_drop,True,-0.000638177152723074,-0.0021177767775952816,0.5038065910339355,0.5053877234458923,0.19564437866210938,0.016993097960948944,False
visformer_small,cait_s24_224,9,ILSVRC2012_val_00025075.JPEG,stage3_block2,no_drop,True,0.01012275367975235,0.010050144977867603,0.5005381107330322,0.5012555718421936,-0.14954376220703125,0.004642009735107422,False
visformer_small,cait_s24_224,10,ILSVRC2012_val_00025315.JPEG,stage3_block2,selected,True,0.014309416525065899,0.014436733908951283,0.4365699291229248,0.5023782849311829,0.27056884765625,0.05834338814020157,False
visformer_small,cait_s24_224,11,ILSVRC2012_val_00025390.JPEG,stage3_block2,selected,True,0.012298977002501488,0.012601107358932495,0.4337598383426666,0.48783615231513977,0.09114646911621094,0.01325150579214096,False
visformer_small,cait_s24_224,10,ILSVRC2012_val_00025315.JPEG,stage3_block2,opposite,True,0.002725333906710148,0.0017874514451250434,0.43079692125320435,0.4919682741165161,0.12359046936035156,0.012571319937705994,False
visformer_small,cait_s24_224,11,ILSVRC2012_val_00025390.JPEG,stage3_block2,opposite,True,0.011544767767190933,0.01206644531339407,0.4341052770614624,0.4919217824935913,0.2599477767944336,0.03565336763858795,False
visformer_small,cait_s24_224,10,ILSVRC2012_val_00025315.JPEG,stage3_block2,deviation,True,0.007450544275343418,0.006464133970439434,0.4340454936027527,0.4931507706642151,0.1747417449951172,0.014940425753593445,False
visformer_small,cait_s24_224,11,ILSVRC2012_val_00025390.JPEG,stage3_block2,deviation,True,-0.000676278374157846,-0.0005298858741298318,0.4321853816509247,0.4827474057674408,0.021904945373535156,0.008234739303588867,False
visformer_small,cait_s24_224,10,ILSVRC2012_val_00025315.JPEG,stage3_block2,random,True,0.006135530304163694,0.00561325391754508,0.42966756224632263,0.48711204528808594,0.08400535583496094,0.008878394961357117,False
visformer_small,cait_s24_224,11,ILSVRC2012_val_00025390.JPEG,stage3_block2,random,True,0.015697356313467026,0.016054851934313774,0.4379052519798279,0.4989570081233978,0.11650753021240234,0.06778275966644287,False
visformer_small,cait_s24_224,10,ILSVRC2012_val_00025315.JPEG,stage3_block2,no_drop,True,0.003122973721474409,0.002246430143713951,0.5056467652320862,0.5054807066917419,0.17969989776611328,0.020433001220226288,False
visformer_small,cait_s24_224,11,ILSVRC2012_val_00025390.JPEG,stage3_block2,no_drop,True,0.010923217982053757,0.011288214474916458,0.506437361240387,0.506271243095398,0.3023414611816406,0.0218857079744339,False
visformer_small,cait_s24_224,12,ILSVRC2012_val_00025402.JPEG,stage3_block2,selected,True,-0.007835039868950844,-0.007869958877563477,0.42554208636283875,0.48934417963027954,-0.076446533203125,-0.004983752965927124,False
visformer_small,cait_s24_224,13,ILSVRC2012_val_00025408.JPEG,stage3_block2,selected,True,0.0008595088729634881,0.0010714863892644644,0.433407723903656,0.4937221109867096,0.13625431060791016,0.008819680660963058,False
visformer_small,cait_s24_224,12,ILSVRC2012_val_00025402.JPEG,stage3_block2,opposite,True,-0.00013148831203579903,-0.00040984712541103363,0.42849835753440857,0.4893840253353119,-0.05046367645263672,-0.002623647451400757,False
visformer_small,cait_s24_224,13,ILSVRC2012_val_00025408.JPEG,stage3_block2,opposite,True,0.0002825732808560133,0.00035530468448996544,0.4330955147743225,0.4877564311027527,0.2504405975341797,0.0162002332508564,False
visformer_small,cait_s24_224,12,ILSVRC2012_val_00025402.JPEG,stage3_block2,deviation,True,-0.023985888808965683,-0.02383345179259777,0.42697039246559143,0.48593616485595703,-0.057898521423339844,-0.005484580993652344,False
visformer_small,cait_s24_224,13,ILSVRC2012_val_00025408.JPEG,stage3_block2,deviation,True,0.00269242818467319,0.0026024896651506424,0.4377325177192688,0.49526333808898926,0.31575775146484375,0.023091714829206467,False
visformer_small,cait_s24_224,12,ILSVRC2012_val_00025402.JPEG,stage3_block2,random,True,-0.01005104836076498,-0.009755641222000122,0.42357566952705383,0.4878959357738495,-0.07523632049560547,-0.007572442293167114,False
visformer_small,cait_s24_224,13,ILSVRC2012_val_00025408.JPEG,stage3_block2,random,True,0.0038587995804846287,0.004014694131910801,0.43633079528808594,0.4943997263908386,0.3283805847167969,0.023669537156820297,False
visformer_small,cait_s24_224,12,ILSVRC2012_val_00025402.JPEG,stage3_block2,no_drop,True,0.0002893502824008465,0.0010577141074463725,0.5035740733146667,0.5034146308898926,-0.11272430419921875,-0.007875680923461914,False
visformer_small,cait_s24_224,13,ILSVRC2012_val_00025408.JPEG,stage3_block2,no_drop,True,0.014260483905673027,0.01398575957864523,0.5088754296302795,0.5093072652816772,0.020784378051757812,0.000997241586446762,False
visformer_small,cait_s24_224,14,ILSVRC2012_val_00025416.JPEG,stage3_block2,selected,True,0.0015538374427706003,0.0025247847661376,0.4339790642261505,0.49572837352752686,-0.08552360534667969,-0.0003539063036441803,False
visformer_small,cait_s24_224,15,ILSVRC2012_val_00025440.JPEG,stage3_block2,selected,True,0.006442854180932045,0.006826222874224186,0.43730735778808594,0.49687767028808594,0.056900978088378906,0.009011387825012207,False
visformer_small,cait_s24_224,14,ILSVRC2012_val_00025416.JPEG,stage3_block2,opposite,True,0.015557504259049892,0.015768548473715782,0.4344905912876129,0.4882945418357849,0.16818809509277344,0.01927763596177101,False
visformer_small,cait_s24_224,15,ILSVRC2012_val_00025440.JPEG,stage3_block2,opposite,True,0.017953377217054367,0.0184989832341671,0.4381377696990967,0.5036870241165161,0.0645589828491211,0.011371776461601257,False
visformer_small,cait_s24_224,14,ILSVRC2012_val_00025416.JPEG,stage3_block2,deviation,True,0.00918261893093586,0.009630681946873665,0.4357129633426666,0.49081897735595703,0.04339790344238281,0.006750121712684631,False
visformer_small,cait_s24_224,15,ILSVRC2012_val_00025440.JPEG,stage3_block2,deviation,True,0.004719503689557314,0.005356868728995323,0.4377192258834839,0.4968045949935913,0.13487720489501953,0.020723730325698853,False
visformer_small,cait_s24_224,14,ILSVRC2012_val_00025416.JPEG,stage3_block2,random,True,-0.0006106545915827155,-0.0002621975727379322,0.4339923560619354,0.4929049611091614,0.12056159973144531,0.011229638010263443,False
visformer_small,cait_s24_224,15,ILSVRC2012_val_00025440.JPEG,stage3_block2,random,True,0.01974720135331154,0.020418614149093628,0.43833041191101074,0.49897029995918274,0.07806682586669922,0.011042490601539612,False
visformer_small,cait_s24_224,14,ILSVRC2012_val_00025416.JPEG,stage3_block2,no_drop,True,0.0099341394379735,0.009792434982955456,0.5064041018486023,0.5055471658706665,0.1902456283569336,0.02400057390332222,False
visformer_small,cait_s24_224,15,ILSVRC2012_val_00025440.JPEG,stage3_block2,no_drop,True,0.01096021942794323,0.010307923890650272,0.5108817219734192,0.5116057991981506,0.006381034851074219,0.00766967236995697,False
visformer_small,cait_s24_224,16,ILSVRC2012_val_00025446.JPEG,stage3_block2,selected,True,0.004334441851824522,0.00462101586163044,0.4281196892261505,0.47804394364356995,0.009015083312988281,0.0005897469818592072,False
visformer_small,cait_s24_224,17,ILSVRC2012_val_00025563.JPEG,stage3_block2,selected,True,-0.0027187305968254805,-0.0029365727677941322,0.4321388602256775,0.4972895383834839,0.048209190368652344,0.06557322293519974,False
visformer_small,cait_s24_224,16,ILSVRC2012_val_00025446.JPEG,stage3_block2,opposite,True,0.004491943866014481,0.005178449675440788,0.42822596430778503,0.4802362322807312,0.03154945373535156,0.0019349604845046997,False
visformer_small,cait_s24_224,17,ILSVRC2012_val_00025563.JPEG,stage3_block2,opposite,True,0.002751345746219158,0.00271721207536757,0.43806466460227966,0.49976083636283875,0.13079071044921875,0.05554042011499405,False
visformer_small,cait_s24_224,16,ILSVRC2012_val_00025446.JPEG,stage3_block2,deviation,True,-0.00041390483966097236,-6.643729284405708e-05,0.4253627359867096,0.4860491156578064,0.03491497039794922,0.002307053655385971,False
visformer_small,cait_s24_224,17,ILSVRC2012_val_00025563.JPEG,stage3_block2,deviation,True,-0.004742082674056292,-0.005657886154949665,0.43219202756881714,0.48993542790412903,-0.009526252746582031,0.03050226718187332,False
visformer_small,cait_s24_224,16,ILSVRC2012_val_00025446.JPEG,stage3_block2,random,True,0.005791974253952503,0.006766608450561762,0.42704346776008606,0.4856438636779785,0.005156517028808594,0.0003813430666923523,False
visformer_small,cait_s24_224,17,ILSVRC2012_val_00025563.JPEG,stage3_block2,random,True,-0.0009370162151753902,-0.00096890889108181,0.43335458636283875,0.4971035420894623,0.09720611572265625,0.05441204458475113,False
visformer_small,cait_s24_224,16,ILSVRC2012_val_00025446.JPEG,stage3_block2,no_drop,True,-0.0002165534533560276,0.0003636197652667761,0.4982461631298065,0.498159795999527,0.011929512023925781,0.0007183365523815155,False
visformer_small,cait_s24_224,17,ILSVRC2012_val_00025563.JPEG,stage3_block2,no_drop,True,0.0025127935223281384,0.001979105407372117,0.5077261328697205,0.5080516338348389,0.09301185607910156,0.07302436977624893,False
visformer_small,cait_s24_224,18,ILSVRC2012_val_00025800.JPEG,stage3_block2,selected,True,-0.00010948313865810633,-0.0015505620976909995,0.43668287992477417,0.4964391887187958,0.3666563034057617,0.02539518103003502,False
visformer_small,cait_s24_224,19,ILSVRC2012_val_00025844.JPEG,stage3_block2,selected,True,0.0034561604261398315,0.0034649863373488188,0.4387888014316559,0.4901878833770752,0.07728958129882812,0.0059532299637794495,False
visformer_small,cait_s24_224,18,ILSVRC2012_val_00025800.JPEG,stage3_block2,opposite,True,-0.006370422430336475,-0.007445302791893482,0.4333014488220215,0.49197492003440857,0.20450687408447266,0.011608172208070755,False
visformer_small,cait_s24_224,19,ILSVRC2012_val_00025844.JPEG,stage3_block2,opposite,True,0.004137800075113773,0.0046792044304311275,0.43687552213668823,0.48826131224632263,0.08426475524902344,0.007009811699390411,False
visformer_small,cait_s24_224,18,ILSVRC2012_val_00025800.JPEG,stage3_block2,deviation,True,-0.0006729811429977417,-0.0013411224354058504,0.4377923011779785,0.4990234375,0.2538461685180664,0.016261186450719833,False
visformer_small,cait_s24_224,19,ILSVRC2012_val_00025844.JPEG,stage3_block2,deviation,True,0.010618718340992928,0.010739030316472054,0.4394198954105377,0.5031489133834839,0.05590629577636719,0.003746308386325836,False
visformer_small,cait_s24_224,18,ILSVRC2012_val_00025800.JPEG,stage3_block2,random,True,-0.004296914674341679,-0.004309611860662699,0.4373339116573334,0.48872634768486023,0.2715415954589844,0.01617441698908806,False
visformer_small,cait_s24_224,19,ILSVRC2012_val_00025844.JPEG,stage3_block2,random,True,0.005511523224413395,0.005886913277208805,0.4376262128353119,0.49692416191101074,0.1278705596923828,0.009064659476280212,False
visformer_small,cait_s24_224,18,ILSVRC2012_val_00025800.JPEG,stage3_block2,no_drop,True,-0.0031474235001951456,-0.0025816226843744516,0.5068957209587097,0.5059856176376343,0.18124103546142578,0.01043543592095375,False
visformer_small,cait_s24_224,19,ILSVRC2012_val_00025844.JPEG,stage3_block2,no_drop,True,0.004724008031189442,0.004999497905373573,0.5076464414596558,0.5079254508018494,0.08307170867919922,0.00660083070397377,False
visformer_small,cait_s24_224,20,ILSVRC2012_val_00025851.JPEG,stage3_block2,selected,True,0.006123792380094528,0.006101056467741728,0.4290829598903656,0.4839896857738495,0.19908523559570312,0.012941300868988037,False
visformer_small,cait_s24_224,21,ILSVRC2012_val_00025907.JPEG,stage3_block2,selected,True,0.005430305376648903,0.005591118708252907,0.4400244355201721,0.4960472583770752,0.20210742950439453,0.02789132297039032,False
visformer_small,cait_s24_224,20,ILSVRC2012_val_00025851.JPEG,stage3_block2,opposite,True,-0.004028335213661194,-0.004048164933919907,0.42961442470550537,0.4811197817325592,0.3644132614135742,0.026698261499404907,False
visformer_small,cait_s24_224,21,ILSVRC2012_val_00025907.JPEG,stage3_block2,opposite,True,0.005105757154524326,0.0055734748020768166,0.4374535083770752,0.49061304330825806,0.23750686645507812,0.03925776481628418,False
visformer_small,cait_s24_224,20,ILSVRC2012_val_00025851.JPEG,stage3_block2,deviation,True,-0.002096551237627864,-0.0022700633853673935,0.4290364682674408,0.4841557741165161,0.1831045150756836,0.010677434504032135,False
visformer_small,cait_s24_224,21,ILSVRC2012_val_00025907.JPEG,stage3_block2,deviation,True,0.00700550340116024,0.0072491103783249855,0.4394664168357849,0.47967156767845154,0.2424468994140625,0.03929056227207184,False
visformer_small,cait_s24_224,20,ILSVRC2012_val_00025851.JPEG,stage3_block2,random,True,0.004568942356854677,0.005286538042128086,0.42964765429496765,0.49062633514404297,0.20638751983642578,0.014697499573230743,False
visformer_small,cait_s24_224,21,ILSVRC2012_val_00025907.JPEG,stage3_block2,random,True,0.0006940951570868492,0.0006840970017947257,0.43783217668533325,0.49204134941101074,0.4210834503173828,0.057604268193244934,False
visformer_small,cait_s24_224,20,ILSVRC2012_val_00025851.JPEG,stage3_block2,no_drop,True,-0.012560836970806122,-0.013014482334256172,0.49893707036972046,0.4994286894798279,0.032752037048339844,0.001503273844718933,False
visformer_small,cait_s24_224,21,ILSVRC2012_val_00025907.JPEG,stage3_block2,no_drop,True,0.003310375614091754,0.0034568230621516705,0.5112670063972473,0.5112670063972473,0.23369312286376953,0.032420456409454346,False
visformer_small,cait_s24_224,22,ILSVRC2012_val_00025989.JPEG,stage3_block2,selected,True,-0.006992575246840715,-0.00698825903236866,0.4259473383426666,0.48842740058898926,-0.10207176208496094,-0.009840905666351318,False
visformer_small,cait_s24_224,23,ILSVRC2012_val_00026068.JPEG,stage3_block2,selected,True,-0.009699156507849693,-0.009007890708744526,0.4240008592605591,0.4869924485683441,0.019199371337890625,0.014637842774391174,False
visformer_small,cait_s24_224,22,ILSVRC2012_val_00025989.JPEG,stage3_block2,opposite,True,-0.006678839214146137,-0.006914792116731405,0.4290962517261505,0.4889322817325592,-0.09855270385742188,-0.010722286999225616,False
visformer_small,cait_s24_224,23,ILSVRC2012_val_00026068.JPEG,stage3_block2,opposite,True,0.0010521633084863424,0.0013449001125991344,0.4232368767261505,0.48624175786972046,-0.007343292236328125,0.008677579462528229,False
visformer_small,cait_s24_224,22,ILSVRC2012_val_00025989.JPEG,stage3_block2,deviation,True,-0.002562412293627858,-0.0029244001489132643,0.42800673842430115,0.47100207209587097,-0.06231498718261719,-0.007863238453865051,False
visformer_small,cait_s24_224,23,ILSVRC2012_val_00026068.JPEG,stage3_block2,deviation,True,-0.025293676182627678,-0.025060994550585747,0.42150962352752686,0.47617053985595703,-0.040714263916015625,0.009506091475486755,False
visformer_small,cait_s24_224,22,ILSVRC2012_val_00025989.JPEG,stage3_block2,random,True,-0.007522035855799913,-0.007650379557162523,0.4277808666229248,0.4891913831233978,-0.0899972915649414,-0.010240346193313599,False
visformer_small,cait_s24_224,23,ILSVRC2012_val_00026068.JPEG,stage3_block2,random,True,0.01225048117339611,0.012632590718567371,0.42812633514404297,0.4925927519798279,0.01867198944091797,0.011603660881519318,False
visformer_small,cait_s24_224,22,ILSVRC2012_val_00025989.JPEG,stage3_block2,no_drop,True,-0.0018671394791454077,-0.0018333835760131478,0.49875107407569885,0.4988042116165161,-0.07430076599121094,-0.010161764919757843,False
visformer_small,cait_s24_224,23,ILSVRC2012_val_00026068.JPEG,stage3_block2,no_drop,True,-0.015980709344148636,-0.015270219184458256,0.4929647743701935,0.4933367967605591,-0.1687755584716797,0.01322898268699646,False
visformer_small,cait_s24_224,24,ILSVRC2012_val_00026088.JPEG,stage3_block2,selected,True,0.01677810586988926,0.01673276722431183,0.4336402416229248,0.4961535334587097,-0.0212554931640625,-0.002085186541080475,False
visformer_small,cait_s24_224,25,ILSVRC2012_val_00026113.JPEG,stage3_block2,selected,True,0.031006179749965668,0.03251637518405914,0.441499263048172,0.4977014362812042,0.22619152069091797,0.061519160866737366,False
visformer_small,cait_s24_224,24,ILSVRC2012_val_00026088.JPEG,stage3_block2,opposite,True,0.025836419314146042,0.026254065334796906,0.4335140287876129,0.48084741830825806,0.09728622436523438,0.00817997008562088,False
visformer_small,cait_s24_224,25,ILSVRC2012_val_00026113.JPEG,stage3_block2,opposite,True,0.050319187343120575,0.052156995981931686,0.4470065236091614,0.502949595451355,0.3968620300292969,0.08855384588241577,False
visformer_small,cait_s24_224,24,ILSVRC2012_val_00026088.JPEG,stage3_block2,deviation,True,0.01857246458530426,0.01851668208837509,0.43368011713027954,0.49841225147247314,0.045767784118652344,0.004630908370018005,False
visformer_small,cait_s24_224,25,ILSVRC2012_val_00026113.JPEG,stage3_block2,deviation,True,0.04575934261083603,0.04754168540239334,0.44545865058898926,0.5100778341293335,0.2715883255004883,0.08531564474105835,False
visformer_small,cait_s24_224,24,ILSVRC2012_val_00026088.JPEG,stage3_block2,random,True,-0.008598128333687782,-0.009705726988613605,0.4300130307674408,0.48850712180137634,0.07935237884521484,0.006219066679477692,False
visformer_small,cait_s24_224,25,ILSVRC2012_val_00026113.JPEG,stage3_block2,random,True,0.056159473955631256,0.05786367505788803,0.44936490058898926,0.49593430757522583,0.33195018768310547,0.09123264253139496,False
visformer_small,cait_s24_224,24,ILSVRC2012_val_00026088.JPEG,stage3_block2,no_drop,True,0.048552628606557846,0.04874448478221893,0.5073873400688171,0.5073740482330322,0.039078712463378906,0.007856562733650208,False
visformer_small,cait_s24_224,25,ILSVRC2012_val_00026113.JPEG,stage3_block2,no_drop,True,0.04453127831220627,0.04637584835290909,0.5186476707458496,0.5207004547119141,0.3195686340332031,0.08801847696304321,False
visformer_small,cait_s24_224,26,ILSVRC2012_val_00026139.JPEG,stage3_block2,selected,True,0.006585056893527508,0.007072386331856251,0.4312951862812042,0.490141361951828,0.09694957733154297,0.032312750816345215,False
visformer_small,cait_s24_224,27,ILSVRC2012_val_00026145.JPEG,stage3_block2,selected,True,0.00763326371088624,0.008633389137685299,0.44449537992477417,0.5121240019798279,0.5940284729003906,0.4221041798591614,False
visformer_small,cait_s24_224,26,ILSVRC2012_val_00026139.JPEG,stage3_block2,opposite,True,-0.0035527190193533897,-0.0031780230347067118,0.42921581864356995,0.4902609586715698,0.19642353057861328,0.025237970054149628,False
visformer_small,cait_s24_224,27,ILSVRC2012_val_00026145.JPEG,stage3_block2,opposite,True,0.014034601859748363,0.014578779228031635,0.44290098547935486,0.504676878452301,0.7084217071533203,0.4761386513710022,False
visformer_small,cait_s24_224,26,ILSVRC2012_val_00026139.JPEG,stage3_block2,deviation,True,0.00021597486920654774,0.00035925721749663353,0.43201929330825806,0.49027422070503235,0.23424243927001953,0.03086254745721817,False
visformer_small,cait_s24_224,27,ILSVRC2012_val_00026145.JPEG,stage3_block2,deviation,True,0.012562181800603867,0.013040570542216301,0.44096115231513977,0.49186861515045166,0.5226974487304688,0.36163318157196045,False
visformer_small,cait_s24_224,26,ILSVRC2012_val_00026139.JPEG,stage3_block2,random,True,0.00936521403491497,0.009840255603194237,0.4276679456233978,0.4831061363220215,0.2769765853881836,0.036137476563453674,False
visformer_small,cait_s24_224,27,ILSVRC2012_val_00026145.JPEG,stage3_block2,random,True,0.013360350392758846,0.013873958960175514,0.44451531767845154,0.5106026530265808,0.5347328186035156,0.3983003497123718,False
visformer_small,cait_s24_224,26,ILSVRC2012_val_00026139.JPEG,stage3_block2,no_drop,True,-0.00015115388669073582,-0.000412220717407763,0.4996744692325592,0.4996013939380646,0.2791109085083008,0.03593164682388306,False
visformer_small,cait_s24_224,27,ILSVRC2012_val_00026145.JPEG,stage3_block2,no_drop,True,-0.021752601489424706,-0.020397400483489037,0.5205144286155701,0.5208399891853333,0.7337503433227539,0.5316336750984192,False
visformer_small,cait_s24_224,28,ILSVRC2012_val_00026189.JPEG,stage3_block2,selected,True,-0.0017274126876145601,-0.002049727365374565,0.4310693144798279,0.4915829598903656,0.3959016799926758,0.0342378169298172,False
visformer_small,cait_s24_224,29,ILSVRC2012_val_00026202.JPEG,stage3_block2,selected,True,0.009232332929968834,0.007348349317908287,0.43408533930778503,0.48827460408210754,-0.020566940307617188,0.004475906491279602,False
visformer_small,cait_s24_224,28,ILSVRC2012_val_00026189.JPEG,stage3_block2,opposite,True,-0.006945774890482426,-0.00689936988055706,0.430757075548172,0.49293819069862366,0.1162567138671875,0.009938441216945648,False
visformer_small,cait_s24_224,29,ILSVRC2012_val_00026202.JPEG,stage3_block2,opposite,True,-0.003755029058083892,-0.0050616152584552765,0.430850088596344,0.4854312837123871,-0.09144973754882812,0.006107911467552185,False
visformer_small,cait_s24_224,28,ILSVRC2012_val_00026189.JPEG,stage3_block2,deviation,True,-0.0054999589920043945,-0.005572381895035505,0.4322783946990967,0.491396963596344,0.27922534942626953,0.02383808046579361,False
visformer_small,cait_s24_224,29,ILSVRC2012_val_00026202.JPEG,stage3_block2,deviation,True,0.005292749032378197,0.0041243573650717735,0.43000638484954834,0.4941539168357849,0.0244903564453125,0.016290485858917236,False
visformer_small,cait_s24_224,28,ILSVRC2012_val_00026189.JPEG,stage3_block2,random,True,-0.012480244040489197,-0.012294318526983261,0.42764800786972046,0.4901280701160431,0.3077268600463867,0.023858554661273956,False
visformer_small,cait_s24_224,29,ILSVRC2012_val_00026202.JPEG,stage3_block2,random,True,-0.005852051079273224,-0.0076169203966856,0.4307902753353119,0.48030930757522583,0.05153846740722656,0.02059224247932434,False
visformer_small,cait_s24_224,28,ILSVRC2012_val_00026189.JPEG,stage3_block2,no_drop,True,-0.014168108813464642,-0.014994645491242409,0.5006510615348816,0.5006178021430969,0.08069705963134766,0.009908273816108704,False
visformer_small,cait_s24_224,29,ILSVRC2012_val_00026202.JPEG,stage3_block2,no_drop,True,0.009234966710209846,0.008080056868493557,0.5044775605201721,0.5048097372055054,0.024196624755859375,0.00928148627281189,False
visformer_small,cait_s24_224,30,ILSVRC2012_val_00026226.JPEG,stage3_block2,selected,True,-0.015735983848571777,-0.015937650576233864,0.424990713596344,0.4879756569862366,0.31746673583984375,0.05727778375148773,False
visformer_small,cait_s24_224,31,ILSVRC2012_val_00026280.JPEG,stage3_block2,selected,True,-0.003678441746160388,-0.0034070408437401056,0.42815953493118286,0.4926525354385376,0.27585506439208984,0.0090462826192379,False
visformer_small,cait_s24_224,30,ILSVRC2012_val_00026226.JPEG,stage3_block2,opposite,True,-0.006004215218126774,-0.005886075086891651,0.42769452929496765,0.4913770258426666,0.6524744033813477,0.12418290972709656,False
visformer_small,cait_s24_224,31,ILSVRC2012_val_00026280.JPEG,stage3_block2,opposite,True,-0.0009040000149980187,0.00013563106767833233,0.42637914419174194,0.4811862111091614,0.16173839569091797,0.01305760070681572,False
visformer_small,cait_s24_224,30,ILSVRC2012_val_00026226.JPEG,stage3_block2,deviation,True,-0.001531476154923439,-0.0009539509192109108,0.4311888813972473,0.49495774507522583,0.4047107696533203,0.07513962686061859,False
visformer_small,cait_s24_224,31,ILSVRC2012_val_00026280.JPEG,stage3_block2,deviation,True,-0.00707197654992342,-0.006024755071848631,0.42855149507522583,0.4862218201160431,0.3028755187988281,0.018917765468358994,False
visformer_small,cait_s24_224,30,ILSVRC2012_val_00026226.JPEG,stage3_block2,random,True,0.0021132677793502808,0.001700381631962955,0.43136826157569885,0.4918420612812042,0.49613380432128906,0.07564416527748108,False
visformer_small,cait_s24_224,31,ILSVRC2012_val_00026280.JPEG,stage3_block2,random,True,-0.0049935197457671165,-0.004499031696468592,0.4255354404449463,0.48878613114356995,0.4475240707397461,0.029910091310739517,False
visformer_small,cait_s24_224,30,ILSVRC2012_val_00026226.JPEG,stage3_block2,no_drop,True,-0.012275731191039085,-0.01239784061908722,0.5010164380073547,0.5010031461715698,1.3036994934082031,0.3219214379787445,False
visformer_small,cait_s24_224,31,ILSVRC2012_val_00026280.JPEG,stage3_block2,no_drop,True,0.01246537547558546,0.012939710170030594,0.49729618430137634,0.4978143572807312,0.2745046615600586,0.016319673508405685,False
visformer_small,cait_s24_224,32,ILSVRC2012_val_00026315.JPEG,stage3_block2,selected,True,0.010867851786315441,0.011156091466546059,0.4352545738220215,0.49484482407569885,0.03179931640625,0.024467334151268005,False
visformer_small,cait_s24_224,33,ILSVRC2012_val_00026328.JPEG,stage3_block2,selected,True,0.0004893893492408097,0.00013339740689843893,0.42881059646606445,0.48628827929496765,-0.08844184875488281,0.015341788530349731,False
visformer_small,cait_s24_224,32,ILSVRC2012_val_00026315.JPEG,stage3_block2,opposite,True,0.0021820820402354,0.0022366251796483994,0.42972734570503235,0.48742425441741943,0.04694843292236328,0.027446240186691284,False
visformer_small,cait_s24_224,33,ILSVRC2012_val_00026328.JPEG,stage3_block2,opposite,True,0.00566342705860734,0.005608656909316778,0.43155425786972046,0.49404096603393555,0.08221054077148438,0.010304093360900879,False
visformer_small,cait_s24_224,32,ILSVRC2012_val_00026315.JPEG,stage3_block2,deviation,True,8.94992845132947e-05,0.00028215034399181604,0.42775431275367737,0.49166932702064514,0.08666419982910156,0.02374117076396942,False
visformer_small,cait_s24_224,33,ILSVRC2012_val_00026328.JPEG,stage3_block2,deviation,True,0.0017260868335142732,0.001609928673133254,0.4312088191509247,0.496206670999527,-0.15151214599609375,0.015112653374671936,False
visformer_small,cait_s24_224,32,ILSVRC2012_val_00026315.JPEG,stage3_block2,random,True,-0.003033040789887309,-0.0026446301490068436,0.43203258514404297,0.49093857407569885,-0.03941059112548828,0.013317540287971497,False
visformer_small,cait_s24_224,33,ILSVRC2012_val_00026328.JPEG,stage3_block2,random,True,0.003661321010440588,0.0032204841263592243,0.4320724308490753,0.4900948703289032,-0.12053680419921875,0.01668781042098999,False
visformer_small,cait_s24_224,32,ILSVRC2012_val_00026315.JPEG,stage3_block2,no_drop,True,-0.002360357902944088,-0.0026975669898092747,0.5028765201568604,0.5028699040412903,0.1671428680419922,0.04283727705478668,False
visformer_small,cait_s24_224,33,ILSVRC2012_val_00026328.JPEG,stage3_block2,no_drop,True,0.0006631244905292988,0.0001009624102152884,0.5025045275688171,0.5026440024375916,0.05496978759765625,0.007506541907787323,False
visformer_small,cait_s24_224,34,ILSVRC2012_val_00026332.JPEG,stage3_block2,selected,True,0.048844560980796814,0.04932655021548271,0.44299399852752686,0.5086097121238708,1.0635852813720703,0.18880754709243774,False
visformer_small,cait_s24_224,35,ILSVRC2012_val_00026390.JPEG,stage3_block2,selected,True,-0.018544459715485573,-0.020000768825411797,0.4229179918766022,0.48396310210227966,-0.38594627380371094,-0.005755264312028885,False
visformer_small,cait_s24_224,34,ILSVRC2012_val_00026332.JPEG,stage3_block2,opposite,True,0.052390001714229584,0.052833832800388336,0.4482754170894623,0.5064173936843872,1.4349603652954102,0.3033818304538727,False
visformer_small,cait_s24_224,35,ILSVRC2012_val_00026390.JPEG,stage3_block2,opposite,True,0.011045888066291809,0.012462787330150604,0.4323381781578064,0.4957217276096344,-0.00411224365234375,-0.0012061335146427155,False
visformer_small,cait_s24_224,34,ILSVRC2012_val_00026332.JPEG,stage3_block2,deviation,True,0.05451754480600357,0.055180881172418594,0.44501355290412903,0.4989570081233978,1.5349845886230469,0.35430991649627686,False
visformer_small,cait_s24_224,35,ILSVRC2012_val_00026390.JPEG,stage3_block2,deviation,True,0.0473640151321888,0.048295170068740845,0.4342580735683441,0.49196162819862366,0.36335182189941406,0.014393128454685211,False
visformer_small,cait_s24_224,34,ILSVRC2012_val_00026332.JPEG,stage3_block2,random,True,0.04996625334024429,0.05029953271150589,0.4468803107738495,0.5103967189788818,1.6114377975463867,0.3549383282661438,False
visformer_small,cait_s24_224,35,ILSVRC2012_val_00026390.JPEG,stage3_block2,random,True,0.03328823298215866,0.035154931247234344,0.4299532175064087,0.4864078462123871,0.23218917846679688,0.007661566138267517,False
visformer_small,cait_s24_224,34,ILSVRC2012_val_00026332.JPEG,stage3_block2,no_drop,True,0.04754962772130966,0.04862498492002487,0.5206007957458496,0.5209529399871826,1.7906360626220703,0.4563332796096802,False
visformer_small,cait_s24_224,35,ILSVRC2012_val_00026390.JPEG,stage3_block2,no_drop,True,0.043717652559280396,0.04583865404129028,0.5063377022743225,0.5079121589660645,0.2511873245239258,0.009210024029016495,False
visformer_small,cait_s24_224,36,ILSVRC2012_val_00026397.JPEG,stage3_block2,selected,True,0.008760528638958931,0.009170101024210453,0.4272959232330322,0.48765677213668823,0.04332160949707031,0.001827731728553772,False
visformer_small,cait_s24_224,37,ILSVRC2012_val_00026436.JPEG,stage3_block2,selected,True,-0.007715876679867506,-0.00831272080540657,0.4246518909931183,0.48574352264404297,-0.06499862670898438,-0.0020229145884513855,False
visformer_small,cait_s24_224,36,ILSVRC2012_val_00026397.JPEG,stage3_block2,opposite,True,-0.0016735463868826628,-0.0011733765713870525,0.4263525605201721,0.4759911894798279,-0.11546707153320312,-0.009673327207565308,False
visformer_small,cait_s24_224,37,ILSVRC2012_val_00026436.JPEG,stage3_block2,opposite,True,0.024239402264356613,0.023841150104999542,0.43542730808258057,0.4937818944454193,0.15962505340576172,0.0408523753285408,False
visformer_small,cait_s24_224,36,ILSVRC2012_val_00026397.JPEG,stage3_block2,deviation,True,0.013059545308351517,0.01240887027233839,0.4273158609867096,0.4883078336715698,-0.03510570526123047,-0.00304364413022995,False
visformer_small,cait_s24_224,37,ILSVRC2012_val_00026436.JPEG,stage3_block2,deviation,True,0.0209022406488657,0.02069990150630474,0.4327434003353119,0.4893840253353119,0.07219982147216797,0.034098125994205475,False
visformer_small,cait_s24_224,36,ILSVRC2012_val_00026397.JPEG,stage3_block2,random,True,0.006930560804903507,0.0075350571423769,0.4270368218421936,0.4803624451160431,-0.0883169174194336,-0.005098268389701843,False
visformer_small,cait_s24_224,37,ILSVRC2012_val_00026436.JPEG,stage3_block2,random,True,0.01397857815027237,0.01348209660500288,0.43208572268486023,0.48960989713668823,-0.08196830749511719,0.0037799328565597534,False
visformer_small,cait_s24_224,36,ILSVRC2012_val_00026397.JPEG,stage3_block2,no_drop,True,0.013246120885014534,0.013633162714540958,0.4968510866165161,0.4964391887187958,-0.09871196746826172,-0.008248664438724518,False
visformer_small,cait_s24_224,37,ILSVRC2012_val_00026436.JPEG,stage3_block2,no_drop,True,0.012123534455895424,0.011290701106190681,0.502351701259613,0.5024845600128174,0.1726236343383789,0.043549977242946625,False
visformer_small,cait_s24_224,38,ILSVRC2012_val_00026490.JPEG,stage3_block2,selected,True,0.01336333155632019,0.013265770860016346,0.4406289756298065,0.49050673842430115,0.44496631622314453,0.09164415299892426,False
visformer_small,cait_s24_224,39,ILSVRC2012_val_00026510.JPEG,stage3_block2,selected,True,-0.0009373779175803065,-0.0009942457545548677,0.4263592064380646,0.48241522908210754,-0.05011558532714844,0.00011620670557022095,False
visformer_small,cait_s24_224,38,ILSVRC2012_val_00026490.JPEG,stage3_block2,opposite,True,0.015567835420370102,0.015223216265439987,0.44178491830825806,0.5018268823623657,0.4410133361816406,0.049814820289611816,False
visformer_small,cait_s24_224,39,ILSVRC2012_val_00026510.JPEG,stage3_block2,opposite,True,0.005795186385512352,0.006366017274558544,0.43248432874679565,0.48958998918533325,-0.009298324584960938,0.0027003809809684753,False
visformer_small,cait_s24_224,38,ILSVRC2012_val_00026490.JPEG,stage3_block2,deviation,True,0.013829927891492844,0.013574137352406979,0.44142618775367737,0.5013220310211182,0.39394474029541016,0.08428379893302917,False
visformer_small,cait_s24_224,39,ILSVRC2012_val_00026510.JPEG,stage3_block2,deviation,True,0.0031472202390432358,0.0036115306429564953,0.42998644709587097,0.48972949385643005,-0.08703422546386719,-0.002739332616329193,False
visformer_small,cait_s24_224,38,ILSVRC2012_val_00026490.JPEG,stage3_block2,random,True,0.016864893957972527,0.0170871764421463,0.44466811418533325,0.49671822786331177,0.5020561218261719,0.07144849002361298,False
visformer_small,cait_s24_224,39,ILSVRC2012_val_00026510.JPEG,stage3_block2,random,True,0.007131501566618681,0.007545655593276024,0.42949485778808594,0.49325042963027954,-0.09166622161865234,-0.00016449391841888428,False
visformer_small,cait_s24_224,38,ILSVRC2012_val_00026490.JPEG,stage3_block2,no_drop,True,0.01376614160835743,0.014062246307730675,0.515997052192688,0.5162428021430969,0.31731319427490234,0.0552196130156517,False
visformer_small,cait_s24_224,39,ILSVRC2012_val_00026510.JPEG,stage3_block2,no_drop,True,0.007837064564228058,0.008519072085618973,0.5014880895614624,0.5022853016853333,-0.011857032775878906,0.005956247448921204,False
visformer_small,cait_s24_224,40,ILSVRC2012_val_00026559.JPEG,stage3_block2,selected,True,0.005030687898397446,0.004799522925168276,0.43343430757522583,0.4924930930137634,-0.1529216766357422,-0.009279817342758179,False
visformer_small,cait_s24_224,41,ILSVRC2012_val_00026627.JPEG,stage3_block2,selected,True,0.014159915037453175,0.014818605035543442,0.4316871166229248,0.49346300959587097,0.121063232421875,-0.0007267221808433533,False
visformer_small,cait_s24_224,40,ILSVRC2012_val_00026559.JPEG,stage3_block2,opposite,True,0.005286898463964462,0.004271967336535454,0.4324643909931183,0.481651246547699,-0.152008056640625,-0.011356092989444733,False
visformer_small,cait_s24_224,41,ILSVRC2012_val_00026627.JPEG,stage3_block2,opposite,True,-0.008609426207840443,-0.008313994854688644,0.42663824558258057,0.48619526624679565,0.06162834167480469,0.00020526349544525146,False
visformer_small,cait_s24_224,40,ILSVRC2012_val_00026559.JPEG,stage3_block2,deviation,True,0.0019261850975453854,0.0015605399385094643,0.4312420189380646,0.4819568395614624,-0.1546497344970703,-0.011585511267185211,False
visformer_small,cait_s24_224,41,ILSVRC2012_val_00026627.JPEG,stage3_block2,deviation,True,-0.0054070004262030125,-0.006702488753944635,0.4267910420894623,0.4871319532394409,-0.0008087158203125,-0.005099855363368988,False
visformer_small,cait_s24_224,40,ILSVRC2012_val_00026559.JPEG,stage3_block2,random,True,-0.0006784122670069337,-0.0007960326038300991,0.431454598903656,0.4890120029449463,-0.1234884262084961,-0.010159961879253387,False
visformer_small,cait_s24_224,41,ILSVRC2012_val_00026627.JPEG,stage3_block2,random,True,-0.006564250681549311,-0.005672485567629337,0.4285382032394409,0.48796236515045166,0.13297462463378906,0.0006116554141044617,False
visformer_small,cait_s24_224,40,ILSVRC2012_val_00026559.JPEG,stage3_block2,no_drop,True,0.005901865195482969,0.004849374294281006,0.5046901702880859,0.5043247938156128,-0.015194892883300781,-0.002182222902774811,False
visformer_small,cait_s24_224,41,ILSVRC2012_val_00026627.JPEG,stage3_block2,no_drop,True,-0.009053685702383518,-0.008631248958408833,0.5002657175064087,0.5008503198623657,0.09358596801757812,0.0028265342116355896,False
visformer_small,cait_s24_224,42,ILSVRC2012_val_00026692.JPEG,stage3_block2,selected,True,0.018445920199155807,0.020012151449918747,0.4321787357330322,0.4947185814380646,0.23475360870361328,0.0957670509815216,False
visformer_small,cait_s24_224,43,ILSVRC2012_val_00026737.JPEG,stage3_block2,selected,True,0.0005963984876871109,0.00012989738024771214,0.43237802386283875,0.4948381781578064,0.1365795135498047,0.009729839861392975,False
visformer_small,cait_s24_224,42,ILSVRC2012_val_00026692.JPEG,stage3_block2,opposite,True,0.02203233912587166,0.020674020051956177,0.4314745366573334,0.494047611951828,0.2964439392089844,0.14075234532356262,False
visformer_small,cait_s24_224,43,ILSVRC2012_val_00026737.JPEG,stage3_block2,opposite,True,0.013527795672416687,0.013781821355223656,0.4309297800064087,0.4874774217605591,0.14973926544189453,0.009878642857074738,False
visformer_small,cait_s24_224,42,ILSVRC2012_val_00026692.JPEG,stage3_block2,deviation,True,0.030564337968826294,0.029784154146909714,0.434756338596344,0.49529656767845154,0.27878856658935547,0.20964202284812927,False
visformer_small,cait_s24_224,43,ILSVRC2012_val_00026737.JPEG,stage3_block2,deviation,True,0.010057537816464901,0.01074390858411789,0.4313616156578064,0.48772984743118286,0.20386600494384766,0.016514502465724945,False
visformer_small,cait_s24_224,42,ILSVRC2012_val_00026692.JPEG,stage3_block2,random,True,0.03671452775597572,0.03615991771221161,0.434457391500473,0.495907723903656,0.34642887115478516,0.19190648198127747,False
visformer_small,cait_s24_224,43,ILSVRC2012_val_00026737.JPEG,stage3_block2,random,True,0.01662813499569893,0.017155630514025688,0.4333014488220215,0.49811995029449463,0.1622638702392578,0.014337621629238129,False
visformer_small,cait_s24_224,42,ILSVRC2012_val_00026692.JPEG,stage3_block2,no_drop,True,0.010556800290942192,0.00921745877712965,0.4990898668766022,0.49977412819862366,0.1617107391357422,0.04705968499183655,False
visformer_small,cait_s24_224,43,ILSVRC2012_val_00026737.JPEG,stage3_block2,no_drop,True,0.008623356930911541,0.009598306380212307,0.5040391087532043,0.5037335157394409,0.21731853485107422,0.01938498765230179,False
visformer_small,cait_s24_224,44,ILSVRC2012_val_00026743.JPEG,stage3_block2,selected,True,0.021128572523593903,0.019610250368714333,0.42651864886283875,0.4846872389316559,-0.1869182586669922,-0.005409080535173416,False
visformer_small,cait_s24_224,45,ILSVRC2012_val_00026754.JPEG,stage3_block2,selected,True,0.0016538728959858418,0.001372653990983963,0.4299067258834839,0.489051878452301,-0.1430072784423828,-0.010663166642189026,False
visformer_small,cait_s24_224,44,ILSVRC2012_val_00026743.JPEG,stage3_block2,opposite,True,-0.02329345792531967,-0.02323038876056671,0.4273025691509247,0.47633662819862366,-0.2824821472167969,-0.008799929171800613,False
visformer_small,cait_s24_224,45,ILSVRC2012_val_00026754.JPEG,stage3_block2,opposite,True,0.004470053128898144,0.005227179266512394,0.4237616956233978,0.48331207036972046,-0.17632579803466797,-0.013509437441825867,False
visformer_small,cait_s24_224,44,ILSVRC2012_val_00026743.JPEG,stage3_block2,deviation,True,-0.01602768898010254,-0.01630263403058052,0.4278738796710968,0.48526519536972046,-0.20329666137695312,-0.0064485445618629456,False
visformer_small,cait_s24_224,45,ILSVRC2012_val_00026754.JPEG,stage3_block2,deviation,True,-0.002034081844612956,-0.0003203472006134689,0.4251501262187958,0.4855043590068817,-0.16249847412109375,-0.01265573501586914,False
visformer_small,cait_s24_224,44,ILSVRC2012_val_00026743.JPEG,stage3_block2,random,True,0.0017524959985166788,0.0009252519812434912,0.42775431275367737,0.4858298897743225,-0.2072925567626953,-0.00650077685713768,False
visformer_small,cait_s24_224,45,ILSVRC2012_val_00026754.JPEG,stage3_block2,random,True,-0.0018084336770698428,-0.0023056501522660255,0.427734375,0.48611554503440857,-0.14651870727539062,-0.01088222861289978,False
visformer_small,cait_s24_224,44,ILSVRC2012_val_00026743.JPEG,stage3_block2,no_drop,True,-0.005763620603829622,-0.006032564211636782,0.5000531673431396,0.500770628452301,-0.1814746856689453,-0.004463028162717819,False
visformer_small,cait_s24_224,45,ILSVRC2012_val_00026754.JPEG,stage3_block2,no_drop,True,-0.00017221795860677958,-0.00029737164732068777,0.4961601793766022,0.49572837352752686,-0.2030801773071289,-0.015355661511421204,False
visformer_small,cait_s24_224,46,ILSVRC2012_val_00026803.JPEG,stage3_block2,selected,True,0.0007543505635112524,0.0016119505744427443,0.42671796679496765,0.486421138048172,-0.049495697021484375,0.0001996457576751709,False
visformer_small,cait_s24_224,47,ILSVRC2012_val_00026901.JPEG,stage3_block2,selected,True,0.034463949501514435,0.03550158068537712,0.4402569532394409,0.5070285797119141,0.32959556579589844,0.14773941040039062,False
visformer_small,cait_s24_224,46,ILSVRC2012_val_00026803.JPEG,stage3_block2,opposite,True,0.00579833984375,0.005592274479568005,0.4224197566509247,0.48126593232154846,-0.11203384399414062,-0.0034601986408233643,False
visformer_small,cait_s24_224,47,ILSVRC2012_val_00026901.JPEG,stage3_block2,opposite,True,0.0383891761302948,0.03996574506163597,0.446382075548172,0.5086960792541504,0.1755666732788086,0.10838678479194641,False
visformer_small,cait_s24_224,46,ILSVRC2012_val_00026803.JPEG,stage3_block2,deviation,True,0.018096966668963432,0.019329793751239777,0.4320790767669678,0.4883410334587097,0.26142311096191406,0.033314913511276245,False
visformer_small,cait_s24_224,47,ILSVRC2012_val_00026901.JPEG,stage3_block2,deviation,True,0.025788625702261925,0.027177708223462105,0.44110730290412903,0.503494381904602,0.47963905334472656,0.12416788935661316,False
visformer_small,cait_s24_224,46,ILSVRC2012_val_00026803.JPEG,stage3_block2,random,True,0.01780046336352825,0.0186699777841568,0.43101614713668823,0.49194833636283875,0.3591651916503906,0.033505767583847046,False
visformer_small,cait_s24_224,47,ILSVRC2012_val_00026901.JPEG,stage3_block2,random,True,0.03739698976278305,0.039207130670547485,0.4474184215068817,0.511698842048645,0.34656810760498047,0.15248039364814758,False
visformer_small,cait_s24_224,46,ILSVRC2012_val_00026803.JPEG,stage3_block2,no_drop,True,0.02423086389899254,0.02464979700744152,0.5042184591293335,0.5046170949935913,0.10499382019042969,0.016500435769557953,False
visformer_small,cait_s24_224,47,ILSVRC2012_val_00026901.JPEG,stage3_block2,no_drop,True,0.04034990817308426,0.041799746453762054,0.5188336968421936,0.5202088356018066,0.6144075393676758,0.2698228359222412,False
visformer_small,cait_s24_224,48,ILSVRC2012_val_00026916.JPEG,stage3_block2,selected,True,-0.0018744043773040175,-0.0018649327103048563,0.42822596430778503,0.48954346776008606,0.031982421875,0.001453489065170288,False
visformer_small,cait_s24_224,49,ILSVRC2012_val_00026925.JPEG,stage3_block2,selected,True,-0.0029614041559398174,-0.003534478135406971,0.4335140287876129,0.4958479404449463,0.2352752685546875,0.021165937185287476,False
visformer_small,cait_s24_224,48,ILSVRC2012_val_00026916.JPEG,stage3_block2,opposite,True,-0.000506775570102036,-0.00029833446023985744,0.43115565180778503,0.48901864886283875,0.07023811340332031,0.0019941814243793488,False
visformer_small,cait_s24_224,49,ILSVRC2012_val_00026925.JPEG,stage3_block2,opposite,True,0.016644582152366638,0.016297191381454468,0.433387815952301,0.4900151491165161,0.12195491790771484,0.014531299471855164,False
visformer_small,cait_s24_224,48,ILSVRC2012_val_00026916.JPEG,stage3_block2,deviation,True,-0.0023225536569952965,-0.0026829002890735865,0.42527636885643005,0.48951026797294617,-0.0739898681640625,-0.000830572098493576,False
visformer_small,cait_s24_224,49,ILSVRC2012_val_00026925.JPEG,stage3_block2,deviation,True,0.003055319655686617,0.002630403498187661,0.4338528513908386,0.48953017592430115,0.16173934936523438,0.016745872795581818,False
visformer_small,cait_s24_224,48,ILSVRC2012_val_00026916.JPEG,stage3_block2,random,True,0.0005730893462896347,0.0004243067232891917,0.4291095435619354,0.48599594831466675,-0.06331634521484375,-0.0017866641283035278,False
visformer_small,cait_s24_224,49,ILSVRC2012_val_00026925.JPEG,stage3_block2,random,True,-0.0010214317589998245,-0.0016320382710546255,0.4371944069862366,0.4962000548839569,0.3607158660888672,0.035239078104496,False
visformer_small,cait_s24_224,48,ILSVRC2012_val_00026916.JPEG,stage3_block2,no_drop,True,0.0028064558282494545,0.0029345012735575438,0.5009765625,0.5012223720550537,0.03270912170410156,0.0016079209744930267,False
visformer_small,cait_s24_224,49,ILSVRC2012_val_00026925.JPEG,stage3_block2,no_drop,True,-0.0030094459652900696,-0.0033708354458212852,0.5071216225624084,0.5064904689788818,0.2808246612548828,0.026380345225334167,False
visformer_small,cait_s24_224,50,ILSVRC2012_val_00026972.JPEG,stage3_block2,selected,True,0.009513210505247116,0.009564322419464588,0.44288769364356995,0.5038065910339355,0.2589883804321289,0.060334112495183945,False
visformer_small,cait_s24_224,51,ILSVRC2012_val_00027124.JPEG,stage3_block2,selected,True,0.008736032992601395,0.010055036284029484,0.43688881397247314,0.49495774507522583,-0.0058689117431640625,0.024743810296058655,False
visformer_small,cait_s24_224,50,ILSVRC2012_val_00026972.JPEG,stage3_block2,opposite,True,0.004846478812396526,0.005147435702383518,0.4423961043357849,0.5040324926376343,0.3947153091430664,0.11104355752468109,False
visformer_small,cait_s24_224,51,ILSVRC2012_val_00027124.JPEG,stage3_block2,opposite,True,0.015613720752298832,0.017459802329540253,0.43792515993118286,0.485537588596344,-0.10500717163085938,0.023297935724258423,False
visformer_small,cait_s24_224,50,ILSVRC2012_val_00026972.JPEG,stage3_block2,deviation,True,0.004608720541000366,0.004730806685984135,0.44159889221191406,0.5066632032394409,0.2983884811401367,0.10205510258674622,False
visformer_small,cait_s24_224,51,ILSVRC2012_val_00027124.JPEG,stage3_block2,deviation,True,0.01083735004067421,0.011779027059674263,0.43526121973991394,0.5000996589660645,-0.02341461181640625,0.002892911434173584,False
visformer_small,cait_s24_224,50,ILSVRC2012_val_00026972.JPEG,stage3_block2,random,True,0.009648812934756279,0.009611520916223526,0.44178491830825806,0.5017803907394409,0.3360013961791992,0.10960112512111664,False
visformer_small,cait_s24_224,51,ILSVRC2012_val_00027124.JPEG,stage3_block2,random,True,0.011920055374503136,0.014066426083445549,0.43541401624679565,0.49938881397247314,-0.04636669158935547,0.008330285549163818,False
visformer_small,cait_s24_224,50,ILSVRC2012_val_00026972.JPEG,stage3_block2,no_drop,True,0.008036984130740166,0.008195139467716217,0.5124627947807312,0.5124428868293762,0.3722496032714844,0.12813635170459747,False
visformer_small,cait_s24_224,51,ILSVRC2012_val_00027124.JPEG,stage3_block2,no_drop,True,0.009500407613813877,0.011791829019784927,0.5099981427192688,0.5101110935211182,-0.0055294036865234375,0.02887721359729767,False
visformer_small,cait_s24_224,52,ILSVRC2012_val_00027141.JPEG,stage3_block2,selected,True,-0.0006811460480093956,-0.0005491311312653124,0.43098294734954834,0.49150988459587097,0.01818084716796875,0.01891373097896576,False
visformer_small,cait_s24_224,53,ILSVRC2012_val_00027148.JPEG,stage3_block2,selected,True,0.0032049771398305893,0.004263433162122965,0.42629942297935486,0.48619526624679565,0.06823539733886719,0.0050253793597221375,False
visformer_small,cait_s24_224,52,ILSVRC2012_val_00027141.JPEG,stage3_block2,opposite,True,-0.0060402387753129005,-0.006066570524126291,0.42642563581466675,0.4836907386779785,-0.041510581970214844,0.005213290452957153,False
visformer_small,cait_s24_224,53,ILSVRC2012_val_00027148.JPEG,stage3_block2,opposite,True,0.004063485190272331,0.004869850352406502,0.4306773543357849,0.4894239008426666,0.11123180389404297,0.007372260093688965,False
visformer_small,cait_s24_224,52,ILSVRC2012_val_00027141.JPEG,stage3_block2,deviation,True,-0.0021577919833362103,-0.002236820524558425,0.4274221360683441,0.4857501685619354,-0.02353191375732422,0.015246331691741943,False
visformer_small,cait_s24_224,53,ILSVRC2012_val_00027148.JPEG,stage3_block2,deviation,True,-0.004348600748926401,-0.005650551989674568,0.4283256232738495,0.48892563581466675,-0.27219676971435547,-0.015857625752687454,False
visformer_small,cait_s24_224,52,ILSVRC2012_val_00027141.JPEG,stage3_block2,random,True,-0.0024038944393396378,-0.0022257978562265635,0.43017247319221497,0.4857700765132904,0.1425914764404297,0.01721569150686264,False
visformer_small,cait_s24_224,53,ILSVRC2012_val_00027148.JPEG,stage3_block2,random,True,0.010844865813851357,0.010256115347146988,0.43043819069862366,0.48306626081466675,0.12116432189941406,0.008393816649913788,False
visformer_small,cait_s24_224,52,ILSVRC2012_val_00027141.JPEG,stage3_block2,no_drop,True,0.00047761492896825075,0.0011893403716385365,0.4993356764316559,0.49930909276008606,0.10041332244873047,0.015379264950752258,False
visformer_small,cait_s24_224,53,ILSVRC2012_val_00027148.JPEG,stage3_block2,no_drop,True,-0.004793765023350716,-0.005758513696491718,0.4987909197807312,0.498817503452301,-0.08361625671386719,-0.005713358521461487,False
visformer_small,cait_s24_224,54,ILSVRC2012_val_00027201.JPEG,stage3_block2,selected,True,-0.015993304550647736,-0.015647966414690018,0.4290497303009033,0.48444807529449463,0.08305931091308594,0.009185105562210083,False
visformer_small,cait_s24_224,55,ILSVRC2012_val_00027287.JPEG,stage3_block2,selected,True,0.004960278980433941,0.005075727589428425,0.4290696680545807,0.49275216460227966,-0.031846046447753906,-0.002534046769142151,False
visformer_small,cait_s24_224,54,ILSVRC2012_val_00027201.JPEG,stage3_block2,opposite,True,0.0032852368894964457,0.0035209928173571825,0.43162068724632263,0.4866868555545807,-0.019026756286621094,0.0009340271353721619,False
visformer_small,cait_s24_224,55,ILSVRC2012_val_00027287.JPEG,stage3_block2,opposite,True,0.0033303534146398306,0.0032624725718051195,0.42806655168533325,0.4812460243701935,-0.030480384826660156,-0.002679981291294098,False
visformer_small,cait_s24_224,54,ILSVRC2012_val_00027201.JPEG,stage3_block2,deviation,True,0.001955543179064989,0.0016658713575452566,0.43000638484954834,0.4895368218421936,0.00794219970703125,0.0003458857536315918,False
visformer_small,cait_s24_224,55,ILSVRC2012_val_00027287.JPEG,stage3_block2,deviation,True,0.009128518402576447,0.009013354778289795,0.42933541536331177,0.48980921506881714,-0.016786575317382812,-0.0018426105380058289,False
visformer_small,cait_s24_224,54,ILSVRC2012_val_00027201.JPEG,stage3_block2,random,True,-0.007556702010333538,-0.0075197066180408,0.4301990270614624,0.48805537819862366,0.011406898498535156,0.0010190308094024658,False
visformer_small,cait_s24_224,55,ILSVRC2012_val_00027287.JPEG,stage3_block2,random,True,0.011241963133215904,0.010702032595872879,0.4302322566509247,0.4886532723903656,0.015996932983398438,0.00321207195520401,False
visformer_small,cait_s24_224,54,ILSVRC2012_val_00027201.JPEG,stage3_block2,no_drop,True,-0.015332123264670372,-0.014685614965856075,0.5026506781578064,0.5025908946990967,-0.07400989532470703,-0.005740262567996979,False
visformer_small,cait_s24_224,55,ILSVRC2012_val_00027287.JPEG,stage3_block2,no_drop,True,0.003549003042280674,0.0033723367378115654,0.4993024468421936,0.499116450548172,-0.016185760498046875,-0.0006154626607894897,False
visformer_small,cait_s24_224,56,ILSVRC2012_val_00027348.JPEG,stage3_block2,selected,True,0.00751490518450737,0.007409488316625357,0.4489995241165161,0.5129677057266235,0.5811214447021484,0.40345299243927,False
visformer_small,cait_s24_224,57,ILSVRC2012_val_00027385.JPEG,stage3_block2,selected,True,0.010881032794713974,0.01030199509114027,0.4340322017669678,0.4939413368701935,0.07377052307128906,0.014331184327602386,False
visformer_small,cait_s24_224,56,ILSVRC2012_val_00027348.JPEG,stage3_block2,opposite,True,0.012003850191831589,0.012034786865115166,0.4523145258426666,0.5016143321990967,0.430206298828125,0.553023099899292,False
visformer_small,cait_s24_224,57,ILSVRC2012_val_00027385.JPEG,stage3_block2,opposite,True,0.0032696034759283066,0.0038105743005871773,0.43464338779449463,0.48664700984954834,0.11960983276367188,0.018705278635025024,False
visformer_small,cait_s24_224,56,ILSVRC2012_val_00027348.JPEG,stage3_block2,deviation,True,0.013747300952672958,0.01410056184977293,0.4529522657394409,0.5086230039596558,0.6177682876586914,0.47815966606140137,False
visformer_small,cait_s24_224,57,ILSVRC2012_val_00027385.JPEG,stage3_block2,deviation,True,0.007935854606330395,0.008002497255802155,0.4358724057674408,0.49243995547294617,0.15456581115722656,0.021664544939994812,False
visformer_small,cait_s24_224,56,ILSVRC2012_val_00027348.JPEG,stage3_block2,random,True,0.015402566641569138,0.015504256822168827,0.45142433047294617,0.5092275142669678,0.6170759201049805,0.5856347680091858,False
visformer_small,cait_s24_224,57,ILSVRC2012_val_00027385.JPEG,stage3_block2,random,True,-0.0008879711385816336,-0.0009474215330556035,0.4390013813972473,0.5006842613220215,0.2147998809814453,0.028773561120033264,False
visformer_small,cait_s24_224,56,ILSVRC2012_val_00027348.JPEG,stage3_block2,no_drop,True,0.014458567835390568,0.014773482456803322,0.5263206958770752,0.526161253452301,0.4267263412475586,0.741980791091919,True
visformer_small,cait_s24_224,57,ILSVRC2012_val_00027385.JPEG,stage3_block2,no_drop,True,0.012467838823795319,0.011983552016317844,0.509187638759613,0.5093470811843872,0.06725788116455078,0.01623692363500595,False
visformer_small,cait_s24_224,58,ILSVRC2012_val_00027498.JPEG,stage3_block2,selected,True,0.005767890717834234,0.0056195748038589954,0.435752809047699,0.4924067258834839,0.37503623962402344,0.04085707664489746,False
visformer_small,cait_s24_224,59,ILSVRC2012_val_00027530.JPEG,stage3_block2,selected,True,0.044222865253686905,0.04777902364730835,0.436616450548172,0.4973958432674408,0.03406238555908203,0.03778001666069031,False
visformer_small,cait_s24_224,58,ILSVRC2012_val_00027498.JPEG,stage3_block2,opposite,True,0.025948701426386833,0.02543184533715248,0.4383104741573334,0.4921277165412903,0.4391822814941406,0.04364466667175293,False
visformer_small,cait_s24_224,59,ILSVRC2012_val_00027530.JPEG,stage3_block2,opposite,True,0.010715462267398834,0.012388951145112514,0.43033188581466675,0.4918021857738495,-0.04520225524902344,0.00257747620344162,False
visformer_small,cait_s24_224,58,ILSVRC2012_val_00027498.JPEG,stage3_block2,deviation,True,0.013160374946892262,0.013383187353610992,0.4374402165412903,0.4909053444862366,0.4440298080444336,0.04849691689014435,False
visformer_small,cait_s24_224,59,ILSVRC2012_val_00027530.JPEG,stage3_block2,deviation,True,0.00890438910573721,0.011042650789022446,0.4314413368701935,0.49520355463027954,-0.007905006408691406,0.0013889893889427185,False
visformer_small,cait_s24_224,58,ILSVRC2012_val_00027498.JPEG,stage3_block2,random,True,0.022682122886180878,0.0226932093501091,0.4391408860683441,0.5030093789100647,0.3386106491088867,0.03822946548461914,False
visformer_small,cait_s24_224,59,ILSVRC2012_val_00027530.JPEG,stage3_block2,random,True,0.009206743910908699,0.010689536109566689,0.4351748526096344,0.4821760654449463,0.0038280487060546875,0.012943416833877563,False
visformer_small,cait_s24_224,58,ILSVRC2012_val_00027498.JPEG,stage3_block2,no_drop,True,0.009980898350477219,0.01000400073826313,0.5086761116981506,0.5086960792541504,0.2342233657836914,0.03306448459625244,False
visformer_small,cait_s24_224,59,ILSVRC2012_val_00027530.JPEG,stage3_block2,no_drop,True,0.022189389914274216,0.02248939871788025,0.5046702027320862,0.5049691796302795,-0.00170135498046875,0.0039054155349731445,False
visformer_small,cait_s24_224,60,ILSVRC2012_val_00027633.JPEG,stage3_block2,selected,True,-0.00815663579851389,-0.0083946343511343,0.42997315526008606,0.4900616407394409,0.5421466827392578,0.03820743039250374,False
visformer_small,cait_s24_224,61,ILSVRC2012_val_00027636.JPEG,stage3_block2,selected,True,-0.006012638099491596,-0.005575105547904968,0.42952805757522583,0.4933301508426666,-0.5296707153320312,-0.05469080060720444,False
visformer_small,cait_s24_224,60,ILSVRC2012_val_00027633.JPEG,stage3_block2,opposite,True,-0.005704973824322224,-0.005021261051297188,0.430478036403656,0.48551100492477417,0.23143386840820312,0.013156499713659286,False
visformer_small,cait_s24_224,61,ILSVRC2012_val_00027636.JPEG,stage3_block2,opposite,True,0.0031360387802124023,0.003716446226462722,0.4308367967605591,0.49320390820503235,-0.2615690231323242,-0.029790863394737244,False
visformer_small,cait_s24_224,60,ILSVRC2012_val_00027633.JPEG,stage3_block2,deviation,True,-0.015399497002363205,-0.014708053320646286,0.43149447441101074,0.4896630644798279,0.26059532165527344,0.02605264261364937,False
visformer_small,cait_s24_224,61,ILSVRC2012_val_00027636.JPEG,stage3_block2,deviation,True,-0.009124494157731533,-0.0087067149579525,0.42482462525367737,0.4868529438972473,-0.5031318664550781,-0.07031659781932831,False
visformer_small,cait_s24_224,60,ILSVRC2012_val_00027633.JPEG,stage3_block2,random,True,-0.008862133137881756,-0.008985130116343498,0.43239131569862366,0.4864809215068817,0.4882326126098633,0.0327564962208271,False
visformer_small,cait_s24_224,61,ILSVRC2012_val_00027636.JPEG,stage3_block2,random,True,-0.0048282565549016,-0.004361588507890701,0.4280466139316559,0.4839232563972473,-0.2434062957763672,-0.05174451321363449,False
visformer_small,cait_s24_224,60,ILSVRC2012_val_00027633.JPEG,stage3_block2,no_drop,True,-0.010674706660211086,-0.010945184156298637,0.510968029499054,0.5122169852256775,0.5334672927856445,0.04213644936680794,False
visformer_small,cait_s24_224,61,ILSVRC2012_val_00027636.JPEG,stage3_block2,no_drop,True,0.0015643700025975704,0.002040125662460923,0.5003520846366882,0.500411868095398,-0.32807064056396484,-0.056415483355522156,False
visformer_small,cait_s24_224,62,ILSVRC2012_val_00027657.JPEG,stage3_block2,selected,True,0.01842120662331581,0.019891275092959404,0.43160077929496765,0.4892843961715698,0.43740081787109375,0.06668266654014587,False
visformer_small,cait_s24_224,63,ILSVRC2012_val_00027790.JPEG,stage3_block2,selected,True,0.054845791310071945,0.057952284812927246,0.442289799451828,0.5019465088844299,0.09695816040039062,0.14630189538002014,False
visformer_small,cait_s24_224,62,ILSVRC2012_val_00027657.JPEG,stage3_block2,opposite,True,0.017162777483463287,0.017551591619849205,0.43306228518486023,0.4903738796710968,0.4149894714355469,0.04631148278713226,False
visformer_small,cait_s24_224,63,ILSVRC2012_val_00027790.JPEG,stage3_block2,opposite,True,0.05210358276963234,0.056041181087493896,0.4434656798839569,0.5060985088348389,0.1855449676513672,0.19508805871009827,False
visformer_small,cait_s24_224,62,ILSVRC2012_val_00027657.JPEG,stage3_block2,deviation,True,0.015194902196526527,0.01539799477905035,0.4299665093421936,0.4870123863220215,0.3681459426879883,0.050641611218452454,False
visformer_small,cait_s24_224,63,ILSVRC2012_val_00027790.JPEG,stage3_block2,deviation,True,0.05088431015610695,0.0547972247004509,0.445219486951828,0.5086960792541504,0.14420127868652344,0.14356032013893127,False
visformer_small,cait_s24_224,62,ILSVRC2012_val_00027657.JPEG,stage3_block2,random,True,0.019754212349653244,0.020123157650232315,0.43094971776008606,0.4866536557674408,0.37063121795654297,0.05348634719848633,False
visformer_small,cait_s24_224,63,ILSVRC2012_val_00027790.JPEG,stage3_block2,random,True,0.051797814667224884,0.0538347102701664,0.4425223171710968,0.5013818144798279,0.19275569915771484,0.16024228930473328,False
visformer_small,cait_s24_224,62,ILSVRC2012_val_00027657.JPEG,stage3_block2,no_drop,True,0.012902379035949707,0.012683956883847713,0.5008370280265808,0.5020926594734192,0.38504791259765625,0.060839518904685974,False
visformer_small,cait_s24_224,63,ILSVRC2012_val_00027790.JPEG,stage3_block2,no_drop,True,0.056205712258815765,0.06030356138944626,0.5166015625,0.5170201063156128,0.2947053909301758,0.248164564371109,False
visformer_small,pit_b_224,0,ILSVRC2012_val_00024479.JPEG,stage3_block2,selected,True,0.014247262850403786,0.013454897329211235,0.4345437288284302,0.49504411220550537,-0.004123687744140625,0.00919295847415924,False
visformer_small,pit_b_224,1,ILSVRC2012_val_00024540.JPEG,stage3_block2,selected,True,0.012708498165011406,0.012734652496874332,0.43684232234954834,0.49211442470550537,0.3029937744140625,0.05425235629081726,False
visformer_small,pit_b_224,0,ILSVRC2012_val_00024479.JPEG,stage3_block2,opposite,True,0.005323425401002169,0.005420162342488766,0.43128854036331177,0.4934696555137634,0.09832000732421875,0.025451764464378357,False
visformer_small,pit_b_224,1,ILSVRC2012_val_00024540.JPEG,stage3_block2,opposite,True,0.005356437526643276,0.005376155488193035,0.43466997146606445,0.48813509941101074,0.1183919906616211,0.01935526728630066,False
visformer_small,pit_b_224,0,ILSVRC2012_val_00024479.JPEG,stage3_block2,deviation,True,0.016103945672512054,0.015895435586571693,0.43288955092430115,0.4889455735683441,-0.12126350402832031,-1.4737248420715332e-05,False
visformer_small,pit_b_224,1,ILSVRC2012_val_00024540.JPEG,stage3_block2,deviation,True,0.00752302585169673,0.007420142646878958,0.43243780732154846,0.49326372146606445,0.08603668212890625,0.014534369111061096,False
visformer_small,pit_b_224,0,ILSVRC2012_val_00024479.JPEG,stage3_block2,random,True,0.026082634925842285,0.02571471780538559,0.43577274680137634,0.5000464916229248,-0.18396472930908203,0.01190987229347229,False
visformer_small,pit_b_224,1,ILSVRC2012_val_00024540.JPEG,stage3_block2,random,True,0.008417686447501183,0.008554797619581223,0.4337664842605591,0.49541613459587097,0.23572731018066406,0.04616039991378784,False
visformer_small,pit_b_224,0,ILSVRC2012_val_00024479.JPEG,stage3_block2,no_drop,True,0.0904502421617508,0.08920435607433319,0.5075799822807312,0.5085033774375916,-0.04464149475097656,0.023265480995178223,False
visformer_small,pit_b_224,1,ILSVRC2012_val_00024540.JPEG,stage3_block2,no_drop,True,0.006311859004199505,0.006566531024873257,0.5075998902320862,0.507586658000946,0.0709218978881836,0.011602237820625305,False
visformer_small,pit_b_224,2,ILSVRC2012_val_00024550.JPEG,stage3_block2,selected,True,0.02320672944188118,0.02475558966398239,0.4384101331233978,0.4852851331233978,0.36793041229248047,0.1148543655872345,False
visformer_small,pit_b_224,3,ILSVRC2012_val_00024609.JPEG,stage3_block2,selected,True,0.07779031991958618,0.08360770344734192,0.4548588991165161,0.5149474143981934,0.20085716247558594,0.1672559380531311,False
visformer_small,pit_b_224,2,ILSVRC2012_val_00024550.JPEG,stage3_block2,opposite,True,0.0008166544139385223,0.001545851118862629,0.43449723720550537,0.48986899852752686,0.12416934967041016,0.018513262271881104,False
visformer_small,pit_b_224,3,ILSVRC2012_val_00024609.JPEG,stage3_block2,opposite,True,0.06644798070192337,0.07090701907873154,0.45192256569862366,0.5070485472679138,0.21431350708007812,0.15180087089538574,False
visformer_small,pit_b_224,2,ILSVRC2012_val_00024550.JPEG,stage3_block2,deviation,True,0.013738635927438736,0.015738127753138542,0.4405559003353119,0.5018468499183655,0.2786245346069336,0.05656538903713226,False
visformer_small,pit_b_224,3,ILSVRC2012_val_00024609.JPEG,stage3_block2,deviation,True,0.07180201262235641,0.07749798893928528,0.45218828320503235,0.5177907347679138,0.1838521957397461,0.1505112648010254,False
visformer_small,pit_b_224,2,ILSVRC2012_val_00024550.JPEG,stage3_block2,random,True,0.022448282688856125,0.02517622336745262,0.43995800614356995,0.49738919734954834,0.1480417251586914,0.031258031725883484,False
visformer_small,pit_b_224,3,ILSVRC2012_val_00024609.JPEG,stage3_block2,random,True,0.0657052993774414,0.07039885967969894,0.45396870374679565,0.5194581747055054,0.21600627899169922,0.16283053159713745,False
visformer_small,pit_b_224,2,ILSVRC2012_val_00024550.JPEG,stage3_block2,no_drop,True,0.010557806119322777,0.010495217517018318,0.5093470811843872,0.5111075639724731,0.15239334106445312,0.028123989701271057,False
visformer_small,pit_b_224,3,ILSVRC2012_val_00024609.JPEG,stage3_block2,no_drop,True,0.07860039174556732,0.08374084532260895,0.5299412608146667,0.5317748188972473,0.25127220153808594,0.17682236433029175,False
visformer_small,pit_b_224,4,ILSVRC2012_val_00024637.JPEG,stage3_block2,selected,True,0.03821651637554169,0.034774694591760635,0.4362111985683441,0.4963727593421936,0.48705291748046875,0.13757236301898956,False
visformer_small,pit_b_224,5,ILSVRC2012_val_00024710.JPEG,stage3_block2,selected,True,-0.0019358369754627347,-0.0011890123132616282,0.4306042790412903,0.4944063425064087,0.2477130889892578,0.03243984282016754,False
visformer_small,pit_b_224,4,ILSVRC2012_val_00024637.JPEG,stage3_block2,opposite,True,0.08238683640956879,0.08514882624149323,0.44492053985595703,0.49988043308258057,1.3596282005310059,0.6822500228881836,False
visformer_small,pit_b_224,5,ILSVRC2012_val_00024710.JPEG,stage3_block2,opposite,True,0.006092972122132778,0.006044131703674793,0.43508848547935486,0.4947119355201721,0.2315225601196289,0.02970072627067566,False
visformer_small,pit_b_224,4,ILSVRC2012_val_00024637.JPEG,stage3_block2,deviation,True,0.08849458396434784,0.09074017405509949,0.44654151797294617,0.5062181353569031,1.2456622123718262,0.7167962789535522,False
visformer_small,pit_b_224,5,ILSVRC2012_val_00024710.JPEG,stage3_block2,deviation,True,3.941589966416359e-06,0.0008251843973994255,0.43211230635643005,0.493257075548172,0.13551044464111328,0.016138359904289246,False
visformer_small,pit_b_224,4,ILSVRC2012_val_00024637.JPEG,stage3_block2,random,True,0.08403800427913666,0.08757197856903076,0.4468338191509247,0.5084701776504517,1.1543660163879395,0.5967656373977661,False
visformer_small,pit_b_224,5,ILSVRC2012_val_00024710.JPEG,stage3_block2,random,True,0.012233410030603409,0.01207423023879528,0.43036511540412903,0.4896630644798279,0.08317375183105469,0.013836786150932312,False
visformer_small,pit_b_224,4,ILSVRC2012_val_00024637.JPEG,stage3_block2,no_drop,True,0.08472157269716263,0.08786728978157043,0.5194847583770752,0.521710216999054,1.5491509437561035,0.8663063049316406,True
visformer_small,pit_b_224,5,ILSVRC2012_val_00024710.JPEG,stage3_block2,no_drop,True,-0.026111695915460587,-0.024594996124505997,0.5055869817733765,0.5059324502944946,0.23939228057861328,0.061084091663360596,False
visformer_small,pit_b_224,6,ILSVRC2012_val_00024753.JPEG,stage3_block2,selected,True,-0.005590721033513546,-0.0051108114421367645,0.4264522194862366,0.48806867003440857,-0.19466400146484375,-0.013926714658737183,False
visformer_small,pit_b_224,7,ILSVRC2012_val_00024781.JPEG,stage3_block2,selected,True,0.052593961358070374,0.05472005158662796,0.44508662819862366,0.5008968710899353,0.8721485137939453,1.0038447380065918,True
visformer_small,pit_b_224,6,ILSVRC2012_val_00024753.JPEG,stage3_block2,opposite,True,-0.014278210699558258,-0.014401044696569443,0.42667144536972046,0.4846540093421936,-0.11633777618408203,0.017908528447151184,False
visformer_small,pit_b_224,7,ILSVRC2012_val_00024781.JPEG,stage3_block2,opposite,True,0.06210749223828316,0.06454093754291534,0.4427415430545807,0.49320390820503235,1.1077547073364258,1.1052508354187012,True
visformer_small,pit_b_224,6,ILSVRC2012_val_00024753.JPEG,stage3_block2,deviation,True,-0.012344972230494022,-0.012468960136175156,0.428598016500473,0.4829799234867096,-0.014032363891601562,0.021315068006515503,False
visformer_small,pit_b_224,7,ILSVRC2012_val_00024781.JPEG,stage3_block2,deviation,True,0.053360119462013245,0.0559009350836277,0.44187793135643005,0.49774792790412903,0.9072237014770508,0.9161816239356995,True
visformer_small,pit_b_224,6,ILSVRC2012_val_00024753.JPEG,stage3_block2,random,True,-0.009311261586844921,-0.009437201544642448,0.4283056855201721,0.49476510286331177,0.010923385620117188,0.033017173409461975,False
visformer_small,pit_b_224,7,ILSVRC2012_val_00024781.JPEG,stage3_block2,random,True,0.09932127594947815,0.10132822394371033,0.451284795999527,0.5101509094238281,1.6614618301391602,1.7944788932800293,True
visformer_small,pit_b_224,6,ILSVRC2012_val_00024753.JPEG,stage3_block2,no_drop,True,-0.007799866609275341,-0.007420075125992298,0.496186763048172,0.49709025025367737,-0.029954910278320312,0.015515118837356567,False
visformer_small,pit_b_224,7,ILSVRC2012_val_00024781.JPEG,stage3_block2,no_drop,True,0.10064280778169632,0.10356847196817398,0.5268455147743225,0.527363657951355,1.9191293716430664,2.1563892364501953,True
visformer_small,pit_b_224,8,ILSVRC2012_val_00024926.JPEG,stage3_block2,selected,True,0.020138004794716835,0.019759895280003548,0.4420772194862366,0.5083174109458923,0.09596729278564453,0.017174899578094482,False
visformer_small,pit_b_224,9,ILSVRC2012_val_00025075.JPEG,stage3_block2,selected,True,0.007729260716587305,0.008011555299162865,0.43034517765045166,0.49325042963027954,0.008451461791992188,0.01235342025756836,False
visformer_small,pit_b_224,8,ILSVRC2012_val_00024926.JPEG,stage3_block2,opposite,True,0.004724797792732716,0.0051473272033035755,0.4398118555545807,0.4994552433490753,0.17905426025390625,0.029796846210956573,False
visformer_small,pit_b_224,9,ILSVRC2012_val_00025075.JPEG,stage3_block2,opposite,True,0.010743956081569195,0.010814460925757885,0.4333745241165161,0.4964325428009033,0.04803657531738281,0.029084816575050354,False
visformer_small,pit_b_224,8,ILSVRC2012_val_00024926.JPEG,stage3_block2,deviation,True,0.007010321132838726,0.00712575763463974,0.43722763657569885,0.4965720772743225,0.11748504638671875,0.01651124656200409,False
visformer_small,pit_b_224,9,ILSVRC2012_val_00025075.JPEG,stage3_block2,deviation,True,0.007633635774254799,0.007468044757843018,0.4312686026096344,0.4776187837123871,-0.08547115325927734,-0.004376590251922607,False
visformer_small,pit_b_224,8,ILSVRC2012_val_00024926.JPEG,stage3_block2,random,True,0.007588595617562532,0.007411336060613394,0.43721434473991394,0.49091199040412903,0.1511077880859375,0.023656688630580902,False
visformer_small,pit_b_224,9,ILSVRC2012_val_00025075.JPEG,stage3_block2,random,True,0.018199346959590912,0.017841683700680733,0.43555352091789246,0.4908123314380646,0.024374961853027344,0.01760271191596985,False
visformer_small,pit_b_224,8,ILSVRC2012_val_00024926.JPEG,stage3_block2,no_drop,True,0.0007270814967341721,0.0005624634213745594,0.5081313848495483,0.5077062249183655,0.10067081451416016,0.01490522176027298,False
visformer_small,pit_b_224,9,ILSVRC2012_val_00025075.JPEG,stage3_block2,no_drop,True,0.013804236426949501,0.013598429039120674,0.5033083558082581,0.5031754970550537,0.046204566955566406,0.011290580034255981,False
visformer_small,pit_b_224,10,ILSVRC2012_val_00025315.JPEG,stage3_block2,selected,True,0.003206276800483465,0.003186986781656742,0.43383291363716125,0.499813973903656,0.1139993667602539,0.01744135469198227,False
visformer_small,pit_b_224,11,ILSVRC2012_val_00025390.JPEG,stage3_block2,selected,True,0.006647482514381409,0.00657270522788167,0.42823925614356995,0.4822823703289032,0.2725181579589844,0.0784822404384613,False
visformer_small,pit_b_224,10,ILSVRC2012_val_00025315.JPEG,stage3_block2,opposite,True,0.0007875708397477865,0.0007182061672210693,0.4343975782394409,0.4973028302192688,0.08688926696777344,0.011573918163776398,False
visformer_small,pit_b_224,11,ILSVRC2012_val_00025390.JPEG,stage3_block2,opposite,True,0.0007483760127797723,0.0008471256587654352,0.4306640625,0.487417608499527,0.13803482055664062,0.044922202825546265,False
visformer_small,pit_b_224,10,ILSVRC2012_val_00025315.JPEG,stage3_block2,deviation,True,-0.006249099969863892,-0.007198978215456009,0.43282976746559143,0.4937553107738495,0.032268524169921875,0.004122614860534668,False
visformer_small,pit_b_224,11,ILSVRC2012_val_00025390.JPEG,stage3_block2,deviation,True,0.00676536001265049,0.006383711472153664,0.435546875,0.4863879084587097,0.3814868927001953,0.1143001914024353,False
visformer_small,pit_b_224,10,ILSVRC2012_val_00025315.JPEG,stage3_block2,random,True,-0.0004530097357928753,-0.0019315346144139767,0.42778751254081726,0.48584315180778503,0.0010929107666015625,8.469074964523315e-05,False
visformer_small,pit_b_224,11,ILSVRC2012_val_00025390.JPEG,stage3_block2,random,True,0.004227174445986748,0.00434995349496603,0.4303053319454193,0.4917224645614624,0.10698795318603516,0.09279835224151611,False
visformer_small,pit_b_224,10,ILSVRC2012_val_00025315.JPEG,stage3_block2,no_drop,True,0.003687723772600293,0.002478882670402527,0.5067761540412903,0.5057730078697205,0.052979469299316406,0.007180169224739075,False
visformer_small,pit_b_224,11,ILSVRC2012_val_00025390.JPEG,stage3_block2,no_drop,True,0.013591991737484932,0.01425241306424141,0.5036205649375916,0.5040524005889893,0.12830257415771484,0.04425676167011261,False
visformer_small,pit_b_224,12,ILSVRC2012_val_00025402.JPEG,stage3_block2,selected,True,0.014630153775215149,0.014456957578659058,0.43270355463027954,0.4970570206642151,0.023111343383789062,0.012948200106620789,False
visformer_small,pit_b_224,13,ILSVRC2012_val_00025408.JPEG,stage3_block2,selected,True,0.00143594725523144,0.001303287222981453,0.43087664246559143,0.49046024680137634,-0.0137481689453125,-0.0016824156045913696,False
visformer_small,pit_b_224,12,ILSVRC2012_val_00025402.JPEG,stage3_block2,opposite,True,0.015293937176465988,0.015648173168301582,0.43358710408210754,0.49685773253440857,0.09280204772949219,0.013614028692245483,False
visformer_small,pit_b_224,13,ILSVRC2012_val_00025408.JPEG,stage3_block2,opposite,True,-0.002435439731925726,-0.0018750459421426058,0.43346089124679565,0.4864676296710968,-0.026258468627929688,-0.002945542335510254,False
visformer_small,pit_b_224,12,ILSVRC2012_val_00025402.JPEG,stage3_block2,deviation,True,-0.0019246387528255582,-0.0018187188543379307,0.43051791191101074,0.4941073954105377,0.10264110565185547,0.0170966237783432,False
visformer_small,pit_b_224,13,ILSVRC2012_val_00025408.JPEG,stage3_block2,deviation,True,-0.0011230818927288055,-0.0012464432511478662,0.4297938048839569,0.4886798560619354,0.045917510986328125,0.006615757942199707,False
visformer_small,pit_b_224,12,ILSVRC2012_val_00025402.JPEG,stage3_block2,random,True,0.0056633115746080875,0.005258552730083466,0.4320259392261505,0.49586787819862366,0.0779266357421875,0.011831656098365784,False
visformer_small,pit_b_224,13,ILSVRC2012_val_00025408.JPEG,stage3_block2,random,True,0.0021921582520008087,0.0018829398322850466,0.4321654438972473,0.49061304330825806,-0.03973865509033203,-0.00487460196018219,False
visformer_small,pit_b_224,12,ILSVRC2012_val_00025402.JPEG,stage3_block2,no_drop,True,0.029438428580760956,0.029256723821163177,0.5074537396430969,0.5081579685211182,0.07558917999267578,0.012180432677268982,False
visformer_small,pit_b_224,13,ILSVRC2012_val_00025408.JPEG,stage3_block2,no_drop,True,-0.004186927806586027,-0.008556264452636242,0.4986514151096344,0.49856504797935486,0.03611564636230469,0.00506514310836792,False
visformer_small,pit_b_224,14,ILSVRC2012_val_00025416.JPEG,stage3_block2,selected,True,0.008725696243345737,0.009611525572836399,0.4284917116165161,0.4893840253353119,0.1663799285888672,0.021088995039463043,False
visformer_small,pit_b_224,15,ILSVRC2012_val_00025440.JPEG,stage3_block2,selected,True,0.0036997690331190825,0.0037163582164794207,0.4384167790412903,0.49915629625320435,-0.02649402618408203,0.006939247250556946,False
visformer_small,pit_b_224,14,ILSVRC2012_val_00025416.JPEG,stage3_block2,opposite,True,0.012692824006080627,0.012641320936381817,0.4332084357738495,0.48788928985595703,0.12553691864013672,0.029250435531139374,False
visformer_small,pit_b_224,15,ILSVRC2012_val_00025440.JPEG,stage3_block2,opposite,True,0.011831240728497505,0.01197679154574871,0.44060906767845154,0.5053411722183228,-0.050083160400390625,0.0009195208549499512,False
visformer_small,pit_b_224,14,ILSVRC2012_val_00025416.JPEG,stage3_block2,deviation,True,0.0023919823579490185,0.0033487232867628336,0.429481565952301,0.48391661047935486,0.1289682388305664,0.01649833470582962,False
visformer_small,pit_b_224,15,ILSVRC2012_val_00025440.JPEG,stage3_block2,deviation,True,-0.0008510126499459147,-0.0017923738341778517,0.43795838952064514,0.4991895258426666,-0.016681671142578125,0.01114201545715332,False
visformer_small,pit_b_224,14,ILSVRC2012_val_00025416.JPEG,stage3_block2,random,True,0.006617049686610699,0.007356896065175533,0.43090322613716125,0.48960989713668823,0.06919479370117188,0.02296813577413559,False
visformer_small,pit_b_224,15,ILSVRC2012_val_00025440.JPEG,stage3_block2,random,True,0.021302267909049988,0.021532315760850906,0.43959927558898926,0.5005314350128174,-0.05552482604980469,0.0038371384143829346,False
visformer_small,pit_b_224,14,ILSVRC2012_val_00025416.JPEG,stage3_block2,no_drop,True,0.006982381921261549,0.006513075903058052,0.501933217048645,0.5015943646430969,0.11676883697509766,0.01822192221879959,False
visformer_small,pit_b_224,15,ILSVRC2012_val_00025440.JPEG,stage3_block2,no_drop,True,0.03060786798596382,0.030642112717032433,0.5125690698623657,0.5132932066917419,-0.03420257568359375,-0.0025121867656707764,False
visformer_small,pit_b_224,16,ILSVRC2012_val_00025446.JPEG,stage3_block2,selected,True,0.001494856784120202,0.00220683915540576,0.4296742081642151,0.4836309552192688,0.10642051696777344,0.014181770384311676,False
visformer_small,pit_b_224,17,ILSVRC2012_val_00025563.JPEG,stage3_block2,selected,True,-0.0024143164046108723,-0.0018654303858056664,0.42654523253440857,0.4896298348903656,-0.0021991729736328125,0.0017299503087997437,False
visformer_small,pit_b_224,16,ILSVRC2012_val_00025446.JPEG,stage3_block2,opposite,True,0.007746574468910694,0.008930262178182602,0.43215879797935486,0.48563721776008606,0.04665946960449219,0.004983872175216675,False
visformer_small,pit_b_224,17,ILSVRC2012_val_00025563.JPEG,stage3_block2,opposite,True,-0.0009910952067002654,-0.0006784707074984908,0.42879730463027954,0.48877283930778503,0.021798133850097656,0.019154146313667297,False
visformer_small,pit_b_224,16,ILSVRC2012_val_00025446.JPEG,stage3_block2,deviation,True,-0.002695525996387005,-0.0013622071128338575,0.42930883169174194,0.4937021732330322,0.1874074935913086,0.02641782909631729,False
visformer_small,pit_b_224,17,ILSVRC2012_val_00025563.JPEG,stage3_block2,deviation,True,-0.0023018759675323963,-0.00217472855001688,0.42789381742477417,0.48410263657569885,0.03373527526855469,0.013979539275169373,False
visformer_small,pit_b_224,16,ILSVRC2012_val_00025446.JPEG,stage3_block2,random,True,0.0034123295918107033,0.0037909122183918953,0.42769452929496765,0.48833438754081726,0.09786701202392578,0.012657396495342255,False
visformer_small,pit_b_224,17,ILSVRC2012_val_00025563.JPEG,stage3_block2,random,True,-0.0032246834598481655,-0.0033119027502834797,0.42904311418533325,0.4938283860683441,-0.06911087036132812,-0.006193667650222778,False
visformer_small,pit_b_224,16,ILSVRC2012_val_00025446.JPEG,stage3_block2,no_drop,True,0.010420066304504871,0.01247094850987196,0.5053146481513977,0.5053478479385376,0.058716773986816406,0.007175177335739136,False
visformer_small,pit_b_224,17,ILSVRC2012_val_00025563.JPEG,stage3_block2,no_drop,True,-0.0019604009576141834,-0.001497714314609766,0.49980735778808594,0.5002524256706238,-0.04940605163574219,-0.004444673657417297,False
visformer_small,pit_b_224,18,ILSVRC2012_val_00025800.JPEG,stage3_block2,selected,True,0.001298750750720501,0.0008595947292633355,0.42896339297294617,0.48870640993118286,-0.037952423095703125,-0.003088153898715973,False
visformer_small,pit_b_224,19,ILSVRC2012_val_00025844.JPEG,stage3_block2,selected,True,0.0006371340714395046,0.0007602744735777378,0.43710803985595703,0.48739105463027954,0.033745765686035156,0.007675953209400177,False
visformer_small,pit_b_224,18,ILSVRC2012_val_00025800.JPEG,stage3_block2,opposite,True,0.001199205406010151,0.0012301161186769605,0.4335804581642151,0.4887130558490753,0.05315685272216797,0.008933886885643005,False
visformer_small,pit_b_224,19,ILSVRC2012_val_00025844.JPEG,stage3_block2,opposite,True,-0.0016493666917085648,-0.0015115051064640284,0.4345105290412903,0.48846063017845154,0.10548210144042969,0.016237661242485046,False
visformer_small,pit_b_224,18,ILSVRC2012_val_00025800.JPEG,stage3_block2,deviation,True,-0.003264631377533078,-0.003800082253292203,0.43082350492477417,0.4922938048839569,0.04902839660644531,0.006002947688102722,False
visformer_small,pit_b_224,19,ILSVRC2012_val_00025844.JPEG,stage3_block2,deviation,True,-0.003051013918593526,-0.0025971350260078907,0.4321056604385376,0.494233638048172,0.05428791046142578,0.00894579291343689,False
visformer_small,pit_b_224,18,ILSVRC2012_val_00025800.JPEG,stage3_block2,random,True,-0.002646197797730565,-0.0036714274901896715,0.4332881569862366,0.4833187162876129,2.574920654296875e-05,0.000704936683177948,False
visformer_small,pit_b_224,19,ILSVRC2012_val_00025844.JPEG,stage3_block2,random,True,-0.004980708472430706,-0.0045828912407159805,0.43082350492477417,0.48813509941101074,0.01943492889404297,0.005670458078384399,False
visformer_small,pit_b_224,18,ILSVRC2012_val_00025800.JPEG,stage3_block2,no_drop,True,0.0020840875804424286,0.003467957489192486,0.5057066082954407,0.5053146481513977,-0.02214813232421875,-0.002241097390651703,False
visformer_small,pit_b_224,19,ILSVRC2012_val_00025844.JPEG,stage3_block2,no_drop,True,-0.004987810272723436,-0.004728151019662619,0.5057066082954407,0.505254864692688,0.02248859405517578,0.007729358971118927,False
visformer_small,pit_b_224,20,ILSVRC2012_val_00025851.JPEG,stage3_block2,selected,True,-0.006815684959292412,-0.007254918105900288,0.43177348375320435,0.48828125,0.038910865783691406,0.009429395198822021,False
visformer_small,pit_b_224,21,ILSVRC2012_val_00025907.JPEG,stage3_block2,selected,True,-0.005618765018880367,-0.005138202104717493,0.43183326721191406,0.48684629797935486,0.18370628356933594,0.42551207542419434,True
visformer_small,pit_b_224,20,ILSVRC2012_val_00025851.JPEG,stage3_block2,opposite,True,-0.011497791856527328,-0.011310421861708164,0.4282326102256775,0.47832298278808594,0.02849292755126953,0.006953731179237366,False
visformer_small,pit_b_224,21,ILSVRC2012_val_00025907.JPEG,stage3_block2,opposite,True,0.009845959953963757,0.011050139553844929,0.43471646308898926,0.4879358112812042,0.10551834106445312,0.38496237993240356,False
visformer_small,pit_b_224,20,ILSVRC2012_val_00025851.JPEG,stage3_block2,deviation,True,-0.008307365700602531,-0.008721211925148964,0.4283654987812042,0.4850924611091614,0.05675697326660156,0.009716078639030457,False
visformer_small,pit_b_224,21,ILSVRC2012_val_00025907.JPEG,stage3_block2,deviation,True,-0.014805341139435768,-0.01454357709735632,0.42853155732154846,0.4669230878353119,-0.071746826171875,0.22687095403671265,False
visformer_small,pit_b_224,20,ILSVRC2012_val_00025851.JPEG,stage3_block2,random,True,-0.00956330168992281,-0.009970360435545444,0.42783403396606445,0.48917144536972046,0.10845375061035156,0.01873326301574707,False
visformer_small,pit_b_224,21,ILSVRC2012_val_00025907.JPEG,stage3_block2,random,True,-0.004292727448046207,-0.0041808863170444965,0.43485596776008606,0.4897095561027527,0.07239341735839844,0.22125625610351562,False
visformer_small,pit_b_224,20,ILSVRC2012_val_00025851.JPEG,stage3_block2,no_drop,True,-0.026856549084186554,-0.027162376791238785,0.49744898080825806,0.4969440996646881,-0.0066375732421875,0.0004995763301849365,False
visformer_small,pit_b_224,21,ILSVRC2012_val_00025907.JPEG,stage3_block2,no_drop,True,-0.008977465331554413,-0.008431592956185341,0.500577986240387,0.5009499788284302,0.14669227600097656,0.36022359132766724,False
visformer_small,pit_b_224,22,ILSVRC2012_val_00025989.JPEG,stage3_block2,selected,True,0.003184405155479908,0.003301489632576704,0.42281171679496765,0.4848732352256775,-0.013375282287597656,-0.00045881420373916626,False
visformer_small,pit_b_224,23,ILSVRC2012_val_00026068.JPEG,stage3_block2,selected,True,0.008186772465705872,0.007461377885192633,0.4307105541229248,0.4933035671710968,-0.10129547119140625,0.003976643085479736,False
visformer_small,pit_b_224,22,ILSVRC2012_val_00025989.JPEG,stage3_block2,opposite,True,0.001456946600228548,0.001943287905305624,0.42667144536972046,0.4867665767669678,0.010481834411621094,0.0013230741024017334,False
visformer_small,pit_b_224,23,ILSVRC2012_val_00026068.JPEG,stage3_block2,opposite,True,0.016757959499955177,0.016935333609580994,0.4309696555137634,0.4933168590068817,-0.07718467712402344,0.03560267388820648,False
visformer_small,pit_b_224,22,ILSVRC2012_val_00025989.JPEG,stage3_block2,deviation,True,-0.007598978467285633,-0.00720738572999835,0.4291427433490753,0.47365275025367737,0.012969017028808594,0.0009976476430892944,False
visformer_small,pit_b_224,23,ILSVRC2012_val_00026068.JPEG,stage3_block2,deviation,True,-0.005748046562075615,-0.006177961826324463,0.42703017592430115,0.4807145595550537,-0.13762855529785156,-0.002359330654144287,False
visformer_small,pit_b_224,22,ILSVRC2012_val_00025989.JPEG,stage3_block2,random,True,-0.007253124378621578,-0.0070075117982923985,0.42932212352752686,0.49202805757522583,0.03692817687988281,0.0033738911151885986,False
visformer_small,pit_b_224,23,ILSVRC2012_val_00026068.JPEG,stage3_block2,random,True,0.00814236979931593,0.008519594557583332,0.4288172423839569,0.4934563636779785,-0.08719635009765625,-3.2782554626464844e-05,False
visformer_small,pit_b_224,22,ILSVRC2012_val_00025989.JPEG,stage3_block2,no_drop,True,0.012729430571198463,0.012520968914031982,0.5027901530265808,0.5018335580825806,0.03532981872558594,0.0024821385741233826,False
visformer_small,pit_b_224,23,ILSVRC2012_val_00026068.JPEG,stage3_block2,no_drop,True,-0.011025093495845795,-0.010012440383434296,0.500205934047699,0.49990034103393555,-0.20932292938232422,0.005056813359260559,False
visformer_small,pit_b_224,24,ILSVRC2012_val_00026088.JPEG,stage3_block2,selected,True,0.0159807987511158,0.015839437022805214,0.42333653569221497,0.4873644709587097,0.044692039489746094,0.01058228313922882,False
visformer_small,pit_b_224,25,ILSVRC2012_val_00026113.JPEG,stage3_block2,selected,True,-0.003419137094169855,-0.0029038055799901485,0.42744871973991394,0.48425543308258057,-0.037018775939941406,0.000885985791683197,False
visformer_small,pit_b_224,24,ILSVRC2012_val_00026088.JPEG,stage3_block2,opposite,True,0.03315567970275879,0.03300325572490692,0.42475154995918274,0.47199857234954834,-0.08478546142578125,-0.0032526999711990356,False
visformer_small,pit_b_224,25,ILSVRC2012_val_00026113.JPEG,stage3_block2,opposite,True,0.0022654784843325615,0.0025929140392690897,0.42677775025367737,0.4829799234867096,0.17028045654296875,0.028923578560352325,False
visformer_small,pit_b_224,24,ILSVRC2012_val_00026088.JPEG,stage3_block2,deviation,True,0.010740330442786217,0.010257269255816936,0.42205438017845154,0.4856770932674408,-0.13759994506835938,-0.001946568489074707,False
visformer_small,pit_b_224,25,ILSVRC2012_val_00026113.JPEG,stage3_block2,deviation,True,-0.0008468891028314829,-0.00018555833958089352,0.4286046326160431,0.4918951988220215,0.11628150939941406,0.018201209604740143,False
visformer_small,pit_b_224,24,ILSVRC2012_val_00026088.JPEG,stage3_block2,random,True,-0.00510786660015583,-0.005987533368170261,0.422964483499527,0.482514888048172,-0.050121307373046875,-0.0006370246410369873,False
visformer_small,pit_b_224,25,ILSVRC2012_val_00026113.JPEG,stage3_block2,random,True,0.0034673905465751886,0.004433136899024248,0.42755499482154846,0.47388526797294617,0.04710578918457031,0.012018166482448578,False
visformer_small,pit_b_224,24,ILSVRC2012_val_00026088.JPEG,stage3_block2,no_drop,True,0.06416473537683487,0.06421986222267151,0.4936755895614624,0.49297142028808594,-0.009069442749023438,0.0078085362911224365,False
visformer_small,pit_b_224,25,ILSVRC2012_val_00026113.JPEG,stage3_block2,no_drop,True,0.018604859709739685,0.019162293523550034,0.49934232234954834,0.4999335706233978,0.051013946533203125,0.012785248458385468,False
visformer_small,pit_b_224,26,ILSVRC2012_val_00026139.JPEG,stage3_block2,selected,True,0.014520440250635147,0.01698310114443302,0.43302908539772034,0.4929913282394409,-0.03460407257080078,0.049973323941230774,False
visformer_small,pit_b_224,27,ILSVRC2012_val_00026145.JPEG,stage3_block2,selected,True,0.0671113058924675,0.0676797479391098,0.4479365944862366,0.5151001811027527,1.5130653381347656,1.4340991973876953,True
visformer_small,pit_b_224,26,ILSVRC2012_val_00026139.JPEG,stage3_block2,opposite,True,-0.004321432672441006,-0.0036853691563010216,0.42988014221191406,0.4899686574935913,0.01587677001953125,0.034967705607414246,False
visformer_small,pit_b_224,27,ILSVRC2012_val_00026145.JPEG,stage3_block2,opposite,True,0.058793000876903534,0.05875713750720024,0.4462558329105377,0.5071814060211182,1.600977897644043,1.4844319820404053,True
visformer_small,pit_b_224,26,ILSVRC2012_val_00026139.JPEG,stage3_block2,deviation,True,-0.017596175894141197,-0.016033785417675972,0.4290962517261505,0.4864078462123871,0.040907859802246094,0.036748602986335754,False
visformer_small,pit_b_224,27,ILSVRC2012_val_00026145.JPEG,stage3_block2,deviation,True,0.06974692642688751,0.07018733024597168,0.45189598202705383,0.5012954473495483,1.727646827697754,1.6449360847473145,True
visformer_small,pit_b_224,26,ILSVRC2012_val_00026139.JPEG,stage3_block2,random,True,0.016147350892424583,0.018867377191781998,0.43307557702064514,0.48711204528808594,0.058188438415527344,0.043836578726768494,False
visformer_small,pit_b_224,27,ILSVRC2012_val_00026145.JPEG,stage3_block2,random,True,0.06360407918691635,0.06413698196411133,0.4462890625,0.5122103691101074,1.730783462524414,1.6303937435150146,True
visformer_small,pit_b_224,26,ILSVRC2012_val_00026139.JPEG,stage3_block2,no_drop,True,-0.037658870220184326,-0.035942625254392624,0.5013552308082581,0.5009233951568604,0.033942222595214844,0.04667608439922333,False
visformer_small,pit_b_224,27,ILSVRC2012_val_00026145.JPEG,stage3_block2,no_drop,True,0.05521702021360397,0.05596337839961052,0.5216571092605591,0.5221952199935913,2.0233640670776367,1.894493579864502,True
visformer_small,pit_b_224,28,ILSVRC2012_val_00026189.JPEG,stage3_block2,selected,True,0.004261048510670662,0.004828515462577343,0.4324776828289032,0.49307769536972046,-0.036499977111816406,-0.002616479992866516,False
visformer_small,pit_b_224,29,ILSVRC2012_val_00026202.JPEG,stage3_block2,selected,True,0.0009807380847632885,-0.0009808395989239216,0.4330822229385376,0.48560401797294617,0.15450668334960938,0.021019309759140015,False
visformer_small,pit_b_224,28,ILSVRC2012_val_00026189.JPEG,stage3_block2,opposite,True,0.010880018584430218,0.010944753885269165,0.4339923560619354,0.4950374662876129,-0.031373023986816406,-0.0016925036907196045,False
visformer_small,pit_b_224,29,ILSVRC2012_val_00026202.JPEG,stage3_block2,opposite,True,0.0016743966843932867,0.0008288115495815873,0.43656328320503235,0.49430006742477417,0.07721900939941406,0.010915622115135193,False
visformer_small,pit_b_224,28,ILSVRC2012_val_00026189.JPEG,stage3_block2,deviation,True,0.008438847959041595,0.008626981638371944,0.4318133592605591,0.49055325984954834,-0.06173896789550781,-0.003522805869579315,False
visformer_small,pit_b_224,29,ILSVRC2012_val_00026202.JPEG,stage3_block2,deviation,True,0.0021078295540064573,0.0011335466988384724,0.4356133043766022,0.5013286471366882,0.035284996032714844,0.005861066281795502,False
visformer_small,pit_b_224,28,ILSVRC2012_val_00026189.JPEG,stage3_block2,random,True,-0.0008241658797487617,-0.0006197092588990927,0.42977386713027954,0.4917357563972473,0.0009307861328125,0.0014117509126663208,False
visformer_small,pit_b_224,29,ILSVRC2012_val_00026202.JPEG,stage3_block2,random,True,0.00757705420255661,0.0063603725284338,0.4354804456233978,0.4854179918766022,0.053122520446777344,0.007706932723522186,False
visformer_small,pit_b_224,28,ILSVRC2012_val_00026189.JPEG,stage3_block2,no_drop,True,0.006216446869075298,0.00598170468583703,0.5024114847183228,0.5024580359458923,-0.11456680297851562,-0.008791282773017883,False
visformer_small,pit_b_224,29,ILSVRC2012_val_00026202.JPEG,stage3_block2,no_drop,True,0.017878295853734016,0.01674824208021164,0.5079520344734192,0.507832407951355,0.13089656829833984,0.016154274344444275,False
visformer_small,pit_b_224,30,ILSVRC2012_val_00026226.JPEG,stage3_block2,selected,True,-0.022479064762592316,-0.02361690253019333,0.4238015413284302,0.4893043041229248,0.6507329940795898,0.22307637333869934,False
visformer_small,pit_b_224,31,ILSVRC2012_val_00026280.JPEG,stage3_block2,selected,True,0.008470654487609863,0.009298835881054401,0.43852970004081726,0.5011160969734192,0.12074470520019531,0.030866369605064392,False
visformer_small,pit_b_224,30,ILSVRC2012_val_00026226.JPEG,stage3_block2,opposite,True,-0.01126321591436863,-0.011590955778956413,0.42650535702705383,0.48824140429496765,0.3168039321899414,0.18725302815437317,False
visformer_small,pit_b_224,31,ILSVRC2012_val_00026280.JPEG,stage3_block2,opposite,True,-0.00032973475754261017,0.00027429498732089996,0.43964576721191406,0.49600738286972046,0.16725540161132812,0.04101856052875519,False
visformer_small,pit_b_224,30,ILSVRC2012_val_00026226.JPEG,stage3_block2,deviation,True,-0.011159551329910755,-0.010651454329490662,0.4289766550064087,0.49326372146606445,-0.2649965286254883,0.008708462119102478,False
visformer_small,pit_b_224,31,ILSVRC2012_val_00026280.JPEG,stage3_block2,deviation,True,-0.00988092739135027,-0.00837257131934166,0.43343430757522583,0.48926445841789246,0.027785301208496094,0.015566334128379822,False
visformer_small,pit_b_224,30,ILSVRC2012_val_00026226.JPEG,stage3_block2,random,True,-0.011885005980730057,-0.01305369846522808,0.422645628452301,0.4854578673839569,-0.1420116424560547,0.06075596064329147,False
visformer_small,pit_b_224,31,ILSVRC2012_val_00026280.JPEG,stage3_block2,random,True,-3.620469942688942e-05,0.00014738086611032486,0.43972548842430115,0.5037136077880859,0.1650705337524414,0.032378554344177246,False
visformer_small,pit_b_224,30,ILSVRC2012_val_00026226.JPEG,stage3_block2,no_drop,True,-0.01495018694549799,-0.016322452574968338,0.4954559803009033,0.49465879797935486,2.178342342376709,1.5632802248001099,True
visformer_small,pit_b_224,31,ILSVRC2012_val_00026280.JPEG,stage3_block2,no_drop,True,0.0070622144266963005,0.007268632296472788,0.5105894207954407,0.5103369355201721,0.09295940399169922,0.04544796049594879,False
visformer_small,pit_b_224,32,ILSVRC2012_val_00026315.JPEG,stage3_block2,selected,True,0.019693180918693542,0.019384756684303284,0.4349556267261505,0.49572837352752686,0.05411815643310547,0.013012468814849854,False
visformer_small,pit_b_224,33,ILSVRC2012_val_00026328.JPEG,stage3_block2,selected,True,-0.004697663709521294,-0.004763925448060036,0.4291427433490753,0.48275405168533325,-0.006623268127441406,0.0018482953310012817,False
visformer_small,pit_b_224,32,ILSVRC2012_val_00026315.JPEG,stage3_block2,opposite,True,0.01678653247654438,0.016302010044455528,0.43880873918533325,0.49628639221191406,0.043251991271972656,0.011251524090766907,False
visformer_small,pit_b_224,33,ILSVRC2012_val_00026328.JPEG,stage3_block2,opposite,True,-0.009490272030234337,-0.009265747852623463,0.4312021732330322,0.4935493767261505,0.16208744049072266,0.02199636399745941,False
visformer_small,pit_b_224,32,ILSVRC2012_val_00026315.JPEG,stage3_block2,deviation,True,0.013830154202878475,0.013049202039837837,0.43405213952064514,0.4973958432674408,0.03070354461669922,0.011309325695037842,False
visformer_small,pit_b_224,33,ILSVRC2012_val_00026328.JPEG,stage3_block2,deviation,True,0.00013488181866705418,-0.000243513030000031,0.42998644709587097,0.4928518235683441,0.0753946304321289,0.020732834935188293,False
visformer_small,pit_b_224,32,ILSVRC2012_val_00026315.JPEG,stage3_block2,random,True,0.010788130573928356,0.010409429669380188,0.4359653890132904,0.49493780732154846,-0.054520606994628906,0.00016514956951141357,False
visformer_small,pit_b_224,33,ILSVRC2012_val_00026328.JPEG,stage3_block2,random,True,-0.0033520746510475874,-0.003969911020249128,0.4309563636779785,0.488095223903656,-0.0005283355712890625,0.03533598780632019,False
visformer_small,pit_b_224,32,ILSVRC2012_val_00026315.JPEG,stage3_block2,no_drop,True,0.020615510642528534,0.019748058170080185,0.5106558203697205,0.5099449753761292,0.0502777099609375,0.015121236443519592,False
visformer_small,pit_b_224,33,ILSVRC2012_val_00026328.JPEG,stage3_block2,no_drop,True,-0.006748364772647619,-0.007102291565388441,0.5027104616165161,0.5022919178009033,0.050098419189453125,0.00849182903766632,False
visformer_small,pit_b_224,34,ILSVRC2012_val_00026332.JPEG,stage3_block2,selected,True,-0.05802333354949951,-0.05865684896707535,0.41462716460227966,0.47898730635643005,0.064453125,0.028353482484817505,False
visformer_small,pit_b_224,35,ILSVRC2012_val_00026390.JPEG,stage3_block2,selected,True,-0.022367997094988823,-0.0229762215167284,0.43042489886283875,0.4933035671710968,-0.12239551544189453,-0.010457903146743774,False
visformer_small,pit_b_224,34,ILSVRC2012_val_00026332.JPEG,stage3_block2,opposite,True,-0.04741877317428589,-0.047536417841911316,0.412202388048172,0.470909059047699,-0.45540428161621094,-0.017724931240081787,False
visformer_small,pit_b_224,35,ILSVRC2012_val_00026390.JPEG,stage3_block2,opposite,True,0.013709557242691517,0.01405420247465372,0.43277662992477417,0.492094486951828,0.2040090560913086,0.028762221336364746,False
visformer_small,pit_b_224,34,ILSVRC2012_val_00026332.JPEG,stage3_block2,deviation,True,-0.057781483978033066,-0.058674104511737823,0.41157791018486023,0.4651692807674408,-0.3895435333251953,-0.016179412603378296,False
visformer_small,pit_b_224,35,ILSVRC2012_val_00026390.JPEG,stage3_block2,deviation,True,0.027357984334230423,0.02743101865053177,0.43522799015045166,0.49376195669174194,0.1939992904663086,0.025097578763961792,False
visformer_small,pit_b_224,34,ILSVRC2012_val_00026332.JPEG,stage3_block2,random,True,-0.05395541340112686,-0.05418871343135834,0.4097177982330322,0.47404471039772034,-0.3063507080078125,-0.006785064935684204,False
visformer_small,pit_b_224,35,ILSVRC2012_val_00026390.JPEG,stage3_block2,random,True,-0.0009129955433309078,-0.0008494597859680653,0.43307557702064514,0.48543792963027954,0.055764198303222656,0.0030525028705596924,False
visformer_small,pit_b_224,34,ILSVRC2012_val_00026332.JPEG,stage3_block2,no_drop,True,-0.058899007737636566,-0.06089438498020172,0.48011666536331177,0.4793526828289032,-0.2632865905761719,-0.0014586597681045532,False
visformer_small,pit_b_224,35,ILSVRC2012_val_00026390.JPEG,stage3_block2,no_drop,True,0.010807672515511513,0.01203214656561613,0.5027503371238708,0.5021856427192688,0.020208358764648438,-0.0031618326902389526,False
visformer_small,pit_b_224,36,ILSVRC2012_val_00026397.JPEG,stage3_block2,selected,True,-0.004495922476053238,-0.0057377684861421585,0.42808645963668823,0.4894770383834839,-0.01941394805908203,-0.0022596418857574463,False
visformer_small,pit_b_224,37,ILSVRC2012_val_00026436.JPEG,stage3_block2,selected,True,0.013888366520404816,0.013978537172079086,0.4419177770614624,0.5030559301376343,0.016775131225585938,0.01394103467464447,False
visformer_small,pit_b_224,36,ILSVRC2012_val_00026397.JPEG,stage3_block2,opposite,True,-0.011398682370781898,-0.011589286848902702,0.42815953493118286,0.47795096039772034,0.03623485565185547,0.005402758717536926,False
visformer_small,pit_b_224,37,ILSVRC2012_val_00026436.JPEG,stage3_block2,opposite,True,0.01713429018855095,0.017011983320116997,0.44327300786972046,0.5029363036155701,0.1613025665283203,0.03939802944660187,False
visformer_small,pit_b_224,36,ILSVRC2012_val_00026397.JPEG,stage3_block2,deviation,True,-0.009443560615181923,-0.00847010686993599,0.42548230290412903,0.48585644364356995,-0.10445594787597656,-0.014012128114700317,False
visformer_small,pit_b_224,37,ILSVRC2012_val_00026436.JPEG,stage3_block2,deviation,True,0.024120323359966278,0.023861652240157127,0.44634220004081726,0.5017006993293762,0.2588214874267578,0.0467040091753006,False
visformer_small,pit_b_224,36,ILSVRC2012_val_00026397.JPEG,stage3_block2,random,True,-0.004545722156763077,-0.004972721450030804,0.4270501136779785,0.4817708432674408,-0.030356407165527344,-0.0036095529794692993,False
visformer_small,pit_b_224,37,ILSVRC2012_val_00026436.JPEG,stage3_block2,random,True,0.016654567793011665,0.016612984240055084,0.44183140993118286,0.49954161047935486,0.15166568756103516,0.031111225485801697,False
visformer_small,pit_b_224,36,ILSVRC2012_val_00026397.JPEG,stage3_block2,no_drop,True,-0.009392043575644493,-0.008714849129319191,0.4987178444862366,0.4993157386779785,-0.09160900115966797,-0.012598395347595215,False
visformer_small,pit_b_224,37,ILSVRC2012_val_00026436.JPEG,stage3_block2,no_drop,True,0.021632924675941467,0.02164854109287262,0.5202022194862366,0.5211721658706665,0.09320068359375,0.02925880253314972,False
visformer_small,pit_b_224,38,ILSVRC2012_val_00026490.JPEG,stage3_block2,selected,True,0.08620420098304749,0.08689567446708679,0.44209715723991394,0.4900815784931183,0.25405406951904297,0.09124676883220673,False
visformer_small,pit_b_224,39,ILSVRC2012_val_00026510.JPEG,stage3_block2,selected,True,0.005544668063521385,0.006665507331490517,0.4318731427192688,0.4897095561027527,0.00011157989501953125,0.040382757782936096,False
visformer_small,pit_b_224,38,ILSVRC2012_val_00026490.JPEG,stage3_block2,opposite,True,0.05436031147837639,0.05490384250879288,0.4436250925064087,0.5046436786651611,0.20491981506347656,0.04281027615070343,False
visformer_small,pit_b_224,39,ILSVRC2012_val_00026510.JPEG,stage3_block2,opposite,True,0.015121160075068474,0.016777757555246353,0.4354671537876129,0.4927322566509247,0.0008840560913085938,0.024861708283424377,False
visformer_small,pit_b_224,38,ILSVRC2012_val_00026490.JPEG,stage3_block2,deviation,True,0.07653291523456573,0.07686705887317657,0.443359375,0.5028831958770752,0.14320945739746094,0.03672848641872406,False
visformer_small,pit_b_224,39,ILSVRC2012_val_00026510.JPEG,stage3_block2,deviation,True,0.013982298783957958,0.015502460300922394,0.43845662474632263,0.497183233499527,0.052951812744140625,0.047288864850997925,False
visformer_small,pit_b_224,38,ILSVRC2012_val_00026490.JPEG,stage3_block2,random,True,0.08148137480020523,0.08224233984947205,0.4418579936027527,0.49146339297294617,0.41059207916259766,0.14922624826431274,False
visformer_small,pit_b_224,39,ILSVRC2012_val_00026510.JPEG,stage3_block2,random,True,0.020331159234046936,0.021693477407097816,0.4332483112812042,0.4979671537876129,0.0006561279296875,0.03975081443786621,False
visformer_small,pit_b_224,38,ILSVRC2012_val_00026490.JPEG,stage3_block2,no_drop,True,0.05839253589510918,0.058153823018074036,0.5128348469734192,0.512881338596344,0.24963855743408203,0.0854320079088211,False
visformer_small,pit_b_224,39,ILSVRC2012_val_00026510.JPEG,stage3_block2,no_drop,True,0.005292984656989574,0.007270562928169966,0.5060387253761292,0.5075002908706665,-0.06283760070800781,0.030716300010681152,False
visformer_small,pit_b_224,40,ILSVRC2012_val_00026559.JPEG,stage3_block2,selected,True,-0.0007782485336065292,-0.0025430377572774887,0.43176019191741943,0.4929182529449463,0.03601264953613281,0.010996326804161072,False
visformer_small,pit_b_224,41,ILSVRC2012_val_00026627.JPEG,stage3_block2,selected,True,-0.004304769914597273,-0.0058119106106460094,0.43205252289772034,0.4947916567325592,0.045151710510253906,0.006439775228500366,False
visformer_small,pit_b_224,40,ILSVRC2012_val_00026559.JPEG,stage3_block2,opposite,True,-0.0015231323195621371,-0.002991850022226572,0.42764800786972046,0.4762037694454193,0.02129364013671875,8.004903793334961e-05,False
visformer_small,pit_b_224,41,ILSVRC2012_val_00026627.JPEG,stage3_block2,opposite,True,-0.004553519655019045,-0.0037126033566892147,0.4290032386779785,0.4899287819862366,0.09514904022216797,0.017232149839401245,False
visformer_small,pit_b_224,40,ILSVRC2012_val_00026559.JPEG,stage3_block2,deviation,True,0.01644006557762623,0.017028026282787323,0.4307902753353119,0.48267433047294617,0.10023117065429688,0.009685367345809937,False
visformer_small,pit_b_224,41,ILSVRC2012_val_00026627.JPEG,stage3_block2,deviation,True,0.005395065993070602,0.006214872933924198,0.4309563636779785,0.4954427182674408,0.11276626586914062,0.01638612151145935,False
visformer_small,pit_b_224,40,ILSVRC2012_val_00026559.JPEG,stage3_block2,random,True,-0.007817457430064678,-0.007565730717033148,0.4289899468421936,0.48830118775367737,0.07815265655517578,0.0123806893825531,False
visformer_small,pit_b_224,41,ILSVRC2012_val_00026627.JPEG,stage3_block2,random,True,-0.0023308871313929558,-0.0034840258304029703,0.4358125925064087,0.4958944618701935,0.045207977294921875,0.006824567914009094,False
visformer_small,pit_b_224,40,ILSVRC2012_val_00026559.JPEG,stage3_block2,no_drop,True,-0.003984298091381788,-0.005860777571797371,0.498910516500473,0.4984653890132904,0.15997314453125,0.0197637677192688,False
visformer_small,pit_b_224,41,ILSVRC2012_val_00026627.JPEG,stage3_block2,no_drop,True,-0.009470799937844276,-0.008231576532125473,0.500750720500946,0.501933217048645,0.007803916931152344,0.0008830428123474121,False
visformer_small,pit_b_224,42,ILSVRC2012_val_00026692.JPEG,stage3_block2,selected,True,0.05833670124411583,0.06079820543527603,0.440316766500473,0.5041453838348389,0.23670005798339844,0.11784395575523376,False
visformer_small,pit_b_224,43,ILSVRC2012_val_00026737.JPEG,stage3_block2,selected,True,-0.012862293981015682,-0.01187207829207182,0.4243529438972473,0.48533162474632263,-0.03630542755126953,-0.007068902254104614,False
visformer_small,pit_b_224,42,ILSVRC2012_val_00026692.JPEG,stage3_block2,opposite,True,0.06877338141202927,0.0689706951379776,0.44772401452064514,0.5072743892669678,0.3620729446411133,0.2106800079345703,False
visformer_small,pit_b_224,43,ILSVRC2012_val_00026737.JPEG,stage3_block2,opposite,True,-0.018612287938594818,-0.017953917384147644,0.4284518361091614,0.4821627736091614,-0.03713798522949219,-0.008477643132209778,False
visformer_small,pit_b_224,42,ILSVRC2012_val_00026692.JPEG,stage3_block2,deviation,True,0.0731390118598938,0.07376972585916519,0.44306042790412903,0.5046834945678711,0.30279541015625,0.1638602614402771,False
visformer_small,pit_b_224,43,ILSVRC2012_val_00026737.JPEG,stage3_block2,deviation,True,-0.02860201895236969,-0.028467874974012375,0.42219388484954834,0.47647613286972046,-0.05663871765136719,-0.011877551674842834,False
visformer_small,pit_b_224,42,ILSVRC2012_val_00026692.JPEG,stage3_block2,random,True,0.08687812834978104,0.08867452293634415,0.4464152753353119,0.5080716013908386,0.626213550567627,0.3222936987876892,False
visformer_small,pit_b_224,43,ILSVRC2012_val_00026737.JPEG,stage3_block2,random,True,-0.01692959852516651,-0.01740916445851326,0.42825254797935486,0.4906994104385376,-0.011239051818847656,-0.004734307527542114,False
visformer_small,pit_b_224,42,ILSVRC2012_val_00026692.JPEG,stage3_block2,no_drop,True,0.044184353202581406,0.04421139508485794,0.5141701102256775,0.5141634941101074,0.23600006103515625,0.11557915806770325,False
visformer_small,pit_b_224,43,ILSVRC2012_val_00026737.JPEG,stage3_block2,no_drop,True,-0.014958987012505531,-0.013838637620210648,0.4997807741165161,0.499794065952301,-0.003765106201171875,-0.0017452239990234375,False
visformer_small,pit_b_224,44,ILSVRC2012_val_00026743.JPEG,stage3_block2,selected,True,0.027724312618374825,0.030151939019560814,0.4444023668766022,0.5055603981018066,0.981684684753418,0.8785587549209595,True
visformer_small,pit_b_224,45,ILSVRC2012_val_00026754.JPEG,stage3_block2,selected,True,-0.005201689433306456,-0.005494209006428719,0.43076372146606445,0.48978927731513977,0.2229471206665039,0.04838623106479645,False
visformer_small,pit_b_224,44,ILSVRC2012_val_00026743.JPEG,stage3_block2,opposite,True,0.0394953154027462,0.040901072323322296,0.4448142647743225,0.49679794907569885,1.2240524291992188,1.1920307874679565,True
visformer_small,pit_b_224,45,ILSVRC2012_val_00026754.JPEG,stage3_block2,opposite,True,-0.00530998595058918,-0.007167047820985317,0.43152105808258057,0.4906861186027527,0.14537429809570312,0.024567395448684692,False
visformer_small,pit_b_224,44,ILSVRC2012_val_00026743.JPEG,stage3_block2,deviation,True,0.037071824073791504,0.038535431027412415,0.4459170401096344,0.5051884055137634,1.3291149139404297,1.2406069040298462,True
visformer_small,pit_b_224,45,ILSVRC2012_val_00026754.JPEG,stage3_block2,deviation,True,-0.005993323866277933,-0.007199729792773724,0.43013259768486023,0.49109137058258057,0.15494346618652344,0.03411675989627838,False
visformer_small,pit_b_224,44,ILSVRC2012_val_00026743.JPEG,stage3_block2,random,True,0.02847347781062126,0.031137151643633842,0.4486009180545807,0.5084900856018066,1.2298150062561035,1.1241918802261353,True
visformer_small,pit_b_224,45,ILSVRC2012_val_00026754.JPEG,stage3_block2,random,True,0.004890844225883484,0.005476406775414944,0.4340322017669678,0.49404096603393555,0.1468048095703125,0.02886258065700531,False
visformer_small,pit_b_224,44,ILSVRC2012_val_00026743.JPEG,stage3_block2,no_drop,True,0.040993839502334595,0.04249820113182068,0.5211588740348816,0.5233910083770752,1.5253181457519531,1.3738831281661987,True
visformer_small,pit_b_224,45,ILSVRC2012_val_00026754.JPEG,stage3_block2,no_drop,True,-0.0041274079121649265,-0.0044273571111261845,0.5065502524375916,0.5061317682266235,0.13011741638183594,0.022867411375045776,False
visformer_small,pit_b_224,46,ILSVRC2012_val_00026803.JPEG,stage3_block2,selected,True,-0.004756629932671785,-0.005375750362873077,0.42757493257522583,0.4881151616573334,0.1110696792602539,0.02544926106929779,False
visformer_small,pit_b_224,47,ILSVRC2012_val_00026901.JPEG,stage3_block2,selected,True,0.05910518392920494,0.060330040752887726,0.44394397735595703,0.5104432106018066,0.4080219268798828,0.22671359777450562,False
visformer_small,pit_b_224,46,ILSVRC2012_val_00026803.JPEG,stage3_block2,opposite,True,-0.0029034586623311043,-0.002674045506864786,0.4328164756298065,0.4903738796710968,0.0972280502319336,0.018767401576042175,False
visformer_small,pit_b_224,47,ILSVRC2012_val_00026901.JPEG,stage3_block2,opposite,True,0.05173498019576073,0.05318605527281761,0.44149261713027954,0.504318118095398,0.5574216842651367,0.4505136013031006,False
visformer_small,pit_b_224,46,ILSVRC2012_val_00026803.JPEG,stage3_block2,deviation,True,0.0071831801906228065,0.006240490358322859,0.4302123188972473,0.4848998188972473,-0.061697959899902344,0.002266436815261841,False
visformer_small,pit_b_224,47,ILSVRC2012_val_00026901.JPEG,stage3_block2,deviation,True,0.050524406135082245,0.05195492506027222,0.4426020383834839,0.5056667327880859,0.3902406692504883,0.29806631803512573,False
visformer_small,pit_b_224,46,ILSVRC2012_val_00026803.JPEG,stage3_block2,random,True,0.004517378751188517,0.0037007846403867006,0.43132174015045166,0.4937951862812042,0.05917167663574219,0.021149873733520508,False
visformer_small,pit_b_224,47,ILSVRC2012_val_00026901.JPEG,stage3_block2,random,True,0.054101020097732544,0.05573996901512146,0.4399181604385376,0.504470944404602,0.3672618865966797,0.33283501863479614,False
visformer_small,pit_b_224,46,ILSVRC2012_val_00026803.JPEG,stage3_block2,no_drop,True,0.012256650254130363,0.011379034258425236,0.4993954598903656,0.4990500211715698,-0.044638633728027344,0.01628473401069641,False
visformer_small,pit_b_224,47,ILSVRC2012_val_00026901.JPEG,stage3_block2,no_drop,True,0.06043437123298645,0.062002383172512054,0.5195910334587097,0.5210326313972473,0.5238685607910156,0.46939516067504883,False
visformer_small,pit_b_224,48,ILSVRC2012_val_00026916.JPEG,stage3_block2,selected,True,0.0038793287239968777,0.0040379473939538,0.4381643235683441,0.49934232234954834,0.13059520721435547,0.01347111165523529,False
visformer_small,pit_b_224,49,ILSVRC2012_val_00026925.JPEG,stage3_block2,selected,True,-0.006076217629015446,-0.006660760380327702,0.4273889362812042,0.4859295189380646,0.01433563232421875,0.01788991689682007,False
visformer_small,pit_b_224,48,ILSVRC2012_val_00026916.JPEG,stage3_block2,opposite,True,0.010835866443812847,0.011145132593810558,0.4289899468421936,0.48813509941101074,0.054131507873535156,0.005004480481147766,False
visformer_small,pit_b_224,49,ILSVRC2012_val_00026925.JPEG,stage3_block2,opposite,True,-0.009669831022620201,-0.010496927425265312,0.4244791567325592,0.4813390076160431,-0.0675954818725586,-0.011808276176452637,False
visformer_small,pit_b_224,48,ILSVRC2012_val_00026916.JPEG,stage3_block2,deviation,True,0.010099618695676327,0.009950535371899605,0.43200600147247314,0.4948979616165161,0.020501136779785156,0.001955293118953705,False
visformer_small,pit_b_224,49,ILSVRC2012_val_00026925.JPEG,stage3_block2,deviation,True,-0.01624464802443981,-0.017063191160559654,0.4227120578289032,0.4782698154449463,0.014859199523925781,0.008786842226982117,False
visformer_small,pit_b_224,48,ILSVRC2012_val_00026916.JPEG,stage3_block2,random,True,0.008157191798090935,0.007970448583364487,0.4352811574935913,0.4940941333770752,0.06316852569580078,0.005831226706504822,False
visformer_small,pit_b_224,49,ILSVRC2012_val_00026925.JPEG,stage3_block2,random,True,-0.00793742761015892,-0.008650992065668106,0.4240274131298065,0.4787614345550537,-0.03116893768310547,0.003901168704032898,False
visformer_small,pit_b_224,48,ILSVRC2012_val_00026916.JPEG,stage3_block2,no_drop,True,0.006988252513110638,0.006884154863655567,0.5036538243293762,0.504510760307312,0.029870986938476562,0.0017976388335227966,False
visformer_small,pit_b_224,49,ILSVRC2012_val_00026925.JPEG,stage3_block2,no_drop,True,-0.01863594725728035,-0.018790755420923233,0.4944993555545807,0.4939878284931183,-0.03727149963378906,0.015112906694412231,False
visformer_small,pit_b_224,50,ILSVRC2012_val_00026972.JPEG,stage3_block2,selected,True,0.06343454867601395,0.06564438343048096,0.4451729953289032,0.5063576102256775,0.30455589294433594,0.0827689915895462,False
visformer_small,pit_b_224,51,ILSVRC2012_val_00027124.JPEG,stage3_block2,selected,True,-0.00023753230925649405,6.294925697147846e-05,0.42675116658210754,0.4856571555137634,-0.09462928771972656,0.003294020891189575,False
visformer_small,pit_b_224,50,ILSVRC2012_val_00026972.JPEG,stage3_block2,opposite,True,0.07501410692930222,0.07603771984577179,0.45007574558258057,0.5117253661155701,0.9934110641479492,0.5574565529823303,False
visformer_small,pit_b_224,51,ILSVRC2012_val_00027124.JPEG,stage3_block2,opposite,True,0.019560277462005615,0.020434772595763206,0.43168047070503235,0.4801299571990967,-0.17931556701660156,-0.019047461450099945,False
visformer_small,pit_b_224,50,ILSVRC2012_val_00026972.JPEG,stage3_block2,deviation,True,0.08061954379081726,0.0831635445356369,0.4514841139316559,0.5155785083770752,0.6674432754516602,0.34208446741104126,False
visformer_small,pit_b_224,51,ILSVRC2012_val_00027124.JPEG,stage3_block2,deviation,True,0.028521167114377022,0.02970653772354126,0.43654337525367737,0.4993290305137634,0.034336090087890625,0.006739363074302673,False
visformer_small,pit_b_224,50,ILSVRC2012_val_00026972.JPEG,stage3_block2,random,True,0.07697167992591858,0.07892999798059464,0.4526865482330322,0.5120177268981934,0.12865447998046875,0.14596398174762726,False
visformer_small,pit_b_224,51,ILSVRC2012_val_00027124.JPEG,stage3_block2,random,True,0.013969936408102512,0.014826888218522072,0.42976057529449463,0.49382174015045166,-0.09618949890136719,-0.003916248679161072,False
visformer_small,pit_b_224,50,ILSVRC2012_val_00026972.JPEG,stage3_block2,no_drop,True,0.0738057866692543,0.07564650475978851,0.5212252736091614,0.5217633843421936,0.7587041854858398,0.4122968912124634,False
visformer_small,pit_b_224,51,ILSVRC2012_val_00027124.JPEG,stage3_block2,no_drop,True,0.00687146931886673,0.0065589407458901405,0.5039992332458496,0.5041919350624084,-0.12746810913085938,-0.011901617050170898,False
visformer_small,pit_b_224,52,ILSVRC2012_val_00027141.JPEG,stage3_block2,selected,True,0.023785054683685303,0.02329145558178425,0.43253082036972046,0.4934297800064087,0.1608600616455078,0.03264591097831726,False
visformer_small,pit_b_224,53,ILSVRC2012_val_00027148.JPEG,stage3_block2,selected,True,0.009404449723660946,0.009392288513481617,0.4345836043357849,0.49628639221191406,0.04383373260498047,0.005563139915466309,False
visformer_small,pit_b_224,52,ILSVRC2012_val_00027141.JPEG,stage3_block2,opposite,True,0.014725432731211185,0.014271251857280731,0.43073713779449463,0.4896962642669678,0.1679239273071289,0.03695167601108551,False
visformer_small,pit_b_224,53,ILSVRC2012_val_00027148.JPEG,stage3_block2,opposite,True,0.0022962926886975765,0.0017992095090448856,0.4348028302192688,0.4927123188972473,0.03008556365966797,0.0032499954104423523,False
visformer_small,pit_b_224,52,ILSVRC2012_val_00027141.JPEG,stage3_block2,deviation,True,0.028844958171248436,0.02867131493985653,0.4381842613220215,0.49585458636283875,0.25152111053466797,0.04251877963542938,False
visformer_small,pit_b_224,53,ILSVRC2012_val_00027148.JPEG,stage3_block2,deviation,True,0.007555339485406876,0.006595496088266373,0.4393734037876129,0.5027503371238708,0.005635261535644531,0.0006226152181625366,False
visformer_small,pit_b_224,52,ILSVRC2012_val_00027141.JPEG,stage3_block2,random,True,0.024956492707133293,0.024439174681901932,0.43369340896606445,0.48974278569221497,0.11242485046386719,0.023979201912879944,False
visformer_small,pit_b_224,53,ILSVRC2012_val_00027148.JPEG,stage3_block2,random,True,0.0068665603175759315,0.007668233942240477,0.43599197268486023,0.48725154995918274,0.05813312530517578,0.006464190781116486,False
visformer_small,pit_b_224,52,ILSVRC2012_val_00027141.JPEG,stage3_block2,no_drop,True,0.010953065007925034,0.010178591124713421,0.4986514151096344,0.49831923842430115,0.09611034393310547,0.024813219904899597,False
visformer_small,pit_b_224,53,ILSVRC2012_val_00027148.JPEG,stage3_block2,no_drop,True,0.02083667553961277,0.018864348530769348,0.5091411471366882,0.5091278553009033,0.010080337524414062,0.0010345280170440674,False
visformer_small,pit_b_224,54,ILSVRC2012_val_00027201.JPEG,stage3_block2,selected,True,0.0035146819427609444,0.0031246081925928593,0.4326437711715698,0.4909319281578064,-0.13536834716796875,-0.021385908126831055,False
visformer_small,pit_b_224,55,ILSVRC2012_val_00027287.JPEG,stage3_block2,selected,True,0.019725050777196884,0.01962428167462349,0.43659651279449463,0.5001262426376343,0.15696430206298828,0.02658115327358246,False
visformer_small,pit_b_224,54,ILSVRC2012_val_00027201.JPEG,stage3_block2,opposite,True,0.0009187280666083097,0.0011721476912498474,0.43378639221191406,0.48826131224632263,-0.14894962310791016,-0.011984005570411682,False
visformer_small,pit_b_224,55,ILSVRC2012_val_00027287.JPEG,stage3_block2,opposite,True,0.018786834552884102,0.018944984301924706,0.4332815110683441,0.4863746166229248,0.11346435546875,0.019921645522117615,False
visformer_small,pit_b_224,54,ILSVRC2012_val_00027201.JPEG,stage3_block2,deviation,True,-0.002946212189272046,-0.003367315512150526,0.4308965802192688,0.49241337180137634,-0.13407611846923828,-0.01364050805568695,False
visformer_small,pit_b_224,55,ILSVRC2012_val_00027287.JPEG,stage3_block2,deviation,True,0.025776885449886322,0.02580738626420498,0.4360916316509247,0.4952566921710968,0.1564493179321289,0.02546831965446472,False
visformer_small,pit_b_224,54,ILSVRC2012_val_00027201.JPEG,stage3_block2,random,True,0.00425798399373889,0.00425516115501523,0.4318864345550537,0.4929315447807312,-0.09296417236328125,-0.012537345290184021,False
visformer_small,pit_b_224,55,ILSVRC2012_val_00027287.JPEG,stage3_block2,random,True,0.023021016269922256,0.02335074543952942,0.4380779564380646,0.4964524805545807,0.24730587005615234,0.04491734504699707,False
visformer_small,pit_b_224,54,ILSVRC2012_val_00027201.JPEG,stage3_block2,no_drop,True,0.011960704810917377,0.010387550108134747,0.5055537819862366,0.5048562288284302,-0.22666645050048828,-0.027915850281715393,False
visformer_small,pit_b_224,55,ILSVRC2012_val_00027287.JPEG,stage3_block2,no_drop,True,0.02214887924492359,0.022057972848415375,0.5099250674247742,0.510177493095398,0.1551227569580078,0.026025637984275818,False
visformer_small,pit_b_224,56,ILSVRC2012_val_00027348.JPEG,stage3_block2,selected,True,0.018470238894224167,0.018831666558980942,0.44259539246559143,0.5055139064788818,1.235598087310791,1.0152966976165771,True
visformer_small,pit_b_224,57,ILSVRC2012_val_00027385.JPEG,stage3_block2,selected,True,0.015786603093147278,0.017056623473763466,0.43352067470550537,0.49199485778808594,-0.04925251007080078,-0.005540341138839722,False
visformer_small,pit_b_224,56,ILSVRC2012_val_00027348.JPEG,stage3_block2,opposite,True,0.02125789225101471,0.02239590883255005,0.4451132118701935,0.49627313017845154,3.8650388717651367,3.771049976348877,True
visformer_small,pit_b_224,57,ILSVRC2012_val_00027385.JPEG,stage3_block2,opposite,True,0.025777965784072876,0.024304509162902832,0.4350818395614624,0.4850858449935913,0.03332996368408203,0.008440926671028137,False
visformer_small,pit_b_224,56,ILSVRC2012_val_00027348.JPEG,stage3_block2,deviation,True,0.022103087976574898,0.02252883091568947,0.4437048137187958,0.501348614692688,2.9281606674194336,2.7178871631622314,True
visformer_small,pit_b_224,57,ILSVRC2012_val_00027385.JPEG,stage3_block2,deviation,True,0.018762625753879547,0.01785583421587944,0.4361514151096344,0.49087876081466675,0.022371292114257812,0.008081868290901184,False
visformer_small,pit_b_224,56,ILSVRC2012_val_00027348.JPEG,stage3_block2,random,True,0.022793423384428024,0.023439576849341393,0.44679394364356995,0.5048230290412903,3.2196874618530273,3.0472264289855957,True
visformer_small,pit_b_224,57,ILSVRC2012_val_00027385.JPEG,stage3_block2,random,True,0.032556258141994476,0.030236104503273964,0.4376395046710968,0.4989171326160431,0.09926986694335938,0.018893510103225708,False
visformer_small,pit_b_224,56,ILSVRC2012_val_00027348.JPEG,stage3_block2,no_drop,True,0.02191578596830368,0.022694092243909836,0.5194847583770752,0.5201225280761719,4.175705909729004,4.114165782928467,True
visformer_small,pit_b_224,57,ILSVRC2012_val_00027385.JPEG,stage3_block2,no_drop,True,0.023378625512123108,0.022094981744885445,0.5063443183898926,0.5067429542541504,0.06515789031982422,0.013883650302886963,False
visformer_small,pit_b_224,58,ILSVRC2012_val_00027498.JPEG,stage3_block2,selected,True,-0.0011060143588110805,-0.0006711737951263785,0.42675116658210754,0.4859893321990967,-0.1955089569091797,-0.015919670462608337,False
visformer_small,pit_b_224,59,ILSVRC2012_val_00027530.JPEG,stage3_block2,selected,True,0.0024289304856210947,0.002497953362762928,0.43045148253440857,0.4923535883426666,0.05868053436279297,0.024548649787902832,False
visformer_small,pit_b_224,58,ILSVRC2012_val_00027498.JPEG,stage3_block2,opposite,True,-0.000743407872505486,-0.0005990662612020969,0.4315011203289032,0.48384353518486023,-0.055405616760253906,0.003950625658035278,False
visformer_small,pit_b_224,59,ILSVRC2012_val_00027530.JPEG,stage3_block2,opposite,True,-0.0031518638134002686,-0.0029305897187441587,0.4309098720550537,0.49355602264404297,0.13776206970214844,0.022251322865486145,False
visformer_small,pit_b_224,58,ILSVRC2012_val_00027498.JPEG,stage3_block2,deviation,True,0.0025092056021094322,0.0025188669096678495,0.4315144121646881,0.48236873745918274,-0.11594772338867188,-0.0007876753807067871,False
visformer_small,pit_b_224,59,ILSVRC2012_val_00027530.JPEG,stage3_block2,deviation,True,0.007979221642017365,0.008167640306055546,0.4303850531578064,0.4945790767669678,0.15618324279785156,0.031666502356529236,False
visformer_small,pit_b_224,58,ILSVRC2012_val_00027498.JPEG,stage3_block2,random,True,0.015911497175693512,0.016215849667787552,0.4317070543766022,0.49644583463668823,-0.16002559661865234,-0.006995052099227905,False
visformer_small,pit_b_224,59,ILSVRC2012_val_00027530.JPEG,stage3_block2,random,True,-0.010331316851079464,-0.010831387713551521,0.4291427433490753,0.47681495547294617,0.12485122680664062,0.028050005435943604,False
visformer_small,pit_b_224,58,ILSVRC2012_val_00027498.JPEG,stage3_block2,no_drop,True,-0.005384117364883423,-0.0059753293171525,0.5019398331642151,0.5021324753761292,-0.17244243621826172,-0.012884780764579773,False
visformer_small,pit_b_224,59,ILSVRC2012_val_00027530.JPEG,stage3_block2,no_drop,True,-0.005568130873143673,-0.0058851526118814945,0.5007041692733765,0.5010031461715698,0.09751033782958984,0.014931589365005493,False
visformer_small,pit_b_224,60,ILSVRC2012_val_00027633.JPEG,stage3_block2,selected,True,-0.00016216840595006943,-0.0007535996846854687,0.4224795401096344,0.48179739713668823,0.000518798828125,0.0094161257147789,False
visformer_small,pit_b_224,61,ILSVRC2012_val_00027636.JPEG,stage3_block2,selected,True,0.023222558200359344,0.023306282237172127,0.4400709569454193,0.5023915767669678,-0.07393264770507812,0.024509072303771973,False
visformer_small,pit_b_224,60,ILSVRC2012_val_00027633.JPEG,stage3_block2,opposite,True,-0.011024724692106247,-0.01139187254011631,0.41798868775367737,0.4741443395614624,0.14602947235107422,0.0225091353058815,False
visformer_small,pit_b_224,61,ILSVRC2012_val_00027636.JPEG,stage3_block2,opposite,True,0.009579392150044441,0.010289394296705723,0.4342913031578064,0.49424028396606445,-0.1470775604248047,-0.006487354636192322,False
visformer_small,pit_b_224,60,ILSVRC2012_val_00027633.JPEG,stage3_block2,deviation,True,-0.016809508204460144,-0.015799064189195633,0.4222736060619354,0.48167118430137634,0.18453598022460938,0.028541743755340576,False
visformer_small,pit_b_224,61,ILSVRC2012_val_00027636.JPEG,stage3_block2,deviation,True,0.006696508266031742,0.006993385031819344,0.43322837352752686,0.49430006742477417,-0.13583850860595703,-0.026077985763549805,False
visformer_small,pit_b_224,60,ILSVRC2012_val_00027633.JPEG,stage3_block2,random,True,-0.0012687609996646643,-0.001913333311676979,0.4178159534931183,0.4730415642261505,0.22300052642822266,0.03381474316120148,False
visformer_small,pit_b_224,61,ILSVRC2012_val_00027636.JPEG,stage3_block2,random,True,0.0034541625063866377,0.0033729556016623974,0.4348825514316559,0.4901878833770752,-0.13102149963378906,-0.02087503671646118,False
visformer_small,pit_b_224,60,ILSVRC2012_val_00027633.JPEG,stage3_block2,no_drop,True,-0.028369473293423653,-0.02891705557703972,0.4833652079105377,0.4835645258426666,0.04884529113769531,0.02472766488790512,False
visformer_small,pit_b_224,61,ILSVRC2012_val_00027636.JPEG,stage3_block2,no_drop,True,0.0040334127843379974,0.004531199112534523,0.5053079724311829,0.5059125423431396,-0.20385074615478516,-0.02436910569667816,False
visformer_small,pit_b_224,62,ILSVRC2012_val_00027657.JPEG,stage3_block2,selected,True,0.008705224841833115,0.009407633915543556,0.4345105290412903,0.4921210706233978,0.6851959228515625,0.3119976818561554,False
visformer_small,pit_b_224,63,ILSVRC2012_val_00027790.JPEG,stage3_block2,selected,True,0.055994074791669846,0.0575421079993248,0.445199579000473,0.500750720500946,0.22909212112426758,0.2333996593952179,False
visformer_small,pit_b_224,62,ILSVRC2012_val_00027657.JPEG,stage3_block2,opposite,True,0.017151901498436928,0.019048647955060005,0.4380381107330322,0.49371546506881714,0.4938621520996094,0.15785759687423706,False
visformer_small,pit_b_224,63,ILSVRC2012_val_00027790.JPEG,stage3_block2,opposite,True,0.048966825008392334,0.0494438111782074,0.4423030912876129,0.5041786432266235,0.20890092849731445,0.20906105637550354,False
visformer_small,pit_b_224,62,ILSVRC2012_val_00027657.JPEG,stage3_block2,deviation,True,0.01324407383799553,0.014632263220846653,0.43636399507522583,0.4928983449935913,0.6224098205566406,0.22011825442314148,False
visformer_small,pit_b_224,63,ILSVRC2012_val_00027790.JPEG,stage3_block2,deviation,True,0.04350762441754341,0.0454048290848732,0.44507333636283875,0.5094666481018066,0.18032026290893555,0.19588634371757507,False
visformer_small,pit_b_224,62,ILSVRC2012_val_00027657.JPEG,stage3_block2,random,True,0.021577902138233185,0.022479988634586334,0.4386160671710968,0.4947318732738495,0.896392822265625,0.4167841374874115,False
visformer_small,pit_b_224,63,ILSVRC2012_val_00027790.JPEG,stage3_block2,random,True,0.061923980712890625,0.06405309587717056,0.45097923278808594,0.509991466999054,0.2716498374938965,0.24163541197776794,False
visformer_small,pit_b_224,62,ILSVRC2012_val_00027657.JPEG,stage3_block2,no_drop,True,0.014627128839492798,0.015834953635931015,0.508769154548645,0.5085100531578064,0.8969793319702148,0.4724293053150177,False
visformer_small,pit_b_224,63,ILSVRC2012_val_00027790.JPEG,stage3_block2,no_drop,True,0.0529024600982666,0.05380304902791977,0.519717276096344,0.5187540054321289,0.31743621826171875,0.3004647195339203,False
