model,sample_index,image_name,strategy,drop_ratio,repeat,clean_correct,route_logit_drop,route_loss_increase,route_prediction_changed,global_feature_shift,kept_local_feature_shift,kept_score_abs_change,gradient_cosine,gradient_norm_ratio
visformer_small,0,ILSVRC2012_val_00000031.JPEG,high_score_extreme,0.15,0,True,0.034336090087890625,-0.0004590153694152832,False,0.028786897659301758,0.14236754179000854,0.06908664107322693,0.11809948831796646,0.4686993360519409
visformer_small,1,ILSVRC2012_val_00000081.JPEG,high_score_extreme,0.15,0,True,0.17467212677001953,0.023967117071151733,False,0.06458580493927002,0.19496768712997437,0.06709998846054077,0.5832469463348389,1.1663432121276855
visformer_small,2,ILSVRC2012_val_00000102.JPEG,high_score_extreme,0.15,0,True,0.04649782180786133,0.040510714054107666,False,0.047760844230651855,0.16694653034210205,0.06556753814220428,0.5676553249359131,1.2728012800216675
visformer_small,3,ILSVRC2012_val_00000117.JPEG,high_score_extreme,0.15,0,True,0.38450145721435547,0.1202591061592102,False,0.05913776159286499,0.1546555906534195,0.06936342269182205,0.3471750319004059,1.1768243312835693
visformer_small,4,ILSVRC2012_val_00000120.JPEG,high_score_extreme,0.15,0,True,0.015391349792480469,-0.009609818458557129,False,0.07093799114227295,0.16719543933868408,0.057212069630622864,0.08143903315067291,0.2856874465942383
visformer_small,5,ILSVRC2012_val_00000138.JPEG,high_score_extreme,0.15,0,True,0.025238037109375,0.006381392478942871,False,0.057526588439941406,0.21232916414737701,0.08603101968765259,0.27035629749298096,1.1017965078353882
visformer_small,6,ILSVRC2012_val_00000166.JPEG,high_score_extreme,0.15,0,True,-0.29671669006347656,-0.07807502150535583,False,0.02927953004837036,0.2136412113904953,0.07612849771976471,0.4032384157180786,1.2075296640396118
visformer_small,7,ILSVRC2012_val_00000262.JPEG,high_score_extreme,0.15,0,True,0.15248680114746094,0.028351888060569763,False,0.0401918888092041,0.15937823057174683,0.052118632942438126,0.40157851576805115,0.8769465684890747
visformer_small,0,ILSVRC2012_val_00000031.JPEG,high_score_extreme,0.15,1,True,0.034336090087890625,-0.0004590153694152832,False,0.028786897659301758,0.14236754179000854,0.06908664107322693,0.11809949576854706,0.4686993360519409
visformer_small,1,ILSVRC2012_val_00000081.JPEG,high_score_extreme,0.15,1,True,0.17467212677001953,0.023967117071151733,False,0.06458580493927002,0.19496768712997437,0.06709998846054077,0.5832469463348389,1.166343092918396
visformer_small,2,ILSVRC2012_val_00000102.JPEG,high_score_extreme,0.15,1,True,0.04649782180786133,0.040510714054107666,False,0.047760844230651855,0.16694653034210205,0.06556753814220428,0.5676553249359131,1.2728012800216675
visformer_small,3,ILSVRC2012_val_00000117.JPEG,high_score_extreme,0.15,1,True,0.38450145721435547,0.1202591061592102,False,0.05913776159286499,0.1546555906534195,0.06936342269182205,0.3471750319004059,1.1768243312835693
visformer_small,4,ILSVRC2012_val_00000120.JPEG,high_score_extreme,0.15,1,True,0.015391349792480469,-0.009609818458557129,False,0.07093799114227295,0.16719543933868408,0.057212069630622864,0.08143903315067291,0.2856874465942383
visformer_small,5,ILSVRC2012_val_00000138.JPEG,high_score_extreme,0.15,1,True,0.025238037109375,0.006381392478942871,False,0.057526588439941406,0.21232916414737701,0.08603101968765259,0.27035629749298096,1.1017965078353882
visformer_small,6,ILSVRC2012_val_00000166.JPEG,high_score_extreme,0.15,1,True,-0.29671669006347656,-0.07807502150535583,False,0.02927953004837036,0.2136412113904953,0.07612849771976471,0.4032384157180786,1.2075296640396118
visformer_small,7,ILSVRC2012_val_00000262.JPEG,high_score_extreme,0.15,1,True,0.15248680114746094,0.028351888060569763,False,0.0401918888092041,0.15937823057174683,0.052118632942438126,0.40157851576805115,0.8769465684890747
visformer_small,0,ILSVRC2012_val_00000031.JPEG,high_score_extreme,0.15,2,True,0.034336090087890625,-0.0004590153694152832,False,0.028786897659301758,0.14236754179000854,0.06908664107322693,0.11809949576854706,0.4686993360519409
visformer_small,1,ILSVRC2012_val_00000081.JPEG,high_score_extreme,0.15,2,True,0.17467212677001953,0.023967117071151733,False,0.06458580493927002,0.19496768712997437,0.06709998846054077,0.5832469463348389,1.1663432121276855
visformer_small,2,ILSVRC2012_val_00000102.JPEG,high_score_extreme,0.15,2,True,0.04649782180786133,0.040510714054107666,False,0.047760844230651855,0.16694653034210205,0.06556753814220428,0.5676553249359131,1.272801399230957
visformer_small,3,ILSVRC2012_val_00000117.JPEG,high_score_extreme,0.15,2,True,0.38450145721435547,0.1202591061592102,False,0.05913776159286499,0.1546555906534195,0.06936342269182205,0.3471750020980835,1.1768243312835693
visformer_small,4,ILSVRC2012_val_00000120.JPEG,high_score_extreme,0.15,2,True,0.015391349792480469,-0.009609818458557129,False,0.07093799114227295,0.16719543933868408,0.057212069630622864,0.08143903315067291,0.2856874465942383
visformer_small,5,ILSVRC2012_val_00000138.JPEG,high_score_extreme,0.15,2,True,0.025238037109375,0.006381392478942871,False,0.057526588439941406,0.21232916414737701,0.08603101968765259,0.27035629749298096,1.1017965078353882
visformer_small,6,ILSVRC2012_val_00000166.JPEG,high_score_extreme,0.15,2,True,-0.29671669006347656,-0.07807502150535583,False,0.02927953004837036,0.2136412113904953,0.07612849771976471,0.4032384157180786,1.2075296640396118
visformer_small,7,ILSVRC2012_val_00000262.JPEG,high_score_extreme,0.15,2,True,0.15248680114746094,0.028351888060569763,False,0.0401918888092041,0.15937823057174683,0.052118632942438126,0.40157851576805115,0.8769465684890747
visformer_small,0,ILSVRC2012_val_00000031.JPEG,high_score_extreme,0.15,3,True,0.034336090087890625,-0.0004590153694152832,False,0.028786897659301758,0.14236754179000854,0.06908664107322693,0.11809949576854706,0.4686993360519409
visformer_small,1,ILSVRC2012_val_00000081.JPEG,high_score_extreme,0.15,3,True,0.17467212677001953,0.023967117071151733,False,0.06458580493927002,0.19496768712997437,0.06709998846054077,0.5832469463348389,1.166343092918396
visformer_small,2,ILSVRC2012_val_00000102.JPEG,high_score_extreme,0.15,3,True,0.04649782180786133,0.040510714054107666,False,0.047760844230651855,0.16694653034210205,0.06556753814220428,0.5676553249359131,1.272801399230957
visformer_small,3,ILSVRC2012_val_00000117.JPEG,high_score_extreme,0.15,3,True,0.38450145721435547,0.1202591061592102,False,0.05913776159286499,0.1546555906534195,0.06936342269182205,0.3471750319004059,1.1768243312835693
visformer_small,4,ILSVRC2012_val_00000120.JPEG,high_score_extreme,0.15,3,True,0.015391349792480469,-0.009609818458557129,False,0.07093799114227295,0.16719543933868408,0.057212069630622864,0.08143903315067291,0.2856874465942383
visformer_small,5,ILSVRC2012_val_00000138.JPEG,high_score_extreme,0.15,3,True,0.025238037109375,0.006381392478942871,False,0.057526588439941406,0.21232916414737701,0.08603101968765259,0.27035629749298096,1.1017965078353882
visformer_small,6,ILSVRC2012_val_00000166.JPEG,high_score_extreme,0.15,3,True,-0.29671669006347656,-0.07807502150535583,False,0.02927953004837036,0.2136412113904953,0.07612849771976471,0.4032384157180786,1.2075296640396118
visformer_small,7,ILSVRC2012_val_00000262.JPEG,high_score_extreme,0.15,3,True,0.15248680114746094,0.028351888060569763,False,0.0401918888092041,0.15937823057174683,0.052118632942438126,0.40157854557037354,0.8769465684890747
visformer_small,0,ILSVRC2012_val_00000031.JPEG,low_score_extreme,0.15,0,True,0.06387710571289062,0.014175564050674438,False,0.013135433197021484,0.04162212461233139,0.0173066183924675,0.11860757321119308,0.7431634068489075
visformer_small,1,ILSVRC2012_val_00000081.JPEG,low_score_extreme,0.15,0,True,-0.15607738494873047,-0.01325187087059021,False,0.042058467864990234,0.11265163123607635,0.03253893926739693,0.6886564493179321,0.7838901281356812
visformer_small,2,ILSVRC2012_val_00000102.JPEG,low_score_extreme,0.15,0,True,-0.22655439376831055,-0.13003230094909668,False,0.03523075580596924,0.06254953891038895,0.02361598238348961,0.9010869264602661,0.8764971494674683
visformer_small,3,ILSVRC2012_val_00000117.JPEG,low_score_extreme,0.15,0,True,0.058458805084228516,-0.0052163004875183105,False,0.026083052158355713,0.04580574855208397,0.020737092941999435,0.6121937036514282,0.8994523286819458
visformer_small,4,ILSVRC2012_val_00000120.JPEG,low_score_extreme,0.15,0,True,0.05805683135986328,0.009921520948410034,False,0.0646093487739563,0.08371687680482864,0.027028828859329224,0.060465771704912186,0.6220625638961792
visformer_small,5,ILSVRC2012_val_00000138.JPEG,low_score_extreme,0.15,0,True,0.044696807861328125,0.013994067907333374,False,0.050350189208984375,0.0875239372253418,0.029327310621738434,0.27466899156570435,1.0693000555038452
visformer_small,6,ILSVRC2012_val_00000166.JPEG,low_score_extreme,0.15,0,True,-0.018968582153320312,-0.004272580146789551,False,0.033025145530700684,0.09008099138736725,0.0425136536359787,0.2658154368400574,0.908715009689331
visformer_small,7,ILSVRC2012_val_00000262.JPEG,low_score_extreme,0.15,0,True,0.19119930267333984,0.03595013916492462,False,0.0289992094039917,0.10957182198762894,0.034522172063589096,0.4384332001209259,1.0672889947891235
visformer_small,0,ILSVRC2012_val_00000031.JPEG,low_score_extreme,0.15,1,True,0.06387710571289062,0.014175564050674438,False,0.013135433197021484,0.04162212461233139,0.0173066183924675,0.11860756576061249,0.7431634068489075
visformer_small,1,ILSVRC2012_val_00000081.JPEG,low_score_extreme,0.15,1,True,-0.15607738494873047,-0.01325187087059021,False,0.042058467864990234,0.11265163123607635,0.03253893926739693,0.6886564493179321,0.7838901281356812
visformer_small,2,ILSVRC2012_val_00000102.JPEG,low_score_extreme,0.15,1,True,-0.22655439376831055,-0.13003230094909668,False,0.03523075580596924,0.06254953891038895,0.02361598238348961,0.9010868072509766,0.876497209072113
visformer_small,3,ILSVRC2012_val_00000117.JPEG,low_score_extreme,0.15,1,True,0.058458805084228516,-0.0052163004875183105,False,0.026083052158355713,0.04580574855208397,0.020737092941999435,0.6121937036514282,0.8994523286819458
visformer_small,4,ILSVRC2012_val_00000120.JPEG,low_score_extreme,0.15,1,True,0.05805683135986328,0.009921520948410034,False,0.0646093487739563,0.08371687680482864,0.027028828859329224,0.060465771704912186,0.6220625638961792
visformer_small,5,ILSVRC2012_val_00000138.JPEG,low_score_extreme,0.15,1,True,0.044696807861328125,0.013994067907333374,False,0.050350189208984375,0.0875239372253418,0.029327310621738434,0.27466899156570435,1.0693000555038452
visformer_small,6,ILSVRC2012_val_00000166.JPEG,low_score_extreme,0.15,1,True,-0.018968582153320312,-0.004272580146789551,False,0.033025145530700684,0.09008099138736725,0.0425136536359787,0.2658154368400574,0.9087149500846863
visformer_small,7,ILSVRC2012_val_00000262.JPEG,low_score_extreme,0.15,1,True,0.19119930267333984,0.03595013916492462,False,0.0289992094039917,0.10957182198762894,0.034522172063589096,0.4384332299232483,1.0672889947891235
visformer_small,0,ILSVRC2012_val_00000031.JPEG,low_score_extreme,0.15,2,True,0.06387710571289062,0.014175564050674438,False,0.013135433197021484,0.04162212461233139,0.0173066183924675,0.11860756576061249,0.7431634068489075
visformer_small,1,ILSVRC2012_val_00000081.JPEG,low_score_extreme,0.15,2,True,-0.15607738494873047,-0.01325187087059021,False,0.042058467864990234,0.11265163123607635,0.03253893926739693,0.6886564493179321,0.7838901281356812
visformer_small,2,ILSVRC2012_val_00000102.JPEG,low_score_extreme,0.15,2,True,-0.22655439376831055,-0.13003230094909668,False,0.03523075580596924,0.06254953891038895,0.02361598238348961,0.9010869264602661,0.8764971494674683
visformer_small,3,ILSVRC2012_val_00000117.JPEG,low_score_extreme,0.15,2,True,0.058458805084228516,-0.0052163004875183105,False,0.026083052158355713,0.04580574855208397,0.020737092941999435,0.6121937036514282,0.8994523286819458
visformer_small,4,ILSVRC2012_val_00000120.JPEG,low_score_extreme,0.15,2,True,0.05805683135986328,0.009921520948410034,False,0.0646093487739563,0.08371687680482864,0.027028828859329224,0.060465771704912186,0.6220625638961792
visformer_small,5,ILSVRC2012_val_00000138.JPEG,low_score_extreme,0.15,2,True,0.044696807861328125,0.013994067907333374,False,0.050350189208984375,0.0875239372253418,0.029327310621738434,0.27466899156570435,1.0693000555038452
visformer_small,6,ILSVRC2012_val_00000166.JPEG,low_score_extreme,0.15,2,True,-0.018968582153320312,-0.004272580146789551,False,0.033025145530700684,0.09008099138736725,0.0425136536359787,0.2658154368400574,0.908715009689331
visformer_small,7,ILSVRC2012_val_00000262.JPEG,low_score_extreme,0.15,2,True,0.19119930267333984,0.03595013916492462,False,0.0289992094039917,0.10957182198762894,0.034522172063589096,0.4384332001209259,1.0672889947891235
visformer_small,0,ILSVRC2012_val_00000031.JPEG,low_score_extreme,0.15,3,True,0.06387710571289062,0.014175564050674438,False,0.013135433197021484,0.04162212461233139,0.0173066183924675,0.11860756576061249,0.7431634068489075
visformer_small,1,ILSVRC2012_val_00000081.JPEG,low_score_extreme,0.15,3,True,-0.15607738494873047,-0.01325187087059021,False,0.042058467864990234,0.11265163123607635,0.03253893926739693,0.6886564493179321,0.7838901281356812
visformer_small,2,ILSVRC2012_val_00000102.JPEG,low_score_extreme,0.15,3,True,-0.22655439376831055,-0.13003230094909668,False,0.03523075580596924,0.06254953891038895,0.02361598238348961,0.9010869264602661,0.8764971494674683
visformer_small,3,ILSVRC2012_val_00000117.JPEG,low_score_extreme,0.15,3,True,0.058458805084228516,-0.0052163004875183105,False,0.026083052158355713,0.04580574855208397,0.020737092941999435,0.6121937036514282,0.8994523286819458
visformer_small,4,ILSVRC2012_val_00000120.JPEG,low_score_extreme,0.15,3,True,0.05805683135986328,0.009921520948410034,False,0.0646093487739563,0.08371687680482864,0.027028828859329224,0.060465771704912186,0.6220625638961792
visformer_small,5,ILSVRC2012_val_00000138.JPEG,low_score_extreme,0.15,3,True,0.044696807861328125,0.013994067907333374,False,0.050350189208984375,0.0875239372253418,0.029327310621738434,0.27466899156570435,1.0693000555038452
visformer_small,6,ILSVRC2012_val_00000166.JPEG,low_score_extreme,0.15,3,True,-0.018968582153320312,-0.004272580146789551,False,0.033025145530700684,0.09008099138736725,0.0425136536359787,0.2658154368400574,0.908715009689331
visformer_small,7,ILSVRC2012_val_00000262.JPEG,low_score_extreme,0.15,3,True,0.19119930267333984,0.03595013916492462,False,0.0289992094039917,0.10957182198762894,0.034522172063589096,0.4384332299232483,1.0672889947891235
visformer_small,0,ILSVRC2012_val_00000031.JPEG,random_uniform,0.15,0,True,-0.09963417053222656,-0.03676685690879822,False,0.04067087173461914,0.1628527194261551,0.05221628025174141,-0.1352246105670929,0.41841015219688416
visformer_small,1,ILSVRC2012_val_00000081.JPEG,random_uniform,0.15,0,True,0.5836896896362305,0.0792502835392952,False,0.06672775745391846,0.18227458000183105,0.04790704697370529,0.5313234925270081,2.4950196743011475
visformer_small,2,ILSVRC2012_val_00000102.JPEG,random_uniform,0.15,0,True,-0.3251509666442871,-0.2116689682006836,False,0.04139101505279541,0.1210901290178299,0.04012134671211243,0.7439948320388794,0.7688842415809631
visformer_small,3,ILSVRC2012_val_00000117.JPEG,random_uniform,0.15,0,True,0.2827463150024414,0.073067307472229,False,0.05845940113067627,0.14334091544151306,0.0640031173825264,0.36480507254600525,1.0798463821411133
visformer_small,4,ILSVRC2012_val_00000120.JPEG,random_uniform,0.15,0,True,0.1452951431274414,0.04573768377304077,False,0.05431163311004639,0.14851409196853638,0.04164306819438934,0.0973447933793068,0.40491917729377747
visformer_small,5,ILSVRC2012_val_00000138.JPEG,random_uniform,0.15,0,True,0.05741119384765625,0.010591983795166016,False,0.03105902671813965,0.1963852047920227,0.062212053686380386,0.10630553960800171,1.3965716361999512
visformer_small,6,ILSVRC2012_val_00000166.JPEG,random_uniform,0.15,0,True,-0.13858795166015625,-0.03999015688896179,False,0.034594595432281494,0.15600556135177612,0.05468267202377319,0.40921175479888916,1.1518709659576416
visformer_small,7,ILSVRC2012_val_00000262.JPEG,random_uniform,0.15,0,True,0.26027965545654297,0.04712718725204468,False,0.0338134765625,0.180677592754364,0.038526538759469986,0.38857048749923706,1.128449559211731
visformer_small,0,ILSVRC2012_val_00000031.JPEG,random_uniform,0.15,1,True,-0.20259809494018555,-0.06050744652748108,False,0.043222665786743164,0.17268331348896027,0.06316795945167542,0.2123783528804779,0.4904850423336029
visformer_small,1,ILSVRC2012_val_00000081.JPEG,random_uniform,0.15,1,True,-0.3032388687133789,-0.027219370007514954,False,0.043228983879089355,0.11396953463554382,0.04411567375063896,0.5018185377120972,0.7547393441200256
visformer_small,2,ILSVRC2012_val_00000102.JPEG,random_uniform,0.15,1,True,-0.07327842712402344,0.051678240299224854,False,0.061683475971221924,0.17381839454174042,0.04987016320228577,0.6179042458534241,1.379164695739746
visformer_small,3,ILSVRC2012_val_00000117.JPEG,random_uniform,0.15,1,True,0.4051389694213867,0.13130396604537964,False,0.05029129981994629,0.13544555008411407,0.05597701668739319,0.4068313539028168,1.2139496803283691
visformer_small,4,ILSVRC2012_val_00000120.JPEG,random_uniform,0.15,1,True,-0.0010080337524414062,-0.013182580471038818,False,0.07045024633407593,0.14435723423957825,0.05119885876774788,-0.024197448045015335,0.3516843318939209
visformer_small,5,ILSVRC2012_val_00000138.JPEG,random_uniform,0.15,1,True,-0.017416000366210938,-0.0033519864082336426,False,0.04716789722442627,0.1436939239501953,0.057828303426504135,0.1977737993001938,1.129613995552063
visformer_small,6,ILSVRC2012_val_00000166.JPEG,random_uniform,0.15,1,True,-0.1801309585571289,-0.04829546809196472,False,0.027803480625152588,0.1255669891834259,0.0504937507212162,0.4007781147956848,1.0173289775848389
visformer_small,7,ILSVRC2012_val_00000262.JPEG,random_uniform,0.15,1,True,0.15714454650878906,0.026069387793540955,False,0.03342849016189575,0.20420823991298676,0.0478094257414341,0.2972053587436676,1.3200644254684448
visformer_small,0,ILSVRC2012_val_00000031.JPEG,random_uniform,0.15,2,True,-0.14231109619140625,-0.046137839555740356,False,0.02887064218521118,0.12564747035503387,0.05746953934431076,-0.018679631873965263,0.5940958857536316
visformer_small,1,ILSVRC2012_val_00000081.JPEG,random_uniform,0.15,2,True,0.33626842498779297,0.03289303928613663,False,0.03882664442062378,0.1381913721561432,0.04690739884972572,0.5982635617256165,1.1534470319747925
visformer_small,2,ILSVRC2012_val_00000102.JPEG,random_uniform,0.15,2,True,-0.1300959587097168,-0.0719294548034668,False,0.035168588161468506,0.16324539482593536,0.058774836361408234,0.8146044015884399,0.967073917388916
visformer_small,3,ILSVRC2012_val_00000117.JPEG,random_uniform,0.15,2,True,-0.26020050048828125,-0.12062543630599976,False,0.05460923910140991,0.10841824114322662,0.05467085540294647,0.4448063373565674,0.8958811163902283
visformer_small,4,ILSVRC2012_val_00000120.JPEG,random_uniform,0.15,2,True,-0.07664012908935547,-0.03248688578605652,False,0.05734968185424805,0.11479483544826508,0.040706947445869446,0.10084015130996704,0.30511170625686646
visformer_small,5,ILSVRC2012_val_00000138.JPEG,random_uniform,0.15,2,True,-0.0068531036376953125,-0.004151016473770142,False,0.03834223747253418,0.10849864035844803,0.03773876652121544,0.2986563742160797,0.9837422966957092
visformer_small,6,ILSVRC2012_val_00000166.JPEG,random_uniform,0.15,2,True,-0.1748676300048828,-0.04889747500419617,False,0.02762281894683838,0.1513039618730545,0.049540624022483826,0.22805866599082947,1.0681054592132568
visformer_small,7,ILSVRC2012_val_00000262.JPEG,random_uniform,0.15,2,True,0.2201862335205078,0.03934714198112488,False,0.028760254383087158,0.13505376875400543,0.03432009369134903,0.5437288284301758,1.1469237804412842
visformer_small,0,ILSVRC2012_val_00000031.JPEG,random_uniform,0.15,3,True,0.029012680053710938,-0.0011262297630310059,False,0.03714722394943237,0.16699717938899994,0.050120580941438675,-0.20714238286018372,0.6340960264205933
visformer_small,1,ILSVRC2012_val_00000081.JPEG,random_uniform,0.15,3,True,0.3717765808105469,0.0386350080370903,False,0.04920363426208496,0.15926389396190643,0.054139383137226105,0.5680260062217712,1.28781259059906
visformer_small,2,ILSVRC2012_val_00000102.JPEG,random_uniform,0.15,3,True,0.07433843612670898,0.0640605092048645,False,0.030256330966949463,0.12787015736103058,0.052902404218912125,0.8427144289016724,1.1915371417999268
visformer_small,3,ILSVRC2012_val_00000117.JPEG,random_uniform,0.15,3,True,0.28899192810058594,0.11139535903930664,False,0.05069851875305176,0.13292372226715088,0.05326756089925766,0.5111448168754578,0.9450214505195618
visformer_small,4,ILSVRC2012_val_00000120.JPEG,random_uniform,0.15,3,True,0.12387561798095703,0.03952908515930176,False,0.05671584606170654,0.15404199063777924,0.053247272968292236,0.03193248063325882,0.5184136629104614
visformer_small,5,ILSVRC2012_val_00000138.JPEG,random_uniform,0.15,3,True,0.11446475982666016,0.028920233249664307,False,0.03764021396636963,0.16000165045261383,0.05135882645845413,0.19639554619789124,1.0878653526306152
visformer_small,6,ILSVRC2012_val_00000166.JPEG,random_uniform,0.15,3,True,-0.13141441345214844,-0.03783494234085083,False,0.030293762683868408,0.1321040391921997,0.06142411381006241,0.22108273208141327,1.1478276252746582
visformer_small,7,ILSVRC2012_val_00000262.JPEG,random_uniform,0.15,3,True,0.21482467651367188,0.035407960414886475,False,0.03894561529159546,0.16266383230686188,0.04461706802248955,0.363101601600647,1.1390283107757568
visformer_small,0,ILSVRC2012_val_00000031.JPEG,score_deviation_extreme,0.15,0,True,0.06387710571289062,0.014175564050674438,False,0.013135433197021484,0.04162212461233139,0.0173066183924675,0.11860756576061249,0.7431634068489075
visformer_small,1,ILSVRC2012_val_00000081.JPEG,score_deviation_extreme,0.15,0,True,0.3625650405883789,0.04047756642103195,False,0.046030521392822266,0.10975050926208496,0.03711263835430145,0.6806241273880005,1.3240505456924438
visformer_small,2,ILSVRC2012_val_00000102.JPEG,score_deviation_extreme,0.15,0,True,0.11087608337402344,0.043058574199676514,False,0.038010478019714355,0.10506097972393036,0.03945173695683479,0.830202579498291,1.1285550594329834
visformer_small,3,ILSVRC2012_val_00000117.JPEG,score_deviation_extreme,0.15,0,True,0.24624872207641602,0.053477466106414795,False,0.03533071279525757,0.05786019563674927,0.025512855499982834,0.586968719959259,1.0106948614120483
visformer_small,4,ILSVRC2012_val_00000120.JPEG,score_deviation_extreme,0.15,0,True,0.05805683135986328,0.009921520948410034,False,0.0646093487739563,0.08371687680482864,0.027028828859329224,0.060465771704912186,0.6220625638961792
visformer_small,5,ILSVRC2012_val_00000138.JPEG,score_deviation_extreme,0.15,0,True,0.044696807861328125,0.013994067907333374,False,0.050350189208984375,0.0875239372253418,0.029327310621738434,0.27466899156570435,1.0693000555038452
visformer_small,6,ILSVRC2012_val_00000166.JPEG,score_deviation_extreme,0.15,0,True,-0.018968582153320312,-0.004272580146789551,False,0.033025145530700684,0.09008099138736725,0.0425136536359787,0.2658154368400574,0.908715009689331
visformer_small,7,ILSVRC2012_val_00000262.JPEG,score_deviation_extreme,0.15,0,True,0.18050861358642578,0.03311745822429657,False,0.031550705432891846,0.10979790985584259,0.034782394766807556,0.4500027000904083,1.040310025215149
visformer_small,0,ILSVRC2012_val_00000031.JPEG,score_deviation_extreme,0.15,1,True,0.06387710571289062,0.014175564050674438,False,0.013135433197021484,0.04162212461233139,0.0173066183924675,0.11860756576061249,0.7431634068489075
visformer_small,1,ILSVRC2012_val_00000081.JPEG,score_deviation_extreme,0.15,1,True,0.3625650405883789,0.04047756642103195,False,0.046030521392822266,0.10975050926208496,0.03711263835430145,0.6806241273880005,1.3240505456924438
visformer_small,2,ILSVRC2012_val_00000102.JPEG,score_deviation_extreme,0.15,1,True,0.11087608337402344,0.043058574199676514,False,0.038010478019714355,0.10506097972393036,0.03945173695683479,0.8302026391029358,1.1285550594329834
visformer_small,3,ILSVRC2012_val_00000117.JPEG,score_deviation_extreme,0.15,1,True,0.24624872207641602,0.053477466106414795,False,0.03533071279525757,0.05786019563674927,0.025512855499982834,0.586968719959259,1.0106948614120483
visformer_small,4,ILSVRC2012_val_00000120.JPEG,score_deviation_extreme,0.15,1,True,0.05805683135986328,0.009921520948410034,False,0.0646093487739563,0.08371687680482864,0.027028828859329224,0.060465771704912186,0.6220625638961792
visformer_small,5,ILSVRC2012_val_00000138.JPEG,score_deviation_extreme,0.15,1,True,0.044696807861328125,0.013994067907333374,False,0.050350189208984375,0.0875239372253418,0.029327310621738434,0.27466899156570435,1.0693000555038452
visformer_small,6,ILSVRC2012_val_00000166.JPEG,score_deviation_extreme,0.15,1,True,-0.018968582153320312,-0.004272580146789551,False,0.033025145530700684,0.09008099138736725,0.0425136536359787,0.2658154368400574,0.9087149500846863
visformer_small,7,ILSVRC2012_val_00000262.JPEG,score_deviation_extreme,0.15,1,True,0.18050861358642578,0.03311745822429657,False,0.031550705432891846,0.10979790985584259,0.034782394766807556,0.4500027298927307,1.0403099060058594
visformer_small,0,ILSVRC2012_val_00000031.JPEG,score_deviation_extreme,0.15,2,True,0.06387710571289062,0.014175564050674438,False,0.013135433197021484,0.04162212461233139,0.0173066183924675,0.11860756576061249,0.7431634068489075
visformer_small,1,ILSVRC2012_val_00000081.JPEG,score_deviation_extreme,0.15,2,True,0.3625650405883789,0.04047756642103195,False,0.046030521392822266,0.10975050926208496,0.03711263835430145,0.6806241273880005,1.3240505456924438
visformer_small,2,ILSVRC2012_val_00000102.JPEG,score_deviation_extreme,0.15,2,True,0.11087608337402344,0.043058574199676514,False,0.038010478019714355,0.10506097972393036,0.03945173695683479,0.830202579498291,1.1285550594329834
visformer_small,3,ILSVRC2012_val_00000117.JPEG,score_deviation_extreme,0.15,2,True,0.24624872207641602,0.053477466106414795,False,0.03533071279525757,0.05786019563674927,0.025512855499982834,0.586968719959259,1.0106948614120483
visformer_small,4,ILSVRC2012_val_00000120.JPEG,score_deviation_extreme,0.15,2,True,0.05805683135986328,0.009921520948410034,False,0.0646093487739563,0.08371687680482864,0.027028828859329224,0.060465775430202484,0.6220625638961792
visformer_small,5,ILSVRC2012_val_00000138.JPEG,score_deviation_extreme,0.15,2,True,0.044696807861328125,0.013994067907333374,False,0.050350189208984375,0.0875239372253418,0.029327310621738434,0.27466899156570435,1.0693000555038452
visformer_small,6,ILSVRC2012_val_00000166.JPEG,score_deviation_extreme,0.15,2,True,-0.018968582153320312,-0.004272580146789551,False,0.033025145530700684,0.09008099138736725,0.0425136536359787,0.2658154368400574,0.908715009689331
visformer_small,7,ILSVRC2012_val_00000262.JPEG,score_deviation_extreme,0.15,2,True,0.18050861358642578,0.03311745822429657,False,0.031550705432891846,0.10979790985584259,0.034782394766807556,0.4500027298927307,1.0403099060058594
visformer_small,0,ILSVRC2012_val_00000031.JPEG,score_deviation_extreme,0.15,3,True,0.06387710571289062,0.014175564050674438,False,0.013135433197021484,0.04162212461233139,0.0173066183924675,0.11860757321119308,0.7431634068489075
visformer_small,1,ILSVRC2012_val_00000081.JPEG,score_deviation_extreme,0.15,3,True,0.3625650405883789,0.04047756642103195,False,0.046030521392822266,0.10975050926208496,0.03711263835430145,0.6806241273880005,1.3240505456924438
visformer_small,2,ILSVRC2012_val_00000102.JPEG,score_deviation_extreme,0.15,3,True,0.11087608337402344,0.043058574199676514,False,0.038010478019714355,0.10506097972393036,0.03945173695683479,0.8302026391029358,1.1285550594329834
visformer_small,3,ILSVRC2012_val_00000117.JPEG,score_deviation_extreme,0.15,3,True,0.24624872207641602,0.053477466106414795,False,0.03533071279525757,0.05786019563674927,0.025512855499982834,0.586968719959259,1.0106948614120483
visformer_small,4,ILSVRC2012_val_00000120.JPEG,score_deviation_extreme,0.15,3,True,0.05805683135986328,0.009921520948410034,False,0.0646093487739563,0.08371687680482864,0.027028828859329224,0.060465771704912186,0.6220625638961792
visformer_small,5,ILSVRC2012_val_00000138.JPEG,score_deviation_extreme,0.15,3,True,0.044696807861328125,0.013994067907333374,False,0.050350189208984375,0.0875239372253418,0.029327310621738434,0.27466899156570435,1.0693000555038452
visformer_small,6,ILSVRC2012_val_00000166.JPEG,score_deviation_extreme,0.15,3,True,-0.018968582153320312,-0.004272580146789551,False,0.033025145530700684,0.09008099138736725,0.0425136536359787,0.2658154368400574,0.908715009689331
visformer_small,7,ILSVRC2012_val_00000262.JPEG,score_deviation_extreme,0.15,3,True,0.18050861358642578,0.03311745822429657,False,0.031550705432891846,0.10979790985584259,0.034782394766807556,0.4500027000904083,1.040310025215149
visformer_small,8,ILSVRC2012_val_00000299.JPEG,high_score_extreme,0.15,0,True,-0.17697525024414062,-0.04433591663837433,False,0.03703618049621582,0.1977895349264145,0.08229808509349823,0.20389112830162048,0.6957150101661682
visformer_small,9,ILSVRC2012_val_00000410.JPEG,high_score_extreme,0.15,0,True,0.0265960693359375,0.01560714840888977,False,0.037470459938049316,0.13871483504772186,0.05988684669137001,0.40396177768707275,0.9951992034912109
visformer_small,10,ILSVRC2012_val_00000499.JPEG,high_score_extreme,0.15,0,True,0.26290321350097656,0.04344451427459717,False,0.039682745933532715,0.20524956285953522,0.05904087796807289,0.3453666567802429,0.658928394317627
visformer_small,11,ILSVRC2012_val_00000526.JPEG,high_score_extreme,0.15,0,True,0.7657041549682617,0.40240395069122314,False,0.05502200126647949,0.22596587240695953,0.08229381591081619,0.47058969736099243,1.1850849390029907
visformer_small,12,ILSVRC2012_val_00000537.JPEG,high_score_extreme,0.15,0,True,-0.12548065185546875,-0.02493685483932495,False,0.03613460063934326,0.19175852835178375,0.08178270608186722,0.3497415781021118,0.6667619347572327
visformer_small,13,ILSVRC2012_val_00000548.JPEG,high_score_extreme,0.15,0,True,-0.1763591766357422,-0.054185569286346436,False,0.03901028633117676,0.1393469274044037,0.06043878197669983,0.17745089530944824,0.45910075306892395
visformer_small,14,ILSVRC2012_val_00000575.JPEG,high_score_extreme,0.15,0,True,-0.4219942092895508,-0.174047589302063,False,0.04533028602600098,0.18997512757778168,0.057230859994888306,0.41756147146224976,1.1514052152633667
visformer_small,15,ILSVRC2012_val_00000602.JPEG,high_score_extreme,0.15,0,True,0.1521153450012207,0.07877707481384277,False,0.03915184736251831,0.19268697500228882,0.06670193374156952,0.34774231910705566,0.7624229788780212
visformer_small,8,ILSVRC2012_val_00000299.JPEG,high_score_extreme,0.15,1,True,-0.17697525024414062,-0.04433591663837433,False,0.03703618049621582,0.1977895349264145,0.08229808509349823,0.20389112830162048,0.6957150101661682
visformer_small,9,ILSVRC2012_val_00000410.JPEG,high_score_extreme,0.15,1,True,0.0265960693359375,0.01560714840888977,False,0.037470459938049316,0.13871483504772186,0.05988684669137001,0.40396177768707275,0.9951992034912109
visformer_small,10,ILSVRC2012_val_00000499.JPEG,high_score_extreme,0.15,1,True,0.26290321350097656,0.04344451427459717,False,0.039682745933532715,0.20524956285953522,0.05904087796807289,0.3453666567802429,0.658928394317627
visformer_small,11,ILSVRC2012_val_00000526.JPEG,high_score_extreme,0.15,1,True,0.7657041549682617,0.40240395069122314,False,0.05502200126647949,0.22596587240695953,0.08229381591081619,0.47058969736099243,1.1850849390029907
visformer_small,12,ILSVRC2012_val_00000537.JPEG,high_score_extreme,0.15,1,True,-0.12548065185546875,-0.02493685483932495,False,0.03613460063934326,0.19175852835178375,0.08178270608186722,0.3497415781021118,0.6667619347572327
visformer_small,13,ILSVRC2012_val_00000548.JPEG,high_score_extreme,0.15,1,True,-0.1763591766357422,-0.054185569286346436,False,0.03901028633117676,0.1393469274044037,0.06043878197669983,0.17745089530944824,0.45910075306892395
visformer_small,14,ILSVRC2012_val_00000575.JPEG,high_score_extreme,0.15,1,True,-0.4219942092895508,-0.174047589302063,False,0.04533028602600098,0.18997512757778168,0.057230859994888306,0.41756147146224976,1.1514052152633667
visformer_small,15,ILSVRC2012_val_00000602.JPEG,high_score_extreme,0.15,1,True,0.1521153450012207,0.07877707481384277,False,0.03915184736251831,0.19268697500228882,0.06670193374156952,0.34774231910705566,0.7624229788780212
visformer_small,8,ILSVRC2012_val_00000299.JPEG,high_score_extreme,0.15,2,True,-0.17697525024414062,-0.04433591663837433,False,0.03703618049621582,0.1977895349264145,0.08229808509349823,0.20389112830162048,0.6957150101661682
visformer_small,9,ILSVRC2012_val_00000410.JPEG,high_score_extreme,0.15,2,True,0.0265960693359375,0.01560714840888977,False,0.037470459938049316,0.13871483504772186,0.05988684669137001,0.40396177768707275,0.9951992034912109
visformer_small,10,ILSVRC2012_val_00000499.JPEG,high_score_extreme,0.15,2,True,0.26290321350097656,0.04344451427459717,False,0.039682745933532715,0.20524956285953522,0.05904087796807289,0.3453666567802429,0.658928394317627
visformer_small,11,ILSVRC2012_val_00000526.JPEG,high_score_extreme,0.15,2,True,0.7657041549682617,0.40240395069122314,False,0.05502200126647949,0.22596587240695953,0.08229381591081619,0.47058969736099243,1.1850849390029907
visformer_small,12,ILSVRC2012_val_00000537.JPEG,high_score_extreme,0.15,2,True,-0.12548065185546875,-0.02493685483932495,False,0.03613460063934326,0.19175852835178375,0.08178270608186722,0.3497415781021118,0.6667619347572327
visformer_small,13,ILSVRC2012_val_00000548.JPEG,high_score_extreme,0.15,2,True,-0.1763591766357422,-0.054185569286346436,False,0.03901028633117676,0.1393469274044037,0.06043878197669983,0.17745089530944824,0.45910075306892395
visformer_small,14,ILSVRC2012_val_00000575.JPEG,high_score_extreme,0.15,2,True,-0.4219942092895508,-0.174047589302063,False,0.04533028602600098,0.18997512757778168,0.057230859994888306,0.41756147146224976,1.1514052152633667
visformer_small,15,ILSVRC2012_val_00000602.JPEG,high_score_extreme,0.15,2,True,0.1521153450012207,0.07877707481384277,False,0.03915184736251831,0.19268697500228882,0.06670193374156952,0.34774231910705566,0.7624229788780212
visformer_small,8,ILSVRC2012_val_00000299.JPEG,high_score_extreme,0.15,3,True,-0.17697525024414062,-0.04433591663837433,False,0.03703618049621582,0.1977895349264145,0.08229808509349823,0.20389112830162048,0.6957150101661682
visformer_small,9,ILSVRC2012_val_00000410.JPEG,high_score_extreme,0.15,3,True,0.0265960693359375,0.01560714840888977,False,0.037470459938049316,0.13871483504772186,0.05988684669137001,0.40396177768707275,0.9951992034912109
visformer_small,10,ILSVRC2012_val_00000499.JPEG,high_score_extreme,0.15,3,True,0.26290321350097656,0.04344451427459717,False,0.039682745933532715,0.20524956285953522,0.05904087796807289,0.3453666567802429,0.658928394317627
visformer_small,11,ILSVRC2012_val_00000526.JPEG,high_score_extreme,0.15,3,True,0.7657041549682617,0.40240395069122314,False,0.05502200126647949,0.22596587240695953,0.08229381591081619,0.47058969736099243,1.1850849390029907
visformer_small,12,ILSVRC2012_val_00000537.JPEG,high_score_extreme,0.15,3,True,-0.12548065185546875,-0.02493685483932495,False,0.03613460063934326,0.19175852835178375,0.08178270608186722,0.3497415781021118,0.6667619347572327
visformer_small,13,ILSVRC2012_val_00000548.JPEG,high_score_extreme,0.15,3,True,-0.1763591766357422,-0.054185569286346436,False,0.03901028633117676,0.1393469274044037,0.06043878197669983,0.17745089530944824,0.45910075306892395
visformer_small,14,ILSVRC2012_val_00000575.JPEG,high_score_extreme,0.15,3,True,-0.4219942092895508,-0.174047589302063,False,0.04533028602600098,0.18997512757778168,0.057230859994888306,0.41756147146224976,1.1514052152633667
visformer_small,15,ILSVRC2012_val_00000602.JPEG,high_score_extreme,0.15,3,True,0.1521153450012207,0.07877707481384277,False,0.03915184736251831,0.19268697500228882,0.06670193374156952,0.34774231910705566,0.7624229788780212
visformer_small,8,ILSVRC2012_val_00000299.JPEG,low_score_extreme,0.15,0,True,-0.011112213134765625,-0.004399657249450684,False,0.04400777816772461,0.13606128096580505,0.054644785821437836,0.46177804470062256,0.767871618270874
visformer_small,9,ILSVRC2012_val_00000410.JPEG,low_score_extreme,0.15,0,True,0.04744529724121094,0.023226112127304077,False,0.03190004825592041,0.08094961196184158,0.026844587177038193,0.5355736017227173,0.8493972420692444
visformer_small,10,ILSVRC2012_val_00000499.JPEG,low_score_extreme,0.15,0,True,0.2478008270263672,0.04274958372116089,False,0.032477498054504395,0.06801779568195343,0.03276357799768448,0.27564746141433716,0.6056002378463745
visformer_small,11,ILSVRC2012_val_00000526.JPEG,low_score_extreme,0.15,0,True,-0.03077554702758789,0.02433454990386963,False,0.04183554649353027,0.09489183127880096,0.027574043720960617,0.5798345804214478,0.872860312461853
visformer_small,12,ILSVRC2012_val_00000537.JPEG,low_score_extreme,0.15,0,True,0.33623790740966797,0.10129350423812866,False,0.020303010940551758,0.05966975539922714,0.02863740362226963,0.6088855862617493,1.4402222633361816
visformer_small,13,ILSVRC2012_val_00000548.JPEG,low_score_extreme,0.15,0,True,0.1333022117614746,0.021399587392807007,False,0.043630123138427734,0.09681691974401474,0.036467406898736954,0.30401283502578735,0.4683726727962494
visformer_small,14,ILSVRC2012_val_00000575.JPEG,low_score_extreme,0.15,0,True,0.09424686431884766,0.0505521297454834,False,0.024821877479553223,0.06059802696108818,0.027813803404569626,0.6536341905593872,1.0813266038894653
visformer_small,15,ILSVRC2012_val_00000602.JPEG,low_score_extreme,0.15,0,True,0.16449642181396484,0.09691345691680908,False,0.07106280326843262,0.0984259694814682,0.033341895788908005,0.3550059497356415,0.8304489254951477
visformer_small,8,ILSVRC2012_val_00000299.JPEG,low_score_extreme,0.15,1,True,-0.011112213134765625,-0.004399657249450684,False,0.04400777816772461,0.13606128096580505,0.054644785821437836,0.46177804470062256,0.767871618270874
visformer_small,9,ILSVRC2012_val_00000410.JPEG,low_score_extreme,0.15,1,True,0.04744529724121094,0.023226112127304077,False,0.03190004825592041,0.08094961196184158,0.026844587177038193,0.5355736017227173,0.8493972420692444
visformer_small,10,ILSVRC2012_val_00000499.JPEG,low_score_extreme,0.15,1,True,0.2478008270263672,0.04274958372116089,False,0.032477498054504395,0.06801779568195343,0.03276357799768448,0.27564746141433716,0.6056002378463745
visformer_small,11,ILSVRC2012_val_00000526.JPEG,low_score_extreme,0.15,1,True,-0.03077554702758789,0.02433454990386963,False,0.04183554649353027,0.09489183127880096,0.027574043720960617,0.5798345804214478,0.872860312461853
visformer_small,12,ILSVRC2012_val_00000537.JPEG,low_score_extreme,0.15,1,True,0.33623790740966797,0.10129350423812866,False,0.020303010940551758,0.05966975539922714,0.02863740362226963,0.6088855862617493,1.4402222633361816
visformer_small,13,ILSVRC2012_val_00000548.JPEG,low_score_extreme,0.15,1,True,0.1333022117614746,0.021399587392807007,False,0.043630123138427734,0.09681691974401474,0.036467406898736954,0.30401283502578735,0.4683726727962494
visformer_small,14,ILSVRC2012_val_00000575.JPEG,low_score_extreme,0.15,1,True,0.09424686431884766,0.0505521297454834,False,0.024821877479553223,0.06059802696108818,0.027813803404569626,0.6536341905593872,1.0813266038894653
visformer_small,15,ILSVRC2012_val_00000602.JPEG,low_score_extreme,0.15,1,True,0.16449642181396484,0.09691345691680908,False,0.07106280326843262,0.0984259694814682,0.033341895788908005,0.35500597953796387,0.8304488658905029
visformer_small,8,ILSVRC2012_val_00000299.JPEG,low_score_extreme,0.15,2,True,-0.011112213134765625,-0.004399657249450684,False,0.04400777816772461,0.13606128096580505,0.054644785821437836,0.46177804470062256,0.767871618270874
visformer_small,9,ILSVRC2012_val_00000410.JPEG,low_score_extreme,0.15,2,True,0.04744529724121094,0.023226112127304077,False,0.03190004825592041,0.08094961196184158,0.026844587177038193,0.5355736017227173,0.8493972420692444
visformer_small,10,ILSVRC2012_val_00000499.JPEG,low_score_extreme,0.15,2,True,0.2478008270263672,0.04274958372116089,False,0.032477498054504395,0.06801779568195343,0.03276357799768448,0.27564746141433716,0.6056002378463745
visformer_small,11,ILSVRC2012_val_00000526.JPEG,low_score_extreme,0.15,2,True,-0.03077554702758789,0.02433454990386963,False,0.04183554649353027,0.09489183127880096,0.027574043720960617,0.5798345804214478,0.872860312461853
visformer_small,12,ILSVRC2012_val_00000537.JPEG,low_score_extreme,0.15,2,True,0.33623790740966797,0.10129350423812866,False,0.020303010940551758,0.05966975539922714,0.02863740362226963,0.6088855862617493,1.4402222633361816
visformer_small,13,ILSVRC2012_val_00000548.JPEG,low_score_extreme,0.15,2,True,0.1333022117614746,0.021399587392807007,False,0.043630123138427734,0.09681691974401474,0.036467406898736954,0.30401280522346497,0.4683726727962494
visformer_small,14,ILSVRC2012_val_00000575.JPEG,low_score_extreme,0.15,2,True,0.09424686431884766,0.0505521297454834,False,0.024821877479553223,0.06059802696108818,0.027813803404569626,0.6536341905593872,1.0813266038894653
visformer_small,15,ILSVRC2012_val_00000602.JPEG,low_score_extreme,0.15,2,True,0.16449642181396484,0.09691345691680908,False,0.07106280326843262,0.0984259694814682,0.033341895788908005,0.3550059497356415,0.8304489254951477
visformer_small,8,ILSVRC2012_val_00000299.JPEG,low_score_extreme,0.15,3,True,-0.011112213134765625,-0.004399657249450684,False,0.04400777816772461,0.13606128096580505,0.054644785821437836,0.46177804470062256,0.767871618270874
visformer_small,9,ILSVRC2012_val_00000410.JPEG,low_score_extreme,0.15,3,True,0.04744529724121094,0.023226112127304077,False,0.03190004825592041,0.08094961196184158,0.026844587177038193,0.5355736017227173,0.8493972420692444
visformer_small,10,ILSVRC2012_val_00000499.JPEG,low_score_extreme,0.15,3,True,0.2478008270263672,0.04274958372116089,False,0.032477498054504395,0.06801779568195343,0.03276357799768448,0.27564746141433716,0.6056002378463745
visformer_small,11,ILSVRC2012_val_00000526.JPEG,low_score_extreme,0.15,3,True,-0.03077554702758789,0.02433454990386963,False,0.04183554649353027,0.09489183127880096,0.027574043720960617,0.5798345804214478,0.872860312461853
visformer_small,12,ILSVRC2012_val_00000537.JPEG,low_score_extreme,0.15,3,True,0.33623790740966797,0.10129350423812866,False,0.020303010940551758,0.05966975539922714,0.02863740362226963,0.6088855862617493,1.4402222633361816
visformer_small,13,ILSVRC2012_val_00000548.JPEG,low_score_extreme,0.15,3,True,0.1333022117614746,0.021399587392807007,False,0.043630123138427734,0.09681691974401474,0.036467406898736954,0.30401283502578735,0.4683726727962494
visformer_small,14,ILSVRC2012_val_00000575.JPEG,low_score_extreme,0.15,3,True,0.09424686431884766,0.0505521297454834,False,0.024821877479553223,0.06059802696108818,0.027813803404569626,0.6536341905593872,1.0813266038894653
visformer_small,15,ILSVRC2012_val_00000602.JPEG,low_score_extreme,0.15,3,True,0.16449642181396484,0.09691345691680908,False,0.07106280326843262,0.0984259694814682,0.033341895788908005,0.35500597953796387,0.8304488658905029
visformer_small,8,ILSVRC2012_val_00000299.JPEG,random_uniform,0.15,0,True,-0.11414146423339844,-0.03151986002922058,False,0.03582048416137695,0.14462052285671234,0.06587690860033035,0.1749449074268341,0.6841285228729248
visformer_small,9,ILSVRC2012_val_00000410.JPEG,random_uniform,0.15,0,True,-0.12022018432617188,-0.02217063307762146,False,0.05240374803543091,0.14299055933952332,0.05619250237941742,0.25128740072250366,1.2836997509002686
visformer_small,10,ILSVRC2012_val_00000499.JPEG,random_uniform,0.15,0,True,0.4115152359008789,0.08236381411552429,False,0.03242087364196777,0.16395922005176544,0.05664123222231865,-0.049434877932071686,1.0250780582427979
visformer_small,11,ILSVRC2012_val_00000526.JPEG,random_uniform,0.15,0,True,-0.2610960006713867,-0.14743155241012573,False,0.051236748695373535,0.1932172179222107,0.061941590160131454,0.32858288288116455,0.6617288589477539
visformer_small,12,ILSVRC2012_val_00000537.JPEG,random_uniform,0.15,0,True,0.06946754455566406,0.02217411994934082,False,0.028071105480194092,0.1531507521867752,0.07299894839525223,0.503797173500061,1.0908223390579224
visformer_small,13,ILSVRC2012_val_00000548.JPEG,random_uniform,0.15,0,True,0.046547889709472656,-0.002422243356704712,False,0.042620062828063965,0.10929588973522186,0.050674255937337875,0.30061089992523193,0.4328075647354126
visformer_small,14,ILSVRC2012_val_00000575.JPEG,random_uniform,0.15,0,True,-0.2671537399291992,-0.1076667308807373,False,0.040054380893707275,0.14532221853733063,0.05561809241771698,0.33394259214401245,0.8961796164512634
visformer_small,15,ILSVRC2012_val_00000602.JPEG,random_uniform,0.15,0,True,0.34888315200805664,0.21540194749832153,False,0.053328871726989746,0.1615668386220932,0.049855027347803116,0.28148800134658813,1.2728999853134155
visformer_small,8,ILSVRC2012_val_00000299.JPEG,random_uniform,0.15,1,True,-0.10260391235351562,-0.030741602182388306,False,0.023926258087158203,0.12071897834539413,0.05216807499527931,0.24746274948120117,0.8251261711120605
visformer_small,9,ILSVRC2012_val_00000410.JPEG,random_uniform,0.15,1,True,-0.0640573501586914,-0.011352866888046265,False,0.02869892120361328,0.1322328895330429,0.042843256145715714,0.4112277030944824,0.831389307975769
visformer_small,10,ILSVRC2012_val_00000499.JPEG,random_uniform,0.15,1,True,0.21788692474365234,0.037262752652168274,False,0.0298004150390625,0.1417888104915619,0.04905937984585762,0.043340861797332764,0.6402820348739624
visformer_small,11,ILSVRC2012_val_00000526.JPEG,random_uniform,0.15,1,True,0.27855587005615234,0.10462337732315063,False,0.04145759344100952,0.21432489156723022,0.06552588194608688,0.45749473571777344,1.3495209217071533
visformer_small,12,ILSVRC2012_val_00000537.JPEG,random_uniform,0.15,1,True,-0.23784160614013672,-0.04810072481632233,False,0.026624441146850586,0.13628430664539337,0.06468445807695389,0.5317065119743347,0.6866286396980286
visformer_small,13,ILSVRC2012_val_00000548.JPEG,random_uniform,0.15,1,True,0.09949350357055664,0.010917961597442627,False,0.037866830825805664,0.10262942314147949,0.04655974358320236,0.29097092151641846,0.5399258732795715
visformer_small,14,ILSVRC2012_val_00000575.JPEG,random_uniform,0.15,1,True,0.029334545135498047,0.017288625240325928,False,0.031949639320373535,0.14408227801322937,0.055207740515470505,0.4348468482494354,1.3480205535888672
visformer_small,15,ILSVRC2012_val_00000602.JPEG,random_uniform,0.15,1,True,0.26651620864868164,0.1411532759666443,False,0.06400197744369507,0.1783638447523117,0.06356246024370193,0.2580101490020752,0.8350723385810852
visformer_small,8,ILSVRC2012_val_00000299.JPEG,random_uniform,0.15,2,True,-0.01117706298828125,-0.005548030138015747,False,0.0381278395652771,0.13987086713314056,0.055269259959459305,0.28749024868011475,0.8862401843070984
visformer_small,9,ILSVRC2012_val_00000410.JPEG,random_uniform,0.15,2,True,0.020544052124023438,0.006624102592468262,False,0.0319330096244812,0.10817229747772217,0.04301305115222931,0.5420798063278198,0.7189038991928101
visformer_small,10,ILSVRC2012_val_00000499.JPEG,random_uniform,0.15,2,True,0.24881362915039062,0.04270471632480621,False,0.034829020500183105,0.1538412868976593,0.04016617313027382,0.4037168622016907,0.7992960214614868
visformer_small,11,ILSVRC2012_val_00000526.JPEG,random_uniform,0.15,2,True,0.14887714385986328,0.11553984880447388,False,0.040017664432525635,0.13275952637195587,0.04952406883239746,0.47236838936805725,1.1635538339614868
visformer_small,12,ILSVRC2012_val_00000537.JPEG,random_uniform,0.15,2,True,-0.12459850311279297,-0.021523773670196533,False,0.023569583892822266,0.15500304102897644,0.06381860375404358,0.32430732250213623,1.2596540451049805
visformer_small,13,ILSVRC2012_val_00000548.JPEG,random_uniform,0.15,2,True,-0.02335357666015625,-0.017114102840423584,False,0.054808735847473145,0.1641666293144226,0.07948972284793854,0.1015244722366333,0.4964204728603363
visformer_small,14,ILSVRC2012_val_00000575.JPEG,random_uniform,0.15,2,True,-0.389310359954834,-0.17422127723693848,False,0.04909253120422363,0.16923612356185913,0.06986905634403229,0.37035199999809265,0.9165043234825134
visformer_small,15,ILSVRC2012_val_00000602.JPEG,random_uniform,0.15,2,True,-0.04214000701904297,-0.0066315531730651855,False,0.046034038066864014,0.15831050276756287,0.05854547768831253,0.3142765164375305,0.8160167336463928
visformer_small,8,ILSVRC2012_val_00000299.JPEG,random_uniform,0.15,3,True,-0.21045589447021484,-0.05349181592464447,False,0.031287550926208496,0.13030995428562164,0.059829577803611755,0.2673383951187134,0.6678768396377563
visformer_small,9,ILSVRC2012_val_00000410.JPEG,random_uniform,0.15,3,True,-0.12105941772460938,-0.034676581621170044,False,0.03274494409561157,0.107329823076725,0.04666344076395035,0.43335676193237305,0.5664064884185791
visformer_small,10,ILSVRC2012_val_00000499.JPEG,random_uniform,0.15,3,True,0.17699623107910156,0.027906477451324463,False,0.02698230743408203,0.14973920583724976,0.04791371151804924,0.2031470686197281,0.6027017831802368
visformer_small,11,ILSVRC2012_val_00000526.JPEG,random_uniform,0.15,3,True,0.32412004470825195,0.19041085243225098,False,0.03649604320526123,0.17302803695201874,0.047360729426145554,0.5376068949699402,1.2833439111709595
visformer_small,12,ILSVRC2012_val_00000537.JPEG,random_uniform,0.15,3,True,-0.5916662216186523,-0.10035263001918793,False,0.0441434383392334,0.1764121800661087,0.056898754090070724,0.2708272635936737,0.9221851825714111
visformer_small,13,ILSVRC2012_val_00000548.JPEG,random_uniform,0.15,3,True,0.0026912689208984375,-0.012651681900024414,False,0.047390878200531006,0.13067243993282318,0.05853823199868202,0.1932017058134079,0.4321761131286621
visformer_small,14,ILSVRC2012_val_00000575.JPEG,random_uniform,0.15,3,True,-0.11866521835327148,-0.0517159104347229,False,0.062357187271118164,0.16644242405891418,0.04959080368280411,0.3375712037086487,1.1761890649795532
visformer_small,15,ILSVRC2012_val_00000602.JPEG,random_uniform,0.15,3,True,0.19565200805664062,0.13485825061798096,False,0.053782641887664795,0.1545345038175583,0.05025363713502884,0.279512882232666,1.1137335300445557
visformer_small,8,ILSVRC2012_val_00000299.JPEG,score_deviation_extreme,0.15,0,True,-0.011112213134765625,-0.004399657249450684,False,0.04400777816772461,0.13606128096580505,0.054644785821437836,0.46177804470062256,0.767871618270874
visformer_small,9,ILSVRC2012_val_00000410.JPEG,score_deviation_extreme,0.15,0,True,0.05794572830200195,0.023439794778823853,False,0.033059656620025635,0.06798375397920609,0.02272745594382286,0.4779528081417084,0.7603820562362671
visformer_small,10,ILSVRC2012_val_00000499.JPEG,score_deviation_extreme,0.15,0,True,0.3050403594970703,0.05654743313789368,False,0.030434787273406982,0.07032200694084167,0.03607683256268501,0.24901539087295532,0.7415472269058228
visformer_small,11,ILSVRC2012_val_00000526.JPEG,score_deviation_extreme,0.15,0,True,0.17433738708496094,0.08874964714050293,False,0.04141491651535034,0.13158828020095825,0.03723945468664169,0.5473449230194092,0.9429824352264404
visformer_small,12,ILSVRC2012_val_00000537.JPEG,score_deviation_extreme,0.15,0,True,0.12552261352539062,0.03818482160568237,False,0.021291017532348633,0.06516212970018387,0.03302692994475365,0.6922374963760376,1.118268609046936
visformer_small,13,ILSVRC2012_val_00000548.JPEG,score_deviation_extreme,0.15,0,True,0.1333022117614746,0.021399587392807007,False,0.043630123138427734,0.09681691974401474,0.036467406898736954,0.30401283502578735,0.4683726727962494
visformer_small,14,ILSVRC2012_val_00000575.JPEG,score_deviation_extreme,0.15,0,True,-0.4915304183959961,-0.20657002925872803,False,0.03337264060974121,0.12545543909072876,0.0424075685441494,0.47311490774154663,0.8688724040985107
visformer_small,15,ILSVRC2012_val_00000602.JPEG,score_deviation_extreme,0.15,0,True,0.16449642181396484,0.09691345691680908,False,0.07106280326843262,0.0984259694814682,0.033341895788908005,0.35500597953796387,0.8304488658905029
visformer_small,8,ILSVRC2012_val_00000299.JPEG,score_deviation_extreme,0.15,1,True,-0.011112213134765625,-0.004399657249450684,False,0.04400777816772461,0.13606128096580505,0.054644785821437836,0.46177804470062256,0.767871618270874
visformer_small,9,ILSVRC2012_val_00000410.JPEG,score_deviation_extreme,0.15,1,True,0.05794572830200195,0.023439794778823853,False,0.033059656620025635,0.06798375397920609,0.02272745594382286,0.4779528081417084,0.7603820562362671
visformer_small,10,ILSVRC2012_val_00000499.JPEG,score_deviation_extreme,0.15,1,True,0.3050403594970703,0.05654743313789368,False,0.030434787273406982,0.07032200694084167,0.03607683256268501,0.2490154206752777,0.741547167301178
visformer_small,11,ILSVRC2012_val_00000526.JPEG,score_deviation_extreme,0.15,1,True,0.17433738708496094,0.08874964714050293,False,0.04141491651535034,0.13158828020095825,0.03723945468664169,0.5473449230194092,0.9429824352264404
visformer_small,12,ILSVRC2012_val_00000537.JPEG,score_deviation_extreme,0.15,1,True,0.12552261352539062,0.03818482160568237,False,0.021291017532348633,0.06516212970018387,0.03302692994475365,0.6922374963760376,1.118268609046936
visformer_small,13,ILSVRC2012_val_00000548.JPEG,score_deviation_extreme,0.15,1,True,0.1333022117614746,0.021399587392807007,False,0.043630123138427734,0.09681691974401474,0.036467406898736954,0.30401280522346497,0.4683726727962494
visformer_small,14,ILSVRC2012_val_00000575.JPEG,score_deviation_extreme,0.15,1,True,-0.4915304183959961,-0.20657002925872803,False,0.03337264060974121,0.12545543909072876,0.0424075685441494,0.47311487793922424,0.8688724637031555
visformer_small,15,ILSVRC2012_val_00000602.JPEG,score_deviation_extreme,0.15,1,True,0.16449642181396484,0.09691345691680908,False,0.07106280326843262,0.0984259694814682,0.033341895788908005,0.3550059497356415,0.8304489254951477
visformer_small,8,ILSVRC2012_val_00000299.JPEG,score_deviation_extreme,0.15,2,True,-0.011112213134765625,-0.004399657249450684,False,0.04400777816772461,0.13606128096580505,0.054644785821437836,0.46177804470062256,0.767871618270874
visformer_small,9,ILSVRC2012_val_00000410.JPEG,score_deviation_extreme,0.15,2,True,0.05794572830200195,0.023439794778823853,False,0.033059656620025635,0.06798375397920609,0.02272745594382286,0.4779528081417084,0.7603820562362671
visformer_small,10,ILSVRC2012_val_00000499.JPEG,score_deviation_extreme,0.15,2,True,0.3050403594970703,0.05654743313789368,False,0.030434787273406982,0.07032200694084167,0.03607683256268501,0.2490154206752777,0.741547167301178
visformer_small,11,ILSVRC2012_val_00000526.JPEG,score_deviation_extreme,0.15,2,True,0.17433738708496094,0.08874964714050293,False,0.04141491651535034,0.13158828020095825,0.03723945468664169,0.5473449230194092,0.9429824352264404
visformer_small,12,ILSVRC2012_val_00000537.JPEG,score_deviation_extreme,0.15,2,True,0.12552261352539062,0.03818482160568237,False,0.021291017532348633,0.06516212970018387,0.03302692994475365,0.6922374963760376,1.118268609046936
visformer_small,13,ILSVRC2012_val_00000548.JPEG,score_deviation_extreme,0.15,2,True,0.1333022117614746,0.021399587392807007,False,0.043630123138427734,0.09681691974401474,0.036467406898736954,0.30401283502578735,0.4683726727962494
visformer_small,14,ILSVRC2012_val_00000575.JPEG,score_deviation_extreme,0.15,2,True,-0.4915304183959961,-0.20657002925872803,False,0.03337264060974121,0.12545543909072876,0.0424075685441494,0.47311487793922424,0.8688724040985107
visformer_small,15,ILSVRC2012_val_00000602.JPEG,score_deviation_extreme,0.15,2,True,0.16449642181396484,0.09691345691680908,False,0.07106280326843262,0.0984259694814682,0.033341895788908005,0.35500597953796387,0.8304488658905029
visformer_small,8,ILSVRC2012_val_00000299.JPEG,score_deviation_extreme,0.15,3,True,-0.011112213134765625,-0.004399657249450684,False,0.04400777816772461,0.13606128096580505,0.054644785821437836,0.46177804470062256,0.767871618270874
visformer_small,9,ILSVRC2012_val_00000410.JPEG,score_deviation_extreme,0.15,3,True,0.05794572830200195,0.023439794778823853,False,0.033059656620025635,0.06798375397920609,0.02272745594382286,0.4779528081417084,0.7603820562362671
visformer_small,10,ILSVRC2012_val_00000499.JPEG,score_deviation_extreme,0.15,3,True,0.3050403594970703,0.05654743313789368,False,0.030434787273406982,0.07032200694084167,0.03607683256268501,0.2490154206752777,0.741547167301178
visformer_small,11,ILSVRC2012_val_00000526.JPEG,score_deviation_extreme,0.15,3,True,0.17433738708496094,0.08874964714050293,False,0.04141491651535034,0.13158828020095825,0.03723945468664169,0.5473449230194092,0.9429824352264404
visformer_small,12,ILSVRC2012_val_00000537.JPEG,score_deviation_extreme,0.15,3,True,0.12552261352539062,0.03818482160568237,False,0.021291017532348633,0.06516212970018387,0.03302692994475365,0.6922374963760376,1.118268609046936
visformer_small,13,ILSVRC2012_val_00000548.JPEG,score_deviation_extreme,0.15,3,True,0.1333022117614746,0.021399587392807007,False,0.043630123138427734,0.09681691974401474,0.036467406898736954,0.30401283502578735,0.4683726727962494
visformer_small,14,ILSVRC2012_val_00000575.JPEG,score_deviation_extreme,0.15,3,True,-0.4915304183959961,-0.20657002925872803,False,0.03337264060974121,0.12545543909072876,0.0424075685441494,0.47311487793922424,0.8688724637031555
visformer_small,15,ILSVRC2012_val_00000602.JPEG,score_deviation_extreme,0.15,3,True,0.16449642181396484,0.09691345691680908,False,0.07106280326843262,0.0984259694814682,0.033341895788908005,0.3550059497356415,0.8304489254951477
visformer_small,16,ILSVRC2012_val_00000695.JPEG,high_score_extreme,0.15,0,True,-0.01471853256225586,-0.012364417314529419,False,0.06276941299438477,0.18392321467399597,0.05761229619383812,0.3417931795120239,1.184605360031128
visformer_small,17,ILSVRC2012_val_00000724.JPEG,high_score_extreme,0.15,0,True,-0.3590569496154785,-0.09611845016479492,False,0.05109751224517822,0.1520116776227951,0.04638512060046196,0.19254709780216217,2.564467191696167
visformer_small,18,ILSVRC2012_val_00000781.JPEG,high_score_extreme,0.15,0,True,0.16618680953979492,0.03823566436767578,False,0.04809856414794922,0.18837301433086395,0.058132193982601166,0.3323284983634949,1.065537691116333
visformer_small,19,ILSVRC2012_val_00000809.JPEG,high_score_extreme,0.15,0,True,0.14466285705566406,0.15001869201660156,False,0.04532557725906372,0.19112291932106018,0.045493099838495255,0.6478081345558167,1.7917202711105347
visformer_small,20,ILSVRC2012_val_00000871.JPEG,high_score_extreme,0.15,0,True,0.02491283416748047,0.005515575408935547,False,0.05746662616729736,0.18460439145565033,0.0782666876912117,0.348105788230896,1.0605051517486572
visformer_small,21,ILSVRC2012_val_00000890.JPEG,high_score_extreme,0.15,0,True,-0.3017864227294922,-0.07622791826725006,False,0.053701162338256836,0.17438720166683197,0.06738297641277313,0.18403129279613495,0.7352426648139954
visformer_small,22,ILSVRC2012_val_00000989.JPEG,high_score_extreme,0.15,0,True,-0.2942051887512207,-0.07382956147193909,False,0.0491023063659668,0.18910138309001923,0.06302633136510849,0.43106213212013245,0.8909606337547302
visformer_small,23,ILSVRC2012_val_00001094.JPEG,high_score_extreme,0.15,0,True,-0.15314197540283203,-0.03024458885192871,False,0.054857850074768066,0.20094090700149536,0.07712820172309875,0.15065360069274902,0.7414682507514954
visformer_small,16,ILSVRC2012_val_00000695.JPEG,high_score_extreme,0.15,1,True,-0.01471853256225586,-0.012364417314529419,False,0.06276941299438477,0.18392321467399597,0.05761229619383812,0.3417931795120239,1.184605360031128
visformer_small,17,ILSVRC2012_val_00000724.JPEG,high_score_extreme,0.15,1,True,-0.3590569496154785,-0.09611845016479492,False,0.05109751224517822,0.1520116776227951,0.04638512060046196,0.19254709780216217,2.564467191696167
visformer_small,18,ILSVRC2012_val_00000781.JPEG,high_score_extreme,0.15,1,True,0.16618680953979492,0.03823566436767578,False,0.04809856414794922,0.18837301433086395,0.058132193982601166,0.3323284983634949,1.065537691116333
visformer_small,19,ILSVRC2012_val_00000809.JPEG,high_score_extreme,0.15,1,True,0.14466285705566406,0.15001869201660156,False,0.04532557725906372,0.19112291932106018,0.045493099838495255,0.6478081345558167,1.7917202711105347
visformer_small,20,ILSVRC2012_val_00000871.JPEG,high_score_extreme,0.15,1,True,0.02491283416748047,0.005515575408935547,False,0.05746662616729736,0.18460439145565033,0.0782666876912117,0.348105788230896,1.0605051517486572
visformer_small,21,ILSVRC2012_val_00000890.JPEG,high_score_extreme,0.15,1,True,-0.3017864227294922,-0.07622791826725006,False,0.053701162338256836,0.17438720166683197,0.06738297641277313,0.18403129279613495,0.7352426648139954
visformer_small,22,ILSVRC2012_val_00000989.JPEG,high_score_extreme,0.15,1,True,-0.2942051887512207,-0.07382956147193909,False,0.0491023063659668,0.18910138309001923,0.06302633136510849,0.43106213212013245,0.8909606337547302
visformer_small,23,ILSVRC2012_val_00001094.JPEG,high_score_extreme,0.15,1,True,-0.15314197540283203,-0.03024458885192871,False,0.054857850074768066,0.20094090700149536,0.07712820172309875,0.15065360069274902,0.7414682507514954
visformer_small,16,ILSVRC2012_val_00000695.JPEG,high_score_extreme,0.15,2,True,-0.01471853256225586,-0.012364417314529419,False,0.06276941299438477,0.18392321467399597,0.05761229619383812,0.3417931795120239,1.184605360031128
visformer_small,17,ILSVRC2012_val_00000724.JPEG,high_score_extreme,0.15,2,True,-0.3590569496154785,-0.09611845016479492,False,0.05109751224517822,0.1520116776227951,0.04638512060046196,0.19254709780216217,2.564467191696167
visformer_small,18,ILSVRC2012_val_00000781.JPEG,high_score_extreme,0.15,2,True,0.16618680953979492,0.03823566436767578,False,0.04809856414794922,0.18837301433086395,0.058132193982601166,0.3323284983634949,1.065537691116333
visformer_small,19,ILSVRC2012_val_00000809.JPEG,high_score_extreme,0.15,2,True,0.14466285705566406,0.15001869201660156,False,0.04532557725906372,0.19112291932106018,0.045493099838495255,0.6478080749511719,1.7917202711105347
visformer_small,20,ILSVRC2012_val_00000871.JPEG,high_score_extreme,0.15,2,True,0.02491283416748047,0.005515575408935547,False,0.05746662616729736,0.18460439145565033,0.0782666876912117,0.348105788230896,1.0605051517486572
visformer_small,21,ILSVRC2012_val_00000890.JPEG,high_score_extreme,0.15,2,True,-0.3017864227294922,-0.07622791826725006,False,0.053701162338256836,0.17438720166683197,0.06738297641277313,0.18403129279613495,0.7352426648139954
visformer_small,22,ILSVRC2012_val_00000989.JPEG,high_score_extreme,0.15,2,True,-0.2942051887512207,-0.07382956147193909,False,0.0491023063659668,0.18910138309001923,0.06302633136510849,0.43106210231781006,0.8909606337547302
visformer_small,23,ILSVRC2012_val_00001094.JPEG,high_score_extreme,0.15,2,True,-0.15314197540283203,-0.03024458885192871,False,0.054857850074768066,0.20094090700149536,0.07712820172309875,0.15065360069274902,0.7414682507514954
visformer_small,16,ILSVRC2012_val_00000695.JPEG,high_score_extreme,0.15,3,True,-0.01471853256225586,-0.012364417314529419,False,0.06276941299438477,0.18392321467399597,0.05761229619383812,0.3417931795120239,1.184605360031128
visformer_small,17,ILSVRC2012_val_00000724.JPEG,high_score_extreme,0.15,3,True,-0.3590569496154785,-0.09611845016479492,False,0.05109751224517822,0.1520116776227951,0.04638512060046196,0.19254709780216217,2.564467191696167
visformer_small,18,ILSVRC2012_val_00000781.JPEG,high_score_extreme,0.15,3,True,0.16618680953979492,0.03823566436767578,False,0.04809856414794922,0.18837301433086395,0.058132193982601166,0.3323284983634949,1.065537691116333
visformer_small,19,ILSVRC2012_val_00000809.JPEG,high_score_extreme,0.15,3,True,0.14466285705566406,0.15001869201660156,False,0.04532557725906372,0.19112291932106018,0.045493099838495255,0.6478080749511719,1.7917202711105347
visformer_small,20,ILSVRC2012_val_00000871.JPEG,high_score_extreme,0.15,3,True,0.02491283416748047,0.005515575408935547,False,0.05746662616729736,0.18460439145565033,0.0782666876912117,0.348105788230896,1.0605051517486572
visformer_small,21,ILSVRC2012_val_00000890.JPEG,high_score_extreme,0.15,3,True,-0.3017864227294922,-0.07622791826725006,False,0.053701162338256836,0.17438720166683197,0.06738297641277313,0.18403129279613495,0.7352426648139954
visformer_small,22,ILSVRC2012_val_00000989.JPEG,high_score_extreme,0.15,3,True,-0.2942051887512207,-0.07382956147193909,False,0.0491023063659668,0.18910138309001923,0.06302633136510849,0.43106210231781006,0.8909606337547302
visformer_small,23,ILSVRC2012_val_00001094.JPEG,high_score_extreme,0.15,3,True,-0.15314197540283203,-0.03024458885192871,False,0.054857850074768066,0.20094090700149536,0.07712820172309875,0.15065360069274902,0.7414682507514954
visformer_small,16,ILSVRC2012_val_00000695.JPEG,low_score_extreme,0.15,0,True,0.18076515197753906,0.04539170861244202,False,0.050693511962890625,0.09158738702535629,0.03495442494750023,0.5051172971725464,1.0219284296035767
visformer_small,17,ILSVRC2012_val_00000724.JPEG,low_score_extreme,0.15,0,True,-0.10091638565063477,-0.027941495180130005,False,0.05000728368759155,0.10097067803144455,0.03890443593263626,0.7007137537002563,0.9758912920951843
visformer_small,18,ILSVRC2012_val_00000781.JPEG,low_score_extreme,0.15,0,True,0.024807453155517578,0.006618916988372803,False,0.05954325199127197,0.08900799602270126,0.0328359454870224,0.40048208832740784,0.7741060256958008
visformer_small,19,ILSVRC2012_val_00000809.JPEG,low_score_extreme,0.15,0,True,0.20407724380493164,0.07671263813972473,False,0.037172138690948486,0.0822422206401825,0.025225667282938957,0.7275693416595459,1.2958083152770996
visformer_small,20,ILSVRC2012_val_00000871.JPEG,low_score_extreme,0.15,0,True,0.3140411376953125,0.06443025171756744,False,0.0637044906616211,0.09147397428750992,0.02980595827102661,0.36165696382522583,1.2245352268218994
visformer_small,21,ILSVRC2012_val_00000890.JPEG,low_score_extreme,0.15,0,True,-0.2236776351928711,-0.05742877721786499,False,0.048001766204833984,0.0712757259607315,0.042170796543359756,0.3401698172092438,0.6702785491943359
visformer_small,22,ILSVRC2012_val_00000989.JPEG,low_score_extreme,0.15,0,True,0.13158607482910156,0.03658419847488403,False,0.02084493637084961,0.10269760340452194,0.03484608978033066,0.49380892515182495,0.9497420191764832
visformer_small,23,ILSVRC2012_val_00001094.JPEG,low_score_extreme,0.15,0,True,0.22972917556762695,0.06462410092353821,False,0.027774691581726074,0.08310585469007492,0.026839660480618477,0.4111905097961426,0.7370697855949402
visformer_small,16,ILSVRC2012_val_00000695.JPEG,low_score_extreme,0.15,1,True,0.18076515197753906,0.04539170861244202,False,0.050693511962890625,0.09158738702535629,0.03495442494750023,0.5051172971725464,1.0219284296035767
visformer_small,17,ILSVRC2012_val_00000724.JPEG,low_score_extreme,0.15,1,True,-0.10091638565063477,-0.027941495180130005,False,0.05000728368759155,0.10097067803144455,0.03890443593263626,0.7007138133049011,0.9758912920951843
visformer_small,18,ILSVRC2012_val_00000781.JPEG,low_score_extreme,0.15,1,True,0.024807453155517578,0.006618916988372803,False,0.05954325199127197,0.08900799602270126,0.0328359454870224,0.40048202872276306,0.7741061449050903
visformer_small,19,ILSVRC2012_val_00000809.JPEG,low_score_extreme,0.15,1,True,0.20407724380493164,0.07671263813972473,False,0.037172138690948486,0.0822422206401825,0.025225667282938957,0.7275693416595459,1.2958083152770996
visformer_small,20,ILSVRC2012_val_00000871.JPEG,low_score_extreme,0.15,1,True,0.3140411376953125,0.06443025171756744,False,0.0637044906616211,0.09147397428750992,0.02980595827102661,0.3616569936275482,1.2245352268218994
visformer_small,21,ILSVRC2012_val_00000890.JPEG,low_score_extreme,0.15,1,True,-0.2236776351928711,-0.05742877721786499,False,0.048001766204833984,0.0712757259607315,0.042170796543359756,0.3401698172092438,0.6702785491943359
visformer_small,22,ILSVRC2012_val_00000989.JPEG,low_score_extreme,0.15,1,True,0.13158607482910156,0.03658419847488403,False,0.02084493637084961,0.10269760340452194,0.03484608978033066,0.49380892515182495,0.9497420191764832
visformer_small,23,ILSVRC2012_val_00001094.JPEG,low_score_extreme,0.15,1,True,0.22972917556762695,0.06462410092353821,False,0.027774691581726074,0.08310585469007492,0.026839660480618477,0.41119056940078735,0.7370697855949402
visformer_small,16,ILSVRC2012_val_00000695.JPEG,low_score_extreme,0.15,2,True,0.18076515197753906,0.04539170861244202,False,0.050693511962890625,0.09158738702535629,0.03495442494750023,0.5051172971725464,1.0219284296035767
visformer_small,17,ILSVRC2012_val_00000724.JPEG,low_score_extreme,0.15,2,True,-0.10091638565063477,-0.027941495180130005,False,0.05000728368759155,0.10097067803144455,0.03890443593263626,0.7007137537002563,0.9758912920951843
visformer_small,18,ILSVRC2012_val_00000781.JPEG,low_score_extreme,0.15,2,True,0.024807453155517578,0.006618916988372803,False,0.05954325199127197,0.08900799602270126,0.0328359454870224,0.40048208832740784,0.7741060256958008
visformer_small,19,ILSVRC2012_val_00000809.JPEG,low_score_extreme,0.15,2,True,0.20407724380493164,0.07671263813972473,False,0.037172138690948486,0.0822422206401825,0.025225667282938957,0.7275693416595459,1.2958083152770996
visformer_small,20,ILSVRC2012_val_00000871.JPEG,low_score_extreme,0.15,2,True,0.3140411376953125,0.06443025171756744,False,0.0637044906616211,0.09147397428750992,0.02980595827102661,0.3616569936275482,1.2245352268218994
visformer_small,21,ILSVRC2012_val_00000890.JPEG,low_score_extreme,0.15,2,True,-0.2236776351928711,-0.05742877721786499,False,0.048001766204833984,0.0712757259607315,0.042170796543359756,0.3401698172092438,0.6702785491943359
visformer_small,22,ILSVRC2012_val_00000989.JPEG,low_score_extreme,0.15,2,True,0.13158607482910156,0.03658419847488403,False,0.02084493637084961,0.10269760340452194,0.03484608978033066,0.49380892515182495,0.9497420191764832
visformer_small,23,ILSVRC2012_val_00001094.JPEG,low_score_extreme,0.15,2,True,0.22972917556762695,0.06462410092353821,False,0.027774691581726074,0.08310585469007492,0.026839660480618477,0.41119053959846497,0.7370697855949402
visformer_small,16,ILSVRC2012_val_00000695.JPEG,low_score_extreme,0.15,3,True,0.18076515197753906,0.04539170861244202,False,0.050693511962890625,0.09158738702535629,0.03495442494750023,0.5051172971725464,1.0219284296035767
visformer_small,17,ILSVRC2012_val_00000724.JPEG,low_score_extreme,0.15,3,True,-0.10091638565063477,-0.027941495180130005,False,0.05000728368759155,0.10097067803144455,0.03890443593263626,0.7007137537002563,0.9758912920951843
visformer_small,18,ILSVRC2012_val_00000781.JPEG,low_score_extreme,0.15,3,True,0.024807453155517578,0.006618916988372803,False,0.05954325199127197,0.08900799602270126,0.0328359454870224,0.40048208832740784,0.7741060256958008
visformer_small,19,ILSVRC2012_val_00000809.JPEG,low_score_extreme,0.15,3,True,0.20407724380493164,0.07671263813972473,False,0.037172138690948486,0.0822422206401825,0.025225667282938957,0.7275693416595459,1.2958083152770996
visformer_small,20,ILSVRC2012_val_00000871.JPEG,low_score_extreme,0.15,3,True,0.3140411376953125,0.06443025171756744,False,0.0637044906616211,0.09147397428750992,0.02980595827102661,0.36165696382522583,1.2245352268218994
visformer_small,21,ILSVRC2012_val_00000890.JPEG,low_score_extreme,0.15,3,True,-0.2236776351928711,-0.05742877721786499,False,0.048001766204833984,0.0712757259607315,0.042170796543359756,0.340169757604599,0.6702786087989807
visformer_small,22,ILSVRC2012_val_00000989.JPEG,low_score_extreme,0.15,3,True,0.13158607482910156,0.03658419847488403,False,0.02084493637084961,0.10269760340452194,0.03484608978033066,0.49380892515182495,0.9497420191764832
visformer_small,23,ILSVRC2012_val_00001094.JPEG,low_score_extreme,0.15,3,True,0.22972917556762695,0.06462410092353821,False,0.027774691581726074,0.08310585469007492,0.026839660480618477,0.4111905097961426,0.7370697855949402
visformer_small,16,ILSVRC2012_val_00000695.JPEG,random_uniform,0.15,0,True,0.1132516860961914,0.03265079855918884,False,0.05611073970794678,0.1970232129096985,0.05880971997976303,0.1983088254928589,1.1299331188201904
visformer_small,17,ILSVRC2012_val_00000724.JPEG,random_uniform,0.15,0,True,-0.15677881240844727,-0.05881968140602112,False,0.056111276149749756,0.16283991932868958,0.05134063586592674,0.4080202579498291,1.0772156715393066
visformer_small,18,ILSVRC2012_val_00000781.JPEG,random_uniform,0.15,0,True,-0.08317089080810547,-0.019629478454589844,False,0.06905794143676758,0.16201099753379822,0.047185540199279785,0.3232887387275696,0.8053274750709534
visformer_small,19,ILSVRC2012_val_00000809.JPEG,random_uniform,0.15,0,True,0.1513361930847168,0.06411367654800415,False,0.0363994836807251,0.15022072196006775,0.04016033187508583,0.685700535774231,1.2440448999404907
visformer_small,20,ILSVRC2012_val_00000871.JPEG,random_uniform,0.15,0,True,0.0768899917602539,0.010531976819038391,False,0.03922080993652344,0.10301485657691956,0.04839207977056503,0.41837581992149353,1.1391091346740723
visformer_small,21,ILSVRC2012_val_00000890.JPEG,random_uniform,0.15,0,True,-0.1933889389038086,-0.04701092839241028,False,0.04514455795288086,0.11020493507385254,0.03745215758681297,0.2792527377605438,0.7441480755805969
visformer_small,22,ILSVRC2012_val_00000989.JPEG,random_uniform,0.15,0,True,-0.1049199104309082,-0.027626723051071167,False,0.026941537857055664,0.15027981996536255,0.06109251454472542,0.5034092664718628,0.8759545683860779
visformer_small,23,ILSVRC2012_val_00001094.JPEG,random_uniform,0.15,0,True,-0.34013938903808594,-0.09297791123390198,False,0.06662905216217041,0.20917342603206635,0.0723927840590477,0.2406252920627594,0.5600715279579163
visformer_small,16,ILSVRC2012_val_00000695.JPEG,random_uniform,0.15,1,True,-0.006046772003173828,-0.018252640962600708,False,0.03613859415054321,0.18242625892162323,0.043549831956624985,0.3687627613544464,1.0013785362243652
visformer_small,17,ILSVRC2012_val_00000724.JPEG,random_uniform,0.15,1,True,-0.15352678298950195,0.06099444627761841,False,0.06583625078201294,0.14258509874343872,0.04508204758167267,0.31165266036987305,1.7322959899902344
visformer_small,18,ILSVRC2012_val_00000781.JPEG,random_uniform,0.15,1,True,-0.17763900756835938,-0.030691415071487427,False,0.09147036075592041,0.17028945684432983,0.05647571012377739,0.35145628452301025,0.8793567419052124
visformer_small,19,ILSVRC2012_val_00000809.JPEG,random_uniform,0.15,1,True,-0.04948997497558594,-0.02898988127708435,False,0.05877727270126343,0.17635035514831543,0.04678348824381828,0.5079449415206909,0.9879599213600159
visformer_small,20,ILSVRC2012_val_00000871.JPEG,random_uniform,0.15,1,True,0.14798259735107422,0.030077949166297913,False,0.05156910419464111,0.14052414894104004,0.05618932098150253,0.307661235332489,1.1658976078033447
visformer_small,21,ILSVRC2012_val_00000890.JPEG,random_uniform,0.15,1,True,-0.07286930084228516,-0.025531888008117676,False,0.037570953369140625,0.1050649955868721,0.05029835179448128,0.36427295207977295,0.7938866019248962
visformer_small,22,ILSVRC2012_val_00000989.JPEG,random_uniform,0.15,1,True,-0.15223360061645508,-0.04333263635635376,False,0.024840593338012695,0.12970970571041107,0.052675679326057434,0.16350074112415314,1.1970751285552979
visformer_small,23,ILSVRC2012_val_00001094.JPEG,random_uniform,0.15,1,True,-0.1137533187866211,-0.02211177349090576,False,0.04914283752441406,0.16476652026176453,0.058418672531843185,0.2867940068244934,0.7360438108444214
visformer_small,16,ILSVRC2012_val_00000695.JPEG,random_uniform,0.15,2,True,0.056931495666503906,0.0022008419036865234,False,0.02947986125946045,0.10916782915592194,0.03694576770067215,0.4283827245235443,1.0889478921890259
visformer_small,17,ILSVRC2012_val_00000724.JPEG,random_uniform,0.15,2,True,-0.11459779739379883,-0.042902350425720215,False,0.04716867208480835,0.1378946602344513,0.0408695787191391,0.5892707705497742,0.9708085060119629
visformer_small,18,ILSVRC2012_val_00000781.JPEG,random_uniform,0.15,2,True,-0.2723817825317383,-0.05905470252037048,False,0.08612382411956787,0.20428694784641266,0.057860590517520905,0.24790707230567932,0.6817446947097778
visformer_small,19,ILSVRC2012_val_00000809.JPEG,random_uniform,0.15,2,True,-0.20871591567993164,-0.08820119500160217,False,0.05243605375289917,0.1672934889793396,0.04747077077627182,0.5116050243377686,0.8926621675491333
visformer_small,20,ILSVRC2012_val_00000871.JPEG,random_uniform,0.15,2,True,-0.022749900817871094,-0.01013733446598053,False,0.03278052806854248,0.12668627500534058,0.046715978533029556,0.3817700743675232,0.9558651447296143
visformer_small,21,ILSVRC2012_val_00000890.JPEG,random_uniform,0.15,2,True,-0.12433910369873047,-0.03861042857170105,False,0.0386120080947876,0.16546820104122162,0.06307847797870636,0.2786005437374115,0.9724625945091248
visformer_small,22,ILSVRC2012_val_00000989.JPEG,random_uniform,0.15,2,True,-0.1755213737487793,-0.04676419496536255,False,0.023218274116516113,0.14229002594947815,0.051456794142723083,0.5002917051315308,0.9019036889076233
visformer_small,23,ILSVRC2012_val_00001094.JPEG,random_uniform,0.15,2,True,-0.028417587280273438,-0.006144821643829346,False,0.04398846626281738,0.1601671576499939,0.052828166633844376,0.22949588298797607,0.6774830222129822
visformer_small,16,ILSVRC2012_val_00000695.JPEG,random_uniform,0.15,3,True,0.004260063171386719,-0.013468325138092041,False,0.04804348945617676,0.14081783592700958,0.03666325658559799,0.37352254986763,0.9132923483848572
visformer_small,17,ILSVRC2012_val_00000724.JPEG,random_uniform,0.15,3,True,0.060133934020996094,-0.0028635263442993164,False,0.06051117181777954,0.17768138647079468,0.0450357049703598,0.36050015687942505,1.4214426279067993
visformer_small,18,ILSVRC2012_val_00000781.JPEG,random_uniform,0.15,3,True,-0.06608295440673828,-0.01994466781616211,False,0.06443095207214355,0.17265690863132477,0.051579125225543976,0.30826565623283386,0.8388080596923828
visformer_small,19,ILSVRC2012_val_00000809.JPEG,random_uniform,0.15,3,True,0.35291624069213867,0.09804880619049072,False,0.030807912349700928,0.13459114730358124,0.0447041280567646,0.6134939193725586,1.236955165863037
visformer_small,20,ILSVRC2012_val_00000871.JPEG,random_uniform,0.15,3,True,0.14141178131103516,0.02108156681060791,False,0.028957486152648926,0.0934797078371048,0.037842366844415665,0.2733754515647888,1.2380398511886597
visformer_small,21,ILSVRC2012_val_00000890.JPEG,random_uniform,0.15,3,True,0.0039014816284179688,-0.00468561053276062,False,0.04425019025802612,0.10246860235929489,0.038450200110673904,0.25455141067504883,0.8087022304534912
visformer_small,22,ILSVRC2012_val_00000989.JPEG,random_uniform,0.15,3,True,0.03977775573730469,0.011374443769454956,False,0.02144831418991089,0.09306091070175171,0.039838407188653946,0.5396876335144043,0.9695510864257812
visformer_small,23,ILSVRC2012_val_00001094.JPEG,random_uniform,0.15,3,True,-0.3775005340576172,-0.08779188990592957,False,0.07379549741744995,0.186921164393425,0.07021069526672363,0.18258483707904816,0.6214702129364014
visformer_small,16,ILSVRC2012_val_00000695.JPEG,score_deviation_extreme,0.15,0,True,0.09808969497680664,0.021741420030593872,False,0.05382734537124634,0.09534338861703873,0.04210008308291435,0.390627920627594,1.0723203420639038
visformer_small,17,ILSVRC2012_val_00000724.JPEG,score_deviation_extreme,0.15,0,True,-0.38852930068969727,-0.12897422909736633,False,0.044486284255981445,0.13232114911079407,0.04343368485569954,0.2917388081550598,1.6664212942123413
visformer_small,18,ILSVRC2012_val_00000781.JPEG,score_deviation_extreme,0.15,0,True,0.0474705696105957,0.013860702514648438,False,0.06522488594055176,0.0915747657418251,0.03137124702334404,0.301543653011322,0.8653071522712708
visformer_small,19,ILSVRC2012_val_00000809.JPEG,score_deviation_extreme,0.15,0,True,0.20407724380493164,0.07671263813972473,False,0.037172138690948486,0.0822422206401825,0.025225667282938957,0.7275693416595459,1.2958083152770996
visformer_small,20,ILSVRC2012_val_00000871.JPEG,score_deviation_extreme,0.15,0,True,0.012394905090332031,0.00633278489112854,False,0.057547688484191895,0.11611653864383698,0.05034558102488518,0.35417813062667847,1.1095762252807617
visformer_small,21,ILSVRC2012_val_00000890.JPEG,score_deviation_extreme,0.15,0,True,-0.2236776351928711,-0.05742877721786499,False,0.048001766204833984,0.0712757259607315,0.042170796543359756,0.3401698172092438,0.6702785491943359
visformer_small,22,ILSVRC2012_val_00000989.JPEG,score_deviation_extreme,0.15,0,True,0.13158607482910156,0.03658419847488403,False,0.02084493637084961,0.10269760340452194,0.03484608978033066,0.49380892515182495,0.9497420191764832
visformer_small,23,ILSVRC2012_val_00001094.JPEG,score_deviation_extreme,0.15,0,True,0.22972917556762695,0.06462410092353821,False,0.027774691581726074,0.08310585469007492,0.026839660480618477,0.41119056940078735,0.7370697855949402
visformer_small,16,ILSVRC2012_val_00000695.JPEG,score_deviation_extreme,0.15,1,True,0.09808969497680664,0.021741420030593872,False,0.05382734537124634,0.09534338861703873,0.04210008308291435,0.390627920627594,1.0723203420639038
visformer_small,17,ILSVRC2012_val_00000724.JPEG,score_deviation_extreme,0.15,1,True,-0.38852930068969727,-0.12897422909736633,False,0.044486284255981445,0.13232114911079407,0.04343368485569954,0.2917388081550598,1.6664212942123413
visformer_small,18,ILSVRC2012_val_00000781.JPEG,score_deviation_extreme,0.15,1,True,0.0474705696105957,0.013860702514648438,False,0.06522488594055176,0.0915747657418251,0.03137124702334404,0.301543653011322,0.8653071522712708
visformer_small,19,ILSVRC2012_val_00000809.JPEG,score_deviation_extreme,0.15,1,True,0.20407724380493164,0.07671263813972473,False,0.037172138690948486,0.0822422206401825,0.025225667282938957,0.7275693416595459,1.2958083152770996
visformer_small,20,ILSVRC2012_val_00000871.JPEG,score_deviation_extreme,0.15,1,True,0.012394905090332031,0.00633278489112854,False,0.057547688484191895,0.11611653864383698,0.05034558102488518,0.35417813062667847,1.1095762252807617
visformer_small,21,ILSVRC2012_val_00000890.JPEG,score_deviation_extreme,0.15,1,True,-0.2236776351928711,-0.05742877721786499,False,0.048001766204833984,0.0712757259607315,0.042170796543359756,0.3401698172092438,0.6702785491943359
visformer_small,22,ILSVRC2012_val_00000989.JPEG,score_deviation_extreme,0.15,1,True,0.13158607482910156,0.03658419847488403,False,0.02084493637084961,0.10269760340452194,0.03484608978033066,0.49380892515182495,0.9497420191764832
visformer_small,23,ILSVRC2012_val_00001094.JPEG,score_deviation_extreme,0.15,1,True,0.22972917556762695,0.06462410092353821,False,0.027774691581726074,0.08310585469007492,0.026839660480618477,0.41119053959846497,0.7370697855949402
visformer_small,16,ILSVRC2012_val_00000695.JPEG,score_deviation_extreme,0.15,2,True,0.09808969497680664,0.021741420030593872,False,0.05382734537124634,0.09534338861703873,0.04210008308291435,0.390627920627594,1.0723203420639038
visformer_small,17,ILSVRC2012_val_00000724.JPEG,score_deviation_extreme,0.15,2,True,-0.38852930068969727,-0.12897422909736633,False,0.044486284255981445,0.13232114911079407,0.04343368485569954,0.2917388081550598,1.6664212942123413
visformer_small,18,ILSVRC2012_val_00000781.JPEG,score_deviation_extreme,0.15,2,True,0.0474705696105957,0.013860702514648438,False,0.06522488594055176,0.0915747657418251,0.03137124702334404,0.301543653011322,0.8653071522712708
visformer_small,19,ILSVRC2012_val_00000809.JPEG,score_deviation_extreme,0.15,2,True,0.20407724380493164,0.07671263813972473,False,0.037172138690948486,0.0822422206401825,0.025225667282938957,0.7275693416595459,1.2958083152770996
visformer_small,20,ILSVRC2012_val_00000871.JPEG,score_deviation_extreme,0.15,2,True,0.012394905090332031,0.00633278489112854,False,0.057547688484191895,0.11611653864383698,0.05034558102488518,0.35417813062667847,1.1095762252807617
visformer_small,21,ILSVRC2012_val_00000890.JPEG,score_deviation_extreme,0.15,2,True,-0.2236776351928711,-0.05742877721786499,False,0.048001766204833984,0.0712757259607315,0.042170796543359756,0.3401698172092438,0.6702785491943359
visformer_small,22,ILSVRC2012_val_00000989.JPEG,score_deviation_extreme,0.15,2,True,0.13158607482910156,0.03658419847488403,False,0.02084493637084961,0.10269760340452194,0.03484608978033066,0.49380892515182495,0.9497420191764832
visformer_small,23,ILSVRC2012_val_00001094.JPEG,score_deviation_extreme,0.15,2,True,0.22972917556762695,0.06462410092353821,False,0.027774691581726074,0.08310585469007492,0.026839660480618477,0.41119053959846497,0.7370697855949402
visformer_small,16,ILSVRC2012_val_00000695.JPEG,score_deviation_extreme,0.15,3,True,0.09808969497680664,0.021741420030593872,False,0.05382734537124634,0.09534338861703873,0.04210008308291435,0.390627920627594,1.0723203420639038
visformer_small,17,ILSVRC2012_val_00000724.JPEG,score_deviation_extreme,0.15,3,True,-0.38852930068969727,-0.12897422909736633,False,0.044486284255981445,0.13232114911079407,0.04343368485569954,0.2917388081550598,1.6664212942123413
visformer_small,18,ILSVRC2012_val_00000781.JPEG,score_deviation_extreme,0.15,3,True,0.0474705696105957,0.013860702514648438,False,0.06522488594055176,0.0915747657418251,0.03137124702334404,0.301543653011322,0.8653071522712708
visformer_small,19,ILSVRC2012_val_00000809.JPEG,score_deviation_extreme,0.15,3,True,0.20407724380493164,0.07671263813972473,False,0.037172138690948486,0.0822422206401825,0.025225667282938957,0.7275693416595459,1.2958083152770996
visformer_small,20,ILSVRC2012_val_00000871.JPEG,score_deviation_extreme,0.15,3,True,0.012394905090332031,0.00633278489112854,False,0.057547688484191895,0.11611653864383698,0.05034558102488518,0.35417813062667847,1.1095762252807617
visformer_small,21,ILSVRC2012_val_00000890.JPEG,score_deviation_extreme,0.15,3,True,-0.2236776351928711,-0.05742877721786499,False,0.048001766204833984,0.0712757259607315,0.042170796543359756,0.3401698172092438,0.6702785491943359
visformer_small,22,ILSVRC2012_val_00000989.JPEG,score_deviation_extreme,0.15,3,True,0.13158607482910156,0.03658419847488403,False,0.02084493637084961,0.10269760340452194,0.03484608978033066,0.49380892515182495,0.9497420191764832
visformer_small,23,ILSVRC2012_val_00001094.JPEG,score_deviation_extreme,0.15,3,True,0.22972917556762695,0.06462410092353821,False,0.027774691581726074,0.08310585469007492,0.026839660480618477,0.41119056940078735,0.7370697855949402
visformer_small,24,ILSVRC2012_val_00001115.JPEG,high_score_extreme,0.15,0,True,-0.14997386932373047,-0.04676026105880737,False,0.04468965530395508,0.20119431614875793,0.07302958518266678,0.523036777973175,0.9921062588691711
visformer_small,25,ILSVRC2012_val_00001343.JPEG,high_score_extreme,0.15,0,True,-0.3363056182861328,-0.08008916676044464,False,0.02976536750793457,0.22955965995788574,0.10591711848974228,0.591493546962738,0.6647824048995972
visformer_small,26,ILSVRC2012_val_00001379.JPEG,high_score_extreme,0.15,0,True,0.23789024353027344,0.0943405032157898,False,0.05237770080566406,0.2465496063232422,0.058875858783721924,0.6360299587249756,1.3146097660064697
visformer_small,27,ILSVRC2012_val_00001425.JPEG,high_score_extreme,0.15,0,True,-0.5526113510131836,-0.14804182946681976,False,0.05436122417449951,0.15570864081382751,0.05195872485637665,-0.06393907964229584,0.3633168339729309
visformer_small,28,ILSVRC2012_val_00001434.JPEG,high_score_extreme,0.15,0,True,-0.25221824645996094,-0.06316033005714417,False,0.05753892660140991,0.25968170166015625,0.08140481263399124,0.1830836832523346,0.39133304357528687
visformer_small,29,ILSVRC2012_val_00001435.JPEG,high_score_extreme,0.15,0,True,0.2095646858215332,0.04816499352455139,False,0.04795658588409424,0.1894766241312027,0.06971673667430878,0.2223123162984848,0.8437818288803101
visformer_small,30,ILSVRC2012_val_00001512.JPEG,high_score_extreme,0.15,0,True,0.10172843933105469,0.02268168330192566,False,0.03723597526550293,0.19377106428146362,0.062493253499269485,0.31825071573257446,0.6262954473495483
visformer_small,31,ILSVRC2012_val_00001537.JPEG,high_score_extreme,0.15,0,True,-0.20511198043823242,-0.060026079416275024,False,0.037570178508758545,0.17161710560321808,0.056749116629362106,0.1917165219783783,0.6414104104042053
visformer_small,24,ILSVRC2012_val_00001115.JPEG,high_score_extreme,0.15,1,True,-0.14997386932373047,-0.04676026105880737,False,0.04468965530395508,0.20119431614875793,0.07302958518266678,0.523036777973175,0.9921062588691711
visformer_small,25,ILSVRC2012_val_00001343.JPEG,high_score_extreme,0.15,1,True,-0.3363056182861328,-0.08008916676044464,False,0.02976536750793457,0.22955965995788574,0.10591711848974228,0.591493546962738,0.6647824048995972
visformer_small,26,ILSVRC2012_val_00001379.JPEG,high_score_extreme,0.15,1,True,0.23789024353027344,0.0943405032157898,False,0.05237770080566406,0.2465496063232422,0.058875858783721924,0.6360299587249756,1.3146097660064697
visformer_small,27,ILSVRC2012_val_00001425.JPEG,high_score_extreme,0.15,1,True,-0.5526113510131836,-0.14804182946681976,False,0.05436122417449951,0.15570864081382751,0.05195872485637665,-0.06393907964229584,0.3633168339729309
visformer_small,28,ILSVRC2012_val_00001434.JPEG,high_score_extreme,0.15,1,True,-0.25221824645996094,-0.06316033005714417,False,0.05753892660140991,0.25968170166015625,0.08140481263399124,0.1830836683511734,0.39133304357528687
visformer_small,29,ILSVRC2012_val_00001435.JPEG,high_score_extreme,0.15,1,True,0.2095646858215332,0.04816499352455139,False,0.04795658588409424,0.1894766241312027,0.06971673667430878,0.2223123013973236,0.8437818884849548
visformer_small,30,ILSVRC2012_val_00001512.JPEG,high_score_extreme,0.15,1,True,0.10172843933105469,0.02268168330192566,False,0.03723597526550293,0.19377106428146362,0.062493253499269485,0.31825074553489685,0.6262954473495483
visformer_small,31,ILSVRC2012_val_00001537.JPEG,high_score_extreme,0.15,1,True,-0.20511198043823242,-0.060026079416275024,False,0.037570178508758545,0.17161710560321808,0.056749116629362106,0.1917165219783783,0.6414104104042053
visformer_small,24,ILSVRC2012_val_00001115.JPEG,high_score_extreme,0.15,2,True,-0.14997386932373047,-0.04676026105880737,False,0.04468965530395508,0.20119431614875793,0.07302958518266678,0.5230368375778198,0.9921062588691711
visformer_small,25,ILSVRC2012_val_00001343.JPEG,high_score_extreme,0.15,2,True,-0.3363056182861328,-0.08008916676044464,False,0.02976536750793457,0.22955965995788574,0.10591711848974228,0.591493546962738,0.6647824048995972
visformer_small,26,ILSVRC2012_val_00001379.JPEG,high_score_extreme,0.15,2,True,0.23789024353027344,0.0943405032157898,False,0.05237770080566406,0.2465496063232422,0.058875858783721924,0.6360299587249756,1.3146097660064697
visformer_small,27,ILSVRC2012_val_00001425.JPEG,high_score_extreme,0.15,2,True,-0.5526113510131836,-0.14804182946681976,False,0.05436122417449951,0.15570864081382751,0.05195872485637665,-0.06393907964229584,0.3633168339729309
visformer_small,28,ILSVRC2012_val_00001434.JPEG,high_score_extreme,0.15,2,True,-0.25221824645996094,-0.06316033005714417,False,0.05753892660140991,0.25968170166015625,0.08140481263399124,0.1830836683511734,0.39133304357528687
visformer_small,29,ILSVRC2012_val_00001435.JPEG,high_score_extreme,0.15,2,True,0.2095646858215332,0.04816499352455139,False,0.04795658588409424,0.1894766241312027,0.06971673667430878,0.2223123013973236,0.8437818288803101
visformer_small,30,ILSVRC2012_val_00001512.JPEG,high_score_extreme,0.15,2,True,0.10172843933105469,0.02268168330192566,False,0.03723597526550293,0.19377106428146362,0.062493253499269485,0.31825074553489685,0.6262954473495483
visformer_small,31,ILSVRC2012_val_00001537.JPEG,high_score_extreme,0.15,2,True,-0.20511198043823242,-0.060026079416275024,False,0.037570178508758545,0.17161710560321808,0.056749116629362106,0.1917165219783783,0.6414104104042053
visformer_small,24,ILSVRC2012_val_00001115.JPEG,high_score_extreme,0.15,3,True,-0.14997386932373047,-0.04676026105880737,False,0.04468965530395508,0.20119431614875793,0.07302958518266678,0.523036777973175,0.9921062588691711
visformer_small,25,ILSVRC2012_val_00001343.JPEG,high_score_extreme,0.15,3,True,-0.3363056182861328,-0.08008916676044464,False,0.02976536750793457,0.22955965995788574,0.10591711848974228,0.591493546962738,0.6647824048995972
visformer_small,26,ILSVRC2012_val_00001379.JPEG,high_score_extreme,0.15,3,True,0.23789024353027344,0.0943405032157898,False,0.05237770080566406,0.2465496063232422,0.058875858783721924,0.6360299587249756,1.3146097660064697
visformer_small,27,ILSVRC2012_val_00001425.JPEG,high_score_extreme,0.15,3,True,-0.5526113510131836,-0.14804182946681976,False,0.05436122417449951,0.15570864081382751,0.05195872485637665,-0.06393907964229584,0.3633168339729309
visformer_small,28,ILSVRC2012_val_00001434.JPEG,high_score_extreme,0.15,3,True,-0.25221824645996094,-0.06316033005714417,False,0.05753892660140991,0.25968170166015625,0.08140481263399124,0.1830836683511734,0.39133304357528687
visformer_small,29,ILSVRC2012_val_00001435.JPEG,high_score_extreme,0.15,3,True,0.2095646858215332,0.04816499352455139,False,0.04795658588409424,0.1894766241312027,0.06971673667430878,0.2223123013973236,0.8437818288803101
visformer_small,30,ILSVRC2012_val_00001512.JPEG,high_score_extreme,0.15,3,True,0.10172843933105469,0.02268168330192566,False,0.03723597526550293,0.19377106428146362,0.062493253499269485,0.31825074553489685,0.6262954473495483
visformer_small,31,ILSVRC2012_val_00001537.JPEG,high_score_extreme,0.15,3,True,-0.20511198043823242,-0.060026079416275024,False,0.037570178508758545,0.17161710560321808,0.056749116629362106,0.1917165219783783,0.6414104104042053
visformer_small,24,ILSVRC2012_val_00001115.JPEG,low_score_extreme,0.15,0,True,0.008400917053222656,0.00914156436920166,False,0.06747502088546753,0.09139184653759003,0.03142494708299637,0.4840577244758606,1.2728279829025269
visformer_small,25,ILSVRC2012_val_00001343.JPEG,low_score_extreme,0.15,0,True,-0.13360118865966797,-0.034502387046813965,False,0.036987483501434326,0.08882748335599899,0.037536948919296265,0.45782938599586487,0.8534125685691833
visformer_small,26,ILSVRC2012_val_00001379.JPEG,low_score_extreme,0.15,0,True,0.1490616798400879,0.06551891565322876,False,0.05579674243927002,0.08262398093938828,0.03319937363266945,0.772257924079895,1.2882989645004272
visformer_small,27,ILSVRC2012_val_00001425.JPEG,low_score_extreme,0.15,0,True,-0.39783287048339844,-0.10929423570632935,False,0.042739272117614746,0.0872792899608612,0.04907471314072609,0.2934270203113556,0.3126228451728821
visformer_small,28,ILSVRC2012_val_00001434.JPEG,low_score_extreme,0.15,0,True,-0.057514190673828125,-0.02364632487297058,False,0.025684654712677002,0.06438299268484116,0.03977036848664284,0.22532284259796143,0.5348792672157288
visformer_small,29,ILSVRC2012_val_00001435.JPEG,low_score_extreme,0.15,0,True,0.14041852951049805,0.033701926469802856,False,0.07161140441894531,0.09582957625389099,0.03499380126595497,0.2846134305000305,0.9317294359207153
visformer_small,30,ILSVRC2012_val_00001512.JPEG,low_score_extreme,0.15,0,True,-0.10301971435546875,-0.036717355251312256,False,0.032838404178619385,0.07320399582386017,0.02638416178524494,0.2579616904258728,0.5366774201393127
visformer_small,31,ILSVRC2012_val_00001537.JPEG,low_score_extreme,0.15,0,True,0.0242767333984375,0.002298593521118164,False,0.04716753959655762,0.0781465470790863,0.02428232505917549,0.2730948328971863,0.7452781200408936
visformer_small,24,ILSVRC2012_val_00001115.JPEG,low_score_extreme,0.15,1,True,0.008400917053222656,0.00914156436920166,False,0.06747502088546753,0.09139184653759003,0.03142494708299637,0.4840577244758606,1.2728279829025269
visformer_small,25,ILSVRC2012_val_00001343.JPEG,low_score_extreme,0.15,1,True,-0.13360118865966797,-0.034502387046813965,False,0.036987483501434326,0.08882748335599899,0.037536948919296265,0.4578293561935425,0.8534126877784729
visformer_small,26,ILSVRC2012_val_00001379.JPEG,low_score_extreme,0.15,1,True,0.1490616798400879,0.06551891565322876,False,0.05579674243927002,0.08262398093938828,0.03319937363266945,0.772257924079895,1.2882989645004272
visformer_small,27,ILSVRC2012_val_00001425.JPEG,low_score_extreme,0.15,1,True,-0.39783287048339844,-0.10929423570632935,False,0.042739272117614746,0.0872792899608612,0.04907471314072609,0.293427050113678,0.3126228451728821
visformer_small,28,ILSVRC2012_val_00001434.JPEG,low_score_extreme,0.15,1,True,-0.057514190673828125,-0.02364632487297058,False,0.025684654712677002,0.06438299268484116,0.03977036848664284,0.22532284259796143,0.5348792672157288
visformer_small,29,ILSVRC2012_val_00001435.JPEG,low_score_extreme,0.15,1,True,0.14041852951049805,0.033701926469802856,False,0.07161140441894531,0.09582957625389099,0.03499380126595497,0.2846134305000305,0.9317294359207153
visformer_small,30,ILSVRC2012_val_00001512.JPEG,low_score_extreme,0.15,1,True,-0.10301971435546875,-0.036717355251312256,False,0.032838404178619385,0.07320399582386017,0.02638416178524494,0.2579616904258728,0.5366774201393127
visformer_small,31,ILSVRC2012_val_00001537.JPEG,low_score_extreme,0.15,1,True,0.0242767333984375,0.002298593521118164,False,0.04716753959655762,0.0781465470790863,0.02428232505917549,0.2730948328971863,0.7452781200408936
visformer_small,24,ILSVRC2012_val_00001115.JPEG,low_score_extreme,0.15,2,True,0.008400917053222656,0.00914156436920166,False,0.06747502088546753,0.09139184653759003,0.03142494708299637,0.4840577244758606,1.2728279829025269
visformer_small,25,ILSVRC2012_val_00001343.JPEG,low_score_extreme,0.15,2,True,-0.13360118865966797,-0.034502387046813965,False,0.036987483501434326,0.08882748335599899,0.037536948919296265,0.45782938599586487,0.8534126281738281
visformer_small,26,ILSVRC2012_val_00001379.JPEG,low_score_extreme,0.15,2,True,0.1490616798400879,0.06551891565322876,False,0.05579674243927002,0.08262398093938828,0.03319937363266945,0.772257924079895,1.2882989645004272
visformer_small,27,ILSVRC2012_val_00001425.JPEG,low_score_extreme,0.15,2,True,-0.39783287048339844,-0.10929423570632935,False,0.042739272117614746,0.0872792899608612,0.04907471314072609,0.2934270203113556,0.3126228451728821
visformer_small,28,ILSVRC2012_val_00001434.JPEG,low_score_extreme,0.15,2,True,-0.057514190673828125,-0.02364632487297058,False,0.025684654712677002,0.06438299268484116,0.03977036848664284,0.22532282769680023,0.5348793268203735
visformer_small,29,ILSVRC2012_val_00001435.JPEG,low_score_extreme,0.15,2,True,0.14041852951049805,0.033701926469802856,False,0.07161140441894531,0.09582957625389099,0.03499380126595497,0.2846134305000305,0.9317294359207153
visformer_small,30,ILSVRC2012_val_00001512.JPEG,low_score_extreme,0.15,2,True,-0.10301971435546875,-0.036717355251312256,False,0.032838404178619385,0.07320399582386017,0.02638416178524494,0.2579616904258728,0.5366774201393127
visformer_small,31,ILSVRC2012_val_00001537.JPEG,low_score_extreme,0.15,2,True,0.0242767333984375,0.002298593521118164,False,0.04716753959655762,0.0781465470790863,0.02428232505917549,0.2730948328971863,0.7452781796455383
visformer_small,24,ILSVRC2012_val_00001115.JPEG,low_score_extreme,0.15,3,True,0.008400917053222656,0.00914156436920166,False,0.06747502088546753,0.09139184653759003,0.03142494708299637,0.4840577244758606,1.2728279829025269
visformer_small,25,ILSVRC2012_val_00001343.JPEG,low_score_extreme,0.15,3,True,-0.13360118865966797,-0.034502387046813965,False,0.036987483501434326,0.08882748335599899,0.037536948919296265,0.4578293561935425,0.8534126877784729
visformer_small,26,ILSVRC2012_val_00001379.JPEG,low_score_extreme,0.15,3,True,0.1490616798400879,0.06551891565322876,False,0.05579674243927002,0.08262398093938828,0.03319937363266945,0.772257924079895,1.2882989645004272
visformer_small,27,ILSVRC2012_val_00001425.JPEG,low_score_extreme,0.15,3,True,-0.39783287048339844,-0.10929423570632935,False,0.042739272117614746,0.0872792899608612,0.04907471314072609,0.293427050113678,0.3126228451728821
visformer_small,28,ILSVRC2012_val_00001434.JPEG,low_score_extreme,0.15,3,True,-0.057514190673828125,-0.02364632487297058,False,0.025684654712677002,0.06438299268484116,0.03977036848664284,0.22532284259796143,0.5348792672157288
visformer_small,29,ILSVRC2012_val_00001435.JPEG,low_score_extreme,0.15,3,True,0.14041852951049805,0.033701926469802856,False,0.07161140441894531,0.09582957625389099,0.03499380126595497,0.2846134305000305,0.9317294359207153
visformer_small,30,ILSVRC2012_val_00001512.JPEG,low_score_extreme,0.15,3,True,-0.10301971435546875,-0.036717355251312256,False,0.032838404178619385,0.07320399582386017,0.02638416178524494,0.2579616904258728,0.5366774201393127
visformer_small,31,ILSVRC2012_val_00001537.JPEG,low_score_extreme,0.15,3,True,0.0242767333984375,0.002298593521118164,False,0.04716753959655762,0.0781465470790863,0.02428232505917549,0.2730948328971863,0.7452781796455383
visformer_small,24,ILSVRC2012_val_00001115.JPEG,random_uniform,0.15,0,True,-0.009213447570800781,-0.0031374990940093994,False,0.028028786182403564,0.11871442198753357,0.03780045732855797,0.4640082120895386,1.0975143909454346
visformer_small,25,ILSVRC2012_val_00001343.JPEG,random_uniform,0.15,0,True,-0.2908954620361328,-0.06728307902812958,False,0.04103386402130127,0.17625607550144196,0.07752028107643127,0.5659418106079102,0.8047112226486206
visformer_small,26,ILSVRC2012_val_00001379.JPEG,random_uniform,0.15,0,True,0.3356752395629883,0.16352587938308716,False,0.05947864055633545,0.18702462315559387,0.052254628390073776,0.6535700559616089,1.8339462280273438
visformer_small,27,ILSVRC2012_val_00001425.JPEG,random_uniform,0.15,0,True,-0.4008035659790039,-0.11122500896453857,False,0.05332595109939575,0.14761696755886078,0.05305124446749687,0.21832352876663208,0.34865063428878784
visformer_small,28,ILSVRC2012_val_00001434.JPEG,random_uniform,0.15,0,True,-0.04701423645019531,-0.018317848443984985,False,0.03674280643463135,0.16771073639392853,0.049359578639268875,-0.01665753498673439,0.5208895802497864
visformer_small,29,ILSVRC2012_val_00001435.JPEG,random_uniform,0.15,0,True,-0.085235595703125,-0.01953767240047455,False,0.07158434391021729,0.189261794090271,0.06631208956241608,0.19587749242782593,0.7755670547485352
visformer_small,30,ILSVRC2012_val_00001512.JPEG,random_uniform,0.15,0,True,0.12519550323486328,0.026379048824310303,False,0.03099215030670166,0.14050252735614777,0.041311394423246384,0.23231196403503418,0.7926527857780457
visformer_small,31,ILSVRC2012_val_00001537.JPEG,random_uniform,0.15,0,True,-0.05021810531616211,-0.019612401723861694,False,0.048203110694885254,0.12272906303405762,0.04739602655172348,0.18603983521461487,0.9816986322402954
visformer_small,24,ILSVRC2012_val_00001115.JPEG,random_uniform,0.15,1,True,0.018066883087158203,0.017934441566467285,False,0.04229104518890381,0.1507372409105301,0.05254306644201279,0.5071527361869812,1.1415208578109741
visformer_small,25,ILSVRC2012_val_00001343.JPEG,random_uniform,0.15,1,True,-0.0815877914428711,-0.021070867776870728,False,0.040865421295166016,0.17640917003154755,0.06296679377555847,0.4794493317604065,0.8863696455955505
visformer_small,26,ILSVRC2012_val_00001379.JPEG,random_uniform,0.15,1,True,-0.22760391235351562,-0.07951194047927856,False,0.05607926845550537,0.21503981947898865,0.056078020483255386,0.6787043809890747,0.8786497116088867
visformer_small,27,ILSVRC2012_val_00001425.JPEG,random_uniform,0.15,1,True,-0.17179203033447266,-0.05804002285003662,False,0.04668140411376953,0.12730936706066132,0.04087531939148903,0.18893113732337952,0.40817564725875854
visformer_small,28,ILSVRC2012_val_00001434.JPEG,random_uniform,0.15,1,True,-0.0418853759765625,-0.02340257167816162,False,0.04104965925216675,0.16531458497047424,0.05959148332476616,-0.1021224856376648,0.547002375125885
visformer_small,29,ILSVRC2012_val_00001435.JPEG,random_uniform,0.15,1,True,0.3606910705566406,0.08862254023551941,False,0.05299794673919678,0.17768676578998566,0.05564529821276665,0.23613214492797852,1.1032750606536865
visformer_small,30,ILSVRC2012_val_00001512.JPEG,random_uniform,0.15,1,True,0.05010414123535156,0.009460687637329102,False,0.04251110553741455,0.13269054889678955,0.03582237288355827,0.25548791885375977,0.5835171341896057
visformer_small,31,ILSVRC2012_val_00001537.JPEG,random_uniform,0.15,1,True,0.014893054962158203,0.00570446252822876,False,0.049381911754608154,0.1766977310180664,0.0504533052444458,0.2745077311992645,0.7370139360427856
visformer_small,24,ILSVRC2012_val_00001115.JPEG,random_uniform,0.15,2,True,-0.14425325393676758,-0.03641754388809204,False,0.047149062156677246,0.14532382786273956,0.046541936695575714,0.31711745262145996,1.203287959098816
visformer_small,25,ILSVRC2012_val_00001343.JPEG,random_uniform,0.15,2,True,-0.27944278717041016,-0.06638582050800323,False,0.02513951063156128,0.14689218997955322,0.06127510964870453,0.49884775280952454,0.8153999447822571
visformer_small,26,ILSVRC2012_val_00001379.JPEG,random_uniform,0.15,2,True,-0.3334474563598633,-0.07016056776046753,False,0.07544982433319092,0.21006326377391815,0.0683082789182663,0.6295006275177002,0.9767870306968689
visformer_small,27,ILSVRC2012_val_00001425.JPEG,random_uniform,0.15,2,True,-0.5071239471435547,-0.13544005155563354,False,0.046324849128723145,0.12214314937591553,0.0494706816971302,0.18405206501483917,0.3004992604255676
visformer_small,28,ILSVRC2012_val_00001434.JPEG,random_uniform,0.15,2,True,0.31695985794067383,0.08074921369552612,False,0.04896354675292969,0.19335751235485077,0.06418526917695999,-0.083423912525177,0.8501113653182983
visformer_small,29,ILSVRC2012_val_00001435.JPEG,random_uniform,0.15,2,True,0.07503318786621094,0.012810766696929932,False,0.049394965171813965,0.19693730771541595,0.07762365788221359,0.3138655126094818,0.7417290210723877
visformer_small,30,ILSVRC2012_val_00001512.JPEG,random_uniform,0.15,2,True,-0.06800079345703125,-0.015929102897644043,False,0.040700316429138184,0.14405381679534912,0.047911759465932846,0.22002995014190674,0.664708137512207
visformer_small,31,ILSVRC2012_val_00001537.JPEG,random_uniform,0.15,2,True,0.044347286224365234,0.011860817670822144,False,0.048313796520233154,0.13380657136440277,0.038770511746406555,0.24661239981651306,0.7585088610649109
visformer_small,24,ILSVRC2012_val_00001115.JPEG,random_uniform,0.15,3,True,-0.21347904205322266,-0.05316084623336792,False,0.05194079875946045,0.22244343161582947,0.05508837476372719,0.41713327169418335,1.3692243099212646
visformer_small,25,ILSVRC2012_val_00001343.JPEG,random_uniform,0.15,3,True,-0.22724533081054688,-0.0562380850315094,False,0.03879445791244507,0.19100020825862885,0.08724875748157501,0.5696913599967957,0.7733294367790222
visformer_small,26,ILSVRC2012_val_00001379.JPEG,random_uniform,0.15,3,True,0.35927391052246094,0.1798464059829712,False,0.06571537256240845,0.17134612798690796,0.042951926589012146,0.6038418412208557,1.7675824165344238
visformer_small,27,ILSVRC2012_val_00001425.JPEG,random_uniform,0.15,3,True,-0.190185546875,-0.06002771854400635,False,0.047232747077941895,0.1583351492881775,0.05013052746653557,-0.03759963437914848,0.49810850620269775
visformer_small,28,ILSVRC2012_val_00001434.JPEG,random_uniform,0.15,3,True,-0.28749942779541016,-0.06634990870952606,False,0.056710124015808105,0.19126388430595398,0.05404885858297348,0.17403286695480347,0.4523855447769165
visformer_small,29,ILSVRC2012_val_00001435.JPEG,random_uniform,0.15,3,True,0.21130132675170898,0.04931846261024475,False,0.05435454845428467,0.16049428284168243,0.049949511885643005,0.345909059047699,0.8679682016372681
visformer_small,30,ILSVRC2012_val_00001512.JPEG,random_uniform,0.15,3,True,0.08731269836425781,0.02861383557319641,False,0.03982269763946533,0.1628846377134323,0.046051107347011566,0.2709462642669678,0.7466293573379517
visformer_small,31,ILSVRC2012_val_00001537.JPEG,random_uniform,0.15,3,True,-0.04578351974487305,-0.014579564332962036,False,0.0568537712097168,0.15731003880500793,0.051121827214956284,0.1597740650177002,0.7261071801185608
visformer_small,24,ILSVRC2012_val_00001115.JPEG,score_deviation_extreme,0.15,0,True,0.008400917053222656,0.00914156436920166,False,0.06747502088546753,0.09139184653759003,0.03142494708299637,0.4840577244758606,1.2728279829025269
visformer_small,25,ILSVRC2012_val_00001343.JPEG,score_deviation_extreme,0.15,0,True,-0.2595405578613281,-0.06551772356033325,False,0.023020803928375244,0.12206560373306274,0.06862472742795944,0.6393109560012817,0.7198423147201538
visformer_small,26,ILSVRC2012_val_00001379.JPEG,score_deviation_extreme,0.15,0,True,0.1490616798400879,0.06551891565322876,False,0.05579674243927002,0.08262398093938828,0.03319937363266945,0.772257924079895,1.2882989645004272
visformer_small,27,ILSVRC2012_val_00001425.JPEG,score_deviation_extreme,0.15,0,True,-0.39783287048339844,-0.10929423570632935,False,0.042739272117614746,0.0872792899608612,0.04907471314072609,0.2934270203113556,0.3126228451728821
visformer_small,28,ILSVRC2012_val_00001434.JPEG,score_deviation_extreme,0.15,0,True,-0.12759685516357422,-0.04198533296585083,False,0.03861546516418457,0.07919415086507797,0.038433775305747986,0.2504178285598755,0.3966851830482483
visformer_small,29,ILSVRC2012_val_00001435.JPEG,score_deviation_extreme,0.15,0,True,0.14041852951049805,0.033701926469802856,False,0.07161140441894531,0.09582957625389099,0.03499380126595497,0.2846134305000305,0.9317294359207153
visformer_small,30,ILSVRC2012_val_00001512.JPEG,score_deviation_extreme,0.15,0,True,-0.10301971435546875,-0.036717355251312256,False,0.032838404178619385,0.07320399582386017,0.02638416178524494,0.2579616904258728,0.5366774201393127
visformer_small,31,ILSVRC2012_val_00001537.JPEG,score_deviation_extreme,0.15,0,True,-0.3307056427001953,-0.07914751768112183,False,0.08057212829589844,0.11212081462144852,0.026894444599747658,0.10691928118467331,2.039536476135254
visformer_small,24,ILSVRC2012_val_00001115.JPEG,score_deviation_extreme,0.15,1,True,0.008400917053222656,0.00914156436920166,False,0.06747502088546753,0.09139184653759003,0.03142494708299637,0.4840577244758606,1.2728279829025269
visformer_small,25,ILSVRC2012_val_00001343.JPEG,score_deviation_extreme,0.15,1,True,-0.2595405578613281,-0.06551772356033325,False,0.023020803928375244,0.12206560373306274,0.06862472742795944,0.6393110156059265,0.7198423147201538
visformer_small,26,ILSVRC2012_val_00001379.JPEG,score_deviation_extreme,0.15,1,True,0.1490616798400879,0.06551891565322876,False,0.05579674243927002,0.08262398093938828,0.03319937363266945,0.772257924079895,1.2882989645004272
visformer_small,27,ILSVRC2012_val_00001425.JPEG,score_deviation_extreme,0.15,1,True,-0.39783287048339844,-0.10929423570632935,False,0.042739272117614746,0.0872792899608612,0.04907471314072609,0.2934269905090332,0.31262287497520447
visformer_small,28,ILSVRC2012_val_00001434.JPEG,score_deviation_extreme,0.15,1,True,-0.12759685516357422,-0.04198533296585083,False,0.03861546516418457,0.07919415086507797,0.038433775305747986,0.2504178285598755,0.3966851830482483
visformer_small,29,ILSVRC2012_val_00001435.JPEG,score_deviation_extreme,0.15,1,True,0.14041852951049805,0.033701926469802856,False,0.07161140441894531,0.09582957625389099,0.03499380126595497,0.2846134305000305,0.9317294359207153
visformer_small,30,ILSVRC2012_val_00001512.JPEG,score_deviation_extreme,0.15,1,True,-0.10301971435546875,-0.036717355251312256,False,0.032838404178619385,0.07320399582386017,0.02638416178524494,0.2579616904258728,0.5366774201393127
visformer_small,31,ILSVRC2012_val_00001537.JPEG,score_deviation_extreme,0.15,1,True,-0.3307056427001953,-0.07914751768112183,False,0.08057212829589844,0.11212081462144852,0.026894444599747658,0.10691927373409271,2.039536476135254
visformer_small,24,ILSVRC2012_val_00001115.JPEG,score_deviation_extreme,0.15,2,True,0.008400917053222656,0.00914156436920166,False,0.06747502088546753,0.09139184653759003,0.03142494708299637,0.4840577244758606,1.2728279829025269
visformer_small,25,ILSVRC2012_val_00001343.JPEG,score_deviation_extreme,0.15,2,True,-0.2595405578613281,-0.06551772356033325,False,0.023020803928375244,0.12206560373306274,0.06862472742795944,0.6393110156059265,0.7198423147201538
visformer_small,26,ILSVRC2012_val_00001379.JPEG,score_deviation_extreme,0.15,2,True,0.1490616798400879,0.06551891565322876,False,0.05579674243927002,0.08262398093938828,0.03319937363266945,0.772257924079895,1.2882989645004272
visformer_small,27,ILSVRC2012_val_00001425.JPEG,score_deviation_extreme,0.15,2,True,-0.39783287048339844,-0.10929423570632935,False,0.042739272117614746,0.0872792899608612,0.04907471314072609,0.2934270203113556,0.3126228451728821
visformer_small,28,ILSVRC2012_val_00001434.JPEG,score_deviation_extreme,0.15,2,True,-0.12759685516357422,-0.04198533296585083,False,0.03861546516418457,0.07919415086507797,0.038433775305747986,0.2504178285598755,0.3966851830482483
visformer_small,29,ILSVRC2012_val_00001435.JPEG,score_deviation_extreme,0.15,2,True,0.14041852951049805,0.033701926469802856,False,0.07161140441894531,0.09582957625389099,0.03499380126595497,0.2846134305000305,0.9317294359207153
visformer_small,30,ILSVRC2012_val_00001512.JPEG,score_deviation_extreme,0.15,2,True,-0.10301971435546875,-0.036717355251312256,False,0.032838404178619385,0.07320399582386017,0.02638416178524494,0.2579616904258728,0.5366774201393127
visformer_small,31,ILSVRC2012_val_00001537.JPEG,score_deviation_extreme,0.15,2,True,-0.3307056427001953,-0.07914751768112183,False,0.08057212829589844,0.11212081462144852,0.026894444599747658,0.10691927373409271,2.039536476135254
visformer_small,24,ILSVRC2012_val_00001115.JPEG,score_deviation_extreme,0.15,3,True,0.008400917053222656,0.00914156436920166,False,0.06747502088546753,0.09139184653759003,0.03142494708299637,0.4840577244758606,1.2728279829025269
visformer_small,25,ILSVRC2012_val_00001343.JPEG,score_deviation_extreme,0.15,3,True,-0.2595405578613281,-0.06551772356033325,False,0.023020803928375244,0.12206560373306274,0.06862472742795944,0.6393109560012817,0.7198423147201538
visformer_small,26,ILSVRC2012_val_00001379.JPEG,score_deviation_extreme,0.15,3,True,0.1490616798400879,0.06551891565322876,False,0.05579674243927002,0.08262398093938828,0.03319937363266945,0.772257924079895,1.2882989645004272
visformer_small,27,ILSVRC2012_val_00001425.JPEG,score_deviation_extreme,0.15,3,True,-0.39783287048339844,-0.10929423570632935,False,0.042739272117614746,0.0872792899608612,0.04907471314072609,0.2934270203113556,0.3126228451728821
visformer_small,28,ILSVRC2012_val_00001434.JPEG,score_deviation_extreme,0.15,3,True,-0.12759685516357422,-0.04198533296585083,False,0.03861546516418457,0.07919415086507797,0.038433775305747986,0.2504178285598755,0.3966851830482483
visformer_small,29,ILSVRC2012_val_00001435.JPEG,score_deviation_extreme,0.15,3,True,0.14041852951049805,0.033701926469802856,False,0.07161140441894531,0.09582957625389099,0.03499380126595497,0.2846134305000305,0.9317294359207153
visformer_small,30,ILSVRC2012_val_00001512.JPEG,score_deviation_extreme,0.15,3,True,-0.10301971435546875,-0.036717355251312256,False,0.032838404178619385,0.07320399582386017,0.02638416178524494,0.2579616904258728,0.5366774201393127
visformer_small,31,ILSVRC2012_val_00001537.JPEG,score_deviation_extreme,0.15,3,True,-0.3307056427001953,-0.07914751768112183,False,0.08057212829589844,0.11212081462144852,0.026894444599747658,0.10691927373409271,2.039536476135254
visformer_small,32,ILSVRC2012_val_00001570.JPEG,high_score_extreme,0.15,0,True,-0.04171943664550781,-0.006398797035217285,False,0.05787801742553711,0.20502831041812897,0.06911517679691315,0.14124837517738342,0.4595625102519989
visformer_small,33,ILSVRC2012_val_00001638.JPEG,high_score_extreme,0.15,0,True,0.037444114685058594,0.01177641749382019,False,0.03801560401916504,0.18186073005199432,0.06905600428581238,0.33428841829299927,0.6770965456962585
visformer_small,34,ILSVRC2012_val_00001642.JPEG,high_score_extreme,0.15,0,True,-0.13182783126831055,-0.004745662212371826,False,0.06202906370162964,0.17962072789669037,0.05355561524629593,0.3804783821105957,1.1506857872009277
visformer_small,35,ILSVRC2012_val_00001645.JPEG,high_score_extreme,0.15,0,True,0.5681118965148926,0.23232442140579224,False,0.09093809127807617,0.22448785603046417,0.09447438269853592,0.3173889219760895,1.8575689792633057
visformer_small,36,ILSVRC2012_val_00001648.JPEG,high_score_extreme,0.15,0,True,0.24225997924804688,0.038565799593925476,False,0.06409037113189697,0.22952868044376373,0.08469206839799881,0.33973270654678345,2.821866035461426
visformer_small,37,ILSVRC2012_val_00001655.JPEG,high_score_extreme,0.15,0,True,0.22528457641601562,0.04851146042346954,False,0.05531966686248779,0.22920139133930206,0.0719180703163147,0.09186094254255295,0.781501054763794
visformer_small,38,ILSVRC2012_val_00001659.JPEG,high_score_extreme,0.15,0,True,-0.09780216217041016,-0.02179771661758423,False,0.03695434331893921,0.21849457919597626,0.057581301778554916,0.17214259505271912,0.9740434288978577
visformer_small,39,ILSVRC2012_val_00001689.JPEG,high_score_extreme,0.15,0,True,-0.4492783546447754,-0.13435927033424377,False,0.050567030906677246,0.15004591643810272,0.037464041262865067,0.40262991189956665,0.4356275498867035
visformer_small,32,ILSVRC2012_val_00001570.JPEG,high_score_extreme,0.15,1,True,-0.04171943664550781,-0.006398797035217285,False,0.05787801742553711,0.20502831041812897,0.06911517679691315,0.14124837517738342,0.4595625102519989
visformer_small,33,ILSVRC2012_val_00001638.JPEG,high_score_extreme,0.15,1,True,0.037444114685058594,0.01177641749382019,False,0.03801560401916504,0.18186073005199432,0.06905600428581238,0.33428841829299927,0.6770965456962585
visformer_small,34,ILSVRC2012_val_00001642.JPEG,high_score_extreme,0.15,1,True,-0.13182783126831055,-0.004745662212371826,False,0.06202906370162964,0.17962072789669037,0.05355561524629593,0.3804783821105957,1.1506857872009277
visformer_small,35,ILSVRC2012_val_00001645.JPEG,high_score_extreme,0.15,1,True,0.5681118965148926,0.23232442140579224,False,0.09093809127807617,0.22448785603046417,0.09447438269853592,0.3173889219760895,1.8575689792633057
visformer_small,36,ILSVRC2012_val_00001648.JPEG,high_score_extreme,0.15,1,True,0.24225997924804688,0.038565799593925476,False,0.06409037113189697,0.22952868044376373,0.08469206839799881,0.33973267674446106,2.821866035461426
visformer_small,37,ILSVRC2012_val_00001655.JPEG,high_score_extreme,0.15,1,True,0.22528457641601562,0.04851146042346954,False,0.05531966686248779,0.22920139133930206,0.0719180703163147,0.09186094254255295,0.781501054763794
visformer_small,38,ILSVRC2012_val_00001659.JPEG,high_score_extreme,0.15,1,True,-0.09780216217041016,-0.02179771661758423,False,0.03695434331893921,0.21849457919597626,0.057581301778554916,0.17214259505271912,0.9740434288978577
visformer_small,39,ILSVRC2012_val_00001689.JPEG,high_score_extreme,0.15,1,True,-0.4492783546447754,-0.13435927033424377,False,0.050567030906677246,0.15004591643810272,0.037464041262865067,0.40262988209724426,0.4356275796890259
visformer_small,32,ILSVRC2012_val_00001570.JPEG,high_score_extreme,0.15,2,True,-0.04171943664550781,-0.006398797035217285,False,0.05787801742553711,0.20502831041812897,0.06911517679691315,0.14124837517738342,0.4595625102519989
visformer_small,33,ILSVRC2012_val_00001638.JPEG,high_score_extreme,0.15,2,True,0.037444114685058594,0.01177641749382019,False,0.03801560401916504,0.18186073005199432,0.06905600428581238,0.33428841829299927,0.6770965456962585
visformer_small,34,ILSVRC2012_val_00001642.JPEG,high_score_extreme,0.15,2,True,-0.13182783126831055,-0.004745662212371826,False,0.06202906370162964,0.17962072789669037,0.05355561524629593,0.3804783821105957,1.1506857872009277
visformer_small,35,ILSVRC2012_val_00001645.JPEG,high_score_extreme,0.15,2,True,0.5681118965148926,0.23232442140579224,False,0.09093809127807617,0.22448785603046417,0.09447438269853592,0.3173889219760895,1.8575689792633057
visformer_small,36,ILSVRC2012_val_00001648.JPEG,high_score_extreme,0.15,2,True,0.24225997924804688,0.038565799593925476,False,0.06409037113189697,0.22952868044376373,0.08469206839799881,0.33973270654678345,2.821866035461426
visformer_small,37,ILSVRC2012_val_00001655.JPEG,high_score_extreme,0.15,2,True,0.22528457641601562,0.04851146042346954,False,0.05531966686248779,0.22920139133930206,0.0719180703163147,0.09186094254255295,0.781501054763794
visformer_small,38,ILSVRC2012_val_00001659.JPEG,high_score_extreme,0.15,2,True,-0.09780216217041016,-0.02179771661758423,False,0.03695434331893921,0.21849457919597626,0.057581301778554916,0.17214259505271912,0.9740434288978577
visformer_small,39,ILSVRC2012_val_00001689.JPEG,high_score_extreme,0.15,2,True,-0.4492783546447754,-0.13435927033424377,False,0.050567030906677246,0.15004591643810272,0.037464041262865067,0.40262991189956665,0.4356275498867035
visformer_small,32,ILSVRC2012_val_00001570.JPEG,high_score_extreme,0.15,3,True,-0.04171943664550781,-0.006398797035217285,False,0.05787801742553711,0.20502831041812897,0.06911517679691315,0.14124837517738342,0.4595625102519989
visformer_small,33,ILSVRC2012_val_00001638.JPEG,high_score_extreme,0.15,3,True,0.037444114685058594,0.01177641749382019,False,0.03801560401916504,0.18186073005199432,0.06905600428581238,0.33428841829299927,0.6770965456962585
visformer_small,34,ILSVRC2012_val_00001642.JPEG,high_score_extreme,0.15,3,True,-0.13182783126831055,-0.004745662212371826,False,0.06202906370162964,0.17962072789669037,0.05355561524629593,0.3804783821105957,1.1506857872009277
visformer_small,35,ILSVRC2012_val_00001645.JPEG,high_score_extreme,0.15,3,True,0.5681118965148926,0.23232442140579224,False,0.09093809127807617,0.22448785603046417,0.09447438269853592,0.3173889219760895,1.8575689792633057
visformer_small,36,ILSVRC2012_val_00001648.JPEG,high_score_extreme,0.15,3,True,0.24225997924804688,0.038565799593925476,False,0.06409037113189697,0.22952868044376373,0.08469206839799881,0.33973267674446106,2.821866035461426
visformer_small,37,ILSVRC2012_val_00001655.JPEG,high_score_extreme,0.15,3,True,0.22528457641601562,0.04851146042346954,False,0.05531966686248779,0.22920139133930206,0.0719180703163147,0.09186093509197235,0.781501054763794
visformer_small,38,ILSVRC2012_val_00001659.JPEG,high_score_extreme,0.15,3,True,-0.09780216217041016,-0.02179771661758423,False,0.03695434331893921,0.21849457919597626,0.057581301778554916,0.17214259505271912,0.9740434288978577
visformer_small,39,ILSVRC2012_val_00001689.JPEG,high_score_extreme,0.15,3,True,-0.4492783546447754,-0.13435927033424377,False,0.050567030906677246,0.15004591643810272,0.037464041262865067,0.4026298522949219,0.4356275796890259
visformer_small,32,ILSVRC2012_val_00001570.JPEG,low_score_extreme,0.15,0,True,-0.1261425018310547,-0.029045075178146362,False,0.04420614242553711,0.10499316453933716,0.03699149936437607,0.20771494507789612,0.5142527222633362
visformer_small,33,ILSVRC2012_val_00001638.JPEG,low_score_extreme,0.15,0,True,-0.0022630691528320312,-0.009589225053787231,False,0.027004599571228027,0.06194213032722473,0.029712270945310593,0.3989632725715637,0.5836948156356812
visformer_small,34,ILSVRC2012_val_00001642.JPEG,low_score_extreme,0.15,0,True,0.003330707550048828,0.04795336723327637,False,0.06981045007705688,0.07829060405492783,0.027761833742260933,0.4857918620109558,0.9244900941848755
visformer_small,35,ILSVRC2012_val_00001645.JPEG,low_score_extreme,0.15,0,True,0.1473855972290039,0.0491030216217041,False,0.06101560592651367,0.08171196281909943,0.03679816424846649,0.5954143404960632,1.1180052757263184
visformer_small,36,ILSVRC2012_val_00001648.JPEG,low_score_extreme,0.15,0,True,0.33962535858154297,0.05540631711483002,False,0.06464684009552002,0.09093980491161346,0.034162737429142,0.6906602382659912,1.4199782609939575
visformer_small,37,ILSVRC2012_val_00001655.JPEG,low_score_extreme,0.15,0,True,0.06340599060058594,0.018285125494003296,False,0.040235698223114014,0.12929819524288177,0.044162120670080185,0.19241058826446533,0.6471703052520752
visformer_small,38,ILSVRC2012_val_00001659.JPEG,low_score_extreme,0.15,0,True,0.2016916275024414,0.04817819595336914,False,0.029904723167419434,0.06263979524374008,0.02153042145073414,0.3752361536026001,0.6738296747207642
visformer_small,39,ILSVRC2012_val_00001689.JPEG,low_score_extreme,0.15,0,True,0.26375246047973633,0.09258174896240234,False,0.0400465726852417,0.0844094455242157,0.025677567347884178,0.20049506425857544,0.6387137770652771
visformer_small,32,ILSVRC2012_val_00001570.JPEG,low_score_extreme,0.15,1,True,-0.1261425018310547,-0.029045075178146362,False,0.04420614242553711,0.10499316453933716,0.03699149936437607,0.20771494507789612,0.5142527222633362
visformer_small,33,ILSVRC2012_val_00001638.JPEG,low_score_extreme,0.15,1,True,-0.0022630691528320312,-0.009589225053787231,False,0.027004599571228027,0.06194213032722473,0.029712270945310593,0.39896321296691895,0.5836948752403259
visformer_small,34,ILSVRC2012_val_00001642.JPEG,low_score_extreme,0.15,1,True,0.003330707550048828,0.04795336723327637,False,0.06981045007705688,0.07829060405492783,0.027761833742260933,0.4857918918132782,0.9244900345802307
visformer_small,35,ILSVRC2012_val_00001645.JPEG,low_score_extreme,0.15,1,True,0.1473855972290039,0.0491030216217041,False,0.06101560592651367,0.08171196281909943,0.03679816424846649,0.5954143404960632,1.1180052757263184
visformer_small,36,ILSVRC2012_val_00001648.JPEG,low_score_extreme,0.15,1,True,0.33962535858154297,0.05540631711483002,False,0.06464684009552002,0.09093980491161346,0.034162737429142,0.6906602382659912,1.4199782609939575
visformer_small,37,ILSVRC2012_val_00001655.JPEG,low_score_extreme,0.15,1,True,0.06340599060058594,0.018285125494003296,False,0.040235698223114014,0.12929819524288177,0.044162120670080185,0.19241058826446533,0.64717036485672
visformer_small,38,ILSVRC2012_val_00001659.JPEG,low_score_extreme,0.15,1,True,0.2016916275024414,0.04817819595336914,False,0.029904723167419434,0.06263979524374008,0.02153042145073414,0.3752361536026001,0.6738296747207642
visformer_small,39,ILSVRC2012_val_00001689.JPEG,low_score_extreme,0.15,1,True,0.26375246047973633,0.09258174896240234,False,0.0400465726852417,0.0844094455242157,0.025677567347884178,0.20049506425857544,0.6387137770652771
visformer_small,32,ILSVRC2012_val_00001570.JPEG,low_score_extreme,0.15,2,True,-0.1261425018310547,-0.029045075178146362,False,0.04420614242553711,0.10499316453933716,0.03699149936437607,0.20771494507789612,0.5142527222633362
visformer_small,33,ILSVRC2012_val_00001638.JPEG,low_score_extreme,0.15,2,True,-0.0022630691528320312,-0.009589225053787231,False,0.027004599571228027,0.06194213032722473,0.029712270945310593,0.39896321296691895,0.5836948752403259
visformer_small,34,ILSVRC2012_val_00001642.JPEG,low_score_extreme,0.15,2,True,0.003330707550048828,0.04795336723327637,False,0.06981045007705688,0.07829060405492783,0.027761833742260933,0.4857918918132782,0.9244900345802307
visformer_small,35,ILSVRC2012_val_00001645.JPEG,low_score_extreme,0.15,2,True,0.1473855972290039,0.0491030216217041,False,0.06101560592651367,0.08171196281909943,0.03679816424846649,0.5954143404960632,1.1180052757263184
visformer_small,36,ILSVRC2012_val_00001648.JPEG,low_score_extreme,0.15,2,True,0.33962535858154297,0.05540631711483002,False,0.06464684009552002,0.09093980491161346,0.034162737429142,0.6906602382659912,1.4199782609939575
visformer_small,37,ILSVRC2012_val_00001655.JPEG,low_score_extreme,0.15,2,True,0.06340599060058594,0.018285125494003296,False,0.040235698223114014,0.12929819524288177,0.044162120670080185,0.19241058826446533,0.6471703052520752
visformer_small,38,ILSVRC2012_val_00001659.JPEG,low_score_extreme,0.15,2,True,0.2016916275024414,0.04817819595336914,False,0.029904723167419434,0.06263979524374008,0.02153042145073414,0.3752361536026001,0.6738296747207642
visformer_small,39,ILSVRC2012_val_00001689.JPEG,low_score_extreme,0.15,2,True,0.26375246047973633,0.09258174896240234,False,0.0400465726852417,0.0844094455242157,0.025677567347884178,0.20049506425857544,0.6387137770652771
visformer_small,32,ILSVRC2012_val_00001570.JPEG,low_score_extreme,0.15,3,True,-0.1261425018310547,-0.029045075178146362,False,0.04420614242553711,0.10499316453933716,0.03699149936437607,0.20771494507789612,0.5142527222633362
visformer_small,33,ILSVRC2012_val_00001638.JPEG,low_score_extreme,0.15,3,True,-0.0022630691528320312,-0.009589225053787231,False,0.027004599571228027,0.06194213032722473,0.029712270945310593,0.39896324276924133,0.5836948752403259
visformer_small,34,ILSVRC2012_val_00001642.JPEG,low_score_extreme,0.15,3,True,0.003330707550048828,0.04795336723327637,False,0.06981045007705688,0.07829060405492783,0.027761833742260933,0.4857918918132782,0.9244900345802307
visformer_small,35,ILSVRC2012_val_00001645.JPEG,low_score_extreme,0.15,3,True,0.1473855972290039,0.0491030216217041,False,0.06101560592651367,0.08171196281909943,0.03679816424846649,0.595414400100708,1.1180052757263184
visformer_small,36,ILSVRC2012_val_00001648.JPEG,low_score_extreme,0.15,3,True,0.33962535858154297,0.05540631711483002,False,0.06464684009552002,0.09093980491161346,0.034162737429142,0.690660297870636,1.4199782609939575
visformer_small,37,ILSVRC2012_val_00001655.JPEG,low_score_extreme,0.15,3,True,0.06340599060058594,0.018285125494003296,False,0.040235698223114014,0.12929819524288177,0.044162120670080185,0.19241058826446533,0.6471703052520752
visformer_small,38,ILSVRC2012_val_00001659.JPEG,low_score_extreme,0.15,3,True,0.2016916275024414,0.04817819595336914,False,0.029904723167419434,0.06263979524374008,0.02153042145073414,0.3752361536026001,0.6738296747207642
visformer_small,39,ILSVRC2012_val_00001689.JPEG,low_score_extreme,0.15,3,True,0.26375246047973633,0.09258174896240234,False,0.0400465726852417,0.0844094455242157,0.025677567347884178,0.20049506425857544,0.6387137770652771
visformer_small,32,ILSVRC2012_val_00001570.JPEG,random_uniform,0.15,0,True,-0.20179080963134766,-0.040661051869392395,False,0.054622530937194824,0.16120177507400513,0.05585278943181038,0.10490025579929352,0.359584778547287
visformer_small,33,ILSVRC2012_val_00001638.JPEG,random_uniform,0.15,0,True,-0.06794929504394531,-0.017738759517669678,False,0.028702974319458008,0.08203022927045822,0.03081177920103073,0.2661867141723633,0.6083910465240479
visformer_small,34,ILSVRC2012_val_00001642.JPEG,random_uniform,0.15,0,True,0.005764007568359375,0.005129516124725342,False,0.04549109935760498,0.15223535895347595,0.052294112741947174,0.5005640983581543,0.9170832633972168
visformer_small,35,ILSVRC2012_val_00001645.JPEG,random_uniform,0.15,0,True,0.16100025177001953,0.06288856267929077,False,0.06806975603103638,0.12738986313343048,0.05605044215917587,0.3615315556526184,1.2805955410003662
visformer_small,36,ILSVRC2012_val_00001648.JPEG,random_uniform,0.15,0,True,0.26545047760009766,0.03945906460285187,False,0.04738849401473999,0.19847604632377625,0.06988666206598282,0.5498674511909485,1.9496257305145264
visformer_small,37,ILSVRC2012_val_00001655.JPEG,random_uniform,0.15,0,True,-0.04595184326171875,-0.0077988505363464355,False,0.045272111892700195,0.18985098600387573,0.06109828129410744,0.15807124972343445,0.6324224472045898
visformer_small,38,ILSVRC2012_val_00001659.JPEG,random_uniform,0.15,0,True,0.24242019653320312,0.05631989240646362,False,0.0343937873840332,0.13061685860157013,0.03352534398436546,0.364300012588501,0.7044006586074829
visformer_small,39,ILSVRC2012_val_00001689.JPEG,random_uniform,0.15,0,True,-0.2823963165283203,-0.09576484560966492,False,0.0548398494720459,0.14978156983852386,0.034555647522211075,0.36426666378974915,0.5022346377372742
visformer_small,32,ILSVRC2012_val_00001570.JPEG,random_uniform,0.15,1,True,-0.22639846801757812,-0.04236486554145813,False,0.038825035095214844,0.16429032385349274,0.05771244317293167,0.20153631269931793,0.4300658702850342
visformer_small,33,ILSVRC2012_val_00001638.JPEG,random_uniform,0.15,1,True,0.06196022033691406,0.011139273643493652,False,0.041947245597839355,0.18258161842823029,0.06505776941776276,0.15126590430736542,0.9055579900741577
visformer_small,34,ILSVRC2012_val_00001642.JPEG,random_uniform,0.15,1,True,-0.08415079116821289,0.0031092166900634766,False,0.0502927303314209,0.12252015620470047,0.04724813252687454,0.44098448753356934,0.9575929641723633
visformer_small,35,ILSVRC2012_val_00001645.JPEG,random_uniform,0.15,1,True,0.19827604293823242,0.06630870699882507,False,0.051709771156311035,0.16707533597946167,0.07753807306289673,0.3468341529369354,1.2933834791183472
visformer_small,36,ILSVRC2012_val_00001648.JPEG,random_uniform,0.15,1,True,0.32327747344970703,0.05307142436504364,False,0.04792863130569458,0.1556863784790039,0.05434994399547577,0.5417724251747131,2.0444869995117188
visformer_small,37,ILSVRC2012_val_00001655.JPEG,random_uniform,0.15,1,True,0.155120849609375,0.046969518065452576,False,0.07388556003570557,0.20963342487812042,0.062139853835105896,0.13481386005878448,0.8859334588050842
visformer_small,38,ILSVRC2012_val_00001659.JPEG,random_uniform,0.15,1,True,0.1948413848876953,0.0658135712146759,False,0.0501670241355896,0.18184861540794373,0.039207253605127335,0.2616288363933563,0.8580027222633362
visformer_small,39,ILSVRC2012_val_00001689.JPEG,random_uniform,0.15,1,True,-0.06379032135009766,-0.033151477575302124,False,0.032689034938812256,0.10442241281270981,0.03135603666305542,0.41349905729293823,0.5373318791389465
visformer_small,32,ILSVRC2012_val_00001570.JPEG,random_uniform,0.15,2,True,-0.11510086059570312,-0.02436716854572296,False,0.04727792739868164,0.14491838216781616,0.058612722903490067,0.042983055114746094,0.3830413818359375
visformer_small,33,ILSVRC2012_val_00001638.JPEG,random_uniform,0.15,2,True,-0.11165904998779297,-0.02265329658985138,False,0.04716670513153076,0.16516168415546417,0.0601205937564373,0.2457115650177002,0.7183682918548584
visformer_small,34,ILSVRC2012_val_00001642.JPEG,random_uniform,0.15,2,True,-0.10936355590820312,-0.033370018005371094,False,0.06270426511764526,0.13908229768276215,0.04815712571144104,0.3667251467704773,1.0772888660430908
visformer_small,35,ILSVRC2012_val_00001645.JPEG,random_uniform,0.15,2,True,0.015333175659179688,0.006444662809371948,False,0.04455369710922241,0.14337852597236633,0.06248583644628525,0.4696970582008362,1.0310616493225098
visformer_small,36,ILSVRC2012_val_00001648.JPEG,random_uniform,0.15,2,True,0.3090057373046875,0.04579789936542511,False,0.04353153705596924,0.15938881039619446,0.05059496685862541,0.7404956817626953,1.524999737739563
visformer_small,37,ILSVRC2012_val_00001655.JPEG,random_uniform,0.15,2,True,0.08609580993652344,0.030611112713813782,False,0.0411754846572876,0.17106133699417114,0.04764699935913086,0.1634361296892166,0.8061268925666809
visformer_small,38,ILSVRC2012_val_00001659.JPEG,random_uniform,0.15,2,True,-0.11176395416259766,-0.021883487701416016,False,0.05413162708282471,0.21012960374355316,0.04867461696267128,0.18571065366268158,0.8357271552085876
visformer_small,39,ILSVRC2012_val_00001689.JPEG,random_uniform,0.15,2,True,-0.1698145866394043,-0.063254714012146,False,0.04052311182022095,0.11652033776044846,0.03364384546875954,0.17720939218997955,0.5254473090171814
visformer_small,32,ILSVRC2012_val_00001570.JPEG,random_uniform,0.15,3,True,-0.29846954345703125,-0.05990707874298096,False,0.05761384963989258,0.17447683215141296,0.05575812608003616,0.15233619511127472,0.3794603645801544
visformer_small,33,ILSVRC2012_val_00001638.JPEG,random_uniform,0.15,3,True,0.04746532440185547,0.025266677141189575,False,0.03621387481689453,0.14331236481666565,0.05744939297437668,0.33471906185150146,0.7521793246269226
visformer_small,34,ILSVRC2012_val_00001642.JPEG,random_uniform,0.15,3,True,0.19208192825317383,0.08992832899093628,False,0.045878589153289795,0.1552073359489441,0.048490412533283234,0.44681617617607117,1.1380808353424072
visformer_small,35,ILSVRC2012_val_00001645.JPEG,random_uniform,0.15,3,True,-0.09003448486328125,-0.02167302370071411,False,0.0647650957107544,0.15318964421749115,0.05846366658806801,0.39512768387794495,1.1973371505737305
visformer_small,36,ILSVRC2012_val_00001648.JPEG,random_uniform,0.15,3,True,0.37940025329589844,0.06331074237823486,False,0.046631693840026855,0.1880035400390625,0.04192356765270233,0.4536386728286743,2.447798252105713
visformer_small,37,ILSVRC2012_val_00001655.JPEG,random_uniform,0.15,3,True,0.17229461669921875,0.04175885021686554,False,0.033865392208099365,0.17259301245212555,0.052101027220487595,0.2057611048221588,0.6986082196235657
visformer_small,38,ILSVRC2012_val_00001659.JPEG,random_uniform,0.15,3,True,0.046484947204589844,0.004822075366973877,False,0.03509867191314697,0.16924431920051575,0.04432894289493561,0.23484653234481812,0.8049646615982056
visformer_small,39,ILSVRC2012_val_00001689.JPEG,random_uniform,0.15,3,True,-0.3804445266723633,-0.11623057723045349,False,0.061673521995544434,0.14013154804706573,0.03720497339963913,0.1793997585773468,0.5580232739448547
visformer_small,32,ILSVRC2012_val_00001570.JPEG,score_deviation_extreme,0.15,0,True,-0.1261425018310547,-0.029045075178146362,False,0.04420614242553711,0.10499316453933716,0.03699149936437607,0.20771494507789612,0.5142527222633362
visformer_small,33,ILSVRC2012_val_00001638.JPEG,score_deviation_extreme,0.15,0,True,-0.0022630691528320312,-0.009589225053787231,False,0.027004599571228027,0.06194213032722473,0.029712270945310593,0.39896324276924133,0.5836948752403259
visformer_small,34,ILSVRC2012_val_00001642.JPEG,score_deviation_extreme,0.15,0,True,0.003330707550048828,0.04795336723327637,False,0.06981045007705688,0.07829060405492783,0.027761833742260933,0.4857918918132782,0.9244900345802307
visformer_small,35,ILSVRC2012_val_00001645.JPEG,score_deviation_extreme,0.15,0,True,0.1473855972290039,0.0491030216217041,False,0.06101560592651367,0.08171196281909943,0.03679816424846649,0.5954143404960632,1.1180052757263184
visformer_small,36,ILSVRC2012_val_00001648.JPEG,score_deviation_extreme,0.15,0,True,0.3072052001953125,0.046487972140312195,False,0.04918503761291504,0.09082763642072678,0.03347785770893097,0.7416369318962097,1.4307798147201538
visformer_small,37,ILSVRC2012_val_00001655.JPEG,score_deviation_extreme,0.15,0,True,0.06340599060058594,0.018285125494003296,False,0.040235698223114014,0.12929819524288177,0.044162120670080185,0.19241058826446533,0.64717036485672
visformer_small,38,ILSVRC2012_val_00001659.JPEG,score_deviation_extreme,0.15,0,True,0.2016916275024414,0.04817819595336914,False,0.029904723167419434,0.06263979524374008,0.02153042145073414,0.3752361536026001,0.6738296747207642
visformer_small,39,ILSVRC2012_val_00001689.JPEG,score_deviation_extreme,0.15,0,True,0.26375246047973633,0.09258174896240234,False,0.0400465726852417,0.0844094455242157,0.025677567347884178,0.20049506425857544,0.6387137770652771
visformer_small,32,ILSVRC2012_val_00001570.JPEG,score_deviation_extreme,0.15,1,True,-0.1261425018310547,-0.029045075178146362,False,0.04420614242553711,0.10499316453933716,0.03699149936437607,0.20771494507789612,0.5142527222633362
visformer_small,33,ILSVRC2012_val_00001638.JPEG,score_deviation_extreme,0.15,1,True,-0.0022630691528320312,-0.009589225053787231,False,0.027004599571228027,0.06194213032722473,0.029712270945310593,0.39896321296691895,0.5836948752403259
visformer_small,34,ILSVRC2012_val_00001642.JPEG,score_deviation_extreme,0.15,1,True,0.003330707550048828,0.04795336723327637,False,0.06981045007705688,0.07829060405492783,0.027761833742260933,0.4857918918132782,0.9244900345802307
visformer_small,35,ILSVRC2012_val_00001645.JPEG,score_deviation_extreme,0.15,1,True,0.1473855972290039,0.0491030216217041,False,0.06101560592651367,0.08171196281909943,0.03679816424846649,0.5954143404960632,1.1180052757263184
visformer_small,36,ILSVRC2012_val_00001648.JPEG,score_deviation_extreme,0.15,1,True,0.3072052001953125,0.046487972140312195,False,0.04918503761291504,0.09082763642072678,0.03347785770893097,0.7416369915008545,1.4307798147201538
visformer_small,37,ILSVRC2012_val_00001655.JPEG,score_deviation_extreme,0.15,1,True,0.06340599060058594,0.018285125494003296,False,0.040235698223114014,0.12929819524288177,0.044162120670080185,0.19241058826446533,0.64717036485672
visformer_small,38,ILSVRC2012_val_00001659.JPEG,score_deviation_extreme,0.15,1,True,0.2016916275024414,0.04817819595336914,False,0.029904723167419434,0.06263979524374008,0.02153042145073414,0.3752361536026001,0.6738296747207642
visformer_small,39,ILSVRC2012_val_00001689.JPEG,score_deviation_extreme,0.15,1,True,0.26375246047973633,0.09258174896240234,False,0.0400465726852417,0.0844094455242157,0.025677567347884178,0.20049506425857544,0.6387137770652771
visformer_small,32,ILSVRC2012_val_00001570.JPEG,score_deviation_extreme,0.15,2,True,-0.1261425018310547,-0.029045075178146362,False,0.04420614242553711,0.10499316453933716,0.03699149936437607,0.20771494507789612,0.5142527222633362
visformer_small,33,ILSVRC2012_val_00001638.JPEG,score_deviation_extreme,0.15,2,True,-0.0022630691528320312,-0.009589225053787231,False,0.027004599571228027,0.06194213032722473,0.029712270945310593,0.39896321296691895,0.5836948752403259
visformer_small,34,ILSVRC2012_val_00001642.JPEG,score_deviation_extreme,0.15,2,True,0.003330707550048828,0.04795336723327637,False,0.06981045007705688,0.07829060405492783,0.027761833742260933,0.4857918918132782,0.9244900345802307
visformer_small,35,ILSVRC2012_val_00001645.JPEG,score_deviation_extreme,0.15,2,True,0.1473855972290039,0.0491030216217041,False,0.06101560592651367,0.08171196281909943,0.03679816424846649,0.5954143404960632,1.1180052757263184
visformer_small,36,ILSVRC2012_val_00001648.JPEG,score_deviation_extreme,0.15,2,True,0.3072052001953125,0.046487972140312195,False,0.04918503761291504,0.09082763642072678,0.03347785770893097,0.7416369915008545,1.4307798147201538
visformer_small,37,ILSVRC2012_val_00001655.JPEG,score_deviation_extreme,0.15,2,True,0.06340599060058594,0.018285125494003296,False,0.040235698223114014,0.12929819524288177,0.044162120670080185,0.19241058826446533,0.64717036485672
visformer_small,38,ILSVRC2012_val_00001659.JPEG,score_deviation_extreme,0.15,2,True,0.2016916275024414,0.04817819595336914,False,0.029904723167419434,0.06263979524374008,0.02153042145073414,0.3752361536026001,0.6738296747207642
visformer_small,39,ILSVRC2012_val_00001689.JPEG,score_deviation_extreme,0.15,2,True,0.26375246047973633,0.09258174896240234,False,0.0400465726852417,0.0844094455242157,0.025677567347884178,0.20049506425857544,0.6387137770652771
visformer_small,32,ILSVRC2012_val_00001570.JPEG,score_deviation_extreme,0.15,3,True,-0.1261425018310547,-0.029045075178146362,False,0.04420614242553711,0.10499316453933716,0.03699149936437607,0.20771494507789612,0.5142527222633362
visformer_small,33,ILSVRC2012_val_00001638.JPEG,score_deviation_extreme,0.15,3,True,-0.0022630691528320312,-0.009589225053787231,False,0.027004599571228027,0.06194213032722473,0.029712270945310593,0.39896321296691895,0.5836948752403259
visformer_small,34,ILSVRC2012_val_00001642.JPEG,score_deviation_extreme,0.15,3,True,0.003330707550048828,0.04795336723327637,False,0.06981045007705688,0.07829060405492783,0.027761833742260933,0.4857918918132782,0.9244900345802307
visformer_small,35,ILSVRC2012_val_00001645.JPEG,score_deviation_extreme,0.15,3,True,0.1473855972290039,0.0491030216217041,False,0.06101560592651367,0.08171196281909943,0.03679816424846649,0.5954143404960632,1.1180052757263184
visformer_small,36,ILSVRC2012_val_00001648.JPEG,score_deviation_extreme,0.15,3,True,0.3072052001953125,0.046487972140312195,False,0.04918503761291504,0.09082763642072678,0.03347785770893097,0.7416369915008545,1.4307798147201538
visformer_small,37,ILSVRC2012_val_00001655.JPEG,score_deviation_extreme,0.15,3,True,0.06340599060058594,0.018285125494003296,False,0.040235698223114014,0.12929819524288177,0.044162120670080185,0.19241057336330414,0.64717036485672
visformer_small,38,ILSVRC2012_val_00001659.JPEG,score_deviation_extreme,0.15,3,True,0.2016916275024414,0.04817819595336914,False,0.029904723167419434,0.06263979524374008,0.02153042145073414,0.3752361536026001,0.6738296747207642
visformer_small,39,ILSVRC2012_val_00001689.JPEG,score_deviation_extreme,0.15,3,True,0.26375246047973633,0.09258174896240234,False,0.0400465726852417,0.0844094455242157,0.025677567347884178,0.20049506425857544,0.6387137770652771
visformer_small,40,ILSVRC2012_val_00001753.JPEG,high_score_extreme,0.15,0,True,0.10857009887695312,0.00316503643989563,False,0.057700276374816895,0.19336332380771637,0.05745801702141762,0.44883960485458374,0.6438819169998169
visformer_small,41,ILSVRC2012_val_00001925.JPEG,high_score_extreme,0.15,0,True,0.15605545043945312,0.025668352842330933,False,0.031658947467803955,0.1948097199201584,0.09093883633613586,0.40958911180496216,1.0402462482452393
visformer_small,42,ILSVRC2012_val_00002002.JPEG,high_score_extreme,0.15,0,True,-0.08684062957763672,-0.03627195954322815,False,0.02757549285888672,0.1224205493927002,0.05107886716723442,0.320696085691452,0.8480771780014038
visformer_small,43,ILSVRC2012_val_00002073.JPEG,high_score_extreme,0.15,0,True,-0.17638301849365234,-0.04370281100273132,False,0.08420419692993164,0.19833897054195404,0.06285062432289124,0.26487767696380615,0.8192060589790344
visformer_small,44,ILSVRC2012_val_00002159.JPEG,high_score_extreme,0.15,0,True,0.5481224060058594,0.12620477378368378,False,0.06693947315216064,0.21635283529758453,0.08028928190469742,0.18230020999908447,2.5555412769317627
visformer_small,45,ILSVRC2012_val_00002176.JPEG,high_score_extreme,0.15,0,True,0.054814815521240234,0.0003788769245147705,False,0.05316948890686035,0.21183641254901886,0.06197090074419975,0.10752294957637787,0.8843607902526855
visformer_small,46,ILSVRC2012_val_00002183.JPEG,high_score_extreme,0.15,0,True,-0.1466355323791504,-0.04610273241996765,False,0.028506338596343994,0.1899145096540451,0.07353169471025467,0.5843369364738464,0.9450108408927917
visformer_small,47,ILSVRC2012_val_00002184.JPEG,high_score_extreme,0.15,0,True,0.0068264007568359375,-0.0003707408905029297,False,0.06120264530181885,0.17100918292999268,0.06485208868980408,0.5424023270606995,1.0559327602386475
visformer_small,40,ILSVRC2012_val_00001753.JPEG,high_score_extreme,0.15,1,True,0.10857009887695312,0.00316503643989563,False,0.057700276374816895,0.19336332380771637,0.05745801702141762,0.44883960485458374,0.6438819169998169
visformer_small,41,ILSVRC2012_val_00001925.JPEG,high_score_extreme,0.15,1,True,0.15605545043945312,0.025668352842330933,False,0.031658947467803955,0.1948097199201584,0.09093883633613586,0.40958911180496216,1.0402462482452393
visformer_small,42,ILSVRC2012_val_00002002.JPEG,high_score_extreme,0.15,1,True,-0.08684062957763672,-0.03627195954322815,False,0.02757549285888672,0.1224205493927002,0.05107886716723442,0.320696085691452,0.8480771780014038
visformer_small,43,ILSVRC2012_val_00002073.JPEG,high_score_extreme,0.15,1,True,-0.17638301849365234,-0.04370281100273132,False,0.08420419692993164,0.19833897054195404,0.06285062432289124,0.26487767696380615,0.8192060589790344
visformer_small,44,ILSVRC2012_val_00002159.JPEG,high_score_extreme,0.15,1,True,0.5481224060058594,0.12620477378368378,False,0.06693947315216064,0.21635283529758453,0.08028928190469742,0.18230020999908447,2.5555412769317627
visformer_small,45,ILSVRC2012_val_00002176.JPEG,high_score_extreme,0.15,1,True,0.054814815521240234,0.0003788769245147705,False,0.05316948890686035,0.21183641254901886,0.06197090074419975,0.10752294957637787,0.8843607902526855
visformer_small,46,ILSVRC2012_val_00002183.JPEG,high_score_extreme,0.15,1,True,-0.1466355323791504,-0.04610273241996765,False,0.028506338596343994,0.1899145096540451,0.07353169471025467,0.5843369960784912,0.945010781288147
visformer_small,47,ILSVRC2012_val_00002184.JPEG,high_score_extreme,0.15,1,True,0.0068264007568359375,-0.0003707408905029297,False,0.06120264530181885,0.17100918292999268,0.06485208868980408,0.5424023270606995,1.0559327602386475
visformer_small,40,ILSVRC2012_val_00001753.JPEG,high_score_extreme,0.15,2,True,0.10857009887695312,0.00316503643989563,False,0.057700276374816895,0.19336332380771637,0.05745801702141762,0.44883963465690613,0.6438819169998169
visformer_small,41,ILSVRC2012_val_00001925.JPEG,high_score_extreme,0.15,2,True,0.15605545043945312,0.025668352842330933,False,0.031658947467803955,0.1948097199201584,0.09093883633613586,0.40958911180496216,1.0402462482452393
visformer_small,42,ILSVRC2012_val_00002002.JPEG,high_score_extreme,0.15,2,True,-0.08684062957763672,-0.03627195954322815,False,0.02757549285888672,0.1224205493927002,0.05107886716723442,0.320696085691452,0.8480771780014038
visformer_small,43,ILSVRC2012_val_00002073.JPEG,high_score_extreme,0.15,2,True,-0.17638301849365234,-0.04370281100273132,False,0.08420419692993164,0.19833897054195404,0.06285062432289124,0.26487767696380615,0.8192060589790344
visformer_small,44,ILSVRC2012_val_00002159.JPEG,high_score_extreme,0.15,2,True,0.5481224060058594,0.12620477378368378,False,0.06693947315216064,0.21635283529758453,0.08028928190469742,0.18230020999908447,2.5555412769317627
visformer_small,45,ILSVRC2012_val_00002176.JPEG,high_score_extreme,0.15,2,True,0.054814815521240234,0.0003788769245147705,False,0.05316948890686035,0.21183641254901886,0.06197090074419975,0.10752294957637787,0.8843607902526855
visformer_small,46,ILSVRC2012_val_00002183.JPEG,high_score_extreme,0.15,2,True,-0.1466355323791504,-0.04610273241996765,False,0.028506338596343994,0.1899145096540451,0.07353169471025467,0.5843369364738464,0.9450108408927917
visformer_small,47,ILSVRC2012_val_00002184.JPEG,high_score_extreme,0.15,2,True,0.0068264007568359375,-0.0003707408905029297,False,0.06120264530181885,0.17100918292999268,0.06485208868980408,0.5424023270606995,1.0559327602386475
visformer_small,40,ILSVRC2012_val_00001753.JPEG,high_score_extreme,0.15,3,True,0.10857009887695312,0.00316503643989563,False,0.057700276374816895,0.19336332380771637,0.05745801702141762,0.44883960485458374,0.6438819169998169
visformer_small,41,ILSVRC2012_val_00001925.JPEG,high_score_extreme,0.15,3,True,0.15605545043945312,0.025668352842330933,False,0.031658947467803955,0.1948097199201584,0.09093883633613586,0.40958911180496216,1.0402462482452393
visformer_small,42,ILSVRC2012_val_00002002.JPEG,high_score_extreme,0.15,3,True,-0.08684062957763672,-0.03627195954322815,False,0.02757549285888672,0.1224205493927002,0.05107886716723442,0.320696085691452,0.8480771780014038
visformer_small,43,ILSVRC2012_val_00002073.JPEG,high_score_extreme,0.15,3,True,-0.17638301849365234,-0.04370281100273132,False,0.08420419692993164,0.19833897054195404,0.06285062432289124,0.26487767696380615,0.8192060589790344
visformer_small,44,ILSVRC2012_val_00002159.JPEG,high_score_extreme,0.15,3,True,0.5481224060058594,0.12620477378368378,False,0.06693947315216064,0.21635283529758453,0.08028928190469742,0.18230020999908447,2.5555412769317627
visformer_small,45,ILSVRC2012_val_00002176.JPEG,high_score_extreme,0.15,3,True,0.054814815521240234,0.0003788769245147705,False,0.05316948890686035,0.21183641254901886,0.06197090074419975,0.10752294957637787,0.8843607902526855
visformer_small,46,ILSVRC2012_val_00002183.JPEG,high_score_extreme,0.15,3,True,-0.1466355323791504,-0.04610273241996765,False,0.028506338596343994,0.1899145096540451,0.07353169471025467,0.5843369960784912,0.945010781288147
visformer_small,47,ILSVRC2012_val_00002184.JPEG,high_score_extreme,0.15,3,True,0.0068264007568359375,-0.0003707408905029297,False,0.06120264530181885,0.17100918292999268,0.06485208868980408,0.5424023270606995,1.0559327602386475
visformer_small,40,ILSVRC2012_val_00001753.JPEG,low_score_extreme,0.15,0,True,0.47133541107177734,0.18680977821350098,False,0.0551946759223938,0.09720977395772934,0.02112826518714428,0.4000348746776581,0.8716975450515747
visformer_small,41,ILSVRC2012_val_00001925.JPEG,low_score_extreme,0.15,0,True,-0.2043447494506836,-0.02422964572906494,False,0.061346232891082764,0.09321029484272003,0.03550197184085846,0.24146828055381775,1.7751260995864868
visformer_small,42,ILSVRC2012_val_00002002.JPEG,low_score_extreme,0.15,0,True,-0.03339815139770508,-0.016451746225357056,False,0.01663839817047119,0.04819800704717636,0.027911195531487465,0.26572054624557495,1.017392873764038
visformer_small,43,ILSVRC2012_val_00002073.JPEG,low_score_extreme,0.15,0,True,-0.1685628890991211,-0.03577283024787903,False,0.08076643943786621,0.06923339515924454,0.03528836742043495,0.41685155034065247,0.7726519703865051
visformer_small,44,ILSVRC2012_val_00002159.JPEG,low_score_extreme,0.15,0,True,-0.5436191558837891,-0.0610019713640213,False,0.02938753366470337,0.10168018937110901,0.033479757606983185,0.42557641863822937,0.8276349306106567
visformer_small,45,ILSVRC2012_val_00002176.JPEG,low_score_extreme,0.15,0,True,0.21793603897094727,0.0696101188659668,False,0.04672175645828247,0.07523138076066971,0.027883559465408325,0.1387094408273697,1.0604857206344604
visformer_small,46,ILSVRC2012_val_00002183.JPEG,low_score_extreme,0.15,0,True,-0.10431861877441406,-0.04194977879524231,False,0.02788221836090088,0.06691917777061462,0.022359566763043404,0.47348642349243164,0.7268881797790527
visformer_small,47,ILSVRC2012_val_00002184.JPEG,low_score_extreme,0.15,0,True,0.1862173080444336,0.05500960350036621,False,0.07363718748092651,0.1303282082080841,0.03449422866106033,0.5604124069213867,1.1656614542007446
visformer_small,40,ILSVRC2012_val_00001753.JPEG,low_score_extreme,0.15,1,True,0.47133541107177734,0.18680977821350098,False,0.0551946759223938,0.09720977395772934,0.02112826518714428,0.4000348448753357,0.8716975450515747
visformer_small,41,ILSVRC2012_val_00001925.JPEG,low_score_extreme,0.15,1,True,-0.2043447494506836,-0.02422964572906494,False,0.061346232891082764,0.09321029484272003,0.03550197184085846,0.24146828055381775,1.7751260995864868
visformer_small,42,ILSVRC2012_val_00002002.JPEG,low_score_extreme,0.15,1,True,-0.03339815139770508,-0.016451746225357056,False,0.01663839817047119,0.04819800704717636,0.027911195531487465,0.26572054624557495,1.017392873764038
visformer_small,43,ILSVRC2012_val_00002073.JPEG,low_score_extreme,0.15,1,True,-0.1685628890991211,-0.03577283024787903,False,0.08076643943786621,0.06923339515924454,0.03528836742043495,0.41685155034065247,0.7726519703865051
visformer_small,44,ILSVRC2012_val_00002159.JPEG,low_score_extreme,0.15,1,True,-0.5436191558837891,-0.0610019713640213,False,0.02938753366470337,0.10168018937110901,0.033479757606983185,0.42557641863822937,0.8276349306106567
visformer_small,45,ILSVRC2012_val_00002176.JPEG,low_score_extreme,0.15,1,True,0.21793603897094727,0.0696101188659668,False,0.04672175645828247,0.07523138076066971,0.027883559465408325,0.13870945572853088,1.0604857206344604
visformer_small,46,ILSVRC2012_val_00002183.JPEG,low_score_extreme,0.15,1,True,-0.10431861877441406,-0.04194977879524231,False,0.02788221836090088,0.06691917777061462,0.022359566763043404,0.47348639369010925,0.7268881797790527
visformer_small,47,ILSVRC2012_val_00002184.JPEG,low_score_extreme,0.15,1,True,0.1862173080444336,0.05500960350036621,False,0.07363718748092651,0.1303282082080841,0.03449422866106033,0.5604124069213867,1.1656614542007446
visformer_small,40,ILSVRC2012_val_00001753.JPEG,low_score_extreme,0.15,2,True,0.47133541107177734,0.18680977821350098,False,0.0551946759223938,0.09720977395772934,0.02112826518714428,0.4000348448753357,0.8716975450515747
visformer_small,41,ILSVRC2012_val_00001925.JPEG,low_score_extreme,0.15,2,True,-0.2043447494506836,-0.02422964572906494,False,0.061346232891082764,0.09321029484272003,0.03550197184085846,0.24146828055381775,1.7751260995864868
visformer_small,42,ILSVRC2012_val_00002002.JPEG,low_score_extreme,0.15,2,True,-0.03339815139770508,-0.016451746225357056,False,0.01663839817047119,0.04819800704717636,0.027911195531487465,0.26572054624557495,1.017392873764038
visformer_small,43,ILSVRC2012_val_00002073.JPEG,low_score_extreme,0.15,2,True,-0.1685628890991211,-0.03577283024787903,False,0.08076643943786621,0.06923339515924454,0.03528836742043495,0.41685158014297485,0.7726519703865051
visformer_small,44,ILSVRC2012_val_00002159.JPEG,low_score_extreme,0.15,2,True,-0.5436191558837891,-0.0610019713640213,False,0.02938753366470337,0.10168018937110901,0.033479757606983185,0.42557641863822937,0.8276349306106567
visformer_small,45,ILSVRC2012_val_00002176.JPEG,low_score_extreme,0.15,2,True,0.21793603897094727,0.0696101188659668,False,0.04672175645828247,0.07523138076066971,0.027883559465408325,0.1387094408273697,1.0604857206344604
visformer_small,46,ILSVRC2012_val_00002183.JPEG,low_score_extreme,0.15,2,True,-0.10431861877441406,-0.04194977879524231,False,0.02788221836090088,0.06691917777061462,0.022359566763043404,0.47348636388778687,0.7268882393836975
visformer_small,47,ILSVRC2012_val_00002184.JPEG,low_score_extreme,0.15,2,True,0.1862173080444336,0.05500960350036621,False,0.07363718748092651,0.1303282082080841,0.03449422866106033,0.5604124069213867,1.1656614542007446
visformer_small,40,ILSVRC2012_val_00001753.JPEG,low_score_extreme,0.15,3,True,0.47133541107177734,0.18680977821350098,False,0.0551946759223938,0.09720977395772934,0.02112826518714428,0.4000348448753357,0.8716975450515747
visformer_small,41,ILSVRC2012_val_00001925.JPEG,low_score_extreme,0.15,3,True,-0.2043447494506836,-0.02422964572906494,False,0.061346232891082764,0.09321029484272003,0.03550197184085846,0.24146828055381775,1.7751260995864868
visformer_small,42,ILSVRC2012_val_00002002.JPEG,low_score_extreme,0.15,3,True,-0.03339815139770508,-0.016451746225357056,False,0.01663839817047119,0.04819800704717636,0.027911195531487465,0.26572054624557495,1.017392873764038
visformer_small,43,ILSVRC2012_val_00002073.JPEG,low_score_extreme,0.15,3,True,-0.1685628890991211,-0.03577283024787903,False,0.08076643943786621,0.06923339515924454,0.03528836742043495,0.41685155034065247,0.7726519703865051
visformer_small,44,ILSVRC2012_val_00002159.JPEG,low_score_extreme,0.15,3,True,-0.5436191558837891,-0.0610019713640213,False,0.02938753366470337,0.10168018937110901,0.033479757606983185,0.42557641863822937,0.8276349306106567
visformer_small,45,ILSVRC2012_val_00002176.JPEG,low_score_extreme,0.15,3,True,0.21793603897094727,0.0696101188659668,False,0.04672175645828247,0.07523138076066971,0.027883559465408325,0.1387094408273697,1.0604857206344604
visformer_small,46,ILSVRC2012_val_00002183.JPEG,low_score_extreme,0.15,3,True,-0.10431861877441406,-0.04194977879524231,False,0.02788221836090088,0.06691917777061462,0.022359566763043404,0.47348639369010925,0.7268881797790527
visformer_small,47,ILSVRC2012_val_00002184.JPEG,low_score_extreme,0.15,3,True,0.1862173080444336,0.05500960350036621,False,0.07363718748092651,0.1303282082080841,0.03449422866106033,0.5604124069213867,1.1656614542007446
visformer_small,40,ILSVRC2012_val_00001753.JPEG,random_uniform,0.15,0,True,1.1279215812683105,0.7751001715660095,False,0.07352221012115479,0.1572742611169815,0.051540933549404144,0.2999909520149231,1.581289529800415
visformer_small,41,ILSVRC2012_val_00001925.JPEG,random_uniform,0.15,0,True,-0.011900901794433594,0.003596946597099304,False,0.037269771099090576,0.16044387221336365,0.062344346195459366,0.3740653991699219,0.852107584476471
visformer_small,42,ILSVRC2012_val_00002002.JPEG,random_uniform,0.15,0,True,-0.23613548278808594,-0.08602890372276306,False,0.028244853019714355,0.12513554096221924,0.045919474214315414,0.44162219762802124,0.7800693511962891
visformer_small,43,ILSVRC2012_val_00002073.JPEG,random_uniform,0.15,0,True,-0.1587505340576172,-0.040041446685791016,False,0.05287599563598633,0.13729624450206757,0.04464973136782646,0.23726767301559448,1.177908182144165
visformer_small,44,ILSVRC2012_val_00002159.JPEG,random_uniform,0.15,0,True,0.21765995025634766,0.03942538797855377,False,0.04482471942901611,0.1795881688594818,0.07335638999938965,0.3379165530204773,1.4899225234985352
visformer_small,45,ILSVRC2012_val_00002176.JPEG,random_uniform,0.15,0,True,-0.05612516403198242,-0.02374139428138733,False,0.043234944343566895,0.13552261888980865,0.04959860444068909,0.4897339344024658,0.8499199748039246
visformer_small,46,ILSVRC2012_val_00002183.JPEG,random_uniform,0.15,0,True,-0.38991403579711914,-0.10396310687065125,False,0.02791452407836914,0.1438150703907013,0.05497486889362335,0.4300087094306946,0.7641294598579407
visformer_small,47,ILSVRC2012_val_00002184.JPEG,random_uniform,0.15,0,True,0.39484691619873047,0.12036067247390747,False,0.06047946214675903,0.19281773269176483,0.05927646905183792,0.44832006096839905,1.7595460414886475
visformer_small,40,ILSVRC2012_val_00001753.JPEG,random_uniform,0.15,1,True,-0.08568191528320312,-0.016480714082717896,False,0.05240809917449951,0.13827677071094513,0.04204260930418968,0.39309102296829224,0.6323042511940002
visformer_small,41,ILSVRC2012_val_00001925.JPEG,random_uniform,0.15,1,True,0.1016073226928711,0.01847502589225769,False,0.03392183780670166,0.18569959700107574,0.06596051156520844,0.19496837258338928,1.0221668481826782
visformer_small,42,ILSVRC2012_val_00002002.JPEG,random_uniform,0.15,1,True,-0.3202824592590332,-0.10493439435958862,False,0.04182422161102295,0.1438923180103302,0.0589149110019207,0.15670207142829895,1.443484902381897
visformer_small,43,ILSVRC2012_val_00002073.JPEG,random_uniform,0.15,1,True,-0.016910552978515625,-0.0019009113311767578,False,0.06305515766143799,0.13620613515377045,0.05270836129784584,0.40851086378097534,0.8006963729858398
visformer_small,44,ILSVRC2012_val_00002159.JPEG,random_uniform,0.15,1,True,-0.1856555938720703,-0.019520297646522522,False,0.037132978439331055,0.1820690631866455,0.06963484734296799,0.38799047470092773,1.0932791233062744
visformer_small,45,ILSVRC2012_val_00002176.JPEG,random_uniform,0.15,1,True,-0.016116619110107422,-0.014433026313781738,False,0.040057480335235596,0.14905895292758942,0.04476293548941612,0.21552413702011108,0.9161956310272217
visformer_small,46,ILSVRC2012_val_00002183.JPEG,random_uniform,0.15,1,True,-0.018069744110107422,-0.01426723599433899,False,0.02627021074295044,0.16360221803188324,0.062055837363004684,0.5647353529930115,1.0169256925582886
visformer_small,47,ILSVRC2012_val_00002184.JPEG,random_uniform,0.15,1,True,0.2825741767883301,0.07145264744758606,False,0.03418451547622681,0.10526411980390549,0.036793049424886703,0.38157981634140015,1.3533940315246582
visformer_small,40,ILSVRC2012_val_00001753.JPEG,random_uniform,0.15,2,True,0.5517902374267578,0.25283151865005493,False,0.0621262788772583,0.1470952332019806,0.042696624994277954,0.45961499214172363,0.9952263832092285
visformer_small,41,ILSVRC2012_val_00001925.JPEG,random_uniform,0.15,2,True,0.22187423706054688,0.03874605894088745,False,0.028173625469207764,0.16498929262161255,0.06077250465750694,0.36421582102775574,1.0814038515090942
visformer_small,42,ILSVRC2012_val_00002002.JPEG,random_uniform,0.15,2,True,-0.010029315948486328,-0.008554220199584961,False,0.0193251371383667,0.1111367791891098,0.04768333584070206,0.23568689823150635,1.081899881362915
visformer_small,43,ILSVRC2012_val_00002073.JPEG,random_uniform,0.15,2,True,-0.11643409729003906,-0.031459301710128784,False,0.05962175130844116,0.12874215841293335,0.046078432351350784,0.2770839035511017,0.9623032808303833
visformer_small,44,ILSVRC2012_val_00002159.JPEG,random_uniform,0.15,2,True,0.20955467224121094,0.04752559959888458,False,0.04448515176773071,0.16659215092658997,0.05066165700554848,0.40014535188674927,1.4776980876922607
visformer_small,45,ILSVRC2012_val_00002176.JPEG,random_uniform,0.15,2,True,0.17130613327026367,0.05907967686653137,False,0.04754829406738281,0.17327909171581268,0.04528012126684189,0.25771307945251465,0.9273208379745483
visformer_small,46,ILSVRC2012_val_00002183.JPEG,random_uniform,0.15,2,True,-0.42551088333129883,-0.11336776614189148,False,0.05336576700210571,0.18659235537052155,0.05012471601366997,0.3977436423301697,0.6731459498405457
visformer_small,47,ILSVRC2012_val_00002184.JPEG,random_uniform,0.15,2,True,0.1892223358154297,0.04649639129638672,False,0.0516851544380188,0.13647490739822388,0.040002670139074326,0.4224810004234314,1.2100224494934082
visformer_small,40,ILSVRC2012_val_00001753.JPEG,random_uniform,0.15,3,True,0.18739700317382812,0.12927836179733276,False,0.06905257701873779,0.19794954359531403,0.037757162004709244,0.342464417219162,0.8496189117431641
visformer_small,41,ILSVRC2012_val_00001925.JPEG,random_uniform,0.15,3,True,-0.014248847961425781,0.0013178586959838867,False,0.039330482482910156,0.17200027406215668,0.06729718297719955,0.281880259513855,0.9500257968902588
visformer_small,42,ILSVRC2012_val_00002002.JPEG,random_uniform,0.15,3,True,-0.40195178985595703,-0.13025695085525513,False,0.03829073905944824,0.15721282362937927,0.0567672960460186,0.35972860455513,0.6449754238128662
visformer_small,43,ILSVRC2012_val_00002073.JPEG,random_uniform,0.15,3,True,-0.16231918334960938,-0.04568102955818176,False,0.06753647327423096,0.16973039507865906,0.05110809952020645,0.3194834291934967,0.7950919270515442
visformer_small,44,ILSVRC2012_val_00002159.JPEG,random_uniform,0.15,3,True,0.24311065673828125,0.04456287622451782,False,0.03631412982940674,0.17625397443771362,0.06594757735729218,0.44912612438201904,1.488263487815857
visformer_small,45,ILSVRC2012_val_00002176.JPEG,random_uniform,0.15,3,True,-0.013325214385986328,-0.0028262436389923096,False,0.050699710845947266,0.16702793538570404,0.04817824065685272,0.36370569467544556,0.8181391358375549
visformer_small,46,ILSVRC2012_val_00002183.JPEG,random_uniform,0.15,3,True,-0.17203664779663086,-0.058664947748184204,False,0.046943724155426025,0.18558168411254883,0.057303328067064285,0.36670494079589844,0.854037880897522
visformer_small,47,ILSVRC2012_val_00002184.JPEG,random_uniform,0.15,3,True,-0.12619972229003906,-0.03709563612937927,False,0.0626215934753418,0.1946793496608734,0.06312114745378494,0.4556783139705658,1.0269012451171875
visformer_small,40,ILSVRC2012_val_00001753.JPEG,score_deviation_extreme,0.15,0,True,0.08224010467529297,0.04330366849899292,False,0.06640887260437012,0.15656360983848572,0.036512069404125214,0.3621440827846527,0.661864161491394
visformer_small,41,ILSVRC2012_val_00001925.JPEG,score_deviation_extreme,0.15,0,True,-0.2043447494506836,-0.02422964572906494,False,0.061346232891082764,0.09321029484272003,0.03550197184085846,0.24146828055381775,1.7751260995864868
visformer_small,42,ILSVRC2012_val_00002002.JPEG,score_deviation_extreme,0.15,0,True,-0.14386272430419922,-0.05379980802536011,False,0.0175093412399292,0.07180526107549667,0.03409750014543533,0.2632395029067993,0.8924682140350342
visformer_small,43,ILSVRC2012_val_00002073.JPEG,score_deviation_extreme,0.15,0,True,-0.14873504638671875,-0.026390522718429565,False,0.08930027484893799,0.0926557257771492,0.038683727383613586,0.3526220917701721,0.8110426068305969
visformer_small,44,ILSVRC2012_val_00002159.JPEG,score_deviation_extreme,0.15,0,True,-0.0668344497680664,-0.01055242121219635,False,0.02625870704650879,0.12365064024925232,0.04788893833756447,0.4369291067123413,1.1661522388458252
visformer_small,45,ILSVRC2012_val_00002176.JPEG,score_deviation_extreme,0.15,0,True,0.21793603897094727,0.0696101188659668,False,0.04672175645828247,0.07523138076066971,0.027883559465408325,0.1387094408273697,1.0604857206344604
visformer_small,46,ILSVRC2012_val_00002183.JPEG,score_deviation_extreme,0.15,0,True,-0.10431861877441406,-0.04194977879524231,False,0.02788221836090088,0.06691917777061462,0.022359566763043404,0.47348645329475403,0.7268881797790527
visformer_small,47,ILSVRC2012_val_00002184.JPEG,score_deviation_extreme,0.15,0,True,0.1862173080444336,0.05500960350036621,False,0.07363718748092651,0.1303282082080841,0.03449422866106033,0.5604124069213867,1.1656614542007446
visformer_small,40,ILSVRC2012_val_00001753.JPEG,score_deviation_extreme,0.15,1,True,0.08224010467529297,0.04330366849899292,False,0.06640887260437012,0.15656360983848572,0.036512069404125214,0.3621440529823303,0.6618642210960388
visformer_small,41,ILSVRC2012_val_00001925.JPEG,score_deviation_extreme,0.15,1,True,-0.2043447494506836,-0.02422964572906494,False,0.061346232891082764,0.09321029484272003,0.03550197184085846,0.24146828055381775,1.7751260995864868
visformer_small,42,ILSVRC2012_val_00002002.JPEG,score_deviation_extreme,0.15,1,True,-0.14386272430419922,-0.05379980802536011,False,0.0175093412399292,0.07180526107549667,0.03409750014543533,0.2632395029067993,0.8924682140350342
visformer_small,43,ILSVRC2012_val_00002073.JPEG,score_deviation_extreme,0.15,1,True,-0.14873504638671875,-0.026390522718429565,False,0.08930027484893799,0.0926557257771492,0.038683727383613586,0.3526220917701721,0.8110426068305969
visformer_small,44,ILSVRC2012_val_00002159.JPEG,score_deviation_extreme,0.15,1,True,-0.0668344497680664,-0.01055242121219635,False,0.02625870704650879,0.12365064024925232,0.04788893833756447,0.4369291067123413,1.1661522388458252
visformer_small,45,ILSVRC2012_val_00002176.JPEG,score_deviation_extreme,0.15,1,True,0.21793603897094727,0.0696101188659668,False,0.04672175645828247,0.07523138076066971,0.027883559465408325,0.1387094408273697,1.0604857206344604
visformer_small,46,ILSVRC2012_val_00002183.JPEG,score_deviation_extreme,0.15,1,True,-0.10431861877441406,-0.04194977879524231,False,0.02788221836090088,0.06691917777061462,0.022359566763043404,0.47348642349243164,0.7268881797790527
visformer_small,47,ILSVRC2012_val_00002184.JPEG,score_deviation_extreme,0.15,1,True,0.1862173080444336,0.05500960350036621,False,0.07363718748092651,0.1303282082080841,0.03449422866106033,0.5604124069213867,1.1656614542007446
visformer_small,40,ILSVRC2012_val_00001753.JPEG,score_deviation_extreme,0.15,2,True,0.08224010467529297,0.04330366849899292,False,0.06640887260437012,0.15656360983848572,0.036512069404125214,0.3621440529823303,0.6618642210960388
visformer_small,41,ILSVRC2012_val_00001925.JPEG,score_deviation_extreme,0.15,2,True,-0.2043447494506836,-0.02422964572906494,False,0.061346232891082764,0.09321029484272003,0.03550197184085846,0.24146828055381775,1.7751260995864868
visformer_small,42,ILSVRC2012_val_00002002.JPEG,score_deviation_extreme,0.15,2,True,-0.14386272430419922,-0.05379980802536011,False,0.0175093412399292,0.07180526107549667,0.03409750014543533,0.2632395029067993,0.8924682140350342
visformer_small,43,ILSVRC2012_val_00002073.JPEG,score_deviation_extreme,0.15,2,True,-0.14873504638671875,-0.026390522718429565,False,0.08930027484893799,0.0926557257771492,0.038683727383613586,0.3526220917701721,0.8110426068305969
visformer_small,44,ILSVRC2012_val_00002159.JPEG,score_deviation_extreme,0.15,2,True,-0.0668344497680664,-0.01055242121219635,False,0.02625870704650879,0.12365064024925232,0.04788893833756447,0.4369291067123413,1.1661522388458252
visformer_small,45,ILSVRC2012_val_00002176.JPEG,score_deviation_extreme,0.15,2,True,0.21793603897094727,0.0696101188659668,False,0.04672175645828247,0.07523138076066971,0.027883559465408325,0.1387094259262085,1.0604857206344604
visformer_small,46,ILSVRC2012_val_00002183.JPEG,score_deviation_extreme,0.15,2,True,-0.10431861877441406,-0.04194977879524231,False,0.02788221836090088,0.06691917777061462,0.022359566763043404,0.47348636388778687,0.7268882393836975
visformer_small,47,ILSVRC2012_val_00002184.JPEG,score_deviation_extreme,0.15,2,True,0.1862173080444336,0.05500960350036621,False,0.07363718748092651,0.1303282082080841,0.03449422866106033,0.5604124069213867,1.1656614542007446
visformer_small,40,ILSVRC2012_val_00001753.JPEG,score_deviation_extreme,0.15,3,True,0.08224010467529297,0.04330366849899292,False,0.06640887260437012,0.15656360983848572,0.036512069404125214,0.3621440529823303,0.6618642210960388
visformer_small,41,ILSVRC2012_val_00001925.JPEG,score_deviation_extreme,0.15,3,True,-0.2043447494506836,-0.02422964572906494,False,0.061346232891082764,0.09321029484272003,0.03550197184085846,0.24146828055381775,1.7751260995864868
visformer_small,42,ILSVRC2012_val_00002002.JPEG,score_deviation_extreme,0.15,3,True,-0.14386272430419922,-0.05379980802536011,False,0.0175093412399292,0.07180526107549667,0.03409750014543533,0.2632395029067993,0.8924682140350342
visformer_small,43,ILSVRC2012_val_00002073.JPEG,score_deviation_extreme,0.15,3,True,-0.14873504638671875,-0.026390522718429565,False,0.08930027484893799,0.0926557257771492,0.038683727383613586,0.3526220917701721,0.8110426068305969
visformer_small,44,ILSVRC2012_val_00002159.JPEG,score_deviation_extreme,0.15,3,True,-0.0668344497680664,-0.01055242121219635,False,0.02625870704650879,0.12365064024925232,0.04788893833756447,0.4369291067123413,1.1661522388458252
visformer_small,45,ILSVRC2012_val_00002176.JPEG,score_deviation_extreme,0.15,3,True,0.21793603897094727,0.0696101188659668,False,0.04672175645828247,0.07523138076066971,0.027883559465408325,0.1387094259262085,1.0604857206344604
visformer_small,46,ILSVRC2012_val_00002183.JPEG,score_deviation_extreme,0.15,3,True,-0.10431861877441406,-0.04194977879524231,False,0.02788221836090088,0.06691917777061462,0.022359566763043404,0.47348642349243164,0.7268881797790527
visformer_small,47,ILSVRC2012_val_00002184.JPEG,score_deviation_extreme,0.15,3,True,0.1862173080444336,0.05500960350036621,False,0.07363718748092651,0.1303282082080841,0.03449422866106033,0.5604124069213867,1.1656614542007446
visformer_small,48,ILSVRC2012_val_00002311.JPEG,high_score_extreme,0.15,0,True,-0.008971214294433594,0.026823729276657104,False,0.07894814014434814,0.16556072235107422,0.0738477036356926,0.23074540495872498,1.659390926361084
visformer_small,49,ILSVRC2012_val_00002347.JPEG,high_score_extreme,0.15,0,True,0.32111167907714844,0.05637900531291962,False,0.04388153553009033,0.23490233719348907,0.056937798857688904,0.040192749351263046,1.4992091655731201
visformer_small,50,ILSVRC2012_val_00002464.JPEG,high_score_extreme,0.15,0,True,0.03545379638671875,0.038136810064315796,False,0.05066263675689697,0.17288026213645935,0.058379266411066055,0.512850284576416,1.1817615032196045
visformer_small,51,ILSVRC2012_val_00002533.JPEG,high_score_extreme,0.15,0,True,0.027557373046875,0.037994444370269775,False,0.03543531894683838,0.1693752110004425,0.061922941356897354,0.4333649277687073,1.174400806427002
visformer_small,52,ILSVRC2012_val_00002583.JPEG,high_score_extreme,0.15,0,True,0.16620922088623047,0.04423835873603821,False,0.05385267734527588,0.17240484058856964,0.05889599025249481,0.24864836037158966,2.0159049034118652
visformer_small,53,ILSVRC2012_val_00002614.JPEG,high_score_extreme,0.15,0,True,0.18579435348510742,0.05245405435562134,False,0.04490786790847778,0.16514264047145844,0.07299651205539703,0.4233311712741852,0.8495644927024841
visformer_small,54,ILSVRC2012_val_00002716.JPEG,high_score_extreme,0.15,0,True,0.1572580337524414,0.07338762283325195,False,0.027451634407043457,0.19058555364608765,0.07100413739681244,0.6357540488243103,0.933838963508606
visformer_small,55,ILSVRC2012_val_00002733.JPEG,high_score_extreme,0.15,0,True,0.2940073013305664,0.05531652271747589,False,0.06884348392486572,0.18655437231063843,0.05456988140940666,0.3465214669704437,1.4292405843734741
visformer_small,48,ILSVRC2012_val_00002311.JPEG,high_score_extreme,0.15,1,True,-0.008971214294433594,0.026823729276657104,False,0.07894814014434814,0.16556072235107422,0.0738477036356926,0.23074540495872498,1.659390926361084
visformer_small,49,ILSVRC2012_val_00002347.JPEG,high_score_extreme,0.15,1,True,0.32111167907714844,0.05637900531291962,False,0.04388153553009033,0.23490233719348907,0.056937798857688904,0.040192749351263046,1.4992091655731201
visformer_small,50,ILSVRC2012_val_00002464.JPEG,high_score_extreme,0.15,1,True,0.03545379638671875,0.038136810064315796,False,0.05066263675689697,0.17288026213645935,0.058379266411066055,0.512850284576416,1.1817615032196045
visformer_small,51,ILSVRC2012_val_00002533.JPEG,high_score_extreme,0.15,1,True,0.027557373046875,0.037994444370269775,False,0.03543531894683838,0.1693752110004425,0.061922941356897354,0.4333648979663849,1.1744009256362915
visformer_small,52,ILSVRC2012_val_00002583.JPEG,high_score_extreme,0.15,1,True,0.16620922088623047,0.04423835873603821,False,0.05385267734527588,0.17240484058856964,0.05889599025249481,0.24864836037158966,2.0159049034118652
visformer_small,53,ILSVRC2012_val_00002614.JPEG,high_score_extreme,0.15,1,True,0.18579435348510742,0.05245405435562134,False,0.04490786790847778,0.16514264047145844,0.07299651205539703,0.4233311414718628,0.8495644927024841
visformer_small,54,ILSVRC2012_val_00002716.JPEG,high_score_extreme,0.15,1,True,0.1572580337524414,0.07338762283325195,False,0.027451634407043457,0.19058555364608765,0.07100413739681244,0.6357540488243103,0.933838963508606
visformer_small,55,ILSVRC2012_val_00002733.JPEG,high_score_extreme,0.15,1,True,0.2940073013305664,0.05531652271747589,False,0.06884348392486572,0.18655437231063843,0.05456988140940666,0.3465214967727661,1.4292404651641846
visformer_small,48,ILSVRC2012_val_00002311.JPEG,high_score_extreme,0.15,2,True,-0.008971214294433594,0.026823729276657104,False,0.07894814014434814,0.16556072235107422,0.0738477036356926,0.23074540495872498,1.659390926361084
visformer_small,49,ILSVRC2012_val_00002347.JPEG,high_score_extreme,0.15,2,True,0.32111167907714844,0.05637900531291962,False,0.04388153553009033,0.23490233719348907,0.056937798857688904,0.040192749351263046,1.4992091655731201
visformer_small,50,ILSVRC2012_val_00002464.JPEG,high_score_extreme,0.15,2,True,0.03545379638671875,0.038136810064315796,False,0.05066263675689697,0.17288026213645935,0.058379266411066055,0.512850284576416,1.1817615032196045
visformer_small,51,ILSVRC2012_val_00002533.JPEG,high_score_extreme,0.15,2,True,0.027557373046875,0.037994444370269775,False,0.03543531894683838,0.1693752110004425,0.061922941356897354,0.4333649277687073,1.1744009256362915
visformer_small,52,ILSVRC2012_val_00002583.JPEG,high_score_extreme,0.15,2,True,0.16620922088623047,0.04423835873603821,False,0.05385267734527588,0.17240484058856964,0.05889599025249481,0.24864836037158966,2.0159049034118652
visformer_small,53,ILSVRC2012_val_00002614.JPEG,high_score_extreme,0.15,2,True,0.18579435348510742,0.05245405435562134,False,0.04490786790847778,0.16514264047145844,0.07299651205539703,0.4233311414718628,0.8495644927024841
visformer_small,54,ILSVRC2012_val_00002716.JPEG,high_score_extreme,0.15,2,True,0.1572580337524414,0.07338762283325195,False,0.027451634407043457,0.19058555364608765,0.07100413739681244,0.6357540488243103,0.933838963508606
visformer_small,55,ILSVRC2012_val_00002733.JPEG,high_score_extreme,0.15,2,True,0.2940073013305664,0.05531652271747589,False,0.06884348392486572,0.18655437231063843,0.05456988140940666,0.3465214967727661,1.4292404651641846
visformer_small,48,ILSVRC2012_val_00002311.JPEG,high_score_extreme,0.15,3,True,-0.008971214294433594,0.026823729276657104,False,0.07894814014434814,0.16556072235107422,0.0738477036356926,0.23074540495872498,1.659390926361084
visformer_small,49,ILSVRC2012_val_00002347.JPEG,high_score_extreme,0.15,3,True,0.32111167907714844,0.05637900531291962,False,0.04388153553009033,0.23490233719348907,0.056937798857688904,0.040192749351263046,1.4992091655731201
visformer_small,50,ILSVRC2012_val_00002464.JPEG,high_score_extreme,0.15,3,True,0.03545379638671875,0.038136810064315796,False,0.05066263675689697,0.17288026213645935,0.058379266411066055,0.512850284576416,1.1817615032196045
visformer_small,51,ILSVRC2012_val_00002533.JPEG,high_score_extreme,0.15,3,True,0.027557373046875,0.037994444370269775,False,0.03543531894683838,0.1693752110004425,0.061922941356897354,0.43336495757102966,1.174400806427002
visformer_small,52,ILSVRC2012_val_00002583.JPEG,high_score_extreme,0.15,3,True,0.16620922088623047,0.04423835873603821,False,0.05385267734527588,0.17240484058856964,0.05889599025249481,0.24864834547042847,2.0159049034118652
visformer_small,53,ILSVRC2012_val_00002614.JPEG,high_score_extreme,0.15,3,True,0.18579435348510742,0.05245405435562134,False,0.04490786790847778,0.16514264047145844,0.07299651205539703,0.4233311414718628,0.8495644927024841
visformer_small,54,ILSVRC2012_val_00002716.JPEG,high_score_extreme,0.15,3,True,0.1572580337524414,0.07338762283325195,False,0.027451634407043457,0.19058555364608765,0.07100413739681244,0.6357540488243103,0.933838963508606
visformer_small,55,ILSVRC2012_val_00002733.JPEG,high_score_extreme,0.15,3,True,0.2940073013305664,0.05531652271747589,False,0.06884348392486572,0.18655437231063843,0.05456988140940666,0.3465214967727661,1.4292404651641846
visformer_small,48,ILSVRC2012_val_00002311.JPEG,low_score_extreme,0.15,0,True,0.07348823547363281,0.03285861015319824,False,0.058400511741638184,0.0823250263929367,0.0464598685503006,0.2959256172180176,1.1976573467254639
visformer_small,49,ILSVRC2012_val_00002347.JPEG,low_score_extreme,0.15,0,True,0.5652637481689453,0.11722351610660553,False,0.0247952938079834,0.06071299687027931,0.021500837057828903,0.42771002650260925,1.0755432844161987
visformer_small,50,ILSVRC2012_val_00002464.JPEG,low_score_extreme,0.15,0,True,0.12557411193847656,0.04226928949356079,False,0.048960864543914795,0.05910515785217285,0.030534528195858,0.5254887342453003,1.0316002368927002
visformer_small,51,ILSVRC2012_val_00002533.JPEG,low_score_extreme,0.15,0,True,0.1135869026184082,0.06474649906158447,False,0.019054055213928223,0.09374725073575974,0.03181515634059906,0.5216391086578369,1.0760185718536377
visformer_small,52,ILSVRC2012_val_00002583.JPEG,low_score_extreme,0.15,0,True,0.20215129852294922,0.0840044915676117,False,0.08100640773773193,0.10419268161058426,0.04197879880666733,0.2601504623889923,2.3441288471221924
visformer_small,53,ILSVRC2012_val_00002614.JPEG,low_score_extreme,0.15,0,True,0.17359304428100586,0.06715807318687439,False,0.05302631855010986,0.07866329699754715,0.029509862884879112,0.5985873341560364,1.065383791923523
visformer_small,54,ILSVRC2012_val_00002716.JPEG,low_score_extreme,0.15,0,True,-0.011228084564208984,-0.024719834327697754,False,0.024434208869934082,0.06247599422931671,0.028511248528957367,0.6000578999519348,0.8603757619857788
visformer_small,55,ILSVRC2012_val_00002733.JPEG,low_score_extreme,0.15,0,True,-0.2566699981689453,-0.037490710616111755,False,0.041124939918518066,0.06979724019765854,0.027295337989926338,0.4230700135231018,0.9416764974594116
visformer_small,48,ILSVRC2012_val_00002311.JPEG,low_score_extreme,0.15,1,True,0.07348823547363281,0.03285861015319824,False,0.058400511741638184,0.0823250263929367,0.0464598685503006,0.2959256172180176,1.1976573467254639
visformer_small,49,ILSVRC2012_val_00002347.JPEG,low_score_extreme,0.15,1,True,0.5652637481689453,0.11722351610660553,False,0.0247952938079834,0.06071299687027931,0.021500837057828903,0.42771002650260925,1.0755432844161987
visformer_small,50,ILSVRC2012_val_00002464.JPEG,low_score_extreme,0.15,1,True,0.12557411193847656,0.04226928949356079,False,0.048960864543914795,0.05910515785217285,0.030534528195858,0.5254887342453003,1.0316002368927002
visformer_small,51,ILSVRC2012_val_00002533.JPEG,low_score_extreme,0.15,1,True,0.1135869026184082,0.06474649906158447,False,0.019054055213928223,0.09374725073575974,0.03181515634059906,0.5216391086578369,1.0760185718536377
visformer_small,52,ILSVRC2012_val_00002583.JPEG,low_score_extreme,0.15,1,True,0.20215129852294922,0.0840044915676117,False,0.08100640773773193,0.10419268161058426,0.04197879880666733,0.2601504325866699,2.3441288471221924
visformer_small,53,ILSVRC2012_val_00002614.JPEG,low_score_extreme,0.15,1,True,0.17359304428100586,0.06715807318687439,False,0.05302631855010986,0.07866329699754715,0.029509862884879112,0.5985873937606812,1.0653836727142334
visformer_small,54,ILSVRC2012_val_00002716.JPEG,low_score_extreme,0.15,1,True,-0.011228084564208984,-0.024719834327697754,False,0.024434208869934082,0.06247599422931671,0.028511248528957367,0.6000579595565796,0.860375702381134
visformer_small,55,ILSVRC2012_val_00002733.JPEG,low_score_extreme,0.15,1,True,-0.2566699981689453,-0.037490710616111755,False,0.041124939918518066,0.06979724019765854,0.027295337989926338,0.4230700135231018,0.9416764974594116
visformer_small,48,ILSVRC2012_val_00002311.JPEG,low_score_extreme,0.15,2,True,0.07348823547363281,0.03285861015319824,False,0.058400511741638184,0.0823250263929367,0.0464598685503006,0.29592564702033997,1.1976573467254639
visformer_small,49,ILSVRC2012_val_00002347.JPEG,low_score_extreme,0.15,2,True,0.5652637481689453,0.11722351610660553,False,0.0247952938079834,0.06071299687027931,0.021500837057828903,0.42771002650260925,1.0755432844161987
visformer_small,50,ILSVRC2012_val_00002464.JPEG,low_score_extreme,0.15,2,True,0.12557411193847656,0.04226928949356079,False,0.048960864543914795,0.05910515785217285,0.030534528195858,0.5254887342453003,1.0316002368927002
visformer_small,51,ILSVRC2012_val_00002533.JPEG,low_score_extreme,0.15,2,True,0.1135869026184082,0.06474649906158447,False,0.019054055213928223,0.09374725073575974,0.03181515634059906,0.5216391086578369,1.0760185718536377
visformer_small,52,ILSVRC2012_val_00002583.JPEG,low_score_extreme,0.15,2,True,0.20215129852294922,0.0840044915676117,False,0.08100640773773193,0.10419268161058426,0.04197879880666733,0.2601504623889923,2.3441288471221924
visformer_small,53,ILSVRC2012_val_00002614.JPEG,low_score_extreme,0.15,2,True,0.17359304428100586,0.06715807318687439,False,0.05302631855010986,0.07866329699754715,0.029509862884879112,0.5985872745513916,1.065383791923523
visformer_small,54,ILSVRC2012_val_00002716.JPEG,low_score_extreme,0.15,2,True,-0.011228084564208984,-0.024719834327697754,False,0.024434208869934082,0.06247599422931671,0.028511248528957367,0.6000578999519348,0.8603757619857788
visformer_small,55,ILSVRC2012_val_00002733.JPEG,low_score_extreme,0.15,2,True,-0.2566699981689453,-0.037490710616111755,False,0.041124939918518066,0.06979724019765854,0.027295337989926338,0.4230700135231018,0.9416764974594116
visformer_small,48,ILSVRC2012_val_00002311.JPEG,low_score_extreme,0.15,3,True,0.07348823547363281,0.03285861015319824,False,0.058400511741638184,0.0823250263929367,0.0464598685503006,0.29592564702033997,1.1976573467254639
visformer_small,49,ILSVRC2012_val_00002347.JPEG,low_score_extreme,0.15,3,True,0.5652637481689453,0.11722351610660553,False,0.0247952938079834,0.06071299687027931,0.021500837057828903,0.42771002650260925,1.0755432844161987
visformer_small,50,ILSVRC2012_val_00002464.JPEG,low_score_extreme,0.15,3,True,0.12557411193847656,0.04226928949356079,False,0.048960864543914795,0.05910515785217285,0.030534528195858,0.5254887342453003,1.0316002368927002
visformer_small,51,ILSVRC2012_val_00002533.JPEG,low_score_extreme,0.15,3,True,0.1135869026184082,0.06474649906158447,False,0.019054055213928223,0.09374725073575974,0.03181515634059906,0.5216391682624817,1.0760185718536377
visformer_small,52,ILSVRC2012_val_00002583.JPEG,low_score_extreme,0.15,3,True,0.20215129852294922,0.0840044915676117,False,0.08100640773773193,0.10419268161058426,0.04197879880666733,0.2601504623889923,2.3441288471221924
visformer_small,53,ILSVRC2012_val_00002614.JPEG,low_score_extreme,0.15,3,True,0.17359304428100586,0.06715807318687439,False,0.05302631855010986,0.07866329699754715,0.029509862884879112,0.5985872745513916,1.065383791923523
visformer_small,54,ILSVRC2012_val_00002716.JPEG,low_score_extreme,0.15,3,True,-0.011228084564208984,-0.024719834327697754,False,0.024434208869934082,0.06247599422931671,0.028511248528957367,0.60005784034729,0.8603757619857788
visformer_small,55,ILSVRC2012_val_00002733.JPEG,low_score_extreme,0.15,3,True,-0.2566699981689453,-0.037490710616111755,False,0.041124939918518066,0.06979724019765854,0.027295337989926338,0.4230700135231018,0.9416764974594116
visformer_small,48,ILSVRC2012_val_00002311.JPEG,random_uniform,0.15,0,True,-0.11356735229492188,-0.002836942672729492,False,0.07715678215026855,0.16397492587566376,0.07253807038068771,0.20260891318321228,1.1802209615707397
visformer_small,49,ILSVRC2012_val_00002347.JPEG,random_uniform,0.15,0,True,0.39409446716308594,0.08016540110111237,False,0.027132511138916016,0.13905537128448486,0.03703777492046356,0.04103931412100792,1.1340821981430054
visformer_small,50,ILSVRC2012_val_00002464.JPEG,random_uniform,0.15,0,True,-0.011721611022949219,0.04145202040672302,False,0.0516200065612793,0.12047691643238068,0.04332583770155907,0.4963631331920624,1.2715293169021606
visformer_small,51,ILSVRC2012_val_00002533.JPEG,random_uniform,0.15,0,True,-0.2792820930480957,-0.10440707206726074,False,0.02840268611907959,0.12870445847511292,0.043464746326208115,0.41133952140808105,0.7689722180366516
visformer_small,52,ILSVRC2012_val_00002583.JPEG,random_uniform,0.15,0,True,-0.06053447723388672,-0.01829710602760315,False,0.03452742099761963,0.15648512542247772,0.04105706512928009,0.4148380160331726,1.3814029693603516
visformer_small,53,ILSVRC2012_val_00002614.JPEG,random_uniform,0.15,0,True,0.09094095230102539,0.044295936822891235,False,0.05388122797012329,0.15331092476844788,0.06986197829246521,0.436750203371048,1.2640900611877441
visformer_small,54,ILSVRC2012_val_00002716.JPEG,random_uniform,0.15,0,True,-0.3617820739746094,-0.1923152208328247,False,0.02909475564956665,0.14214427769184113,0.049853648990392685,0.5779334306716919,0.9718118906021118
visformer_small,55,ILSVRC2012_val_00002733.JPEG,random_uniform,0.15,0,True,0.2319936752319336,0.04325045645236969,False,0.060597777366638184,0.1321360021829605,0.035928234457969666,0.43594998121261597,1.3758649826049805
visformer_small,48,ILSVRC2012_val_00002311.JPEG,random_uniform,0.15,1,True,0.11082649230957031,0.07304343581199646,False,0.10914933681488037,0.21467150747776031,0.08786144107580185,0.24074937403202057,1.6666432619094849
visformer_small,49,ILSVRC2012_val_00002347.JPEG,random_uniform,0.15,1,True,0.3509206771850586,0.061316266655921936,False,0.03969013690948486,0.15442632138729095,0.03962588682770729,0.3545265793800354,1.2124607563018799
visformer_small,50,ILSVRC2012_val_00002464.JPEG,random_uniform,0.15,1,True,0.061409950256347656,0.08623683452606201,False,0.06898987293243408,0.1549576371908188,0.060202401131391525,0.4133661985397339,1.438099980354309
visformer_small,51,ILSVRC2012_val_00002533.JPEG,random_uniform,0.15,1,True,-0.3201479911804199,-0.12021070718765259,False,0.03720366954803467,0.14353731274604797,0.04951448738574982,0.4477776885032654,0.7310637831687927
visformer_small,52,ILSVRC2012_val_00002583.JPEG,random_uniform,0.15,1,True,0.22105979919433594,0.061078041791915894,False,0.04824364185333252,0.14446452260017395,0.05742206051945686,0.3112540543079376,1.6121727228164673
visformer_small,53,ILSVRC2012_val_00002614.JPEG,random_uniform,0.15,1,True,0.28006553649902344,0.1143643856048584,False,0.06298691034317017,0.1994292438030243,0.07107514888048172,0.4256669878959656,1.8957632780075073
visformer_small,54,ILSVRC2012_val_00002716.JPEG,random_uniform,0.15,1,True,-0.3580946922302246,-0.22481584548950195,False,0.028286337852478027,0.11558898538351059,0.038838084787130356,0.4136123061180115,0.8921284079551697
visformer_small,55,ILSVRC2012_val_00002733.JPEG,random_uniform,0.15,1,True,0.028179168701171875,0.0041806697845458984,False,0.04819750785827637,0.1417723149061203,0.046255894005298615,0.3360300660133362,1.3411285877227783
visformer_small,48,ILSVRC2012_val_00002311.JPEG,random_uniform,0.15,2,True,-0.034262657165527344,0.007196873426437378,False,0.07049381732940674,0.14886444807052612,0.06760223954916,0.2047295719385147,1.4054844379425049
visformer_small,49,ILSVRC2012_val_00002347.JPEG,random_uniform,0.15,2,True,0.4464397430419922,0.08719991147518158,False,0.0283811092376709,0.15833717584609985,0.04513147845864296,0.07669783383607864,1.0638996362686157
visformer_small,50,ILSVRC2012_val_00002464.JPEG,random_uniform,0.15,2,True,-0.010446548461914062,0.03962138295173645,False,0.08526188135147095,0.16881123185157776,0.06356523931026459,0.6585301756858826,1.1297942399978638
visformer_small,51,ILSVRC2012_val_00002533.JPEG,random_uniform,0.15,2,True,-0.13101434707641602,-0.029935896396636963,False,0.03798353672027588,0.14938963949680328,0.045540306717157364,0.4248397946357727,0.9326688647270203
visformer_small,52,ILSVRC2012_val_00002583.JPEG,random_uniform,0.15,2,True,-0.04366111755371094,-0.010821670293807983,False,0.05715090036392212,0.1682254523038864,0.0680910125374794,0.27362948656082153,1.3665533065795898
visformer_small,53,ILSVRC2012_val_00002614.JPEG,random_uniform,0.15,2,True,0.2748589515686035,0.11535423994064331,False,0.05108708143234253,0.15710344910621643,0.06584104895591736,0.4539543390274048,1.5213044881820679
visformer_small,54,ILSVRC2012_val_00002716.JPEG,random_uniform,0.15,2,True,-0.12812376022338867,-0.0917513370513916,False,0.028711795806884766,0.16001924872398376,0.04578832909464836,0.6547447443008423,0.8779029250144958
visformer_small,55,ILSVRC2012_val_00002733.JPEG,random_uniform,0.15,2,True,-0.055533409118652344,-0.0034022927284240723,False,0.06378567218780518,0.13464167714118958,0.04469157010316849,0.402408629655838,1.0934371948242188
visformer_small,48,ILSVRC2012_val_00002311.JPEG,random_uniform,0.15,3,True,-0.04821205139160156,0.013938337564468384,False,0.07832849025726318,0.1643822193145752,0.06468450278043747,0.16087296605110168,1.3544964790344238
visformer_small,49,ILSVRC2012_val_00002347.JPEG,random_uniform,0.15,3,True,0.2367706298828125,0.03963695466518402,False,0.029966115951538086,0.1831769049167633,0.0411837063729763,0.20377911627292633,1.3258432149887085
visformer_small,50,ILSVRC2012_val_00002464.JPEG,random_uniform,0.15,3,True,0.12807273864746094,0.06227302551269531,False,0.06430673599243164,0.183073952794075,0.06486251950263977,0.32644498348236084,1.2479429244995117
visformer_small,51,ILSVRC2012_val_00002533.JPEG,random_uniform,0.15,3,True,-0.02023792266845703,0.001957237720489502,False,0.022353053092956543,0.10532762855291367,0.046404264867305756,0.5670385360717773,1.0732789039611816
visformer_small,52,ILSVRC2012_val_00002583.JPEG,random_uniform,0.15,3,True,0.24153518676757812,0.06713831424713135,False,0.03604471683502197,0.11547168344259262,0.049175262451171875,0.34607601165771484,1.4847708940505981
visformer_small,53,ILSVRC2012_val_00002614.JPEG,random_uniform,0.15,3,True,-0.32224464416503906,-0.08806648850440979,False,0.05542796850204468,0.15183304250240326,0.05533540993928909,0.4095180630683899,0.735345721244812
visformer_small,54,ILSVRC2012_val_00002716.JPEG,random_uniform,0.15,3,True,-0.05539703369140625,-0.0431976318359375,False,0.03441119194030762,0.1592831015586853,0.04159926623106003,0.5824361443519592,0.9988517761230469
visformer_small,55,ILSVRC2012_val_00002733.JPEG,random_uniform,0.15,3,True,0.07992076873779297,0.009778738021850586,False,0.03810817003250122,0.17639626562595367,0.054666172713041306,0.3659139573574066,1.2162965536117554
visformer_small,48,ILSVRC2012_val_00002311.JPEG,score_deviation_extreme,0.15,0,True,0.07348823547363281,0.03285861015319824,False,0.058400511741638184,0.0823250263929367,0.0464598685503006,0.29592564702033997,1.1976573467254639
visformer_small,49,ILSVRC2012_val_00002347.JPEG,score_deviation_extreme,0.15,0,True,0.49995994567871094,0.10561175644397736,False,0.020583629608154297,0.06445027887821198,0.021528147161006927,0.38919681310653687,1.189740538597107
visformer_small,50,ILSVRC2012_val_00002464.JPEG,score_deviation_extreme,0.15,0,True,0.12557411193847656,0.04226928949356079,False,0.048960864543914795,0.05910515785217285,0.030534528195858,0.5254887342453003,1.0316002368927002
visformer_small,51,ILSVRC2012_val_00002533.JPEG,score_deviation_extreme,0.15,0,True,0.1135869026184082,0.06474649906158447,False,0.019054055213928223,0.09374725073575974,0.03181515634059906,0.5216391086578369,1.0760185718536377
visformer_small,52,ILSVRC2012_val_00002583.JPEG,score_deviation_extreme,0.15,0,True,0.20215129852294922,0.0840044915676117,False,0.08100640773773193,0.10419268161058426,0.04197879880666733,0.2601504623889923,2.3441288471221924
visformer_small,53,ILSVRC2012_val_00002614.JPEG,score_deviation_extreme,0.15,0,True,0.17359304428100586,0.06715807318687439,False,0.05302631855010986,0.07866329699754715,0.029509862884879112,0.5985873341560364,1.065383791923523
visformer_small,54,ILSVRC2012_val_00002716.JPEG,score_deviation_extreme,0.15,0,True,-0.011228084564208984,-0.024719834327697754,False,0.024434208869934082,0.06247599422931671,0.028511248528957367,0.60005784034729,0.8603757619857788
visformer_small,55,ILSVRC2012_val_00002733.JPEG,score_deviation_extreme,0.15,0,True,-0.2566699981689453,-0.037490710616111755,False,0.041124939918518066,0.06979724019765854,0.027295337989926338,0.4230700135231018,0.9416764974594116
visformer_small,48,ILSVRC2012_val_00002311.JPEG,score_deviation_extreme,0.15,1,True,0.07348823547363281,0.03285861015319824,False,0.058400511741638184,0.0823250263929367,0.0464598685503006,0.2959256172180176,1.1976573467254639
visformer_small,49,ILSVRC2012_val_00002347.JPEG,score_deviation_extreme,0.15,1,True,0.49995994567871094,0.10561175644397736,False,0.020583629608154297,0.06445027887821198,0.021528147161006927,0.38919681310653687,1.189740538597107
visformer_small,50,ILSVRC2012_val_00002464.JPEG,score_deviation_extreme,0.15,1,True,0.12557411193847656,0.04226928949356079,False,0.048960864543914795,0.05910515785217285,0.030534528195858,0.5254887342453003,1.0316002368927002
visformer_small,51,ILSVRC2012_val_00002533.JPEG,score_deviation_extreme,0.15,1,True,0.1135869026184082,0.06474649906158447,False,0.019054055213928223,0.09374725073575974,0.03181515634059906,0.5216391086578369,1.0760185718536377
visformer_small,52,ILSVRC2012_val_00002583.JPEG,score_deviation_extreme,0.15,1,True,0.20215129852294922,0.0840044915676117,False,0.08100640773773193,0.10419268161058426,0.04197879880666733,0.2601504325866699,2.3441288471221924
visformer_small,53,ILSVRC2012_val_00002614.JPEG,score_deviation_extreme,0.15,1,True,0.17359304428100586,0.06715807318687439,False,0.05302631855010986,0.07866329699754715,0.029509862884879112,0.5985873341560364,1.065383791923523
visformer_small,54,ILSVRC2012_val_00002716.JPEG,score_deviation_extreme,0.15,1,True,-0.011228084564208984,-0.024719834327697754,False,0.024434208869934082,0.06247599422931671,0.028511248528957367,0.6000579595565796,0.860375702381134
visformer_small,55,ILSVRC2012_val_00002733.JPEG,score_deviation_extreme,0.15,1,True,-0.2566699981689453,-0.037490710616111755,False,0.041124939918518066,0.06979724019765854,0.027295337989926338,0.4230700135231018,0.9416764974594116
visformer_small,48,ILSVRC2012_val_00002311.JPEG,score_deviation_extreme,0.15,2,True,0.07348823547363281,0.03285861015319824,False,0.058400511741638184,0.0823250263929367,0.0464598685503006,0.29592564702033997,1.1976573467254639
visformer_small,49,ILSVRC2012_val_00002347.JPEG,score_deviation_extreme,0.15,2,True,0.49995994567871094,0.10561175644397736,False,0.020583629608154297,0.06445027887821198,0.021528147161006927,0.38919681310653687,1.189740538597107
visformer_small,50,ILSVRC2012_val_00002464.JPEG,score_deviation_extreme,0.15,2,True,0.12557411193847656,0.04226928949356079,False,0.048960864543914795,0.05910515785217285,0.030534528195858,0.5254887342453003,1.0316002368927002
visformer_small,51,ILSVRC2012_val_00002533.JPEG,score_deviation_extreme,0.15,2,True,0.1135869026184082,0.06474649906158447,False,0.019054055213928223,0.09374725073575974,0.03181515634059906,0.5216391086578369,1.0760185718536377
visformer_small,52,ILSVRC2012_val_00002583.JPEG,score_deviation_extreme,0.15,2,True,0.20215129852294922,0.0840044915676117,False,0.08100640773773193,0.10419268161058426,0.04197879880666733,0.2601504623889923,2.3441288471221924
visformer_small,53,ILSVRC2012_val_00002614.JPEG,score_deviation_extreme,0.15,2,True,0.17359304428100586,0.06715807318687439,False,0.05302631855010986,0.07866329699754715,0.029509862884879112,0.5985873937606812,1.0653836727142334
visformer_small,54,ILSVRC2012_val_00002716.JPEG,score_deviation_extreme,0.15,2,True,-0.011228084564208984,-0.024719834327697754,False,0.024434208869934082,0.06247599422931671,0.028511248528957367,0.6000579595565796,0.860375702381134
visformer_small,55,ILSVRC2012_val_00002733.JPEG,score_deviation_extreme,0.15,2,True,-0.2566699981689453,-0.037490710616111755,False,0.041124939918518066,0.06979724019765854,0.027295337989926338,0.4230700135231018,0.9416764974594116
visformer_small,48,ILSVRC2012_val_00002311.JPEG,score_deviation_extreme,0.15,3,True,0.07348823547363281,0.03285861015319824,False,0.058400511741638184,0.0823250263929367,0.0464598685503006,0.29592564702033997,1.1976573467254639
visformer_small,49,ILSVRC2012_val_00002347.JPEG,score_deviation_extreme,0.15,3,True,0.49995994567871094,0.10561175644397736,False,0.020583629608154297,0.06445027887821198,0.021528147161006927,0.38919681310653687,1.189740538597107
visformer_small,50,ILSVRC2012_val_00002464.JPEG,score_deviation_extreme,0.15,3,True,0.12557411193847656,0.04226928949356079,False,0.048960864543914795,0.05910515785217285,0.030534528195858,0.5254887342453003,1.0316002368927002
visformer_small,51,ILSVRC2012_val_00002533.JPEG,score_deviation_extreme,0.15,3,True,0.1135869026184082,0.06474649906158447,False,0.019054055213928223,0.09374725073575974,0.03181515634059906,0.5216391086578369,1.0760185718536377
visformer_small,52,ILSVRC2012_val_00002583.JPEG,score_deviation_extreme,0.15,3,True,0.20215129852294922,0.0840044915676117,False,0.08100640773773193,0.10419268161058426,0.04197879880666733,0.2601504623889923,2.3441288471221924
visformer_small,53,ILSVRC2012_val_00002614.JPEG,score_deviation_extreme,0.15,3,True,0.17359304428100586,0.06715807318687439,False,0.05302631855010986,0.07866329699754715,0.029509862884879112,0.5985872745513916,1.065383791923523
visformer_small,54,ILSVRC2012_val_00002716.JPEG,score_deviation_extreme,0.15,3,True,-0.011228084564208984,-0.024719834327697754,False,0.024434208869934082,0.06247599422931671,0.028511248528957367,0.6000579595565796,0.860375702381134
visformer_small,55,ILSVRC2012_val_00002733.JPEG,score_deviation_extreme,0.15,3,True,-0.2566699981689453,-0.037490710616111755,False,0.041124939918518066,0.06979724019765854,0.027295337989926338,0.4230700135231018,0.9416764974594116
visformer_small,56,ILSVRC2012_val_00002734.JPEG,high_score_extreme,0.15,0,True,-0.0308685302734375,-0.012269794940948486,False,0.04213237762451172,0.19362430274486542,0.07898309081792831,0.38669583201408386,1.031754732131958
visformer_small,57,ILSVRC2012_val_00002815.JPEG,high_score_extreme,0.15,0,True,0.3578014373779297,0.09365713596343994,False,0.03539913892745972,0.16501574218273163,0.05093460902571678,0.38129889965057373,1.0761500597000122
visformer_small,58,ILSVRC2012_val_00002932.JPEG,high_score_extreme,0.15,0,True,-0.40324974060058594,-0.12219932675361633,False,0.034700632095336914,0.18441905081272125,0.06437014788389206,0.4362313449382782,0.7189664244651794
visformer_small,59,ILSVRC2012_val_00003096.JPEG,high_score_extreme,0.15,0,True,-0.024278640747070312,-0.03275057673454285,False,0.04855912923812866,0.20556679368019104,0.06815866380929947,0.31222373247146606,0.8092869520187378
visformer_small,60,ILSVRC2012_val_00003145.JPEG,high_score_extreme,0.15,0,True,-0.05202007293701172,-0.007509440183639526,False,0.058325767517089844,0.18334941565990448,0.06597186625003815,0.3201216161251068,0.8106580376625061
visformer_small,61,ILSVRC2012_val_00003190.JPEG,high_score_extreme,0.15,0,True,0.01041555404663086,-0.018902868032455444,False,0.0452459454536438,0.1761050522327423,0.048300426453351974,0.13291394710540771,0.6608379483222961
visformer_small,62,ILSVRC2012_val_00003194.JPEG,high_score_extreme,0.15,0,True,0.07562065124511719,0.013721764087677002,False,0.03399991989135742,0.1695297658443451,0.054617565125226974,0.4379573464393616,1.2078335285186768
visformer_small,63,ILSVRC2012_val_00003317.JPEG,high_score_extreme,0.15,0,True,-0.9670886993408203,-0.11081256717443466,False,0.034195780754089355,0.22311490774154663,0.06946901977062225,0.30981069803237915,0.46737682819366455
visformer_small,56,ILSVRC2012_val_00002734.JPEG,high_score_extreme,0.15,1,True,-0.0308685302734375,-0.012269794940948486,False,0.04213237762451172,0.19362430274486542,0.07898309081792831,0.38669583201408386,1.031754732131958
visformer_small,57,ILSVRC2012_val_00002815.JPEG,high_score_extreme,0.15,1,True,0.3578014373779297,0.09365713596343994,False,0.03539913892745972,0.16501574218273163,0.05093460902571678,0.38129889965057373,1.0761500597000122
visformer_small,58,ILSVRC2012_val_00002932.JPEG,high_score_extreme,0.15,1,True,-0.40324974060058594,-0.12219932675361633,False,0.034700632095336914,0.18441905081272125,0.06437014788389206,0.4362313449382782,0.7189664244651794
visformer_small,59,ILSVRC2012_val_00003096.JPEG,high_score_extreme,0.15,1,True,-0.024278640747070312,-0.03275057673454285,False,0.04855912923812866,0.20556679368019104,0.06815866380929947,0.31222373247146606,0.8092869520187378
visformer_small,60,ILSVRC2012_val_00003145.JPEG,high_score_extreme,0.15,1,True,-0.05202007293701172,-0.007509440183639526,False,0.058325767517089844,0.18334941565990448,0.06597186625003815,0.3201216161251068,0.8106580376625061
visformer_small,61,ILSVRC2012_val_00003190.JPEG,high_score_extreme,0.15,1,True,0.01041555404663086,-0.018902868032455444,False,0.0452459454536438,0.1761050522327423,0.048300426453351974,0.13291394710540771,0.6608379483222961
visformer_small,62,ILSVRC2012_val_00003194.JPEG,high_score_extreme,0.15,1,True,0.07562065124511719,0.013721764087677002,False,0.03399991989135742,0.1695297658443451,0.054617565125226974,0.4379573166370392,1.2078335285186768
visformer_small,63,ILSVRC2012_val_00003317.JPEG,high_score_extreme,0.15,1,True,-0.9670886993408203,-0.11081256717443466,False,0.034195780754089355,0.22311490774154663,0.06946901977062225,0.30981069803237915,0.46737682819366455
visformer_small,56,ILSVRC2012_val_00002734.JPEG,high_score_extreme,0.15,2,True,-0.0308685302734375,-0.012269794940948486,False,0.04213237762451172,0.19362430274486542,0.07898309081792831,0.38669586181640625,1.031754732131958
visformer_small,57,ILSVRC2012_val_00002815.JPEG,high_score_extreme,0.15,2,True,0.3578014373779297,0.09365713596343994,False,0.03539913892745972,0.16501574218273163,0.05093460902571678,0.38129889965057373,1.0761500597000122
visformer_small,58,ILSVRC2012_val_00002932.JPEG,high_score_extreme,0.15,2,True,-0.40324974060058594,-0.12219932675361633,False,0.034700632095336914,0.18441905081272125,0.06437014788389206,0.4362313449382782,0.7189664244651794
visformer_small,59,ILSVRC2012_val_00003096.JPEG,high_score_extreme,0.15,2,True,-0.024278640747070312,-0.03275057673454285,False,0.04855912923812866,0.20556679368019104,0.06815866380929947,0.31222373247146606,0.8092869520187378
visformer_small,60,ILSVRC2012_val_00003145.JPEG,high_score_extreme,0.15,2,True,-0.05202007293701172,-0.007509440183639526,False,0.058325767517089844,0.18334941565990448,0.06597186625003815,0.3201215863227844,0.8106580376625061
visformer_small,61,ILSVRC2012_val_00003190.JPEG,high_score_extreme,0.15,2,True,0.01041555404663086,-0.018902868032455444,False,0.0452459454536438,0.1761050522327423,0.048300426453351974,0.13291394710540771,0.6608379483222961
visformer_small,62,ILSVRC2012_val_00003194.JPEG,high_score_extreme,0.15,2,True,0.07562065124511719,0.013721764087677002,False,0.03399991989135742,0.1695297658443451,0.054617565125226974,0.4379572868347168,1.2078335285186768
visformer_small,63,ILSVRC2012_val_00003317.JPEG,high_score_extreme,0.15,2,True,-0.9670886993408203,-0.11081256717443466,False,0.034195780754089355,0.22311490774154663,0.06946901977062225,0.30981069803237915,0.46737682819366455
visformer_small,56,ILSVRC2012_val_00002734.JPEG,high_score_extreme,0.15,3,True,-0.0308685302734375,-0.012269794940948486,False,0.04213237762451172,0.19362430274486542,0.07898309081792831,0.38669583201408386,1.031754732131958
visformer_small,57,ILSVRC2012_val_00002815.JPEG,high_score_extreme,0.15,3,True,0.3578014373779297,0.09365713596343994,False,0.03539913892745972,0.16501574218273163,0.05093460902571678,0.38129889965057373,1.0761500597000122
visformer_small,58,ILSVRC2012_val_00002932.JPEG,high_score_extreme,0.15,3,True,-0.40324974060058594,-0.12219932675361633,False,0.034700632095336914,0.18441905081272125,0.06437014788389206,0.4362313747406006,0.7189664244651794
visformer_small,59,ILSVRC2012_val_00003096.JPEG,high_score_extreme,0.15,3,True,-0.024278640747070312,-0.03275057673454285,False,0.04855912923812866,0.20556679368019104,0.06815866380929947,0.31222373247146606,0.8092869520187378
visformer_small,60,ILSVRC2012_val_00003145.JPEG,high_score_extreme,0.15,3,True,-0.05202007293701172,-0.007509440183639526,False,0.058325767517089844,0.18334941565990448,0.06597186625003815,0.3201216161251068,0.8106580376625061
visformer_small,61,ILSVRC2012_val_00003190.JPEG,high_score_extreme,0.15,3,True,0.01041555404663086,-0.018902868032455444,False,0.0452459454536438,0.1761050522327423,0.048300426453351974,0.13291394710540771,0.6608379483222961
visformer_small,62,ILSVRC2012_val_00003194.JPEG,high_score_extreme,0.15,3,True,0.07562065124511719,0.013721764087677002,False,0.03399991989135742,0.1695297658443451,0.054617565125226974,0.4379573464393616,1.2078335285186768
visformer_small,63,ILSVRC2012_val_00003317.JPEG,high_score_extreme,0.15,3,True,-0.9670886993408203,-0.11081256717443466,False,0.034195780754089355,0.22311490774154663,0.06946901977062225,0.30981069803237915,0.46737682819366455
visformer_small,56,ILSVRC2012_val_00002734.JPEG,low_score_extreme,0.15,0,True,0.5863409042358398,0.3831040859222412,False,0.04736274480819702,0.06495274603366852,0.03601744771003723,0.5092551112174988,2.0313355922698975
visformer_small,57,ILSVRC2012_val_00002815.JPEG,low_score_extreme,0.15,0,True,0.3791685104370117,0.11747640371322632,False,0.051238298416137695,0.11409284919500351,0.03511769324541092,0.619836688041687,0.9014930725097656
visformer_small,58,ILSVRC2012_val_00002932.JPEG,low_score_extreme,0.15,0,True,-0.09350872039794922,-0.00480613112449646,False,0.054815053939819336,0.0816749781370163,0.031785596162080765,0.6016749143600464,1.1268517971038818
visformer_small,59,ILSVRC2012_val_00003096.JPEG,low_score_extreme,0.15,0,True,0.07923221588134766,-0.0070209503173828125,False,0.0506821870803833,0.12540166079998016,0.032416731119155884,0.32196855545043945,0.6509940028190613
visformer_small,60,ILSVRC2012_val_00003145.JPEG,low_score_extreme,0.15,0,True,0.11718273162841797,0.04219791293144226,False,0.04512661695480347,0.06872861832380295,0.026382120326161385,0.18062588572502136,0.7556579113006592
visformer_small,61,ILSVRC2012_val_00003190.JPEG,low_score_extreme,0.15,0,True,0.1281590461730957,0.06011328101158142,False,0.018697023391723633,0.04190448299050331,0.017997074872255325,0.28290826082229614,0.8653373122215271
visformer_small,62,ILSVRC2012_val_00003194.JPEG,low_score_extreme,0.15,0,True,-0.058020591735839844,-0.01314234733581543,False,0.03873187303543091,0.09650769084692001,0.0333871953189373,0.5025501251220703,1.1515190601348877
visformer_small,63,ILSVRC2012_val_00003317.JPEG,low_score_extreme,0.15,0,True,-0.030010223388671875,-0.007404744625091553,False,0.023388206958770752,0.06922420114278793,0.032551880925893784,0.3527282476425171,1.0592567920684814
visformer_small,56,ILSVRC2012_val_00002734.JPEG,low_score_extreme,0.15,1,True,0.5863409042358398,0.3831040859222412,False,0.04736274480819702,0.06495274603366852,0.03601744771003723,0.5092551112174988,2.0313355922698975
visformer_small,57,ILSVRC2012_val_00002815.JPEG,low_score_extreme,0.15,1,True,0.3791685104370117,0.11747640371322632,False,0.051238298416137695,0.11409284919500351,0.03511769324541092,0.619836688041687,0.9014929533004761
visformer_small,58,ILSVRC2012_val_00002932.JPEG,low_score_extreme,0.15,1,True,-0.09350872039794922,-0.00480613112449646,False,0.054815053939819336,0.0816749781370163,0.031785596162080765,0.6016749143600464,1.1268517971038818
visformer_small,59,ILSVRC2012_val_00003096.JPEG,low_score_extreme,0.15,1,True,0.07923221588134766,-0.0070209503173828125,False,0.0506821870803833,0.12540166079998016,0.032416731119155884,0.32196858525276184,0.6509938836097717
visformer_small,60,ILSVRC2012_val_00003145.JPEG,low_score_extreme,0.15,1,True,0.11718273162841797,0.04219791293144226,False,0.04512661695480347,0.06872861832380295,0.026382120326161385,0.18062588572502136,0.7556579113006592
visformer_small,61,ILSVRC2012_val_00003190.JPEG,low_score_extreme,0.15,1,True,0.1281590461730957,0.06011328101158142,False,0.018697023391723633,0.04190448299050331,0.017997074872255325,0.28290826082229614,0.8653373122215271
visformer_small,62,ILSVRC2012_val_00003194.JPEG,low_score_extreme,0.15,1,True,-0.058020591735839844,-0.01314234733581543,False,0.03873187303543091,0.09650769084692001,0.0333871953189373,0.5025501251220703,1.1515190601348877
visformer_small,63,ILSVRC2012_val_00003317.JPEG,low_score_extreme,0.15,1,True,-0.030010223388671875,-0.007404744625091553,False,0.023388206958770752,0.06922420114278793,0.032551880925893784,0.3527282476425171,1.0592567920684814
visformer_small,56,ILSVRC2012_val_00002734.JPEG,low_score_extreme,0.15,2,True,0.5863409042358398,0.3831040859222412,False,0.04736274480819702,0.06495274603366852,0.03601744771003723,0.5092551112174988,2.0313355922698975
visformer_small,57,ILSVRC2012_val_00002815.JPEG,low_score_extreme,0.15,2,True,0.3791685104370117,0.11747640371322632,False,0.051238298416137695,0.11409284919500351,0.03511769324541092,0.619836688041687,0.9014930725097656
visformer_small,58,ILSVRC2012_val_00002932.JPEG,low_score_extreme,0.15,2,True,-0.09350872039794922,-0.00480613112449646,False,0.054815053939819336,0.0816749781370163,0.031785596162080765,0.6016749143600464,1.1268517971038818
visformer_small,59,ILSVRC2012_val_00003096.JPEG,low_score_extreme,0.15,2,True,0.07923221588134766,-0.0070209503173828125,False,0.0506821870803833,0.12540166079998016,0.032416731119155884,0.32196855545043945,0.6509940028190613
visformer_small,60,ILSVRC2012_val_00003145.JPEG,low_score_extreme,0.15,2,True,0.11718273162841797,0.04219791293144226,False,0.04512661695480347,0.06872861832380295,0.026382120326161385,0.18062588572502136,0.7556579113006592
visformer_small,61,ILSVRC2012_val_00003190.JPEG,low_score_extreme,0.15,2,True,0.1281590461730957,0.06011328101158142,False,0.018697023391723633,0.04190448299050331,0.017997074872255325,0.28290823101997375,0.8653373122215271
visformer_small,62,ILSVRC2012_val_00003194.JPEG,low_score_extreme,0.15,2,True,-0.058020591735839844,-0.01314234733581543,False,0.03873187303543091,0.09650769084692001,0.0333871953189373,0.5025501251220703,1.1515190601348877
visformer_small,63,ILSVRC2012_val_00003317.JPEG,low_score_extreme,0.15,2,True,-0.030010223388671875,-0.007404744625091553,False,0.023388206958770752,0.06922420114278793,0.032551880925893784,0.3527282774448395,1.0592567920684814
visformer_small,56,ILSVRC2012_val_00002734.JPEG,low_score_extreme,0.15,3,True,0.5863409042358398,0.3831040859222412,False,0.04736274480819702,0.06495274603366852,0.03601744771003723,0.5092551112174988,2.0313355922698975
visformer_small,57,ILSVRC2012_val_00002815.JPEG,low_score_extreme,0.15,3,True,0.3791685104370117,0.11747640371322632,False,0.051238298416137695,0.11409284919500351,0.03511769324541092,0.619836688041687,0.9014930725097656
visformer_small,58,ILSVRC2012_val_00002932.JPEG,low_score_extreme,0.15,3,True,-0.09350872039794922,-0.00480613112449646,False,0.054815053939819336,0.0816749781370163,0.031785596162080765,0.6016749143600464,1.1268517971038818
visformer_small,59,ILSVRC2012_val_00003096.JPEG,low_score_extreme,0.15,3,True,0.07923221588134766,-0.0070209503173828125,False,0.0506821870803833,0.12540166079998016,0.032416731119155884,0.32196855545043945,0.6509940028190613
visformer_small,60,ILSVRC2012_val_00003145.JPEG,low_score_extreme,0.15,3,True,0.11718273162841797,0.04219791293144226,False,0.04512661695480347,0.06872861832380295,0.026382120326161385,0.18062590062618256,0.7556579113006592
visformer_small,61,ILSVRC2012_val_00003190.JPEG,low_score_extreme,0.15,3,True,0.1281590461730957,0.06011328101158142,False,0.018697023391723633,0.04190448299050331,0.017997074872255325,0.28290826082229614,0.8653373122215271
visformer_small,62,ILSVRC2012_val_00003194.JPEG,low_score_extreme,0.15,3,True,-0.058020591735839844,-0.01314234733581543,False,0.03873187303543091,0.09650769084692001,0.0333871953189373,0.5025501251220703,1.1515190601348877
visformer_small,63,ILSVRC2012_val_00003317.JPEG,low_score_extreme,0.15,3,True,-0.030010223388671875,-0.007404744625091553,False,0.023388206958770752,0.06922420114278793,0.032551880925893784,0.3527282476425171,1.0592567920684814
visformer_small,56,ILSVRC2012_val_00002734.JPEG,random_uniform,0.15,0,True,0.15333080291748047,0.11470168828964233,False,0.051380038261413574,0.2128676325082779,0.08142605423927307,0.5629185438156128,1.4052927494049072
visformer_small,57,ILSVRC2012_val_00002815.JPEG,random_uniform,0.15,0,True,0.47786617279052734,0.1737380027770996,False,0.04208827018737793,0.13997668027877808,0.04381360486149788,0.37798213958740234,1.05341637134552
visformer_small,58,ILSVRC2012_val_00002932.JPEG,random_uniform,0.15,0,True,0.020415306091308594,0.05556383728981018,False,0.049085140228271484,0.16904184222221375,0.050652846693992615,0.5388689041137695,1.453604817390442
visformer_small,59,ILSVRC2012_val_00003096.JPEG,random_uniform,0.15,0,True,-0.02247142791748047,-0.038238704204559326,False,0.051049649715423584,0.1632576882839203,0.040730830281972885,0.2718290388584137,0.687739372253418
visformer_small,60,ILSVRC2012_val_00003145.JPEG,random_uniform,0.15,0,True,-0.049384117126464844,-0.005760997533798218,False,0.05096089839935303,0.10988108813762665,0.048925526440143585,0.25253716111183167,0.7067040801048279
visformer_small,61,ILSVRC2012_val_00003190.JPEG,random_uniform,0.15,0,True,0.19048643112182617,0.0887492299079895,False,0.036732256412506104,0.1538478434085846,0.040912430733442307,0.14187829196453094,0.905286967754364
visformer_small,62,ILSVRC2012_val_00003194.JPEG,random_uniform,0.15,0,True,-0.1461620330810547,-0.03484049439430237,False,0.04423320293426514,0.14615106582641602,0.04883745312690735,0.4409661591053009,0.9479148983955383
visformer_small,63,ILSVRC2012_val_00003317.JPEG,random_uniform,0.15,0,True,-0.6538257598876953,-0.08204252272844315,False,0.039017319679260254,0.16556762158870697,0.04945183917880058,0.33745837211608887,0.5584620833396912
visformer_small,56,ILSVRC2012_val_00002734.JPEG,random_uniform,0.15,1,True,0.13320350646972656,0.13301867246627808,False,0.04266393184661865,0.1954924315214157,0.07606863975524902,0.4453907012939453,1.7067711353302002
visformer_small,57,ILSVRC2012_val_00002815.JPEG,random_uniform,0.15,1,True,0.36348628997802734,0.11683404445648193,False,0.03797382116317749,0.1639779508113861,0.05379033833742142,0.5812156200408936,1.0792725086212158
visformer_small,58,ILSVRC2012_val_00002932.JPEG,random_uniform,0.15,1,True,-0.3457012176513672,-0.06368759274482727,False,0.03944694995880127,0.17988833785057068,0.06182700768113136,0.5302542448043823,0.9513840079307556
visformer_small,59,ILSVRC2012_val_00003096.JPEG,random_uniform,0.15,1,True,0.2241687774658203,0.04058516025543213,False,0.0480046272277832,0.1282954066991806,0.046983953565359116,0.3064020872116089,0.779384195804596
visformer_small,60,ILSVRC2012_val_00003145.JPEG,random_uniform,0.15,1,True,-0.06022453308105469,-0.018609821796417236,False,0.04085254669189453,0.12331179529428482,0.05471049249172211,0.07437960058450699,0.742842972278595
visformer_small,61,ILSVRC2012_val_00003190.JPEG,random_uniform,0.15,1,True,-0.1261763572692871,-0.03138992190361023,False,0.031148195266723633,0.13801366090774536,0.03605975583195686,0.26035594940185547,0.5390129089355469
visformer_small,62,ILSVRC2012_val_00003194.JPEG,random_uniform,0.15,1,True,-0.14947128295898438,-0.033221691846847534,False,0.05368894338607788,0.14271825551986694,0.044921841472387314,0.5453957319259644,0.9324045777320862
visformer_small,63,ILSVRC2012_val_00003317.JPEG,random_uniform,0.15,1,True,-0.6344614028930664,-0.08183737844228745,False,0.036345720291137695,0.17778463661670685,0.05452078580856323,0.4441533088684082,0.5803607106208801
visformer_small,56,ILSVRC2012_val_00002734.JPEG,random_uniform,0.15,2,True,0.28843069076538086,0.32618725299835205,False,0.05669450759887695,0.19528116285800934,0.06602014601230621,0.48585811257362366,2.267178773880005
visformer_small,57,ILSVRC2012_val_00002815.JPEG,random_uniform,0.15,2,True,0.4131460189819336,0.15118414163589478,False,0.07845032215118408,0.17760737240314484,0.05319329723715782,0.49083375930786133,1.130942702293396
visformer_small,58,ILSVRC2012_val_00002932.JPEG,random_uniform,0.15,2,True,-0.14074134826660156,-0.026276618242263794,False,0.037155747413635254,0.16224908828735352,0.060540005564689636,0.5093039870262146,1.0187548398971558
visformer_small,59,ILSVRC2012_val_00003096.JPEG,random_uniform,0.15,2,True,0.1933431625366211,0.010337144136428833,False,0.052664995193481445,0.1781897246837616,0.05088750645518303,0.3604915738105774,0.6617357730865479
visformer_small,60,ILSVRC2012_val_00003145.JPEG,random_uniform,0.15,2,True,-0.20415258407592773,-0.043610841035842896,False,0.0452808141708374,0.09076002240180969,0.03491678088903427,0.018985535949468613,0.7671711444854736
visformer_small,61,ILSVRC2012_val_00003190.JPEG,random_uniform,0.15,2,True,-0.16207456588745117,-0.020697325468063354,False,0.0491945743560791,0.22270339727401733,0.050699472427368164,0.16157609224319458,0.7646757960319519
visformer_small,62,ILSVRC2012_val_00003194.JPEG,random_uniform,0.15,2,True,-0.025493621826171875,-0.009184777736663818,False,0.03989005088806152,0.12878850102424622,0.046654652804136276,0.46367472410202026,0.854957640171051
visformer_small,63,ILSVRC2012_val_00003317.JPEG,random_uniform,0.15,2,True,-0.5837688446044922,-0.07560895383358002,False,0.039834022521972656,0.21116238832473755,0.05944617837667465,0.31334245204925537,0.5917303562164307
visformer_small,56,ILSVRC2012_val_00002734.JPEG,random_uniform,0.15,3,True,-0.014020919799804688,0.022439002990722656,False,0.04293781518936157,0.19910326600074768,0.08417373895645142,0.4196354150772095,1.0953178405761719
visformer_small,57,ILSVRC2012_val_00002815.JPEG,random_uniform,0.15,3,True,0.23085641860961914,0.045206546783447266,False,0.04830354452133179,0.14495457708835602,0.04501723498106003,0.5385201573371887,0.7649028897285461
visformer_small,58,ILSVRC2012_val_00002932.JPEG,random_uniform,0.15,3,True,-0.00298309326171875,-0.03426915407180786,False,0.02900409698486328,0.1487068086862564,0.04762239754199982,0.5953212976455688,1.057178020477295
visformer_small,59,ILSVRC2012_val_00003096.JPEG,random_uniform,0.15,3,True,-0.05276679992675781,-0.015218555927276611,False,0.06721436977386475,0.22477874159812927,0.06244945526123047,0.3136345148086548,0.9367034435272217
visformer_small,60,ILSVRC2012_val_00003145.JPEG,random_uniform,0.15,3,True,-0.06461238861083984,-0.013941854238510132,False,0.045975685119628906,0.0735931545495987,0.03150460496544838,0.09835176169872284,1.1314048767089844
visformer_small,61,ILSVRC2012_val_00003190.JPEG,random_uniform,0.15,3,True,0.1291337013244629,0.057783424854278564,False,0.03622734546661377,0.18289123475551605,0.049659546464681625,0.1986219882965088,0.8122854232788086
visformer_small,62,ILSVRC2012_val_00003194.JPEG,random_uniform,0.15,3,True,-0.05784320831298828,-0.02101615071296692,False,0.040521979331970215,0.19757913053035736,0.054071325808763504,0.3823338747024536,1.0386103391647339
visformer_small,63,ILSVRC2012_val_00003317.JPEG,random_uniform,0.15,3,True,-0.31270503997802734,-0.04635028541088104,False,0.05063188076019287,0.14112038910388947,0.036017999053001404,0.26702171564102173,0.9172654151916504
visformer_small,56,ILSVRC2012_val_00002734.JPEG,score_deviation_extreme,0.15,0,True,0.5863409042358398,0.3831040859222412,False,0.04736274480819702,0.06495274603366852,0.03601744771003723,0.5092551112174988,2.0313355922698975
visformer_small,57,ILSVRC2012_val_00002815.JPEG,score_deviation_extreme,0.15,0,True,0.3791685104370117,0.11747640371322632,False,0.051238298416137695,0.11409284919500351,0.03511769324541092,0.619836688041687,0.9014930725097656
visformer_small,58,ILSVRC2012_val_00002932.JPEG,score_deviation_extreme,0.15,0,True,-0.09350872039794922,-0.00480613112449646,False,0.054815053939819336,0.0816749781370163,0.031785596162080765,0.6016749143600464,1.1268517971038818
visformer_small,59,ILSVRC2012_val_00003096.JPEG,score_deviation_extreme,0.15,0,True,0.07923221588134766,-0.0070209503173828125,False,0.0506821870803833,0.12540166079998016,0.032416731119155884,0.32196855545043945,0.6509940028190613
visformer_small,60,ILSVRC2012_val_00003145.JPEG,score_deviation_extreme,0.15,0,True,0.06540298461914062,0.025221824645996094,False,0.04493910074234009,0.07369887083768845,0.025077397003769875,0.23078030347824097,0.689543604850769
visformer_small,61,ILSVRC2012_val_00003190.JPEG,score_deviation_extreme,0.15,0,True,0.1281590461730957,0.06011328101158142,False,0.018697023391723633,0.04190448299050331,0.017997074872255325,0.28290826082229614,0.8653373122215271
visformer_small,62,ILSVRC2012_val_00003194.JPEG,score_deviation_extreme,0.15,0,True,-0.058020591735839844,-0.01314234733581543,False,0.03873187303543091,0.09650769084692001,0.0333871953189373,0.5025501251220703,1.1515190601348877
visformer_small,63,ILSVRC2012_val_00003317.JPEG,score_deviation_extreme,0.15,0,True,-0.030010223388671875,-0.007404744625091553,False,0.023388206958770752,0.06922420114278793,0.032551880925893784,0.3527282774448395,1.0592567920684814
visformer_small,56,ILSVRC2012_val_00002734.JPEG,score_deviation_extreme,0.15,1,True,0.5863409042358398,0.3831040859222412,False,0.04736274480819702,0.06495274603366852,0.03601744771003723,0.5092551708221436,2.0313355922698975
visformer_small,57,ILSVRC2012_val_00002815.JPEG,score_deviation_extreme,0.15,1,True,0.3791685104370117,0.11747640371322632,False,0.051238298416137695,0.11409284919500351,0.03511769324541092,0.619836688041687,0.9014930725097656
visformer_small,58,ILSVRC2012_val_00002932.JPEG,score_deviation_extreme,0.15,1,True,-0.09350872039794922,-0.00480613112449646,False,0.054815053939819336,0.0816749781370163,0.031785596162080765,0.6016749143600464,1.1268517971038818
visformer_small,59,ILSVRC2012_val_00003096.JPEG,score_deviation_extreme,0.15,1,True,0.07923221588134766,-0.0070209503173828125,False,0.0506821870803833,0.12540166079998016,0.032416731119155884,0.32196855545043945,0.6509940028190613
visformer_small,60,ILSVRC2012_val_00003145.JPEG,score_deviation_extreme,0.15,1,True,0.06540298461914062,0.025221824645996094,False,0.04493910074234009,0.07369887083768845,0.025077397003769875,0.23078030347824097,0.689543604850769
visformer_small,61,ILSVRC2012_val_00003190.JPEG,score_deviation_extreme,0.15,1,True,0.1281590461730957,0.06011328101158142,False,0.018697023391723633,0.04190448299050331,0.017997074872255325,0.28290826082229614,0.8653373122215271
visformer_small,62,ILSVRC2012_val_00003194.JPEG,score_deviation_extreme,0.15,1,True,-0.058020591735839844,-0.01314234733581543,False,0.03873187303543091,0.09650769084692001,0.0333871953189373,0.5025501251220703,1.1515190601348877
visformer_small,63,ILSVRC2012_val_00003317.JPEG,score_deviation_extreme,0.15,1,True,-0.030010223388671875,-0.007404744625091553,False,0.023388206958770752,0.06922420114278793,0.032551880925893784,0.3527282774448395,1.0592567920684814
visformer_small,56,ILSVRC2012_val_00002734.JPEG,score_deviation_extreme,0.15,2,True,0.5863409042358398,0.3831040859222412,False,0.04736274480819702,0.06495274603366852,0.03601744771003723,0.5092551708221436,2.0313355922698975
visformer_small,57,ILSVRC2012_val_00002815.JPEG,score_deviation_extreme,0.15,2,True,0.3791685104370117,0.11747640371322632,False,0.051238298416137695,0.11409284919500351,0.03511769324541092,0.619836688041687,0.9014929533004761
visformer_small,58,ILSVRC2012_val_00002932.JPEG,score_deviation_extreme,0.15,2,True,-0.09350872039794922,-0.00480613112449646,False,0.054815053939819336,0.0816749781370163,0.031785596162080765,0.6016749143600464,1.1268517971038818
visformer_small,59,ILSVRC2012_val_00003096.JPEG,score_deviation_extreme,0.15,2,True,0.07923221588134766,-0.0070209503173828125,False,0.0506821870803833,0.12540166079998016,0.032416731119155884,0.32196855545043945,0.6509940028190613
visformer_small,60,ILSVRC2012_val_00003145.JPEG,score_deviation_extreme,0.15,2,True,0.06540298461914062,0.025221824645996094,False,0.04493910074234009,0.07369887083768845,0.025077397003769875,0.23078031837940216,0.689543604850769
visformer_small,61,ILSVRC2012_val_00003190.JPEG,score_deviation_extreme,0.15,2,True,0.1281590461730957,0.06011328101158142,False,0.018697023391723633,0.04190448299050331,0.017997074872255325,0.28290823101997375,0.8653373122215271
visformer_small,62,ILSVRC2012_val_00003194.JPEG,score_deviation_extreme,0.15,2,True,-0.058020591735839844,-0.01314234733581543,False,0.03873187303543091,0.09650769084692001,0.0333871953189373,0.5025501251220703,1.1515190601348877
visformer_small,63,ILSVRC2012_val_00003317.JPEG,score_deviation_extreme,0.15,2,True,-0.030010223388671875,-0.007404744625091553,False,0.023388206958770752,0.06922420114278793,0.032551880925893784,0.3527282774448395,1.0592567920684814
visformer_small,56,ILSVRC2012_val_00002734.JPEG,score_deviation_extreme,0.15,3,True,0.5863409042358398,0.3831040859222412,False,0.04736274480819702,0.06495274603366852,0.03601744771003723,0.5092551112174988,2.0313355922698975
visformer_small,57,ILSVRC2012_val_00002815.JPEG,score_deviation_extreme,0.15,3,True,0.3791685104370117,0.11747640371322632,False,0.051238298416137695,0.11409284919500351,0.03511769324541092,0.619836688041687,0.9014929533004761
visformer_small,58,ILSVRC2012_val_00002932.JPEG,score_deviation_extreme,0.15,3,True,-0.09350872039794922,-0.00480613112449646,False,0.054815053939819336,0.0816749781370163,0.031785596162080765,0.6016749143600464,1.1268517971038818
visformer_small,59,ILSVRC2012_val_00003096.JPEG,score_deviation_extreme,0.15,3,True,0.07923221588134766,-0.0070209503173828125,False,0.0506821870803833,0.12540166079998016,0.032416731119155884,0.32196855545043945,0.6509940028190613
visformer_small,60,ILSVRC2012_val_00003145.JPEG,score_deviation_extreme,0.15,3,True,0.06540298461914062,0.025221824645996094,False,0.04493910074234009,0.07369887083768845,0.025077397003769875,0.23078030347824097,0.689543604850769
visformer_small,61,ILSVRC2012_val_00003190.JPEG,score_deviation_extreme,0.15,3,True,0.1281590461730957,0.06011328101158142,False,0.018697023391723633,0.04190448299050331,0.017997074872255325,0.28290826082229614,0.8653373122215271
visformer_small,62,ILSVRC2012_val_00003194.JPEG,score_deviation_extreme,0.15,3,True,-0.058020591735839844,-0.01314234733581543,False,0.03873187303543091,0.09650769084692001,0.0333871953189373,0.5025501251220703,1.1515190601348877
visformer_small,63,ILSVRC2012_val_00003317.JPEG,score_deviation_extreme,0.15,3,True,-0.030010223388671875,-0.007404744625091553,False,0.023388206958770752,0.06922420114278793,0.032551880925893784,0.3527282476425171,1.0592567920684814
