model,sample_index,image_name,strategy,drop_ratio,repeat,clean_correct,route_logit_drop,route_loss_increase,route_prediction_changed,global_feature_shift,kept_local_feature_shift,kept_score_abs_change,gradient_cosine,gradient_norm_ratio
pit_b_224,0,ILSVRC2012_val_00000031.JPEG,high_score_extreme,0.15,0,True,0.2477273941040039,0.030467577278614044,False,0.005605161190032959,0.07096203416585922,0.11145847290754318,-0.013616830110549927,0.734965980052948
pit_b_224,1,ILSVRC2012_val_00000081.JPEG,high_score_extreme,0.15,0,True,0.2688608169555664,0.03286905586719513,False,0.012323498725891113,0.1204671636223793,0.11639469861984253,0.09653008729219437,0.9284260272979736
pit_b_224,2,ILSVRC2012_val_00000102.JPEG,high_score_extreme,0.15,0,True,0.4578571319580078,0.05683840066194534,False,0.009270191192626953,0.0695987120270729,0.07140464335680008,0.09937233477830887,2.197751998901367
pit_b_224,3,ILSVRC2012_val_00000117.JPEG,high_score_extreme,0.15,0,True,0.19658946990966797,0.016200728714466095,False,0.006696641445159912,0.05533747375011444,0.025805458426475525,0.31384557485580444,0.9529941082000732
pit_b_224,4,ILSVRC2012_val_00000120.JPEG,high_score_extreme,0.15,0,True,0.3202018737792969,0.054568350315093994,False,0.017702162265777588,0.05812431871891022,0.058267951011657715,0.02648381143808365,2.554525136947632
pit_b_224,5,ILSVRC2012_val_00000138.JPEG,high_score_extreme,0.15,0,True,0.07307052612304688,0.009542450308799744,False,0.003760099411010742,0.040306657552719116,0.03135945275425911,0.050396762788295746,1.8221819400787354
pit_b_224,6,ILSVRC2012_val_00000166.JPEG,high_score_extreme,0.15,0,True,0.03481769561767578,0.003414355218410492,False,0.0028595924377441406,0.03039625845849514,0.0347052626311779,0.013108424842357635,1.4861093759536743
pit_b_224,7,ILSVRC2012_val_00000262.JPEG,high_score_extreme,0.15,0,True,0.09317779541015625,0.010490059852600098,False,0.007711529731750488,0.09410107880830765,0.0570068359375,0.08521456271409988,0.8834738731384277
pit_b_224,0,ILSVRC2012_val_00000031.JPEG,high_score_extreme,0.15,1,True,0.2477273941040039,0.030467577278614044,False,0.005605161190032959,0.07096203416585922,0.11145847290754318,-0.013616829179227352,0.734965980052948
pit_b_224,1,ILSVRC2012_val_00000081.JPEG,high_score_extreme,0.15,1,True,0.2688608169555664,0.03286905586719513,False,0.012323498725891113,0.1204671636223793,0.11639469861984253,0.09653008729219437,0.9284260272979736
pit_b_224,2,ILSVRC2012_val_00000102.JPEG,high_score_extreme,0.15,1,True,0.4578571319580078,0.05683840066194534,False,0.009270191192626953,0.0695987120270729,0.07140464335680008,0.09937233477830887,2.197751998901367
pit_b_224,3,ILSVRC2012_val_00000117.JPEG,high_score_extreme,0.15,1,True,0.19658946990966797,0.016200728714466095,False,0.006696641445159912,0.05533747375011444,0.025805458426475525,0.31384557485580444,0.9529941082000732
pit_b_224,4,ILSVRC2012_val_00000120.JPEG,high_score_extreme,0.15,1,True,0.3202018737792969,0.054568350315093994,False,0.017702162265777588,0.05812431871891022,0.058267951011657715,0.02648381143808365,2.554525136947632
pit_b_224,5,ILSVRC2012_val_00000138.JPEG,high_score_extreme,0.15,1,True,0.07307052612304688,0.009542450308799744,False,0.003760099411010742,0.040306657552719116,0.03135945275425911,0.050396762788295746,1.8221819400787354
pit_b_224,6,ILSVRC2012_val_00000166.JPEG,high_score_extreme,0.15,1,True,0.03481769561767578,0.003414355218410492,False,0.0028595924377441406,0.03039625845849514,0.0347052626311779,0.013108417391777039,1.4861096143722534
pit_b_224,7,ILSVRC2012_val_00000262.JPEG,high_score_extreme,0.15,1,True,0.09317779541015625,0.010490059852600098,False,0.007711529731750488,0.09410107880830765,0.0570068359375,0.08521455526351929,0.8834738731384277
pit_b_224,0,ILSVRC2012_val_00000031.JPEG,high_score_extreme,0.15,2,True,0.2477273941040039,0.030467577278614044,False,0.005605161190032959,0.07096203416585922,0.11145847290754318,-0.013616829179227352,0.734965980052948
pit_b_224,1,ILSVRC2012_val_00000081.JPEG,high_score_extreme,0.15,2,True,0.2688608169555664,0.03286905586719513,False,0.012323498725891113,0.1204671636223793,0.11639469861984253,0.09653007984161377,0.9284260272979736
pit_b_224,2,ILSVRC2012_val_00000102.JPEG,high_score_extreme,0.15,2,True,0.4578571319580078,0.05683840066194534,False,0.009270191192626953,0.0695987120270729,0.07140464335680008,0.09937233477830887,2.197751998901367
pit_b_224,3,ILSVRC2012_val_00000117.JPEG,high_score_extreme,0.15,2,True,0.19658946990966797,0.016200728714466095,False,0.006696641445159912,0.05533747375011444,0.025805458426475525,0.31384551525115967,0.9529941082000732
pit_b_224,4,ILSVRC2012_val_00000120.JPEG,high_score_extreme,0.15,2,True,0.3202018737792969,0.054568350315093994,False,0.017702162265777588,0.05812431871891022,0.058267951011657715,0.02648381143808365,2.554525136947632
pit_b_224,5,ILSVRC2012_val_00000138.JPEG,high_score_extreme,0.15,2,True,0.07307052612304688,0.009542450308799744,False,0.003760099411010742,0.040306657552719116,0.03135945275425911,0.050396766513586044,1.8221819400787354
pit_b_224,6,ILSVRC2012_val_00000166.JPEG,high_score_extreme,0.15,2,True,0.03481769561767578,0.003414355218410492,False,0.0028595924377441406,0.03039625845849514,0.0347052626311779,0.013108426705002785,1.4861094951629639
pit_b_224,7,ILSVRC2012_val_00000262.JPEG,high_score_extreme,0.15,2,True,0.09317779541015625,0.010490059852600098,False,0.007711529731750488,0.09410107880830765,0.0570068359375,0.08521455526351929,0.8834738731384277
pit_b_224,0,ILSVRC2012_val_00000031.JPEG,high_score_extreme,0.15,3,True,0.2477273941040039,0.030467577278614044,False,0.005605161190032959,0.07096203416585922,0.11145847290754318,-0.013616830110549927,0.734965980052948
pit_b_224,1,ILSVRC2012_val_00000081.JPEG,high_score_extreme,0.15,3,True,0.2688608169555664,0.03286905586719513,False,0.012323498725891113,0.1204671636223793,0.11639469861984253,0.09653008729219437,0.9284260272979736
pit_b_224,2,ILSVRC2012_val_00000102.JPEG,high_score_extreme,0.15,3,True,0.4578571319580078,0.05683840066194534,False,0.009270191192626953,0.0695987120270729,0.07140464335680008,0.09937233477830887,2.197751998901367
pit_b_224,3,ILSVRC2012_val_00000117.JPEG,high_score_extreme,0.15,3,True,0.19658946990966797,0.016200728714466095,False,0.006696641445159912,0.05533747375011444,0.025805458426475525,0.31384551525115967,0.9529941082000732
pit_b_224,4,ILSVRC2012_val_00000120.JPEG,high_score_extreme,0.15,3,True,0.3202018737792969,0.054568350315093994,False,0.017702162265777588,0.05812431871891022,0.058267951011657715,0.02648381143808365,2.554525136947632
pit_b_224,5,ILSVRC2012_val_00000138.JPEG,high_score_extreme,0.15,3,True,0.07307052612304688,0.009542450308799744,False,0.003760099411010742,0.040306657552719116,0.03135945275425911,0.050396766513586044,1.8221819400787354
pit_b_224,6,ILSVRC2012_val_00000166.JPEG,high_score_extreme,0.15,3,True,0.03481769561767578,0.003414355218410492,False,0.0028595924377441406,0.03039625845849514,0.0347052626311779,0.013108424842357635,1.4861094951629639
pit_b_224,7,ILSVRC2012_val_00000262.JPEG,high_score_extreme,0.15,3,True,0.09317779541015625,0.010490059852600098,False,0.007711529731750488,0.09410107880830765,0.0570068359375,0.08521455526351929,0.8834738731384277
pit_b_224,0,ILSVRC2012_val_00000031.JPEG,low_score_extreme,0.15,0,True,0.36569786071777344,0.04787866026163101,False,0.003406524658203125,0.09222949296236038,0.08746124058961868,0.01731461100280285,1.6056756973266602
pit_b_224,1,ILSVRC2012_val_00000081.JPEG,low_score_extreme,0.15,0,True,0.18194866180419922,0.01740109920501709,False,0.01645416021347046,0.2149381935596466,0.1437922567129135,0.11554452031850815,0.8619473576545715
pit_b_224,2,ILSVRC2012_val_00000102.JPEG,low_score_extreme,0.15,0,True,0.773036003112793,0.11294055730104446,False,0.011004269123077393,0.0927271693944931,0.10128024965524673,0.06696692854166031,2.483781337738037
pit_b_224,3,ILSVRC2012_val_00000117.JPEG,low_score_extreme,0.15,0,True,0.5427913665771484,0.04687539488077164,False,0.013137340545654297,0.0763615146279335,0.04682338982820511,0.16923737525939941,1.470876693725586
pit_b_224,4,ILSVRC2012_val_00000120.JPEG,low_score_extreme,0.15,0,True,-0.05537128448486328,-0.00904853641986847,False,0.019048094749450684,0.10214485973119736,0.10785864293575287,-0.3503851294517517,3.381955146789551
pit_b_224,5,ILSVRC2012_val_00000138.JPEG,low_score_extreme,0.15,0,True,0.053404808044433594,0.0068216025829315186,False,0.004065155982971191,0.1259153187274933,0.0838128924369812,0.034739769995212555,1.861188292503357
pit_b_224,6,ILSVRC2012_val_00000166.JPEG,low_score_extreme,0.15,0,True,0.07561588287353516,0.008011780679225922,False,0.004026949405670166,0.10441412776708603,0.0767231360077858,0.02234567143023014,2.193068742752075
pit_b_224,7,ILSVRC2012_val_00000262.JPEG,low_score_extreme,0.15,0,True,0.5423927307128906,0.08139102160930634,False,0.015146136283874512,0.17531174421310425,0.12327264249324799,0.07162453234195709,2.007179021835327
pit_b_224,0,ILSVRC2012_val_00000031.JPEG,low_score_extreme,0.15,1,True,0.36569786071777344,0.04787866026163101,False,0.003406524658203125,0.09222949296236038,0.08746124058961868,0.01731461100280285,1.6056756973266602
pit_b_224,1,ILSVRC2012_val_00000081.JPEG,low_score_extreme,0.15,1,True,0.18194866180419922,0.01740109920501709,False,0.01645416021347046,0.2149381935596466,0.1437922567129135,0.11554452031850815,0.8619473576545715
pit_b_224,2,ILSVRC2012_val_00000102.JPEG,low_score_extreme,0.15,1,True,0.773036003112793,0.11294055730104446,False,0.011004269123077393,0.0927271693944931,0.10128024965524673,0.06696692854166031,2.483781337738037
pit_b_224,3,ILSVRC2012_val_00000117.JPEG,low_score_extreme,0.15,1,True,0.5427913665771484,0.04687539488077164,False,0.013137340545654297,0.0763615146279335,0.04682338982820511,0.1692373901605606,1.470876693725586
pit_b_224,4,ILSVRC2012_val_00000120.JPEG,low_score_extreme,0.15,1,True,-0.05537128448486328,-0.00904853641986847,False,0.019048094749450684,0.10214485973119736,0.10785864293575287,-0.3503851294517517,3.381955146789551
pit_b_224,5,ILSVRC2012_val_00000138.JPEG,low_score_extreme,0.15,1,True,0.053404808044433594,0.0068216025829315186,False,0.004065155982971191,0.1259153187274933,0.0838128924369812,0.034739769995212555,1.861188292503357
pit_b_224,6,ILSVRC2012_val_00000166.JPEG,low_score_extreme,0.15,1,True,0.07561588287353516,0.008011780679225922,False,0.004026949405670166,0.10441412776708603,0.0767231360077858,0.022345680743455887,2.193068742752075
pit_b_224,7,ILSVRC2012_val_00000262.JPEG,low_score_extreme,0.15,1,True,0.5423927307128906,0.08139102160930634,False,0.015146136283874512,0.17531174421310425,0.12327264249324799,0.0716245248913765,2.007179021835327
pit_b_224,0,ILSVRC2012_val_00000031.JPEG,low_score_extreme,0.15,2,True,0.36569786071777344,0.04787866026163101,False,0.003406524658203125,0.09222949296236038,0.08746124058961868,0.01731461100280285,1.6056756973266602
pit_b_224,1,ILSVRC2012_val_00000081.JPEG,low_score_extreme,0.15,2,True,0.18194866180419922,0.01740109920501709,False,0.01645416021347046,0.2149381935596466,0.1437922567129135,0.11554451286792755,0.8619473576545715
pit_b_224,2,ILSVRC2012_val_00000102.JPEG,low_score_extreme,0.15,2,True,0.773036003112793,0.11294055730104446,False,0.011004269123077393,0.0927271693944931,0.10128024965524673,0.0669669359922409,2.483781337738037
pit_b_224,3,ILSVRC2012_val_00000117.JPEG,low_score_extreme,0.15,2,True,0.5427913665771484,0.04687539488077164,False,0.013137340545654297,0.0763615146279335,0.04682338982820511,0.1692373901605606,1.470876693725586
pit_b_224,4,ILSVRC2012_val_00000120.JPEG,low_score_extreme,0.15,2,True,-0.05537128448486328,-0.00904853641986847,False,0.019048094749450684,0.10214485973119736,0.10785864293575287,-0.3503851294517517,3.381955146789551
pit_b_224,5,ILSVRC2012_val_00000138.JPEG,low_score_extreme,0.15,2,True,0.053404808044433594,0.0068216025829315186,False,0.004065155982971191,0.1259153187274933,0.0838128924369812,0.034739769995212555,1.861188292503357
pit_b_224,6,ILSVRC2012_val_00000166.JPEG,low_score_extreme,0.15,2,True,0.07561588287353516,0.008011780679225922,False,0.004026949405670166,0.10441412776708603,0.0767231360077858,0.02234566956758499,2.1930689811706543
pit_b_224,7,ILSVRC2012_val_00000262.JPEG,low_score_extreme,0.15,2,True,0.5423927307128906,0.08139102160930634,False,0.015146136283874512,0.17531174421310425,0.12327264249324799,0.07162453234195709,2.007179021835327
pit_b_224,0,ILSVRC2012_val_00000031.JPEG,low_score_extreme,0.15,3,True,0.36569786071777344,0.04787866026163101,False,0.003406524658203125,0.09222949296236038,0.08746124058961868,0.01731461100280285,1.6056756973266602
pit_b_224,1,ILSVRC2012_val_00000081.JPEG,low_score_extreme,0.15,3,True,0.18194866180419922,0.01740109920501709,False,0.01645416021347046,0.2149381935596466,0.1437922567129135,0.11554452031850815,0.8619473576545715
pit_b_224,2,ILSVRC2012_val_00000102.JPEG,low_score_extreme,0.15,3,True,0.773036003112793,0.11294055730104446,False,0.011004269123077393,0.0927271693944931,0.10128024965524673,0.06696692854166031,2.483781337738037
pit_b_224,3,ILSVRC2012_val_00000117.JPEG,low_score_extreme,0.15,3,True,0.5427913665771484,0.04687539488077164,False,0.013137340545654297,0.0763615146279335,0.04682338982820511,0.1692373901605606,1.470876693725586
pit_b_224,4,ILSVRC2012_val_00000120.JPEG,low_score_extreme,0.15,3,True,-0.05537128448486328,-0.00904853641986847,False,0.019048094749450684,0.10214485973119736,0.10785864293575287,-0.3503851294517517,3.381955146789551
pit_b_224,5,ILSVRC2012_val_00000138.JPEG,low_score_extreme,0.15,3,True,0.053404808044433594,0.0068216025829315186,False,0.004065155982971191,0.1259153187274933,0.0838128924369812,0.034739769995212555,1.861188292503357
pit_b_224,6,ILSVRC2012_val_00000166.JPEG,low_score_extreme,0.15,3,True,0.07561588287353516,0.008011780679225922,False,0.004026949405670166,0.10441412776708603,0.0767231360077858,0.02234567143023014,2.193068742752075
pit_b_224,7,ILSVRC2012_val_00000262.JPEG,low_score_extreme,0.15,3,True,0.5423927307128906,0.08139102160930634,False,0.015146136283874512,0.17531174421310425,0.12327264249324799,0.07162453234195709,2.007179021835327
pit_b_224,0,ILSVRC2012_val_00000031.JPEG,random_uniform,0.15,0,True,0.005687713623046875,5.632638931274414e-05,False,0.00349581241607666,0.08226092904806137,0.0758814662694931,0.03938737511634827,0.5426961779594421
pit_b_224,1,ILSVRC2012_val_00000081.JPEG,random_uniform,0.15,0,True,-0.2506875991821289,-0.03406761586666107,False,0.011776864528656006,0.17139117419719696,0.1083570346236229,0.11166716367006302,0.5812357068061829
pit_b_224,2,ILSVRC2012_val_00000102.JPEG,random_uniform,0.15,0,True,0.5997314453125,0.08046143501996994,False,0.01592874526977539,0.09807325154542923,0.08335328847169876,0.04648860916495323,2.1168220043182373
pit_b_224,3,ILSVRC2012_val_00000117.JPEG,random_uniform,0.15,0,True,0.10007858276367188,0.008337639272212982,False,0.015109539031982422,0.07819832861423492,0.042479172348976135,0.30166661739349365,0.7730871438980103
pit_b_224,4,ILSVRC2012_val_00000120.JPEG,random_uniform,0.15,0,True,0.2854127883911133,0.046245232224464417,False,0.016314446926116943,0.08986566215753555,0.05841967090964317,0.04907957836985588,5.791627883911133
pit_b_224,5,ILSVRC2012_val_00000138.JPEG,random_uniform,0.15,0,True,0.25387001037597656,0.03510293364524841,False,0.0054814815521240234,0.13930729031562805,0.0989142432808876,0.023686029016971588,2.5768258571624756
pit_b_224,6,ILSVRC2012_val_00000166.JPEG,random_uniform,0.15,0,True,0.21772480010986328,0.024135082960128784,False,0.0020890235900878906,0.06736088544130325,0.055640917271375656,0.01850646734237671,3.97843074798584
pit_b_224,7,ILSVRC2012_val_00000262.JPEG,random_uniform,0.15,0,True,0.4664897918701172,0.10608084499835968,False,0.06055992841720581,0.19864365458488464,0.15137635171413422,0.03821394219994545,4.839764595031738
pit_b_224,0,ILSVRC2012_val_00000031.JPEG,random_uniform,0.15,1,True,0.11705780029296875,0.013058386743068695,False,0.0019905567169189453,0.07487814873456955,0.0746065154671669,0.015126924961805344,1.0981501340866089
pit_b_224,1,ILSVRC2012_val_00000081.JPEG,random_uniform,0.15,1,True,0.1857433319091797,0.019317656755447388,False,0.016218066215515137,0.20502673089504242,0.16607066988945007,0.12211794406175613,0.7924452424049377
pit_b_224,2,ILSVRC2012_val_00000102.JPEG,random_uniform,0.15,1,True,0.40151023864746094,0.053178898990154266,False,0.013810575008392334,0.08700591325759888,0.07330605387687683,0.12672722339630127,1.6472749710083008
pit_b_224,3,ILSVRC2012_val_00000117.JPEG,random_uniform,0.15,1,True,0.49167728424072266,0.06507127732038498,False,0.01330500841140747,0.07997483015060425,0.05362368002533913,0.26380351185798645,1.3045954704284668
pit_b_224,4,ILSVRC2012_val_00000120.JPEG,random_uniform,0.15,1,True,0.02483367919921875,0.0021723657846450806,False,0.017989516258239746,0.09568198770284653,0.09200170636177063,0.061268456280231476,2.561462879180908
pit_b_224,5,ILSVRC2012_val_00000138.JPEG,random_uniform,0.15,1,True,0.09204292297363281,0.012031123042106628,False,0.004718184471130371,0.11882371455430984,0.08248656988143921,0.01924322172999382,2.165432929992676
pit_b_224,6,ILSVRC2012_val_00000166.JPEG,random_uniform,0.15,1,True,0.12714672088623047,0.013664335012435913,False,0.002993345260620117,0.07982520759105682,0.06550388038158417,0.06241675466299057,1.3255654573440552
pit_b_224,7,ILSVRC2012_val_00000262.JPEG,random_uniform,0.15,1,True,0.2001972198486328,0.028213441371917725,False,0.01429969072341919,0.15935002267360687,0.08368587493896484,0.039369694888591766,1.4922553300857544
pit_b_224,0,ILSVRC2012_val_00000031.JPEG,random_uniform,0.15,2,True,0.1005239486694336,0.010909132659435272,False,0.004974722862243652,0.17658710479736328,0.11940610408782959,0.02046193554997444,1.256603717803955
pit_b_224,1,ILSVRC2012_val_00000081.JPEG,random_uniform,0.15,2,True,-0.39288806915283203,-0.045544594526290894,False,0.030109405517578125,0.20543920993804932,0.12982197105884552,0.12444070726633072,0.5802371501922607
pit_b_224,2,ILSVRC2012_val_00000102.JPEG,random_uniform,0.15,2,True,0.4820117950439453,0.06046449393033981,False,0.020316004753112793,0.11824172735214233,0.08149266988039017,0.11190678179264069,1.451775312423706
pit_b_224,3,ILSVRC2012_val_00000117.JPEG,random_uniform,0.15,2,True,0.34598827362060547,0.032484494149684906,False,0.022583961486816406,0.07050551474094391,0.04892398789525032,0.14663265645503998,1.5288480520248413
pit_b_224,4,ILSVRC2012_val_00000120.JPEG,random_uniform,0.15,2,True,0.030579566955566406,0.003059953451156616,False,0.020274639129638672,0.12849968671798706,0.08601909130811691,0.009837443009018898,2.013216495513916
pit_b_224,5,ILSVRC2012_val_00000138.JPEG,random_uniform,0.15,2,True,0.11284732818603516,0.015544340014457703,False,0.005271434783935547,0.07629991322755814,0.06528916209936142,0.019958944991230965,2.2908616065979004
pit_b_224,6,ILSVRC2012_val_00000166.JPEG,random_uniform,0.15,2,True,0.3581724166870117,0.04306137561798096,False,0.004642009735107422,0.08502655476331711,0.07533270120620728,0.017004340887069702,5.846663475036621
pit_b_224,7,ILSVRC2012_val_00000262.JPEG,random_uniform,0.15,2,True,0.31314659118652344,0.0447252094745636,False,0.018648982048034668,0.16483765840530396,0.08864609152078629,0.04698006063699722,5.402659893035889
pit_b_224,0,ILSVRC2012_val_00000031.JPEG,random_uniform,0.15,3,True,0.25041770935058594,0.029696859419345856,False,0.0037832260131835938,0.0915057510137558,0.08049262315034866,0.06243198364973068,1.1528831720352173
pit_b_224,1,ILSVRC2012_val_00000081.JPEG,random_uniform,0.15,3,True,-0.3153047561645508,-0.03943830728530884,False,0.02522563934326172,0.19070540368556976,0.12166135758161545,0.11540386825799942,0.5888627767562866
pit_b_224,2,ILSVRC2012_val_00000102.JPEG,random_uniform,0.15,3,True,0.32030487060546875,0.03735391050577164,False,0.012273669242858887,0.06969386339187622,0.05927993729710579,0.111111119389534,1.2299323081970215
pit_b_224,3,ILSVRC2012_val_00000117.JPEG,random_uniform,0.15,3,True,0.30994415283203125,0.02527228742837906,False,0.013529539108276367,0.059277355670928955,0.040374673902988434,0.209904283285141,1.2004889249801636
pit_b_224,4,ILSVRC2012_val_00000120.JPEG,random_uniform,0.15,3,True,0.16672801971435547,0.027471542358398438,False,0.022176384925842285,0.11105252802371979,0.076315738260746,0.014728419482707977,2.1751956939697266
pit_b_224,5,ILSVRC2012_val_00000138.JPEG,random_uniform,0.15,3,True,0.14955711364746094,0.019780337810516357,False,0.00444185733795166,0.0917956605553627,0.07561606913805008,0.027469851076602936,2.9111437797546387
pit_b_224,6,ILSVRC2012_val_00000166.JPEG,random_uniform,0.15,3,True,0.055472373962402344,0.005733951926231384,False,0.003060579299926758,0.09584645181894302,0.0897364690899849,0.00581712182611227,1.5920861959457397
pit_b_224,7,ILSVRC2012_val_00000262.JPEG,random_uniform,0.15,3,True,0.24486446380615234,0.032304421067237854,False,0.010734856128692627,0.17551958560943604,0.10835017263889313,0.06248898804187775,1.9453030824661255
pit_b_224,0,ILSVRC2012_val_00000031.JPEG,score_deviation_extreme,0.15,0,True,0.2477273941040039,0.030467577278614044,False,0.005605161190032959,0.07096203416585922,0.11145847290754318,-0.013616830110549927,0.734965980052948
pit_b_224,1,ILSVRC2012_val_00000081.JPEG,score_deviation_extreme,0.15,0,True,0.2688608169555664,0.03286905586719513,False,0.012323498725891113,0.1204671636223793,0.11639469861984253,0.09653008729219437,0.9284260272979736
pit_b_224,2,ILSVRC2012_val_00000102.JPEG,score_deviation_extreme,0.15,0,True,0.2816352844238281,0.03247378021478653,False,0.004705488681793213,0.05376465991139412,0.050613466650247574,0.007749219425022602,2.531170129776001
pit_b_224,3,ILSVRC2012_val_00000117.JPEG,score_deviation_extreme,0.15,0,True,0.10433578491210938,0.0043400973081588745,False,0.006663322448730469,0.05483241379261017,0.03682561218738556,0.40391451120376587,0.7076419591903687
pit_b_224,4,ILSVRC2012_val_00000120.JPEG,score_deviation_extreme,0.15,0,True,0.29498958587646484,0.04865945875644684,False,0.015941977500915527,0.04292978718876839,0.04234004020690918,0.01728062331676483,2.1780905723571777
pit_b_224,5,ILSVRC2012_val_00000138.JPEG,score_deviation_extreme,0.15,0,True,-0.014466285705566406,-0.0014791041612625122,False,0.003607630729675293,0.04994325712323189,0.040992967784404755,0.0424533411860466,1.4397635459899902
pit_b_224,6,ILSVRC2012_val_00000166.JPEG,score_deviation_extreme,0.15,0,True,0.07855701446533203,0.0082174614071846,False,0.003177821636199951,0.04698314517736435,0.03409875929355621,0.04392381012439728,2.756356716156006
pit_b_224,7,ILSVRC2012_val_00000262.JPEG,score_deviation_extreme,0.15,0,True,0.09317779541015625,0.010490059852600098,False,0.007711529731750488,0.09410107880830765,0.0570068359375,0.08521455526351929,0.8834738731384277
pit_b_224,0,ILSVRC2012_val_00000031.JPEG,score_deviation_extreme,0.15,1,True,0.2477273941040039,0.030467577278614044,False,0.005605161190032959,0.07096203416585922,0.11145847290754318,-0.013616829179227352,0.734965980052948
pit_b_224,1,ILSVRC2012_val_00000081.JPEG,score_deviation_extreme,0.15,1,True,0.2688608169555664,0.03286905586719513,False,0.012323498725891113,0.1204671636223793,0.11639469861984253,0.09653007984161377,0.9284260272979736
pit_b_224,2,ILSVRC2012_val_00000102.JPEG,score_deviation_extreme,0.15,1,True,0.2816352844238281,0.03247378021478653,False,0.004705488681793213,0.05376465991139412,0.050613466650247574,0.007749223615974188,2.531170129776001
pit_b_224,3,ILSVRC2012_val_00000117.JPEG,score_deviation_extreme,0.15,1,True,0.10433578491210938,0.0043400973081588745,False,0.006663322448730469,0.05483241379261017,0.03682561218738556,0.40391451120376587,0.7076419591903687
pit_b_224,4,ILSVRC2012_val_00000120.JPEG,score_deviation_extreme,0.15,1,True,0.29498958587646484,0.04865945875644684,False,0.015941977500915527,0.04292978718876839,0.04234004020690918,0.01728062517940998,2.1780905723571777
pit_b_224,5,ILSVRC2012_val_00000138.JPEG,score_deviation_extreme,0.15,1,True,-0.014466285705566406,-0.0014791041612625122,False,0.003607630729675293,0.04994325712323189,0.040992967784404755,0.0424533411860466,1.4397635459899902
pit_b_224,6,ILSVRC2012_val_00000166.JPEG,score_deviation_extreme,0.15,1,True,0.07855701446533203,0.0082174614071846,False,0.003177821636199951,0.04698314517736435,0.03409875929355621,0.04392382502555847,2.756357192993164
pit_b_224,7,ILSVRC2012_val_00000262.JPEG,score_deviation_extreme,0.15,1,True,0.09317779541015625,0.010490059852600098,False,0.007711529731750488,0.09410107880830765,0.0570068359375,0.08521455526351929,0.8834738731384277
pit_b_224,0,ILSVRC2012_val_00000031.JPEG,score_deviation_extreme,0.15,2,True,0.2477273941040039,0.030467577278614044,False,0.005605161190032959,0.07096203416585922,0.11145847290754318,-0.013616830110549927,0.734965980052948
pit_b_224,1,ILSVRC2012_val_00000081.JPEG,score_deviation_extreme,0.15,2,True,0.2688608169555664,0.03286905586719513,False,0.012323498725891113,0.1204671636223793,0.11639469861984253,0.09653008729219437,0.9284260272979736
pit_b_224,2,ILSVRC2012_val_00000102.JPEG,score_deviation_extreme,0.15,2,True,0.2816352844238281,0.03247378021478653,False,0.004705488681793213,0.05376465991139412,0.050613466650247574,0.007749221287667751,2.531170129776001
pit_b_224,3,ILSVRC2012_val_00000117.JPEG,score_deviation_extreme,0.15,2,True,0.10433578491210938,0.0043400973081588745,False,0.006663322448730469,0.05483241379261017,0.03682561218738556,0.40391451120376587,0.7076419591903687
pit_b_224,4,ILSVRC2012_val_00000120.JPEG,score_deviation_extreme,0.15,2,True,0.29498958587646484,0.04865945875644684,False,0.015941977500915527,0.04292978718876839,0.04234004020690918,0.01728062704205513,2.1780905723571777
pit_b_224,5,ILSVRC2012_val_00000138.JPEG,score_deviation_extreme,0.15,2,True,-0.014466285705566406,-0.0014791041612625122,False,0.003607630729675293,0.04994325712323189,0.040992967784404755,0.0424533411860466,1.4397635459899902
pit_b_224,6,ILSVRC2012_val_00000166.JPEG,score_deviation_extreme,0.15,2,True,0.07855701446533203,0.0082174614071846,False,0.003177821636199951,0.04698314517736435,0.03409875929355621,0.04392382130026817,2.756357192993164
pit_b_224,7,ILSVRC2012_val_00000262.JPEG,score_deviation_extreme,0.15,2,True,0.09317779541015625,0.010490059852600098,False,0.007711529731750488,0.09410107880830765,0.0570068359375,0.08521455526351929,0.8834738731384277
pit_b_224,0,ILSVRC2012_val_00000031.JPEG,score_deviation_extreme,0.15,3,True,0.2477273941040039,0.030467577278614044,False,0.005605161190032959,0.07096203416585922,0.11145847290754318,-0.013616830110549927,0.734965980052948
pit_b_224,1,ILSVRC2012_val_00000081.JPEG,score_deviation_extreme,0.15,3,True,0.2688608169555664,0.03286905586719513,False,0.012323498725891113,0.1204671636223793,0.11639469861984253,0.09653008729219437,0.9284260272979736
pit_b_224,2,ILSVRC2012_val_00000102.JPEG,score_deviation_extreme,0.15,3,True,0.2816352844238281,0.03247378021478653,False,0.004705488681793213,0.05376465991139412,0.050613466650247574,0.007749219425022602,2.531170129776001
pit_b_224,3,ILSVRC2012_val_00000117.JPEG,score_deviation_extreme,0.15,3,True,0.10433578491210938,0.0043400973081588745,False,0.006663322448730469,0.05483241379261017,0.03682561218738556,0.40391451120376587,0.7076419591903687
pit_b_224,4,ILSVRC2012_val_00000120.JPEG,score_deviation_extreme,0.15,3,True,0.29498958587646484,0.04865945875644684,False,0.015941977500915527,0.04292978718876839,0.04234004020690918,0.01728062331676483,2.1780905723571777
pit_b_224,5,ILSVRC2012_val_00000138.JPEG,score_deviation_extreme,0.15,3,True,-0.014466285705566406,-0.0014791041612625122,False,0.003607630729675293,0.04994325712323189,0.040992967784404755,0.0424533411860466,1.4397635459899902
pit_b_224,6,ILSVRC2012_val_00000166.JPEG,score_deviation_extreme,0.15,3,True,0.07855701446533203,0.0082174614071846,False,0.003177821636199951,0.04698314517736435,0.03409875929355621,0.04392382502555847,2.756357192993164
pit_b_224,7,ILSVRC2012_val_00000262.JPEG,score_deviation_extreme,0.15,3,True,0.09317779541015625,0.010490059852600098,False,0.007711529731750488,0.09410107880830765,0.0570068359375,0.08521455526351929,0.8834738731384277
pit_b_224,8,ILSVRC2012_val_00000299.JPEG,high_score_extreme,0.15,0,True,0.11628150939941406,0.01937967538833618,False,0.0076868534088134766,0.16738146543502808,0.06827259063720703,0.06043832749128342,2.4795970916748047
pit_b_224,9,ILSVRC2012_val_00000410.JPEG,high_score_extreme,0.15,0,True,-0.01925182342529297,-0.003922551870346069,False,0.013400912284851074,0.03531506285071373,0.02203105203807354,0.3088308572769165,0.7439558506011963
pit_b_224,10,ILSVRC2012_val_00000499.JPEG,high_score_extreme,0.15,0,True,0.10003089904785156,0.012190550565719604,False,0.0016704797744750977,0.05118080601096153,0.03810203820466995,0.010357219725847244,2.864447832107544
pit_b_224,11,ILSVRC2012_val_00000526.JPEG,high_score_extreme,0.15,0,True,0.17179393768310547,0.02637489140033722,False,0.026203572750091553,0.10309920459985733,0.05923406034708023,0.04650633782148361,6.165363311767578
pit_b_224,12,ILSVRC2012_val_00000537.JPEG,high_score_extreme,0.15,0,True,-0.234375,-0.03296224772930145,False,0.033860087394714355,0.36818477511405945,0.1703711301088333,0.018337303772568703,2.7698442935943604
pit_b_224,13,ILSVRC2012_val_00000548.JPEG,high_score_extreme,0.15,0,True,0.4023170471191406,0.03927038609981537,False,0.008852720260620117,0.11194119602441788,0.08940258622169495,0.03219175338745117,5.952169895172119
pit_b_224,14,ILSVRC2012_val_00000575.JPEG,high_score_extreme,0.15,0,True,0.5198249816894531,0.0941133201122284,False,0.012320280075073242,0.07390600442886353,0.0863102599978447,0.2011668086051941,1.5547605752944946
pit_b_224,15,ILSVRC2012_val_00000602.JPEG,high_score_extreme,0.15,0,True,0.25553226470947266,0.023807711899280548,False,0.011662840843200684,0.05504443123936653,0.046583302319049835,0.06505730748176575,4.209430694580078
pit_b_224,8,ILSVRC2012_val_00000299.JPEG,high_score_extreme,0.15,1,True,0.11628150939941406,0.01937967538833618,False,0.0076868534088134766,0.16738146543502808,0.06827259063720703,0.06043832749128342,2.4795970916748047
pit_b_224,9,ILSVRC2012_val_00000410.JPEG,high_score_extreme,0.15,1,True,-0.01925182342529297,-0.003922551870346069,False,0.013400912284851074,0.03531506285071373,0.02203105203807354,0.3088308572769165,0.7439558506011963
pit_b_224,10,ILSVRC2012_val_00000499.JPEG,high_score_extreme,0.15,1,True,0.10003089904785156,0.012190550565719604,False,0.0016704797744750977,0.05118080601096153,0.03810203820466995,0.010357221588492393,2.864447832107544
pit_b_224,11,ILSVRC2012_val_00000526.JPEG,high_score_extreme,0.15,1,True,0.17179393768310547,0.02637489140033722,False,0.026203572750091553,0.10309920459985733,0.05923406034708023,0.04650634154677391,6.165363311767578
pit_b_224,12,ILSVRC2012_val_00000537.JPEG,high_score_extreme,0.15,1,True,-0.234375,-0.03296224772930145,False,0.033860087394714355,0.36818477511405945,0.1703711301088333,0.018337301909923553,2.7698442935943604
pit_b_224,13,ILSVRC2012_val_00000548.JPEG,high_score_extreme,0.15,1,True,0.4023170471191406,0.03927038609981537,False,0.008852720260620117,0.11194119602441788,0.08940258622169495,0.03219175338745117,5.952170372009277
pit_b_224,14,ILSVRC2012_val_00000575.JPEG,high_score_extreme,0.15,1,True,0.5198249816894531,0.0941133201122284,False,0.012320280075073242,0.07390600442886353,0.0863102599978447,0.2011667937040329,1.5547606945037842
pit_b_224,15,ILSVRC2012_val_00000602.JPEG,high_score_extreme,0.15,1,True,0.25553226470947266,0.023807711899280548,False,0.011662840843200684,0.05504443123936653,0.046583302319049835,0.06505730748176575,4.209430694580078
pit_b_224,8,ILSVRC2012_val_00000299.JPEG,high_score_extreme,0.15,2,True,0.11628150939941406,0.01937967538833618,False,0.0076868534088134766,0.16738146543502808,0.06827259063720703,0.06043832749128342,2.4795970916748047
pit_b_224,9,ILSVRC2012_val_00000410.JPEG,high_score_extreme,0.15,2,True,-0.01925182342529297,-0.003922551870346069,False,0.013400912284851074,0.03531506285071373,0.02203105203807354,0.3088308572769165,0.7439558506011963
pit_b_224,10,ILSVRC2012_val_00000499.JPEG,high_score_extreme,0.15,2,True,0.10003089904785156,0.012190550565719604,False,0.0016704797744750977,0.05118080601096153,0.03810203820466995,0.010357221588492393,2.864447832107544
pit_b_224,11,ILSVRC2012_val_00000526.JPEG,high_score_extreme,0.15,2,True,0.17179393768310547,0.02637489140033722,False,0.026203572750091553,0.10309920459985733,0.05923406034708023,0.04650633782148361,6.165363311767578
pit_b_224,12,ILSVRC2012_val_00000537.JPEG,high_score_extreme,0.15,2,True,-0.234375,-0.03296224772930145,False,0.033860087394714355,0.36818477511405945,0.1703711301088333,0.018337301909923553,2.7698442935943604
pit_b_224,13,ILSVRC2012_val_00000548.JPEG,high_score_extreme,0.15,2,True,0.4023170471191406,0.03927038609981537,False,0.008852720260620117,0.11194119602441788,0.08940258622169495,0.03219175338745117,5.952170372009277
pit_b_224,14,ILSVRC2012_val_00000575.JPEG,high_score_extreme,0.15,2,True,0.5198249816894531,0.0941133201122284,False,0.012320280075073242,0.07390600442886353,0.0863102599978447,0.2011668086051941,1.5547605752944946
pit_b_224,15,ILSVRC2012_val_00000602.JPEG,high_score_extreme,0.15,2,True,0.25553226470947266,0.023807711899280548,False,0.011662840843200684,0.05504443123936653,0.046583302319049835,0.06505730748176575,4.209430694580078
pit_b_224,8,ILSVRC2012_val_00000299.JPEG,high_score_extreme,0.15,3,True,0.11628150939941406,0.01937967538833618,False,0.0076868534088134766,0.16738146543502808,0.06827259063720703,0.06043832749128342,2.4795970916748047
pit_b_224,9,ILSVRC2012_val_00000410.JPEG,high_score_extreme,0.15,3,True,-0.01925182342529297,-0.003922551870346069,False,0.013400912284851074,0.03531506285071373,0.02203105203807354,0.3088308572769165,0.7439558506011963
pit_b_224,10,ILSVRC2012_val_00000499.JPEG,high_score_extreme,0.15,3,True,0.10003089904785156,0.012190550565719604,False,0.0016704797744750977,0.05118080601096153,0.03810203820466995,0.010357221588492393,2.864447593688965
pit_b_224,11,ILSVRC2012_val_00000526.JPEG,high_score_extreme,0.15,3,True,0.17179393768310547,0.02637489140033722,False,0.026203572750091553,0.10309920459985733,0.05923406034708023,0.04650633782148361,6.165363311767578
pit_b_224,12,ILSVRC2012_val_00000537.JPEG,high_score_extreme,0.15,3,True,-0.234375,-0.03296224772930145,False,0.033860087394714355,0.36818477511405945,0.1703711301088333,0.018337301909923553,2.7698442935943604
pit_b_224,13,ILSVRC2012_val_00000548.JPEG,high_score_extreme,0.15,3,True,0.4023170471191406,0.03927038609981537,False,0.008852720260620117,0.11194119602441788,0.08940258622169495,0.03219175711274147,5.952170372009277
pit_b_224,14,ILSVRC2012_val_00000575.JPEG,high_score_extreme,0.15,3,True,0.5198249816894531,0.0941133201122284,False,0.012320280075073242,0.07390600442886353,0.0863102599978447,0.2011668086051941,1.5547605752944946
pit_b_224,15,ILSVRC2012_val_00000602.JPEG,high_score_extreme,0.15,3,True,0.25553226470947266,0.023807711899280548,False,0.011662840843200684,0.05504443123936653,0.046583302319049835,0.06505730748176575,4.209430694580078
pit_b_224,8,ILSVRC2012_val_00000299.JPEG,low_score_extreme,0.15,0,True,0.2897157669067383,0.04235571622848511,False,0.006103396415710449,0.1331699639558792,0.09302201122045517,0.06165038049221039,2.3787143230438232
pit_b_224,9,ILSVRC2012_val_00000410.JPEG,low_score_extreme,0.15,0,True,0.016470909118652344,0.0022772252559661865,False,0.015536010265350342,0.11535171419382095,0.06616171449422836,0.1796608716249466,1.5250595808029175
pit_b_224,10,ILSVRC2012_val_00000499.JPEG,low_score_extreme,0.15,0,True,0.2813720703125,0.03794555366039276,False,0.0033720731735229492,0.05391988158226013,0.04502251371741295,0.035993121564388275,3.8463783264160156
pit_b_224,11,ILSVRC2012_val_00000526.JPEG,low_score_extreme,0.15,0,True,0.5020780563354492,0.08581525087356567,False,0.008351445198059082,0.1555323451757431,0.11458028852939606,0.10142617672681808,5.44512414932251
pit_b_224,12,ILSVRC2012_val_00000537.JPEG,low_score_extreme,0.15,0,True,-0.0705099105834961,-0.010008305311203003,False,0.006163895130157471,0.09329968690872192,0.07346002012491226,0.022765308618545532,1.5318303108215332
pit_b_224,13,ILSVRC2012_val_00000548.JPEG,low_score_extreme,0.15,0,True,0.6634902954101562,0.07448644191026688,False,0.011386871337890625,0.09582307934761047,0.10136879980564117,0.04278834909200668,5.831126689910889
pit_b_224,14,ILSVRC2012_val_00000575.JPEG,low_score_extreme,0.15,0,True,0.9126930236816406,0.1738312989473343,False,0.015773534774780273,0.13893009722232819,0.11178937554359436,0.16626569628715515,1.867698311805725
pit_b_224,15,ILSVRC2012_val_00000602.JPEG,low_score_extreme,0.15,0,True,0.5598468780517578,0.06576640903949738,False,0.029210031032562256,0.11388196051120758,0.06915932148694992,0.07820942997932434,6.257818698883057
pit_b_224,8,ILSVRC2012_val_00000299.JPEG,low_score_extreme,0.15,1,True,0.2897157669067383,0.04235571622848511,False,0.006103396415710449,0.1331699639558792,0.09302201122045517,0.06165038049221039,2.3787143230438232
pit_b_224,9,ILSVRC2012_val_00000410.JPEG,low_score_extreme,0.15,1,True,0.016470909118652344,0.0022772252559661865,False,0.015536010265350342,0.11535171419382095,0.06616171449422836,0.1796608716249466,1.5250595808029175
pit_b_224,10,ILSVRC2012_val_00000499.JPEG,low_score_extreme,0.15,1,True,0.2813720703125,0.03794555366039276,False,0.0033720731735229492,0.05391988158226013,0.04502251371741295,0.035993121564388275,3.8463783264160156
pit_b_224,11,ILSVRC2012_val_00000526.JPEG,low_score_extreme,0.15,1,True,0.5020780563354492,0.08581525087356567,False,0.008351445198059082,0.1555323451757431,0.11458028852939606,0.10142617672681808,5.44512414932251
pit_b_224,12,ILSVRC2012_val_00000537.JPEG,low_score_extreme,0.15,1,True,-0.0705099105834961,-0.010008305311203003,False,0.006163895130157471,0.09329968690872192,0.07346002012491226,0.022765308618545532,1.5318303108215332
pit_b_224,13,ILSVRC2012_val_00000548.JPEG,low_score_extreme,0.15,1,True,0.6634902954101562,0.07448644191026688,False,0.011386871337890625,0.09582307934761047,0.10136879980564117,0.04278834909200668,5.8311262130737305
pit_b_224,14,ILSVRC2012_val_00000575.JPEG,low_score_extreme,0.15,1,True,0.9126930236816406,0.1738312989473343,False,0.015773534774780273,0.13893009722232819,0.11178937554359436,0.16626569628715515,1.867698311805725
pit_b_224,15,ILSVRC2012_val_00000602.JPEG,low_score_extreme,0.15,1,True,0.5598468780517578,0.06576640903949738,False,0.029210031032562256,0.11388196051120758,0.06915932148694992,0.07820942997932434,6.257818698883057
pit_b_224,8,ILSVRC2012_val_00000299.JPEG,low_score_extreme,0.15,2,True,0.2897157669067383,0.04235571622848511,False,0.006103396415710449,0.1331699639558792,0.09302201122045517,0.06165038049221039,2.3787143230438232
pit_b_224,9,ILSVRC2012_val_00000410.JPEG,low_score_extreme,0.15,2,True,0.016470909118652344,0.0022772252559661865,False,0.015536010265350342,0.11535171419382095,0.06616171449422836,0.1796608716249466,1.5250595808029175
pit_b_224,10,ILSVRC2012_val_00000499.JPEG,low_score_extreme,0.15,2,True,0.2813720703125,0.03794555366039276,False,0.0033720731735229492,0.05391988158226013,0.04502251371741295,0.035993121564388275,3.8463783264160156
pit_b_224,11,ILSVRC2012_val_00000526.JPEG,low_score_extreme,0.15,2,True,0.5020780563354492,0.08581525087356567,False,0.008351445198059082,0.1555323451757431,0.11458028852939606,0.10142617672681808,5.44512414932251
pit_b_224,12,ILSVRC2012_val_00000537.JPEG,low_score_extreme,0.15,2,True,-0.0705099105834961,-0.010008305311203003,False,0.006163895130157471,0.09329968690872192,0.07346002012491226,0.022765308618545532,1.5318303108215332
pit_b_224,13,ILSVRC2012_val_00000548.JPEG,low_score_extreme,0.15,2,True,0.6634902954101562,0.07448644191026688,False,0.011386871337890625,0.09582307934761047,0.10136879980564117,0.04278834909200668,5.8311262130737305
pit_b_224,14,ILSVRC2012_val_00000575.JPEG,low_score_extreme,0.15,2,True,0.9126930236816406,0.1738312989473343,False,0.015773534774780273,0.13893009722232819,0.11178937554359436,0.16626571118831635,1.867698311805725
pit_b_224,15,ILSVRC2012_val_00000602.JPEG,low_score_extreme,0.15,2,True,0.5598468780517578,0.06576640903949738,False,0.029210031032562256,0.11388196051120758,0.06915932148694992,0.07820941507816315,6.257819175720215
pit_b_224,8,ILSVRC2012_val_00000299.JPEG,low_score_extreme,0.15,3,True,0.2897157669067383,0.04235571622848511,False,0.006103396415710449,0.1331699639558792,0.09302201122045517,0.06165038049221039,2.3787143230438232
pit_b_224,9,ILSVRC2012_val_00000410.JPEG,low_score_extreme,0.15,3,True,0.016470909118652344,0.0022772252559661865,False,0.015536010265350342,0.11535171419382095,0.06616171449422836,0.1796608716249466,1.5250595808029175
pit_b_224,10,ILSVRC2012_val_00000499.JPEG,low_score_extreme,0.15,3,True,0.2813720703125,0.03794555366039276,False,0.0033720731735229492,0.05391988158226013,0.04502251371741295,0.035993121564388275,3.8463783264160156
pit_b_224,11,ILSVRC2012_val_00000526.JPEG,low_score_extreme,0.15,3,True,0.5020780563354492,0.08581525087356567,False,0.008351445198059082,0.1555323451757431,0.11458028852939606,0.10142617672681808,5.44512414932251
pit_b_224,12,ILSVRC2012_val_00000537.JPEG,low_score_extreme,0.15,3,True,-0.0705099105834961,-0.010008305311203003,False,0.006163895130157471,0.09329968690872192,0.07346002012491226,0.022765308618545532,1.5318303108215332
pit_b_224,13,ILSVRC2012_val_00000548.JPEG,low_score_extreme,0.15,3,True,0.6634902954101562,0.07448644191026688,False,0.011386871337890625,0.09582307934761047,0.10136879980564117,0.04278834909200668,5.8311262130737305
pit_b_224,14,ILSVRC2012_val_00000575.JPEG,low_score_extreme,0.15,3,True,0.9126930236816406,0.1738312989473343,False,0.015773534774780273,0.13893009722232819,0.11178937554359436,0.16626569628715515,1.867698311805725
pit_b_224,15,ILSVRC2012_val_00000602.JPEG,low_score_extreme,0.15,3,True,0.5598468780517578,0.06576640903949738,False,0.029210031032562256,0.11388196051120758,0.06915932148694992,0.07820941507816315,6.257819175720215
pit_b_224,8,ILSVRC2012_val_00000299.JPEG,random_uniform,0.15,0,True,0.49733734130859375,0.0814320296049118,False,0.006943166255950928,0.17672307789325714,0.13444943726062775,0.03628430515527725,3.0757899284362793
pit_b_224,9,ILSVRC2012_val_00000410.JPEG,random_uniform,0.15,0,True,-0.06499862670898438,-0.007593005895614624,False,0.016687393188476562,0.07134812325239182,0.04100523144006729,0.25949180126190186,0.7824840545654297
pit_b_224,10,ILSVRC2012_val_00000499.JPEG,random_uniform,0.15,0,True,0.13915634155273438,0.016811564564704895,False,0.0019158720970153809,0.06773966550827026,0.06623044610023499,0.08974146097898483,1.5312575101852417
pit_b_224,11,ILSVRC2012_val_00000526.JPEG,random_uniform,0.15,0,True,0.3740577697753906,0.0615241676568985,False,0.00992494821548462,0.13878481090068817,0.10063351690769196,0.1150093525648117,3.7739322185516357
pit_b_224,12,ILSVRC2012_val_00000537.JPEG,random_uniform,0.15,0,True,-0.12583637237548828,-0.01858450472354889,False,0.013661801815032959,0.09064077585935593,0.08396396785974503,0.010451704263687134,6.068859577178955
pit_b_224,13,ILSVRC2012_val_00000548.JPEG,random_uniform,0.15,0,True,0.2307424545288086,0.021443404257297516,False,0.010032057762145996,0.10000625997781754,0.09315618872642517,0.08376336097717285,3.499016761779785
pit_b_224,14,ILSVRC2012_val_00000575.JPEG,random_uniform,0.15,0,True,0.5525369644165039,0.1034463495016098,False,0.01784515380859375,0.13906024396419525,0.0903850644826889,0.14174121618270874,2.388784885406494
pit_b_224,15,ILSVRC2012_val_00000602.JPEG,random_uniform,0.15,0,True,0.6991424560546875,0.07748714089393616,False,0.026056110858917236,0.1340530663728714,0.10069002211093903,0.0549083948135376,6.314498424530029
pit_b_224,8,ILSVRC2012_val_00000299.JPEG,random_uniform,0.15,1,True,0.0404205322265625,0.006193801760673523,False,0.00583118200302124,0.15753014385700226,0.07532162219285965,0.0521102100610733,1.937220811843872
pit_b_224,9,ILSVRC2012_val_00000410.JPEG,random_uniform,0.15,1,True,0.023537635803222656,-0.0022793561220169067,False,0.02019810676574707,0.10835812240839005,0.06054001301527023,0.3531796634197235,0.625634491443634
pit_b_224,10,ILSVRC2012_val_00000499.JPEG,random_uniform,0.15,1,True,0.3750629425048828,0.052782848477363586,False,0.004636585712432861,0.06003623455762863,0.05517072230577469,0.045315057039260864,3.179589033126831
pit_b_224,11,ILSVRC2012_val_00000526.JPEG,random_uniform,0.15,1,True,0.3819398880004883,0.06227891147136688,False,0.012706875801086426,0.12634849548339844,0.09063751995563507,0.1454523503780365,3.4186289310455322
pit_b_224,12,ILSVRC2012_val_00000537.JPEG,random_uniform,0.15,1,True,0.0130157470703125,0.003176674246788025,False,0.003400444984436035,0.10327696055173874,0.06761816143989563,0.015530720353126526,2.344331979751587
pit_b_224,13,ILSVRC2012_val_00000548.JPEG,random_uniform,0.15,1,True,0.30095863342285156,0.02855028212070465,False,0.01038658618927002,0.13392594456672668,0.10577965527772903,0.08255518227815628,4.642671585083008
pit_b_224,14,ILSVRC2012_val_00000575.JPEG,random_uniform,0.15,1,True,0.6688203811645508,0.13347004354000092,False,0.021702110767364502,0.12196594476699829,0.08026276528835297,0.1437530666589737,2.811493396759033
pit_b_224,15,ILSVRC2012_val_00000602.JPEG,random_uniform,0.15,1,True,0.3416423797607422,0.0321357324719429,False,0.026016950607299805,0.10965762287378311,0.09294548630714417,0.07370106875896454,4.363620281219482
pit_b_224,8,ILSVRC2012_val_00000299.JPEG,random_uniform,0.15,2,True,0.2482309341430664,0.03739003837108612,False,0.006078004837036133,0.1771140992641449,0.09991830587387085,0.07497836649417877,1.5319187641143799
pit_b_224,9,ILSVRC2012_val_00000410.JPEG,random_uniform,0.15,2,True,0.08696269989013672,0.0031964853405952454,False,0.025284111499786377,0.12037337571382523,0.08217693120241165,0.26783573627471924,0.7521610856056213
pit_b_224,10,ILSVRC2012_val_00000499.JPEG,random_uniform,0.15,2,True,0.20535659790039062,0.02671697735786438,False,0.0027018189430236816,0.061466898769140244,0.050361890345811844,0.07235687971115112,2.664595603942871
pit_b_224,11,ILSVRC2012_val_00000526.JPEG,random_uniform,0.15,2,True,0.18172073364257812,0.025142595171928406,False,0.01619553565979004,0.14212578535079956,0.09302802383899689,0.11196045577526093,3.3717329502105713
pit_b_224,12,ILSVRC2012_val_00000537.JPEG,random_uniform,0.15,2,True,-0.022050857543945312,-0.004478871822357178,False,0.006288349628448486,0.10438890010118484,0.0762244313955307,-0.002659774385392666,2.2922654151916504
pit_b_224,13,ILSVRC2012_val_00000548.JPEG,random_uniform,0.15,2,True,0.29771995544433594,0.027850672602653503,False,0.009026527404785156,0.08752330392599106,0.09281213581562042,0.07612171769142151,9.456816673278809
pit_b_224,14,ILSVRC2012_val_00000575.JPEG,random_uniform,0.15,2,True,0.3181419372558594,0.05101747810840607,False,0.013458728790283203,0.12458334863185883,0.08617039769887924,0.17075864970684052,1.6275049448013306
pit_b_224,15,ILSVRC2012_val_00000602.JPEG,random_uniform,0.15,2,True,0.3886260986328125,0.03667084872722626,False,0.020801544189453125,0.12320680916309357,0.07234271615743637,0.06355742365121841,4.385148525238037
pit_b_224,8,ILSVRC2012_val_00000299.JPEG,random_uniform,0.15,3,True,-0.14286041259765625,-0.01773073524236679,False,0.004868149757385254,0.17649665474891663,0.09396680444478989,0.09557614475488663,0.7931169271469116
pit_b_224,9,ILSVRC2012_val_00000410.JPEG,random_uniform,0.15,3,True,0.09224319458007812,0.005366809666156769,False,0.023007988929748535,0.1265268623828888,0.07159918546676636,0.1800435185432434,1.2272663116455078
pit_b_224,10,ILSVRC2012_val_00000499.JPEG,random_uniform,0.15,3,True,0.42516517639160156,0.060953155159950256,False,0.005257666110992432,0.05114585533738136,0.06148585304617882,0.06204574182629585,2.6280226707458496
pit_b_224,11,ILSVRC2012_val_00000526.JPEG,random_uniform,0.15,3,True,0.30011463165283203,0.04612191021442413,False,0.01167672872543335,0.14035212993621826,0.09107331186532974,0.11969606578350067,3.5014185905456543
pit_b_224,12,ILSVRC2012_val_00000537.JPEG,random_uniform,0.15,3,True,0.024951934814453125,0.004336744546890259,False,0.012924671173095703,0.13480244576931,0.10150092840194702,0.010648852214217186,2.389516830444336
pit_b_224,13,ILSVRC2012_val_00000548.JPEG,random_uniform,0.15,3,True,0.34210777282714844,0.03249885141849518,False,0.009327292442321777,0.14252927899360657,0.1253572404384613,0.022682705894112587,7.248978137969971
pit_b_224,14,ILSVRC2012_val_00000575.JPEG,random_uniform,0.15,3,True,0.15496158599853516,0.03248542547225952,False,0.014367163181304932,0.10425227880477905,0.06566502153873444,0.14678403735160828,1.7463494539260864
pit_b_224,15,ILSVRC2012_val_00000602.JPEG,random_uniform,0.15,3,True,0.47759532928466797,0.05130894482135773,False,0.01980537176132202,0.12162014096975327,0.07539661973714828,0.08007261157035828,6.560013294219971
pit_b_224,8,ILSVRC2012_val_00000299.JPEG,score_deviation_extreme,0.15,0,True,-0.06763648986816406,-0.008731678128242493,False,0.0046849846839904785,0.12355665117502213,0.05357646942138672,0.08090332895517349,1.1205360889434814
pit_b_224,9,ILSVRC2012_val_00000410.JPEG,score_deviation_extreme,0.15,0,True,-0.039694786071777344,-0.005792289972305298,False,0.012391149997711182,0.03510896489024162,0.02592507191002369,0.33723440766334534,0.6394460201263428
pit_b_224,10,ILSVRC2012_val_00000499.JPEG,score_deviation_extreme,0.15,0,True,-0.010485649108886719,-0.0012733936309814453,False,0.0019715428352355957,0.04314124211668968,0.032861653715372086,0.01843075454235077,1.3005640506744385
pit_b_224,11,ILSVRC2012_val_00000526.JPEG,score_deviation_extreme,0.15,0,True,0.17179393768310547,0.02637489140033722,False,0.026203572750091553,0.10309920459985733,0.05923406034708023,0.04650633782148361,6.165363311767578
pit_b_224,12,ILSVRC2012_val_00000537.JPEG,score_deviation_extreme,0.15,0,True,-0.21246719360351562,-0.030077099800109863,False,0.031008124351501465,0.32285457849502563,0.13969044387340546,0.022474423050880432,1.077006459236145
pit_b_224,13,ILSVRC2012_val_00000548.JPEG,score_deviation_extreme,0.15,0,True,0.38510990142822266,0.03714316338300705,False,0.005923867225646973,0.11163820326328278,0.12415087968111038,0.03783005475997925,4.545269966125488
pit_b_224,14,ILSVRC2012_val_00000575.JPEG,score_deviation_extreme,0.15,0,True,0.5198249816894531,0.0941133201122284,False,0.012320280075073242,0.07390600442886353,0.0863102599978447,0.2011668086051941,1.5547605752944946
pit_b_224,15,ILSVRC2012_val_00000602.JPEG,score_deviation_extreme,0.15,0,True,0.3343067169189453,0.031967490911483765,False,0.014052987098693848,0.05078103020787239,0.04432056471705437,0.08358834683895111,4.401574611663818
pit_b_224,8,ILSVRC2012_val_00000299.JPEG,score_deviation_extreme,0.15,1,True,-0.06763648986816406,-0.008731678128242493,False,0.0046849846839904785,0.12355665117502213,0.05357646942138672,0.08090332895517349,1.1205360889434814
pit_b_224,9,ILSVRC2012_val_00000410.JPEG,score_deviation_extreme,0.15,1,True,-0.039694786071777344,-0.005792289972305298,False,0.012391149997711182,0.03510896489024162,0.02592507191002369,0.33723440766334534,0.6394460201263428
pit_b_224,10,ILSVRC2012_val_00000499.JPEG,score_deviation_extreme,0.15,1,True,-0.010485649108886719,-0.0012733936309814453,False,0.0019715428352355957,0.04314124211668968,0.032861653715372086,0.01843075454235077,1.3005640506744385
pit_b_224,11,ILSVRC2012_val_00000526.JPEG,score_deviation_extreme,0.15,1,True,0.17179393768310547,0.02637489140033722,False,0.026203572750091553,0.10309920459985733,0.05923406034708023,0.04650633782148361,6.165363311767578
pit_b_224,12,ILSVRC2012_val_00000537.JPEG,score_deviation_extreme,0.15,1,True,-0.21246719360351562,-0.030077099800109863,False,0.031008124351501465,0.32285457849502563,0.13969044387340546,0.022474423050880432,1.077006459236145
pit_b_224,13,ILSVRC2012_val_00000548.JPEG,score_deviation_extreme,0.15,1,True,0.38510990142822266,0.03714316338300705,False,0.005923867225646973,0.11163820326328278,0.12415087968111038,0.03783005475997925,4.545269966125488
pit_b_224,14,ILSVRC2012_val_00000575.JPEG,score_deviation_extreme,0.15,1,True,0.5198249816894531,0.0941133201122284,False,0.012320280075073242,0.07390600442886353,0.0863102599978447,0.2011667937040329,1.5547605752944946
pit_b_224,15,ILSVRC2012_val_00000602.JPEG,score_deviation_extreme,0.15,1,True,0.3343067169189453,0.031967490911483765,False,0.014052987098693848,0.05078103020787239,0.04432056471705437,0.08358834683895111,4.401574611663818
pit_b_224,8,ILSVRC2012_val_00000299.JPEG,score_deviation_extreme,0.15,2,True,-0.06763648986816406,-0.008731678128242493,False,0.0046849846839904785,0.12355665117502213,0.05357646942138672,0.08090332895517349,1.1205360889434814
pit_b_224,9,ILSVRC2012_val_00000410.JPEG,score_deviation_extreme,0.15,2,True,-0.039694786071777344,-0.005792289972305298,False,0.012391149997711182,0.03510896489024162,0.02592507191002369,0.33723440766334534,0.6394460201263428
pit_b_224,10,ILSVRC2012_val_00000499.JPEG,score_deviation_extreme,0.15,2,True,-0.010485649108886719,-0.0012733936309814453,False,0.0019715428352355957,0.04314124211668968,0.032861653715372086,0.01843075454235077,1.3005640506744385
pit_b_224,11,ILSVRC2012_val_00000526.JPEG,score_deviation_extreme,0.15,2,True,0.17179393768310547,0.02637489140033722,False,0.026203572750091553,0.10309920459985733,0.05923406034708023,0.04650633782148361,6.165363311767578
pit_b_224,12,ILSVRC2012_val_00000537.JPEG,score_deviation_extreme,0.15,2,True,-0.21246719360351562,-0.030077099800109863,False,0.031008124351501465,0.32285457849502563,0.13969044387340546,0.022474421188235283,1.077006459236145
pit_b_224,13,ILSVRC2012_val_00000548.JPEG,score_deviation_extreme,0.15,2,True,0.38510990142822266,0.03714316338300705,False,0.005923867225646973,0.11163820326328278,0.12415087968111038,0.037830058485269547,4.545269966125488
pit_b_224,14,ILSVRC2012_val_00000575.JPEG,score_deviation_extreme,0.15,2,True,0.5198249816894531,0.0941133201122284,False,0.012320280075073242,0.07390600442886353,0.0863102599978447,0.2011668086051941,1.5547605752944946
pit_b_224,15,ILSVRC2012_val_00000602.JPEG,score_deviation_extreme,0.15,2,True,0.3343067169189453,0.031967490911483765,False,0.014052987098693848,0.05078103020787239,0.04432056471705437,0.08358834683895111,4.401574611663818
pit_b_224,8,ILSVRC2012_val_00000299.JPEG,score_deviation_extreme,0.15,3,True,-0.06763648986816406,-0.008731678128242493,False,0.0046849846839904785,0.12355665117502213,0.05357646942138672,0.08090333640575409,1.120535969734192
pit_b_224,9,ILSVRC2012_val_00000410.JPEG,score_deviation_extreme,0.15,3,True,-0.039694786071777344,-0.005792289972305298,False,0.012391149997711182,0.03510896489024162,0.02592507191002369,0.33723440766334534,0.6394460201263428
pit_b_224,10,ILSVRC2012_val_00000499.JPEG,score_deviation_extreme,0.15,3,True,-0.010485649108886719,-0.0012733936309814453,False,0.0019715428352355957,0.04314124211668968,0.032861653715372086,0.01843075454235077,1.3005640506744385
pit_b_224,11,ILSVRC2012_val_00000526.JPEG,score_deviation_extreme,0.15,3,True,0.17179393768310547,0.02637489140033722,False,0.026203572750091553,0.10309920459985733,0.05923406034708023,0.04650633782148361,6.165363311767578
pit_b_224,12,ILSVRC2012_val_00000537.JPEG,score_deviation_extreme,0.15,3,True,-0.21246719360351562,-0.030077099800109863,False,0.031008124351501465,0.32285457849502563,0.13969044387340546,0.022474423050880432,1.077006459236145
pit_b_224,13,ILSVRC2012_val_00000548.JPEG,score_deviation_extreme,0.15,3,True,0.38510990142822266,0.03714316338300705,False,0.005923867225646973,0.11163820326328278,0.12415087968111038,0.03783005475997925,4.545269966125488
pit_b_224,14,ILSVRC2012_val_00000575.JPEG,score_deviation_extreme,0.15,3,True,0.5198249816894531,0.0941133201122284,False,0.012320280075073242,0.07390600442886353,0.0863102599978447,0.2011668086051941,1.5547605752944946
pit_b_224,15,ILSVRC2012_val_00000602.JPEG,score_deviation_extreme,0.15,3,True,0.3343067169189453,0.031967490911483765,False,0.014052987098693848,0.05078103020787239,0.04432056471705437,0.08358834683895111,4.401574611663818
pit_b_224,16,ILSVRC2012_val_00000695.JPEG,high_score_extreme,0.15,0,True,0.3480691909790039,0.05013388395309448,False,0.007053017616271973,0.039108145982027054,0.06284153461456299,-0.00019962945953011513,2.055880069732666
pit_b_224,17,ILSVRC2012_val_00000724.JPEG,high_score_extreme,0.15,0,True,0.5172014236450195,0.07029750198125839,False,0.013698458671569824,0.07756282389163971,0.061266880482435226,0.07469874620437622,6.153926849365234
pit_b_224,18,ILSVRC2012_val_00000781.JPEG,high_score_extreme,0.15,0,True,-0.15045166015625,-0.021783605217933655,False,0.006748080253601074,0.036875415593385696,0.02806399203836918,0.04535422474145889,0.3947390019893646
pit_b_224,19,ILSVRC2012_val_00000809.JPEG,high_score_extreme,0.15,0,True,0.0955972671508789,0.041177622973918915,False,0.10072946548461914,0.19692561030387878,0.15655043721199036,0.14727024734020233,1.5203893184661865
pit_b_224,20,ILSVRC2012_val_00000871.JPEG,high_score_extreme,0.15,0,True,0.04546546936035156,0.008960634469985962,False,0.004581451416015625,0.09936293959617615,0.07865939289331436,0.11356297135353088,0.9050068259239197
pit_b_224,21,ILSVRC2012_val_00000890.JPEG,high_score_extreme,0.15,0,True,0.42171764373779297,0.05715417116880417,False,0.006506681442260742,0.08400274068117142,0.0688924565911293,0.01617017388343811,4.412774562835693
pit_b_224,22,ILSVRC2012_val_00000989.JPEG,high_score_extreme,0.15,0,True,0.19217491149902344,0.02375224232673645,False,0.008720636367797852,0.04639000445604324,0.028478557243943214,0.14315789937973022,1.1610627174377441
pit_b_224,23,ILSVRC2012_val_00001094.JPEG,high_score_extreme,0.15,0,True,0.5505352020263672,0.07669595628976822,False,0.01900005340576172,0.1128135472536087,0.11246548593044281,0.18985363841056824,0.7411720752716064
pit_b_224,16,ILSVRC2012_val_00000695.JPEG,high_score_extreme,0.15,1,True,0.3480691909790039,0.05013388395309448,False,0.007053017616271973,0.039108145982027054,0.06284153461456299,-0.00019962922669947147,2.055880069732666
pit_b_224,17,ILSVRC2012_val_00000724.JPEG,high_score_extreme,0.15,1,True,0.5172014236450195,0.07029750198125839,False,0.013698458671569824,0.07756282389163971,0.061266880482435226,0.07469874620437622,6.153926849365234
pit_b_224,18,ILSVRC2012_val_00000781.JPEG,high_score_extreme,0.15,1,True,-0.15045166015625,-0.021783605217933655,False,0.006748080253601074,0.036875415593385696,0.02806399203836918,0.04535422474145889,0.3947390019893646
pit_b_224,19,ILSVRC2012_val_00000809.JPEG,high_score_extreme,0.15,1,True,0.0955972671508789,0.041177622973918915,False,0.10072946548461914,0.19692561030387878,0.15655043721199036,0.14727026224136353,1.5203893184661865
pit_b_224,20,ILSVRC2012_val_00000871.JPEG,high_score_extreme,0.15,1,True,0.04546546936035156,0.008960634469985962,False,0.004581451416015625,0.09936293959617615,0.07865939289331436,0.11356297135353088,0.9050068259239197
pit_b_224,21,ILSVRC2012_val_00000890.JPEG,high_score_extreme,0.15,1,True,0.42171764373779297,0.05715417116880417,False,0.006506681442260742,0.08400274068117142,0.0688924565911293,0.01617017760872841,4.412774562835693
pit_b_224,22,ILSVRC2012_val_00000989.JPEG,high_score_extreme,0.15,1,True,0.19217491149902344,0.02375224232673645,False,0.008720636367797852,0.04639000445604324,0.028478557243943214,0.14315791428089142,1.1610625982284546
pit_b_224,23,ILSVRC2012_val_00001094.JPEG,high_score_extreme,0.15,1,True,0.5505352020263672,0.07669595628976822,False,0.01900005340576172,0.1128135472536087,0.11246548593044281,0.18985363841056824,0.7411720752716064
pit_b_224,16,ILSVRC2012_val_00000695.JPEG,high_score_extreme,0.15,2,True,0.3480691909790039,0.05013388395309448,False,0.007053017616271973,0.039108145982027054,0.06284153461456299,-0.00019962945953011513,2.055880069732666
pit_b_224,17,ILSVRC2012_val_00000724.JPEG,high_score_extreme,0.15,2,True,0.5172014236450195,0.07029750198125839,False,0.013698458671569824,0.07756282389163971,0.061266880482435226,0.07469874620437622,6.153926849365234
pit_b_224,18,ILSVRC2012_val_00000781.JPEG,high_score_extreme,0.15,2,True,-0.15045166015625,-0.021783605217933655,False,0.006748080253601074,0.036875415593385696,0.02806399203836918,0.04535422474145889,0.3947390019893646
pit_b_224,19,ILSVRC2012_val_00000809.JPEG,high_score_extreme,0.15,2,True,0.0955972671508789,0.041177622973918915,False,0.10072946548461914,0.19692561030387878,0.15655043721199036,0.14727024734020233,1.5203893184661865
pit_b_224,20,ILSVRC2012_val_00000871.JPEG,high_score_extreme,0.15,2,True,0.04546546936035156,0.008960634469985962,False,0.004581451416015625,0.09936293959617615,0.07865939289331436,0.11356298625469208,0.9050067663192749
pit_b_224,21,ILSVRC2012_val_00000890.JPEG,high_score_extreme,0.15,2,True,0.42171764373779297,0.05715417116880417,False,0.006506681442260742,0.08400274068117142,0.0688924565911293,0.01617017760872841,4.412774562835693
pit_b_224,22,ILSVRC2012_val_00000989.JPEG,high_score_extreme,0.15,2,True,0.19217491149902344,0.02375224232673645,False,0.008720636367797852,0.04639000445604324,0.028478557243943214,0.14315789937973022,1.1610625982284546
pit_b_224,23,ILSVRC2012_val_00001094.JPEG,high_score_extreme,0.15,2,True,0.5505352020263672,0.07669595628976822,False,0.01900005340576172,0.1128135472536087,0.11246548593044281,0.18985363841056824,0.7411720752716064
pit_b_224,16,ILSVRC2012_val_00000695.JPEG,high_score_extreme,0.15,3,True,0.3480691909790039,0.05013388395309448,False,0.007053017616271973,0.039108145982027054,0.06284153461456299,-0.00019962945953011513,2.055880069732666
pit_b_224,17,ILSVRC2012_val_00000724.JPEG,high_score_extreme,0.15,3,True,0.5172014236450195,0.07029750198125839,False,0.013698458671569824,0.07756282389163971,0.061266880482435226,0.07469873875379562,6.153926849365234
pit_b_224,18,ILSVRC2012_val_00000781.JPEG,high_score_extreme,0.15,3,True,-0.15045166015625,-0.021783605217933655,False,0.006748080253601074,0.036875415593385696,0.02806399203836918,0.04535422474145889,0.3947390019893646
pit_b_224,19,ILSVRC2012_val_00000809.JPEG,high_score_extreme,0.15,3,True,0.0955972671508789,0.041177622973918915,False,0.10072946548461914,0.19692561030387878,0.15655043721199036,0.14727024734020233,1.5203893184661865
pit_b_224,20,ILSVRC2012_val_00000871.JPEG,high_score_extreme,0.15,3,True,0.04546546936035156,0.008960634469985962,False,0.004581451416015625,0.09936293959617615,0.07865939289331436,0.11356297135353088,0.9050068259239197
pit_b_224,21,ILSVRC2012_val_00000890.JPEG,high_score_extreme,0.15,3,True,0.42171764373779297,0.05715417116880417,False,0.006506681442260742,0.08400274068117142,0.0688924565911293,0.016170192509889603,4.412775039672852
pit_b_224,22,ILSVRC2012_val_00000989.JPEG,high_score_extreme,0.15,3,True,0.19217491149902344,0.02375224232673645,False,0.008720636367797852,0.04639000445604324,0.028478557243943214,0.14315789937973022,1.1610625982284546
pit_b_224,23,ILSVRC2012_val_00001094.JPEG,high_score_extreme,0.15,3,True,0.5505352020263672,0.07669595628976822,False,0.01900005340576172,0.1128135472536087,0.11246548593044281,0.18985365331172943,0.7411720752716064
pit_b_224,16,ILSVRC2012_val_00000695.JPEG,low_score_extreme,0.15,0,True,0.2474679946899414,0.034226104617118835,False,0.009121239185333252,0.09444040805101395,0.06564713269472122,0.020015262067317963,1.4969030618667603
pit_b_224,17,ILSVRC2012_val_00000724.JPEG,low_score_extreme,0.15,0,True,0.5418004989624023,0.07015398889780045,False,0.03247034549713135,0.1191469058394432,0.08107800036668777,0.05213566869497299,9.707483291625977
pit_b_224,18,ILSVRC2012_val_00000781.JPEG,low_score_extreme,0.15,0,True,0.032909393310546875,0.004518106579780579,False,0.020687997341156006,0.1869829297065735,0.13136836886405945,0.04656606167554855,0.8757197260856628
pit_b_224,19,ILSVRC2012_val_00000809.JPEG,low_score_extreme,0.15,0,True,0.5721559524536133,0.12725013494491577,False,0.07067477703094482,0.18844176828861237,0.08738313615322113,0.05517551302909851,5.391023635864258
pit_b_224,20,ILSVRC2012_val_00000871.JPEG,low_score_extreme,0.15,0,True,0.2639293670654297,0.10085955262184143,False,0.012352705001831055,0.12568657100200653,0.07966635376214981,0.06570461392402649,4.510213375091553
pit_b_224,21,ILSVRC2012_val_00000890.JPEG,low_score_extreme,0.15,0,True,0.3335866928100586,0.04418220371007919,False,0.009640693664550781,0.1711871176958084,0.12054065614938736,0.031119264662265778,3.0441601276397705
pit_b_224,22,ILSVRC2012_val_00000989.JPEG,low_score_extreme,0.15,0,True,0.25307273864746094,0.03426848351955414,False,0.01091301441192627,0.12166684120893478,0.07131724059581757,0.14795762300491333,1.2066240310668945
pit_b_224,23,ILSVRC2012_val_00001094.JPEG,low_score_extreme,0.15,0,True,0.25609779357910156,0.022861771285533905,False,0.02994251251220703,0.19950228929519653,0.1260826140642166,0.13369803130626678,0.6188694834709167
pit_b_224,16,ILSVRC2012_val_00000695.JPEG,low_score_extreme,0.15,1,True,0.2474679946899414,0.034226104617118835,False,0.009121239185333252,0.09444040805101395,0.06564713269472122,0.020015262067317963,1.4969030618667603
pit_b_224,17,ILSVRC2012_val_00000724.JPEG,low_score_extreme,0.15,1,True,0.5418004989624023,0.07015398889780045,False,0.03247034549713135,0.1191469058394432,0.08107800036668777,0.05213566869497299,9.707483291625977
pit_b_224,18,ILSVRC2012_val_00000781.JPEG,low_score_extreme,0.15,1,True,0.032909393310546875,0.004518106579780579,False,0.020687997341156006,0.1869829297065735,0.13136836886405945,0.04656606167554855,0.8757197260856628
pit_b_224,19,ILSVRC2012_val_00000809.JPEG,low_score_extreme,0.15,1,True,0.5721559524536133,0.12725013494491577,False,0.07067477703094482,0.18844176828861237,0.08738313615322113,0.05517551302909851,5.391023635864258
pit_b_224,20,ILSVRC2012_val_00000871.JPEG,low_score_extreme,0.15,1,True,0.2639293670654297,0.10085955262184143,False,0.012352705001831055,0.12568657100200653,0.07966635376214981,0.06570461392402649,4.510213375091553
pit_b_224,21,ILSVRC2012_val_00000890.JPEG,low_score_extreme,0.15,1,True,0.3335866928100586,0.04418220371007919,False,0.009640693664550781,0.1711871176958084,0.12054065614938736,0.031119264662265778,3.0441601276397705
pit_b_224,22,ILSVRC2012_val_00000989.JPEG,low_score_extreme,0.15,1,True,0.25307273864746094,0.03426848351955414,False,0.01091301441192627,0.12166684120893478,0.07131724059581757,0.14795759320259094,1.2066240310668945
pit_b_224,23,ILSVRC2012_val_00001094.JPEG,low_score_extreme,0.15,1,True,0.25609779357910156,0.022861771285533905,False,0.02994251251220703,0.19950228929519653,0.1260826140642166,0.13369803130626678,0.6188694834709167
pit_b_224,16,ILSVRC2012_val_00000695.JPEG,low_score_extreme,0.15,2,True,0.2474679946899414,0.034226104617118835,False,0.009121239185333252,0.09444040805101395,0.06564713269472122,0.020015262067317963,1.4969030618667603
pit_b_224,17,ILSVRC2012_val_00000724.JPEG,low_score_extreme,0.15,2,True,0.5418004989624023,0.07015398889780045,False,0.03247034549713135,0.1191469058394432,0.08107800036668777,0.05213566869497299,9.707483291625977
pit_b_224,18,ILSVRC2012_val_00000781.JPEG,low_score_extreme,0.15,2,True,0.032909393310546875,0.004518106579780579,False,0.020687997341156006,0.1869829297065735,0.13136836886405945,0.04656606167554855,0.8757197260856628
pit_b_224,19,ILSVRC2012_val_00000809.JPEG,low_score_extreme,0.15,2,True,0.5721559524536133,0.12725013494491577,False,0.07067477703094482,0.18844176828861237,0.08738313615322113,0.05517551302909851,5.391023635864258
pit_b_224,20,ILSVRC2012_val_00000871.JPEG,low_score_extreme,0.15,2,True,0.2639293670654297,0.10085955262184143,False,0.012352705001831055,0.12568657100200653,0.07966635376214981,0.06570461392402649,4.510213375091553
pit_b_224,21,ILSVRC2012_val_00000890.JPEG,low_score_extreme,0.15,2,True,0.3335866928100586,0.04418220371007919,False,0.009640693664550781,0.1711871176958084,0.12054065614938736,0.031119268387556076,3.0441601276397705
pit_b_224,22,ILSVRC2012_val_00000989.JPEG,low_score_extreme,0.15,2,True,0.25307273864746094,0.03426848351955414,False,0.01091301441192627,0.12166684120893478,0.07131724059581757,0.14795762300491333,1.2066240310668945
pit_b_224,23,ILSVRC2012_val_00001094.JPEG,low_score_extreme,0.15,2,True,0.25609779357910156,0.022861771285533905,False,0.02994251251220703,0.19950228929519653,0.1260826140642166,0.13369803130626678,0.6188695430755615
pit_b_224,16,ILSVRC2012_val_00000695.JPEG,low_score_extreme,0.15,3,True,0.2474679946899414,0.034226104617118835,False,0.009121239185333252,0.09444040805101395,0.06564713269472122,0.020015262067317963,1.4969030618667603
pit_b_224,17,ILSVRC2012_val_00000724.JPEG,low_score_extreme,0.15,3,True,0.5418004989624023,0.07015398889780045,False,0.03247034549713135,0.1191469058394432,0.08107800036668777,0.05213566869497299,9.707483291625977
pit_b_224,18,ILSVRC2012_val_00000781.JPEG,low_score_extreme,0.15,3,True,0.032909393310546875,0.004518106579780579,False,0.020687997341156006,0.1869829297065735,0.13136836886405945,0.04656606167554855,0.8757197260856628
pit_b_224,19,ILSVRC2012_val_00000809.JPEG,low_score_extreme,0.15,3,True,0.5721559524536133,0.12725013494491577,False,0.07067477703094482,0.18844176828861237,0.08738313615322113,0.05517551302909851,5.391023635864258
pit_b_224,20,ILSVRC2012_val_00000871.JPEG,low_score_extreme,0.15,3,True,0.2639293670654297,0.10085955262184143,False,0.012352705001831055,0.12568657100200653,0.07966635376214981,0.06570461392402649,4.510213375091553
pit_b_224,21,ILSVRC2012_val_00000890.JPEG,low_score_extreme,0.15,3,True,0.3335866928100586,0.04418220371007919,False,0.009640693664550781,0.1711871176958084,0.12054065614938736,0.031119264662265778,3.0441601276397705
pit_b_224,22,ILSVRC2012_val_00000989.JPEG,low_score_extreme,0.15,3,True,0.25307273864746094,0.03426848351955414,False,0.01091301441192627,0.12166684120893478,0.07131724059581757,0.14795762300491333,1.2066240310668945
pit_b_224,23,ILSVRC2012_val_00001094.JPEG,low_score_extreme,0.15,3,True,0.25609779357910156,0.022861771285533905,False,0.02994251251220703,0.19950228929519653,0.1260826140642166,0.13369803130626678,0.6188694834709167
pit_b_224,16,ILSVRC2012_val_00000695.JPEG,random_uniform,0.15,0,True,0.047064781188964844,0.004507675766944885,False,0.01036381721496582,0.09859197586774826,0.08817517012357712,0.009511292912065983,0.7488775253295898
pit_b_224,17,ILSVRC2012_val_00000724.JPEG,random_uniform,0.15,0,True,0.38980770111083984,0.05354846268892288,False,0.02872908115386963,0.14625997841358185,0.09202940762042999,0.1434096395969391,3.8923563957214355
pit_b_224,18,ILSVRC2012_val_00000781.JPEG,random_uniform,0.15,0,True,0.2730998992919922,0.042708203196525574,False,0.011227250099182129,0.11338956654071808,0.0915931984782219,0.0367274209856987,0.8771681785583496
pit_b_224,19,ILSVRC2012_val_00000809.JPEG,random_uniform,0.15,0,True,0.23510456085205078,0.02940238267183304,False,0.015277385711669922,0.13886697590351105,0.07941536605358124,0.13775672018527985,1.0980075597763062
pit_b_224,20,ILSVRC2012_val_00000871.JPEG,random_uniform,0.15,0,True,0.23027992248535156,0.057333946228027344,False,0.011165499687194824,0.12767070531845093,0.09258977323770523,0.039594121277332306,2.206627130508423
pit_b_224,21,ILSVRC2012_val_00000890.JPEG,random_uniform,0.15,0,True,0.42861270904541016,0.060240425169467926,False,0.009296894073486328,0.11523502320051193,0.10974016785621643,0.03267170861363411,4.830928802490234
pit_b_224,22,ILSVRC2012_val_00000989.JPEG,random_uniform,0.15,0,True,0.13623523712158203,0.025722503662109375,False,0.010527193546295166,0.1097983717918396,0.0659090131521225,0.2560120224952698,1.1302343606948853
pit_b_224,23,ILSVRC2012_val_00001094.JPEG,random_uniform,0.15,0,True,0.218719482421875,0.04967267066240311,False,0.027336537837982178,0.19012482464313507,0.11701858043670654,0.20347711443901062,1.4515798091888428
pit_b_224,16,ILSVRC2012_val_00000695.JPEG,random_uniform,0.15,1,True,-0.11808300018310547,-0.015812762081623077,False,0.010462164878845215,0.11974295228719711,0.08759989589452744,0.021240882575511932,0.4345501959323883
pit_b_224,17,ILSVRC2012_val_00000724.JPEG,random_uniform,0.15,1,True,0.16037845611572266,0.01936737447977066,False,0.025810420513153076,0.11865681409835815,0.07952454686164856,0.209100604057312,1.6839065551757812
pit_b_224,18,ILSVRC2012_val_00000781.JPEG,random_uniform,0.15,1,True,-0.04676532745361328,-0.008200317621231079,False,0.011430978775024414,0.12897059321403503,0.07302318513393402,0.024774182587862015,0.7568570375442505
pit_b_224,19,ILSVRC2012_val_00000809.JPEG,random_uniform,0.15,1,True,0.34707164764404297,0.0444033220410347,False,0.014159321784973145,0.12932617962360382,0.06498535722494125,0.09989385306835175,1.731676459312439
pit_b_224,20,ILSVRC2012_val_00000871.JPEG,random_uniform,0.15,1,True,0.3503293991088867,0.06805209815502167,False,0.013787686824798584,0.12104401737451553,0.09903378039598465,0.04211678355932236,2.540782928466797
pit_b_224,21,ILSVRC2012_val_00000890.JPEG,random_uniform,0.15,1,True,0.3893604278564453,0.04887699335813522,False,0.009440481662750244,0.17292015254497528,0.13954074680805206,0.029980897903442383,3.7680270671844482
pit_b_224,22,ILSVRC2012_val_00000989.JPEG,random_uniform,0.15,1,True,0.42830467224121094,0.0759262889623642,False,0.01359093189239502,0.12232643365859985,0.08764728903770447,0.25874394178390503,1.3837677240371704
pit_b_224,23,ILSVRC2012_val_00001094.JPEG,random_uniform,0.15,1,True,-0.02370166778564453,0.030463941395282745,False,0.03917264938354492,0.2075275331735611,0.1443965882062912,0.24473117291927338,1.2452751398086548
pit_b_224,16,ILSVRC2012_val_00000695.JPEG,random_uniform,0.15,2,True,0.15860366821289062,0.020956501364707947,False,0.015401661396026611,0.14080774784088135,0.08994518965482712,0.03597842901945114,1.4330816268920898
pit_b_224,17,ILSVRC2012_val_00000724.JPEG,random_uniform,0.15,2,True,0.20165538787841797,0.0259806290268898,False,0.04075455665588379,0.13290652632713318,0.0840834230184555,0.043408676981925964,6.264307498931885
pit_b_224,18,ILSVRC2012_val_00000781.JPEG,random_uniform,0.15,2,True,-0.026482582092285156,-0.005722060799598694,False,0.008142530918121338,0.09982828050851822,0.06400587409734726,0.05136815458536148,0.4298402667045593
pit_b_224,19,ILSVRC2012_val_00000809.JPEG,random_uniform,0.15,2,True,0.43442249298095703,0.0582086518406868,False,0.016479969024658203,0.13105159997940063,0.0893830880522728,0.09980334341526031,1.6003602743148804
pit_b_224,20,ILSVRC2012_val_00000871.JPEG,random_uniform,0.15,2,True,0.24750137329101562,0.04767967760562897,False,0.012424230575561523,0.13060174882411957,0.08385965973138809,0.030896034091711044,3.4705097675323486
pit_b_224,21,ILSVRC2012_val_00000890.JPEG,random_uniform,0.15,2,True,0.45662403106689453,0.059828974306583405,False,0.009775400161743164,0.1517995148897171,0.11252640932798386,0.012423932552337646,3.8288140296936035
pit_b_224,22,ILSVRC2012_val_00000989.JPEG,random_uniform,0.15,2,True,0.14020347595214844,0.014730870723724365,False,0.013493180274963379,0.0935358852148056,0.07110829651355743,0.20286545157432556,1.0882036685943604
pit_b_224,23,ILSVRC2012_val_00001094.JPEG,random_uniform,0.15,2,True,0.1719350814819336,0.02426927536725998,False,0.022572100162506104,0.1752942055463791,0.11628220230340958,0.10435391962528229,1.6470234394073486
pit_b_224,16,ILSVRC2012_val_00000695.JPEG,random_uniform,0.15,3,True,0.014608383178710938,2.810359001159668e-05,False,0.010006189346313477,0.15021398663520813,0.09495792537927628,0.010860815644264221,0.5975267291069031
pit_b_224,17,ILSVRC2012_val_00000724.JPEG,random_uniform,0.15,3,True,0.17961978912353516,0.021460019052028656,False,0.028074204921722412,0.12744556367397308,0.07219462096691132,0.07809992134571075,3.3533382415771484
pit_b_224,18,ILSVRC2012_val_00000781.JPEG,random_uniform,0.15,3,True,-0.08825969696044922,-0.014112979173660278,False,0.006943941116333008,0.09971265494823456,0.06983507424592972,0.015533611178398132,0.48021605610847473
pit_b_224,19,ILSVRC2012_val_00000809.JPEG,random_uniform,0.15,3,True,0.34799861907958984,0.08643261343240738,False,0.061744868755340576,0.1893114149570465,0.08754976093769073,0.07849147915840149,2.2831616401672363
pit_b_224,20,ILSVRC2012_val_00000871.JPEG,random_uniform,0.15,3,True,0.0002593994140625,0.012567326426506042,False,0.019678115844726562,0.15579883754253387,0.07060398161411285,0.1282566487789154,0.912083089351654
pit_b_224,21,ILSVRC2012_val_00000890.JPEG,random_uniform,0.15,3,True,0.6081457138061523,0.09407838433980942,False,0.017257630825042725,0.1666327714920044,0.1323893517255783,0.023771746084094048,3.390650987625122
pit_b_224,22,ILSVRC2012_val_00000989.JPEG,random_uniform,0.15,3,True,0.13673019409179688,0.016576528549194336,False,0.022115349769592285,0.13272850215435028,0.09331391006708145,0.16577106714248657,1.0989288091659546
pit_b_224,23,ILSVRC2012_val_00001094.JPEG,random_uniform,0.15,3,True,-0.1518115997314453,-0.022316329181194305,False,0.03857690095901489,0.1702951341867447,0.11054704338312149,0.11213403940200806,0.33812764286994934
pit_b_224,16,ILSVRC2012_val_00000695.JPEG,score_deviation_extreme,0.15,0,True,0.17478084564208984,0.022872209548950195,False,0.00611501932144165,0.030796486884355545,0.03459661453962326,0.020689506083726883,1.654740333557129
pit_b_224,17,ILSVRC2012_val_00000724.JPEG,score_deviation_extreme,0.15,0,True,0.37894248962402344,0.046256475150585175,False,0.014038681983947754,0.06995265930891037,0.054746706038713455,0.08661971241235733,4.538761615753174
pit_b_224,18,ILSVRC2012_val_00000781.JPEG,score_deviation_extreme,0.15,0,True,-0.15045166015625,-0.021783605217933655,False,0.006748080253601074,0.036875415593385696,0.02806399203836918,0.04535422474145889,0.3947390019893646
pit_b_224,19,ILSVRC2012_val_00000809.JPEG,score_deviation_extreme,0.15,0,True,0.09452533721923828,0.02176462858915329,False,0.024973630905151367,0.11009020358324051,0.08429504185914993,0.12389732152223587,1.3232395648956299
pit_b_224,20,ILSVRC2012_val_00000871.JPEG,score_deviation_extreme,0.15,0,True,0.04546546936035156,0.008960634469985962,False,0.004581451416015625,0.09936293959617615,0.07865939289331436,0.11356297135353088,0.9050068259239197
pit_b_224,21,ILSVRC2012_val_00000890.JPEG,score_deviation_extreme,0.15,0,True,0.09991645812988281,0.01236560195684433,False,0.0035854578018188477,0.08761301636695862,0.07332829385995865,0.024179663509130478,1.4370297193527222
pit_b_224,22,ILSVRC2012_val_00000989.JPEG,score_deviation_extreme,0.15,0,True,0.19217491149902344,0.02375224232673645,False,0.008720636367797852,0.04639000445604324,0.028478557243943214,0.14315791428089142,1.1610625982284546
pit_b_224,23,ILSVRC2012_val_00001094.JPEG,score_deviation_extreme,0.15,0,True,0.5505352020263672,0.07669595628976822,False,0.01900005340576172,0.1128135472536087,0.11246548593044281,0.18985363841056824,0.7411720752716064
pit_b_224,16,ILSVRC2012_val_00000695.JPEG,score_deviation_extreme,0.15,1,True,0.17478084564208984,0.022872209548950195,False,0.00611501932144165,0.030796486884355545,0.03459661453962326,0.02068950980901718,1.654740333557129
pit_b_224,17,ILSVRC2012_val_00000724.JPEG,score_deviation_extreme,0.15,1,True,0.37894248962402344,0.046256475150585175,False,0.014038681983947754,0.06995265930891037,0.054746706038713455,0.08661971986293793,4.538761615753174
pit_b_224,18,ILSVRC2012_val_00000781.JPEG,score_deviation_extreme,0.15,1,True,-0.15045166015625,-0.021783605217933655,False,0.006748080253601074,0.036875415593385696,0.02806399203836918,0.04535422474145889,0.3947390019893646
pit_b_224,19,ILSVRC2012_val_00000809.JPEG,score_deviation_extreme,0.15,1,True,0.09452533721923828,0.02176462858915329,False,0.024973630905151367,0.11009020358324051,0.08429504185914993,0.12389732152223587,1.3232395648956299
pit_b_224,20,ILSVRC2012_val_00000871.JPEG,score_deviation_extreme,0.15,1,True,0.04546546936035156,0.008960634469985962,False,0.004581451416015625,0.09936293959617615,0.07865939289331436,0.11356297135353088,0.9050068259239197
pit_b_224,21,ILSVRC2012_val_00000890.JPEG,score_deviation_extreme,0.15,1,True,0.09991645812988281,0.01236560195684433,False,0.0035854578018188477,0.08761301636695862,0.07332829385995865,0.024179667234420776,1.4370297193527222
pit_b_224,22,ILSVRC2012_val_00000989.JPEG,score_deviation_extreme,0.15,1,True,0.19217491149902344,0.02375224232673645,False,0.008720636367797852,0.04639000445604324,0.028478557243943214,0.14315791428089142,1.1610625982284546
pit_b_224,23,ILSVRC2012_val_00001094.JPEG,score_deviation_extreme,0.15,1,True,0.5505352020263672,0.07669595628976822,False,0.01900005340576172,0.1128135472536087,0.11246548593044281,0.18985365331172943,0.7411720752716064
pit_b_224,16,ILSVRC2012_val_00000695.JPEG,score_deviation_extreme,0.15,2,True,0.17478084564208984,0.022872209548950195,False,0.00611501932144165,0.030796486884355545,0.03459661453962326,0.020689507946372032,1.654740333557129
pit_b_224,17,ILSVRC2012_val_00000724.JPEG,score_deviation_extreme,0.15,2,True,0.37894248962402344,0.046256475150585175,False,0.014038681983947754,0.06995265930891037,0.054746706038713455,0.08661971986293793,4.538761615753174
pit_b_224,18,ILSVRC2012_val_00000781.JPEG,score_deviation_extreme,0.15,2,True,-0.15045166015625,-0.021783605217933655,False,0.006748080253601074,0.036875415593385696,0.02806399203836918,0.04535422846674919,0.3947390019893646
pit_b_224,19,ILSVRC2012_val_00000809.JPEG,score_deviation_extreme,0.15,2,True,0.09452533721923828,0.02176462858915329,False,0.024973630905151367,0.11009020358324051,0.08429504185914993,0.12389732152223587,1.3232395648956299
pit_b_224,20,ILSVRC2012_val_00000871.JPEG,score_deviation_extreme,0.15,2,True,0.04546546936035156,0.008960634469985962,False,0.004581451416015625,0.09936293959617615,0.07865939289331436,0.11356297135353088,0.9050068259239197
pit_b_224,21,ILSVRC2012_val_00000890.JPEG,score_deviation_extreme,0.15,2,True,0.09991645812988281,0.01236560195684433,False,0.0035854578018188477,0.08761301636695862,0.07332829385995865,0.024179663509130478,1.4370297193527222
pit_b_224,22,ILSVRC2012_val_00000989.JPEG,score_deviation_extreme,0.15,2,True,0.19217491149902344,0.02375224232673645,False,0.008720636367797852,0.04639000445604324,0.028478557243943214,0.14315791428089142,1.1610625982284546
pit_b_224,23,ILSVRC2012_val_00001094.JPEG,score_deviation_extreme,0.15,2,True,0.5505352020263672,0.07669595628976822,False,0.01900005340576172,0.1128135472536087,0.11246548593044281,0.18985363841056824,0.7411720752716064
pit_b_224,16,ILSVRC2012_val_00000695.JPEG,score_deviation_extreme,0.15,3,True,0.17478084564208984,0.022872209548950195,False,0.00611501932144165,0.030796486884355545,0.03459661453962326,0.02068950980901718,1.654740333557129
pit_b_224,17,ILSVRC2012_val_00000724.JPEG,score_deviation_extreme,0.15,3,True,0.37894248962402344,0.046256475150585175,False,0.014038681983947754,0.06995265930891037,0.054746706038713455,0.08661971986293793,4.538761615753174
pit_b_224,18,ILSVRC2012_val_00000781.JPEG,score_deviation_extreme,0.15,3,True,-0.15045166015625,-0.021783605217933655,False,0.006748080253601074,0.036875415593385696,0.02806399203836918,0.04535422474145889,0.3947390019893646
pit_b_224,19,ILSVRC2012_val_00000809.JPEG,score_deviation_extreme,0.15,3,True,0.09452533721923828,0.02176462858915329,False,0.024973630905151367,0.11009020358324051,0.08429504185914993,0.12389732152223587,1.3232395648956299
pit_b_224,20,ILSVRC2012_val_00000871.JPEG,score_deviation_extreme,0.15,3,True,0.04546546936035156,0.008960634469985962,False,0.004581451416015625,0.09936293959617615,0.07865939289331436,0.11356297135353088,0.9050068259239197
pit_b_224,21,ILSVRC2012_val_00000890.JPEG,score_deviation_extreme,0.15,3,True,0.09991645812988281,0.01236560195684433,False,0.0035854578018188477,0.08761301636695862,0.07332829385995865,0.02417966164648533,1.4370297193527222
pit_b_224,22,ILSVRC2012_val_00000989.JPEG,score_deviation_extreme,0.15,3,True,0.19217491149902344,0.02375224232673645,False,0.008720636367797852,0.04639000445604324,0.028478557243943214,0.14315791428089142,1.1610625982284546
pit_b_224,23,ILSVRC2012_val_00001094.JPEG,score_deviation_extreme,0.15,3,True,0.5505352020263672,0.07669595628976822,False,0.01900005340576172,0.1128135472536087,0.11246548593044281,0.18985363841056824,0.7411720752716064
pit_b_224,24,ILSVRC2012_val_00001115.JPEG,high_score_extreme,0.15,0,True,0.5899314880371094,0.0809190422296524,False,0.009022414684295654,0.0587480328977108,0.11117156594991684,0.03602481633424759,1.828986644744873
pit_b_224,25,ILSVRC2012_val_00001343.JPEG,high_score_extreme,0.15,0,True,0.02088165283203125,-0.004097461700439453,False,0.014667034149169922,0.0553993284702301,0.06813313066959381,0.02005591243505478,0.47665145993232727
pit_b_224,26,ILSVRC2012_val_00001379.JPEG,high_score_extreme,0.15,0,True,-0.017364501953125,-0.0036742091178894043,False,0.006471097469329834,0.06356678903102875,0.05240137502551079,0.04851898178458214,1.4974205493927002
pit_b_224,27,ILSVRC2012_val_00001425.JPEG,high_score_extreme,0.15,0,True,0.08560943603515625,-8.969008922576904e-05,False,0.025447368621826172,0.12047217041254044,0.053699642419815063,0.05284898728132248,0.5104150176048279
pit_b_224,28,ILSVRC2012_val_00001434.JPEG,high_score_extreme,0.15,0,True,0.022368431091308594,0.0022802501916885376,False,0.004871785640716553,0.06764405965805054,0.07054852694272995,-0.0032898597419261932,1.323704481124878
pit_b_224,29,ILSVRC2012_val_00001435.JPEG,high_score_extreme,0.15,0,True,0.4033203125,0.05358641594648361,False,0.00903177261352539,0.08014209568500519,0.04702414572238922,0.032223671674728394,4.8131256103515625
pit_b_224,30,ILSVRC2012_val_00001512.JPEG,high_score_extreme,0.15,0,True,0.2613639831542969,0.03562212735414505,False,0.014626026153564453,0.057611361145973206,0.04618113487958908,0.05920277535915375,1.9132908582687378
pit_b_224,31,ILSVRC2012_val_00001537.JPEG,high_score_extreme,0.15,0,True,0.08010005950927734,0.00896281749010086,False,0.006793320178985596,0.09416340291500092,0.06829576939344406,0.04213401675224304,0.9511387944221497
pit_b_224,24,ILSVRC2012_val_00001115.JPEG,high_score_extreme,0.15,1,True,0.5899314880371094,0.0809190422296524,False,0.009022414684295654,0.0587480328977108,0.11117156594991684,0.03602481633424759,1.828986644744873
pit_b_224,25,ILSVRC2012_val_00001343.JPEG,high_score_extreme,0.15,1,True,0.02088165283203125,-0.004097461700439453,False,0.014667034149169922,0.0553993284702301,0.06813313066959381,0.02005591243505478,0.47665145993232727
pit_b_224,26,ILSVRC2012_val_00001379.JPEG,high_score_extreme,0.15,1,True,-0.017364501953125,-0.0036742091178894043,False,0.006471097469329834,0.06356678903102875,0.05240137502551079,0.04851898178458214,1.4974205493927002
pit_b_224,27,ILSVRC2012_val_00001425.JPEG,high_score_extreme,0.15,1,True,0.08560943603515625,-8.969008922576904e-05,False,0.025447368621826172,0.12047217041254044,0.053699642419815063,0.05284899100661278,0.5104150176048279
pit_b_224,28,ILSVRC2012_val_00001434.JPEG,high_score_extreme,0.15,1,True,0.022368431091308594,0.0022802501916885376,False,0.004871785640716553,0.06764405965805054,0.07054852694272995,-0.0032898616045713425,1.323704481124878
pit_b_224,29,ILSVRC2012_val_00001435.JPEG,high_score_extreme,0.15,1,True,0.4033203125,0.05358641594648361,False,0.00903177261352539,0.08014209568500519,0.04702414572238922,0.0322236642241478,4.813126087188721
pit_b_224,30,ILSVRC2012_val_00001512.JPEG,high_score_extreme,0.15,1,True,0.2613639831542969,0.03562212735414505,False,0.014626026153564453,0.057611361145973206,0.04618113487958908,0.05920279026031494,1.9132909774780273
pit_b_224,31,ILSVRC2012_val_00001537.JPEG,high_score_extreme,0.15,1,True,0.08010005950927734,0.00896281749010086,False,0.006793320178985596,0.09416340291500092,0.06829576939344406,0.04213401675224304,0.9511387944221497
pit_b_224,24,ILSVRC2012_val_00001115.JPEG,high_score_extreme,0.15,2,True,0.5899314880371094,0.0809190422296524,False,0.009022414684295654,0.0587480328977108,0.11117156594991684,0.03602481633424759,1.828986644744873
pit_b_224,25,ILSVRC2012_val_00001343.JPEG,high_score_extreme,0.15,2,True,0.02088165283203125,-0.004097461700439453,False,0.014667034149169922,0.0553993284702301,0.06813313066959381,0.02005591243505478,0.47665145993232727
pit_b_224,26,ILSVRC2012_val_00001379.JPEG,high_score_extreme,0.15,2,True,-0.017364501953125,-0.0036742091178894043,False,0.006471097469329834,0.06356678903102875,0.05240137502551079,0.04851898178458214,1.4974205493927002
pit_b_224,27,ILSVRC2012_val_00001425.JPEG,high_score_extreme,0.15,2,True,0.08560943603515625,-8.969008922576904e-05,False,0.025447368621826172,0.12047217041254044,0.053699642419815063,0.05284899100661278,0.5104150176048279
pit_b_224,28,ILSVRC2012_val_00001434.JPEG,high_score_extreme,0.15,2,True,0.022368431091308594,0.0022802501916885376,False,0.004871785640716553,0.06764405965805054,0.07054852694272995,-0.003289860673248768,1.323704481124878
pit_b_224,29,ILSVRC2012_val_00001435.JPEG,high_score_extreme,0.15,2,True,0.4033203125,0.05358641594648361,False,0.00903177261352539,0.08014209568500519,0.04702414572238922,0.032223671674728394,4.813126087188721
pit_b_224,30,ILSVRC2012_val_00001512.JPEG,high_score_extreme,0.15,2,True,0.2613639831542969,0.03562212735414505,False,0.014626026153564453,0.057611361145973206,0.04618113487958908,0.059202782809734344,1.9132907390594482
pit_b_224,31,ILSVRC2012_val_00001537.JPEG,high_score_extreme,0.15,2,True,0.08010005950927734,0.00896281749010086,False,0.006793320178985596,0.09416340291500092,0.06829576939344406,0.04213401675224304,0.9511387944221497
pit_b_224,24,ILSVRC2012_val_00001115.JPEG,high_score_extreme,0.15,3,True,0.5899314880371094,0.0809190422296524,False,0.009022414684295654,0.0587480328977108,0.11117156594991684,0.03602481633424759,1.828986644744873
pit_b_224,25,ILSVRC2012_val_00001343.JPEG,high_score_extreme,0.15,3,True,0.02088165283203125,-0.004097461700439453,False,0.014667034149169922,0.0553993284702301,0.06813313066959381,0.02005591243505478,0.47665145993232727
pit_b_224,26,ILSVRC2012_val_00001379.JPEG,high_score_extreme,0.15,3,True,-0.017364501953125,-0.0036742091178894043,False,0.006471097469329834,0.06356678903102875,0.05240137502551079,0.048518985509872437,1.4974205493927002
pit_b_224,27,ILSVRC2012_val_00001425.JPEG,high_score_extreme,0.15,3,True,0.08560943603515625,-8.969008922576904e-05,False,0.025447368621826172,0.12047217041254044,0.053699642419815063,0.05284898728132248,0.5104150176048279
pit_b_224,28,ILSVRC2012_val_00001434.JPEG,high_score_extreme,0.15,3,True,0.022368431091308594,0.0022802501916885376,False,0.004871785640716553,0.06764405965805054,0.07054852694272995,-0.0032898597419261932,1.323704481124878
pit_b_224,29,ILSVRC2012_val_00001435.JPEG,high_score_extreme,0.15,3,True,0.4033203125,0.05358641594648361,False,0.00903177261352539,0.08014209568500519,0.04702414572238922,0.03222367540001869,4.813126087188721
pit_b_224,30,ILSVRC2012_val_00001512.JPEG,high_score_extreme,0.15,3,True,0.2613639831542969,0.03562212735414505,False,0.014626026153564453,0.057611361145973206,0.04618113487958908,0.05920277163386345,1.9132908582687378
pit_b_224,31,ILSVRC2012_val_00001537.JPEG,high_score_extreme,0.15,3,True,0.08010005950927734,0.00896281749010086,False,0.006793320178985596,0.09416340291500092,0.06829576939344406,0.042134013026952744,0.9511387944221497
pit_b_224,24,ILSVRC2012_val_00001115.JPEG,low_score_extreme,0.15,0,True,0.3550071716308594,0.04320432245731354,False,0.006558835506439209,0.15156090259552002,0.10895607620477676,0.01720680296421051,2.4046313762664795
pit_b_224,25,ILSVRC2012_val_00001343.JPEG,low_score_extreme,0.15,0,True,0.2638692855834961,0.030977413058280945,False,0.017651140689849854,0.16489583253860474,0.12133604288101196,0.013409299775958061,0.49779149889945984
pit_b_224,26,ILSVRC2012_val_00001379.JPEG,low_score_extreme,0.15,0,True,0.10152244567871094,0.016464486718177795,False,0.02470153570175171,0.1826334148645401,0.12268723547458649,0.02695261314511299,2.115974187850952
pit_b_224,27,ILSVRC2012_val_00001425.JPEG,low_score_extreme,0.15,0,True,0.19954872131347656,0.014348775148391724,False,0.0190201997756958,0.14332042634487152,0.10352231562137604,0.03863205015659332,0.7316758632659912
pit_b_224,28,ILSVRC2012_val_00001434.JPEG,low_score_extreme,0.15,0,True,0.13805198669433594,0.016447260975837708,False,0.006952643394470215,0.13424073159694672,0.08341331034898758,0.04524696618318558,1.3728725910186768
pit_b_224,29,ILSVRC2012_val_00001435.JPEG,low_score_extreme,0.15,0,True,0.2690868377685547,0.03289688378572464,False,0.0066564083099365234,0.13590629398822784,0.11219106614589691,0.027315786108374596,4.601081371307373
pit_b_224,30,ILSVRC2012_val_00001512.JPEG,low_score_extreme,0.15,0,True,0.17702865600585938,0.01888246089220047,False,0.017982900142669678,0.10963886976242065,0.0832720696926117,0.03737031668424606,1.5791983604431152
pit_b_224,31,ILSVRC2012_val_00001537.JPEG,low_score_extreme,0.15,0,True,0.33334922790527344,0.043477751314640045,False,0.006787121295928955,0.056840553879737854,0.04920575022697449,0.01814122684299946,1.7658534049987793
pit_b_224,24,ILSVRC2012_val_00001115.JPEG,low_score_extreme,0.15,1,True,0.3550071716308594,0.04320432245731354,False,0.006558835506439209,0.15156090259552002,0.10895607620477676,0.01720680296421051,2.4046313762664795
pit_b_224,25,ILSVRC2012_val_00001343.JPEG,low_score_extreme,0.15,1,True,0.2638692855834961,0.030977413058280945,False,0.017651140689849854,0.16489583253860474,0.12133604288101196,0.013409299775958061,0.49779149889945984
pit_b_224,26,ILSVRC2012_val_00001379.JPEG,low_score_extreme,0.15,1,True,0.10152244567871094,0.016464486718177795,False,0.02470153570175171,0.1826334148645401,0.12268723547458649,0.02695261314511299,2.115974187850952
pit_b_224,27,ILSVRC2012_val_00001425.JPEG,low_score_extreme,0.15,1,True,0.19954872131347656,0.014348775148391724,False,0.0190201997756958,0.14332042634487152,0.10352231562137604,0.03863205015659332,0.7316758632659912
pit_b_224,28,ILSVRC2012_val_00001434.JPEG,low_score_extreme,0.15,1,True,0.13805198669433594,0.016447260975837708,False,0.006952643394470215,0.13424073159694672,0.08341331034898758,0.04524696245789528,1.3728727102279663
pit_b_224,29,ILSVRC2012_val_00001435.JPEG,low_score_extreme,0.15,1,True,0.2690868377685547,0.03289688378572464,False,0.0066564083099365234,0.13590629398822784,0.11219106614589691,0.027315787971019745,4.601081848144531
pit_b_224,30,ILSVRC2012_val_00001512.JPEG,low_score_extreme,0.15,1,True,0.17702865600585938,0.01888246089220047,False,0.017982900142669678,0.10963886976242065,0.0832720696926117,0.03737029805779457,1.5791981220245361
pit_b_224,31,ILSVRC2012_val_00001537.JPEG,low_score_extreme,0.15,1,True,0.33334922790527344,0.043477751314640045,False,0.006787121295928955,0.056840553879737854,0.04920575022697449,0.01814122684299946,1.7658534049987793
pit_b_224,24,ILSVRC2012_val_00001115.JPEG,low_score_extreme,0.15,2,True,0.3550071716308594,0.04320432245731354,False,0.006558835506439209,0.15156090259552002,0.10895607620477676,0.01720680296421051,2.4046313762664795
pit_b_224,25,ILSVRC2012_val_00001343.JPEG,low_score_extreme,0.15,2,True,0.2638692855834961,0.030977413058280945,False,0.017651140689849854,0.16489583253860474,0.12133604288101196,0.013409299775958061,0.49779149889945984
pit_b_224,26,ILSVRC2012_val_00001379.JPEG,low_score_extreme,0.15,2,True,0.10152244567871094,0.016464486718177795,False,0.02470153570175171,0.1826334148645401,0.12268723547458649,0.02695261314511299,2.115974187850952
pit_b_224,27,ILSVRC2012_val_00001425.JPEG,low_score_extreme,0.15,2,True,0.19954872131347656,0.014348775148391724,False,0.0190201997756958,0.14332042634487152,0.10352231562137604,0.03863205015659332,0.7316758632659912
pit_b_224,28,ILSVRC2012_val_00001434.JPEG,low_score_extreme,0.15,2,True,0.13805198669433594,0.016447260975837708,False,0.006952643394470215,0.13424073159694672,0.08341331034898758,0.04524696618318558,1.3728725910186768
pit_b_224,29,ILSVRC2012_val_00001435.JPEG,low_score_extreme,0.15,2,True,0.2690868377685547,0.03289688378572464,False,0.0066564083099365234,0.13590629398822784,0.11219106614589691,0.027315787971019745,4.601081848144531
pit_b_224,30,ILSVRC2012_val_00001512.JPEG,low_score_extreme,0.15,2,True,0.17702865600585938,0.01888246089220047,False,0.017982900142669678,0.10963886976242065,0.0832720696926117,0.03737030178308487,1.5791984796524048
pit_b_224,31,ILSVRC2012_val_00001537.JPEG,low_score_extreme,0.15,2,True,0.33334922790527344,0.043477751314640045,False,0.006787121295928955,0.056840553879737854,0.04920575022697449,0.018141228705644608,1.7658534049987793
pit_b_224,24,ILSVRC2012_val_00001115.JPEG,low_score_extreme,0.15,3,True,0.3550071716308594,0.04320432245731354,False,0.006558835506439209,0.15156090259552002,0.10895607620477676,0.01720680296421051,2.4046313762664795
pit_b_224,25,ILSVRC2012_val_00001343.JPEG,low_score_extreme,0.15,3,True,0.2638692855834961,0.030977413058280945,False,0.017651140689849854,0.16489583253860474,0.12133604288101196,0.013409299775958061,0.49779149889945984
pit_b_224,26,ILSVRC2012_val_00001379.JPEG,low_score_extreme,0.15,3,True,0.10152244567871094,0.016464486718177795,False,0.02470153570175171,0.1826334148645401,0.12268723547458649,0.02695261314511299,2.115974187850952
pit_b_224,27,ILSVRC2012_val_00001425.JPEG,low_score_extreme,0.15,3,True,0.19954872131347656,0.014348775148391724,False,0.0190201997756958,0.14332042634487152,0.10352231562137604,0.03863205015659332,0.7316758632659912
pit_b_224,28,ILSVRC2012_val_00001434.JPEG,low_score_extreme,0.15,3,True,0.13805198669433594,0.016447260975837708,False,0.006952643394470215,0.13424073159694672,0.08341331034898758,0.04524695873260498,1.3728727102279663
pit_b_224,29,ILSVRC2012_val_00001435.JPEG,low_score_extreme,0.15,3,True,0.2690868377685547,0.03289688378572464,False,0.0066564083099365234,0.13590629398822784,0.11219106614589691,0.027315787971019745,4.601081848144531
pit_b_224,30,ILSVRC2012_val_00001512.JPEG,low_score_extreme,0.15,3,True,0.17702865600585938,0.01888246089220047,False,0.017982900142669678,0.10963886976242065,0.0832720696926117,0.037370286881923676,1.5791985988616943
pit_b_224,31,ILSVRC2012_val_00001537.JPEG,low_score_extreme,0.15,3,True,0.33334922790527344,0.043477751314640045,False,0.006787121295928955,0.056840553879737854,0.04920575022697449,0.018141228705644608,1.7658534049987793
pit_b_224,24,ILSVRC2012_val_00001115.JPEG,random_uniform,0.15,0,True,0.1976299285888672,0.02223026752471924,False,0.0071430206298828125,0.10039369016885757,0.07101606577634811,0.013523607514798641,1.6268298625946045
pit_b_224,25,ILSVRC2012_val_00001343.JPEG,random_uniform,0.15,0,True,-0.0034656524658203125,-0.006154283881187439,False,0.01939845085144043,0.1299334317445755,0.12556692957878113,-0.010109823197126389,0.5233830213546753
pit_b_224,26,ILSVRC2012_val_00001379.JPEG,random_uniform,0.15,0,True,0.31793975830078125,0.05453404784202576,False,0.011814236640930176,0.11745023727416992,0.10606728494167328,0.033937156200408936,3.076657295227051
pit_b_224,27,ILSVRC2012_val_00001425.JPEG,random_uniform,0.15,0,True,0.09500598907470703,-0.0035239309072494507,False,0.022249221801757812,0.15613478422164917,0.08770628273487091,0.04302075132727623,0.6375700831413269
pit_b_224,28,ILSVRC2012_val_00001434.JPEG,random_uniform,0.15,0,True,0.16486644744873047,0.0197409987449646,False,0.007531464099884033,0.1289820373058319,0.08389320969581604,0.007533117197453976,2.1178171634674072
pit_b_224,29,ILSVRC2012_val_00001435.JPEG,random_uniform,0.15,0,True,0.0844268798828125,0.009432710707187653,False,0.008808672428131104,0.15574166178703308,0.10237045586109161,0.026182247325778008,4.143784999847412
pit_b_224,30,ILSVRC2012_val_00001512.JPEG,random_uniform,0.15,0,True,0.0009851455688476562,-0.0002199709415435791,False,0.01214832067489624,0.07519737631082535,0.05694879591464996,0.06238124519586563,1.308011770248413
pit_b_224,31,ILSVRC2012_val_00001537.JPEG,random_uniform,0.15,0,True,0.28756237030029297,0.039196185767650604,False,0.012508928775787354,0.11111553013324738,0.10311218351125717,0.017416778951883316,1.2677751779556274
pit_b_224,24,ILSVRC2012_val_00001115.JPEG,random_uniform,0.15,1,True,0.1318197250366211,0.012914523482322693,False,0.008860647678375244,0.13428260385990143,0.0891266018152237,0.007849598303437233,2.446629285812378
pit_b_224,25,ILSVRC2012_val_00001343.JPEG,random_uniform,0.15,1,True,0.2650442123413086,0.03097328543663025,False,0.01864314079284668,0.15344315767288208,0.11530958116054535,0.011198414489626884,0.4798557758331299
pit_b_224,26,ILSVRC2012_val_00001379.JPEG,random_uniform,0.15,1,True,-0.03413581848144531,-0.0016985982656478882,False,0.016825556755065918,0.13186395168304443,0.1122598797082901,0.03276786580681801,2.2956581115722656
pit_b_224,27,ILSVRC2012_val_00001425.JPEG,random_uniform,0.15,1,True,0.12135982513427734,0.00950583815574646,False,0.051657915115356445,0.16768494248390198,0.07648728042840958,0.02016943320631981,0.8227384686470032
pit_b_224,28,ILSVRC2012_val_00001434.JPEG,random_uniform,0.15,1,True,0.2978639602661133,0.038705974817276,False,0.010208070278167725,0.16204999387264252,0.11782917380332947,0.017887484282255173,2.364320993423462
pit_b_224,29,ILSVRC2012_val_00001435.JPEG,random_uniform,0.15,1,True,0.2265024185180664,0.026465795934200287,False,0.007969260215759277,0.17391155660152435,0.18605543673038483,0.03194200247526169,5.027149200439453
pit_b_224,30,ILSVRC2012_val_00001512.JPEG,random_uniform,0.15,1,True,0.1815662384033203,0.023458950221538544,False,0.015742719173431396,0.08011893928050995,0.05830240994691849,0.04463231563568115,1.5420795679092407
pit_b_224,31,ILSVRC2012_val_00001537.JPEG,random_uniform,0.15,1,True,0.0998687744140625,0.011697642505168915,False,0.007865667343139648,0.07730423659086227,0.0719406008720398,0.034244030714035034,1.0145976543426514
pit_b_224,24,ILSVRC2012_val_00001115.JPEG,random_uniform,0.15,2,True,0.06680488586425781,0.005712181329727173,False,0.005905508995056152,0.09021119773387909,0.06395789980888367,0.012427756562829018,1.0722880363464355
pit_b_224,25,ILSVRC2012_val_00001343.JPEG,random_uniform,0.15,2,True,0.21250343322753906,0.023806259036064148,False,0.017721116542816162,0.08232045918703079,0.06303084641695023,0.001669382443651557,0.5660369992256165
pit_b_224,26,ILSVRC2012_val_00001379.JPEG,random_uniform,0.15,2,True,0.4334535598754883,0.08050841093063354,False,0.01626110076904297,0.13515006005764008,0.09936153888702393,0.04150623828172684,1.901086449623108
pit_b_224,27,ILSVRC2012_val_00001425.JPEG,random_uniform,0.15,2,True,0.027197837829589844,-0.011295303702354431,False,0.02480494976043701,0.15877796709537506,0.09464756399393082,0.026059338822960854,0.7158690094947815
pit_b_224,28,ILSVRC2012_val_00001434.JPEG,random_uniform,0.15,2,True,0.2958707809448242,0.037489861249923706,False,0.010664939880371094,0.13164882361888885,0.0821768268942833,0.023581936955451965,1.8457660675048828
pit_b_224,29,ILSVRC2012_val_00001435.JPEG,random_uniform,0.15,2,True,0.12384223937988281,0.01444564014673233,False,0.008550763130187988,0.1498263031244278,0.1158047467470169,0.03233610466122627,3.1934118270874023
pit_b_224,30,ILSVRC2012_val_00001512.JPEG,random_uniform,0.15,2,True,0.3373298645019531,0.042953215539455414,False,0.014587581157684326,0.09652189165353775,0.059393174946308136,0.05018732696771622,2.0514073371887207
pit_b_224,31,ILSVRC2012_val_00001537.JPEG,random_uniform,0.15,2,True,0.3036355972290039,0.041685499250888824,False,0.016165316104888916,0.07571756094694138,0.08406277745962143,0.03397033363580704,1.4353550672531128
pit_b_224,24,ILSVRC2012_val_00001115.JPEG,random_uniform,0.15,3,True,0.2011089324951172,0.02205100655555725,False,0.005456686019897461,0.12936636805534363,0.08832360804080963,0.025753632187843323,1.2361948490142822
pit_b_224,25,ILSVRC2012_val_00001343.JPEG,random_uniform,0.15,3,True,0.43645477294921875,0.05925042927265167,False,0.018934667110443115,0.11365018784999847,0.09680955857038498,0.016859639436006546,0.6720423698425293
pit_b_224,26,ILSVRC2012_val_00001379.JPEG,random_uniform,0.15,3,True,-0.007793426513671875,-0.0012928545475006104,False,0.014287829399108887,0.13659630715847015,0.10078883916139603,0.0418519452214241,1.4758307933807373
pit_b_224,27,ILSVRC2012_val_00001425.JPEG,random_uniform,0.15,3,True,0.20704269409179688,0.017994388937950134,False,0.03527027368545532,0.15996535122394562,0.08778907358646393,0.01780601404607296,1.580798625946045
pit_b_224,28,ILSVRC2012_val_00001434.JPEG,random_uniform,0.15,3,True,0.3508615493774414,0.046708106994628906,False,0.01094973087310791,0.12971031665802002,0.0884365364909172,0.03953884169459343,2.59265398979187
pit_b_224,29,ILSVRC2012_val_00001435.JPEG,random_uniform,0.15,3,True,0.4522743225097656,0.06123734265565872,False,0.011903464794158936,0.13359320163726807,0.1213921457529068,0.022924210876226425,4.190653324127197
pit_b_224,30,ILSVRC2012_val_00001512.JPEG,random_uniform,0.15,3,True,0.3697671890258789,0.04591422528028488,False,0.01427304744720459,0.06822611391544342,0.056333042681217194,0.041981495916843414,2.7944438457489014
pit_b_224,31,ILSVRC2012_val_00001537.JPEG,random_uniform,0.15,3,True,0.21863365173339844,0.0263790562748909,False,0.0054438114166259766,0.07435280084609985,0.06956542283296585,0.021046357229351997,2.179593324661255
pit_b_224,24,ILSVRC2012_val_00001115.JPEG,score_deviation_extreme,0.15,0,True,0.5319309234619141,0.07114715874195099,False,0.006460845470428467,0.049195412546396255,0.05789046734571457,0.015056027099490166,3.419999599456787
pit_b_224,25,ILSVRC2012_val_00001343.JPEG,score_deviation_extreme,0.15,0,True,0.02088165283203125,-0.004097461700439453,False,0.014667034149169922,0.0553993284702301,0.06813313066959381,0.02005591243505478,0.47665145993232727
pit_b_224,26,ILSVRC2012_val_00001379.JPEG,score_deviation_extreme,0.15,0,True,0.09695720672607422,0.013572394847869873,False,0.0075713396072387695,0.06662537902593613,0.05850934982299805,0.03587953373789787,3.483358383178711
pit_b_224,27,ILSVRC2012_val_00001425.JPEG,score_deviation_extreme,0.15,0,True,0.143157958984375,0.0048498958349227905,False,0.021306633949279785,0.098936066031456,0.056129734963178635,0.048126958310604095,0.9926753044128418
pit_b_224,28,ILSVRC2012_val_00001434.JPEG,score_deviation_extreme,0.15,0,True,0.33176136016845703,0.04595145583152771,False,0.01055765151977539,0.10458536446094513,0.08471480011940002,0.02666284888982773,2.4526031017303467
pit_b_224,29,ILSVRC2012_val_00001435.JPEG,score_deviation_extreme,0.15,0,True,0.39136505126953125,0.051021598279476166,False,0.007599592208862305,0.09604690968990326,0.09142409265041351,0.026255277916789055,4.51854133605957
pit_b_224,30,ILSVRC2012_val_00001512.JPEG,score_deviation_extreme,0.15,0,True,0.1626749038696289,0.019539840519428253,False,0.008184254169464111,0.04607149586081505,0.03664331138134003,0.04675159230828285,1.2084399461746216
pit_b_224,31,ILSVRC2012_val_00001537.JPEG,score_deviation_extreme,0.15,0,True,0.09328079223632812,0.010363735258579254,False,0.0033292770385742188,0.05387777462601662,0.05085137486457825,0.004625288303941488,0.9003353118896484
pit_b_224,24,ILSVRC2012_val_00001115.JPEG,score_deviation_extreme,0.15,1,True,0.5319309234619141,0.07114715874195099,False,0.006460845470428467,0.049195412546396255,0.05789046734571457,0.015056027099490166,3.419999599456787
pit_b_224,25,ILSVRC2012_val_00001343.JPEG,score_deviation_extreme,0.15,1,True,0.02088165283203125,-0.004097461700439453,False,0.014667034149169922,0.0553993284702301,0.06813313066959381,0.02005591243505478,0.47665145993232727
pit_b_224,26,ILSVRC2012_val_00001379.JPEG,score_deviation_extreme,0.15,1,True,0.09695720672607422,0.013572394847869873,False,0.0075713396072387695,0.06662537902593613,0.05850934982299805,0.03587953373789787,3.483358383178711
pit_b_224,27,ILSVRC2012_val_00001425.JPEG,score_deviation_extreme,0.15,1,True,0.143157958984375,0.0048498958349227905,False,0.021306633949279785,0.098936066031456,0.056129734963178635,0.048126958310604095,0.9926753044128418
pit_b_224,28,ILSVRC2012_val_00001434.JPEG,score_deviation_extreme,0.15,1,True,0.33176136016845703,0.04595145583152771,False,0.01055765151977539,0.10458536446094513,0.08471480011940002,0.02666284888982773,2.4526031017303467
pit_b_224,29,ILSVRC2012_val_00001435.JPEG,score_deviation_extreme,0.15,1,True,0.39136505126953125,0.051021598279476166,False,0.007599592208862305,0.09604690968990326,0.09142409265041351,0.026255276054143906,4.5185418128967285
pit_b_224,30,ILSVRC2012_val_00001512.JPEG,score_deviation_extreme,0.15,1,True,0.1626749038696289,0.019539840519428253,False,0.008184254169464111,0.04607149586081505,0.03664331138134003,0.046751607209444046,1.2084397077560425
pit_b_224,31,ILSVRC2012_val_00001537.JPEG,score_deviation_extreme,0.15,1,True,0.09328079223632812,0.010363735258579254,False,0.0033292770385742188,0.05387777462601662,0.05085137486457825,0.004625286441296339,0.9003353118896484
pit_b_224,24,ILSVRC2012_val_00001115.JPEG,score_deviation_extreme,0.15,2,True,0.5319309234619141,0.07114715874195099,False,0.006460845470428467,0.049195412546396255,0.05789046734571457,0.015056027099490166,3.419999599456787
pit_b_224,25,ILSVRC2012_val_00001343.JPEG,score_deviation_extreme,0.15,2,True,0.02088165283203125,-0.004097461700439453,False,0.014667034149169922,0.0553993284702301,0.06813313066959381,0.02005591243505478,0.47665145993232727
pit_b_224,26,ILSVRC2012_val_00001379.JPEG,score_deviation_extreme,0.15,2,True,0.09695720672607422,0.013572394847869873,False,0.0075713396072387695,0.06662537902593613,0.05850934982299805,0.03587953373789787,3.483358383178711
pit_b_224,27,ILSVRC2012_val_00001425.JPEG,score_deviation_extreme,0.15,2,True,0.143157958984375,0.0048498958349227905,False,0.021306633949279785,0.098936066031456,0.056129734963178635,0.04812696948647499,0.992675244808197
pit_b_224,28,ILSVRC2012_val_00001434.JPEG,score_deviation_extreme,0.15,2,True,0.33176136016845703,0.04595145583152771,False,0.01055765151977539,0.10458536446094513,0.08471480011940002,0.02666284888982773,2.4526031017303467
pit_b_224,29,ILSVRC2012_val_00001435.JPEG,score_deviation_extreme,0.15,2,True,0.39136505126953125,0.051021598279476166,False,0.007599592208862305,0.09604690968990326,0.09142409265041351,0.026255277916789055,4.51854133605957
pit_b_224,30,ILSVRC2012_val_00001512.JPEG,score_deviation_extreme,0.15,2,True,0.1626749038696289,0.019539840519428253,False,0.008184254169464111,0.04607149586081505,0.03664331138134003,0.04675161838531494,1.208439826965332
pit_b_224,31,ILSVRC2012_val_00001537.JPEG,score_deviation_extreme,0.15,2,True,0.09328079223632812,0.010363735258579254,False,0.0033292770385742188,0.05387777462601662,0.05085137486457825,0.004625286906957626,0.9003353118896484
pit_b_224,24,ILSVRC2012_val_00001115.JPEG,score_deviation_extreme,0.15,3,True,0.5319309234619141,0.07114715874195099,False,0.006460845470428467,0.049195412546396255,0.05789046734571457,0.015056027099490166,3.419999599456787
pit_b_224,25,ILSVRC2012_val_00001343.JPEG,score_deviation_extreme,0.15,3,True,0.02088165283203125,-0.004097461700439453,False,0.014667034149169922,0.0553993284702301,0.06813313066959381,0.02005591243505478,0.47665145993232727
pit_b_224,26,ILSVRC2012_val_00001379.JPEG,score_deviation_extreme,0.15,3,True,0.09695720672607422,0.013572394847869873,False,0.0075713396072387695,0.06662537902593613,0.05850934982299805,0.03587953373789787,3.483358383178711
pit_b_224,27,ILSVRC2012_val_00001425.JPEG,score_deviation_extreme,0.15,3,True,0.143157958984375,0.0048498958349227905,False,0.021306633949279785,0.098936066031456,0.056129734963178635,0.048126962035894394,0.9926753044128418
pit_b_224,28,ILSVRC2012_val_00001434.JPEG,score_deviation_extreme,0.15,3,True,0.33176136016845703,0.04595145583152771,False,0.01055765151977539,0.10458536446094513,0.08471480011940002,0.026662854477763176,2.4526028633117676
pit_b_224,29,ILSVRC2012_val_00001435.JPEG,score_deviation_extreme,0.15,3,True,0.39136505126953125,0.051021598279476166,False,0.007599592208862305,0.09604690968990326,0.09142409265041351,0.026255279779434204,4.51854133605957
pit_b_224,30,ILSVRC2012_val_00001512.JPEG,score_deviation_extreme,0.15,3,True,0.1626749038696289,0.019539840519428253,False,0.008184254169464111,0.04607149586081505,0.03664331138134003,0.04675162583589554,1.208439826965332
pit_b_224,31,ILSVRC2012_val_00001537.JPEG,score_deviation_extreme,0.15,3,True,0.09328079223632812,0.010363735258579254,False,0.0033292770385742188,0.05387777462601662,0.05085137486457825,0.004625285509973764,0.9003353118896484
pit_b_224,32,ILSVRC2012_val_00001570.JPEG,high_score_extreme,0.15,0,True,0.3104877471923828,0.02179095149040222,False,0.03100717067718506,0.12822246551513672,0.06931256502866745,0.011380879208445549,0.7641848921775818
pit_b_224,33,ILSVRC2012_val_00001638.JPEG,high_score_extreme,0.15,0,True,0.3107585906982422,0.03875255584716797,False,0.006940484046936035,0.05355687439441681,0.03526679426431656,0.3258360028266907,1.1444878578186035
pit_b_224,34,ILSVRC2012_val_00001642.JPEG,high_score_extreme,0.15,0,True,0.3479776382446289,0.0633290559053421,False,0.014788806438446045,0.1213691309094429,0.08875612169504166,0.16640117764472961,0.7945959568023682
pit_b_224,35,ILSVRC2012_val_00001645.JPEG,high_score_extreme,0.15,0,True,-0.016755104064941406,-0.003983646631240845,False,0.056454241275787354,0.3133634924888611,0.19681265950202942,0.0001092089805752039,0.9856853485107422
pit_b_224,36,ILSVRC2012_val_00001648.JPEG,high_score_extreme,0.15,0,True,-0.2628622055053711,-0.03597593307495117,False,0.0052710771560668945,0.04034678265452385,0.06763681769371033,-0.0019075374584645033,3.6099624633789062
pit_b_224,37,ILSVRC2012_val_00001655.JPEG,high_score_extreme,0.15,0,True,0.15054988861083984,0.024422958493232727,False,0.011468946933746338,0.061374109238386154,0.03980787470936775,0.120908223092556,0.7325454950332642
pit_b_224,38,ILSVRC2012_val_00001659.JPEG,high_score_extreme,0.15,0,True,0.766596794128418,0.12603169679641724,False,0.021082043647766113,0.07935177534818649,0.0658622607588768,0.04732247442007065,1.071099877357483
pit_b_224,39,ILSVRC2012_val_00001689.JPEG,high_score_extreme,0.15,0,True,0.32251930236816406,0.03863810747861862,False,0.0030037760734558105,0.05577731132507324,0.08541332930326462,-0.023473288863897324,1.4386005401611328
pit_b_224,32,ILSVRC2012_val_00001570.JPEG,high_score_extreme,0.15,1,True,0.3104877471923828,0.02179095149040222,False,0.03100717067718506,0.12822246551513672,0.06931256502866745,0.011380881071090698,0.7641848921775818
pit_b_224,33,ILSVRC2012_val_00001638.JPEG,high_score_extreme,0.15,1,True,0.3107585906982422,0.03875255584716797,False,0.006940484046936035,0.05355687439441681,0.03526679426431656,0.3258360028266907,1.1444878578186035
pit_b_224,34,ILSVRC2012_val_00001642.JPEG,high_score_extreme,0.15,1,True,0.3479776382446289,0.0633290559053421,False,0.014788806438446045,0.1213691309094429,0.08875612169504166,0.16640117764472961,0.7945959568023682
pit_b_224,35,ILSVRC2012_val_00001645.JPEG,high_score_extreme,0.15,1,True,-0.016755104064941406,-0.003983646631240845,False,0.056454241275787354,0.3133634924888611,0.19681265950202942,0.0001092094462364912,0.9856853485107422
pit_b_224,36,ILSVRC2012_val_00001648.JPEG,high_score_extreme,0.15,1,True,-0.2628622055053711,-0.03597593307495117,False,0.0052710771560668945,0.04034678265452385,0.06763681769371033,-0.0019075367599725723,3.6099624633789062
pit_b_224,37,ILSVRC2012_val_00001655.JPEG,high_score_extreme,0.15,1,True,0.15054988861083984,0.024422958493232727,False,0.011468946933746338,0.061374109238386154,0.03980787470936775,0.120908223092556,0.7325454950332642
pit_b_224,38,ILSVRC2012_val_00001659.JPEG,high_score_extreme,0.15,1,True,0.766596794128418,0.12603169679641724,False,0.021082043647766113,0.07935177534818649,0.0658622607588768,0.04732245206832886,1.071099877357483
pit_b_224,39,ILSVRC2012_val_00001689.JPEG,high_score_extreme,0.15,1,True,0.32251930236816406,0.03863810747861862,False,0.0030037760734558105,0.05577731132507324,0.08541332930326462,-0.023473290726542473,1.4386006593704224
pit_b_224,32,ILSVRC2012_val_00001570.JPEG,high_score_extreme,0.15,2,True,0.3104877471923828,0.02179095149040222,False,0.03100717067718506,0.12822246551513672,0.06931256502866745,0.011380881071090698,0.7641848921775818
pit_b_224,33,ILSVRC2012_val_00001638.JPEG,high_score_extreme,0.15,2,True,0.3107585906982422,0.03875255584716797,False,0.006940484046936035,0.05355687439441681,0.03526679426431656,0.3258360028266907,1.1444878578186035
pit_b_224,34,ILSVRC2012_val_00001642.JPEG,high_score_extreme,0.15,2,True,0.3479776382446289,0.0633290559053421,False,0.014788806438446045,0.1213691309094429,0.08875612169504166,0.16640117764472961,0.7945959568023682
pit_b_224,35,ILSVRC2012_val_00001645.JPEG,high_score_extreme,0.15,2,True,-0.016755104064941406,-0.003983646631240845,False,0.056454241275787354,0.3133634924888611,0.19681265950202942,0.00010920874774456024,0.9856853485107422
pit_b_224,36,ILSVRC2012_val_00001648.JPEG,high_score_extreme,0.15,2,True,-0.2628622055053711,-0.03597593307495117,False,0.0052710771560668945,0.04034678265452385,0.06763681769371033,-0.0019075372256338596,3.6099624633789062
pit_b_224,37,ILSVRC2012_val_00001655.JPEG,high_score_extreme,0.15,2,True,0.15054988861083984,0.024422958493232727,False,0.011468946933746338,0.061374109238386154,0.03980787470936775,0.1209082305431366,0.7325454950332642
pit_b_224,38,ILSVRC2012_val_00001659.JPEG,high_score_extreme,0.15,2,True,0.766596794128418,0.12603169679641724,False,0.021082043647766113,0.07935177534818649,0.0658622607588768,0.047322437167167664,1.071099877357483
pit_b_224,39,ILSVRC2012_val_00001689.JPEG,high_score_extreme,0.15,2,True,0.32251930236816406,0.03863810747861862,False,0.0030037760734558105,0.05577731132507324,0.08541332930326462,-0.023473287001252174,1.4386005401611328
pit_b_224,32,ILSVRC2012_val_00001570.JPEG,high_score_extreme,0.15,3,True,0.3104877471923828,0.02179095149040222,False,0.03100717067718506,0.12822246551513672,0.06931256502866745,0.011380880139768124,0.7641848921775818
pit_b_224,33,ILSVRC2012_val_00001638.JPEG,high_score_extreme,0.15,3,True,0.3107585906982422,0.03875255584716797,False,0.006940484046936035,0.05355687439441681,0.03526679426431656,0.3258360028266907,1.1444878578186035
pit_b_224,34,ILSVRC2012_val_00001642.JPEG,high_score_extreme,0.15,3,True,0.3479776382446289,0.0633290559053421,False,0.014788806438446045,0.1213691309094429,0.08875612169504166,0.16640117764472961,0.7945959568023682
pit_b_224,35,ILSVRC2012_val_00001645.JPEG,high_score_extreme,0.15,3,True,-0.016755104064941406,-0.003983646631240845,False,0.056454241275787354,0.3133634924888611,0.19681265950202942,0.00010920828208327293,0.9856852889060974
pit_b_224,36,ILSVRC2012_val_00001648.JPEG,high_score_extreme,0.15,3,True,-0.2628622055053711,-0.03597593307495117,False,0.0052710771560668945,0.04034678265452385,0.06763681769371033,-0.0019075372256338596,3.6099624633789062
pit_b_224,37,ILSVRC2012_val_00001655.JPEG,high_score_extreme,0.15,3,True,0.15054988861083984,0.024422958493232727,False,0.011468946933746338,0.061374109238386154,0.03980787470936775,0.120908223092556,0.7325454950332642
pit_b_224,38,ILSVRC2012_val_00001659.JPEG,high_score_extreme,0.15,3,True,0.766596794128418,0.12603169679641724,False,0.021082043647766113,0.07935177534818649,0.0658622607588768,0.04732246696949005,1.071099877357483
pit_b_224,39,ILSVRC2012_val_00001689.JPEG,high_score_extreme,0.15,3,True,0.32251930236816406,0.03863810747861862,False,0.0030037760734558105,0.05577731132507324,0.08541332930326462,-0.02347329631447792,1.4386005401611328
pit_b_224,32,ILSVRC2012_val_00001570.JPEG,low_score_extreme,0.15,0,True,0.3452873229980469,0.026594460010528564,False,0.0330657958984375,0.2412339299917221,0.13901729881763458,0.011860175058245659,0.6955826878547668
pit_b_224,33,ILSVRC2012_val_00001638.JPEG,low_score_extreme,0.15,0,True,0.16862773895263672,0.028918713331222534,False,0.03648114204406738,0.12597206234931946,0.07057754695415497,0.25993612408638,1.4250504970550537
pit_b_224,34,ILSVRC2012_val_00001642.JPEG,low_score_extreme,0.15,0,True,0.4560403823852539,0.15452444553375244,False,0.028263092041015625,0.2452881783246994,0.13132813572883606,0.13730968534946442,2.192715644836426
pit_b_224,35,ILSVRC2012_val_00001645.JPEG,low_score_extreme,0.15,0,True,-0.11599159240722656,-0.023805812001228333,False,0.012928009033203125,0.17960874736309052,0.11464677006006241,0.027470877394080162,1.1697639226913452
pit_b_224,36,ILSVRC2012_val_00001648.JPEG,low_score_extreme,0.15,0,True,-0.19652843475341797,-0.02788722515106201,False,0.005606114864349365,0.10430973023176193,0.07430364191532135,0.08104275166988373,1.5197988748550415
pit_b_224,37,ILSVRC2012_val_00001655.JPEG,low_score_extreme,0.15,0,True,0.16297149658203125,0.02858830988407135,False,0.012079954147338867,0.15056373178958893,0.09804487973451614,0.14889594912528992,0.8074316382408142
pit_b_224,38,ILSVRC2012_val_00001659.JPEG,low_score_extreme,0.15,0,True,0.073638916015625,0.0070534199476242065,False,0.00940561294555664,0.10265254974365234,0.08065646141767502,0.04330053925514221,0.37731048464775085
pit_b_224,39,ILSVRC2012_val_00001689.JPEG,low_score_extreme,0.15,0,True,0.30391788482666016,0.035304270684719086,False,0.0069023966789245605,0.09086766839027405,0.10060890763998032,0.0425797700881958,1.6168994903564453
pit_b_224,32,ILSVRC2012_val_00001570.JPEG,low_score_extreme,0.15,1,True,0.3452873229980469,0.026594460010528564,False,0.0330657958984375,0.2412339299917221,0.13901729881763458,0.011860175058245659,0.6955826878547668
pit_b_224,33,ILSVRC2012_val_00001638.JPEG,low_score_extreme,0.15,1,True,0.16862773895263672,0.028918713331222534,False,0.03648114204406738,0.12597206234931946,0.07057754695415497,0.25993612408638,1.4250504970550537
pit_b_224,34,ILSVRC2012_val_00001642.JPEG,low_score_extreme,0.15,1,True,0.4560403823852539,0.15452444553375244,False,0.028263092041015625,0.2452881783246994,0.13132813572883606,0.13730968534946442,2.192715644836426
pit_b_224,35,ILSVRC2012_val_00001645.JPEG,low_score_extreme,0.15,1,True,-0.11599159240722656,-0.023805812001228333,False,0.012928009033203125,0.17960874736309052,0.11464677006006241,0.02747088298201561,1.1697639226913452
pit_b_224,36,ILSVRC2012_val_00001648.JPEG,low_score_extreme,0.15,1,True,-0.19652843475341797,-0.02788722515106201,False,0.005606114864349365,0.10430973023176193,0.07430364191532135,0.08104275166988373,1.5197988748550415
pit_b_224,37,ILSVRC2012_val_00001655.JPEG,low_score_extreme,0.15,1,True,0.16297149658203125,0.02858830988407135,False,0.012079954147338867,0.15056373178958893,0.09804487973451614,0.1488959640264511,0.8074315786361694
pit_b_224,38,ILSVRC2012_val_00001659.JPEG,low_score_extreme,0.15,1,True,0.073638916015625,0.0070534199476242065,False,0.00940561294555664,0.10265254974365234,0.08065646141767502,0.043300557881593704,0.3773104250431061
pit_b_224,39,ILSVRC2012_val_00001689.JPEG,low_score_extreme,0.15,1,True,0.30391788482666016,0.035304270684719086,False,0.0069023966789245605,0.09086766839027405,0.10060890763998032,0.0425797700881958,1.6168994903564453
pit_b_224,32,ILSVRC2012_val_00001570.JPEG,low_score_extreme,0.15,2,True,0.3452873229980469,0.026594460010528564,False,0.0330657958984375,0.2412339299917221,0.13901729881763458,0.011860175058245659,0.6955826878547668
pit_b_224,33,ILSVRC2012_val_00001638.JPEG,low_score_extreme,0.15,2,True,0.16862773895263672,0.028918713331222534,False,0.03648114204406738,0.12597206234931946,0.07057754695415497,0.25993612408638,1.4250504970550537
pit_b_224,34,ILSVRC2012_val_00001642.JPEG,low_score_extreme,0.15,2,True,0.4560403823852539,0.15452444553375244,False,0.028263092041015625,0.2452881783246994,0.13132813572883606,0.13730968534946442,2.192715644836426
pit_b_224,35,ILSVRC2012_val_00001645.JPEG,low_score_extreme,0.15,2,True,-0.11599159240722656,-0.023805812001228333,False,0.012928009033203125,0.17960874736309052,0.11464677006006241,0.02747088111937046,1.1697639226913452
pit_b_224,36,ILSVRC2012_val_00001648.JPEG,low_score_extreme,0.15,2,True,-0.19652843475341797,-0.02788722515106201,False,0.005606114864349365,0.10430973023176193,0.07430364191532135,0.08104275166988373,1.5197988748550415
pit_b_224,37,ILSVRC2012_val_00001655.JPEG,low_score_extreme,0.15,2,True,0.16297149658203125,0.02858830988407135,False,0.012079954147338867,0.15056373178958893,0.09804487973451614,0.14889594912528992,0.8074316382408142
pit_b_224,38,ILSVRC2012_val_00001659.JPEG,low_score_extreme,0.15,2,True,0.073638916015625,0.0070534199476242065,False,0.00940561294555664,0.10265254974365234,0.08065646141767502,0.043300554156303406,0.3773104250431061
pit_b_224,39,ILSVRC2012_val_00001689.JPEG,low_score_extreme,0.15,2,True,0.30391788482666016,0.035304270684719086,False,0.0069023966789245605,0.09086766839027405,0.10060890763998032,0.0425797700881958,1.6168994903564453
pit_b_224,32,ILSVRC2012_val_00001570.JPEG,low_score_extreme,0.15,3,True,0.3452873229980469,0.026594460010528564,False,0.0330657958984375,0.2412339299917221,0.13901729881763458,0.011860175058245659,0.6955826878547668
pit_b_224,33,ILSVRC2012_val_00001638.JPEG,low_score_extreme,0.15,3,True,0.16862773895263672,0.028918713331222534,False,0.03648114204406738,0.12597206234931946,0.07057754695415497,0.25993612408638,1.4250506162643433
pit_b_224,34,ILSVRC2012_val_00001642.JPEG,low_score_extreme,0.15,3,True,0.4560403823852539,0.15452444553375244,False,0.028263092041015625,0.2452881783246994,0.13132813572883606,0.13730968534946442,2.192715644836426
pit_b_224,35,ILSVRC2012_val_00001645.JPEG,low_score_extreme,0.15,3,True,-0.11599159240722656,-0.023805812001228333,False,0.012928009033203125,0.17960874736309052,0.11464677006006241,0.02747087925672531,1.1697639226913452
pit_b_224,36,ILSVRC2012_val_00001648.JPEG,low_score_extreme,0.15,3,True,-0.19652843475341797,-0.02788722515106201,False,0.005606114864349365,0.10430973023176193,0.07430364191532135,0.08104275166988373,1.5197988748550415
pit_b_224,37,ILSVRC2012_val_00001655.JPEG,low_score_extreme,0.15,3,True,0.16297149658203125,0.02858830988407135,False,0.012079954147338867,0.15056373178958893,0.09804487973451614,0.14889594912528992,0.8074315786361694
pit_b_224,38,ILSVRC2012_val_00001659.JPEG,low_score_extreme,0.15,3,True,0.073638916015625,0.0070534199476242065,False,0.00940561294555664,0.10265254974365234,0.08065646141767502,0.043300554156303406,0.3773104250431061
pit_b_224,39,ILSVRC2012_val_00001689.JPEG,low_score_extreme,0.15,3,True,0.30391788482666016,0.035304270684719086,False,0.0069023966789245605,0.09086766839027405,0.10060890763998032,0.0425797700881958,1.6168994903564453
pit_b_224,32,ILSVRC2012_val_00001570.JPEG,random_uniform,0.15,0,True,0.24548721313476562,0.012220427393913269,False,0.03361475467681885,0.2026953548192978,0.10529002547264099,-0.019998963922262192,0.6619285345077515
pit_b_224,33,ILSVRC2012_val_00001638.JPEG,random_uniform,0.15,0,True,0.2623281478881836,0.032666489481925964,False,0.01901388168334961,0.0866699069738388,0.053431928157806396,0.25442737340927124,0.9415163397789001
pit_b_224,34,ILSVRC2012_val_00001642.JPEG,random_uniform,0.15,0,True,0.04587554931640625,0.004746094346046448,False,0.012362241744995117,0.19081680476665497,0.12621214985847473,0.1914534568786621,0.5503091216087341
pit_b_224,35,ILSVRC2012_val_00001645.JPEG,random_uniform,0.15,0,True,-0.05333137512207031,-0.015983760356903076,False,0.01204991340637207,0.13463185727596283,0.08217769861221313,0.026396814733743668,0.5517480373382568
pit_b_224,36,ILSVRC2012_val_00001648.JPEG,random_uniform,0.15,0,True,-0.4494047164916992,-0.05602239817380905,False,0.0062094926834106445,0.08432143181562424,0.09446363151073456,0.006153426133096218,1.0838487148284912
pit_b_224,37,ILSVRC2012_val_00001655.JPEG,random_uniform,0.15,0,True,0.38336944580078125,0.07463467121124268,False,0.019830048084259033,0.15790745615959167,0.10081250965595245,0.12869501113891602,1.0194652080535889
pit_b_224,38,ILSVRC2012_val_00001659.JPEG,random_uniform,0.15,0,True,0.18802642822265625,0.02190263569355011,False,0.012648165225982666,0.12122262269258499,0.07269640266895294,0.0530526302754879,0.6410026550292969
pit_b_224,39,ILSVRC2012_val_00001689.JPEG,random_uniform,0.15,0,True,0.3222169876098633,0.038611166179180145,False,0.008145332336425781,0.08736098557710648,0.09101121872663498,0.0711134597659111,3.375185251235962
pit_b_224,32,ILSVRC2012_val_00001570.JPEG,random_uniform,0.15,1,True,-0.09462356567382812,-0.02692382037639618,False,0.03285694122314453,0.21259652078151703,0.12108264863491058,0.04116540402173996,0.2657557427883148
pit_b_224,33,ILSVRC2012_val_00001638.JPEG,random_uniform,0.15,1,True,0.23856067657470703,0.02803453803062439,False,0.011282742023468018,0.07442045211791992,0.056222837418317795,0.1650763303041458,1.8466837406158447
pit_b_224,34,ILSVRC2012_val_00001642.JPEG,random_uniform,0.15,1,True,0.5482950210571289,0.10779640078544617,False,0.02285456657409668,0.23000049591064453,0.13187538087368011,0.1289062649011612,1.0845643281936646
pit_b_224,35,ILSVRC2012_val_00001645.JPEG,random_uniform,0.15,1,True,-0.15535831451416016,-0.03023388981819153,False,0.012484490871429443,0.14560626447200775,0.11479741334915161,0.03258630633354187,0.4832715392112732
pit_b_224,36,ILSVRC2012_val_00001648.JPEG,random_uniform,0.15,1,True,-0.5058660507202148,-0.06143106520175934,False,0.008684515953063965,0.10552676767110825,0.09738040715456009,0.011452700011432171,0.8652641177177429
pit_b_224,37,ILSVRC2012_val_00001655.JPEG,random_uniform,0.15,1,True,0.35505104064941406,0.06270115077495575,False,0.011598289012908936,0.1104586124420166,0.0766114592552185,0.08027318120002747,1.1768137216567993
pit_b_224,38,ILSVRC2012_val_00001659.JPEG,random_uniform,0.15,1,True,0.14093399047851562,0.01683981716632843,False,0.019085168838500977,0.12945707142353058,0.075498566031456,0.010876618325710297,1.0593923330307007
pit_b_224,39,ILSVRC2012_val_00001689.JPEG,random_uniform,0.15,1,True,0.3263692855834961,0.03905455023050308,False,0.003919243812561035,0.06753960251808167,0.077009417116642,0.1605190634727478,1.0242623090744019
pit_b_224,32,ILSVRC2012_val_00001570.JPEG,random_uniform,0.15,2,True,-0.11020469665527344,-0.028227724134922028,False,0.031678080558776855,0.21067006886005402,0.11540403962135315,0.029021935537457466,0.21527884900569916
pit_b_224,33,ILSVRC2012_val_00001638.JPEG,random_uniform,0.15,2,True,0.7246694564819336,0.09912139177322388,False,0.014773905277252197,0.0741000697016716,0.1047503873705864,0.19786188006401062,1.8041242361068726
pit_b_224,34,ILSVRC2012_val_00001642.JPEG,random_uniform,0.15,2,True,0.25821971893310547,0.05296334624290466,False,0.012667059898376465,0.16891244053840637,0.13065670430660248,0.2016882598400116,0.639575183391571
pit_b_224,35,ILSVRC2012_val_00001645.JPEG,random_uniform,0.15,2,True,-0.06050586700439453,-0.016389906406402588,False,0.011951327323913574,0.11703133583068848,0.08147770166397095,0.051349982619285583,0.6683571934700012
pit_b_224,36,ILSVRC2012_val_00001648.JPEG,random_uniform,0.15,2,True,-0.2936983108520508,-0.039280012249946594,False,0.005804181098937988,0.09852666407823563,0.10140818357467651,0.02576514706015587,1.9769717454910278
pit_b_224,37,ILSVRC2012_val_00001655.JPEG,random_uniform,0.15,2,True,0.2642488479614258,0.035548314452171326,False,0.007986128330230713,0.1345278024673462,0.10124717652797699,0.08618532121181488,0.8276418447494507
pit_b_224,38,ILSVRC2012_val_00001659.JPEG,random_uniform,0.15,2,True,0.3901996612548828,0.04471810162067413,False,0.013137280941009521,0.10144966840744019,0.06715867668390274,0.01704195886850357,0.6450759172439575
pit_b_224,39,ILSVRC2012_val_00001689.JPEG,random_uniform,0.15,2,True,0.2714052200317383,0.031894393265247345,False,0.0038277506828308105,0.06287770718336105,0.06001374125480652,0.08975385129451752,0.9054271578788757
pit_b_224,32,ILSVRC2012_val_00001570.JPEG,random_uniform,0.15,3,True,0.08940505981445312,-0.006511025130748749,False,0.030038118362426758,0.1735849678516388,0.09628408402204514,0.03506137803196907,0.676125705242157
pit_b_224,33,ILSVRC2012_val_00001638.JPEG,random_uniform,0.15,3,True,0.2997617721557617,0.04335898160934448,False,0.010088980197906494,0.06453269720077515,0.045092929154634476,0.4069683253765106,1.0660772323608398
pit_b_224,34,ILSVRC2012_val_00001642.JPEG,random_uniform,0.15,3,True,0.1158742904663086,0.004843711853027344,False,0.024288535118103027,0.208112433552742,0.1127680093050003,0.07610325515270233,0.7145622968673706
pit_b_224,35,ILSVRC2012_val_00001645.JPEG,random_uniform,0.15,3,True,-0.12008380889892578,-0.024793565273284912,False,0.013529837131500244,0.15249693393707275,0.10219067335128784,0.044389087706804276,0.6975061893463135
pit_b_224,36,ILSVRC2012_val_00001648.JPEG,random_uniform,0.15,3,True,-0.44492244720458984,-0.05503034591674805,False,0.007548689842224121,0.10435837507247925,0.10931320488452911,0.06430548429489136,0.9385778307914734
pit_b_224,37,ILSVRC2012_val_00001655.JPEG,random_uniform,0.15,3,True,0.28386497497558594,0.03931325674057007,False,0.009978652000427246,0.12017438560724258,0.11879424750804901,0.1607116013765335,0.5607672333717346
pit_b_224,38,ILSVRC2012_val_00001659.JPEG,random_uniform,0.15,3,True,0.32172393798828125,0.04012313485145569,False,0.023531079292297363,0.12748022377490997,0.07485494017601013,0.028410861268639565,0.9551209807395935
pit_b_224,39,ILSVRC2012_val_00001689.JPEG,random_uniform,0.15,3,True,0.5443181991577148,0.07202183455228806,False,0.007255375385284424,0.08857947587966919,0.11106257885694504,0.013856139034032822,1.4820501804351807
pit_b_224,32,ILSVRC2012_val_00001570.JPEG,score_deviation_extreme,0.15,0,True,0.17976093292236328,0.0039618611335754395,False,0.03020918369293213,0.16745451092720032,0.08331069350242615,-0.010256429202854633,0.49797436594963074
pit_b_224,33,ILSVRC2012_val_00001638.JPEG,score_deviation_extreme,0.15,0,True,0.23122310638427734,0.024127602577209473,False,0.005964159965515137,0.06671135872602463,0.04037347435951233,0.2770489454269409,1.0458152294158936
pit_b_224,34,ILSVRC2012_val_00001642.JPEG,score_deviation_extreme,0.15,0,True,0.3479776382446289,0.0633290559053421,False,0.014788806438446045,0.1213691309094429,0.08875612169504166,0.16640117764472961,0.7945959568023682
pit_b_224,35,ILSVRC2012_val_00001645.JPEG,score_deviation_extreme,0.15,0,True,-0.20609283447265625,-0.034905001521110535,False,0.022411823272705078,0.16232354938983917,0.11756443977355957,0.05616860091686249,0.6139446496963501
pit_b_224,36,ILSVRC2012_val_00001648.JPEG,score_deviation_extreme,0.15,0,True,-0.4444704055786133,-0.05502144992351532,False,0.009752392768859863,0.06059922277927399,0.0799388512969017,0.005832668859511614,1.3639050722122192
pit_b_224,37,ILSVRC2012_val_00001655.JPEG,score_deviation_extreme,0.15,0,True,0.25281238555908203,0.03968155384063721,False,0.005087912082672119,0.05060512199997902,0.043054450303316116,0.12158441543579102,0.753216028213501
pit_b_224,38,ILSVRC2012_val_00001659.JPEG,score_deviation_extreme,0.15,0,True,0.766596794128418,0.12603169679641724,False,0.021082043647766113,0.07935177534818649,0.0658622607588768,0.04732247442007065,1.071099877357483
pit_b_224,39,ILSVRC2012_val_00001689.JPEG,score_deviation_extreme,0.15,0,True,0.32251930236816406,0.03863810747861862,False,0.0030037760734558105,0.05577731132507324,0.08541332930326462,-0.02347329631447792,1.4386006593704224
pit_b_224,32,ILSVRC2012_val_00001570.JPEG,score_deviation_extreme,0.15,1,True,0.17976093292236328,0.0039618611335754395,False,0.03020918369293213,0.16745451092720032,0.08331069350242615,-0.010256429202854633,0.49797436594963074
pit_b_224,33,ILSVRC2012_val_00001638.JPEG,score_deviation_extreme,0.15,1,True,0.23122310638427734,0.024127602577209473,False,0.005964159965515137,0.06671135872602463,0.04037347435951233,0.2770489454269409,1.0458152294158936
pit_b_224,34,ILSVRC2012_val_00001642.JPEG,score_deviation_extreme,0.15,1,True,0.3479776382446289,0.0633290559053421,False,0.014788806438446045,0.1213691309094429,0.08875612169504166,0.16640117764472961,0.7945959568023682
pit_b_224,35,ILSVRC2012_val_00001645.JPEG,score_deviation_extreme,0.15,1,True,-0.20609283447265625,-0.034905001521110535,False,0.022411823272705078,0.16232354938983917,0.11756443977355957,0.05616860091686249,0.6139446496963501
pit_b_224,36,ILSVRC2012_val_00001648.JPEG,score_deviation_extreme,0.15,1,True,-0.4444704055786133,-0.05502144992351532,False,0.009752392768859863,0.06059922277927399,0.0799388512969017,0.005832670256495476,1.3639050722122192
pit_b_224,37,ILSVRC2012_val_00001655.JPEG,score_deviation_extreme,0.15,1,True,0.25281238555908203,0.03968155384063721,False,0.005087912082672119,0.05060512199997902,0.043054450303316116,0.12158440798521042,0.753216028213501
pit_b_224,38,ILSVRC2012_val_00001659.JPEG,score_deviation_extreme,0.15,1,True,0.766596794128418,0.12603169679641724,False,0.021082043647766113,0.07935177534818649,0.0658622607588768,0.04732247442007065,1.071099877357483
pit_b_224,39,ILSVRC2012_val_00001689.JPEG,score_deviation_extreme,0.15,1,True,0.32251930236816406,0.03863810747861862,False,0.0030037760734558105,0.05577731132507324,0.08541332930326462,-0.02347329817712307,1.4386005401611328
pit_b_224,32,ILSVRC2012_val_00001570.JPEG,score_deviation_extreme,0.15,2,True,0.17976093292236328,0.0039618611335754395,False,0.03020918369293213,0.16745451092720032,0.08331069350242615,-0.010256430134177208,0.49797436594963074
pit_b_224,33,ILSVRC2012_val_00001638.JPEG,score_deviation_extreme,0.15,2,True,0.23122310638427734,0.024127602577209473,False,0.005964159965515137,0.06671135872602463,0.04037347435951233,0.2770489454269409,1.0458152294158936
pit_b_224,34,ILSVRC2012_val_00001642.JPEG,score_deviation_extreme,0.15,2,True,0.3479776382446289,0.0633290559053421,False,0.014788806438446045,0.1213691309094429,0.08875612169504166,0.16640117764472961,0.7945959568023682
pit_b_224,35,ILSVRC2012_val_00001645.JPEG,score_deviation_extreme,0.15,2,True,-0.20609283447265625,-0.034905001521110535,False,0.022411823272705078,0.16232354938983917,0.11756443977355957,0.056168604642152786,0.6139446496963501
pit_b_224,36,ILSVRC2012_val_00001648.JPEG,score_deviation_extreme,0.15,2,True,-0.4444704055786133,-0.05502144992351532,False,0.009752392768859863,0.06059922277927399,0.0799388512969017,0.005832669325172901,1.3639050722122192
pit_b_224,37,ILSVRC2012_val_00001655.JPEG,score_deviation_extreme,0.15,2,True,0.25281238555908203,0.03968155384063721,False,0.005087912082672119,0.05060512199997902,0.043054450303316116,0.12158442288637161,0.753216028213501
pit_b_224,38,ILSVRC2012_val_00001659.JPEG,score_deviation_extreme,0.15,2,True,0.766596794128418,0.12603169679641724,False,0.021082043647766113,0.07935177534818649,0.0658622607588768,0.047322481870651245,1.071099877357483
pit_b_224,39,ILSVRC2012_val_00001689.JPEG,score_deviation_extreme,0.15,2,True,0.32251930236816406,0.03863810747861862,False,0.0030037760734558105,0.05577731132507324,0.08541332930326462,-0.02347329631447792,1.4386006593704224
pit_b_224,32,ILSVRC2012_val_00001570.JPEG,score_deviation_extreme,0.15,3,True,0.17976093292236328,0.0039618611335754395,False,0.03020918369293213,0.16745451092720032,0.08331069350242615,-0.010256429202854633,0.49797436594963074
pit_b_224,33,ILSVRC2012_val_00001638.JPEG,score_deviation_extreme,0.15,3,True,0.23122310638427734,0.024127602577209473,False,0.005964159965515137,0.06671135872602463,0.04037347435951233,0.2770489454269409,1.0458152294158936
pit_b_224,34,ILSVRC2012_val_00001642.JPEG,score_deviation_extreme,0.15,3,True,0.3479776382446289,0.0633290559053421,False,0.014788806438446045,0.1213691309094429,0.08875612169504166,0.16640117764472961,0.7945959568023682
pit_b_224,35,ILSVRC2012_val_00001645.JPEG,score_deviation_extreme,0.15,3,True,-0.20609283447265625,-0.034905001521110535,False,0.022411823272705078,0.16232354938983917,0.11756443977355957,0.05616860091686249,0.6139446496963501
pit_b_224,36,ILSVRC2012_val_00001648.JPEG,score_deviation_extreme,0.15,3,True,-0.4444704055786133,-0.05502144992351532,False,0.009752392768859863,0.06059922277927399,0.0799388512969017,0.005832669325172901,1.3639050722122192
pit_b_224,37,ILSVRC2012_val_00001655.JPEG,score_deviation_extreme,0.15,3,True,0.25281238555908203,0.03968155384063721,False,0.005087912082672119,0.05060512199997902,0.043054450303316116,0.12158440798521042,0.753216028213501
pit_b_224,38,ILSVRC2012_val_00001659.JPEG,score_deviation_extreme,0.15,3,True,0.766596794128418,0.12603169679641724,False,0.021082043647766113,0.07935177534818649,0.0658622607588768,0.04732245206832886,1.0710999965667725
pit_b_224,39,ILSVRC2012_val_00001689.JPEG,score_deviation_extreme,0.15,3,True,0.32251930236816406,0.03863810747861862,False,0.0030037760734558105,0.05577731132507324,0.08541332930326462,-0.023473285138607025,1.4386005401611328
pit_b_224,40,ILSVRC2012_val_00001753.JPEG,high_score_extreme,0.15,0,True,0.4595756530761719,0.023042529821395874,False,0.046911001205444336,0.08369698375463486,0.07874889671802521,0.28893572092056274,0.370234876871109
pit_b_224,41,ILSVRC2012_val_00001925.JPEG,high_score_extreme,0.15,0,True,0.37651634216308594,0.049416787922382355,False,0.0077021121978759766,0.09609565138816833,0.057742197066545486,0.03291948512196541,0.8898087739944458
pit_b_224,42,ILSVRC2012_val_00002002.JPEG,high_score_extreme,0.15,0,True,0.05819988250732422,0.006825156509876251,False,0.0014159679412841797,0.05648486316204071,0.05082624405622482,0.0541890487074852,1.2952377796173096
pit_b_224,43,ILSVRC2012_val_00002073.JPEG,high_score_extreme,0.15,0,True,-0.155120849609375,-0.020139142870903015,False,0.003672957420349121,0.0785168707370758,0.06969503313302994,0.04617317020893097,0.5909391045570374
pit_b_224,44,ILSVRC2012_val_00002159.JPEG,high_score_extreme,0.15,0,True,0.19420337677001953,0.019563190639019012,False,0.00525510311126709,0.05495132505893707,0.04791412502527237,0.11752507090568542,0.4545818567276001
pit_b_224,45,ILSVRC2012_val_00002176.JPEG,high_score_extreme,0.15,0,True,0.14376544952392578,0.01160566508769989,False,0.005823373794555664,0.04500872269272804,0.042876552790403366,0.06040899455547333,1.2335829734802246
pit_b_224,46,ILSVRC2012_val_00002183.JPEG,high_score_extreme,0.15,0,True,0.5199470520019531,0.09708377718925476,False,0.014487683773040771,0.05057838186621666,0.04065093398094177,0.22494760155677795,2.3076601028442383
pit_b_224,47,ILSVRC2012_val_00002184.JPEG,high_score_extreme,0.15,0,True,0.2085418701171875,0.012065455317497253,False,0.04828691482543945,0.1037948951125145,0.07745400071144104,0.02141653187572956,2.314547300338745
pit_b_224,40,ILSVRC2012_val_00001753.JPEG,high_score_extreme,0.15,1,True,0.4595756530761719,0.023042529821395874,False,0.046911001205444336,0.08369698375463486,0.07874889671802521,0.28893572092056274,0.370234876871109
pit_b_224,41,ILSVRC2012_val_00001925.JPEG,high_score_extreme,0.15,1,True,0.37651634216308594,0.049416787922382355,False,0.0077021121978759766,0.09609565138816833,0.057742197066545486,0.03291948512196541,0.8898087739944458
pit_b_224,42,ILSVRC2012_val_00002002.JPEG,high_score_extreme,0.15,1,True,0.05819988250732422,0.006825156509876251,False,0.0014159679412841797,0.05648486316204071,0.05082624405622482,0.0541890487074852,1.2952377796173096
pit_b_224,43,ILSVRC2012_val_00002073.JPEG,high_score_extreme,0.15,1,True,-0.155120849609375,-0.020139142870903015,False,0.003672957420349121,0.0785168707370758,0.06969503313302994,0.04617317020893097,0.5909391045570374
pit_b_224,44,ILSVRC2012_val_00002159.JPEG,high_score_extreme,0.15,1,True,0.19420337677001953,0.019563190639019012,False,0.00525510311126709,0.05495132505893707,0.04791412502527237,0.11752507090568542,0.4545818567276001
pit_b_224,45,ILSVRC2012_val_00002176.JPEG,high_score_extreme,0.15,1,True,0.14376544952392578,0.01160566508769989,False,0.005823373794555664,0.04500872269272804,0.042876552790403366,0.06040899455547333,1.2335829734802246
pit_b_224,46,ILSVRC2012_val_00002183.JPEG,high_score_extreme,0.15,1,True,0.5199470520019531,0.09708377718925476,False,0.014487683773040771,0.05057838186621666,0.04065093398094177,0.22494761645793915,2.3076601028442383
pit_b_224,47,ILSVRC2012_val_00002184.JPEG,high_score_extreme,0.15,1,True,0.2085418701171875,0.012065455317497253,False,0.04828691482543945,0.1037948951125145,0.07745400071144104,0.02141653187572956,2.314547300338745
pit_b_224,40,ILSVRC2012_val_00001753.JPEG,high_score_extreme,0.15,2,True,0.4595756530761719,0.023042529821395874,False,0.046911001205444336,0.08369698375463486,0.07874889671802521,0.28893572092056274,0.370234876871109
pit_b_224,41,ILSVRC2012_val_00001925.JPEG,high_score_extreme,0.15,2,True,0.37651634216308594,0.049416787922382355,False,0.0077021121978759766,0.09609565138816833,0.057742197066545486,0.03291948512196541,0.8898087739944458
pit_b_224,42,ILSVRC2012_val_00002002.JPEG,high_score_extreme,0.15,2,True,0.05819988250732422,0.006825156509876251,False,0.0014159679412841797,0.05648486316204071,0.05082624405622482,0.0541890487074852,1.2952377796173096
pit_b_224,43,ILSVRC2012_val_00002073.JPEG,high_score_extreme,0.15,2,True,-0.155120849609375,-0.020139142870903015,False,0.003672957420349121,0.0785168707370758,0.06969503313302994,0.04617317393422127,0.5909391045570374
pit_b_224,44,ILSVRC2012_val_00002159.JPEG,high_score_extreme,0.15,2,True,0.19420337677001953,0.019563190639019012,False,0.00525510311126709,0.05495132505893707,0.04791412502527237,0.11752507090568542,0.4545818567276001
pit_b_224,45,ILSVRC2012_val_00002176.JPEG,high_score_extreme,0.15,2,True,0.14376544952392578,0.01160566508769989,False,0.005823373794555664,0.04500872269272804,0.042876552790403366,0.06040899455547333,1.2335829734802246
pit_b_224,46,ILSVRC2012_val_00002183.JPEG,high_score_extreme,0.15,2,True,0.5199470520019531,0.09708377718925476,False,0.014487683773040771,0.05057838186621666,0.04065093398094177,0.22494761645793915,2.3076601028442383
pit_b_224,47,ILSVRC2012_val_00002184.JPEG,high_score_extreme,0.15,2,True,0.2085418701171875,0.012065455317497253,False,0.04828691482543945,0.1037948951125145,0.07745400071144104,0.02141653187572956,2.314547300338745
pit_b_224,40,ILSVRC2012_val_00001753.JPEG,high_score_extreme,0.15,3,True,0.4595756530761719,0.023042529821395874,False,0.046911001205444336,0.08369698375463486,0.07874889671802521,0.28893572092056274,0.370234876871109
pit_b_224,41,ILSVRC2012_val_00001925.JPEG,high_score_extreme,0.15,3,True,0.37651634216308594,0.049416787922382355,False,0.0077021121978759766,0.09609565138816833,0.057742197066545486,0.03291948512196541,0.8898087739944458
pit_b_224,42,ILSVRC2012_val_00002002.JPEG,high_score_extreme,0.15,3,True,0.05819988250732422,0.006825156509876251,False,0.0014159679412841797,0.05648486316204071,0.05082624405622482,0.0541890487074852,1.2952377796173096
pit_b_224,43,ILSVRC2012_val_00002073.JPEG,high_score_extreme,0.15,3,True,-0.155120849609375,-0.020139142870903015,False,0.003672957420349121,0.0785168707370758,0.06969503313302994,0.04617317020893097,0.5909391045570374
pit_b_224,44,ILSVRC2012_val_00002159.JPEG,high_score_extreme,0.15,3,True,0.19420337677001953,0.019563190639019012,False,0.00525510311126709,0.05495132505893707,0.04791412502527237,0.11752507090568542,0.4545818567276001
pit_b_224,45,ILSVRC2012_val_00002176.JPEG,high_score_extreme,0.15,3,True,0.14376544952392578,0.01160566508769989,False,0.005823373794555664,0.04500872269272804,0.042876552790403366,0.06040899083018303,1.2335829734802246
pit_b_224,46,ILSVRC2012_val_00002183.JPEG,high_score_extreme,0.15,3,True,0.5199470520019531,0.09708377718925476,False,0.014487683773040771,0.05057838186621666,0.04065093398094177,0.22494764626026154,2.3076601028442383
pit_b_224,47,ILSVRC2012_val_00002184.JPEG,high_score_extreme,0.15,3,True,0.2085418701171875,0.012065455317497253,False,0.04828691482543945,0.1037948951125145,0.07745400071144104,0.02141653373837471,2.314547300338745
pit_b_224,40,ILSVRC2012_val_00001753.JPEG,low_score_extreme,0.15,0,True,-0.2758646011352539,-0.08093796670436859,False,0.06730914115905762,0.2671199142932892,0.17859306931495667,0.22980357706546783,0.3054753541946411
pit_b_224,41,ILSVRC2012_val_00001925.JPEG,low_score_extreme,0.15,0,True,0.6500816345214844,0.1070512905716896,False,0.023346006870269775,0.14503373205661774,0.17037759721279144,0.0622725673019886,1.6411582231521606
pit_b_224,42,ILSVRC2012_val_00002002.JPEG,low_score_extreme,0.15,0,True,0.17372798919677734,0.02185335010290146,False,0.005757391452789307,0.1685941517353058,0.10744865238666534,0.05490107461810112,2.0595574378967285
pit_b_224,43,ILSVRC2012_val_00002073.JPEG,low_score_extreme,0.15,0,True,0.4435291290283203,0.0749502032995224,False,0.009578824043273926,0.1772475391626358,0.11078294366598129,0.02460012584924698,1.9386918544769287
pit_b_224,44,ILSVRC2012_val_00002159.JPEG,low_score_extreme,0.15,0,True,0.231414794921875,0.02477753907442093,False,0.008543014526367188,0.12956306338310242,0.11027626693248749,0.040925197303295135,0.6616928577423096
pit_b_224,45,ILSVRC2012_val_00002176.JPEG,low_score_extreme,0.15,0,True,0.7430057525634766,0.1456013172864914,False,0.01565498113632202,0.11866247653961182,0.14383207261562347,0.03523797169327736,0.7954676747322083
pit_b_224,46,ILSVRC2012_val_00002183.JPEG,low_score_extreme,0.15,0,True,-0.003960609436035156,0.0405765175819397,False,0.020150423049926758,0.17437215149402618,0.13430967926979065,0.36081522703170776,1.817494511604309
pit_b_224,47,ILSVRC2012_val_00002184.JPEG,low_score_extreme,0.15,0,True,0.06737518310546875,0.0023954659700393677,False,0.057641029357910156,0.31705984473228455,0.1884567141532898,0.016146592795848846,2.928668975830078
pit_b_224,40,ILSVRC2012_val_00001753.JPEG,low_score_extreme,0.15,1,True,-0.2758646011352539,-0.08093796670436859,False,0.06730914115905762,0.2671199142932892,0.17859306931495667,0.22980359196662903,0.3054753541946411
pit_b_224,41,ILSVRC2012_val_00001925.JPEG,low_score_extreme,0.15,1,True,0.6500816345214844,0.1070512905716896,False,0.023346006870269775,0.14503373205661774,0.17037759721279144,0.0622725710272789,1.6411582231521606
pit_b_224,42,ILSVRC2012_val_00002002.JPEG,low_score_extreme,0.15,1,True,0.17372798919677734,0.02185335010290146,False,0.005757391452789307,0.1685941517353058,0.10744865238666534,0.05490107461810112,2.0595574378967285
pit_b_224,43,ILSVRC2012_val_00002073.JPEG,low_score_extreme,0.15,1,True,0.4435291290283203,0.0749502032995224,False,0.009578824043273926,0.1772475391626358,0.11078294366598129,0.02460012584924698,1.9386918544769287
pit_b_224,44,ILSVRC2012_val_00002159.JPEG,low_score_extreme,0.15,1,True,0.231414794921875,0.02477753907442093,False,0.008543014526367188,0.12956306338310242,0.11027626693248749,0.040925197303295135,0.6616928577423096
pit_b_224,45,ILSVRC2012_val_00002176.JPEG,low_score_extreme,0.15,1,True,0.7430057525634766,0.1456013172864914,False,0.01565498113632202,0.11866247653961182,0.14383207261562347,0.03523797169327736,0.7954676747322083
pit_b_224,46,ILSVRC2012_val_00002183.JPEG,low_score_extreme,0.15,1,True,-0.003960609436035156,0.0405765175819397,False,0.020150423049926758,0.17437215149402618,0.13430967926979065,0.36081522703170776,1.817494511604309
pit_b_224,47,ILSVRC2012_val_00002184.JPEG,low_score_extreme,0.15,1,True,0.06737518310546875,0.0023954659700393677,False,0.057641029357910156,0.31705984473228455,0.1884567141532898,0.016146592795848846,2.928668975830078
pit_b_224,40,ILSVRC2012_val_00001753.JPEG,low_score_extreme,0.15,2,True,-0.2758646011352539,-0.08093796670436859,False,0.06730914115905762,0.2671199142932892,0.17859306931495667,0.22980359196662903,0.3054753541946411
pit_b_224,41,ILSVRC2012_val_00001925.JPEG,low_score_extreme,0.15,2,True,0.6500816345214844,0.1070512905716896,False,0.023346006870269775,0.14503373205661774,0.17037759721279144,0.0622725673019886,1.6411582231521606
pit_b_224,42,ILSVRC2012_val_00002002.JPEG,low_score_extreme,0.15,2,True,0.17372798919677734,0.02185335010290146,False,0.005757391452789307,0.1685941517353058,0.10744865238666534,0.05490107461810112,2.0595574378967285
pit_b_224,43,ILSVRC2012_val_00002073.JPEG,low_score_extreme,0.15,2,True,0.4435291290283203,0.0749502032995224,False,0.009578824043273926,0.1772475391626358,0.11078294366598129,0.02460012584924698,1.9386918544769287
pit_b_224,44,ILSVRC2012_val_00002159.JPEG,low_score_extreme,0.15,2,True,0.231414794921875,0.02477753907442093,False,0.008543014526367188,0.12956306338310242,0.11027626693248749,0.040925201028585434,0.6616928577423096
pit_b_224,45,ILSVRC2012_val_00002176.JPEG,low_score_extreme,0.15,2,True,0.7430057525634766,0.1456013172864914,False,0.01565498113632202,0.11866247653961182,0.14383207261562347,0.03523796796798706,0.7954676747322083
pit_b_224,46,ILSVRC2012_val_00002183.JPEG,low_score_extreme,0.15,2,True,-0.003960609436035156,0.0405765175819397,False,0.020150423049926758,0.17437215149402618,0.13430967926979065,0.36081522703170776,1.817494511604309
pit_b_224,47,ILSVRC2012_val_00002184.JPEG,low_score_extreme,0.15,2,True,0.06737518310546875,0.0023954659700393677,False,0.057641029357910156,0.31705984473228455,0.1884567141532898,0.016146592795848846,2.928668975830078
pit_b_224,40,ILSVRC2012_val_00001753.JPEG,low_score_extreme,0.15,3,True,-0.2758646011352539,-0.08093796670436859,False,0.06730914115905762,0.2671199142932892,0.17859306931495667,0.22980359196662903,0.3054753541946411
pit_b_224,41,ILSVRC2012_val_00001925.JPEG,low_score_extreme,0.15,3,True,0.6500816345214844,0.1070512905716896,False,0.023346006870269775,0.14503373205661774,0.17037759721279144,0.0622725710272789,1.6411582231521606
pit_b_224,42,ILSVRC2012_val_00002002.JPEG,low_score_extreme,0.15,3,True,0.17372798919677734,0.02185335010290146,False,0.005757391452789307,0.1685941517353058,0.10744865238666534,0.05490107461810112,2.0595574378967285
pit_b_224,43,ILSVRC2012_val_00002073.JPEG,low_score_extreme,0.15,3,True,0.4435291290283203,0.0749502032995224,False,0.009578824043273926,0.1772475391626358,0.11078294366598129,0.02460012584924698,1.9386918544769287
pit_b_224,44,ILSVRC2012_val_00002159.JPEG,low_score_extreme,0.15,3,True,0.231414794921875,0.02477753907442093,False,0.008543014526367188,0.12956306338310242,0.11027626693248749,0.040925197303295135,0.6616928577423096
pit_b_224,45,ILSVRC2012_val_00002176.JPEG,low_score_extreme,0.15,3,True,0.7430057525634766,0.1456013172864914,False,0.01565498113632202,0.11866247653961182,0.14383207261562347,0.03523797169327736,0.7954676747322083
pit_b_224,46,ILSVRC2012_val_00002183.JPEG,low_score_extreme,0.15,3,True,-0.003960609436035156,0.0405765175819397,False,0.020150423049926758,0.17437215149402618,0.13430967926979065,0.36081522703170776,1.817494511604309
pit_b_224,47,ILSVRC2012_val_00002184.JPEG,low_score_extreme,0.15,3,True,0.06737518310546875,0.0023954659700393677,False,0.057641029357910156,0.31705984473228455,0.1884567141532898,0.016146592795848846,2.928668975830078
pit_b_224,40,ILSVRC2012_val_00001753.JPEG,random_uniform,0.15,0,True,0.5367307662963867,0.2725598216056824,False,0.06914883852005005,0.24348536133766174,0.15255577862262726,0.18467245995998383,1.364343285560608
pit_b_224,41,ILSVRC2012_val_00001925.JPEG,random_uniform,0.15,0,True,0.3252887725830078,0.04095342010259628,False,0.006518721580505371,0.11870687454938889,0.0842546746134758,0.029707442969083786,1.0054677724838257
pit_b_224,42,ILSVRC2012_val_00002002.JPEG,random_uniform,0.15,0,True,0.24133014678955078,0.031062953174114227,False,0.0035806894302368164,0.10983014851808548,0.09280148148536682,0.0399513877928257,2.35941219329834
pit_b_224,43,ILSVRC2012_val_00002073.JPEG,random_uniform,0.15,0,True,0.17988300323486328,0.027026042342185974,False,0.00798797607421875,0.1234188824892044,0.08054044842720032,0.025427773594856262,1.8718341588974
pit_b_224,44,ILSVRC2012_val_00002159.JPEG,random_uniform,0.15,0,True,0.17673587799072266,0.01723455637693405,False,0.010597288608551025,0.1261564940214157,0.09074145555496216,0.07269023358821869,0.3935113549232483
pit_b_224,45,ILSVRC2012_val_00002176.JPEG,random_uniform,0.15,0,True,0.07352256774902344,-0.012068390846252441,False,0.007818996906280518,0.09047036617994308,0.07073990255594254,0.0234714075922966,0.6990426778793335
pit_b_224,46,ILSVRC2012_val_00002183.JPEG,random_uniform,0.15,0,True,0.3551311492919922,0.11926877498626709,False,0.023733139038085938,0.15688402950763702,0.12761373817920685,0.3153543472290039,3.27960467338562
pit_b_224,47,ILSVRC2012_val_00002184.JPEG,random_uniform,0.15,0,True,0.05488777160644531,-0.013302981853485107,False,0.04987001419067383,0.18663707375526428,0.10681832581758499,0.011104993522167206,1.452449083328247
pit_b_224,40,ILSVRC2012_val_00001753.JPEG,random_uniform,0.15,1,True,0.1789531707763672,0.022140592336654663,False,0.05992919206619263,0.20676329731941223,0.14186030626296997,0.19713951647281647,0.7164323925971985
pit_b_224,41,ILSVRC2012_val_00001925.JPEG,random_uniform,0.15,1,True,0.3244514465332031,0.04042681306600571,False,0.006577491760253906,0.12548945844173431,0.09017135202884674,0.036078594624996185,0.9616088271141052
pit_b_224,42,ILSVRC2012_val_00002002.JPEG,random_uniform,0.15,1,True,0.10210609436035156,0.012171812355518341,False,0.0073577165603637695,0.14339886605739594,0.11041998118162155,0.03399423509836197,1.4747796058654785
pit_b_224,43,ILSVRC2012_val_00002073.JPEG,random_uniform,0.15,1,True,-0.21931934356689453,-0.026575475931167603,False,0.014847755432128906,0.18242354691028595,0.15185858309268951,0.018326744437217712,1.1842026710510254
pit_b_224,44,ILSVRC2012_val_00002159.JPEG,random_uniform,0.15,1,True,0.35721778869628906,0.041339851915836334,False,0.010600686073303223,0.13376496732234955,0.09227514266967773,0.033626582473516464,0.7281460762023926
pit_b_224,45,ILSVRC2012_val_00002176.JPEG,random_uniform,0.15,1,True,0.19287872314453125,0.02091945707798004,False,0.00710827112197876,0.095433309674263,0.0925314724445343,0.06828665733337402,0.6037691831588745
pit_b_224,46,ILSVRC2012_val_00002183.JPEG,random_uniform,0.15,1,True,-0.10112476348876953,-0.003140464425086975,False,0.016528308391571045,0.1410035640001297,0.0951700359582901,0.22827710211277008,1.1559582948684692
pit_b_224,47,ILSVRC2012_val_00002184.JPEG,random_uniform,0.15,1,True,-0.19370555877685547,-0.04824918508529663,False,0.05190598964691162,0.24750003218650818,0.1486775130033493,0.015810368582606316,1.5198121070861816
pit_b_224,40,ILSVRC2012_val_00001753.JPEG,random_uniform,0.15,2,True,0.05179786682128906,-0.014821961522102356,False,0.05587083101272583,0.2135293036699295,0.16732265055179596,0.27256977558135986,0.5538754463195801
pit_b_224,41,ILSVRC2012_val_00001925.JPEG,random_uniform,0.15,2,True,0.62371826171875,0.08912276476621628,False,0.008707165718078613,0.10111533105373383,0.1299607902765274,0.02851506695151329,1.7638907432556152
pit_b_224,42,ILSVRC2012_val_00002002.JPEG,random_uniform,0.15,2,True,-0.032608985900878906,-0.0038470029830932617,False,0.0022423267364501953,0.11428102850914001,0.08043172955513,0.06994791328907013,0.8825758695602417
pit_b_224,43,ILSVRC2012_val_00002073.JPEG,random_uniform,0.15,2,True,0.10748100280761719,0.015139982104301453,False,0.008212864398956299,0.13619673252105713,0.09223812073469162,0.024328242987394333,1.9308196306228638
pit_b_224,44,ILSVRC2012_val_00002159.JPEG,random_uniform,0.15,2,True,0.6393394470214844,0.084243543446064,False,0.02239084243774414,0.12329401820898056,0.09389141947031021,0.03132811561226845,1.2424302101135254
pit_b_224,45,ILSVRC2012_val_00002176.JPEG,random_uniform,0.15,2,True,0.4423847198486328,0.07989786565303802,False,0.012048840522766113,0.10205278545618057,0.10393045842647552,0.03037681058049202,0.8190985321998596
pit_b_224,46,ILSVRC2012_val_00002183.JPEG,random_uniform,0.15,2,True,0.548344612121582,0.09604565799236298,False,0.01183938980102539,0.1276702731847763,0.08030517399311066,0.30190566182136536,1.4899163246154785
pit_b_224,47,ILSVRC2012_val_00002184.JPEG,random_uniform,0.15,2,True,-0.3566560745239258,-0.06828083842992783,False,0.05032205581665039,0.24663573503494263,0.15291258692741394,0.017553970217704773,0.8092037439346313
pit_b_224,40,ILSVRC2012_val_00001753.JPEG,random_uniform,0.15,3,True,0.03251838684082031,-0.0567774623632431,False,0.0641089677810669,0.2152973711490631,0.15158326923847198,0.20787456631660461,0.23675575852394104
pit_b_224,41,ILSVRC2012_val_00001925.JPEG,random_uniform,0.15,3,True,0.5202064514160156,0.07240030914545059,False,0.006479382514953613,0.08645787090063095,0.09161263704299927,0.0173984095454216,1.8874255418777466
pit_b_224,42,ILSVRC2012_val_00002002.JPEG,random_uniform,0.15,3,True,0.24125003814697266,0.030827440321445465,False,0.0072247982025146484,0.146002858877182,0.11467381566762924,0.04211078956723213,1.7315657138824463
pit_b_224,43,ILSVRC2012_val_00002073.JPEG,random_uniform,0.15,3,True,-0.13275909423828125,-0.017447829246520996,False,0.0070449113845825195,0.11536520719528198,0.08901580423116684,0.021367978304624557,1.3531121015548706
pit_b_224,44,ILSVRC2012_val_00002159.JPEG,random_uniform,0.15,3,True,0.21181106567382812,0.022574476897716522,False,0.013552606105804443,0.12244648486375809,0.0948609784245491,0.0912354439496994,0.7519218921661377
pit_b_224,45,ILSVRC2012_val_00002176.JPEG,random_uniform,0.15,3,True,0.6348972320556641,0.11935026943683624,False,0.012547433376312256,0.0995149090886116,0.1440218687057495,0.07958871871232986,0.48003560304641724
pit_b_224,46,ILSVRC2012_val_00002183.JPEG,random_uniform,0.15,3,True,1.1514301300048828,0.6679368019104004,False,0.03167998790740967,0.12164038419723511,0.08419818431138992,0.35663002729415894,11.694925308227539
pit_b_224,47,ILSVRC2012_val_00002184.JPEG,random_uniform,0.15,3,True,-0.36236572265625,-0.06902122497558594,False,0.05007290840148926,0.21588703989982605,0.1542080044746399,0.02467508800327778,0.7657180428504944
pit_b_224,40,ILSVRC2012_val_00001753.JPEG,score_deviation_extreme,0.15,0,True,0.4595756530761719,0.023042529821395874,False,0.046911001205444336,0.08369698375463486,0.07874889671802521,0.28893572092056274,0.370234876871109
pit_b_224,41,ILSVRC2012_val_00001925.JPEG,score_deviation_extreme,0.15,0,True,0.6393947601318359,0.09376487880945206,False,0.010824382305145264,0.06201109662652016,0.12683774530887604,0.06530164182186127,0.5818831324577332
pit_b_224,42,ILSVRC2012_val_00002002.JPEG,score_deviation_extreme,0.15,0,True,-0.014431953430175781,-0.0015985220670700073,False,0.0011698603630065918,0.05277111008763313,0.04914892092347145,0.06637489795684814,0.8513258099555969
pit_b_224,43,ILSVRC2012_val_00002073.JPEG,score_deviation_extreme,0.15,0,True,-0.14033985137939453,-0.018360093235969543,False,0.0037975311279296875,0.07094483077526093,0.06869872659444809,0.018725519999861717,0.9483270645141602
pit_b_224,44,ILSVRC2012_val_00002159.JPEG,score_deviation_extreme,0.15,0,True,0.19420337677001953,0.019563190639019012,False,0.00525510311126709,0.05495132505893707,0.04791412502527237,0.11752507090568542,0.4545818567276001
pit_b_224,45,ILSVRC2012_val_00002176.JPEG,score_deviation_extreme,0.15,0,True,0.3426246643066406,0.05008266866207123,False,0.0074007511138916016,0.0498763807117939,0.060234397649765015,0.02096782624721527,1.6214823722839355
pit_b_224,46,ILSVRC2012_val_00002183.JPEG,score_deviation_extreme,0.15,0,True,0.5199470520019531,0.09708377718925476,False,0.014487683773040771,0.05057838186621666,0.04065093398094177,0.22494763135910034,2.307659864425659
pit_b_224,47,ILSVRC2012_val_00002184.JPEG,score_deviation_extreme,0.15,0,True,-0.40355491638183594,-0.07255523651838303,False,0.0568082332611084,0.2719600796699524,0.18018397688865662,0.012487436644732952,1.4729007482528687
pit_b_224,40,ILSVRC2012_val_00001753.JPEG,score_deviation_extreme,0.15,1,True,0.4595756530761719,0.023042529821395874,False,0.046911001205444336,0.08369698375463486,0.07874889671802521,0.28893572092056274,0.370234876871109
pit_b_224,41,ILSVRC2012_val_00001925.JPEG,score_deviation_extreme,0.15,1,True,0.6393947601318359,0.09376487880945206,False,0.010824382305145264,0.06201109662652016,0.12683774530887604,0.06530164182186127,0.5818831324577332
pit_b_224,42,ILSVRC2012_val_00002002.JPEG,score_deviation_extreme,0.15,1,True,-0.014431953430175781,-0.0015985220670700073,False,0.0011698603630065918,0.05277111008763313,0.04914892092347145,0.06637489795684814,0.8513258099555969
pit_b_224,43,ILSVRC2012_val_00002073.JPEG,score_deviation_extreme,0.15,1,True,-0.14033985137939453,-0.018360093235969543,False,0.0037975311279296875,0.07094483077526093,0.06869872659444809,0.01872551441192627,0.9483270645141602
pit_b_224,44,ILSVRC2012_val_00002159.JPEG,score_deviation_extreme,0.15,1,True,0.19420337677001953,0.019563190639019012,False,0.00525510311126709,0.05495132505893707,0.04791412502527237,0.11752507090568542,0.4545818567276001
pit_b_224,45,ILSVRC2012_val_00002176.JPEG,score_deviation_extreme,0.15,1,True,0.3426246643066406,0.05008266866207123,False,0.0074007511138916016,0.0498763807117939,0.060234397649765015,0.02096782624721527,1.6214823722839355
pit_b_224,46,ILSVRC2012_val_00002183.JPEG,score_deviation_extreme,0.15,1,True,0.5199470520019531,0.09708377718925476,False,0.014487683773040771,0.05057838186621666,0.04065093398094177,0.22494761645793915,2.3076601028442383
pit_b_224,47,ILSVRC2012_val_00002184.JPEG,score_deviation_extreme,0.15,1,True,-0.40355491638183594,-0.07255523651838303,False,0.0568082332611084,0.2719600796699524,0.18018397688865662,0.012487435713410378,1.4729007482528687
pit_b_224,40,ILSVRC2012_val_00001753.JPEG,score_deviation_extreme,0.15,2,True,0.4595756530761719,0.023042529821395874,False,0.046911001205444336,0.08369698375463486,0.07874889671802521,0.28893572092056274,0.370234876871109
pit_b_224,41,ILSVRC2012_val_00001925.JPEG,score_deviation_extreme,0.15,2,True,0.6393947601318359,0.09376487880945206,False,0.010824382305145264,0.06201109662652016,0.12683774530887604,0.06530164182186127,0.5818831324577332
pit_b_224,42,ILSVRC2012_val_00002002.JPEG,score_deviation_extreme,0.15,2,True,-0.014431953430175781,-0.0015985220670700073,False,0.0011698603630065918,0.05277111008763313,0.04914892092347145,0.06637489795684814,0.8513258099555969
pit_b_224,43,ILSVRC2012_val_00002073.JPEG,score_deviation_extreme,0.15,2,True,-0.14033985137939453,-0.018360093235969543,False,0.0037975311279296875,0.07094483077526093,0.06869872659444809,0.018725521862506866,0.9483270645141602
pit_b_224,44,ILSVRC2012_val_00002159.JPEG,score_deviation_extreme,0.15,2,True,0.19420337677001953,0.019563190639019012,False,0.00525510311126709,0.05495132505893707,0.04791412502527237,0.11752507090568542,0.4545818567276001
pit_b_224,45,ILSVRC2012_val_00002176.JPEG,score_deviation_extreme,0.15,2,True,0.3426246643066406,0.05008266866207123,False,0.0074007511138916016,0.0498763807117939,0.060234397649765015,0.02096782624721527,1.6214823722839355
pit_b_224,46,ILSVRC2012_val_00002183.JPEG,score_deviation_extreme,0.15,2,True,0.5199470520019531,0.09708377718925476,False,0.014487683773040771,0.05057838186621666,0.04065093398094177,0.22494761645793915,2.3076601028442383
pit_b_224,47,ILSVRC2012_val_00002184.JPEG,score_deviation_extreme,0.15,2,True,-0.40355491638183594,-0.07255523651838303,False,0.0568082332611084,0.2719600796699524,0.18018397688865662,0.012487437576055527,1.4729007482528687
pit_b_224,40,ILSVRC2012_val_00001753.JPEG,score_deviation_extreme,0.15,3,True,0.4595756530761719,0.023042529821395874,False,0.046911001205444336,0.08369698375463486,0.07874889671802521,0.28893572092056274,0.370234876871109
pit_b_224,41,ILSVRC2012_val_00001925.JPEG,score_deviation_extreme,0.15,3,True,0.6393947601318359,0.09376487880945206,False,0.010824382305145264,0.06201109662652016,0.12683774530887604,0.06530164182186127,0.5818831324577332
pit_b_224,42,ILSVRC2012_val_00002002.JPEG,score_deviation_extreme,0.15,3,True,-0.014431953430175781,-0.0015985220670700073,False,0.0011698603630065918,0.05277111008763313,0.04914892092347145,0.06637489795684814,0.8513258099555969
pit_b_224,43,ILSVRC2012_val_00002073.JPEG,score_deviation_extreme,0.15,3,True,-0.14033985137939453,-0.018360093235969543,False,0.0037975311279296875,0.07094483077526093,0.06869872659444809,0.018725519999861717,0.9483270645141602
pit_b_224,44,ILSVRC2012_val_00002159.JPEG,score_deviation_extreme,0.15,3,True,0.19420337677001953,0.019563190639019012,False,0.00525510311126709,0.05495132505893707,0.04791412502527237,0.11752507090568542,0.4545818567276001
pit_b_224,45,ILSVRC2012_val_00002176.JPEG,score_deviation_extreme,0.15,3,True,0.3426246643066406,0.05008266866207123,False,0.0074007511138916016,0.0498763807117939,0.060234397649765015,0.02096782624721527,1.6214823722839355
pit_b_224,46,ILSVRC2012_val_00002183.JPEG,score_deviation_extreme,0.15,3,True,0.5199470520019531,0.09708377718925476,False,0.014487683773040771,0.05057838186621666,0.04065093398094177,0.22494761645793915,2.3076601028442383
pit_b_224,47,ILSVRC2012_val_00002184.JPEG,score_deviation_extreme,0.15,3,True,-0.40355491638183594,-0.07255523651838303,False,0.0568082332611084,0.2719600796699524,0.18018397688865662,0.012487435713410378,1.4729007482528687
pit_b_224,48,ILSVRC2012_val_00002311.JPEG,high_score_extreme,0.15,0,True,0.07487773895263672,0.008618682622909546,False,0.0023374557495117188,0.12572850286960602,0.08838701993227005,0.05688723176717758,3.4883577823638916
pit_b_224,49,ILSVRC2012_val_00002347.JPEG,high_score_extreme,0.15,0,True,0.3167276382446289,0.03755473345518112,False,0.007634937763214111,0.05049903318285942,0.03685839846730232,0.10829196125268936,1.4900550842285156
pit_b_224,50,ILSVRC2012_val_00002464.JPEG,high_score_extreme,0.15,0,True,0.5618915557861328,0.21014338731765747,False,0.017709732055664062,0.10750868916511536,0.1279267966747284,0.1660839021205902,7.204151153564453
pit_b_224,51,ILSVRC2012_val_00002533.JPEG,high_score_extreme,0.15,0,True,0.06586265563964844,0.009931445121765137,False,0.00408703088760376,0.07057654112577438,0.07436595857143402,0.2501634359359741,1.9650826454162598
pit_b_224,52,ILSVRC2012_val_00002583.JPEG,high_score_extreme,0.15,0,True,0.20479679107666016,0.02391805499792099,False,0.003950238227844238,0.06635316461324692,0.057163115590810776,-0.006787172053009272,9.31576156616211
pit_b_224,53,ILSVRC2012_val_00002614.JPEG,high_score_extreme,0.15,0,True,0.01839923858642578,0.008001208305358887,False,0.024921417236328125,0.1203639879822731,0.0620911605656147,0.044509679079055786,2.232854127883911
pit_b_224,54,ILSVRC2012_val_00002716.JPEG,high_score_extreme,0.15,0,True,0.11370372772216797,0.0183393657207489,False,0.02326732873916626,0.1531204879283905,0.1073024794459343,0.15997633337974548,1.040891170501709
pit_b_224,55,ILSVRC2012_val_00002733.JPEG,high_score_extreme,0.15,0,True,0.08700275421142578,0.009024262428283691,False,0.008544504642486572,0.030467435717582703,0.03840821236371994,0.030742425471544266,0.49108201265335083
pit_b_224,48,ILSVRC2012_val_00002311.JPEG,high_score_extreme,0.15,1,True,0.07487773895263672,0.008618682622909546,False,0.0023374557495117188,0.12572850286960602,0.08838701993227005,0.05688723176717758,3.4883577823638916
pit_b_224,49,ILSVRC2012_val_00002347.JPEG,high_score_extreme,0.15,1,True,0.3167276382446289,0.03755473345518112,False,0.007634937763214111,0.05049903318285942,0.03685839846730232,0.10829196125268936,1.4900550842285156
pit_b_224,50,ILSVRC2012_val_00002464.JPEG,high_score_extreme,0.15,1,True,0.5618915557861328,0.21014338731765747,False,0.017709732055664062,0.10750868916511536,0.1279267966747284,0.1660839170217514,7.204150199890137
pit_b_224,51,ILSVRC2012_val_00002533.JPEG,high_score_extreme,0.15,1,True,0.06586265563964844,0.009931445121765137,False,0.00408703088760376,0.07057654112577438,0.07436595857143402,0.2501634359359741,1.9650826454162598
pit_b_224,52,ILSVRC2012_val_00002583.JPEG,high_score_extreme,0.15,1,True,0.20479679107666016,0.02391805499792099,False,0.003950238227844238,0.06635316461324692,0.057163115590810776,-0.006787171587347984,9.31576156616211
pit_b_224,53,ILSVRC2012_val_00002614.JPEG,high_score_extreme,0.15,1,True,0.01839923858642578,0.008001208305358887,False,0.024921417236328125,0.1203639879822731,0.0620911605656147,0.044509682804346085,2.232854127883911
pit_b_224,54,ILSVRC2012_val_00002716.JPEG,high_score_extreme,0.15,1,True,0.11370372772216797,0.0183393657207489,False,0.02326732873916626,0.1531204879283905,0.1073024794459343,0.15997633337974548,1.040891170501709
pit_b_224,55,ILSVRC2012_val_00002733.JPEG,high_score_extreme,0.15,1,True,0.08700275421142578,0.009024262428283691,False,0.008544504642486572,0.030467435717582703,0.03840821236371994,0.030742427334189415,0.49108201265335083
pit_b_224,48,ILSVRC2012_val_00002311.JPEG,high_score_extreme,0.15,2,True,0.07487773895263672,0.008618682622909546,False,0.0023374557495117188,0.12572850286960602,0.08838701993227005,0.05688722804188728,3.4883577823638916
pit_b_224,49,ILSVRC2012_val_00002347.JPEG,high_score_extreme,0.15,2,True,0.3167276382446289,0.03755473345518112,False,0.007634937763214111,0.05049903318285942,0.03685839846730232,0.10829196125268936,1.4900550842285156
pit_b_224,50,ILSVRC2012_val_00002464.JPEG,high_score_extreme,0.15,2,True,0.5618915557861328,0.21014338731765747,False,0.017709732055664062,0.10750868916511536,0.1279267966747284,0.1660839021205902,7.204151153564453
pit_b_224,51,ILSVRC2012_val_00002533.JPEG,high_score_extreme,0.15,2,True,0.06586265563964844,0.009931445121765137,False,0.00408703088760376,0.07057654112577438,0.07436595857143402,0.2501634359359741,1.9650826454162598
pit_b_224,52,ILSVRC2012_val_00002583.JPEG,high_score_extreme,0.15,2,True,0.20479679107666016,0.02391805499792099,False,0.003950238227844238,0.06635316461324692,0.057163115590810776,-0.006787171587347984,9.31576156616211
pit_b_224,53,ILSVRC2012_val_00002614.JPEG,high_score_extreme,0.15,2,True,0.01839923858642578,0.008001208305358887,False,0.024921417236328125,0.1203639879822731,0.0620911605656147,0.044509679079055786,2.232854127883911
pit_b_224,54,ILSVRC2012_val_00002716.JPEG,high_score_extreme,0.15,2,True,0.11370372772216797,0.0183393657207489,False,0.02326732873916626,0.1531204879283905,0.1073024794459343,0.15997634828090668,1.040891170501709
pit_b_224,55,ILSVRC2012_val_00002733.JPEG,high_score_extreme,0.15,2,True,0.08700275421142578,0.009024262428283691,False,0.008544504642486572,0.030467435717582703,0.03840821236371994,0.030742429196834564,0.49108198285102844
pit_b_224,48,ILSVRC2012_val_00002311.JPEG,high_score_extreme,0.15,3,True,0.07487773895263672,0.008618682622909546,False,0.0023374557495117188,0.12572850286960602,0.08838701993227005,0.05688723176717758,3.4883577823638916
pit_b_224,49,ILSVRC2012_val_00002347.JPEG,high_score_extreme,0.15,3,True,0.3167276382446289,0.03755473345518112,False,0.007634937763214111,0.05049903318285942,0.03685839846730232,0.10829196870326996,1.4900550842285156
pit_b_224,50,ILSVRC2012_val_00002464.JPEG,high_score_extreme,0.15,3,True,0.5618915557861328,0.21014338731765747,False,0.017709732055664062,0.10750868916511536,0.1279267966747284,0.1660839170217514,7.204150199890137
pit_b_224,51,ILSVRC2012_val_00002533.JPEG,high_score_extreme,0.15,3,True,0.06586265563964844,0.009931445121765137,False,0.00408703088760376,0.07057654112577438,0.07436595857143402,0.2501634359359741,1.9650826454162598
pit_b_224,52,ILSVRC2012_val_00002583.JPEG,high_score_extreme,0.15,3,True,0.20479679107666016,0.02391805499792099,False,0.003950238227844238,0.06635316461324692,0.057163115590810776,-0.006787169724702835,9.31576156616211
pit_b_224,53,ILSVRC2012_val_00002614.JPEG,high_score_extreme,0.15,3,True,0.01839923858642578,0.008001208305358887,False,0.024921417236328125,0.1203639879822731,0.0620911605656147,0.044509679079055786,2.232854127883911
pit_b_224,54,ILSVRC2012_val_00002716.JPEG,high_score_extreme,0.15,3,True,0.11370372772216797,0.0183393657207489,False,0.02326732873916626,0.1531204879283905,0.1073024794459343,0.15997633337974548,1.040891170501709
pit_b_224,55,ILSVRC2012_val_00002733.JPEG,high_score_extreme,0.15,3,True,0.08700275421142578,0.009024262428283691,False,0.008544504642486572,0.030467435717582703,0.03840821236371994,0.030742427334189415,0.49108201265335083
pit_b_224,48,ILSVRC2012_val_00002311.JPEG,low_score_extreme,0.15,0,True,0.062439918518066406,0.007150366902351379,False,0.009953141212463379,0.14081105589866638,0.08336538076400757,0.021339477971196175,2.7952985763549805
pit_b_224,49,ILSVRC2012_val_00002347.JPEG,low_score_extreme,0.15,0,True,0.4795503616333008,0.06023024767637253,False,0.009857654571533203,0.09209199994802475,0.10644369572401047,0.08590283989906311,3.3658435344696045
pit_b_224,50,ILSVRC2012_val_00002464.JPEG,low_score_extreme,0.15,0,True,0.40645313262939453,0.10411068797111511,False,0.00953984260559082,0.12113629281520844,0.09308065474033356,0.19544608891010284,4.25825834274292
pit_b_224,51,ILSVRC2012_val_00002533.JPEG,low_score_extreme,0.15,0,True,0.46924591064453125,0.10061332583427429,False,0.019128024578094482,0.18296119570732117,0.15446817874908447,0.17710229754447937,2.471064805984497
pit_b_224,52,ILSVRC2012_val_00002583.JPEG,low_score_extreme,0.15,0,True,0.2079782485961914,0.024802692234516144,False,0.01346886157989502,0.11464811861515045,0.09876207262277603,0.03655146807432175,8.822751998901367
pit_b_224,53,ILSVRC2012_val_00002614.JPEG,low_score_extreme,0.15,0,True,-0.14964962005615234,-0.016498327255249023,False,0.018620312213897705,0.1238681897521019,0.0793466567993164,0.10885156691074371,1.1005396842956543
pit_b_224,54,ILSVRC2012_val_00002716.JPEG,low_score_extreme,0.15,0,True,0.23181724548339844,0.04452311992645264,False,0.018488585948944092,0.12566109001636505,0.09242623299360275,0.18953269720077515,1.2690503597259521
pit_b_224,55,ILSVRC2012_val_00002733.JPEG,low_score_extreme,0.15,0,True,0.3808403015136719,0.04773556441068649,False,0.011704623699188232,0.12860411405563354,0.12480395287275314,0.007374805398285389,0.9092927575111389
pit_b_224,48,ILSVRC2012_val_00002311.JPEG,low_score_extreme,0.15,1,True,0.062439918518066406,0.007150366902351379,False,0.009953141212463379,0.14081105589866638,0.08336538076400757,0.021339477971196175,2.7952985763549805
pit_b_224,49,ILSVRC2012_val_00002347.JPEG,low_score_extreme,0.15,1,True,0.4795503616333008,0.06023024767637253,False,0.009857654571533203,0.09209199994802475,0.10644369572401047,0.08590283989906311,3.3658435344696045
pit_b_224,50,ILSVRC2012_val_00002464.JPEG,low_score_extreme,0.15,1,True,0.40645313262939453,0.10411068797111511,False,0.00953984260559082,0.12113629281520844,0.09308065474033356,0.19544608891010284,4.25825834274292
pit_b_224,51,ILSVRC2012_val_00002533.JPEG,low_score_extreme,0.15,1,True,0.46924591064453125,0.10061332583427429,False,0.019128024578094482,0.18296119570732117,0.15446817874908447,0.17710229754447937,2.471064805984497
pit_b_224,52,ILSVRC2012_val_00002583.JPEG,low_score_extreme,0.15,1,True,0.2079782485961914,0.024802692234516144,False,0.01346886157989502,0.11464811861515045,0.09876207262277603,0.03655146062374115,8.822752952575684
pit_b_224,53,ILSVRC2012_val_00002614.JPEG,low_score_extreme,0.15,1,True,-0.14964962005615234,-0.016498327255249023,False,0.018620312213897705,0.1238681897521019,0.0793466567993164,0.10885156691074371,1.1005396842956543
pit_b_224,54,ILSVRC2012_val_00002716.JPEG,low_score_extreme,0.15,1,True,0.23181724548339844,0.04452311992645264,False,0.018488585948944092,0.12566109001636505,0.09242623299360275,0.18953269720077515,1.2690503597259521
pit_b_224,55,ILSVRC2012_val_00002733.JPEG,low_score_extreme,0.15,1,True,0.3808403015136719,0.04773556441068649,False,0.011704623699188232,0.12860411405563354,0.12480395287275314,0.007374807260930538,0.9092927575111389
pit_b_224,48,ILSVRC2012_val_00002311.JPEG,low_score_extreme,0.15,2,True,0.062439918518066406,0.007150366902351379,False,0.009953141212463379,0.14081105589866638,0.08336538076400757,0.021339479833841324,2.7952985763549805
pit_b_224,49,ILSVRC2012_val_00002347.JPEG,low_score_extreme,0.15,2,True,0.4795503616333008,0.06023024767637253,False,0.009857654571533203,0.09209199994802475,0.10644369572401047,0.08590283989906311,3.3658435344696045
pit_b_224,50,ILSVRC2012_val_00002464.JPEG,low_score_extreme,0.15,2,True,0.40645313262939453,0.10411068797111511,False,0.00953984260559082,0.12113629281520844,0.09308065474033356,0.19544608891010284,4.25825834274292
pit_b_224,51,ILSVRC2012_val_00002533.JPEG,low_score_extreme,0.15,2,True,0.46924591064453125,0.10061332583427429,False,0.019128024578094482,0.18296119570732117,0.15446817874908447,0.17710229754447937,2.471064805984497
pit_b_224,52,ILSVRC2012_val_00002583.JPEG,low_score_extreme,0.15,2,True,0.2079782485961914,0.024802692234516144,False,0.01346886157989502,0.11464811861515045,0.09876207262277603,0.03655146807432175,8.822751998901367
pit_b_224,53,ILSVRC2012_val_00002614.JPEG,low_score_extreme,0.15,2,True,-0.14964962005615234,-0.016498327255249023,False,0.018620312213897705,0.1238681897521019,0.0793466567993164,0.10885156691074371,1.1005396842956543
pit_b_224,54,ILSVRC2012_val_00002716.JPEG,low_score_extreme,0.15,2,True,0.23181724548339844,0.04452311992645264,False,0.018488585948944092,0.12566109001636505,0.09242623299360275,0.18953269720077515,1.2690503597259521
pit_b_224,55,ILSVRC2012_val_00002733.JPEG,low_score_extreme,0.15,2,True,0.3808403015136719,0.04773556441068649,False,0.011704623699188232,0.12860411405563354,0.12480395287275314,0.007374807260930538,0.9092926383018494
pit_b_224,48,ILSVRC2012_val_00002311.JPEG,low_score_extreme,0.15,3,True,0.062439918518066406,0.007150366902351379,False,0.009953141212463379,0.14081105589866638,0.08336538076400757,0.021339477971196175,2.7952985763549805
pit_b_224,49,ILSVRC2012_val_00002347.JPEG,low_score_extreme,0.15,3,True,0.4795503616333008,0.06023024767637253,False,0.009857654571533203,0.09209199994802475,0.10644369572401047,0.08590283989906311,3.3658435344696045
pit_b_224,50,ILSVRC2012_val_00002464.JPEG,low_score_extreme,0.15,3,True,0.40645313262939453,0.10411068797111511,False,0.00953984260559082,0.12113629281520844,0.09308065474033356,0.19544608891010284,4.25825834274292
pit_b_224,51,ILSVRC2012_val_00002533.JPEG,low_score_extreme,0.15,3,True,0.46924591064453125,0.10061332583427429,False,0.019128024578094482,0.18296119570732117,0.15446817874908447,0.17710229754447937,2.471064805984497
pit_b_224,52,ILSVRC2012_val_00002583.JPEG,low_score_extreme,0.15,3,True,0.2079782485961914,0.024802692234516144,False,0.01346886157989502,0.11464811861515045,0.09876207262277603,0.03655146807432175,8.822751998901367
pit_b_224,53,ILSVRC2012_val_00002614.JPEG,low_score_extreme,0.15,3,True,-0.14964962005615234,-0.016498327255249023,False,0.018620312213897705,0.1238681897521019,0.0793466567993164,0.10885156691074371,1.1005396842956543
pit_b_224,54,ILSVRC2012_val_00002716.JPEG,low_score_extreme,0.15,3,True,0.23181724548339844,0.04452311992645264,False,0.018488585948944092,0.12566109001636505,0.09242623299360275,0.18953272700309753,1.2690503597259521
pit_b_224,55,ILSVRC2012_val_00002733.JPEG,low_score_extreme,0.15,3,True,0.3808403015136719,0.04773556441068649,False,0.011704623699188232,0.12860411405563354,0.12480395287275314,0.007374807260930538,0.9092926383018494
pit_b_224,48,ILSVRC2012_val_00002311.JPEG,random_uniform,0.15,0,True,0.10602283477783203,0.01236717402935028,False,0.006003916263580322,0.15022574365139008,0.08754246681928635,0.03420966863632202,3.2625136375427246
pit_b_224,49,ILSVRC2012_val_00002347.JPEG,random_uniform,0.15,0,True,0.3153228759765625,0.036517687141895294,False,0.01046299934387207,0.09553241729736328,0.09094861894845963,0.054420143365859985,2.0826897621154785
pit_b_224,50,ILSVRC2012_val_00002464.JPEG,random_uniform,0.15,0,True,0.541295051574707,0.25214868783950806,False,0.017649471759796143,0.09088419377803802,0.07315801829099655,0.13417088985443115,8.543623924255371
pit_b_224,51,ILSVRC2012_val_00002533.JPEG,random_uniform,0.15,0,True,0.09894180297851562,0.01831534504890442,False,0.010122299194335938,0.13051559031009674,0.1232685074210167,0.37015610933303833,1.074425458908081
pit_b_224,52,ILSVRC2012_val_00002583.JPEG,random_uniform,0.15,0,True,0.19836997985839844,0.02317173033952713,False,0.015150368213653564,0.11626753956079483,0.08295640349388123,0.01679234206676483,8.31234073638916
pit_b_224,53,ILSVRC2012_val_00002614.JPEG,random_uniform,0.15,0,True,-0.06252574920654297,-0.006826609373092651,False,0.009863078594207764,0.11600693315267563,0.07457951456308365,0.10626088827848434,1.1033436059951782
pit_b_224,54,ILSVRC2012_val_00002716.JPEG,random_uniform,0.15,0,True,0.4340353012084961,0.05755758285522461,False,0.0337907075881958,0.13878533244132996,0.09160226583480835,0.09576477855443954,1.4859614372253418
pit_b_224,55,ILSVRC2012_val_00002733.JPEG,random_uniform,0.15,0,True,-0.3062448501586914,-0.0252741277217865,False,0.03407245874404907,0.21121254563331604,0.15790672600269318,0.022252926602959633,0.45026710629463196
pit_b_224,48,ILSVRC2012_val_00002311.JPEG,random_uniform,0.15,1,True,0.20248031616210938,0.02645750343799591,False,0.004980623722076416,0.13297460973262787,0.0823449194431305,0.02199563942849636,4.51411771774292
pit_b_224,49,ILSVRC2012_val_00002347.JPEG,random_uniform,0.15,1,True,0.2703390121459961,0.03259593993425369,False,0.008759260177612305,0.10141744464635849,0.07597746700048447,0.08320067822933197,1.6729718446731567
pit_b_224,50,ILSVRC2012_val_00002464.JPEG,random_uniform,0.15,1,True,0.4685516357421875,0.1657068133354187,False,0.01498180627822876,0.15374745428562164,0.11729762703180313,0.1865050196647644,5.151954174041748
pit_b_224,51,ILSVRC2012_val_00002533.JPEG,random_uniform,0.15,1,True,-0.0807952880859375,-0.015744850039482117,False,0.008018076419830322,0.12410365045070648,0.11715751141309738,0.2644026279449463,1.2115421295166016
pit_b_224,52,ILSVRC2012_val_00002583.JPEG,random_uniform,0.15,1,True,0.1541728973388672,0.017285428941249847,False,0.00781559944152832,0.0709436908364296,0.07317707687616348,0.03961905837059021,8.150513648986816
pit_b_224,53,ILSVRC2012_val_00002614.JPEG,random_uniform,0.15,1,True,-0.041548728942871094,-0.003343924880027771,False,0.013582110404968262,0.1274951845407486,0.08988384157419205,0.07720264047384262,1.032094955444336
pit_b_224,54,ILSVRC2012_val_00002716.JPEG,random_uniform,0.15,1,True,0.05243492126464844,-0.0029602497816085815,False,0.018681645393371582,0.11378897726535797,0.07811696827411652,0.1935061812400818,0.6961798071861267
pit_b_224,55,ILSVRC2012_val_00002733.JPEG,random_uniform,0.15,1,True,-0.13640880584716797,-0.004064209759235382,False,0.054078102111816406,0.17678463459014893,0.13462969660758972,0.009150799363851547,0.6119548678398132
pit_b_224,48,ILSVRC2012_val_00002311.JPEG,random_uniform,0.15,2,True,0.32416439056396484,0.04515331983566284,False,0.005879998207092285,0.12803344428539276,0.08577623963356018,-0.022313576191663742,8.735684394836426
pit_b_224,49,ILSVRC2012_val_00002347.JPEG,random_uniform,0.15,2,True,0.278900146484375,0.03321707993745804,False,0.008223354816436768,0.1017332375049591,0.08626069128513336,0.11751177906990051,1.615626573562622
pit_b_224,50,ILSVRC2012_val_00002464.JPEG,random_uniform,0.15,2,True,0.49632835388183594,0.2033037543296814,False,0.015092313289642334,0.08429859578609467,0.08651673048734665,0.308854341506958,4.142309665679932
pit_b_224,51,ILSVRC2012_val_00002533.JPEG,random_uniform,0.15,2,True,0.0046482086181640625,0.0021542012691497803,False,0.008838534355163574,0.13126958906650543,0.11722949892282486,0.3836005926132202,0.9583925604820251
pit_b_224,52,ILSVRC2012_val_00002583.JPEG,random_uniform,0.15,2,True,0.2830791473388672,0.0340699777007103,False,0.007297039031982422,0.09856649488210678,0.10628336668014526,0.031014559790492058,9.331007957458496
pit_b_224,53,ILSVRC2012_val_00002614.JPEG,random_uniform,0.15,2,True,0.0415191650390625,0.010251566767692566,False,0.018203258514404297,0.1463744044303894,0.09040124714374542,0.10777164995670319,1.351638913154602
pit_b_224,54,ILSVRC2012_val_00002716.JPEG,random_uniform,0.15,2,True,0.2080535888671875,0.028858348727226257,False,0.026456475257873535,0.1392306238412857,0.10541663318872452,0.15190242230892181,1.4441065788269043
pit_b_224,55,ILSVRC2012_val_00002733.JPEG,random_uniform,0.15,2,True,-0.10675334930419922,-0.009481564164161682,False,0.021839141845703125,0.17835351824760437,0.18095830082893372,0.020232535898685455,0.5203298926353455
pit_b_224,48,ILSVRC2012_val_00002311.JPEG,random_uniform,0.15,3,True,0.20094013214111328,0.02594144642353058,False,0.005296468734741211,0.183174729347229,0.1022372618317604,0.021374180912971497,3.1969587802886963
pit_b_224,49,ILSVRC2012_val_00002347.JPEG,random_uniform,0.15,3,True,0.7943658828735352,0.1160501167178154,False,0.016551077365875244,0.11406157165765762,0.14716187119483948,0.10979089140892029,2.527843952178955
pit_b_224,50,ILSVRC2012_val_00002464.JPEG,random_uniform,0.15,3,True,0.3440980911254883,0.19297298789024353,False,0.02207469940185547,0.15461190044879913,0.12472724914550781,0.3018236756324768,4.595396041870117
pit_b_224,51,ILSVRC2012_val_00002533.JPEG,random_uniform,0.15,3,True,0.22882938385009766,0.048190370202064514,False,0.010367512702941895,0.12796036899089813,0.11600225418806076,0.19872191548347473,1.7031466960906982
pit_b_224,52,ILSVRC2012_val_00002583.JPEG,random_uniform,0.15,3,True,0.08212947845458984,0.009636841714382172,False,0.013325214385986328,0.08783622086048126,0.06387463957071304,0.03720710799098015,5.247952938079834
pit_b_224,53,ILSVRC2012_val_00002614.JPEG,random_uniform,0.15,3,True,0.08332538604736328,0.0123177170753479,False,0.01857757568359375,0.13487985730171204,0.10167523473501205,0.08249437808990479,1.4531776905059814
pit_b_224,54,ILSVRC2012_val_00002716.JPEG,random_uniform,0.15,3,True,0.10607242584228516,-0.006996721029281616,False,0.03447389602661133,0.156667098402977,0.09916014224290848,0.08341676741838455,0.8789494037628174
pit_b_224,55,ILSVRC2012_val_00002733.JPEG,random_uniform,0.15,3,True,0.009309768676757812,0.0016511902213096619,False,0.0178983211517334,0.14607825875282288,0.1282966285943985,0.008657771162688732,0.9715560674667358
pit_b_224,48,ILSVRC2012_val_00002311.JPEG,score_deviation_extreme,0.15,0,True,0.23395252227783203,0.03090280294418335,False,0.0035250186920166016,0.12256544828414917,0.07932813465595245,0.04805447533726692,5.881906032562256
pit_b_224,49,ILSVRC2012_val_00002347.JPEG,score_deviation_extreme,0.15,0,True,0.25603675842285156,0.02831505984067917,False,0.006590366363525391,0.036823857575654984,0.03906354308128357,0.08121426403522491,1.9107942581176758
pit_b_224,50,ILSVRC2012_val_00002464.JPEG,score_deviation_extreme,0.15,0,True,0.6806230545043945,0.11786416172981262,False,0.007568180561065674,0.07831064611673355,0.09599614888429642,0.12902089953422546,4.674640655517578
pit_b_224,51,ILSVRC2012_val_00002533.JPEG,score_deviation_extreme,0.15,0,True,0.06586265563964844,0.009931445121765137,False,0.00408703088760376,0.07057654112577438,0.07436595857143402,0.2501634359359741,1.9650826454162598
pit_b_224,52,ILSVRC2012_val_00002583.JPEG,score_deviation_extreme,0.15,0,True,0.07167530059814453,0.0075587257742881775,False,0.0030125975608825684,0.0730038434267044,0.0732332319021225,0.05541815608739853,3.737281322479248
pit_b_224,53,ILSVRC2012_val_00002614.JPEG,score_deviation_extreme,0.15,0,True,-0.1815633773803711,-0.0212574303150177,False,0.008168458938598633,0.07632992416620255,0.05266958847641945,0.06380707025527954,1.0912857055664062
pit_b_224,54,ILSVRC2012_val_00002716.JPEG,score_deviation_extreme,0.15,0,True,0.11735916137695312,0.017474278807640076,False,0.018338680267333984,0.14381372928619385,0.10362828522920609,0.1982138454914093,0.8511613011360168
pit_b_224,55,ILSVRC2012_val_00002733.JPEG,score_deviation_extreme,0.15,0,True,0.1908559799194336,0.0217241570353508,False,0.006096959114074707,0.023281587287783623,0.03049362637102604,0.02957199141383171,0.6135382652282715
pit_b_224,48,ILSVRC2012_val_00002311.JPEG,score_deviation_extreme,0.15,1,True,0.23395252227783203,0.03090280294418335,False,0.0035250186920166016,0.12256544828414917,0.07932813465595245,0.048054471611976624,5.881906032562256
pit_b_224,49,ILSVRC2012_val_00002347.JPEG,score_deviation_extreme,0.15,1,True,0.25603675842285156,0.02831505984067917,False,0.006590366363525391,0.036823857575654984,0.03906354308128357,0.08121426403522491,1.9107942581176758
pit_b_224,50,ILSVRC2012_val_00002464.JPEG,score_deviation_extreme,0.15,1,True,0.6806230545043945,0.11786416172981262,False,0.007568180561065674,0.07831064611673355,0.09599614888429642,0.12902089953422546,4.674640655517578
pit_b_224,51,ILSVRC2012_val_00002533.JPEG,score_deviation_extreme,0.15,1,True,0.06586265563964844,0.009931445121765137,False,0.00408703088760376,0.07057654112577438,0.07436595857143402,0.2501634359359741,1.9650826454162598
pit_b_224,52,ILSVRC2012_val_00002583.JPEG,score_deviation_extreme,0.15,1,True,0.07167530059814453,0.0075587257742881775,False,0.0030125975608825684,0.0730038434267044,0.0732332319021225,0.05541815608739853,3.737281322479248
pit_b_224,53,ILSVRC2012_val_00002614.JPEG,score_deviation_extreme,0.15,1,True,-0.1815633773803711,-0.0212574303150177,False,0.008168458938598633,0.07632992416620255,0.05266958847641945,0.06380707770586014,1.0912857055664062
pit_b_224,54,ILSVRC2012_val_00002716.JPEG,score_deviation_extreme,0.15,1,True,0.11735916137695312,0.017474278807640076,False,0.018338680267333984,0.14381372928619385,0.10362828522920609,0.1982138305902481,0.8511613011360168
pit_b_224,55,ILSVRC2012_val_00002733.JPEG,score_deviation_extreme,0.15,1,True,0.1908559799194336,0.0217241570353508,False,0.006096959114074707,0.023281587287783623,0.03049362637102604,0.029572000727057457,0.6135382056236267
pit_b_224,48,ILSVRC2012_val_00002311.JPEG,score_deviation_extreme,0.15,2,True,0.23395252227783203,0.03090280294418335,False,0.0035250186920166016,0.12256544828414917,0.07932813465595245,0.04805447906255722,5.881906032562256
pit_b_224,49,ILSVRC2012_val_00002347.JPEG,score_deviation_extreme,0.15,2,True,0.25603675842285156,0.02831505984067917,False,0.006590366363525391,0.036823857575654984,0.03906354308128357,0.08121426403522491,1.9107942581176758
pit_b_224,50,ILSVRC2012_val_00002464.JPEG,score_deviation_extreme,0.15,2,True,0.6806230545043945,0.11786416172981262,False,0.007568180561065674,0.07831064611673355,0.09599614888429642,0.12902089953422546,4.674640655517578
pit_b_224,51,ILSVRC2012_val_00002533.JPEG,score_deviation_extreme,0.15,2,True,0.06586265563964844,0.009931445121765137,False,0.00408703088760376,0.07057654112577438,0.07436595857143402,0.25016340613365173,1.9650826454162598
pit_b_224,52,ILSVRC2012_val_00002583.JPEG,score_deviation_extreme,0.15,2,True,0.07167530059814453,0.0075587257742881775,False,0.0030125975608825684,0.0730038434267044,0.0732332319021225,0.05541815608739853,3.737281322479248
pit_b_224,53,ILSVRC2012_val_00002614.JPEG,score_deviation_extreme,0.15,2,True,-0.1815633773803711,-0.0212574303150177,False,0.008168458938598633,0.07632992416620255,0.05266958847641945,0.06380707770586014,1.0912857055664062
pit_b_224,54,ILSVRC2012_val_00002716.JPEG,score_deviation_extreme,0.15,2,True,0.11735916137695312,0.017474278807640076,False,0.018338680267333984,0.14381372928619385,0.10362828522920609,0.1982138305902481,0.8511613011360168
pit_b_224,55,ILSVRC2012_val_00002733.JPEG,score_deviation_extreme,0.15,2,True,0.1908559799194336,0.0217241570353508,False,0.006096959114074707,0.023281587287783623,0.03049362637102604,0.02957199700176716,0.6135382652282715
pit_b_224,48,ILSVRC2012_val_00002311.JPEG,score_deviation_extreme,0.15,3,True,0.23395252227783203,0.03090280294418335,False,0.0035250186920166016,0.12256544828414917,0.07932813465595245,0.04805447906255722,5.881906032562256
pit_b_224,49,ILSVRC2012_val_00002347.JPEG,score_deviation_extreme,0.15,3,True,0.25603675842285156,0.02831505984067917,False,0.006590366363525391,0.036823857575654984,0.03906354308128357,0.08121426403522491,1.9107942581176758
pit_b_224,50,ILSVRC2012_val_00002464.JPEG,score_deviation_extreme,0.15,3,True,0.6806230545043945,0.11786416172981262,False,0.007568180561065674,0.07831064611673355,0.09599614888429642,0.12902089953422546,4.674640655517578
pit_b_224,51,ILSVRC2012_val_00002533.JPEG,score_deviation_extreme,0.15,3,True,0.06586265563964844,0.009931445121765137,False,0.00408703088760376,0.07057654112577438,0.07436595857143402,0.2501634359359741,1.9650826454162598
pit_b_224,52,ILSVRC2012_val_00002583.JPEG,score_deviation_extreme,0.15,3,True,0.07167530059814453,0.0075587257742881775,False,0.0030125975608825684,0.0730038434267044,0.0732332319021225,0.05541815608739853,3.737281322479248
pit_b_224,53,ILSVRC2012_val_00002614.JPEG,score_deviation_extreme,0.15,3,True,-0.1815633773803711,-0.0212574303150177,False,0.008168458938598633,0.07632992416620255,0.05266958847641945,0.06380707770586014,1.0912855863571167
pit_b_224,54,ILSVRC2012_val_00002716.JPEG,score_deviation_extreme,0.15,3,True,0.11735916137695312,0.017474278807640076,False,0.018338680267333984,0.14381372928619385,0.10362828522920609,0.19821381568908691,0.8511613011360168
pit_b_224,55,ILSVRC2012_val_00002733.JPEG,score_deviation_extreme,0.15,3,True,0.1908559799194336,0.0217241570353508,False,0.006096959114074707,0.023281587287783623,0.03049362637102604,0.029571998864412308,0.6135382056236267
pit_b_224,56,ILSVRC2012_val_00002734.JPEG,high_score_extreme,0.15,0,True,-0.0773324966430664,-0.009228423237800598,False,0.00904548168182373,0.060179997235536575,0.07130251824855804,-0.0014093455392867327,0.4410969018936157
pit_b_224,57,ILSVRC2012_val_00002815.JPEG,high_score_extreme,0.15,0,True,0.2200031280517578,0.032095253467559814,False,0.006803572177886963,0.06281150877475739,0.059829965233802795,0.07047566026449203,0.9273356199264526
pit_b_224,58,ILSVRC2012_val_00002932.JPEG,high_score_extreme,0.15,0,True,-0.18993759155273438,-0.024455487728118896,False,0.007975876331329346,0.0616094172000885,0.038602955639362335,0.11166386306285858,1.1791300773620605
pit_b_224,59,ILSVRC2012_val_00003096.JPEG,high_score_extreme,0.15,0,True,0.28891754150390625,0.05669829249382019,False,0.03111255168914795,0.07793322205543518,0.05256364494562149,0.38664862513542175,0.9675357937812805
pit_b_224,60,ILSVRC2012_val_00003145.JPEG,high_score_extreme,0.15,0,True,0.5918302536010742,0.07728034257888794,False,0.006739318370819092,0.050673868507146835,0.034663502126932144,0.016733214259147644,3.225752115249634
pit_b_224,61,ILSVRC2012_val_00003190.JPEG,high_score_extreme,0.15,0,True,0.4939107894897461,0.0828571617603302,False,0.01602351665496826,0.09458804875612259,0.06261630356311798,0.24225866794586182,2.0385289192199707
pit_b_224,62,ILSVRC2012_val_00003194.JPEG,high_score_extreme,0.15,0,True,0.10804080963134766,0.00465334951877594,False,0.03563523292541504,0.1775600016117096,0.07656500488519669,0.01972731575369835,0.9000987410545349
pit_b_224,63,ILSVRC2012_val_00003317.JPEG,high_score_extreme,0.15,0,True,0.21742534637451172,0.03829987347126007,False,0.020144641399383545,0.13911187648773193,0.04860623553395271,0.10232973098754883,3.6842596530914307
pit_b_224,56,ILSVRC2012_val_00002734.JPEG,high_score_extreme,0.15,1,True,-0.0773324966430664,-0.009228423237800598,False,0.00904548168182373,0.060179997235536575,0.07130251824855804,-0.001409345306456089,0.4410969018936157
pit_b_224,57,ILSVRC2012_val_00002815.JPEG,high_score_extreme,0.15,1,True,0.2200031280517578,0.032095253467559814,False,0.006803572177886963,0.06281150877475739,0.059829965233802795,0.07047566026449203,0.9273356199264526
pit_b_224,58,ILSVRC2012_val_00002932.JPEG,high_score_extreme,0.15,1,True,-0.18993759155273438,-0.024455487728118896,False,0.007975876331329346,0.0616094172000885,0.038602955639362335,0.11166387051343918,1.1791300773620605
pit_b_224,59,ILSVRC2012_val_00003096.JPEG,high_score_extreme,0.15,1,True,0.28891754150390625,0.05669829249382019,False,0.03111255168914795,0.07793322205543518,0.05256364494562149,0.38664865493774414,0.967535674571991
pit_b_224,60,ILSVRC2012_val_00003145.JPEG,high_score_extreme,0.15,1,True,0.5918302536010742,0.07728034257888794,False,0.006739318370819092,0.050673868507146835,0.034663502126932144,0.016733219847083092,3.225752353668213
pit_b_224,61,ILSVRC2012_val_00003190.JPEG,high_score_extreme,0.15,1,True,0.4939107894897461,0.0828571617603302,False,0.01602351665496826,0.09458804875612259,0.06261630356311798,0.24225866794586182,2.0385289192199707
pit_b_224,62,ILSVRC2012_val_00003194.JPEG,high_score_extreme,0.15,1,True,0.10804080963134766,0.00465334951877594,False,0.03563523292541504,0.1775600016117096,0.07656500488519669,0.019727317616343498,0.9000987410545349
pit_b_224,63,ILSVRC2012_val_00003317.JPEG,high_score_extreme,0.15,1,True,0.21742534637451172,0.03829987347126007,False,0.020144641399383545,0.13911187648773193,0.04860623553395271,0.10232973098754883,3.6842596530914307
pit_b_224,56,ILSVRC2012_val_00002734.JPEG,high_score_extreme,0.15,2,True,-0.0773324966430664,-0.009228423237800598,False,0.00904548168182373,0.060179997235536575,0.07130251824855804,-0.0014093455392867327,0.4410969018936157
pit_b_224,57,ILSVRC2012_val_00002815.JPEG,high_score_extreme,0.15,2,True,0.2200031280517578,0.032095253467559814,False,0.006803572177886963,0.06281150877475739,0.059829965233802795,0.07047566026449203,0.9273356199264526
pit_b_224,58,ILSVRC2012_val_00002932.JPEG,high_score_extreme,0.15,2,True,-0.18993759155273438,-0.024455487728118896,False,0.007975876331329346,0.0616094172000885,0.038602955639362335,0.11166387051343918,1.1791300773620605
pit_b_224,59,ILSVRC2012_val_00003096.JPEG,high_score_extreme,0.15,2,True,0.28891754150390625,0.05669829249382019,False,0.03111255168914795,0.07793322205543518,0.05256364494562149,0.38664865493774414,0.967535674571991
pit_b_224,60,ILSVRC2012_val_00003145.JPEG,high_score_extreme,0.15,2,True,0.5918302536010742,0.07728034257888794,False,0.006739318370819092,0.050673868507146835,0.034663502126932144,0.016733217984437943,3.225752353668213
pit_b_224,61,ILSVRC2012_val_00003190.JPEG,high_score_extreme,0.15,2,True,0.4939107894897461,0.0828571617603302,False,0.01602351665496826,0.09458804875612259,0.06261630356311798,0.24225866794586182,2.0385289192199707
pit_b_224,62,ILSVRC2012_val_00003194.JPEG,high_score_extreme,0.15,2,True,0.10804080963134766,0.00465334951877594,False,0.03563523292541504,0.1775600016117096,0.07656500488519669,0.019727330654859543,0.9000988602638245
pit_b_224,63,ILSVRC2012_val_00003317.JPEG,high_score_extreme,0.15,2,True,0.21742534637451172,0.03829987347126007,False,0.020144641399383545,0.13911187648773193,0.04860623553395271,0.10232974588871002,3.6842596530914307
pit_b_224,56,ILSVRC2012_val_00002734.JPEG,high_score_extreme,0.15,3,True,-0.0773324966430664,-0.009228423237800598,False,0.00904548168182373,0.060179997235536575,0.07130251824855804,-0.0014093455392867327,0.4410969018936157
pit_b_224,57,ILSVRC2012_val_00002815.JPEG,high_score_extreme,0.15,3,True,0.2200031280517578,0.032095253467559814,False,0.006803572177886963,0.06281150877475739,0.059829965233802795,0.07047566026449203,0.9273356199264526
pit_b_224,58,ILSVRC2012_val_00002932.JPEG,high_score_extreme,0.15,3,True,-0.18993759155273438,-0.024455487728118896,False,0.007975876331329346,0.0616094172000885,0.038602955639362335,0.11166386306285858,1.1791300773620605
pit_b_224,59,ILSVRC2012_val_00003096.JPEG,high_score_extreme,0.15,3,True,0.28891754150390625,0.05669829249382019,False,0.03111255168914795,0.07793322205543518,0.05256364494562149,0.38664862513542175,0.9675357937812805
pit_b_224,60,ILSVRC2012_val_00003145.JPEG,high_score_extreme,0.15,3,True,0.5918302536010742,0.07728034257888794,False,0.006739318370819092,0.050673868507146835,0.034663502126932144,0.016733219847083092,3.225752353668213
pit_b_224,61,ILSVRC2012_val_00003190.JPEG,high_score_extreme,0.15,3,True,0.4939107894897461,0.0828571617603302,False,0.01602351665496826,0.09458804875612259,0.06261630356311798,0.242258682847023,2.0385289192199707
pit_b_224,62,ILSVRC2012_val_00003194.JPEG,high_score_extreme,0.15,3,True,0.10804080963134766,0.00465334951877594,False,0.03563523292541504,0.1775600016117096,0.07656500488519669,0.019727330654859543,0.9000987410545349
pit_b_224,63,ILSVRC2012_val_00003317.JPEG,high_score_extreme,0.15,3,True,0.21742534637451172,0.03829987347126007,False,0.020144641399383545,0.13911187648773193,0.04860623553395271,0.10232974588871002,3.6842596530914307
pit_b_224,56,ILSVRC2012_val_00002734.JPEG,low_score_extreme,0.15,0,True,0.4127225875854492,0.07654225826263428,False,0.021623611450195312,0.16834017634391785,0.10461263358592987,0.11279380321502686,1.2071470022201538
pit_b_224,57,ILSVRC2012_val_00002815.JPEG,low_score_extreme,0.15,0,True,0.3956022262573242,0.08630767464637756,False,0.010058939456939697,0.1869635134935379,0.12613992393016815,0.09410583972930908,1.0365545749664307
pit_b_224,58,ILSVRC2012_val_00002932.JPEG,low_score_extreme,0.15,0,True,0.03543376922607422,0.012087702751159668,False,0.012700319290161133,0.1720104217529297,0.13786950707435608,0.1310826689004898,1.0759680271148682
pit_b_224,59,ILSVRC2012_val_00003096.JPEG,low_score_extreme,0.15,0,True,0.3577842712402344,0.026531189680099487,False,0.03515172004699707,0.2205870896577835,0.12263111770153046,0.342441201210022,0.7165100574493408
pit_b_224,60,ILSVRC2012_val_00003145.JPEG,low_score_extreme,0.15,0,True,0.4259920120239258,0.05051089823246002,False,0.00917583703994751,0.12127989530563354,0.04674774780869484,0.009268876165151596,2.7472918033599854
pit_b_224,61,ILSVRC2012_val_00003190.JPEG,low_score_extreme,0.15,0,True,0.8706521987915039,0.25090736150741577,False,0.037076711654663086,0.17413990199565887,0.1351655274629593,0.3203977048397064,8.817140579223633
pit_b_224,62,ILSVRC2012_val_00003194.JPEG,low_score_extreme,0.15,0,True,-0.051619529724121094,-0.01607537269592285,False,0.042896270751953125,0.21078328788280487,0.08639482408761978,0.008711567148566246,0.6377659440040588
pit_b_224,63,ILSVRC2012_val_00003317.JPEG,low_score_extreme,0.15,0,True,0.3017902374267578,0.052182793617248535,False,0.014530539512634277,0.1554032266139984,0.08866618573665619,0.14724671840667725,3.2616569995880127
pit_b_224,56,ILSVRC2012_val_00002734.JPEG,low_score_extreme,0.15,1,True,0.4127225875854492,0.07654225826263428,False,0.021623611450195312,0.16834017634391785,0.10461263358592987,0.11279380321502686,1.2071470022201538
pit_b_224,57,ILSVRC2012_val_00002815.JPEG,low_score_extreme,0.15,1,True,0.3956022262573242,0.08630767464637756,False,0.010058939456939697,0.1869635134935379,0.12613992393016815,0.09410583972930908,1.0365545749664307
pit_b_224,58,ILSVRC2012_val_00002932.JPEG,low_score_extreme,0.15,1,True,0.03543376922607422,0.012087702751159668,False,0.012700319290161133,0.1720104217529297,0.13786950707435608,0.1310826689004898,1.0759680271148682
pit_b_224,59,ILSVRC2012_val_00003096.JPEG,low_score_extreme,0.15,1,True,0.3577842712402344,0.026531189680099487,False,0.03515172004699707,0.2205870896577835,0.12263111770153046,0.342441201210022,0.7165100574493408
pit_b_224,60,ILSVRC2012_val_00003145.JPEG,low_score_extreme,0.15,1,True,0.4259920120239258,0.05051089823246002,False,0.00917583703994751,0.12127989530563354,0.04674774780869484,0.009268876165151596,2.7472918033599854
pit_b_224,61,ILSVRC2012_val_00003190.JPEG,low_score_extreme,0.15,1,True,0.8706521987915039,0.25090736150741577,False,0.037076711654663086,0.17413990199565887,0.1351655274629593,0.3203977048397064,8.817140579223633
pit_b_224,62,ILSVRC2012_val_00003194.JPEG,low_score_extreme,0.15,1,True,-0.051619529724121094,-0.01607537269592285,False,0.042896270751953125,0.21078328788280487,0.08639482408761978,0.008711548522114754,0.6377658247947693
pit_b_224,63,ILSVRC2012_val_00003317.JPEG,low_score_extreme,0.15,1,True,0.3017902374267578,0.052182793617248535,False,0.014530539512634277,0.1554032266139984,0.08866618573665619,0.14724671840667725,3.2616569995880127
pit_b_224,56,ILSVRC2012_val_00002734.JPEG,low_score_extreme,0.15,2,True,0.4127225875854492,0.07654225826263428,False,0.021623611450195312,0.16834017634391785,0.10461263358592987,0.11279380321502686,1.2071470022201538
pit_b_224,57,ILSVRC2012_val_00002815.JPEG,low_score_extreme,0.15,2,True,0.3956022262573242,0.08630767464637756,False,0.010058939456939697,0.1869635134935379,0.12613992393016815,0.09410583972930908,1.0365545749664307
pit_b_224,58,ILSVRC2012_val_00002932.JPEG,low_score_extreme,0.15,2,True,0.03543376922607422,0.012087702751159668,False,0.012700319290161133,0.1720104217529297,0.13786950707435608,0.1310826689004898,1.0759680271148682
pit_b_224,59,ILSVRC2012_val_00003096.JPEG,low_score_extreme,0.15,2,True,0.3577842712402344,0.026531189680099487,False,0.03515172004699707,0.2205870896577835,0.12263111770153046,0.342441201210022,0.7165100574493408
pit_b_224,60,ILSVRC2012_val_00003145.JPEG,low_score_extreme,0.15,2,True,0.4259920120239258,0.05051089823246002,False,0.00917583703994751,0.12127989530563354,0.04674774780869484,0.00926887895911932,2.7472918033599854
pit_b_224,61,ILSVRC2012_val_00003190.JPEG,low_score_extreme,0.15,2,True,0.8706521987915039,0.25090736150741577,False,0.037076711654663086,0.17413990199565887,0.1351655274629593,0.3203977048397064,8.817140579223633
pit_b_224,62,ILSVRC2012_val_00003194.JPEG,low_score_extreme,0.15,2,True,-0.051619529724121094,-0.01607537269592285,False,0.042896270751953125,0.21078328788280487,0.08639482408761978,0.008711586706340313,0.6377658843994141
pit_b_224,63,ILSVRC2012_val_00003317.JPEG,low_score_extreme,0.15,2,True,0.3017902374267578,0.052182793617248535,False,0.014530539512634277,0.1554032266139984,0.08866618573665619,0.14724671840667725,3.2616569995880127
pit_b_224,56,ILSVRC2012_val_00002734.JPEG,low_score_extreme,0.15,3,True,0.4127225875854492,0.07654225826263428,False,0.021623611450195312,0.16834017634391785,0.10461263358592987,0.11279380321502686,1.2071470022201538
pit_b_224,57,ILSVRC2012_val_00002815.JPEG,low_score_extreme,0.15,3,True,0.3956022262573242,0.08630767464637756,False,0.010058939456939697,0.1869635134935379,0.12613992393016815,0.09410583972930908,1.0365545749664307
pit_b_224,58,ILSVRC2012_val_00002932.JPEG,low_score_extreme,0.15,3,True,0.03543376922607422,0.012087702751159668,False,0.012700319290161133,0.1720104217529297,0.13786950707435608,0.1310826689004898,1.0759680271148682
pit_b_224,59,ILSVRC2012_val_00003096.JPEG,low_score_extreme,0.15,3,True,0.3577842712402344,0.026531189680099487,False,0.03515172004699707,0.2205870896577835,0.12263111770153046,0.342441201210022,0.7165100574493408
pit_b_224,60,ILSVRC2012_val_00003145.JPEG,low_score_extreme,0.15,3,True,0.4259920120239258,0.05051089823246002,False,0.00917583703994751,0.12127989530563354,0.04674774780869484,0.009268878027796745,2.7472918033599854
pit_b_224,61,ILSVRC2012_val_00003190.JPEG,low_score_extreme,0.15,3,True,0.8706521987915039,0.25090736150741577,False,0.037076711654663086,0.17413990199565887,0.1351655274629593,0.3203977048397064,8.817140579223633
pit_b_224,62,ILSVRC2012_val_00003194.JPEG,low_score_extreme,0.15,3,True,-0.051619529724121094,-0.01607537269592285,False,0.042896270751953125,0.21078328788280487,0.08639482408761978,0.008711554110050201,0.6377658843994141
pit_b_224,63,ILSVRC2012_val_00003317.JPEG,low_score_extreme,0.15,3,True,0.3017902374267578,0.052182793617248535,False,0.014530539512634277,0.1554032266139984,0.08866618573665619,0.14724671840667725,3.2616569995880127
pit_b_224,56,ILSVRC2012_val_00002734.JPEG,random_uniform,0.15,0,True,0.15177631378173828,0.02777932584285736,False,0.019703984260559082,0.13801966607570648,0.1174263283610344,0.08772848546504974,0.870529294013977
pit_b_224,57,ILSVRC2012_val_00002815.JPEG,random_uniform,0.15,0,True,0.13795757293701172,0.02732376754283905,False,0.009680569171905518,0.16316735744476318,0.094126395881176,0.0871981829404831,0.699915885925293
pit_b_224,58,ILSVRC2012_val_00002932.JPEG,random_uniform,0.15,0,True,-0.03937339782714844,0.0029817968606948853,False,0.011662662029266357,0.1734505444765091,0.11552616208791733,0.07950785756111145,2.0581538677215576
pit_b_224,59,ILSVRC2012_val_00003096.JPEG,random_uniform,0.15,0,True,-0.033855438232421875,-0.03924104571342468,False,0.04270029067993164,0.23816943168640137,0.13028262555599213,0.40568867325782776,0.8377715349197388
pit_b_224,60,ILSVRC2012_val_00003145.JPEG,random_uniform,0.15,0,True,0.18276596069335938,0.020998328924179077,False,0.00814676284790039,0.08134247362613678,0.06261926889419556,0.012976547703146935,2.568984031677246
pit_b_224,61,ILSVRC2012_val_00003190.JPEG,random_uniform,0.15,0,True,0.2410726547241211,0.028340578079223633,False,0.013149797916412354,0.0856899693608284,0.07703935354948044,0.22824609279632568,0.9773536920547485
pit_b_224,62,ILSVRC2012_val_00003194.JPEG,random_uniform,0.15,0,True,0.3148517608642578,0.035019055008888245,False,0.05231112241744995,0.23628802597522736,0.09730266779661179,0.03464684262871742,1.6557931900024414
pit_b_224,63,ILSVRC2012_val_00003317.JPEG,random_uniform,0.15,0,True,0.19055652618408203,0.031575947999954224,False,0.012274444103240967,0.08582162111997604,0.05315631628036499,0.07729656994342804,4.719291687011719
pit_b_224,56,ILSVRC2012_val_00002734.JPEG,random_uniform,0.15,1,True,0.3919105529785156,0.058334797620773315,False,0.007790088653564453,0.12617896497249603,0.08603876829147339,0.04580524191260338,0.9139732718467712
pit_b_224,57,ILSVRC2012_val_00002815.JPEG,random_uniform,0.15,1,True,0.08464622497558594,0.022104695439338684,False,0.011435508728027344,0.16589906811714172,0.10022860765457153,0.08406966924667358,0.8420378565788269
pit_b_224,58,ILSVRC2012_val_00002932.JPEG,random_uniform,0.15,1,True,0.2582435607910156,0.053490981459617615,False,0.009901344776153564,0.1587395817041397,0.1039966344833374,0.09845776110887527,1.5958830118179321
pit_b_224,59,ILSVRC2012_val_00003096.JPEG,random_uniform,0.15,1,True,0.3464784622192383,0.03915509581565857,False,0.035223305225372314,0.20710039138793945,0.11701851338148117,0.35203516483306885,0.8247029781341553
pit_b_224,60,ILSVRC2012_val_00003145.JPEG,random_uniform,0.15,1,True,0.16750431060791016,0.01897384226322174,False,0.00980311632156372,0.07480813562870026,0.06373578310012817,-0.0037819850258529186,0.8367694616317749
pit_b_224,61,ILSVRC2012_val_00003190.JPEG,random_uniform,0.15,1,True,0.3979330062866211,0.06307139992713928,False,0.013214349746704102,0.09111656993627548,0.07355432212352753,0.29449865221977234,2.0404319763183594
pit_b_224,62,ILSVRC2012_val_00003194.JPEG,random_uniform,0.15,1,True,0.12404060363769531,0.0067282021045684814,False,0.04394412040710449,0.21388386189937592,0.09761139005422592,0.0765320286154747,1.4489123821258545
pit_b_224,63,ILSVRC2012_val_00003317.JPEG,random_uniform,0.15,1,True,0.1082620620727539,0.016946867108345032,False,0.015534281730651855,0.09976476430892944,0.0666995570063591,0.16566774249076843,2.018541097640991
pit_b_224,56,ILSVRC2012_val_00002734.JPEG,random_uniform,0.15,2,True,0.0639944076538086,0.023472681641578674,False,0.021811723709106445,0.14008285105228424,0.11670929193496704,0.061330340802669525,1.0161482095718384
pit_b_224,57,ILSVRC2012_val_00002815.JPEG,random_uniform,0.15,2,True,0.1966705322265625,0.026805520057678223,False,0.006931483745574951,0.1732667237520218,0.1117146834731102,0.056821633130311966,0.8791220188140869
pit_b_224,58,ILSVRC2012_val_00002932.JPEG,random_uniform,0.15,2,True,0.119293212890625,0.03255690634250641,False,0.010732293128967285,0.16551293432712555,0.12062329053878784,0.06325274705886841,1.9310925006866455
pit_b_224,59,ILSVRC2012_val_00003096.JPEG,random_uniform,0.15,2,True,-0.14283275604248047,-0.09056146442890167,False,0.03930377960205078,0.19871987402439117,0.11638343334197998,0.2683495879173279,0.799291729927063
pit_b_224,60,ILSVRC2012_val_00003145.JPEG,random_uniform,0.15,2,True,0.09839916229248047,0.010304614901542664,False,0.015678763389587402,0.10900615900754929,0.08315186947584152,0.020059125497937202,1.937307357788086
pit_b_224,61,ILSVRC2012_val_00003190.JPEG,random_uniform,0.15,2,True,0.9279766082763672,0.22342193126678467,False,0.019989430904388428,0.09109093248844147,0.0745416209101677,0.32589656114578247,5.092663288116455
pit_b_224,62,ILSVRC2012_val_00003194.JPEG,random_uniform,0.15,2,True,-0.07315731048583984,-0.0178646519780159,False,0.035014569759368896,0.15584276616573334,0.09219955652952194,-0.007352652959525585,0.8602771759033203
pit_b_224,63,ILSVRC2012_val_00003317.JPEG,random_uniform,0.15,2,True,0.1540203094482422,0.025468051433563232,False,0.01652085781097412,0.10520238429307938,0.06527842581272125,0.0783965140581131,4.463367462158203
pit_b_224,56,ILSVRC2012_val_00002734.JPEG,random_uniform,0.15,3,True,0.27488040924072266,0.04099774360656738,False,0.008342742919921875,0.12359052151441574,0.07283490896224976,0.08619952201843262,0.5770201683044434
pit_b_224,57,ILSVRC2012_val_00002815.JPEG,random_uniform,0.15,3,True,0.034160614013671875,0.001712307333946228,False,0.006476044654846191,0.15678435564041138,0.12269707769155502,0.0346188023686409,0.8218633532524109
pit_b_224,58,ILSVRC2012_val_00002932.JPEG,random_uniform,0.15,3,True,-0.022520065307617188,0.004790604114532471,False,0.012213826179504395,0.16246473789215088,0.11653241515159607,0.10087236016988754,1.4680085182189941
pit_b_224,59,ILSVRC2012_val_00003096.JPEG,random_uniform,0.15,3,True,0.06611156463623047,-0.05211547017097473,False,0.03675597906112671,0.18585166335105896,0.1214710995554924,0.2946105897426605,0.7350947260856628
pit_b_224,60,ILSVRC2012_val_00003145.JPEG,random_uniform,0.15,3,True,0.15144920349121094,0.016693532466888428,False,0.018285632133483887,0.13497096300125122,0.12745730578899384,0.019057592377066612,0.9627528786659241
pit_b_224,61,ILSVRC2012_val_00003190.JPEG,random_uniform,0.15,3,True,0.36330127716064453,0.05589967966079712,False,0.01409059762954712,0.08098705112934113,0.07311878353357315,0.3441839814186096,1.4816089868545532
pit_b_224,62,ILSVRC2012_val_00003194.JPEG,random_uniform,0.15,3,True,0.17048168182373047,0.01347416639328003,False,0.04317021369934082,0.19187499582767487,0.07479198276996613,0.03611711412668228,1.4477978944778442
pit_b_224,63,ILSVRC2012_val_00003317.JPEG,random_uniform,0.15,3,True,-0.006300926208496094,-0.0011207908391952515,False,0.020839989185333252,0.1058078333735466,0.08026546984910965,0.08684348315000534,2.6431000232696533
pit_b_224,56,ILSVRC2012_val_00002734.JPEG,score_deviation_extreme,0.15,0,True,-0.03297901153564453,-0.0028083622455596924,False,0.008748948574066162,0.07136578112840652,0.06821054965257645,0.007772080600261688,0.7211616039276123
pit_b_224,57,ILSVRC2012_val_00002815.JPEG,score_deviation_extreme,0.15,0,True,0.2200031280517578,0.032095253467559814,False,0.006803572177886963,0.06281150877475739,0.059829965233802795,0.07047566026449203,0.9273356199264526
pit_b_224,58,ILSVRC2012_val_00002932.JPEG,score_deviation_extreme,0.15,0,True,-0.18993759155273438,-0.024455487728118896,False,0.007975876331329346,0.0616094172000885,0.038602955639362335,0.11166386306285858,1.1791300773620605
pit_b_224,59,ILSVRC2012_val_00003096.JPEG,score_deviation_extreme,0.15,0,True,0.28891754150390625,0.05669829249382019,False,0.03111255168914795,0.07793322205543518,0.05256364494562149,0.38664862513542175,0.9675357937812805
pit_b_224,60,ILSVRC2012_val_00003145.JPEG,score_deviation_extreme,0.15,0,True,0.7025547027587891,0.09619399905204773,False,0.010650038719177246,0.06848016381263733,0.03654163330793381,0.025125645101070404,3.249614953994751
pit_b_224,61,ILSVRC2012_val_00003190.JPEG,score_deviation_extreme,0.15,0,True,0.4939107894897461,0.0828571617603302,False,0.01602351665496826,0.09458804875612259,0.06261630356311798,0.24225865304470062,2.0385289192199707
pit_b_224,62,ILSVRC2012_val_00003194.JPEG,score_deviation_extreme,0.15,0,True,-0.0662069320678711,-0.01723584532737732,False,0.03455144166946411,0.18722593784332275,0.08202114701271057,0.06281840801239014,0.5130435228347778
pit_b_224,63,ILSVRC2012_val_00003317.JPEG,score_deviation_extreme,0.15,0,True,0.26047420501708984,0.04193046689033508,False,0.007927656173706055,0.09488703310489655,0.05060151219367981,0.09174051135778427,4.861510753631592
pit_b_224,56,ILSVRC2012_val_00002734.JPEG,score_deviation_extreme,0.15,1,True,-0.03297901153564453,-0.0028083622455596924,False,0.008748948574066162,0.07136578112840652,0.06821054965257645,0.007772080600261688,0.7211616039276123
pit_b_224,57,ILSVRC2012_val_00002815.JPEG,score_deviation_extreme,0.15,1,True,0.2200031280517578,0.032095253467559814,False,0.006803572177886963,0.06281150877475739,0.059829965233802795,0.07047566026449203,0.9273356199264526
pit_b_224,58,ILSVRC2012_val_00002932.JPEG,score_deviation_extreme,0.15,1,True,-0.18993759155273438,-0.024455487728118896,False,0.007975876331329346,0.0616094172000885,0.038602955639362335,0.11166386306285858,1.1791300773620605
pit_b_224,59,ILSVRC2012_val_00003096.JPEG,score_deviation_extreme,0.15,1,True,0.28891754150390625,0.05669829249382019,False,0.03111255168914795,0.07793322205543518,0.05256364494562149,0.38664865493774414,0.967535674571991
pit_b_224,60,ILSVRC2012_val_00003145.JPEG,score_deviation_extreme,0.15,1,True,0.7025547027587891,0.09619399905204773,False,0.010650038719177246,0.06848016381263733,0.03654163330793381,0.025125645101070404,3.249614953994751
pit_b_224,61,ILSVRC2012_val_00003190.JPEG,score_deviation_extreme,0.15,1,True,0.4939107894897461,0.0828571617603302,False,0.01602351665496826,0.09458804875612259,0.06261630356311798,0.24225866794586182,2.0385289192199707
pit_b_224,62,ILSVRC2012_val_00003194.JPEG,score_deviation_extreme,0.15,1,True,-0.0662069320678711,-0.01723584532737732,False,0.03455144166946411,0.18722593784332275,0.08202114701271057,0.06281840801239014,0.5130434632301331
pit_b_224,63,ILSVRC2012_val_00003317.JPEG,score_deviation_extreme,0.15,1,True,0.26047420501708984,0.04193046689033508,False,0.007927656173706055,0.09488703310489655,0.05060151219367981,0.09174051880836487,4.861510753631592
pit_b_224,56,ILSVRC2012_val_00002734.JPEG,score_deviation_extreme,0.15,2,True,-0.03297901153564453,-0.0028083622455596924,False,0.008748948574066162,0.07136578112840652,0.06821054965257645,0.007772080134600401,0.7211616039276123
pit_b_224,57,ILSVRC2012_val_00002815.JPEG,score_deviation_extreme,0.15,2,True,0.2200031280517578,0.032095253467559814,False,0.006803572177886963,0.06281150877475739,0.059829965233802795,0.07047566026449203,0.9273356199264526
pit_b_224,58,ILSVRC2012_val_00002932.JPEG,score_deviation_extreme,0.15,2,True,-0.18993759155273438,-0.024455487728118896,False,0.007975876331329346,0.0616094172000885,0.038602955639362335,0.11166387051343918,1.1791300773620605
pit_b_224,59,ILSVRC2012_val_00003096.JPEG,score_deviation_extreme,0.15,2,True,0.28891754150390625,0.05669829249382019,False,0.03111255168914795,0.07793322205543518,0.05256364494562149,0.38664859533309937,0.9675357937812805
pit_b_224,60,ILSVRC2012_val_00003145.JPEG,score_deviation_extreme,0.15,2,True,0.7025547027587891,0.09619399905204773,False,0.010650038719177246,0.06848016381263733,0.03654163330793381,0.025125645101070404,3.249614953994751
pit_b_224,61,ILSVRC2012_val_00003190.JPEG,score_deviation_extreme,0.15,2,True,0.4939107894897461,0.0828571617603302,False,0.01602351665496826,0.09458804875612259,0.06261630356311798,0.242258682847023,2.0385289192199707
pit_b_224,62,ILSVRC2012_val_00003194.JPEG,score_deviation_extreme,0.15,2,True,-0.0662069320678711,-0.01723584532737732,False,0.03455144166946411,0.18722593784332275,0.08202114701271057,0.06281842291355133,0.5130434632301331
pit_b_224,63,ILSVRC2012_val_00003317.JPEG,score_deviation_extreme,0.15,2,True,0.26047420501708984,0.04193046689033508,False,0.007927656173706055,0.09488703310489655,0.05060151219367981,0.09174051135778427,4.861510753631592
pit_b_224,56,ILSVRC2012_val_00002734.JPEG,score_deviation_extreme,0.15,3,True,-0.03297901153564453,-0.0028083622455596924,False,0.008748948574066162,0.07136578112840652,0.06821054965257645,0.007772080600261688,0.7211616039276123
pit_b_224,57,ILSVRC2012_val_00002815.JPEG,score_deviation_extreme,0.15,3,True,0.2200031280517578,0.032095253467559814,False,0.006803572177886963,0.06281150877475739,0.059829965233802795,0.07047566026449203,0.9273356199264526
pit_b_224,58,ILSVRC2012_val_00002932.JPEG,score_deviation_extreme,0.15,3,True,-0.18993759155273438,-0.024455487728118896,False,0.007975876331329346,0.0616094172000885,0.038602955639362335,0.11166387051343918,1.1791300773620605
pit_b_224,59,ILSVRC2012_val_00003096.JPEG,score_deviation_extreme,0.15,3,True,0.28891754150390625,0.05669829249382019,False,0.03111255168914795,0.07793322205543518,0.05256364494562149,0.38664865493774414,0.967535674571991
pit_b_224,60,ILSVRC2012_val_00003145.JPEG,score_deviation_extreme,0.15,3,True,0.7025547027587891,0.09619399905204773,False,0.010650038719177246,0.06848016381263733,0.03654163330793381,0.025125645101070404,3.249614953994751
pit_b_224,61,ILSVRC2012_val_00003190.JPEG,score_deviation_extreme,0.15,3,True,0.4939107894897461,0.0828571617603302,False,0.01602351665496826,0.09458804875612259,0.06261630356311798,0.242258682847023,2.0385289192199707
pit_b_224,62,ILSVRC2012_val_00003194.JPEG,score_deviation_extreme,0.15,3,True,-0.0662069320678711,-0.01723584532737732,False,0.03455144166946411,0.18722593784332275,0.08202114701271057,0.06281841546297073,0.5130434632301331
pit_b_224,63,ILSVRC2012_val_00003317.JPEG,score_deviation_extreme,0.15,3,True,0.26047420501708984,0.04193046689033508,False,0.007927656173706055,0.09488703310489655,0.05060151219367981,0.09174051880836487,4.861510753631592
