model,sample_index,image_name,target_mode,selector,drop_ratio,repeat,clean_correct,route_logit_drop,route_loss_increase,route_prediction_changed,map_rank_spearman,map_top_half_iou,candidate_zero_gradcam
vit_base_patch16_224,0,ILSVRC2012_val_00000031.JPEG,predicted,patch_score,0.15,0,True,0.10402870178222656,0.017969563603401184,False,1.0,1.0,1.0
vit_base_patch16_224,1,ILSVRC2012_val_00000081.JPEG,predicted,patch_score,0.15,0,True,0.06430530548095703,-0.00030594319105148315,False,1.0,1.0,1.0
vit_base_patch16_224,2,ILSVRC2012_val_00000102.JPEG,predicted,patch_score,0.15,0,True,1.334895133972168,0.43577879667282104,False,1.0,1.0,1.0
vit_base_patch16_224,3,ILSVRC2012_val_00000117.JPEG,predicted,patch_score,0.15,0,True,0.9376029968261719,0.18599796295166016,False,1.0,1.0,1.0
vit_base_patch16_224,4,ILSVRC2012_val_00000120.JPEG,predicted,patch_score,0.15,0,True,-0.28116416931152344,-0.048380181193351746,False,1.0,1.0,1.0
vit_base_patch16_224,5,ILSVRC2012_val_00000138.JPEG,predicted,patch_score,0.15,0,True,-0.0780782699584961,-0.006695985794067383,False,1.0,1.0,1.0
vit_base_patch16_224,6,ILSVRC2012_val_00000166.JPEG,predicted,patch_score,0.15,0,True,-0.016704559326171875,-0.0017752200365066528,False,1.0,1.0,1.0
vit_base_patch16_224,7,ILSVRC2012_val_00000262.JPEG,predicted,patch_score,0.15,0,True,0.063201904296875,0.0052560195326805115,False,1.0,1.0,1.0
vit_base_patch16_224,0,ILSVRC2012_val_00000031.JPEG,predicted,patch_score,0.15,1,True,0.012727737426757812,0.0006188154220581055,False,1.0,1.0,1.0
vit_base_patch16_224,1,ILSVRC2012_val_00000081.JPEG,predicted,patch_score,0.15,1,True,0.11187458038330078,0.004372827708721161,False,1.0,1.0,1.0
vit_base_patch16_224,2,ILSVRC2012_val_00000102.JPEG,predicted,patch_score,0.15,1,True,0.8953456878662109,0.19372780621051788,False,1.0,1.0,1.0
vit_base_patch16_224,3,ILSVRC2012_val_00000117.JPEG,predicted,patch_score,0.15,1,True,1.0082626342773438,0.15764501690864563,False,1.0,1.0,1.0
vit_base_patch16_224,4,ILSVRC2012_val_00000120.JPEG,predicted,patch_score,0.15,1,True,-0.17111968994140625,-0.03353595733642578,False,1.0,1.0,1.0
vit_base_patch16_224,5,ILSVRC2012_val_00000138.JPEG,predicted,patch_score,0.15,1,True,-0.25347232818603516,-0.0271269753575325,False,1.0,1.0,1.0
vit_base_patch16_224,6,ILSVRC2012_val_00000166.JPEG,predicted,patch_score,0.15,1,True,0.06394386291503906,0.006242692470550537,False,1.0,1.0,1.0
vit_base_patch16_224,7,ILSVRC2012_val_00000262.JPEG,predicted,patch_score,0.15,1,True,0.12432003021240234,0.011736996471881866,False,1.0,1.0,1.0
vit_base_patch16_224,0,ILSVRC2012_val_00000031.JPEG,predicted,patch_score,0.15,2,True,0.033840179443359375,0.0024279356002807617,False,1.0,1.0,1.0
vit_base_patch16_224,1,ILSVRC2012_val_00000081.JPEG,predicted,patch_score,0.15,2,True,-0.2666492462158203,-0.018934078514575958,False,1.0,1.0,1.0
vit_base_patch16_224,2,ILSVRC2012_val_00000102.JPEG,predicted,patch_score,0.15,2,True,1.1474580764770508,0.2505912184715271,False,1.0,1.0,1.0
vit_base_patch16_224,3,ILSVRC2012_val_00000117.JPEG,predicted,patch_score,0.15,2,True,0.4779052734375,0.032786399126052856,False,1.0,1.0,1.0
vit_base_patch16_224,4,ILSVRC2012_val_00000120.JPEG,predicted,patch_score,0.15,2,True,-0.2582530975341797,-0.04665611684322357,False,1.0,1.0,1.0
vit_base_patch16_224,5,ILSVRC2012_val_00000138.JPEG,predicted,patch_score,0.15,2,True,-0.08166313171386719,-0.008178040385246277,False,1.0,1.0,1.0
vit_base_patch16_224,6,ILSVRC2012_val_00000166.JPEG,predicted,patch_score,0.15,2,True,0.061285972595214844,0.006223618984222412,False,1.0,1.0,1.0
vit_base_patch16_224,7,ILSVRC2012_val_00000262.JPEG,predicted,patch_score,0.15,2,True,-0.05171012878417969,-0.006782084703445435,False,1.0,1.0,1.0
vit_base_patch16_224,0,ILSVRC2012_val_00000031.JPEG,predicted,patch_score,0.15,3,True,0.08905315399169922,0.012671217322349548,False,1.0,1.0,1.0
vit_base_patch16_224,1,ILSVRC2012_val_00000081.JPEG,predicted,patch_score,0.15,3,True,-0.07053279876708984,-0.008971240371465683,False,1.0,1.0,1.0
vit_base_patch16_224,2,ILSVRC2012_val_00000102.JPEG,predicted,patch_score,0.15,3,True,0.9333648681640625,0.184322789311409,False,1.0,1.0,1.0
vit_base_patch16_224,3,ILSVRC2012_val_00000117.JPEG,predicted,patch_score,0.15,3,True,0.6498489379882812,0.12527549266815186,False,1.0,1.0,1.0
vit_base_patch16_224,4,ILSVRC2012_val_00000120.JPEG,predicted,patch_score,0.15,3,True,-0.24582481384277344,-0.04414378106594086,False,1.0,1.0,1.0
vit_base_patch16_224,5,ILSVRC2012_val_00000138.JPEG,predicted,patch_score,0.15,3,True,-0.04012298583984375,-0.003246009349822998,False,1.0,1.0,1.0
vit_base_patch16_224,6,ILSVRC2012_val_00000166.JPEG,predicted,patch_score,0.15,3,True,0.08805274963378906,0.008709803223609924,False,1.0,1.0,1.0
vit_base_patch16_224,7,ILSVRC2012_val_00000262.JPEG,predicted,patch_score,0.15,3,True,-0.07133960723876953,-0.00439220666885376,False,1.0,1.0,1.0
vit_base_patch16_224,0,ILSVRC2012_val_00000031.JPEG,predicted,gradcam_relu,0.15,0,True,0.06568336486816406,0.006528615951538086,False,0.17259041965007782,0.3243243098258972,1.0
vit_base_patch16_224,1,ILSVRC2012_val_00000081.JPEG,predicted,gradcam_relu,0.15,0,True,-0.5949907302856445,-0.031178120523691177,False,0.21481405198574066,0.2810457646846771,1.0
vit_base_patch16_224,2,ILSVRC2012_val_00000102.JPEG,predicted,gradcam_relu,0.15,0,True,0.42226219177246094,0.05181281268596649,False,0.11191260069608688,0.35172414779663086,1.0
vit_base_patch16_224,3,ILSVRC2012_val_00000117.JPEG,predicted,gradcam_relu,0.15,0,True,0.8263559341430664,0.07190293073654175,False,0.1773589700460434,0.30666667222976685,1.0
vit_base_patch16_224,4,ILSVRC2012_val_00000120.JPEG,predicted,gradcam_relu,0.15,0,True,-0.10504436492919922,-0.023414388298988342,False,0.0665396973490715,0.3154362440109253,1.0
vit_base_patch16_224,5,ILSVRC2012_val_00000138.JPEG,predicted,gradcam_relu,0.15,0,True,-0.1236724853515625,-0.011893123388290405,False,-0.035826247185468674,0.3802816867828369,1.0
vit_base_patch16_224,6,ILSVRC2012_val_00000166.JPEG,predicted,gradcam_relu,0.15,0,True,0.08206748962402344,0.008274450898170471,False,0.34578490257263184,0.21739129722118378,1.0
vit_base_patch16_224,7,ILSVRC2012_val_00000262.JPEG,predicted,gradcam_relu,0.15,0,True,-0.09326934814453125,-0.006371438503265381,False,0.28531745076179504,0.2810457646846771,1.0
vit_base_patch16_224,0,ILSVRC2012_val_00000031.JPEG,predicted,gradcam_relu,0.15,1,True,-0.0033817291259765625,-0.0018659159541130066,False,0.17259041965007782,0.3243243098258972,1.0
vit_base_patch16_224,1,ILSVRC2012_val_00000081.JPEG,predicted,gradcam_relu,0.15,1,True,-0.7183723449707031,-0.03398877754807472,False,0.21481405198574066,0.2810457646846771,1.0
vit_base_patch16_224,2,ILSVRC2012_val_00000102.JPEG,predicted,gradcam_relu,0.15,1,True,1.2394790649414062,0.35933560132980347,False,0.11191260069608688,0.35172414779663086,1.0
vit_base_patch16_224,3,ILSVRC2012_val_00000117.JPEG,predicted,gradcam_relu,0.15,1,True,0.6264839172363281,0.10373371839523315,False,0.1773589700460434,0.30666667222976685,1.0
vit_base_patch16_224,4,ILSVRC2012_val_00000120.JPEG,predicted,gradcam_relu,0.15,1,True,-0.23166561126708984,-0.043757423758506775,False,0.0665396973490715,0.3154362440109253,1.0
vit_base_patch16_224,5,ILSVRC2012_val_00000138.JPEG,predicted,gradcam_relu,0.15,1,True,-0.0582733154296875,-0.0031959712505340576,False,-0.035826247185468674,0.3802816867828369,1.0
vit_base_patch16_224,6,ILSVRC2012_val_00000166.JPEG,predicted,gradcam_relu,0.15,1,True,0.018186569213867188,0.0017006471753120422,False,0.34578490257263184,0.21739129722118378,1.0
vit_base_patch16_224,7,ILSVRC2012_val_00000262.JPEG,predicted,gradcam_relu,0.15,1,True,-0.04274940490722656,0.0013326182961463928,False,0.28531745076179504,0.2810457646846771,1.0
vit_base_patch16_224,0,ILSVRC2012_val_00000031.JPEG,predicted,gradcam_relu,0.15,2,True,0.013577461242675781,0.0009263902902603149,False,0.17259041965007782,0.3243243098258972,1.0
vit_base_patch16_224,1,ILSVRC2012_val_00000081.JPEG,predicted,gradcam_relu,0.15,2,True,-0.4888620376586914,-0.025939736515283585,False,0.21481405198574066,0.2810457646846771,1.0
vit_base_patch16_224,2,ILSVRC2012_val_00000102.JPEG,predicted,gradcam_relu,0.15,2,True,0.8288850784301758,0.19963957369327545,False,0.11191260069608688,0.35172414779663086,1.0
vit_base_patch16_224,3,ILSVRC2012_val_00000117.JPEG,predicted,gradcam_relu,0.15,2,True,0.6448373794555664,0.09338647127151489,False,0.1773589700460434,0.30666667222976685,1.0
vit_base_patch16_224,4,ILSVRC2012_val_00000120.JPEG,predicted,gradcam_relu,0.15,2,True,-0.12261962890625,-0.02749001979827881,False,0.0665396973490715,0.3154362440109253,1.0
vit_base_patch16_224,5,ILSVRC2012_val_00000138.JPEG,predicted,gradcam_relu,0.15,2,True,-0.0741424560546875,-0.006520390510559082,False,-0.035826247185468674,0.3802816867828369,1.0
vit_base_patch16_224,6,ILSVRC2012_val_00000166.JPEG,predicted,gradcam_relu,0.15,2,True,0.017945289611816406,0.0017736777663230896,False,0.34578490257263184,0.21739129722118378,1.0
vit_base_patch16_224,7,ILSVRC2012_val_00000262.JPEG,predicted,gradcam_relu,0.15,2,True,0.031032562255859375,0.004287905991077423,False,0.28531745076179504,0.2810457646846771,1.0
vit_base_patch16_224,0,ILSVRC2012_val_00000031.JPEG,predicted,gradcam_relu,0.15,3,True,-0.01870250701904297,-0.003417104482650757,False,0.17259041965007782,0.3243243098258972,1.0
vit_base_patch16_224,1,ILSVRC2012_val_00000081.JPEG,predicted,gradcam_relu,0.15,3,True,-0.5670242309570312,-0.02886710688471794,False,0.21481405198574066,0.2810457646846771,1.0
vit_base_patch16_224,2,ILSVRC2012_val_00000102.JPEG,predicted,gradcam_relu,0.15,3,True,0.7457695007324219,0.1450403481721878,False,0.11191260069608688,0.35172414779663086,1.0
vit_base_patch16_224,3,ILSVRC2012_val_00000117.JPEG,predicted,gradcam_relu,0.15,3,True,0.45613670349121094,0.022699087858200073,False,0.1773589700460434,0.30666667222976685,1.0
vit_base_patch16_224,4,ILSVRC2012_val_00000120.JPEG,predicted,gradcam_relu,0.15,3,True,-0.06530570983886719,-0.018808096647262573,False,0.0665396973490715,0.3154362440109253,1.0
vit_base_patch16_224,5,ILSVRC2012_val_00000138.JPEG,predicted,gradcam_relu,0.15,3,True,-0.032172203063964844,-0.0020368248224258423,False,-0.035826247185468674,0.3802816867828369,1.0
vit_base_patch16_224,6,ILSVRC2012_val_00000166.JPEG,predicted,gradcam_relu,0.15,3,True,-0.009374618530273438,-0.0015169233083724976,False,0.34578490257263184,0.21739129722118378,1.0
vit_base_patch16_224,7,ILSVRC2012_val_00000262.JPEG,predicted,gradcam_relu,0.15,3,True,0.033336639404296875,0.005056887865066528,False,0.28531745076179504,0.2810457646846771,1.0
vit_base_patch16_224,0,ILSVRC2012_val_00000031.JPEG,predicted,gradcam_signed,0.15,0,True,0.09263420104980469,0.009638190269470215,False,0.17259041965007782,0.3243243098258972,1.0
vit_base_patch16_224,1,ILSVRC2012_val_00000081.JPEG,predicted,gradcam_signed,0.15,0,True,-0.005167961120605469,0.011820152401924133,False,0.21481405198574066,0.2810457646846771,1.0
vit_base_patch16_224,2,ILSVRC2012_val_00000102.JPEG,predicted,gradcam_signed,0.15,0,True,0.935582160949707,0.1978442221879959,False,0.11191260069608688,0.35172414779663086,1.0
vit_base_patch16_224,3,ILSVRC2012_val_00000117.JPEG,predicted,gradcam_signed,0.15,0,True,0.46089649200439453,0.06439557671546936,False,0.1773589700460434,0.30666667222976685,1.0
vit_base_patch16_224,4,ILSVRC2012_val_00000120.JPEG,predicted,gradcam_signed,0.15,0,True,-0.05185890197753906,-0.016850993037223816,False,0.0665396973490715,0.3154362440109253,1.0
vit_base_patch16_224,5,ILSVRC2012_val_00000138.JPEG,predicted,gradcam_signed,0.15,0,True,-0.12451171875,-0.01275382936000824,False,-0.035826247185468674,0.3802816867828369,1.0
vit_base_patch16_224,6,ILSVRC2012_val_00000166.JPEG,predicted,gradcam_signed,0.15,0,True,0.05183601379394531,0.005472004413604736,False,0.34578490257263184,0.21739129722118378,1.0
vit_base_patch16_224,7,ILSVRC2012_val_00000262.JPEG,predicted,gradcam_signed,0.15,0,True,0.08466529846191406,0.008380666375160217,False,0.28531745076179504,0.2810457646846771,1.0
vit_base_patch16_224,0,ILSVRC2012_val_00000031.JPEG,predicted,gradcam_signed,0.15,1,True,-0.059295654296875,-0.0074029043316841125,False,0.17259041965007782,0.3243243098258972,1.0
vit_base_patch16_224,1,ILSVRC2012_val_00000081.JPEG,predicted,gradcam_signed,0.15,1,True,-0.6744356155395508,-0.03368188440799713,False,0.21481405198574066,0.2810457646846771,1.0
vit_base_patch16_224,2,ILSVRC2012_val_00000102.JPEG,predicted,gradcam_signed,0.15,1,True,0.7713584899902344,0.18695227801799774,False,0.11191260069608688,0.35172414779663086,1.0
vit_base_patch16_224,3,ILSVRC2012_val_00000117.JPEG,predicted,gradcam_signed,0.15,1,True,0.3825664520263672,0.01886644959449768,False,0.1773589700460434,0.30666667222976685,1.0
vit_base_patch16_224,4,ILSVRC2012_val_00000120.JPEG,predicted,gradcam_signed,0.15,1,True,-0.08458518981933594,-0.018442630767822266,False,0.0665396973490715,0.3154362440109253,1.0
vit_base_patch16_224,5,ILSVRC2012_val_00000138.JPEG,predicted,gradcam_signed,0.15,1,True,0.1196136474609375,0.01853106915950775,False,-0.035826247185468674,0.3802816867828369,1.0
vit_base_patch16_224,6,ILSVRC2012_val_00000166.JPEG,predicted,gradcam_signed,0.15,1,True,0.022962570190429688,0.0020594745874404907,False,0.34578490257263184,0.21739129722118378,1.0
vit_base_patch16_224,7,ILSVRC2012_val_00000262.JPEG,predicted,gradcam_signed,0.15,1,True,-0.007174491882324219,-0.0017492324113845825,False,0.28531745076179504,0.2810457646846771,1.0
vit_base_patch16_224,0,ILSVRC2012_val_00000031.JPEG,predicted,gradcam_signed,0.15,2,True,-0.025543212890625,-0.004430614411830902,False,0.17259041965007782,0.3243243098258972,1.0
vit_base_patch16_224,1,ILSVRC2012_val_00000081.JPEG,predicted,gradcam_signed,0.15,2,True,0.38199710845947266,0.02718786895275116,False,0.21481405198574066,0.2810457646846771,1.0
vit_base_patch16_224,2,ILSVRC2012_val_00000102.JPEG,predicted,gradcam_signed,0.15,2,True,0.35065460205078125,0.0414620041847229,False,0.11191260069608688,0.35172414779663086,1.0
vit_base_patch16_224,3,ILSVRC2012_val_00000117.JPEG,predicted,gradcam_signed,0.15,2,True,0.40889930725097656,-0.005876332521438599,False,0.1773589700460434,0.30666667222976685,1.0
vit_base_patch16_224,4,ILSVRC2012_val_00000120.JPEG,predicted,gradcam_signed,0.15,2,True,-0.3660116195678711,-0.06083342432975769,False,0.0665396973490715,0.3154362440109253,1.0
vit_base_patch16_224,5,ILSVRC2012_val_00000138.JPEG,predicted,gradcam_signed,0.15,2,True,-0.060028076171875,-0.005402430891990662,False,-0.035826247185468674,0.3802816867828369,1.0
vit_base_patch16_224,6,ILSVRC2012_val_00000166.JPEG,predicted,gradcam_signed,0.15,2,True,-0.021999359130859375,-0.0025195106863975525,False,0.34578490257263184,0.21739129722118378,1.0
vit_base_patch16_224,7,ILSVRC2012_val_00000262.JPEG,predicted,gradcam_signed,0.15,2,True,-0.0802927017211914,-0.006951689720153809,False,0.28531745076179504,0.2810457646846771,1.0
vit_base_patch16_224,0,ILSVRC2012_val_00000031.JPEG,predicted,gradcam_signed,0.15,3,True,-0.09260940551757812,-0.011868536472320557,False,0.17259041965007782,0.3243243098258972,1.0
vit_base_patch16_224,1,ILSVRC2012_val_00000081.JPEG,predicted,gradcam_signed,0.15,3,True,-0.43706417083740234,-0.019137326627969742,False,0.21481405198574066,0.2810457646846771,1.0
vit_base_patch16_224,2,ILSVRC2012_val_00000102.JPEG,predicted,gradcam_signed,0.15,3,True,0.7266130447387695,0.1340206116437912,False,0.11191260069608688,0.35172414779663086,1.0
vit_base_patch16_224,3,ILSVRC2012_val_00000117.JPEG,predicted,gradcam_signed,0.15,3,True,0.6483001708984375,0.12106510996818542,False,0.1773589700460434,0.30666667222976685,1.0
vit_base_patch16_224,4,ILSVRC2012_val_00000120.JPEG,predicted,gradcam_signed,0.15,3,True,0.0691518783569336,0.003213942050933838,False,0.0665396973490715,0.3154362440109253,1.0
vit_base_patch16_224,5,ILSVRC2012_val_00000138.JPEG,predicted,gradcam_signed,0.15,3,True,0.019926071166992188,0.00594756007194519,False,-0.035826247185468674,0.3802816867828369,1.0
vit_base_patch16_224,6,ILSVRC2012_val_00000166.JPEG,predicted,gradcam_signed,0.15,3,True,-0.00214385986328125,-0.0005101114511489868,False,0.34578490257263184,0.21739129722118378,1.0
vit_base_patch16_224,7,ILSVRC2012_val_00000262.JPEG,predicted,gradcam_signed,0.15,3,True,0.03510284423828125,0.004798553884029388,False,0.28531745076179504,0.2810457646846771,1.0
vit_base_patch16_224,0,ILSVRC2012_val_00000031.JPEG,predicted,gradcam_abs,0.15,0,True,-0.025976181030273438,-0.0035076066851615906,False,0.17259041965007782,0.3243243098258972,1.0
vit_base_patch16_224,1,ILSVRC2012_val_00000081.JPEG,predicted,gradcam_abs,0.15,0,True,-0.5424604415893555,-0.025654781609773636,False,0.21481405198574066,0.2810457646846771,1.0
vit_base_patch16_224,2,ILSVRC2012_val_00000102.JPEG,predicted,gradcam_abs,0.15,0,True,0.4265871047973633,0.04897254705429077,False,0.11191260069608688,0.35172414779663086,1.0
vit_base_patch16_224,3,ILSVRC2012_val_00000117.JPEG,predicted,gradcam_abs,0.15,0,True,0.3171663284301758,0.07217681407928467,False,0.1773589700460434,0.30666667222976685,1.0
vit_base_patch16_224,4,ILSVRC2012_val_00000120.JPEG,predicted,gradcam_abs,0.15,0,True,0.12385749816894531,0.014448821544647217,False,0.0665396973490715,0.3154362440109253,1.0
vit_base_patch16_224,5,ILSVRC2012_val_00000138.JPEG,predicted,gradcam_abs,0.15,0,True,0.04457664489746094,0.007918834686279297,False,-0.035826247185468674,0.3802816867828369,1.0
vit_base_patch16_224,6,ILSVRC2012_val_00000166.JPEG,predicted,gradcam_abs,0.15,0,True,0.05340576171875,0.004990667104721069,False,0.34578490257263184,0.21739129722118378,1.0
vit_base_patch16_224,7,ILSVRC2012_val_00000262.JPEG,predicted,gradcam_abs,0.15,0,True,-0.026851654052734375,0.001374267041683197,False,0.28531745076179504,0.2810457646846771,1.0
vit_base_patch16_224,0,ILSVRC2012_val_00000031.JPEG,predicted,gradcam_abs,0.15,1,True,0.055423736572265625,0.005971729755401611,False,0.17259041965007782,0.3243243098258972,1.0
vit_base_patch16_224,1,ILSVRC2012_val_00000081.JPEG,predicted,gradcam_abs,0.15,1,True,-0.24384021759033203,-0.0138884037733078,False,0.21481405198574066,0.2810457646846771,1.0
vit_base_patch16_224,2,ILSVRC2012_val_00000102.JPEG,predicted,gradcam_abs,0.15,1,True,0.5628013610839844,0.10752171277999878,False,0.11191260069608688,0.35172414779663086,1.0
vit_base_patch16_224,3,ILSVRC2012_val_00000117.JPEG,predicted,gradcam_abs,0.15,1,True,1.1814889907836914,0.21029075980186462,False,0.1773589700460434,0.30666667222976685,1.0
vit_base_patch16_224,4,ILSVRC2012_val_00000120.JPEG,predicted,gradcam_abs,0.15,1,True,-0.022327423095703125,0.008536562323570251,False,0.0665396973490715,0.3154362440109253,1.0
vit_base_patch16_224,5,ILSVRC2012_val_00000138.JPEG,predicted,gradcam_abs,0.15,1,True,-0.16901779174804688,-0.01918584108352661,False,-0.035826247185468674,0.3802816867828369,1.0
vit_base_patch16_224,6,ILSVRC2012_val_00000166.JPEG,predicted,gradcam_abs,0.15,1,True,-0.05030250549316406,-0.005544997751712799,False,0.34578490257263184,0.21739129722118378,1.0
vit_base_patch16_224,7,ILSVRC2012_val_00000262.JPEG,predicted,gradcam_abs,0.15,1,True,0.08889198303222656,0.0119633749127388,False,0.28531745076179504,0.2810457646846771,1.0
vit_base_patch16_224,0,ILSVRC2012_val_00000031.JPEG,predicted,gradcam_abs,0.15,2,True,0.043575286865234375,0.004923701286315918,False,0.17259041965007782,0.3243243098258972,1.0
vit_base_patch16_224,1,ILSVRC2012_val_00000081.JPEG,predicted,gradcam_abs,0.15,2,True,-0.04705333709716797,-0.004246607422828674,False,0.21481405198574066,0.2810457646846771,1.0
vit_base_patch16_224,2,ILSVRC2012_val_00000102.JPEG,predicted,gradcam_abs,0.15,2,True,0.34980106353759766,0.04783293604850769,False,0.11191260069608688,0.35172414779663086,1.0
vit_base_patch16_224,3,ILSVRC2012_val_00000117.JPEG,predicted,gradcam_abs,0.15,2,True,0.20800399780273438,0.030172497034072876,False,0.1773589700460434,0.30666667222976685,1.0
vit_base_patch16_224,4,ILSVRC2012_val_00000120.JPEG,predicted,gradcam_abs,0.15,2,True,0.14366722106933594,0.021276012063026428,False,0.0665396973490715,0.3154362440109253,1.0
vit_base_patch16_224,5,ILSVRC2012_val_00000138.JPEG,predicted,gradcam_abs,0.15,2,True,-0.02639484405517578,-0.0017762184143066406,False,-0.035826247185468674,0.3802816867828369,1.0
vit_base_patch16_224,6,ILSVRC2012_val_00000166.JPEG,predicted,gradcam_abs,0.15,2,True,-0.005284309387207031,-0.0005243048071861267,False,0.34578490257263184,0.21739129722118378,1.0
vit_base_patch16_224,7,ILSVRC2012_val_00000262.JPEG,predicted,gradcam_abs,0.15,2,True,-0.053870201110839844,0.001993916928768158,False,0.28531745076179504,0.2810457646846771,1.0
vit_base_patch16_224,0,ILSVRC2012_val_00000031.JPEG,predicted,gradcam_abs,0.15,3,True,-0.09273338317871094,-0.012214593589305878,False,0.17259041965007782,0.3243243098258972,1.0
vit_base_patch16_224,1,ILSVRC2012_val_00000081.JPEG,predicted,gradcam_abs,0.15,3,True,-0.3135204315185547,-0.01538783311843872,False,0.21481405198574066,0.2810457646846771,1.0
vit_base_patch16_224,2,ILSVRC2012_val_00000102.JPEG,predicted,gradcam_abs,0.15,3,True,0.5279827117919922,0.08573879301548004,False,0.11191260069608688,0.35172414779663086,1.0
vit_base_patch16_224,3,ILSVRC2012_val_00000117.JPEG,predicted,gradcam_abs,0.15,3,True,0.5909643173217773,0.031443268060684204,False,0.1773589700460434,0.30666667222976685,1.0
vit_base_patch16_224,4,ILSVRC2012_val_00000120.JPEG,predicted,gradcam_abs,0.15,3,True,-0.15929031372070312,-0.0327182412147522,False,0.0665396973490715,0.3154362440109253,1.0
vit_base_patch16_224,5,ILSVRC2012_val_00000138.JPEG,predicted,gradcam_abs,0.15,3,True,-0.06196022033691406,-0.005973696708679199,False,-0.035826247185468674,0.3802816867828369,1.0
vit_base_patch16_224,6,ILSVRC2012_val_00000166.JPEG,predicted,gradcam_abs,0.15,3,True,0.0187225341796875,0.001513354480266571,False,0.34578490257263184,0.21739129722118378,1.0
vit_base_patch16_224,7,ILSVRC2012_val_00000262.JPEG,predicted,gradcam_abs,0.15,3,True,-0.09387588500976562,-0.006477244198322296,False,0.28531745076179504,0.2810457646846771,1.0
vit_base_patch16_224,0,ILSVRC2012_val_00000031.JPEG,predicted,random_uniform,0.15,0,True,-0.05134296417236328,-0.007020354270935059,False,1.0,1.0,1.0
vit_base_patch16_224,1,ILSVRC2012_val_00000081.JPEG,predicted,random_uniform,0.15,0,True,-0.14099597930908203,-0.011456113308668137,False,1.0,1.0,1.0
vit_base_patch16_224,2,ILSVRC2012_val_00000102.JPEG,predicted,random_uniform,0.15,0,True,1.4654273986816406,0.4990736246109009,False,1.0,1.0,1.0
vit_base_patch16_224,3,ILSVRC2012_val_00000117.JPEG,predicted,random_uniform,0.15,0,True,0.43717002868652344,0.08436217904090881,False,1.0,1.0,1.0
vit_base_patch16_224,4,ILSVRC2012_val_00000120.JPEG,predicted,random_uniform,0.15,0,True,-0.24529647827148438,-0.04519359767436981,False,1.0,1.0,1.0
vit_base_patch16_224,5,ILSVRC2012_val_00000138.JPEG,predicted,random_uniform,0.15,0,True,-0.11285972595214844,-0.012844592332839966,False,1.0,1.0,1.0
vit_base_patch16_224,6,ILSVRC2012_val_00000166.JPEG,predicted,random_uniform,0.15,0,True,0.04218292236328125,0.00420042872428894,False,1.0,1.0,1.0
vit_base_patch16_224,7,ILSVRC2012_val_00000262.JPEG,predicted,random_uniform,0.15,0,True,-0.054866790771484375,-0.005618534982204437,False,1.0,1.0,1.0
vit_base_patch16_224,0,ILSVRC2012_val_00000031.JPEG,predicted,random_uniform,0.15,1,True,-0.04586982727050781,-0.005765922367572784,False,1.0,1.0,1.0
vit_base_patch16_224,1,ILSVRC2012_val_00000081.JPEG,predicted,random_uniform,0.15,1,True,-0.6715383529663086,-0.0336960069835186,False,1.0,1.0,1.0
vit_base_patch16_224,2,ILSVRC2012_val_00000102.JPEG,predicted,random_uniform,0.15,1,True,1.454732894897461,0.451549232006073,False,1.0,1.0,1.0
vit_base_patch16_224,3,ILSVRC2012_val_00000117.JPEG,predicted,random_uniform,0.15,1,True,0.5328483581542969,0.09529843926429749,False,1.0,1.0,1.0
vit_base_patch16_224,4,ILSVRC2012_val_00000120.JPEG,predicted,random_uniform,0.15,1,True,-0.13317203521728516,-0.029597148299217224,False,1.0,1.0,1.0
vit_base_patch16_224,5,ILSVRC2012_val_00000138.JPEG,predicted,random_uniform,0.15,1,True,-0.07349014282226562,-0.0074717700481414795,False,1.0,1.0,1.0
vit_base_patch16_224,6,ILSVRC2012_val_00000166.JPEG,predicted,random_uniform,0.15,1,True,-0.02323150634765625,-0.00320453941822052,False,1.0,1.0,1.0
vit_base_patch16_224,7,ILSVRC2012_val_00000262.JPEG,predicted,random_uniform,0.15,1,True,-0.062224388122558594,0.0011493489146232605,False,1.0,1.0,1.0
vit_base_patch16_224,0,ILSVRC2012_val_00000031.JPEG,predicted,random_uniform,0.15,2,True,0.017177581787109375,0.000736922025680542,False,1.0,1.0,1.0
vit_base_patch16_224,1,ILSVRC2012_val_00000081.JPEG,predicted,random_uniform,0.15,2,True,-0.4572591781616211,-0.028016038239002228,False,1.0,1.0,1.0
vit_base_patch16_224,2,ILSVRC2012_val_00000102.JPEG,predicted,random_uniform,0.15,2,True,0.702998161315918,0.1291731745004654,False,1.0,1.0,1.0
vit_base_patch16_224,3,ILSVRC2012_val_00000117.JPEG,predicted,random_uniform,0.15,2,True,0.6637506484985352,0.06706547737121582,False,1.0,1.0,1.0
vit_base_patch16_224,4,ILSVRC2012_val_00000120.JPEG,predicted,random_uniform,0.15,2,True,-0.16206741333007812,-0.03360927104949951,False,1.0,1.0,1.0
vit_base_patch16_224,5,ILSVRC2012_val_00000138.JPEG,predicted,random_uniform,0.15,2,True,-0.18703269958496094,-0.020817726850509644,False,1.0,1.0,1.0
vit_base_patch16_224,6,ILSVRC2012_val_00000166.JPEG,predicted,random_uniform,0.15,2,True,-0.03768444061279297,-0.004232384264469147,False,1.0,1.0,1.0
vit_base_patch16_224,7,ILSVRC2012_val_00000262.JPEG,predicted,random_uniform,0.15,2,True,0.1012725830078125,0.011244863271713257,False,1.0,1.0,1.0
vit_base_patch16_224,0,ILSVRC2012_val_00000031.JPEG,predicted,random_uniform,0.15,3,True,-0.09119987487792969,-0.011550277471542358,False,1.0,1.0,1.0
vit_base_patch16_224,1,ILSVRC2012_val_00000081.JPEG,predicted,random_uniform,0.15,3,True,-0.1416301727294922,-0.011600896716117859,False,1.0,1.0,1.0
vit_base_patch16_224,2,ILSVRC2012_val_00000102.JPEG,predicted,random_uniform,0.15,3,True,1.531562328338623,0.5435855984687805,False,1.0,1.0,1.0
vit_base_patch16_224,3,ILSVRC2012_val_00000117.JPEG,predicted,random_uniform,0.15,3,True,0.5413618087768555,0.06533956527709961,False,1.0,1.0,1.0
vit_base_patch16_224,4,ILSVRC2012_val_00000120.JPEG,predicted,random_uniform,0.15,3,True,-0.20123767852783203,-0.038425907492637634,False,1.0,1.0,1.0
vit_base_patch16_224,5,ILSVRC2012_val_00000138.JPEG,predicted,random_uniform,0.15,3,True,-0.004016876220703125,0.0006638169288635254,False,1.0,1.0,1.0
vit_base_patch16_224,6,ILSVRC2012_val_00000166.JPEG,predicted,random_uniform,0.15,3,True,-0.038527488708496094,-0.003929011523723602,False,1.0,1.0,1.0
vit_base_patch16_224,7,ILSVRC2012_val_00000262.JPEG,predicted,random_uniform,0.15,3,True,-0.028333663940429688,-0.0019867047667503357,False,1.0,1.0,1.0
vit_base_patch16_224,8,ILSVRC2012_val_00000299.JPEG,predicted,patch_score,0.15,0,True,0.047969818115234375,-0.07305635511875153,False,1.0,1.0,1.0
vit_base_patch16_224,9,ILSVRC2012_val_00000410.JPEG,predicted,patch_score,0.15,0,True,-0.029081344604492188,0.0034134462475776672,False,1.0,1.0,1.0
vit_base_patch16_224,10,ILSVRC2012_val_00000499.JPEG,predicted,patch_score,0.15,0,True,-0.013689041137695312,-0.00046487897634506226,False,1.0,1.0,1.0
vit_base_patch16_224,11,ILSVRC2012_val_00000526.JPEG,predicted,patch_score,0.15,0,True,0.41337108612060547,0.07637958973646164,False,1.0,1.0,1.0
vit_base_patch16_224,12,ILSVRC2012_val_00000537.JPEG,predicted,patch_score,0.15,0,True,0.30990123748779297,0.05237673223018646,False,1.0,1.0,1.0
vit_base_patch16_224,13,ILSVRC2012_val_00000548.JPEG,predicted,patch_score,0.15,0,True,0.42169189453125,0.0705268457531929,False,1.0,1.0,1.0
vit_base_patch16_224,14,ILSVRC2012_val_00000575.JPEG,predicted,patch_score,0.15,0,False,-0.1539139747619629,-0.08766394853591919,True,1.0,1.0,1.0
vit_base_patch16_224,15,ILSVRC2012_val_00000602.JPEG,predicted,patch_score,0.15,0,True,0.16332435607910156,0.02347349375486374,False,1.0,1.0,1.0
vit_base_patch16_224,8,ILSVRC2012_val_00000299.JPEG,predicted,patch_score,0.15,1,True,-0.048020362854003906,-0.08613176643848419,False,1.0,1.0,1.0
vit_base_patch16_224,9,ILSVRC2012_val_00000410.JPEG,predicted,patch_score,0.15,1,True,0.03507709503173828,0.0020106658339500427,False,1.0,1.0,1.0
vit_base_patch16_224,10,ILSVRC2012_val_00000499.JPEG,predicted,patch_score,0.15,1,True,-0.06079864501953125,-0.00536268949508667,False,1.0,1.0,1.0
vit_base_patch16_224,11,ILSVRC2012_val_00000526.JPEG,predicted,patch_score,0.15,1,True,0.3669710159301758,0.05989242345094681,False,1.0,1.0,1.0
vit_base_patch16_224,12,ILSVRC2012_val_00000537.JPEG,predicted,patch_score,0.15,1,True,-0.01819324493408203,0.01839303970336914,False,1.0,1.0,1.0
vit_base_patch16_224,13,ILSVRC2012_val_00000548.JPEG,predicted,patch_score,0.15,1,True,0.27111053466796875,0.03826727718114853,False,1.0,1.0,1.0
vit_base_patch16_224,14,ILSVRC2012_val_00000575.JPEG,predicted,patch_score,0.15,1,False,-0.01771688461303711,-0.06073683500289917,True,1.0,1.0,1.0
vit_base_patch16_224,15,ILSVRC2012_val_00000602.JPEG,predicted,patch_score,0.15,1,True,-0.018428802490234375,0.004112415015697479,False,1.0,1.0,1.0
vit_base_patch16_224,8,ILSVRC2012_val_00000299.JPEG,predicted,patch_score,0.15,2,True,-0.04100513458251953,-0.061825573444366455,False,1.0,1.0,1.0
vit_base_patch16_224,9,ILSVRC2012_val_00000410.JPEG,predicted,patch_score,0.15,2,True,0.03935050964355469,0.004097938537597656,False,1.0,1.0,1.0
vit_base_patch16_224,10,ILSVRC2012_val_00000499.JPEG,predicted,patch_score,0.15,2,True,-0.0008230209350585938,0.00030381232500076294,False,1.0,1.0,1.0
vit_base_patch16_224,11,ILSVRC2012_val_00000526.JPEG,predicted,patch_score,0.15,2,True,0.35486412048339844,0.05265193432569504,False,1.0,1.0,1.0
vit_base_patch16_224,12,ILSVRC2012_val_00000537.JPEG,predicted,patch_score,0.15,2,True,0.14694595336914062,0.04325857758522034,False,1.0,1.0,1.0
vit_base_patch16_224,13,ILSVRC2012_val_00000548.JPEG,predicted,patch_score,0.15,2,True,0.6212739944458008,0.12600663304328918,False,1.0,1.0,1.0
vit_base_patch16_224,14,ILSVRC2012_val_00000575.JPEG,predicted,patch_score,0.15,2,False,0.5124897956848145,0.5234095454216003,False,1.0,1.0,1.0
vit_base_patch16_224,15,ILSVRC2012_val_00000602.JPEG,predicted,patch_score,0.15,2,True,0.17279815673828125,0.0287918820977211,False,1.0,1.0,1.0
vit_base_patch16_224,8,ILSVRC2012_val_00000299.JPEG,predicted,patch_score,0.15,3,True,-0.24562454223632812,-0.07279163599014282,False,1.0,1.0,1.0
vit_base_patch16_224,9,ILSVRC2012_val_00000410.JPEG,predicted,patch_score,0.15,3,True,-0.13205718994140625,-0.009567655622959137,False,1.0,1.0,1.0
vit_base_patch16_224,10,ILSVRC2012_val_00000499.JPEG,predicted,patch_score,0.15,3,True,0.0050716400146484375,0.001171804964542389,False,1.0,1.0,1.0
vit_base_patch16_224,11,ILSVRC2012_val_00000526.JPEG,predicted,patch_score,0.15,3,True,0.5806598663330078,0.10986068099737167,False,1.0,1.0,1.0
vit_base_patch16_224,12,ILSVRC2012_val_00000537.JPEG,predicted,patch_score,0.15,3,True,0.14274978637695312,0.03955696523189545,False,1.0,1.0,1.0
vit_base_patch16_224,13,ILSVRC2012_val_00000548.JPEG,predicted,patch_score,0.15,3,True,0.7339811325073242,0.11511648446321487,False,1.0,1.0,1.0
vit_base_patch16_224,14,ILSVRC2012_val_00000575.JPEG,predicted,patch_score,0.15,3,False,0.42349863052368164,0.3970192074775696,False,1.0,1.0,1.0
vit_base_patch16_224,15,ILSVRC2012_val_00000602.JPEG,predicted,patch_score,0.15,3,True,-0.0065822601318359375,0.004158869385719299,False,1.0,1.0,1.0
vit_base_patch16_224,8,ILSVRC2012_val_00000299.JPEG,predicted,gradcam_relu,0.15,0,True,-0.12196826934814453,-0.06004197895526886,False,0.02396225929260254,0.37062937021255493,1.0
vit_base_patch16_224,9,ILSVRC2012_val_00000410.JPEG,predicted,gradcam_relu,0.15,0,True,0.0767374038696289,0.005831465125083923,False,-0.38449105620384216,0.44117647409439087,1.0
vit_base_patch16_224,10,ILSVRC2012_val_00000499.JPEG,predicted,gradcam_relu,0.15,0,True,0.08567523956298828,0.00953296571969986,False,0.22732511162757874,0.27272728085517883,1.0
vit_base_patch16_224,11,ILSVRC2012_val_00000526.JPEG,predicted,gradcam_relu,0.15,0,True,0.4222698211669922,0.055018387734889984,False,0.4031907320022583,0.2405063360929489,1.0
vit_base_patch16_224,12,ILSVRC2012_val_00000537.JPEG,predicted,gradcam_relu,0.15,0,True,0.24262523651123047,0.05455918610095978,False,0.5060475468635559,0.13953489065170288,1.0
vit_base_patch16_224,13,ILSVRC2012_val_00000548.JPEG,predicted,gradcam_relu,0.15,0,True,0.4990816116333008,0.06134357303380966,False,-0.13002415001392365,0.44117647409439087,1.0
vit_base_patch16_224,14,ILSVRC2012_val_00000575.JPEG,predicted,gradcam_relu,0.15,0,False,0.205108642578125,0.2735498547554016,False,-0.08702436089515686,0.4736842215061188,1.0
vit_base_patch16_224,15,ILSVRC2012_val_00000602.JPEG,predicted,gradcam_relu,0.15,0,True,-0.06746959686279297,-0.0006647482514381409,False,0.027764983475208282,0.3154362440109253,1.0
vit_base_patch16_224,8,ILSVRC2012_val_00000299.JPEG,predicted,gradcam_relu,0.15,1,True,-0.2335214614868164,-0.06324893236160278,False,0.02396225929260254,0.37062937021255493,1.0
vit_base_patch16_224,9,ILSVRC2012_val_00000410.JPEG,predicted,gradcam_relu,0.15,1,True,0.1997661590576172,0.014380648732185364,False,-0.38449105620384216,0.44117647409439087,1.0
vit_base_patch16_224,10,ILSVRC2012_val_00000499.JPEG,predicted,gradcam_relu,0.15,1,True,-0.0217437744140625,-0.0019063949584960938,False,0.22732511162757874,0.27272728085517883,1.0
vit_base_patch16_224,11,ILSVRC2012_val_00000526.JPEG,predicted,gradcam_relu,0.15,1,True,0.5237646102905273,0.06344033032655716,False,0.4031907320022583,0.2405063360929489,1.0
vit_base_patch16_224,12,ILSVRC2012_val_00000537.JPEG,predicted,gradcam_relu,0.15,1,True,-0.0346527099609375,0.002051025629043579,False,0.5060475468635559,0.13953489065170288,1.0
vit_base_patch16_224,13,ILSVRC2012_val_00000548.JPEG,predicted,gradcam_relu,0.15,1,True,0.5922870635986328,0.08045213669538498,False,-0.13002415001392365,0.44117647409439087,1.0
vit_base_patch16_224,14,ILSVRC2012_val_00000575.JPEG,predicted,gradcam_relu,0.15,1,False,0.15668106079101562,0.27702802419662476,False,-0.08702436089515686,0.4736842215061188,1.0
vit_base_patch16_224,15,ILSVRC2012_val_00000602.JPEG,predicted,gradcam_relu,0.15,1,True,0.09251976013183594,0.01167546957731247,False,0.027764983475208282,0.3154362440109253,1.0
vit_base_patch16_224,8,ILSVRC2012_val_00000299.JPEG,predicted,gradcam_relu,0.15,2,True,0.030188560485839844,-0.02408716082572937,False,0.02396225929260254,0.37062937021255493,1.0
vit_base_patch16_224,9,ILSVRC2012_val_00000410.JPEG,predicted,gradcam_relu,0.15,2,True,0.26957035064697266,0.02254965901374817,False,-0.38449105620384216,0.44117647409439087,1.0
vit_base_patch16_224,10,ILSVRC2012_val_00000499.JPEG,predicted,gradcam_relu,0.15,2,True,0.04925346374511719,0.005363084375858307,False,0.22732511162757874,0.27272728085517883,1.0
vit_base_patch16_224,11,ILSVRC2012_val_00000526.JPEG,predicted,gradcam_relu,0.15,2,True,0.30947017669677734,0.037916697561740875,False,0.4031907320022583,0.2405063360929489,1.0
vit_base_patch16_224,12,ILSVRC2012_val_00000537.JPEG,predicted,gradcam_relu,0.15,2,True,-0.0092010498046875,0.018149062991142273,False,0.5060475468635559,0.13953489065170288,1.0
vit_base_patch16_224,13,ILSVRC2012_val_00000548.JPEG,predicted,gradcam_relu,0.15,2,True,0.6719608306884766,0.09344453364610672,False,-0.13002415001392365,0.44117647409439087,1.0
vit_base_patch16_224,14,ILSVRC2012_val_00000575.JPEG,predicted,gradcam_relu,0.15,2,False,0.2332615852355957,0.3515186905860901,False,-0.08702436089515686,0.4736842215061188,1.0
vit_base_patch16_224,15,ILSVRC2012_val_00000602.JPEG,predicted,gradcam_relu,0.15,2,True,-0.0225830078125,-0.003356732428073883,False,0.027764983475208282,0.3154362440109253,1.0
vit_base_patch16_224,8,ILSVRC2012_val_00000299.JPEG,predicted,gradcam_relu,0.15,3,True,0.043018341064453125,-0.026980549097061157,False,0.02396225929260254,0.37062937021255493,1.0
vit_base_patch16_224,9,ILSVRC2012_val_00000410.JPEG,predicted,gradcam_relu,0.15,3,True,0.140838623046875,0.007112674415111542,False,-0.38449105620384216,0.44117647409439087,1.0
vit_base_patch16_224,10,ILSVRC2012_val_00000499.JPEG,predicted,gradcam_relu,0.15,3,True,-0.00139617919921875,0.00043998658657073975,False,0.22732511162757874,0.27272728085517883,1.0
vit_base_patch16_224,11,ILSVRC2012_val_00000526.JPEG,predicted,gradcam_relu,0.15,3,True,0.3983135223388672,0.05692025274038315,False,0.4031907320022583,0.2405063360929489,1.0
vit_base_patch16_224,12,ILSVRC2012_val_00000537.JPEG,predicted,gradcam_relu,0.15,3,True,0.1722249984741211,0.046641603112220764,False,0.5060475468635559,0.13953489065170288,1.0
vit_base_patch16_224,13,ILSVRC2012_val_00000548.JPEG,predicted,gradcam_relu,0.15,3,True,0.46891212463378906,0.05821826308965683,False,-0.13002415001392365,0.44117647409439087,1.0
vit_base_patch16_224,14,ILSVRC2012_val_00000575.JPEG,predicted,gradcam_relu,0.15,3,False,0.4562349319458008,0.4465641379356384,False,-0.08702436089515686,0.4736842215061188,1.0
vit_base_patch16_224,15,ILSVRC2012_val_00000602.JPEG,predicted,gradcam_relu,0.15,3,True,-0.1831645965576172,-0.011481426656246185,False,0.027764983475208282,0.3154362440109253,1.0
vit_base_patch16_224,8,ILSVRC2012_val_00000299.JPEG,predicted,gradcam_signed,0.15,0,True,0.18323612213134766,0.08921493589878082,False,0.02396225929260254,0.37062937021255493,1.0
vit_base_patch16_224,9,ILSVRC2012_val_00000410.JPEG,predicted,gradcam_signed,0.15,0,True,0.07636260986328125,0.006272055208683014,False,-0.38449105620384216,0.44117647409439087,1.0
vit_base_patch16_224,10,ILSVRC2012_val_00000499.JPEG,predicted,gradcam_signed,0.15,0,True,0.021465301513671875,0.0026564225554466248,False,0.22732511162757874,0.27272728085517883,1.0
vit_base_patch16_224,11,ILSVRC2012_val_00000526.JPEG,predicted,gradcam_signed,0.15,0,True,0.1534290313720703,0.01328343152999878,False,0.4031907320022583,0.2405063360929489,1.0
vit_base_patch16_224,12,ILSVRC2012_val_00000537.JPEG,predicted,gradcam_signed,0.15,0,True,0.021291732788085938,0.030385315418243408,False,0.5060475468635559,0.13953489065170288,1.0
vit_base_patch16_224,13,ILSVRC2012_val_00000548.JPEG,predicted,gradcam_signed,0.15,0,True,0.7975549697875977,0.11621630936861038,False,-0.13002415001392365,0.44117647409439087,1.0
vit_base_patch16_224,14,ILSVRC2012_val_00000575.JPEG,predicted,gradcam_signed,0.15,0,False,0.2696652412414551,0.35322993993759155,False,-0.08702436089515686,0.4736842215061188,1.0
vit_base_patch16_224,15,ILSVRC2012_val_00000602.JPEG,predicted,gradcam_signed,0.15,0,True,0.12662792205810547,0.015370525419712067,False,0.027764983475208282,0.3154362440109253,1.0
vit_base_patch16_224,8,ILSVRC2012_val_00000299.JPEG,predicted,gradcam_signed,0.15,1,True,0.1125020980834961,0.03944350779056549,False,0.02396225929260254,0.37062937021255493,1.0
vit_base_patch16_224,9,ILSVRC2012_val_00000410.JPEG,predicted,gradcam_signed,0.15,1,True,0.07202816009521484,0.002213113009929657,False,-0.38449105620384216,0.44117647409439087,1.0
vit_base_patch16_224,10,ILSVRC2012_val_00000499.JPEG,predicted,gradcam_signed,0.15,1,True,0.023395538330078125,0.0024891048669815063,False,0.22732511162757874,0.27272728085517883,1.0
vit_base_patch16_224,11,ILSVRC2012_val_00000526.JPEG,predicted,gradcam_signed,0.15,1,True,0.2840433120727539,0.027635134756565094,False,0.4031907320022583,0.2405063360929489,1.0
vit_base_patch16_224,12,ILSVRC2012_val_00000537.JPEG,predicted,gradcam_signed,0.15,1,True,0.25269222259521484,0.05592496693134308,False,0.5060475468635559,0.13953489065170288,1.0
vit_base_patch16_224,13,ILSVRC2012_val_00000548.JPEG,predicted,gradcam_signed,0.15,1,True,0.6449031829833984,0.08756286650896072,False,-0.13002415001392365,0.44117647409439087,1.0
vit_base_patch16_224,14,ILSVRC2012_val_00000575.JPEG,predicted,gradcam_signed,0.15,1,False,0.5634350776672363,0.6515102982521057,False,-0.08702436089515686,0.4736842215061188,1.0
vit_base_patch16_224,15,ILSVRC2012_val_00000602.JPEG,predicted,gradcam_signed,0.15,1,True,-0.10865020751953125,-0.005738161504268646,False,0.027764983475208282,0.3154362440109253,1.0
vit_base_patch16_224,8,ILSVRC2012_val_00000299.JPEG,predicted,gradcam_signed,0.15,2,True,-0.05063152313232422,-0.07288746535778046,False,0.02396225929260254,0.37062937021255493,1.0
vit_base_patch16_224,9,ILSVRC2012_val_00000410.JPEG,predicted,gradcam_signed,0.15,2,True,-0.02608013153076172,-0.0010804161429405212,False,-0.38449105620384216,0.44117647409439087,1.0
vit_base_patch16_224,10,ILSVRC2012_val_00000499.JPEG,predicted,gradcam_signed,0.15,2,True,0.04556465148925781,0.004690587520599365,False,0.22732511162757874,0.27272728085517883,1.0
vit_base_patch16_224,11,ILSVRC2012_val_00000526.JPEG,predicted,gradcam_signed,0.15,2,True,0.02457904815673828,0.008960910141468048,False,0.4031907320022583,0.2405063360929489,1.0
vit_base_patch16_224,12,ILSVRC2012_val_00000537.JPEG,predicted,gradcam_signed,0.15,2,True,-0.1972827911376953,-0.019131317734718323,False,0.5060475468635559,0.13953489065170288,1.0
vit_base_patch16_224,13,ILSVRC2012_val_00000548.JPEG,predicted,gradcam_signed,0.15,2,True,0.7701587677001953,0.11044564098119736,False,-0.13002415001392365,0.44117647409439087,1.0
vit_base_patch16_224,14,ILSVRC2012_val_00000575.JPEG,predicted,gradcam_signed,0.15,2,False,0.28548479080200195,0.32611364126205444,False,-0.08702436089515686,0.4736842215061188,1.0
vit_base_patch16_224,15,ILSVRC2012_val_00000602.JPEG,predicted,gradcam_signed,0.15,2,True,-0.030015945434570312,-0.0001717209815979004,False,0.027764983475208282,0.3154362440109253,1.0
vit_base_patch16_224,8,ILSVRC2012_val_00000299.JPEG,predicted,gradcam_signed,0.15,3,True,-0.20281219482421875,-0.07059773802757263,False,0.02396225929260254,0.37062937021255493,1.0
vit_base_patch16_224,9,ILSVRC2012_val_00000410.JPEG,predicted,gradcam_signed,0.15,3,True,0.07830619812011719,0.007245279848575592,False,-0.38449105620384216,0.44117647409439087,1.0
vit_base_patch16_224,10,ILSVRC2012_val_00000499.JPEG,predicted,gradcam_signed,0.15,3,True,0.06435203552246094,0.007097415626049042,False,0.22732511162757874,0.27272728085517883,1.0
vit_base_patch16_224,11,ILSVRC2012_val_00000526.JPEG,predicted,gradcam_signed,0.15,3,True,0.24619007110595703,0.02961697429418564,False,0.4031907320022583,0.2405063360929489,1.0
vit_base_patch16_224,12,ILSVRC2012_val_00000537.JPEG,predicted,gradcam_signed,0.15,3,True,-0.06143379211425781,-0.004864409565925598,False,0.5060475468635559,0.13953489065170288,1.0
vit_base_patch16_224,13,ILSVRC2012_val_00000548.JPEG,predicted,gradcam_signed,0.15,3,True,0.7616033554077148,0.11070559173822403,False,-0.13002415001392365,0.44117647409439087,1.0
vit_base_patch16_224,14,ILSVRC2012_val_00000575.JPEG,predicted,gradcam_signed,0.15,3,False,0.19254684448242188,0.2536352276802063,False,-0.08702436089515686,0.4736842215061188,1.0
vit_base_patch16_224,15,ILSVRC2012_val_00000602.JPEG,predicted,gradcam_signed,0.15,3,True,0.3434305191040039,0.04016289860010147,False,0.027764983475208282,0.3154362440109253,1.0
vit_base_patch16_224,8,ILSVRC2012_val_00000299.JPEG,predicted,gradcam_abs,0.15,0,True,-0.17688560485839844,-0.10610442608594894,False,0.02396225929260254,0.37062937021255493,1.0
vit_base_patch16_224,9,ILSVRC2012_val_00000410.JPEG,predicted,gradcam_abs,0.15,0,True,-0.08597564697265625,-0.00369156152009964,False,-0.38449105620384216,0.44117647409439087,1.0
vit_base_patch16_224,10,ILSVRC2012_val_00000499.JPEG,predicted,gradcam_abs,0.15,0,True,0.05818653106689453,0.006393708288669586,False,0.22732511162757874,0.27272728085517883,1.0
vit_base_patch16_224,11,ILSVRC2012_val_00000526.JPEG,predicted,gradcam_abs,0.15,0,True,0.5042324066162109,0.0944109633564949,False,0.4031907320022583,0.2405063360929489,1.0
vit_base_patch16_224,12,ILSVRC2012_val_00000537.JPEG,predicted,gradcam_abs,0.15,0,True,0.22287559509277344,0.07293464243412018,False,0.5060475468635559,0.13953489065170288,1.0
vit_base_patch16_224,13,ILSVRC2012_val_00000548.JPEG,predicted,gradcam_abs,0.15,0,True,1.0333385467529297,0.17232713103294373,False,-0.13002415001392365,0.44117647409439087,1.0
vit_base_patch16_224,14,ILSVRC2012_val_00000575.JPEG,predicted,gradcam_abs,0.15,0,False,0.7424407005310059,1.0124187469482422,False,-0.08702436089515686,0.4736842215061188,1.0
vit_base_patch16_224,15,ILSVRC2012_val_00000602.JPEG,predicted,gradcam_abs,0.15,0,True,0.18492698669433594,0.023514211177825928,False,0.027764983475208282,0.3154362440109253,1.0
vit_base_patch16_224,8,ILSVRC2012_val_00000299.JPEG,predicted,gradcam_abs,0.15,1,True,0.015413284301757812,-0.031299903988838196,False,0.02396225929260254,0.37062937021255493,1.0
vit_base_patch16_224,9,ILSVRC2012_val_00000410.JPEG,predicted,gradcam_abs,0.15,1,True,0.16290855407714844,0.014137260615825653,False,-0.38449105620384216,0.44117647409439087,1.0
vit_base_patch16_224,10,ILSVRC2012_val_00000499.JPEG,predicted,gradcam_abs,0.15,1,True,0.0022478103637695312,0.0007831677794456482,False,0.22732511162757874,0.27272728085517883,1.0
vit_base_patch16_224,11,ILSVRC2012_val_00000526.JPEG,predicted,gradcam_abs,0.15,1,True,0.6569995880126953,0.10725053399801254,False,0.4031907320022583,0.2405063360929489,1.0
vit_base_patch16_224,12,ILSVRC2012_val_00000537.JPEG,predicted,gradcam_abs,0.15,1,True,0.2322549819946289,0.054490476846694946,False,0.5060475468635559,0.13953489065170288,1.0
vit_base_patch16_224,13,ILSVRC2012_val_00000548.JPEG,predicted,gradcam_abs,0.15,1,True,0.8956632614135742,0.13432353734970093,False,-0.13002415001392365,0.44117647409439087,1.0
vit_base_patch16_224,14,ILSVRC2012_val_00000575.JPEG,predicted,gradcam_abs,0.15,1,False,0.20232486724853516,0.13721126317977905,False,-0.08702436089515686,0.4736842215061188,1.0
vit_base_patch16_224,15,ILSVRC2012_val_00000602.JPEG,predicted,gradcam_abs,0.15,1,True,0.08306503295898438,0.008754327893257141,False,0.027764983475208282,0.3154362440109253,1.0
vit_base_patch16_224,8,ILSVRC2012_val_00000299.JPEG,predicted,gradcam_abs,0.15,2,True,-0.13159561157226562,-0.05107639729976654,False,0.02396225929260254,0.37062937021255493,1.0
vit_base_patch16_224,9,ILSVRC2012_val_00000410.JPEG,predicted,gradcam_abs,0.15,2,True,0.0640878677368164,0.0035791024565696716,False,-0.38449105620384216,0.44117647409439087,1.0
vit_base_patch16_224,10,ILSVRC2012_val_00000499.JPEG,predicted,gradcam_abs,0.15,2,True,0.11104774475097656,0.012475863099098206,False,0.22732511162757874,0.27272728085517883,1.0
vit_base_patch16_224,11,ILSVRC2012_val_00000526.JPEG,predicted,gradcam_abs,0.15,2,True,0.4601917266845703,0.0734977200627327,False,0.4031907320022583,0.2405063360929489,1.0
vit_base_patch16_224,12,ILSVRC2012_val_00000537.JPEG,predicted,gradcam_abs,0.15,2,True,0.3488044738769531,0.07330445945262909,False,0.5060475468635559,0.13953489065170288,1.0
vit_base_patch16_224,13,ILSVRC2012_val_00000548.JPEG,predicted,gradcam_abs,0.15,2,True,1.0053863525390625,0.1627216935157776,False,-0.13002415001392365,0.44117647409439087,1.0
vit_base_patch16_224,14,ILSVRC2012_val_00000575.JPEG,predicted,gradcam_abs,0.15,2,False,0.11083745956420898,0.10444658994674683,False,-0.08702436089515686,0.4736842215061188,1.0
vit_base_patch16_224,15,ILSVRC2012_val_00000602.JPEG,predicted,gradcam_abs,0.15,2,True,0.03699970245361328,0.007452018558979034,False,0.027764983475208282,0.3154362440109253,1.0
vit_base_patch16_224,8,ILSVRC2012_val_00000299.JPEG,predicted,gradcam_abs,0.15,3,True,0.07865333557128906,-0.042481839656829834,False,0.02396225929260254,0.37062937021255493,1.0
vit_base_patch16_224,9,ILSVRC2012_val_00000410.JPEG,predicted,gradcam_abs,0.15,3,True,0.17010879516601562,0.010266564786434174,False,-0.38449105620384216,0.44117647409439087,1.0
vit_base_patch16_224,10,ILSVRC2012_val_00000499.JPEG,predicted,gradcam_abs,0.15,3,True,0.05518531799316406,0.006134741008281708,False,0.22732511162757874,0.27272728085517883,1.0
vit_base_patch16_224,11,ILSVRC2012_val_00000526.JPEG,predicted,gradcam_abs,0.15,3,True,0.35845279693603516,0.05610624700784683,False,0.4031907320022583,0.2405063360929489,1.0
vit_base_patch16_224,12,ILSVRC2012_val_00000537.JPEG,predicted,gradcam_abs,0.15,3,True,-0.15271377563476562,-0.006249040365219116,False,0.5060475468635559,0.13953489065170288,1.0
vit_base_patch16_224,13,ILSVRC2012_val_00000548.JPEG,predicted,gradcam_abs,0.15,3,True,0.8159465789794922,0.11795339733362198,False,-0.13002415001392365,0.44117647409439087,1.0
vit_base_patch16_224,14,ILSVRC2012_val_00000575.JPEG,predicted,gradcam_abs,0.15,3,False,0.6839041709899902,0.8416169285774231,False,-0.08702436089515686,0.4736842215061188,1.0
vit_base_patch16_224,15,ILSVRC2012_val_00000602.JPEG,predicted,gradcam_abs,0.15,3,True,-0.13459014892578125,-0.0006791949272155762,False,0.027764983475208282,0.3154362440109253,1.0
vit_base_patch16_224,8,ILSVRC2012_val_00000299.JPEG,predicted,random_uniform,0.15,0,True,0.17859649658203125,-0.06342625617980957,False,1.0,1.0,1.0
vit_base_patch16_224,9,ILSVRC2012_val_00000410.JPEG,predicted,random_uniform,0.15,0,True,-0.057137489318847656,-0.0031601116061210632,False,1.0,1.0,1.0
vit_base_patch16_224,10,ILSVRC2012_val_00000499.JPEG,predicted,random_uniform,0.15,0,True,-0.10579299926757812,-0.009775221347808838,False,1.0,1.0,1.0
vit_base_patch16_224,11,ILSVRC2012_val_00000526.JPEG,predicted,random_uniform,0.15,0,True,0.2584705352783203,0.03533611446619034,False,1.0,1.0,1.0
vit_base_patch16_224,12,ILSVRC2012_val_00000537.JPEG,predicted,random_uniform,0.15,0,True,-0.15758514404296875,-0.014355011284351349,False,1.0,1.0,1.0
vit_base_patch16_224,13,ILSVRC2012_val_00000548.JPEG,predicted,random_uniform,0.15,0,True,0.5573501586914062,0.09927835315465927,False,1.0,1.0,1.0
vit_base_patch16_224,14,ILSVRC2012_val_00000575.JPEG,predicted,random_uniform,0.15,0,False,0.32753419876098633,0.14538782835006714,False,1.0,1.0,1.0
vit_base_patch16_224,15,ILSVRC2012_val_00000602.JPEG,predicted,random_uniform,0.15,0,True,0.2807121276855469,0.0383167639374733,False,1.0,1.0,1.0
vit_base_patch16_224,8,ILSVRC2012_val_00000299.JPEG,predicted,random_uniform,0.15,1,True,-0.13049602508544922,-0.07114171981811523,False,1.0,1.0,1.0
vit_base_patch16_224,9,ILSVRC2012_val_00000410.JPEG,predicted,random_uniform,0.15,1,True,0.21928691864013672,0.014107756316661835,False,1.0,1.0,1.0
vit_base_patch16_224,10,ILSVRC2012_val_00000499.JPEG,predicted,random_uniform,0.15,1,True,0.05664539337158203,0.0065340399742126465,False,1.0,1.0,1.0
vit_base_patch16_224,11,ILSVRC2012_val_00000526.JPEG,predicted,random_uniform,0.15,1,True,0.0498046875,0.005790479481220245,False,1.0,1.0,1.0
vit_base_patch16_224,12,ILSVRC2012_val_00000537.JPEG,predicted,random_uniform,0.15,1,True,-0.032187461853027344,0.004986941814422607,False,1.0,1.0,1.0
vit_base_patch16_224,13,ILSVRC2012_val_00000548.JPEG,predicted,random_uniform,0.15,1,True,0.5194644927978516,0.07764717191457748,False,1.0,1.0,1.0
vit_base_patch16_224,14,ILSVRC2012_val_00000575.JPEG,predicted,random_uniform,0.15,1,False,-0.006442070007324219,-0.02965712547302246,True,1.0,1.0,1.0
vit_base_patch16_224,15,ILSVRC2012_val_00000602.JPEG,predicted,random_uniform,0.15,1,True,0.1979389190673828,0.028381727635860443,False,1.0,1.0,1.0
vit_base_patch16_224,8,ILSVRC2012_val_00000299.JPEG,predicted,random_uniform,0.15,2,True,-0.10434627532958984,-0.039893120527267456,False,1.0,1.0,1.0
vit_base_patch16_224,9,ILSVRC2012_val_00000410.JPEG,predicted,random_uniform,0.15,2,True,-0.028700828552246094,-0.0009538754820823669,False,1.0,1.0,1.0
vit_base_patch16_224,10,ILSVRC2012_val_00000499.JPEG,predicted,random_uniform,0.15,2,True,0.0124664306640625,0.0012354031205177307,False,1.0,1.0,1.0
vit_base_patch16_224,11,ILSVRC2012_val_00000526.JPEG,predicted,random_uniform,0.15,2,True,0.08035564422607422,-0.0023143887519836426,False,1.0,1.0,1.0
vit_base_patch16_224,12,ILSVRC2012_val_00000537.JPEG,predicted,random_uniform,0.15,2,True,0.07333850860595703,0.0252932608127594,False,1.0,1.0,1.0
vit_base_patch16_224,13,ILSVRC2012_val_00000548.JPEG,predicted,random_uniform,0.15,2,True,0.607234001159668,0.09875018149614334,False,1.0,1.0,1.0
vit_base_patch16_224,14,ILSVRC2012_val_00000575.JPEG,predicted,random_uniform,0.15,2,False,0.23847293853759766,0.061163485050201416,True,1.0,1.0,1.0
vit_base_patch16_224,15,ILSVRC2012_val_00000602.JPEG,predicted,random_uniform,0.15,2,True,0.03714179992675781,0.0073567405343055725,False,1.0,1.0,1.0
vit_base_patch16_224,8,ILSVRC2012_val_00000299.JPEG,predicted,random_uniform,0.15,3,True,-0.16828536987304688,-0.07978963851928711,False,1.0,1.0,1.0
vit_base_patch16_224,9,ILSVRC2012_val_00000410.JPEG,predicted,random_uniform,0.15,3,True,-0.01759052276611328,-0.003387823700904846,False,1.0,1.0,1.0
vit_base_patch16_224,10,ILSVRC2012_val_00000499.JPEG,predicted,random_uniform,0.15,3,True,-0.022125244140625,-0.0014829039573669434,False,1.0,1.0,1.0
vit_base_patch16_224,11,ILSVRC2012_val_00000526.JPEG,predicted,random_uniform,0.15,3,True,0.23578262329101562,0.028402917087078094,False,1.0,1.0,1.0
vit_base_patch16_224,12,ILSVRC2012_val_00000537.JPEG,predicted,random_uniform,0.15,3,True,-0.017206192016601562,-0.0006173104047775269,False,1.0,1.0,1.0
vit_base_patch16_224,13,ILSVRC2012_val_00000548.JPEG,predicted,random_uniform,0.15,3,True,0.6135282516479492,0.09708748012781143,False,1.0,1.0,1.0
vit_base_patch16_224,14,ILSVRC2012_val_00000575.JPEG,predicted,random_uniform,0.15,3,False,0.19794702529907227,0.26054567098617554,False,1.0,1.0,1.0
vit_base_patch16_224,15,ILSVRC2012_val_00000602.JPEG,predicted,random_uniform,0.15,3,True,-0.01821136474609375,0.001088470220565796,False,1.0,1.0,1.0
vit_base_patch16_224,16,ILSVRC2012_val_00000695.JPEG,predicted,patch_score,0.15,0,True,-0.1417980194091797,-0.017549633979797363,False,1.0,1.0,1.0
vit_base_patch16_224,17,ILSVRC2012_val_00000724.JPEG,predicted,patch_score,0.15,0,True,0.30870628356933594,0.03742709755897522,False,1.0,1.0,1.0
vit_base_patch16_224,18,ILSVRC2012_val_00000781.JPEG,predicted,patch_score,0.15,0,True,-0.35122108459472656,-0.02769290655851364,False,1.0,1.0,1.0
vit_base_patch16_224,19,ILSVRC2012_val_00000809.JPEG,predicted,patch_score,0.15,0,True,0.011228561401367188,0.19403454661369324,False,1.0,1.0,1.0
vit_base_patch16_224,20,ILSVRC2012_val_00000871.JPEG,predicted,patch_score,0.15,0,True,-0.3372802734375,0.009793400764465332,False,1.0,1.0,1.0
vit_base_patch16_224,21,ILSVRC2012_val_00000890.JPEG,predicted,patch_score,0.15,0,True,0.11662483215332031,0.04409627616405487,False,1.0,1.0,1.0
vit_base_patch16_224,22,ILSVRC2012_val_00000989.JPEG,predicted,patch_score,0.15,0,True,0.17380809783935547,0.014042191207408905,False,1.0,1.0,1.0
vit_base_patch16_224,23,ILSVRC2012_val_00001094.JPEG,predicted,patch_score,0.15,0,True,0.008702278137207031,-0.008439868688583374,False,1.0,1.0,1.0
vit_base_patch16_224,16,ILSVRC2012_val_00000695.JPEG,predicted,patch_score,0.15,1,True,-0.09076690673828125,-0.013730719685554504,False,1.0,1.0,1.0
vit_base_patch16_224,17,ILSVRC2012_val_00000724.JPEG,predicted,patch_score,0.15,1,True,0.43912410736083984,0.0662819892168045,False,1.0,1.0,1.0
vit_base_patch16_224,18,ILSVRC2012_val_00000781.JPEG,predicted,patch_score,0.15,1,True,-0.18676185607910156,-0.010585114359855652,False,1.0,1.0,1.0
vit_base_patch16_224,19,ILSVRC2012_val_00000809.JPEG,predicted,patch_score,0.15,1,True,0.08920764923095703,0.06121370196342468,False,1.0,1.0,1.0
vit_base_patch16_224,20,ILSVRC2012_val_00000871.JPEG,predicted,patch_score,0.15,1,True,-0.10202789306640625,0.006123661994934082,False,1.0,1.0,1.0
vit_base_patch16_224,21,ILSVRC2012_val_00000890.JPEG,predicted,patch_score,0.15,1,True,-0.1438617706298828,-0.01448504626750946,False,1.0,1.0,1.0
vit_base_patch16_224,22,ILSVRC2012_val_00000989.JPEG,predicted,patch_score,0.15,1,True,0.465362548828125,0.04387297481298447,False,1.0,1.0,1.0
vit_base_patch16_224,23,ILSVRC2012_val_00001094.JPEG,predicted,patch_score,0.15,1,True,0.021009445190429688,-0.0055843740701675415,False,1.0,1.0,1.0
vit_base_patch16_224,16,ILSVRC2012_val_00000695.JPEG,predicted,patch_score,0.15,2,True,-0.1986865997314453,-0.027430005371570587,False,1.0,1.0,1.0
vit_base_patch16_224,17,ILSVRC2012_val_00000724.JPEG,predicted,patch_score,0.15,2,True,0.7775468826293945,0.09827026724815369,False,1.0,1.0,1.0
vit_base_patch16_224,18,ILSVRC2012_val_00000781.JPEG,predicted,patch_score,0.15,2,True,-0.15566730499267578,-0.011958464980125427,False,1.0,1.0,1.0
vit_base_patch16_224,19,ILSVRC2012_val_00000809.JPEG,predicted,patch_score,0.15,2,True,0.21912765502929688,0.17879220843315125,False,1.0,1.0,1.0
vit_base_patch16_224,20,ILSVRC2012_val_00000871.JPEG,predicted,patch_score,0.15,2,True,-0.5857725143432617,-0.02762216329574585,False,1.0,1.0,1.0
vit_base_patch16_224,21,ILSVRC2012_val_00000890.JPEG,predicted,patch_score,0.15,2,True,-0.014959335327148438,0.005825415253639221,False,1.0,1.0,1.0
vit_base_patch16_224,22,ILSVRC2012_val_00000989.JPEG,predicted,patch_score,0.15,2,True,0.1443185806274414,0.012818552553653717,False,1.0,1.0,1.0
vit_base_patch16_224,23,ILSVRC2012_val_00001094.JPEG,predicted,patch_score,0.15,2,True,0.1268291473388672,0.07878360152244568,False,1.0,1.0,1.0
vit_base_patch16_224,16,ILSVRC2012_val_00000695.JPEG,predicted,patch_score,0.15,3,True,-0.18237876892089844,-0.019064128398895264,False,1.0,1.0,1.0
vit_base_patch16_224,17,ILSVRC2012_val_00000724.JPEG,predicted,patch_score,0.15,3,True,0.16840171813964844,0.02314615249633789,False,1.0,1.0,1.0
vit_base_patch16_224,18,ILSVRC2012_val_00000781.JPEG,predicted,patch_score,0.15,3,True,-0.2700519561767578,-0.020358942449092865,False,1.0,1.0,1.0
vit_base_patch16_224,19,ILSVRC2012_val_00000809.JPEG,predicted,patch_score,0.15,3,True,0.07014083862304688,0.06403079628944397,False,1.0,1.0,1.0
vit_base_patch16_224,20,ILSVRC2012_val_00000871.JPEG,predicted,patch_score,0.15,3,True,-0.40873050689697266,-0.03569430112838745,False,1.0,1.0,1.0
vit_base_patch16_224,21,ILSVRC2012_val_00000890.JPEG,predicted,patch_score,0.15,3,True,0.02711963653564453,0.010125339031219482,False,1.0,1.0,1.0
vit_base_patch16_224,22,ILSVRC2012_val_00000989.JPEG,predicted,patch_score,0.15,3,True,0.4469423294067383,0.04106398671865463,False,1.0,1.0,1.0
vit_base_patch16_224,23,ILSVRC2012_val_00001094.JPEG,predicted,patch_score,0.15,3,True,0.49505043029785156,0.2071923017501831,False,1.0,1.0,1.0
vit_base_patch16_224,16,ILSVRC2012_val_00000695.JPEG,predicted,gradcam_relu,0.15,0,True,0.1667499542236328,0.023417413234710693,False,-0.19662439823150635,0.34246575832366943,1.0
vit_base_patch16_224,17,ILSVRC2012_val_00000724.JPEG,predicted,gradcam_relu,0.15,0,True,0.34257984161376953,0.02494393289089203,False,0.18016399443149567,0.2405063360929489,1.0
vit_base_patch16_224,18,ILSVRC2012_val_00000781.JPEG,predicted,gradcam_relu,0.15,0,True,0.050307273864746094,0.004394985735416412,False,-0.05849277600646019,0.3802816867828369,1.0
vit_base_patch16_224,19,ILSVRC2012_val_00000809.JPEG,predicted,gradcam_relu,0.15,0,True,0.37579345703125,0.11688500642776489,False,0.1819649487733841,0.23270440101623535,1.0
vit_base_patch16_224,20,ILSVRC2012_val_00000871.JPEG,predicted,gradcam_relu,0.15,0,True,-0.011383056640625,-0.02891048789024353,False,-0.0032194056548178196,0.34246575832366943,1.0
vit_base_patch16_224,21,ILSVRC2012_val_00000890.JPEG,predicted,gradcam_relu,0.15,0,True,-0.03235149383544922,0.0026808977127075195,False,-0.14631880819797516,0.37062937021255493,1.0
vit_base_patch16_224,22,ILSVRC2012_val_00000989.JPEG,predicted,gradcam_relu,0.15,0,True,0.11935138702392578,0.012284912168979645,False,0.4544732868671417,0.22499999403953552,1.0
vit_base_patch16_224,23,ILSVRC2012_val_00001094.JPEG,predicted,gradcam_relu,0.15,0,True,0.36574363708496094,0.20773226022720337,False,0.0838814526796341,0.26451611518859863,1.0
vit_base_patch16_224,16,ILSVRC2012_val_00000695.JPEG,predicted,gradcam_relu,0.15,1,True,0.5167636871337891,0.11818599700927734,False,-0.19662439823150635,0.34246575832366943,1.0
vit_base_patch16_224,17,ILSVRC2012_val_00000724.JPEG,predicted,gradcam_relu,0.15,1,True,0.012700080871582031,0.008572578430175781,False,0.18016399443149567,0.2405063360929489,1.0
vit_base_patch16_224,18,ILSVRC2012_val_00000781.JPEG,predicted,gradcam_relu,0.15,1,True,-0.18855571746826172,-0.01637408137321472,False,-0.05849277600646019,0.3802816867828369,1.0
vit_base_patch16_224,19,ILSVRC2012_val_00000809.JPEG,predicted,gradcam_relu,0.15,1,True,-0.017087936401367188,0.1283608078956604,False,0.1819649487733841,0.23270440101623535,1.0
vit_base_patch16_224,20,ILSVRC2012_val_00000871.JPEG,predicted,gradcam_relu,0.15,1,True,-0.2725086212158203,-0.0653374195098877,False,-0.0032194056548178196,0.34246575832366943,1.0
vit_base_patch16_224,21,ILSVRC2012_val_00000890.JPEG,predicted,gradcam_relu,0.15,1,True,0.006573677062988281,0.022588416934013367,False,-0.14631880819797516,0.37062937021255493,1.0
vit_base_patch16_224,22,ILSVRC2012_val_00000989.JPEG,predicted,gradcam_relu,0.15,1,True,-0.0502777099609375,-0.0037984848022460938,False,0.4544732868671417,0.22499999403953552,1.0
vit_base_patch16_224,23,ILSVRC2012_val_00001094.JPEG,predicted,gradcam_relu,0.15,1,True,0.4498271942138672,0.1835404932498932,False,0.0838814526796341,0.26451611518859863,1.0
vit_base_patch16_224,16,ILSVRC2012_val_00000695.JPEG,predicted,gradcam_relu,0.15,2,True,0.17179584503173828,0.028747975826263428,False,-0.19662439823150635,0.34246575832366943,1.0
vit_base_patch16_224,17,ILSVRC2012_val_00000724.JPEG,predicted,gradcam_relu,0.15,2,True,-0.028334617614746094,-0.009624205529689789,False,0.18016399443149567,0.2405063360929489,1.0
vit_base_patch16_224,18,ILSVRC2012_val_00000781.JPEG,predicted,gradcam_relu,0.15,2,True,-0.05508708953857422,-0.006035886704921722,False,-0.05849277600646019,0.3802816867828369,1.0
vit_base_patch16_224,19,ILSVRC2012_val_00000809.JPEG,predicted,gradcam_relu,0.15,2,True,-0.03333473205566406,-0.04247470200061798,False,0.1819649487733841,0.23270440101623535,1.0
vit_base_patch16_224,20,ILSVRC2012_val_00000871.JPEG,predicted,gradcam_relu,0.15,2,True,0.009342193603515625,-0.02195143699645996,False,-0.0032194056548178196,0.34246575832366943,1.0
vit_base_patch16_224,21,ILSVRC2012_val_00000890.JPEG,predicted,gradcam_relu,0.15,2,True,-0.0013484954833984375,0.015342682600021362,False,-0.14631880819797516,0.37062937021255493,1.0
vit_base_patch16_224,22,ILSVRC2012_val_00000989.JPEG,predicted,gradcam_relu,0.15,2,True,0.16388225555419922,0.015744931995868683,False,0.4544732868671417,0.22499999403953552,1.0
vit_base_patch16_224,23,ILSVRC2012_val_00001094.JPEG,predicted,gradcam_relu,0.15,2,True,0.246185302734375,0.1003541350364685,False,0.0838814526796341,0.26451611518859863,1.0
vit_base_patch16_224,16,ILSVRC2012_val_00000695.JPEG,predicted,gradcam_relu,0.15,3,True,0.008154869079589844,-0.0009329020977020264,False,-0.19662439823150635,0.34246575832366943,1.0
vit_base_patch16_224,17,ILSVRC2012_val_00000724.JPEG,predicted,gradcam_relu,0.15,3,True,-0.032464027404785156,-0.0067102015018463135,False,0.18016399443149567,0.2405063360929489,1.0
vit_base_patch16_224,18,ILSVRC2012_val_00000781.JPEG,predicted,gradcam_relu,0.15,3,True,0.11566162109375,0.010862261056900024,False,-0.05849277600646019,0.3802816867828369,1.0
vit_base_patch16_224,19,ILSVRC2012_val_00000809.JPEG,predicted,gradcam_relu,0.15,3,True,0.08458137512207031,0.0007428824901580811,False,0.1819649487733841,0.23270440101623535,1.0
vit_base_patch16_224,20,ILSVRC2012_val_00000871.JPEG,predicted,gradcam_relu,0.15,3,True,0.06380462646484375,0.008749246597290039,False,-0.0032194056548178196,0.34246575832366943,1.0
vit_base_patch16_224,21,ILSVRC2012_val_00000890.JPEG,predicted,gradcam_relu,0.15,3,True,0.03383636474609375,0.007058575749397278,False,-0.14631880819797516,0.37062937021255493,1.0
vit_base_patch16_224,22,ILSVRC2012_val_00000989.JPEG,predicted,gradcam_relu,0.15,3,True,0.06700992584228516,0.00998416543006897,False,0.4544732868671417,0.22499999403953552,1.0
vit_base_patch16_224,23,ILSVRC2012_val_00001094.JPEG,predicted,gradcam_relu,0.15,3,True,0.29808807373046875,0.1163063645362854,False,0.0838814526796341,0.26451611518859863,1.0
vit_base_patch16_224,16,ILSVRC2012_val_00000695.JPEG,predicted,gradcam_signed,0.15,0,True,0.1675729751586914,0.03930644690990448,False,-0.19662439823150635,0.34246575832366943,1.0
vit_base_patch16_224,17,ILSVRC2012_val_00000724.JPEG,predicted,gradcam_signed,0.15,0,True,0.05593585968017578,0.0006458237767219543,False,0.18016399443149567,0.2405063360929489,1.0
vit_base_patch16_224,18,ILSVRC2012_val_00000781.JPEG,predicted,gradcam_signed,0.15,0,True,-0.09778594970703125,-0.009354069828987122,False,-0.05849277600646019,0.3802816867828369,1.0
vit_base_patch16_224,19,ILSVRC2012_val_00000809.JPEG,predicted,gradcam_signed,0.15,0,True,0.23917388916015625,0.027626901865005493,False,0.1819649487733841,0.23270440101623535,1.0
vit_base_patch16_224,20,ILSVRC2012_val_00000871.JPEG,predicted,gradcam_signed,0.15,0,True,-0.07248878479003906,-0.014424070715904236,False,-0.0032194056548178196,0.34246575832366943,1.0
vit_base_patch16_224,21,ILSVRC2012_val_00000890.JPEG,predicted,gradcam_signed,0.15,0,True,-0.20749282836914062,-0.01009342074394226,False,-0.14631880819797516,0.37062937021255493,1.0
vit_base_patch16_224,22,ILSVRC2012_val_00000989.JPEG,predicted,gradcam_signed,0.15,0,True,0.07359123229980469,0.008141763508319855,False,0.4544732868671417,0.22499999403953552,1.0
vit_base_patch16_224,23,ILSVRC2012_val_00001094.JPEG,predicted,gradcam_signed,0.15,0,True,0.3041343688964844,0.14887377619743347,False,0.0838814526796341,0.26451611518859863,1.0
vit_base_patch16_224,16,ILSVRC2012_val_00000695.JPEG,predicted,gradcam_signed,0.15,1,True,0.0750436782836914,0.018352553248405457,False,-0.19662439823150635,0.34246575832366943,1.0
vit_base_patch16_224,17,ILSVRC2012_val_00000724.JPEG,predicted,gradcam_signed,0.15,1,True,0.2323923110961914,0.013103306293487549,False,0.18016399443149567,0.2405063360929489,1.0
vit_base_patch16_224,18,ILSVRC2012_val_00000781.JPEG,predicted,gradcam_signed,0.15,1,True,0.0010738372802734375,-0.00015442073345184326,False,-0.05849277600646019,0.3802816867828369,1.0
vit_base_patch16_224,19,ILSVRC2012_val_00000809.JPEG,predicted,gradcam_signed,0.15,1,True,0.5690946578979492,0.20850643515586853,False,0.1819649487733841,0.23270440101623535,1.0
vit_base_patch16_224,20,ILSVRC2012_val_00000871.JPEG,predicted,gradcam_signed,0.15,1,True,0.10455513000488281,0.023929864168167114,False,-0.0032194056548178196,0.34246575832366943,1.0
vit_base_patch16_224,21,ILSVRC2012_val_00000890.JPEG,predicted,gradcam_signed,0.15,1,True,-0.06533622741699219,-0.007717713713645935,False,-0.14631880819797516,0.37062937021255493,1.0
vit_base_patch16_224,22,ILSVRC2012_val_00000989.JPEG,predicted,gradcam_signed,0.15,1,True,0.06383228302001953,0.004616983234882355,False,0.4544732868671417,0.22499999403953552,1.0
vit_base_patch16_224,23,ILSVRC2012_val_00001094.JPEG,predicted,gradcam_signed,0.15,1,True,0.205108642578125,0.15518832206726074,False,0.0838814526796341,0.26451611518859863,1.0
vit_base_patch16_224,16,ILSVRC2012_val_00000695.JPEG,predicted,gradcam_signed,0.15,2,True,-0.03437995910644531,-0.0031705498695373535,False,-0.19662439823150635,0.34246575832366943,1.0
vit_base_patch16_224,17,ILSVRC2012_val_00000724.JPEG,predicted,gradcam_signed,0.15,2,True,0.13837909698486328,0.017100907862186432,False,0.18016399443149567,0.2405063360929489,1.0
vit_base_patch16_224,18,ILSVRC2012_val_00000781.JPEG,predicted,gradcam_signed,0.15,2,True,-0.14818572998046875,-0.01313936710357666,False,-0.05849277600646019,0.3802816867828369,1.0
vit_base_patch16_224,19,ILSVRC2012_val_00000809.JPEG,predicted,gradcam_signed,0.15,2,True,0.2643613815307617,0.18839803338050842,False,0.1819649487733841,0.23270440101623535,1.0
vit_base_patch16_224,20,ILSVRC2012_val_00000871.JPEG,predicted,gradcam_signed,0.15,2,True,-0.08574867248535156,-0.03207865357398987,False,-0.0032194056548178196,0.34246575832366943,1.0
vit_base_patch16_224,21,ILSVRC2012_val_00000890.JPEG,predicted,gradcam_signed,0.15,2,True,-0.20476150512695312,-0.024233907461166382,False,-0.14631880819797516,0.37062937021255493,1.0
vit_base_patch16_224,22,ILSVRC2012_val_00000989.JPEG,predicted,gradcam_signed,0.15,2,True,0.40181636810302734,0.03778360038995743,False,0.4544732868671417,0.22499999403953552,1.0
vit_base_patch16_224,23,ILSVRC2012_val_00001094.JPEG,predicted,gradcam_signed,0.15,2,True,0.496612548828125,0.2215326428413391,False,0.0838814526796341,0.26451611518859863,1.0
vit_base_patch16_224,16,ILSVRC2012_val_00000695.JPEG,predicted,gradcam_signed,0.15,3,True,0.27190208435058594,0.05093415081501007,False,-0.19662439823150635,0.34246575832366943,1.0
vit_base_patch16_224,17,ILSVRC2012_val_00000724.JPEG,predicted,gradcam_signed,0.15,3,True,0.17086315155029297,0.011648304760456085,False,0.18016399443149567,0.2405063360929489,1.0
vit_base_patch16_224,18,ILSVRC2012_val_00000781.JPEG,predicted,gradcam_signed,0.15,3,True,-0.1284475326538086,-0.011922717094421387,False,-0.05849277600646019,0.3802816867828369,1.0
vit_base_patch16_224,19,ILSVRC2012_val_00000809.JPEG,predicted,gradcam_signed,0.15,3,True,0.0074481964111328125,0.14646309614181519,False,0.1819649487733841,0.23270440101623535,1.0
vit_base_patch16_224,20,ILSVRC2012_val_00000871.JPEG,predicted,gradcam_signed,0.15,3,True,0.02805328369140625,0.0053017884492874146,False,-0.0032194056548178196,0.34246575832366943,1.0
vit_base_patch16_224,21,ILSVRC2012_val_00000890.JPEG,predicted,gradcam_signed,0.15,3,True,-0.09227371215820312,-0.005808889865875244,False,-0.14631880819797516,0.37062937021255493,1.0
vit_base_patch16_224,22,ILSVRC2012_val_00000989.JPEG,predicted,gradcam_signed,0.15,3,True,0.17980670928955078,0.015558913350105286,False,0.4544732868671417,0.22499999403953552,1.0
vit_base_patch16_224,23,ILSVRC2012_val_00001094.JPEG,predicted,gradcam_signed,0.15,3,True,0.38994312286376953,0.19100570678710938,False,0.0838814526796341,0.26451611518859863,1.0
vit_base_patch16_224,16,ILSVRC2012_val_00000695.JPEG,predicted,gradcam_abs,0.15,0,True,0.5279359817504883,0.132386714220047,False,-0.19662439823150635,0.34246575832366943,1.0
vit_base_patch16_224,17,ILSVRC2012_val_00000724.JPEG,predicted,gradcam_abs,0.15,0,True,0.0803232192993164,0.011973865330219269,False,0.18016399443149567,0.2405063360929489,1.0
vit_base_patch16_224,18,ILSVRC2012_val_00000781.JPEG,predicted,gradcam_abs,0.15,0,True,-0.10183238983154297,-0.010117597877979279,False,-0.05849277600646019,0.3802816867828369,1.0
vit_base_patch16_224,19,ILSVRC2012_val_00000809.JPEG,predicted,gradcam_abs,0.15,0,True,0.2666282653808594,0.21352359652519226,False,0.1819649487733841,0.23270440101623535,1.0
vit_base_patch16_224,20,ILSVRC2012_val_00000871.JPEG,predicted,gradcam_abs,0.15,0,True,0.061896324157714844,0.0165693461894989,False,-0.0032194056548178196,0.34246575832366943,1.0
vit_base_patch16_224,21,ILSVRC2012_val_00000890.JPEG,predicted,gradcam_abs,0.15,0,True,-0.07102489471435547,-0.00352361798286438,False,-0.14631880819797516,0.37062937021255493,1.0
vit_base_patch16_224,22,ILSVRC2012_val_00000989.JPEG,predicted,gradcam_abs,0.15,0,True,0.1235971450805664,0.009100392460823059,False,0.4544732868671417,0.22499999403953552,1.0
vit_base_patch16_224,23,ILSVRC2012_val_00001094.JPEG,predicted,gradcam_abs,0.15,0,True,0.5748977661132812,0.3021826148033142,False,0.0838814526796341,0.26451611518859863,1.0
vit_base_patch16_224,16,ILSVRC2012_val_00000695.JPEG,predicted,gradcam_abs,0.15,1,True,0.3541574478149414,0.06663545966148376,False,-0.19662439823150635,0.34246575832366943,1.0
vit_base_patch16_224,17,ILSVRC2012_val_00000724.JPEG,predicted,gradcam_abs,0.15,1,True,0.15228939056396484,0.00940830260515213,False,0.18016399443149567,0.2405063360929489,1.0
vit_base_patch16_224,18,ILSVRC2012_val_00000781.JPEG,predicted,gradcam_abs,0.15,1,True,0.05652141571044922,0.004964210093021393,False,-0.05849277600646019,0.3802816867828369,1.0
vit_base_patch16_224,19,ILSVRC2012_val_00000809.JPEG,predicted,gradcam_abs,0.15,1,True,0.2934761047363281,7.277727127075195e-05,False,0.1819649487733841,0.23270440101623535,1.0
vit_base_patch16_224,20,ILSVRC2012_val_00000871.JPEG,predicted,gradcam_abs,0.15,1,True,-0.08047103881835938,-0.03681497275829315,False,-0.0032194056548178196,0.34246575832366943,1.0
vit_base_patch16_224,21,ILSVRC2012_val_00000890.JPEG,predicted,gradcam_abs,0.15,1,True,-0.04046058654785156,-0.0037561506032943726,False,-0.14631880819797516,0.37062937021255493,1.0
vit_base_patch16_224,22,ILSVRC2012_val_00000989.JPEG,predicted,gradcam_abs,0.15,1,True,0.3087444305419922,0.028998076915740967,False,0.4544732868671417,0.22499999403953552,1.0
vit_base_patch16_224,23,ILSVRC2012_val_00001094.JPEG,predicted,gradcam_abs,0.15,1,True,0.37717533111572266,0.13071519136428833,False,0.0838814526796341,0.26451611518859863,1.0
vit_base_patch16_224,16,ILSVRC2012_val_00000695.JPEG,predicted,gradcam_abs,0.15,2,True,0.5268592834472656,0.14620929956436157,False,-0.19662439823150635,0.34246575832366943,1.0
vit_base_patch16_224,17,ILSVRC2012_val_00000724.JPEG,predicted,gradcam_abs,0.15,2,True,0.006863594055175781,-0.003283105790615082,False,0.18016399443149567,0.2405063360929489,1.0
vit_base_patch16_224,18,ILSVRC2012_val_00000781.JPEG,predicted,gradcam_abs,0.15,2,True,-0.06998062133789062,-0.007096476852893829,False,-0.05849277600646019,0.3802816867828369,1.0
vit_base_patch16_224,19,ILSVRC2012_val_00000809.JPEG,predicted,gradcam_abs,0.15,2,True,0.2161121368408203,0.13739818334579468,False,0.1819649487733841,0.23270440101623535,1.0
vit_base_patch16_224,20,ILSVRC2012_val_00000871.JPEG,predicted,gradcam_abs,0.15,2,True,0.033783912658691406,0.002066001296043396,False,-0.0032194056548178196,0.34246575832366943,1.0
vit_base_patch16_224,21,ILSVRC2012_val_00000890.JPEG,predicted,gradcam_abs,0.15,2,True,-0.003383636474609375,0.0016619563102722168,False,-0.14631880819797516,0.37062937021255493,1.0
vit_base_patch16_224,22,ILSVRC2012_val_00000989.JPEG,predicted,gradcam_abs,0.15,2,True,0.11571407318115234,0.009461142122745514,False,0.4544732868671417,0.22499999403953552,1.0
vit_base_patch16_224,23,ILSVRC2012_val_00001094.JPEG,predicted,gradcam_abs,0.15,2,True,0.8113007545471191,0.49593257904052734,False,0.0838814526796341,0.26451611518859863,1.0
vit_base_patch16_224,16,ILSVRC2012_val_00000695.JPEG,predicted,gradcam_abs,0.15,3,True,0.029590606689453125,0.006797686219215393,False,-0.19662439823150635,0.34246575832366943,1.0
vit_base_patch16_224,17,ILSVRC2012_val_00000724.JPEG,predicted,gradcam_abs,0.15,3,True,-0.06095314025878906,-0.01111641526222229,False,0.18016399443149567,0.2405063360929489,1.0
vit_base_patch16_224,18,ILSVRC2012_val_00000781.JPEG,predicted,gradcam_abs,0.15,3,True,0.017946243286132812,0.001065470278263092,False,-0.05849277600646019,0.3802816867828369,1.0
vit_base_patch16_224,19,ILSVRC2012_val_00000809.JPEG,predicted,gradcam_abs,0.15,3,True,0.13570785522460938,0.20528271794319153,False,0.1819649487733841,0.23270440101623535,1.0
vit_base_patch16_224,20,ILSVRC2012_val_00000871.JPEG,predicted,gradcam_abs,0.15,3,True,0.16025447845458984,0.016549423336982727,False,-0.0032194056548178196,0.34246575832366943,1.0
vit_base_patch16_224,21,ILSVRC2012_val_00000890.JPEG,predicted,gradcam_abs,0.15,3,True,0.08978557586669922,0.009869292378425598,False,-0.14631880819797516,0.37062937021255493,1.0
vit_base_patch16_224,22,ILSVRC2012_val_00000989.JPEG,predicted,gradcam_abs,0.15,3,True,0.12552452087402344,0.009527534246444702,False,0.4544732868671417,0.22499999403953552,1.0
vit_base_patch16_224,23,ILSVRC2012_val_00001094.JPEG,predicted,gradcam_abs,0.15,3,True,0.0801239013671875,0.04194670915603638,False,0.0838814526796341,0.26451611518859863,1.0
vit_base_patch16_224,16,ILSVRC2012_val_00000695.JPEG,predicted,random_uniform,0.15,0,True,-0.23656940460205078,-0.027436554431915283,False,1.0,1.0,1.0
vit_base_patch16_224,17,ILSVRC2012_val_00000724.JPEG,predicted,random_uniform,0.15,0,True,0.036194801330566406,0.007187746465206146,False,1.0,1.0,1.0
vit_base_patch16_224,18,ILSVRC2012_val_00000781.JPEG,predicted,random_uniform,0.15,0,True,-0.13887596130371094,-0.012320004403591156,False,1.0,1.0,1.0
vit_base_patch16_224,19,ILSVRC2012_val_00000809.JPEG,predicted,random_uniform,0.15,0,True,0.22481060028076172,-0.0022721588611602783,False,1.0,1.0,1.0
vit_base_patch16_224,20,ILSVRC2012_val_00000871.JPEG,predicted,random_uniform,0.15,0,True,-0.06838512420654297,0.015088632702827454,False,1.0,1.0,1.0
vit_base_patch16_224,21,ILSVRC2012_val_00000890.JPEG,predicted,random_uniform,0.15,0,True,-0.14748668670654297,-0.013936415314674377,False,1.0,1.0,1.0
vit_base_patch16_224,22,ILSVRC2012_val_00000989.JPEG,predicted,random_uniform,0.15,0,True,0.4338560104370117,0.03949394077062607,False,1.0,1.0,1.0
vit_base_patch16_224,23,ILSVRC2012_val_00001094.JPEG,predicted,random_uniform,0.15,0,True,0.027313232421875,-0.011308416724205017,False,1.0,1.0,1.0
vit_base_patch16_224,16,ILSVRC2012_val_00000695.JPEG,predicted,random_uniform,0.15,1,True,0.01702404022216797,0.0006657391786575317,False,1.0,1.0,1.0
vit_base_patch16_224,17,ILSVRC2012_val_00000724.JPEG,predicted,random_uniform,0.15,1,True,0.15712261199951172,0.013936005532741547,False,1.0,1.0,1.0
vit_base_patch16_224,18,ILSVRC2012_val_00000781.JPEG,predicted,random_uniform,0.15,1,True,-0.06412982940673828,-0.0039229318499565125,False,1.0,1.0,1.0
vit_base_patch16_224,19,ILSVRC2012_val_00000809.JPEG,predicted,random_uniform,0.15,1,True,0.1806354522705078,0.11789050698280334,False,1.0,1.0,1.0
vit_base_patch16_224,20,ILSVRC2012_val_00000871.JPEG,predicted,random_uniform,0.15,1,True,-0.16103172302246094,-0.04427644610404968,False,1.0,1.0,1.0
vit_base_patch16_224,21,ILSVRC2012_val_00000890.JPEG,predicted,random_uniform,0.15,1,True,0.004901885986328125,0.007542550563812256,False,1.0,1.0,1.0
vit_base_patch16_224,22,ILSVRC2012_val_00000989.JPEG,predicted,random_uniform,0.15,1,True,0.3678102493286133,0.03279074281454086,False,1.0,1.0,1.0
vit_base_patch16_224,23,ILSVRC2012_val_00001094.JPEG,predicted,random_uniform,0.15,1,True,0.11594581604003906,0.0512012243270874,False,1.0,1.0,1.0
vit_base_patch16_224,16,ILSVRC2012_val_00000695.JPEG,predicted,random_uniform,0.15,2,True,-0.07038497924804688,-0.01191990077495575,False,1.0,1.0,1.0
vit_base_patch16_224,17,ILSVRC2012_val_00000724.JPEG,predicted,random_uniform,0.15,2,True,0.6025209426879883,0.04879473149776459,False,1.0,1.0,1.0
vit_base_patch16_224,18,ILSVRC2012_val_00000781.JPEG,predicted,random_uniform,0.15,2,True,-0.1769847869873047,-0.015236370265483856,False,1.0,1.0,1.0
vit_base_patch16_224,19,ILSVRC2012_val_00000809.JPEG,predicted,random_uniform,0.15,2,True,0.20288467407226562,0.12988272309303284,False,1.0,1.0,1.0
vit_base_patch16_224,20,ILSVRC2012_val_00000871.JPEG,predicted,random_uniform,0.15,2,True,-0.17431259155273438,-0.03225122392177582,False,1.0,1.0,1.0
vit_base_patch16_224,21,ILSVRC2012_val_00000890.JPEG,predicted,random_uniform,0.15,2,True,0.03498268127441406,0.008082941174507141,False,1.0,1.0,1.0
vit_base_patch16_224,22,ILSVRC2012_val_00000989.JPEG,predicted,random_uniform,0.15,2,True,0.24642276763916016,0.02897597849369049,False,1.0,1.0,1.0
vit_base_patch16_224,23,ILSVRC2012_val_00001094.JPEG,predicted,random_uniform,0.15,2,True,-0.15197181701660156,0.013697892427444458,False,1.0,1.0,1.0
vit_base_patch16_224,16,ILSVRC2012_val_00000695.JPEG,predicted,random_uniform,0.15,3,True,-0.14765644073486328,-0.020725086331367493,False,1.0,1.0,1.0
vit_base_patch16_224,17,ILSVRC2012_val_00000724.JPEG,predicted,random_uniform,0.15,3,True,0.47869205474853516,0.05115492641925812,False,1.0,1.0,1.0
vit_base_patch16_224,18,ILSVRC2012_val_00000781.JPEG,predicted,random_uniform,0.15,3,True,-0.009932518005371094,-0.0008192434906959534,False,1.0,1.0,1.0
vit_base_patch16_224,19,ILSVRC2012_val_00000809.JPEG,predicted,random_uniform,0.15,3,True,-0.06599044799804688,-0.08689960837364197,False,1.0,1.0,1.0
vit_base_patch16_224,20,ILSVRC2012_val_00000871.JPEG,predicted,random_uniform,0.15,3,True,-0.14765453338623047,-0.019348204135894775,False,1.0,1.0,1.0
vit_base_patch16_224,21,ILSVRC2012_val_00000890.JPEG,predicted,random_uniform,0.15,3,True,0.11065387725830078,0.016819551587104797,False,1.0,1.0,1.0
vit_base_patch16_224,22,ILSVRC2012_val_00000989.JPEG,predicted,random_uniform,0.15,3,True,0.29326343536376953,0.024092353880405426,False,1.0,1.0,1.0
vit_base_patch16_224,23,ILSVRC2012_val_00001094.JPEG,predicted,random_uniform,0.15,3,True,0.1611013412475586,0.033853620290756226,False,1.0,1.0,1.0
vit_base_patch16_224,24,ILSVRC2012_val_00001115.JPEG,predicted,patch_score,0.15,0,True,0.037837982177734375,0.016011983156204224,False,1.0,1.0,1.0
vit_base_patch16_224,25,ILSVRC2012_val_00001343.JPEG,predicted,patch_score,0.15,0,True,-0.24793720245361328,0.00030128657817840576,False,1.0,1.0,1.0
vit_base_patch16_224,26,ILSVRC2012_val_00001379.JPEG,predicted,patch_score,0.15,0,True,0.1536540985107422,0.018698513507843018,False,1.0,1.0,1.0
vit_base_patch16_224,27,ILSVRC2012_val_00001425.JPEG,predicted,patch_score,0.15,0,True,0.4790840148925781,0.11765116453170776,False,1.0,1.0,1.0
vit_base_patch16_224,28,ILSVRC2012_val_00001434.JPEG,predicted,patch_score,0.15,0,True,0.10113906860351562,0.010684460401535034,False,1.0,1.0,1.0
vit_base_patch16_224,29,ILSVRC2012_val_00001435.JPEG,predicted,patch_score,0.15,0,True,0.18199825286865234,0.02481544017791748,False,1.0,1.0,1.0
vit_base_patch16_224,30,ILSVRC2012_val_00001512.JPEG,predicted,patch_score,0.15,0,True,-0.2547883987426758,-0.015566542744636536,False,1.0,1.0,1.0
vit_base_patch16_224,31,ILSVRC2012_val_00001537.JPEG,predicted,patch_score,0.15,0,True,0.012660026550292969,0.012170001864433289,False,1.0,1.0,1.0
vit_base_patch16_224,24,ILSVRC2012_val_00001115.JPEG,predicted,patch_score,0.15,1,True,-0.35694217681884766,-0.03437553346157074,False,1.0,1.0,1.0
vit_base_patch16_224,25,ILSVRC2012_val_00001343.JPEG,predicted,patch_score,0.15,1,True,0.014645576477050781,0.04917839169502258,False,1.0,1.0,1.0
vit_base_patch16_224,26,ILSVRC2012_val_00001379.JPEG,predicted,patch_score,0.15,1,True,-0.07041358947753906,-0.016179218888282776,False,1.0,1.0,1.0
vit_base_patch16_224,27,ILSVRC2012_val_00001425.JPEG,predicted,patch_score,0.15,1,True,0.9249114990234375,0.2684563398361206,False,1.0,1.0,1.0
vit_base_patch16_224,28,ILSVRC2012_val_00001434.JPEG,predicted,patch_score,0.15,1,True,0.2611532211303711,0.03652232885360718,False,1.0,1.0,1.0
vit_base_patch16_224,29,ILSVRC2012_val_00001435.JPEG,predicted,patch_score,0.15,1,True,0.2778444290161133,0.03798800706863403,False,1.0,1.0,1.0
vit_base_patch16_224,30,ILSVRC2012_val_00001512.JPEG,predicted,patch_score,0.15,1,True,-0.38332462310791016,-0.032471492886543274,False,1.0,1.0,1.0
vit_base_patch16_224,31,ILSVRC2012_val_00001537.JPEG,predicted,patch_score,0.15,1,True,-0.19063663482666016,-0.02390541136264801,False,1.0,1.0,1.0
vit_base_patch16_224,24,ILSVRC2012_val_00001115.JPEG,predicted,patch_score,0.15,2,True,-0.08559226989746094,-0.0019804686307907104,False,1.0,1.0,1.0
vit_base_patch16_224,25,ILSVRC2012_val_00001343.JPEG,predicted,patch_score,0.15,2,True,-0.3484621047973633,-0.07225236296653748,False,1.0,1.0,1.0
vit_base_patch16_224,26,ILSVRC2012_val_00001379.JPEG,predicted,patch_score,0.15,2,True,0.2263355255126953,0.02943374216556549,False,1.0,1.0,1.0
vit_base_patch16_224,27,ILSVRC2012_val_00001425.JPEG,predicted,patch_score,0.15,2,True,0.032642364501953125,0.026193439960479736,False,1.0,1.0,1.0
vit_base_patch16_224,28,ILSVRC2012_val_00001434.JPEG,predicted,patch_score,0.15,2,True,0.14992046356201172,0.017602264881134033,False,1.0,1.0,1.0
vit_base_patch16_224,29,ILSVRC2012_val_00001435.JPEG,predicted,patch_score,0.15,2,True,0.18521785736083984,0.02391935884952545,False,1.0,1.0,1.0
vit_base_patch16_224,30,ILSVRC2012_val_00001512.JPEG,predicted,patch_score,0.15,2,True,-0.14949893951416016,-0.0006926208734512329,False,1.0,1.0,1.0
vit_base_patch16_224,31,ILSVRC2012_val_00001537.JPEG,predicted,patch_score,0.15,2,True,-0.17755699157714844,-0.019574061036109924,False,1.0,1.0,1.0
vit_base_patch16_224,24,ILSVRC2012_val_00001115.JPEG,predicted,patch_score,0.15,3,True,-0.09360694885253906,-0.005926087498664856,False,1.0,1.0,1.0
vit_base_patch16_224,25,ILSVRC2012_val_00001343.JPEG,predicted,patch_score,0.15,3,True,-0.10451030731201172,0.015966683626174927,False,1.0,1.0,1.0
vit_base_patch16_224,26,ILSVRC2012_val_00001379.JPEG,predicted,patch_score,0.15,3,True,0.0759572982788086,0.009258314967155457,False,1.0,1.0,1.0
vit_base_patch16_224,27,ILSVRC2012_val_00001425.JPEG,predicted,patch_score,0.15,3,True,0.6945877075195312,0.16705965995788574,False,1.0,1.0,1.0
vit_base_patch16_224,28,ILSVRC2012_val_00001434.JPEG,predicted,patch_score,0.15,3,True,0.22535037994384766,0.02557307481765747,False,1.0,1.0,1.0
vit_base_patch16_224,29,ILSVRC2012_val_00001435.JPEG,predicted,patch_score,0.15,3,True,0.16195392608642578,0.020505696535110474,False,1.0,1.0,1.0
vit_base_patch16_224,30,ILSVRC2012_val_00001512.JPEG,predicted,patch_score,0.15,3,True,-0.28276920318603516,-0.020821690559387207,False,1.0,1.0,1.0
vit_base_patch16_224,31,ILSVRC2012_val_00001537.JPEG,predicted,patch_score,0.15,3,True,-0.11424636840820312,-0.0072624534368515015,False,1.0,1.0,1.0
vit_base_patch16_224,24,ILSVRC2012_val_00001115.JPEG,predicted,gradcam_relu,0.15,0,True,0.2445993423461914,0.04508134722709656,False,-0.4557307958602905,0.5934959053993225,1.0
vit_base_patch16_224,25,ILSVRC2012_val_00001343.JPEG,predicted,gradcam_relu,0.15,0,True,0.012743949890136719,0.023920118808746338,False,-0.29063743352890015,0.46268656849861145,1.0
vit_base_patch16_224,26,ILSVRC2012_val_00001379.JPEG,predicted,gradcam_relu,0.15,0,True,-0.11723518371582031,-0.01074158400297165,False,0.42035555839538574,0.21739129722118378,1.0
vit_base_patch16_224,27,ILSVRC2012_val_00001425.JPEG,predicted,gradcam_relu,0.15,0,True,0.811676025390625,0.21402192115783691,False,-0.42013561725616455,0.6065573692321777,1.0
vit_base_patch16_224,28,ILSVRC2012_val_00001434.JPEG,predicted,gradcam_relu,0.15,0,True,0.3341951370239258,0.039526209235191345,False,0.2860250771045685,0.29801324009895325,1.0
vit_base_patch16_224,29,ILSVRC2012_val_00001435.JPEG,predicted,gradcam_relu,0.15,0,True,0.11636638641357422,0.014627844095230103,False,0.013653786852955818,0.26451611518859863,1.0
vit_base_patch16_224,30,ILSVRC2012_val_00001512.JPEG,predicted,gradcam_relu,0.15,0,True,-0.18616962432861328,-0.0073523372411727905,False,0.5381667017936707,0.15976330637931824,1.0
vit_base_patch16_224,31,ILSVRC2012_val_00001537.JPEG,predicted,gradcam_relu,0.15,0,True,0.249114990234375,0.09622220695018768,False,0.43127763271331787,0.22499999403953552,1.0
vit_base_patch16_224,24,ILSVRC2012_val_00001115.JPEG,predicted,gradcam_relu,0.15,1,True,-0.004852294921875,9.815394878387451e-05,False,-0.4557307958602905,0.5934959053993225,1.0
vit_base_patch16_224,25,ILSVRC2012_val_00001343.JPEG,predicted,gradcam_relu,0.15,1,True,0.062023162841796875,-0.006150007247924805,False,-0.29063743352890015,0.46268656849861145,1.0
vit_base_patch16_224,26,ILSVRC2012_val_00001379.JPEG,predicted,gradcam_relu,0.15,1,True,0.16137409210205078,0.023479238152503967,False,0.42035555839538574,0.21739129722118378,1.0
vit_base_patch16_224,27,ILSVRC2012_val_00001425.JPEG,predicted,gradcam_relu,0.15,1,True,0.5507831573486328,0.14804044365882874,False,-0.42013561725616455,0.6065573692321777,1.0
vit_base_patch16_224,28,ILSVRC2012_val_00001434.JPEG,predicted,gradcam_relu,0.15,1,True,0.44797801971435547,0.0542079359292984,False,0.2860250771045685,0.29801324009895325,1.0
vit_base_patch16_224,29,ILSVRC2012_val_00001435.JPEG,predicted,gradcam_relu,0.15,1,True,0.3226633071899414,0.04538726806640625,False,0.013653786852955818,0.26451611518859863,1.0
vit_base_patch16_224,30,ILSVRC2012_val_00001512.JPEG,predicted,gradcam_relu,0.15,1,True,-0.3019704818725586,-0.02673719823360443,False,0.5381667017936707,0.15976330637931824,1.0
vit_base_patch16_224,31,ILSVRC2012_val_00001537.JPEG,predicted,gradcam_relu,0.15,1,True,-0.3663492202758789,-0.04634813219308853,False,0.43127763271331787,0.22499999403953552,1.0
vit_base_patch16_224,24,ILSVRC2012_val_00001115.JPEG,predicted,gradcam_relu,0.15,2,True,0.19063282012939453,0.033381387591362,False,-0.4557307958602905,0.5934959053993225,1.0
vit_base_patch16_224,25,ILSVRC2012_val_00001343.JPEG,predicted,gradcam_relu,0.15,2,True,-0.21846389770507812,-0.057536110281944275,False,-0.29063743352890015,0.46268656849861145,1.0
vit_base_patch16_224,26,ILSVRC2012_val_00001379.JPEG,predicted,gradcam_relu,0.15,2,True,-0.048890113830566406,0.0010343939065933228,False,0.42035555839538574,0.21739129722118378,1.0
vit_base_patch16_224,27,ILSVRC2012_val_00001425.JPEG,predicted,gradcam_relu,0.15,2,True,0.5085430145263672,0.10169337689876556,False,-0.42013561725616455,0.6065573692321777,1.0
vit_base_patch16_224,28,ILSVRC2012_val_00001434.JPEG,predicted,gradcam_relu,0.15,2,True,0.6402788162231445,0.10462401807308197,False,0.2860250771045685,0.29801324009895325,1.0
vit_base_patch16_224,29,ILSVRC2012_val_00001435.JPEG,predicted,gradcam_relu,0.15,2,True,0.17933940887451172,0.02341042459011078,False,0.013653786852955818,0.26451611518859863,1.0
vit_base_patch16_224,30,ILSVRC2012_val_00001512.JPEG,predicted,gradcam_relu,0.15,2,True,-0.34645557403564453,-0.03620079159736633,False,0.5381667017936707,0.15976330637931824,1.0
vit_base_patch16_224,31,ILSVRC2012_val_00001537.JPEG,predicted,gradcam_relu,0.15,2,True,0.23581886291503906,0.0536537766456604,False,0.43127763271331787,0.22499999403953552,1.0
vit_base_patch16_224,24,ILSVRC2012_val_00001115.JPEG,predicted,gradcam_relu,0.15,3,True,0.1486968994140625,0.023040026426315308,False,-0.4557307958602905,0.5934959053993225,1.0
vit_base_patch16_224,25,ILSVRC2012_val_00001343.JPEG,predicted,gradcam_relu,0.15,3,True,-0.04788017272949219,-0.0007249414920806885,False,-0.29063743352890015,0.46268656849861145,1.0
vit_base_patch16_224,26,ILSVRC2012_val_00001379.JPEG,predicted,gradcam_relu,0.15,3,True,-0.06804656982421875,0.001746244728565216,False,0.42035555839538574,0.21739129722118378,1.0
vit_base_patch16_224,27,ILSVRC2012_val_00001425.JPEG,predicted,gradcam_relu,0.15,3,True,0.7712926864624023,0.19274920225143433,False,-0.42013561725616455,0.6065573692321777,1.0
vit_base_patch16_224,28,ILSVRC2012_val_00001434.JPEG,predicted,gradcam_relu,0.15,3,True,0.231048583984375,0.02316860854625702,False,0.2860250771045685,0.29801324009895325,1.0
vit_base_patch16_224,29,ILSVRC2012_val_00001435.JPEG,predicted,gradcam_relu,0.15,3,True,0.1728534698486328,0.022609680891036987,False,0.013653786852955818,0.26451611518859863,1.0
vit_base_patch16_224,30,ILSVRC2012_val_00001512.JPEG,predicted,gradcam_relu,0.15,3,True,-0.3189849853515625,-0.02972923219203949,False,0.5381667017936707,0.15976330637931824,1.0
vit_base_patch16_224,31,ILSVRC2012_val_00001537.JPEG,predicted,gradcam_relu,0.15,3,True,-0.05704498291015625,-0.0096205472946167,False,0.43127763271331787,0.22499999403953552,1.0
vit_base_patch16_224,24,ILSVRC2012_val_00001115.JPEG,predicted,gradcam_signed,0.15,0,True,0.24009132385253906,0.042478710412979126,False,-0.4557307958602905,0.5934959053993225,1.0
vit_base_patch16_224,25,ILSVRC2012_val_00001343.JPEG,predicted,gradcam_signed,0.15,0,True,-0.30268192291259766,-0.060092195868492126,False,-0.29063743352890015,0.46268656849861145,1.0
vit_base_patch16_224,26,ILSVRC2012_val_00001379.JPEG,predicted,gradcam_signed,0.15,0,True,0.0894775390625,0.013720110058784485,False,0.42035555839538574,0.21739129722118378,1.0
vit_base_patch16_224,27,ILSVRC2012_val_00001425.JPEG,predicted,gradcam_signed,0.15,0,True,0.56671142578125,0.13630028069019318,False,-0.42013561725616455,0.6065573692321777,1.0
vit_base_patch16_224,28,ILSVRC2012_val_00001434.JPEG,predicted,gradcam_signed,0.15,0,True,0.722407341003418,0.09625881910324097,False,0.2860250771045685,0.29801324009895325,1.0
vit_base_patch16_224,29,ILSVRC2012_val_00001435.JPEG,predicted,gradcam_signed,0.15,0,True,0.14842987060546875,0.019112199544906616,False,0.013653786852955818,0.26451611518859863,1.0
vit_base_patch16_224,30,ILSVRC2012_val_00001512.JPEG,predicted,gradcam_signed,0.15,0,True,-0.26578426361083984,-0.020797401666641235,False,0.5381667017936707,0.15976330637931824,1.0
vit_base_patch16_224,31,ILSVRC2012_val_00001537.JPEG,predicted,gradcam_signed,0.15,0,True,-0.0030345916748046875,0.005784466862678528,False,0.43127763271331787,0.22499999403953552,1.0
vit_base_patch16_224,24,ILSVRC2012_val_00001115.JPEG,predicted,gradcam_signed,0.15,1,True,0.22630977630615234,0.050117507576942444,False,-0.4557307958602905,0.5934959053993225,1.0
vit_base_patch16_224,25,ILSVRC2012_val_00001343.JPEG,predicted,gradcam_signed,0.15,1,True,-0.10853195190429688,-0.01737186312675476,False,-0.29063743352890015,0.46268656849861145,1.0
vit_base_patch16_224,26,ILSVRC2012_val_00001379.JPEG,predicted,gradcam_signed,0.15,1,True,0.027921676635742188,0.008548080921173096,False,0.42035555839538574,0.21739129722118378,1.0
vit_base_patch16_224,27,ILSVRC2012_val_00001425.JPEG,predicted,gradcam_signed,0.15,1,True,0.3398151397705078,0.04130946099758148,False,-0.42013561725616455,0.6065573692321777,1.0
vit_base_patch16_224,28,ILSVRC2012_val_00001434.JPEG,predicted,gradcam_signed,0.15,1,True,0.4761676788330078,0.06867347657680511,False,0.2860250771045685,0.29801324009895325,1.0
vit_base_patch16_224,29,ILSVRC2012_val_00001435.JPEG,predicted,gradcam_signed,0.15,1,True,0.12986469268798828,0.016227200627326965,False,0.013653786852955818,0.26451611518859863,1.0
vit_base_patch16_224,30,ILSVRC2012_val_00001512.JPEG,predicted,gradcam_signed,0.15,1,True,-0.16110610961914062,-0.017561927437782288,False,0.5381667017936707,0.15976330637931824,1.0
vit_base_patch16_224,31,ILSVRC2012_val_00001537.JPEG,predicted,gradcam_signed,0.15,1,True,-0.2093639373779297,-0.006415650248527527,False,0.43127763271331787,0.22499999403953552,1.0
vit_base_patch16_224,24,ILSVRC2012_val_00001115.JPEG,predicted,gradcam_signed,0.15,2,True,0.1054239273071289,0.015941143035888672,False,-0.4557307958602905,0.5934959053993225,1.0
vit_base_patch16_224,25,ILSVRC2012_val_00001343.JPEG,predicted,gradcam_signed,0.15,2,True,-0.6120891571044922,-0.10142658650875092,False,-0.29063743352890015,0.46268656849861145,1.0
vit_base_patch16_224,26,ILSVRC2012_val_00001379.JPEG,predicted,gradcam_signed,0.15,2,True,0.22573089599609375,0.02571640908718109,False,0.42035555839538574,0.21739129722118378,1.0
vit_base_patch16_224,27,ILSVRC2012_val_00001425.JPEG,predicted,gradcam_signed,0.15,2,True,0.7565927505493164,0.19505947828292847,False,-0.42013561725616455,0.6065573692321777,1.0
vit_base_patch16_224,28,ILSVRC2012_val_00001434.JPEG,predicted,gradcam_signed,0.15,2,True,0.10573482513427734,0.008604854345321655,False,0.2860250771045685,0.29801324009895325,1.0
vit_base_patch16_224,29,ILSVRC2012_val_00001435.JPEG,predicted,gradcam_signed,0.15,2,True,0.19518184661865234,0.025358080863952637,False,0.013653786852955818,0.26451611518859863,1.0
vit_base_patch16_224,30,ILSVRC2012_val_00001512.JPEG,predicted,gradcam_signed,0.15,2,True,-0.3637838363647461,-0.031149953603744507,False,0.5381667017936707,0.15976330637931824,1.0
vit_base_patch16_224,31,ILSVRC2012_val_00001537.JPEG,predicted,gradcam_signed,0.15,2,True,-0.18535232543945312,-0.009048908948898315,False,0.43127763271331787,0.22499999403953552,1.0
vit_base_patch16_224,24,ILSVRC2012_val_00001115.JPEG,predicted,gradcam_signed,0.15,3,True,0.36630725860595703,0.07933595776557922,False,-0.4557307958602905,0.5934959053993225,1.0
vit_base_patch16_224,25,ILSVRC2012_val_00001343.JPEG,predicted,gradcam_signed,0.15,3,True,-0.3015594482421875,-0.05127039551734924,False,-0.29063743352890015,0.46268656849861145,1.0
vit_base_patch16_224,26,ILSVRC2012_val_00001379.JPEG,predicted,gradcam_signed,0.15,3,True,0.07150459289550781,0.016146361827850342,False,0.42035555839538574,0.21739129722118378,1.0
vit_base_patch16_224,27,ILSVRC2012_val_00001425.JPEG,predicted,gradcam_signed,0.15,3,True,0.8890542984008789,0.24226808547973633,False,-0.42013561725616455,0.6065573692321777,1.0
vit_base_patch16_224,28,ILSVRC2012_val_00001434.JPEG,predicted,gradcam_signed,0.15,3,True,0.3434629440307617,0.03790856897830963,False,0.2860250771045685,0.29801324009895325,1.0
vit_base_patch16_224,29,ILSVRC2012_val_00001435.JPEG,predicted,gradcam_signed,0.15,3,True,0.3079986572265625,0.042899131774902344,False,0.013653786852955818,0.26451611518859863,1.0
vit_base_patch16_224,30,ILSVRC2012_val_00001512.JPEG,predicted,gradcam_signed,0.15,3,True,-0.39964771270751953,-0.04157835245132446,False,0.5381667017936707,0.15976330637931824,1.0
vit_base_patch16_224,31,ILSVRC2012_val_00001537.JPEG,predicted,gradcam_signed,0.15,3,True,0.15368175506591797,0.059900492429733276,False,0.43127763271331787,0.22499999403953552,1.0
vit_base_patch16_224,24,ILSVRC2012_val_00001115.JPEG,predicted,gradcam_abs,0.15,0,True,0.04663658142089844,0.007538780570030212,False,-0.4557307958602905,0.5934959053993225,1.0
vit_base_patch16_224,25,ILSVRC2012_val_00001343.JPEG,predicted,gradcam_abs,0.15,0,True,-0.1675710678100586,-0.04420803487300873,False,-0.29063743352890015,0.46268656849861145,1.0
vit_base_patch16_224,26,ILSVRC2012_val_00001379.JPEG,predicted,gradcam_abs,0.15,0,True,-0.17341899871826172,-0.014318786561489105,False,0.42035555839538574,0.21739129722118378,1.0
vit_base_patch16_224,27,ILSVRC2012_val_00001425.JPEG,predicted,gradcam_abs,0.15,0,True,0.9168252944946289,0.27167409658432007,False,-0.42013561725616455,0.6065573692321777,1.0
vit_base_patch16_224,28,ILSVRC2012_val_00001434.JPEG,predicted,gradcam_abs,0.15,0,True,0.20493030548095703,0.018845662474632263,False,0.2860250771045685,0.29801324009895325,1.0
vit_base_patch16_224,29,ILSVRC2012_val_00001435.JPEG,predicted,gradcam_abs,0.15,0,True,0.164581298828125,0.021428942680358887,False,0.013653786852955818,0.26451611518859863,1.0
vit_base_patch16_224,30,ILSVRC2012_val_00001512.JPEG,predicted,gradcam_abs,0.15,0,True,-0.29962825775146484,-0.028611034154891968,False,0.5381667017936707,0.15976330637931824,1.0
vit_base_patch16_224,31,ILSVRC2012_val_00001537.JPEG,predicted,gradcam_abs,0.15,0,True,-0.00276947021484375,0.0282457172870636,False,0.43127763271331787,0.22499999403953552,1.0
vit_base_patch16_224,24,ILSVRC2012_val_00001115.JPEG,predicted,gradcam_abs,0.15,1,True,0.3343830108642578,0.07770252227783203,False,-0.4557307958602905,0.5934959053993225,1.0
vit_base_patch16_224,25,ILSVRC2012_val_00001343.JPEG,predicted,gradcam_abs,0.15,1,True,0.020162582397460938,0.03064379096031189,False,-0.29063743352890015,0.46268656849861145,1.0
vit_base_patch16_224,26,ILSVRC2012_val_00001379.JPEG,predicted,gradcam_abs,0.15,1,True,0.023855209350585938,0.007370345294475555,False,0.42035555839538574,0.21739129722118378,1.0
vit_base_patch16_224,27,ILSVRC2012_val_00001425.JPEG,predicted,gradcam_abs,0.15,1,True,0.9531564712524414,0.30652812123298645,False,-0.42013561725616455,0.6065573692321777,1.0
vit_base_patch16_224,28,ILSVRC2012_val_00001434.JPEG,predicted,gradcam_abs,0.15,1,True,0.3670778274536133,0.04559861123561859,False,0.2860250771045685,0.29801324009895325,1.0
vit_base_patch16_224,29,ILSVRC2012_val_00001435.JPEG,predicted,gradcam_abs,0.15,1,True,0.14693450927734375,0.018405303359031677,False,0.013653786852955818,0.26451611518859863,1.0
vit_base_patch16_224,30,ILSVRC2012_val_00001512.JPEG,predicted,gradcam_abs,0.15,1,True,-0.12355995178222656,-0.012879729270935059,False,0.5381667017936707,0.15976330637931824,1.0
vit_base_patch16_224,31,ILSVRC2012_val_00001537.JPEG,predicted,gradcam_abs,0.15,1,True,-0.0745229721069336,0.03643666207790375,False,0.43127763271331787,0.22499999403953552,1.0
vit_base_patch16_224,24,ILSVRC2012_val_00001115.JPEG,predicted,gradcam_abs,0.15,2,True,0.1467742919921875,0.022626876831054688,False,-0.4557307958602905,0.5934959053993225,1.0
vit_base_patch16_224,25,ILSVRC2012_val_00001343.JPEG,predicted,gradcam_abs,0.15,2,True,-0.1719837188720703,-0.05099993944168091,False,-0.29063743352890015,0.46268656849861145,1.0
vit_base_patch16_224,26,ILSVRC2012_val_00001379.JPEG,predicted,gradcam_abs,0.15,2,True,-0.030853271484375,-0.0008235722780227661,False,0.42035555839538574,0.21739129722118378,1.0
vit_base_patch16_224,27,ILSVRC2012_val_00001425.JPEG,predicted,gradcam_abs,0.15,2,True,0.6673288345336914,0.22971728444099426,False,-0.42013561725616455,0.6065573692321777,1.0
vit_base_patch16_224,28,ILSVRC2012_val_00001434.JPEG,predicted,gradcam_abs,0.15,2,True,0.27057361602783203,0.02925938367843628,False,0.2860250771045685,0.29801324009895325,1.0
vit_base_patch16_224,29,ILSVRC2012_val_00001435.JPEG,predicted,gradcam_abs,0.15,2,True,0.22834300994873047,0.029803618788719177,False,0.013653786852955818,0.26451611518859863,1.0
vit_base_patch16_224,30,ILSVRC2012_val_00001512.JPEG,predicted,gradcam_abs,0.15,2,True,-0.29097461700439453,-0.033745259046554565,False,0.5381667017936707,0.15976330637931824,1.0
vit_base_patch16_224,31,ILSVRC2012_val_00001537.JPEG,predicted,gradcam_abs,0.15,2,True,-0.08672142028808594,-0.007192745804786682,False,0.43127763271331787,0.22499999403953552,1.0
vit_base_patch16_224,24,ILSVRC2012_val_00001115.JPEG,predicted,gradcam_abs,0.15,3,True,0.3580360412597656,0.09065485000610352,False,-0.4557307958602905,0.5934959053993225,1.0
vit_base_patch16_224,25,ILSVRC2012_val_00001343.JPEG,predicted,gradcam_abs,0.15,3,True,-0.4332752227783203,-0.08666513860225677,False,-0.29063743352890015,0.46268656849861145,1.0
vit_base_patch16_224,26,ILSVRC2012_val_00001379.JPEG,predicted,gradcam_abs,0.15,3,True,0.059020042419433594,0.011744245886802673,False,0.42035555839538574,0.21739129722118378,1.0
vit_base_patch16_224,27,ILSVRC2012_val_00001425.JPEG,predicted,gradcam_abs,0.15,3,True,0.7293634414672852,0.1927005648612976,False,-0.42013561725616455,0.6065573692321777,1.0
vit_base_patch16_224,28,ILSVRC2012_val_00001434.JPEG,predicted,gradcam_abs,0.15,3,True,0.6764020919799805,0.1077624261379242,False,0.2860250771045685,0.29801324009895325,1.0
vit_base_patch16_224,29,ILSVRC2012_val_00001435.JPEG,predicted,gradcam_abs,0.15,3,True,0.17055034637451172,0.021984487771987915,False,0.013653786852955818,0.26451611518859863,1.0
vit_base_patch16_224,30,ILSVRC2012_val_00001512.JPEG,predicted,gradcam_abs,0.15,3,True,-0.24570178985595703,-0.019370734691619873,False,0.5381667017936707,0.15976330637931824,1.0
vit_base_patch16_224,31,ILSVRC2012_val_00001537.JPEG,predicted,gradcam_abs,0.15,3,True,-0.12441730499267578,-0.006798356771469116,False,0.43127763271331787,0.22499999403953552,1.0
vit_base_patch16_224,24,ILSVRC2012_val_00001115.JPEG,predicted,random_uniform,0.15,0,True,-0.31679344177246094,-0.033651843667030334,False,1.0,1.0,1.0
vit_base_patch16_224,25,ILSVRC2012_val_00001343.JPEG,predicted,random_uniform,0.15,0,True,-0.24529743194580078,0.00400504469871521,False,1.0,1.0,1.0
vit_base_patch16_224,26,ILSVRC2012_val_00001379.JPEG,predicted,random_uniform,0.15,0,True,0.24117279052734375,0.05195078253746033,False,1.0,1.0,1.0
vit_base_patch16_224,27,ILSVRC2012_val_00001425.JPEG,predicted,random_uniform,0.15,0,True,0.8184967041015625,0.23253929615020752,False,1.0,1.0,1.0
vit_base_patch16_224,28,ILSVRC2012_val_00001434.JPEG,predicted,random_uniform,0.15,0,True,0.27568721771240234,0.03154809772968292,False,1.0,1.0,1.0
vit_base_patch16_224,29,ILSVRC2012_val_00001435.JPEG,predicted,random_uniform,0.15,0,True,0.168701171875,0.02199360728263855,False,1.0,1.0,1.0
vit_base_patch16_224,30,ILSVRC2012_val_00001512.JPEG,predicted,random_uniform,0.15,0,True,-0.1916055679321289,-0.009547203779220581,False,1.0,1.0,1.0
vit_base_patch16_224,31,ILSVRC2012_val_00001537.JPEG,predicted,random_uniform,0.15,0,True,0.05725288391113281,0.006946787238121033,False,1.0,1.0,1.0
vit_base_patch16_224,24,ILSVRC2012_val_00001115.JPEG,predicted,random_uniform,0.15,1,True,-0.2719306945800781,-0.029215708374977112,False,1.0,1.0,1.0
vit_base_patch16_224,25,ILSVRC2012_val_00001343.JPEG,predicted,random_uniform,0.15,1,True,0.1563863754272461,0.2461026906967163,False,1.0,1.0,1.0
vit_base_patch16_224,26,ILSVRC2012_val_00001379.JPEG,predicted,random_uniform,0.15,1,True,0.23041915893554688,0.05110132694244385,False,1.0,1.0,1.0
vit_base_patch16_224,27,ILSVRC2012_val_00001425.JPEG,predicted,random_uniform,0.15,1,True,0.948944091796875,0.25860047340393066,False,1.0,1.0,1.0
vit_base_patch16_224,28,ILSVRC2012_val_00001434.JPEG,predicted,random_uniform,0.15,1,True,0.2305765151977539,0.02828773856163025,False,1.0,1.0,1.0
vit_base_patch16_224,29,ILSVRC2012_val_00001435.JPEG,predicted,random_uniform,0.15,1,True,0.12135124206542969,0.015521049499511719,False,1.0,1.0,1.0
vit_base_patch16_224,30,ILSVRC2012_val_00001512.JPEG,predicted,random_uniform,0.15,1,True,-0.19885635375976562,-0.012291312217712402,False,1.0,1.0,1.0
vit_base_patch16_224,31,ILSVRC2012_val_00001537.JPEG,predicted,random_uniform,0.15,1,True,0.015165328979492188,0.00688740611076355,False,1.0,1.0,1.0
vit_base_patch16_224,24,ILSVRC2012_val_00001115.JPEG,predicted,random_uniform,0.15,2,True,-0.00830078125,-0.00010807812213897705,False,1.0,1.0,1.0
vit_base_patch16_224,25,ILSVRC2012_val_00001343.JPEG,predicted,random_uniform,0.15,2,True,-0.3968181610107422,-0.07965698838233948,False,1.0,1.0,1.0
vit_base_patch16_224,26,ILSVRC2012_val_00001379.JPEG,predicted,random_uniform,0.15,2,True,0.587864875793457,0.17500092089176178,False,1.0,1.0,1.0
vit_base_patch16_224,27,ILSVRC2012_val_00001425.JPEG,predicted,random_uniform,0.15,2,True,0.6804466247558594,0.14149601757526398,False,1.0,1.0,1.0
vit_base_patch16_224,28,ILSVRC2012_val_00001434.JPEG,predicted,random_uniform,0.15,2,True,0.08250904083251953,0.005067996680736542,False,1.0,1.0,1.0
vit_base_patch16_224,29,ILSVRC2012_val_00001435.JPEG,predicted,random_uniform,0.15,2,True,0.1599740982055664,0.019851863384246826,False,1.0,1.0,1.0
vit_base_patch16_224,30,ILSVRC2012_val_00001512.JPEG,predicted,random_uniform,0.15,2,True,-0.34513378143310547,-0.02948729693889618,False,1.0,1.0,1.0
vit_base_patch16_224,31,ILSVRC2012_val_00001537.JPEG,predicted,random_uniform,0.15,2,True,-0.15804767608642578,-0.022302865982055664,False,1.0,1.0,1.0
vit_base_patch16_224,24,ILSVRC2012_val_00001115.JPEG,predicted,random_uniform,0.15,3,True,-0.17782878875732422,-0.02316725254058838,False,1.0,1.0,1.0
vit_base_patch16_224,25,ILSVRC2012_val_00001343.JPEG,predicted,random_uniform,0.15,3,True,-0.3352212905883789,-0.0286262184381485,False,1.0,1.0,1.0
vit_base_patch16_224,26,ILSVRC2012_val_00001379.JPEG,predicted,random_uniform,0.15,3,True,-0.020728111267089844,0.011044345796108246,False,1.0,1.0,1.0
vit_base_patch16_224,27,ILSVRC2012_val_00001425.JPEG,predicted,random_uniform,0.15,3,True,0.6131763458251953,0.17330330610275269,False,1.0,1.0,1.0
vit_base_patch16_224,28,ILSVRC2012_val_00001434.JPEG,predicted,random_uniform,0.15,3,True,0.2044820785522461,0.023914828896522522,False,1.0,1.0,1.0
vit_base_patch16_224,29,ILSVRC2012_val_00001435.JPEG,predicted,random_uniform,0.15,3,True,0.15633010864257812,0.0206843763589859,False,1.0,1.0,1.0
vit_base_patch16_224,30,ILSVRC2012_val_00001512.JPEG,predicted,random_uniform,0.15,3,True,-0.2595043182373047,-0.027960538864135742,False,1.0,1.0,1.0
vit_base_patch16_224,31,ILSVRC2012_val_00001537.JPEG,predicted,random_uniform,0.15,3,True,-0.010111808776855469,0.012308642268180847,False,1.0,1.0,1.0
vit_base_patch16_224,32,ILSVRC2012_val_00001570.JPEG,predicted,patch_score,0.15,0,True,-0.16245174407958984,-0.011860966682434082,False,1.0,1.0,1.0
vit_base_patch16_224,33,ILSVRC2012_val_00001638.JPEG,predicted,patch_score,0.15,0,True,-0.07676887512207031,-0.019516006112098694,False,1.0,1.0,1.0
vit_base_patch16_224,34,ILSVRC2012_val_00001642.JPEG,predicted,patch_score,0.15,0,True,-0.1769123077392578,-0.08548727631568909,False,1.0,1.0,1.0
vit_base_patch16_224,35,ILSVRC2012_val_00001645.JPEG,predicted,patch_score,0.15,0,True,0.4976663589477539,0.157781183719635,False,1.0,1.0,1.0
vit_base_patch16_224,36,ILSVRC2012_val_00001648.JPEG,predicted,patch_score,0.15,0,True,-0.19884777069091797,-0.030784130096435547,False,1.0,1.0,1.0
vit_base_patch16_224,37,ILSVRC2012_val_00001655.JPEG,predicted,patch_score,0.15,0,True,-0.1472482681274414,-0.018637172877788544,False,1.0,1.0,1.0
vit_base_patch16_224,38,ILSVRC2012_val_00001659.JPEG,predicted,patch_score,0.15,0,True,0.569645881652832,0.09616207331418991,False,1.0,1.0,1.0
vit_base_patch16_224,39,ILSVRC2012_val_00001689.JPEG,predicted,patch_score,0.15,0,True,0.3138456344604492,0.07824192941188812,False,1.0,1.0,1.0
vit_base_patch16_224,32,ILSVRC2012_val_00001570.JPEG,predicted,patch_score,0.15,1,True,-0.14493942260742188,0.008226379752159119,False,1.0,1.0,1.0
vit_base_patch16_224,33,ILSVRC2012_val_00001638.JPEG,predicted,patch_score,0.15,1,True,-0.272918701171875,-0.0615975558757782,False,1.0,1.0,1.0
vit_base_patch16_224,34,ILSVRC2012_val_00001642.JPEG,predicted,patch_score,0.15,1,True,-0.5096282958984375,-0.16758431494235992,False,1.0,1.0,1.0
vit_base_patch16_224,35,ILSVRC2012_val_00001645.JPEG,predicted,patch_score,0.15,1,True,0.5011320114135742,0.19875341653823853,False,1.0,1.0,1.0
vit_base_patch16_224,36,ILSVRC2012_val_00001648.JPEG,predicted,patch_score,0.15,1,True,-0.09090137481689453,-0.005459040403366089,False,1.0,1.0,1.0
vit_base_patch16_224,37,ILSVRC2012_val_00001655.JPEG,predicted,patch_score,0.15,1,True,-0.043430328369140625,-0.0027131065726280212,False,1.0,1.0,1.0
vit_base_patch16_224,38,ILSVRC2012_val_00001659.JPEG,predicted,patch_score,0.15,1,True,0.5298862457275391,0.08500578254461288,False,1.0,1.0,1.0
vit_base_patch16_224,39,ILSVRC2012_val_00001689.JPEG,predicted,patch_score,0.15,1,True,0.13199138641357422,0.022699445486068726,False,1.0,1.0,1.0
vit_base_patch16_224,32,ILSVRC2012_val_00001570.JPEG,predicted,patch_score,0.15,2,True,0.05669212341308594,0.04877327382564545,False,1.0,1.0,1.0
vit_base_patch16_224,33,ILSVRC2012_val_00001638.JPEG,predicted,patch_score,0.15,2,True,-0.10585308074951172,-0.023564934730529785,False,1.0,1.0,1.0
vit_base_patch16_224,34,ILSVRC2012_val_00001642.JPEG,predicted,patch_score,0.15,2,True,-0.3692340850830078,-0.15159784257411957,False,1.0,1.0,1.0
vit_base_patch16_224,35,ILSVRC2012_val_00001645.JPEG,predicted,patch_score,0.15,2,True,-0.04092693328857422,0.0664578378200531,False,1.0,1.0,1.0
vit_base_patch16_224,36,ILSVRC2012_val_00001648.JPEG,predicted,patch_score,0.15,2,True,-0.21734619140625,-0.037179961800575256,False,1.0,1.0,1.0
vit_base_patch16_224,37,ILSVRC2012_val_00001655.JPEG,predicted,patch_score,0.15,2,True,-0.06100940704345703,-0.0112028568983078,False,1.0,1.0,1.0
vit_base_patch16_224,38,ILSVRC2012_val_00001659.JPEG,predicted,patch_score,0.15,2,True,0.4931983947753906,0.0767047330737114,False,1.0,1.0,1.0
vit_base_patch16_224,39,ILSVRC2012_val_00001689.JPEG,predicted,patch_score,0.15,2,True,0.12159061431884766,0.024826377630233765,False,1.0,1.0,1.0
vit_base_patch16_224,32,ILSVRC2012_val_00001570.JPEG,predicted,patch_score,0.15,3,True,-0.3117799758911133,-0.05042724311351776,False,1.0,1.0,1.0
vit_base_patch16_224,33,ILSVRC2012_val_00001638.JPEG,predicted,patch_score,0.15,3,True,-0.17961978912353516,-0.042805805802345276,False,1.0,1.0,1.0
vit_base_patch16_224,34,ILSVRC2012_val_00001642.JPEG,predicted,patch_score,0.15,3,True,-0.4184293746948242,-0.15106534957885742,False,1.0,1.0,1.0
vit_base_patch16_224,35,ILSVRC2012_val_00001645.JPEG,predicted,patch_score,0.15,3,True,0.4850578308105469,0.14062631130218506,False,1.0,1.0,1.0
vit_base_patch16_224,36,ILSVRC2012_val_00001648.JPEG,predicted,patch_score,0.15,3,True,-0.3080263137817383,-0.05112376809120178,False,1.0,1.0,1.0
vit_base_patch16_224,37,ILSVRC2012_val_00001655.JPEG,predicted,patch_score,0.15,3,True,-0.07829475402832031,-0.010200820863246918,False,1.0,1.0,1.0
vit_base_patch16_224,38,ILSVRC2012_val_00001659.JPEG,predicted,patch_score,0.15,3,True,0.6638631820678711,0.10891927033662796,False,1.0,1.0,1.0
vit_base_patch16_224,39,ILSVRC2012_val_00001689.JPEG,predicted,patch_score,0.15,3,True,0.14329051971435547,0.026326388120651245,False,1.0,1.0,1.0
vit_base_patch16_224,32,ILSVRC2012_val_00001570.JPEG,predicted,gradcam_relu,0.15,0,True,-0.1217041015625,-0.024111106991767883,False,-0.014844329096376896,0.3154362440109253,1.0
vit_base_patch16_224,33,ILSVRC2012_val_00001638.JPEG,predicted,gradcam_relu,0.15,0,True,0.29186344146728516,0.06075018644332886,False,-0.40323373675346375,0.4848484992980957,1.0
vit_base_patch16_224,34,ILSVRC2012_val_00001642.JPEG,predicted,gradcam_relu,0.15,0,True,-0.39316463470458984,-0.11916151642799377,False,-0.0887918472290039,0.37062937021255493,1.0
vit_base_patch16_224,35,ILSVRC2012_val_00001645.JPEG,predicted,gradcam_relu,0.15,0,True,0.42801475524902344,0.11733701825141907,False,-0.1982787400484085,0.35172414779663086,1.0
vit_base_patch16_224,36,ILSVRC2012_val_00001648.JPEG,predicted,gradcam_relu,0.15,0,True,-0.21309471130371094,-0.037188708782196045,False,-0.1663619875907898,0.4202898442745209,1.0
vit_base_patch16_224,37,ILSVRC2012_val_00001655.JPEG,predicted,gradcam_relu,0.15,0,True,-0.14333438873291016,-0.018452368676662445,False,0.3481898903846741,0.15976330637931824,1.0
vit_base_patch16_224,38,ILSVRC2012_val_00001659.JPEG,predicted,gradcam_relu,0.15,0,True,0.15931987762451172,0.020742245018482208,False,-0.09085099399089813,0.3243243098258972,1.0
vit_base_patch16_224,39,ILSVRC2012_val_00001689.JPEG,predicted,gradcam_relu,0.15,0,True,0.010190010070800781,0.003620713949203491,False,-0.29550957679748535,0.4848484992980957,1.0
vit_base_patch16_224,32,ILSVRC2012_val_00001570.JPEG,predicted,gradcam_relu,0.15,1,True,-0.262481689453125,-0.0446111261844635,False,-0.014844329096376896,0.3154362440109253,1.0
vit_base_patch16_224,33,ILSVRC2012_val_00001638.JPEG,predicted,gradcam_relu,0.15,1,True,0.2772216796875,0.08738231658935547,False,-0.40323373675346375,0.4848484992980957,1.0
vit_base_patch16_224,34,ILSVRC2012_val_00001642.JPEG,predicted,gradcam_relu,0.15,1,True,0.018474578857421875,0.0007076859474182129,False,-0.0887918472290039,0.37062937021255493,1.0
vit_base_patch16_224,35,ILSVRC2012_val_00001645.JPEG,predicted,gradcam_relu,0.15,1,True,0.7703227996826172,0.185561865568161,False,-0.1982787400484085,0.35172414779663086,1.0
vit_base_patch16_224,36,ILSVRC2012_val_00001648.JPEG,predicted,gradcam_relu,0.15,1,True,-0.14850521087646484,-0.028224363923072815,False,-0.1663619875907898,0.4202898442745209,1.0
vit_base_patch16_224,37,ILSVRC2012_val_00001655.JPEG,predicted,gradcam_relu,0.15,1,True,-0.13852977752685547,-0.016947321593761444,False,0.3481898903846741,0.15976330637931824,1.0
vit_base_patch16_224,38,ILSVRC2012_val_00001659.JPEG,predicted,gradcam_relu,0.15,1,True,0.2194509506225586,0.027563907206058502,False,-0.09085099399089813,0.3243243098258972,1.0
vit_base_patch16_224,39,ILSVRC2012_val_00001689.JPEG,predicted,gradcam_relu,0.15,1,True,0.017751693725585938,0.0022285133600234985,False,-0.29550957679748535,0.4848484992980957,1.0
vit_base_patch16_224,32,ILSVRC2012_val_00001570.JPEG,predicted,gradcam_relu,0.15,2,True,-0.10381317138671875,0.0026964396238327026,False,-0.014844329096376896,0.3154362440109253,1.0
vit_base_patch16_224,33,ILSVRC2012_val_00001638.JPEG,predicted,gradcam_relu,0.15,2,True,0.3101463317871094,0.061586618423461914,False,-0.40323373675346375,0.4848484992980957,1.0
vit_base_patch16_224,34,ILSVRC2012_val_00001642.JPEG,predicted,gradcam_relu,0.15,2,True,-0.03767585754394531,-0.02310734987258911,False,-0.0887918472290039,0.37062937021255493,1.0
vit_base_patch16_224,35,ILSVRC2012_val_00001645.JPEG,predicted,gradcam_relu,0.15,2,True,0.7429990768432617,0.2366473376750946,False,-0.1982787400484085,0.35172414779663086,1.0
vit_base_patch16_224,36,ILSVRC2012_val_00001648.JPEG,predicted,gradcam_relu,0.15,2,True,-0.2236461639404297,-0.039842382073402405,False,-0.1663619875907898,0.4202898442745209,1.0
vit_base_patch16_224,37,ILSVRC2012_val_00001655.JPEG,predicted,gradcam_relu,0.15,2,True,-0.1773061752319336,-0.021782882511615753,False,0.3481898903846741,0.15976330637931824,1.0
vit_base_patch16_224,38,ILSVRC2012_val_00001659.JPEG,predicted,gradcam_relu,0.15,2,True,0.22022724151611328,0.027681641280651093,False,-0.09085099399089813,0.3243243098258972,1.0
vit_base_patch16_224,39,ILSVRC2012_val_00001689.JPEG,predicted,gradcam_relu,0.15,2,True,-0.02180004119873047,-0.002329707145690918,False,-0.29550957679748535,0.4848484992980957,1.0
vit_base_patch16_224,32,ILSVRC2012_val_00001570.JPEG,predicted,gradcam_relu,0.15,3,True,-0.1702880859375,-0.026481464505195618,False,-0.014844329096376896,0.3154362440109253,1.0
vit_base_patch16_224,33,ILSVRC2012_val_00001638.JPEG,predicted,gradcam_relu,0.15,3,True,0.500920295715332,0.1076955795288086,False,-0.40323373675346375,0.4848484992980957,1.0
vit_base_patch16_224,34,ILSVRC2012_val_00001642.JPEG,predicted,gradcam_relu,0.15,3,True,-0.04314136505126953,-0.034740716218948364,False,-0.0887918472290039,0.37062937021255493,1.0
vit_base_patch16_224,35,ILSVRC2012_val_00001645.JPEG,predicted,gradcam_relu,0.15,3,True,0.4694204330444336,0.13449415564537048,False,-0.1982787400484085,0.35172414779663086,1.0
vit_base_patch16_224,36,ILSVRC2012_val_00001648.JPEG,predicted,gradcam_relu,0.15,3,True,-0.23543643951416016,-0.039708212018013,False,-0.1663619875907898,0.4202898442745209,1.0
vit_base_patch16_224,37,ILSVRC2012_val_00001655.JPEG,predicted,gradcam_relu,0.15,3,True,0.0019474029541015625,-0.00332583487033844,False,0.3481898903846741,0.15976330637931824,1.0
vit_base_patch16_224,38,ILSVRC2012_val_00001659.JPEG,predicted,gradcam_relu,0.15,3,True,0.42349815368652344,0.06398900598287582,False,-0.09085099399089813,0.3243243098258972,1.0
vit_base_patch16_224,39,ILSVRC2012_val_00001689.JPEG,predicted,gradcam_relu,0.15,3,True,0.06972885131835938,0.011865347623825073,False,-0.29550957679748535,0.4848484992980957,1.0
vit_base_patch16_224,32,ILSVRC2012_val_00001570.JPEG,predicted,gradcam_signed,0.15,0,True,-0.1877727508544922,-0.028011620044708252,False,-0.014844329096376896,0.3154362440109253,1.0
vit_base_patch16_224,33,ILSVRC2012_val_00001638.JPEG,predicted,gradcam_signed,0.15,0,True,0.15977001190185547,0.0363847017288208,False,-0.40323373675346375,0.4848484992980957,1.0
vit_base_patch16_224,34,ILSVRC2012_val_00001642.JPEG,predicted,gradcam_signed,0.15,0,True,0.19559764862060547,0.060697466135025024,False,-0.0887918472290039,0.37062937021255493,1.0
vit_base_patch16_224,35,ILSVRC2012_val_00001645.JPEG,predicted,gradcam_signed,0.15,0,True,0.7821388244628906,0.23906302452087402,False,-0.1982787400484085,0.35172414779663086,1.0
vit_base_patch16_224,36,ILSVRC2012_val_00001648.JPEG,predicted,gradcam_signed,0.15,0,True,-0.15667247772216797,-0.027684420347213745,False,-0.1663619875907898,0.4202898442745209,1.0
vit_base_patch16_224,37,ILSVRC2012_val_00001655.JPEG,predicted,gradcam_signed,0.15,0,True,-0.10936450958251953,-0.017104484140872955,False,0.3481898903846741,0.15976330637931824,1.0
vit_base_patch16_224,38,ILSVRC2012_val_00001659.JPEG,predicted,gradcam_signed,0.15,0,True,0.30494117736816406,0.04375148564577103,False,-0.09085099399089813,0.3243243098258972,1.0
vit_base_patch16_224,39,ILSVRC2012_val_00001689.JPEG,predicted,gradcam_signed,0.15,0,True,0.007917404174804688,0.0011730790138244629,False,-0.29550957679748535,0.4848484992980957,1.0
vit_base_patch16_224,32,ILSVRC2012_val_00001570.JPEG,predicted,gradcam_signed,0.15,1,True,-0.30098915100097656,-0.044735684990882874,False,-0.014844329096376896,0.3154362440109253,1.0
vit_base_patch16_224,33,ILSVRC2012_val_00001638.JPEG,predicted,gradcam_signed,0.15,1,True,0.41122913360595703,0.09808135032653809,False,-0.40323373675346375,0.4848484992980957,1.0
vit_base_patch16_224,34,ILSVRC2012_val_00001642.JPEG,predicted,gradcam_signed,0.15,1,True,-0.10457611083984375,-0.05667021870613098,False,-0.0887918472290039,0.37062937021255493,1.0
vit_base_patch16_224,35,ILSVRC2012_val_00001645.JPEG,predicted,gradcam_signed,0.15,1,True,0.57318115234375,0.1934552788734436,False,-0.1982787400484085,0.35172414779663086,1.0
vit_base_patch16_224,36,ILSVRC2012_val_00001648.JPEG,predicted,gradcam_signed,0.15,1,True,-0.1944293975830078,-0.03528372943401337,False,-0.1663619875907898,0.4202898442745209,1.0
vit_base_patch16_224,37,ILSVRC2012_val_00001655.JPEG,predicted,gradcam_signed,0.15,1,True,-0.04692649841308594,-0.010685458779335022,False,0.3481898903846741,0.15976330637931824,1.0
vit_base_patch16_224,38,ILSVRC2012_val_00001659.JPEG,predicted,gradcam_signed,0.15,1,True,0.7314224243164062,0.14333054423332214,False,-0.09085099399089813,0.3243243098258972,1.0
vit_base_patch16_224,39,ILSVRC2012_val_00001689.JPEG,predicted,gradcam_signed,0.15,1,True,-0.03256702423095703,-0.0020121634006500244,False,-0.29550957679748535,0.4848484992980957,1.0
vit_base_patch16_224,32,ILSVRC2012_val_00001570.JPEG,predicted,gradcam_signed,0.15,2,True,-0.2775917053222656,-0.04129453003406525,False,-0.014844329096376896,0.3154362440109253,1.0
vit_base_patch16_224,33,ILSVRC2012_val_00001638.JPEG,predicted,gradcam_signed,0.15,2,True,0.21009254455566406,0.04634407162666321,False,-0.40323373675346375,0.4848484992980957,1.0
vit_base_patch16_224,34,ILSVRC2012_val_00001642.JPEG,predicted,gradcam_signed,0.15,2,True,-0.18027877807617188,-0.07263073325157166,False,-0.0887918472290039,0.37062937021255493,1.0
vit_base_patch16_224,35,ILSVRC2012_val_00001645.JPEG,predicted,gradcam_signed,0.15,2,True,0.6882801055908203,0.23845160007476807,False,-0.1982787400484085,0.35172414779663086,1.0
vit_base_patch16_224,36,ILSVRC2012_val_00001648.JPEG,predicted,gradcam_signed,0.15,2,True,-0.16806316375732422,-0.03198406100273132,False,-0.1663619875907898,0.4202898442745209,1.0
vit_base_patch16_224,37,ILSVRC2012_val_00001655.JPEG,predicted,gradcam_signed,0.15,2,True,-0.07249164581298828,-0.012876950204372406,False,0.3481898903846741,0.15976330637931824,1.0
vit_base_patch16_224,38,ILSVRC2012_val_00001659.JPEG,predicted,gradcam_signed,0.15,2,True,0.19585132598876953,0.022576086223125458,False,-0.09085099399089813,0.3243243098258972,1.0
vit_base_patch16_224,39,ILSVRC2012_val_00001689.JPEG,predicted,gradcam_signed,0.15,2,True,-0.0874776840209961,-0.012281373143196106,False,-0.29550957679748535,0.4848484992980957,1.0
vit_base_patch16_224,32,ILSVRC2012_val_00001570.JPEG,predicted,gradcam_signed,0.15,3,True,-0.2185049057006836,-0.03657656908035278,False,-0.014844329096376896,0.3154362440109253,1.0
vit_base_patch16_224,33,ILSVRC2012_val_00001638.JPEG,predicted,gradcam_signed,0.15,3,True,0.4029836654663086,0.07003551721572876,False,-0.40323373675346375,0.4848484992980957,1.0
vit_base_patch16_224,34,ILSVRC2012_val_00001642.JPEG,predicted,gradcam_signed,0.15,3,True,-0.15116119384765625,-0.05583828687667847,False,-0.0887918472290039,0.37062937021255493,1.0
vit_base_patch16_224,35,ILSVRC2012_val_00001645.JPEG,predicted,gradcam_signed,0.15,3,True,0.520167350769043,0.16272395849227905,False,-0.1982787400484085,0.35172414779663086,1.0
vit_base_patch16_224,36,ILSVRC2012_val_00001648.JPEG,predicted,gradcam_signed,0.15,3,True,-0.1978597640991211,-0.03693711757659912,False,-0.1663619875907898,0.4202898442745209,1.0
vit_base_patch16_224,37,ILSVRC2012_val_00001655.JPEG,predicted,gradcam_signed,0.15,3,True,-0.0747365951538086,-0.01346653699874878,False,0.3481898903846741,0.15976330637931824,1.0
vit_base_patch16_224,38,ILSVRC2012_val_00001659.JPEG,predicted,gradcam_signed,0.15,3,True,0.1421060562133789,0.017245493829250336,False,-0.09085099399089813,0.3243243098258972,1.0
vit_base_patch16_224,39,ILSVRC2012_val_00001689.JPEG,predicted,gradcam_signed,0.15,3,True,-0.024521827697753906,-0.0029148608446121216,False,-0.29550957679748535,0.4848484992980957,1.0
vit_base_patch16_224,32,ILSVRC2012_val_00001570.JPEG,predicted,gradcam_abs,0.15,0,True,-0.13608551025390625,-0.020193934440612793,False,-0.014844329096376896,0.3154362440109253,1.0
vit_base_patch16_224,33,ILSVRC2012_val_00001638.JPEG,predicted,gradcam_abs,0.15,0,True,-0.003987312316894531,-0.01663513481616974,False,-0.40323373675346375,0.4848484992980957,1.0
vit_base_patch16_224,34,ILSVRC2012_val_00001642.JPEG,predicted,gradcam_abs,0.15,0,True,-0.11396408081054688,-0.052474796772003174,False,-0.0887918472290039,0.37062937021255493,1.0
vit_base_patch16_224,35,ILSVRC2012_val_00001645.JPEG,predicted,gradcam_abs,0.15,0,True,0.6863784790039062,0.2318764328956604,False,-0.1982787400484085,0.35172414779663086,1.0
vit_base_patch16_224,36,ILSVRC2012_val_00001648.JPEG,predicted,gradcam_abs,0.15,0,True,-0.22836017608642578,-0.04117022454738617,False,-0.1663619875907898,0.4202898442745209,1.0
vit_base_patch16_224,37,ILSVRC2012_val_00001655.JPEG,predicted,gradcam_abs,0.15,0,True,0.021915435791015625,-0.0025873854756355286,False,0.3481898903846741,0.15976330637931824,1.0
vit_base_patch16_224,38,ILSVRC2012_val_00001659.JPEG,predicted,gradcam_abs,0.15,0,True,0.21626758575439453,0.023986496031284332,False,-0.09085099399089813,0.3243243098258972,1.0
vit_base_patch16_224,39,ILSVRC2012_val_00001689.JPEG,predicted,gradcam_abs,0.15,0,True,0.014455795288085938,0.004423409700393677,False,-0.29550957679748535,0.4848484992980957,1.0
vit_base_patch16_224,32,ILSVRC2012_val_00001570.JPEG,predicted,gradcam_abs,0.15,1,True,-0.2545928955078125,-0.04448584467172623,False,-0.014844329096376896,0.3154362440109253,1.0
vit_base_patch16_224,33,ILSVRC2012_val_00001638.JPEG,predicted,gradcam_abs,0.15,1,True,0.30034542083740234,0.034225016832351685,False,-0.40323373675346375,0.4848484992980957,1.0
vit_base_patch16_224,34,ILSVRC2012_val_00001642.JPEG,predicted,gradcam_abs,0.15,1,True,-0.06559181213378906,-0.053410083055496216,False,-0.0887918472290039,0.37062937021255493,1.0
vit_base_patch16_224,35,ILSVRC2012_val_00001645.JPEG,predicted,gradcam_abs,0.15,1,True,0.6403274536132812,0.16595247387886047,False,-0.1982787400484085,0.35172414779663086,1.0
vit_base_patch16_224,36,ILSVRC2012_val_00001648.JPEG,predicted,gradcam_abs,0.15,1,True,-0.1648550033569336,-0.029124990105628967,False,-0.1663619875907898,0.4202898442745209,1.0
vit_base_patch16_224,37,ILSVRC2012_val_00001655.JPEG,predicted,gradcam_abs,0.15,1,True,-0.056921958923339844,-0.01031678169965744,False,0.3481898903846741,0.15976330637931824,1.0
vit_base_patch16_224,38,ILSVRC2012_val_00001659.JPEG,predicted,gradcam_abs,0.15,1,True,0.2356119155883789,0.027886517345905304,False,-0.09085099399089813,0.3243243098258972,1.0
vit_base_patch16_224,39,ILSVRC2012_val_00001689.JPEG,predicted,gradcam_abs,0.15,1,True,0.0571441650390625,0.012483745813369751,False,-0.29550957679748535,0.4848484992980957,1.0
vit_base_patch16_224,32,ILSVRC2012_val_00001570.JPEG,predicted,gradcam_abs,0.15,2,True,-0.32834625244140625,-0.05152363330125809,False,-0.014844329096376896,0.3154362440109253,1.0
vit_base_patch16_224,33,ILSVRC2012_val_00001638.JPEG,predicted,gradcam_abs,0.15,2,True,0.3126401901245117,0.03722858428955078,False,-0.40323373675346375,0.4848484992980957,1.0
vit_base_patch16_224,34,ILSVRC2012_val_00001642.JPEG,predicted,gradcam_abs,0.15,2,True,0.11942577362060547,0.034608036279678345,False,-0.0887918472290039,0.37062937021255493,1.0
vit_base_patch16_224,35,ILSVRC2012_val_00001645.JPEG,predicted,gradcam_abs,0.15,2,True,0.8029232025146484,0.21272742748260498,False,-0.1982787400484085,0.35172414779663086,1.0
vit_base_patch16_224,36,ILSVRC2012_val_00001648.JPEG,predicted,gradcam_abs,0.15,2,True,-0.12827205657958984,-0.02408359944820404,False,-0.1663619875907898,0.4202898442745209,1.0
vit_base_patch16_224,37,ILSVRC2012_val_00001655.JPEG,predicted,gradcam_abs,0.15,2,True,-0.02265453338623047,-0.005859792232513428,False,0.3481898903846741,0.15976330637931824,1.0
vit_base_patch16_224,38,ILSVRC2012_val_00001659.JPEG,predicted,gradcam_abs,0.15,2,True,0.2834596633911133,0.032464154064655304,False,-0.09085099399089813,0.3243243098258972,1.0
vit_base_patch16_224,39,ILSVRC2012_val_00001689.JPEG,predicted,gradcam_abs,0.15,2,True,0.009655952453613281,0.000766754150390625,False,-0.29550957679748535,0.4848484992980957,1.0
vit_base_patch16_224,32,ILSVRC2012_val_00001570.JPEG,predicted,gradcam_abs,0.15,3,True,-0.20238113403320312,-0.02709975838661194,False,-0.014844329096376896,0.3154362440109253,1.0
vit_base_patch16_224,33,ILSVRC2012_val_00001638.JPEG,predicted,gradcam_abs,0.15,3,True,0.10101127624511719,0.004602313041687012,False,-0.40323373675346375,0.4848484992980957,1.0
vit_base_patch16_224,34,ILSVRC2012_val_00001642.JPEG,predicted,gradcam_abs,0.15,3,True,0.12038516998291016,-0.0019437074661254883,False,-0.0887918472290039,0.37062937021255493,1.0
vit_base_patch16_224,35,ILSVRC2012_val_00001645.JPEG,predicted,gradcam_abs,0.15,3,True,0.4328937530517578,0.11495879292488098,False,-0.1982787400484085,0.35172414779663086,1.0
vit_base_patch16_224,36,ILSVRC2012_val_00001648.JPEG,predicted,gradcam_abs,0.15,3,True,-0.14215660095214844,-0.02527572214603424,False,-0.1663619875907898,0.4202898442745209,1.0
vit_base_patch16_224,37,ILSVRC2012_val_00001655.JPEG,predicted,gradcam_abs,0.15,3,True,-0.07929611206054688,-0.011783264577388763,False,0.3481898903846741,0.15976330637931824,1.0
vit_base_patch16_224,38,ILSVRC2012_val_00001659.JPEG,predicted,gradcam_abs,0.15,3,True,0.3651437759399414,0.0551212802529335,False,-0.09085099399089813,0.3243243098258972,1.0
vit_base_patch16_224,39,ILSVRC2012_val_00001689.JPEG,predicted,gradcam_abs,0.15,3,True,-0.011549949645996094,-0.000607028603553772,False,-0.29550957679748535,0.4848484992980957,1.0
vit_base_patch16_224,32,ILSVRC2012_val_00001570.JPEG,predicted,random_uniform,0.15,0,True,-0.2767810821533203,-0.03357723355293274,False,1.0,1.0,1.0
vit_base_patch16_224,33,ILSVRC2012_val_00001638.JPEG,predicted,random_uniform,0.15,0,True,0.07608604431152344,0.0791623592376709,False,1.0,1.0,1.0
vit_base_patch16_224,34,ILSVRC2012_val_00001642.JPEG,predicted,random_uniform,0.15,0,True,-0.19482135772705078,-0.11358775198459625,False,1.0,1.0,1.0
vit_base_patch16_224,35,ILSVRC2012_val_00001645.JPEG,predicted,random_uniform,0.15,0,True,0.3967618942260742,0.09681208431720734,False,1.0,1.0,1.0
vit_base_patch16_224,36,ILSVRC2012_val_00001648.JPEG,predicted,random_uniform,0.15,0,True,-0.26285362243652344,-0.0475320965051651,False,1.0,1.0,1.0
vit_base_patch16_224,37,ILSVRC2012_val_00001655.JPEG,predicted,random_uniform,0.15,0,True,-0.11849784851074219,-0.017638370394706726,False,1.0,1.0,1.0
vit_base_patch16_224,38,ILSVRC2012_val_00001659.JPEG,predicted,random_uniform,0.15,0,True,0.4584312438964844,0.061723582446575165,False,1.0,1.0,1.0
vit_base_patch16_224,39,ILSVRC2012_val_00001689.JPEG,predicted,random_uniform,0.15,0,True,0.1966266632080078,0.03036084771156311,False,1.0,1.0,1.0
vit_base_patch16_224,32,ILSVRC2012_val_00001570.JPEG,predicted,random_uniform,0.15,1,True,-0.31243133544921875,-0.049376338720321655,False,1.0,1.0,1.0
vit_base_patch16_224,33,ILSVRC2012_val_00001638.JPEG,predicted,random_uniform,0.15,1,True,0.03394794464111328,-0.002427607774734497,False,1.0,1.0,1.0
vit_base_patch16_224,34,ILSVRC2012_val_00001642.JPEG,predicted,random_uniform,0.15,1,True,-0.186126708984375,-0.09593144059181213,False,1.0,1.0,1.0
vit_base_patch16_224,35,ILSVRC2012_val_00001645.JPEG,predicted,random_uniform,0.15,1,True,0.5164432525634766,0.12315389513969421,False,1.0,1.0,1.0
vit_base_patch16_224,36,ILSVRC2012_val_00001648.JPEG,predicted,random_uniform,0.15,1,True,-0.19104290008544922,-0.029342055320739746,False,1.0,1.0,1.0
vit_base_patch16_224,37,ILSVRC2012_val_00001655.JPEG,predicted,random_uniform,0.15,1,True,0.10634708404541016,0.010597869753837585,False,1.0,1.0,1.0
vit_base_patch16_224,38,ILSVRC2012_val_00001659.JPEG,predicted,random_uniform,0.15,1,True,0.31232738494873047,0.04070296138525009,False,1.0,1.0,1.0
vit_base_patch16_224,39,ILSVRC2012_val_00001689.JPEG,predicted,random_uniform,0.15,1,True,0.11657047271728516,0.016235992312431335,False,1.0,1.0,1.0
vit_base_patch16_224,32,ILSVRC2012_val_00001570.JPEG,predicted,random_uniform,0.15,2,True,-0.19789791107177734,-0.03457207977771759,False,1.0,1.0,1.0
vit_base_patch16_224,33,ILSVRC2012_val_00001638.JPEG,predicted,random_uniform,0.15,2,True,0.07399654388427734,0.01992166042327881,False,1.0,1.0,1.0
vit_base_patch16_224,34,ILSVRC2012_val_00001642.JPEG,predicted,random_uniform,0.15,2,True,-0.4206428527832031,-0.15518830716609955,False,1.0,1.0,1.0
vit_base_patch16_224,35,ILSVRC2012_val_00001645.JPEG,predicted,random_uniform,0.15,2,True,0.3010711669921875,0.10464587807655334,False,1.0,1.0,1.0
vit_base_patch16_224,36,ILSVRC2012_val_00001648.JPEG,predicted,random_uniform,0.15,2,True,-0.19707870483398438,-0.0366368442773819,False,1.0,1.0,1.0
vit_base_patch16_224,37,ILSVRC2012_val_00001655.JPEG,predicted,random_uniform,0.15,2,True,0.0012111663818359375,-0.003787100315093994,False,1.0,1.0,1.0
vit_base_patch16_224,38,ILSVRC2012_val_00001659.JPEG,predicted,random_uniform,0.15,2,True,0.24582290649414062,0.03427498787641525,False,1.0,1.0,1.0
vit_base_patch16_224,39,ILSVRC2012_val_00001689.JPEG,predicted,random_uniform,0.15,2,True,0.35351085662841797,0.0659022331237793,False,1.0,1.0,1.0
vit_base_patch16_224,32,ILSVRC2012_val_00001570.JPEG,predicted,random_uniform,0.15,3,True,-0.13727569580078125,-0.024407073855400085,False,1.0,1.0,1.0
vit_base_patch16_224,33,ILSVRC2012_val_00001638.JPEG,predicted,random_uniform,0.15,3,True,-0.1364736557006836,-0.02089451253414154,False,1.0,1.0,1.0
vit_base_patch16_224,34,ILSVRC2012_val_00001642.JPEG,predicted,random_uniform,0.15,3,True,-0.19214916229248047,-0.07260936498641968,False,1.0,1.0,1.0
vit_base_patch16_224,35,ILSVRC2012_val_00001645.JPEG,predicted,random_uniform,0.15,3,True,0.45149803161621094,0.15909188985824585,False,1.0,1.0,1.0
vit_base_patch16_224,36,ILSVRC2012_val_00001648.JPEG,predicted,random_uniform,0.15,3,True,-0.1734476089477539,-0.03238958120346069,False,1.0,1.0,1.0
vit_base_patch16_224,37,ILSVRC2012_val_00001655.JPEG,predicted,random_uniform,0.15,3,True,-0.0039501190185546875,-0.0006685853004455566,False,1.0,1.0,1.0
vit_base_patch16_224,38,ILSVRC2012_val_00001659.JPEG,predicted,random_uniform,0.15,3,True,0.49266910552978516,0.07234949618577957,False,1.0,1.0,1.0
vit_base_patch16_224,39,ILSVRC2012_val_00001689.JPEG,predicted,random_uniform,0.15,3,True,0.04890251159667969,0.010215818881988525,False,1.0,1.0,1.0
vit_base_patch16_224,40,ILSVRC2012_val_00001753.JPEG,predicted,patch_score,0.15,0,True,0.7526888847351074,0.31447818875312805,False,1.0,1.0,1.0
vit_base_patch16_224,41,ILSVRC2012_val_00001925.JPEG,predicted,patch_score,0.15,0,True,-0.15596389770507812,-0.03407000005245209,False,1.0,1.0,1.0
vit_base_patch16_224,42,ILSVRC2012_val_00002002.JPEG,predicted,patch_score,0.15,0,True,0.04963493347167969,0.005481123924255371,False,1.0,1.0,1.0
vit_base_patch16_224,43,ILSVRC2012_val_00002073.JPEG,predicted,patch_score,0.15,0,True,0.5678901672363281,0.07801488041877747,False,1.0,1.0,1.0
vit_base_patch16_224,44,ILSVRC2012_val_00002159.JPEG,predicted,patch_score,0.15,0,True,0.3752737045288086,0.048602379858493805,False,1.0,1.0,1.0
vit_base_patch16_224,45,ILSVRC2012_val_00002176.JPEG,predicted,patch_score,0.15,0,True,0.34104156494140625,0.04319688677787781,False,1.0,1.0,1.0
vit_base_patch16_224,46,ILSVRC2012_val_00002183.JPEG,predicted,patch_score,0.15,0,True,-0.36670589447021484,-0.0769503265619278,False,1.0,1.0,1.0
vit_base_patch16_224,47,ILSVRC2012_val_00002184.JPEG,predicted,patch_score,0.15,0,True,0.3367471694946289,0.1337975561618805,False,1.0,1.0,1.0
vit_base_patch16_224,40,ILSVRC2012_val_00001753.JPEG,predicted,patch_score,0.15,1,True,0.32578182220458984,0.088746577501297,False,1.0,1.0,1.0
vit_base_patch16_224,41,ILSVRC2012_val_00001925.JPEG,predicted,patch_score,0.15,1,True,0.14978790283203125,0.017893657088279724,False,1.0,1.0,1.0
vit_base_patch16_224,42,ILSVRC2012_val_00002002.JPEG,predicted,patch_score,0.15,1,True,-0.1648712158203125,-0.013997673988342285,False,1.0,1.0,1.0
vit_base_patch16_224,43,ILSVRC2012_val_00002073.JPEG,predicted,patch_score,0.15,1,True,0.37914562225341797,0.04944188892841339,False,1.0,1.0,1.0
vit_base_patch16_224,44,ILSVRC2012_val_00002159.JPEG,predicted,patch_score,0.15,1,True,0.28403377532958984,0.041421301662921906,False,1.0,1.0,1.0
vit_base_patch16_224,45,ILSVRC2012_val_00002176.JPEG,predicted,patch_score,0.15,1,True,0.7215251922607422,0.14300845563411713,False,1.0,1.0,1.0
vit_base_patch16_224,46,ILSVRC2012_val_00002183.JPEG,predicted,patch_score,0.15,1,True,-0.12295722961425781,-0.031052470207214355,False,1.0,1.0,1.0
vit_base_patch16_224,47,ILSVRC2012_val_00002184.JPEG,predicted,patch_score,0.15,1,True,0.04961109161376953,0.04349985718727112,False,1.0,1.0,1.0
vit_base_patch16_224,40,ILSVRC2012_val_00001753.JPEG,predicted,patch_score,0.15,2,True,0.47782135009765625,0.1364133656024933,False,1.0,1.0,1.0
vit_base_patch16_224,41,ILSVRC2012_val_00001925.JPEG,predicted,patch_score,0.15,2,True,-0.012722015380859375,-0.006201654672622681,False,1.0,1.0,1.0
vit_base_patch16_224,42,ILSVRC2012_val_00002002.JPEG,predicted,patch_score,0.15,2,True,-0.05011177062988281,-0.003234945237636566,False,1.0,1.0,1.0
vit_base_patch16_224,43,ILSVRC2012_val_00002073.JPEG,predicted,patch_score,0.15,2,True,0.4205513000488281,0.055435702204704285,False,1.0,1.0,1.0
vit_base_patch16_224,44,ILSVRC2012_val_00002159.JPEG,predicted,patch_score,0.15,2,True,0.27111148834228516,0.04196622222661972,False,1.0,1.0,1.0
vit_base_patch16_224,45,ILSVRC2012_val_00002176.JPEG,predicted,patch_score,0.15,2,True,0.7022466659545898,0.12628744542598724,False,1.0,1.0,1.0
vit_base_patch16_224,46,ILSVRC2012_val_00002183.JPEG,predicted,patch_score,0.15,2,True,-0.41680240631103516,-0.09611345827579498,False,1.0,1.0,1.0
vit_base_patch16_224,47,ILSVRC2012_val_00002184.JPEG,predicted,patch_score,0.15,2,True,-0.16086578369140625,0.06425440311431885,False,1.0,1.0,1.0
vit_base_patch16_224,40,ILSVRC2012_val_00001753.JPEG,predicted,patch_score,0.15,3,True,0.30465221405029297,0.1406697928905487,False,1.0,1.0,1.0
vit_base_patch16_224,41,ILSVRC2012_val_00001925.JPEG,predicted,patch_score,0.15,3,True,0.02796649932861328,0.005070790648460388,False,1.0,1.0,1.0
vit_base_patch16_224,42,ILSVRC2012_val_00002002.JPEG,predicted,patch_score,0.15,3,True,-0.1458301544189453,-0.013841375708580017,False,1.0,1.0,1.0
vit_base_patch16_224,43,ILSVRC2012_val_00002073.JPEG,predicted,patch_score,0.15,3,True,0.49439430236816406,0.06707601249217987,False,1.0,1.0,1.0
vit_base_patch16_224,44,ILSVRC2012_val_00002159.JPEG,predicted,patch_score,0.15,3,True,0.5047721862792969,0.0768103376030922,False,1.0,1.0,1.0
vit_base_patch16_224,45,ILSVRC2012_val_00002176.JPEG,predicted,patch_score,0.15,3,True,0.5009222030639648,0.09397950768470764,False,1.0,1.0,1.0
vit_base_patch16_224,46,ILSVRC2012_val_00002183.JPEG,predicted,patch_score,0.15,3,True,-0.2750282287597656,-0.06311671435832977,False,1.0,1.0,1.0
vit_base_patch16_224,47,ILSVRC2012_val_00002184.JPEG,predicted,patch_score,0.15,3,True,0.06397438049316406,0.03239411115646362,False,1.0,1.0,1.0
vit_base_patch16_224,40,ILSVRC2012_val_00001753.JPEG,predicted,gradcam_relu,0.15,0,True,0.0882253646850586,-0.002787560224533081,False,-0.1889982372522354,0.45185184478759766,1.0
vit_base_patch16_224,41,ILSVRC2012_val_00001925.JPEG,predicted,gradcam_relu,0.15,0,True,-0.08547782897949219,-0.01263079047203064,False,-0.2316218912601471,0.37062937021255493,1.0
vit_base_patch16_224,42,ILSVRC2012_val_00002002.JPEG,predicted,gradcam_relu,0.15,0,True,0.05039215087890625,0.009110890328884125,False,0.5679956078529358,0.10112359374761581,1.0
vit_base_patch16_224,43,ILSVRC2012_val_00002073.JPEG,predicted,gradcam_relu,0.15,0,True,0.07550239562988281,0.010826371610164642,False,-0.0777151808142662,0.3611111044883728,1.0
vit_base_patch16_224,44,ILSVRC2012_val_00002159.JPEG,predicted,gradcam_relu,0.15,0,True,0.5214805603027344,0.12434231489896774,False,0.5163671970367432,0.13953489065170288,1.0
vit_base_patch16_224,45,ILSVRC2012_val_00002176.JPEG,predicted,gradcam_relu,0.15,0,True,0.6961174011230469,0.12711261212825775,False,0.17965398728847504,0.21739129722118378,1.0
vit_base_patch16_224,46,ILSVRC2012_val_00002183.JPEG,predicted,gradcam_relu,0.15,0,True,-0.18466758728027344,-0.05829668045043945,False,-0.20751778781414032,0.3802816867828369,1.0
vit_base_patch16_224,47,ILSVRC2012_val_00002184.JPEG,predicted,gradcam_relu,0.15,0,True,-0.10485363006591797,-0.014866456389427185,False,0.509324312210083,0.15294118225574493,1.0
vit_base_patch16_224,40,ILSVRC2012_val_00001753.JPEG,predicted,gradcam_relu,0.15,1,True,0.1500720977783203,0.008732438087463379,False,-0.1889982372522354,0.45185184478759766,1.0
vit_base_patch16_224,41,ILSVRC2012_val_00001925.JPEG,predicted,gradcam_relu,0.15,1,True,-0.034895896911621094,-0.012536704540252686,False,-0.2316218912601471,0.37062937021255493,1.0
vit_base_patch16_224,42,ILSVRC2012_val_00002002.JPEG,predicted,gradcam_relu,0.15,1,True,-0.016088485717773438,-0.00181666761636734,False,0.5679956078529358,0.10112359374761581,1.0
vit_base_patch16_224,43,ILSVRC2012_val_00002073.JPEG,predicted,gradcam_relu,0.15,1,True,-0.018610000610351562,-0.002551630139350891,False,-0.0777151808142662,0.3611111044883728,1.0
vit_base_patch16_224,44,ILSVRC2012_val_00002159.JPEG,predicted,gradcam_relu,0.15,1,True,0.13080310821533203,0.0276571586728096,False,0.5163671970367432,0.13953489065170288,1.0
vit_base_patch16_224,45,ILSVRC2012_val_00002176.JPEG,predicted,gradcam_relu,0.15,1,True,0.3802909851074219,0.05056320130825043,False,0.17965398728847504,0.21739129722118378,1.0
vit_base_patch16_224,46,ILSVRC2012_val_00002183.JPEG,predicted,gradcam_relu,0.15,1,True,-0.13364028930664062,-0.03702431917190552,False,-0.20751778781414032,0.3802816867828369,1.0
vit_base_patch16_224,47,ILSVRC2012_val_00002184.JPEG,predicted,gradcam_relu,0.15,1,True,0.03112506866455078,0.016269922256469727,False,0.509324312210083,0.15294118225574493,1.0
vit_base_patch16_224,40,ILSVRC2012_val_00001753.JPEG,predicted,gradcam_relu,0.15,2,True,0.07559776306152344,0.011345535516738892,False,-0.1889982372522354,0.45185184478759766,1.0
vit_base_patch16_224,41,ILSVRC2012_val_00001925.JPEG,predicted,gradcam_relu,0.15,2,True,-0.02883148193359375,-0.012005716562271118,False,-0.2316218912601471,0.37062937021255493,1.0
vit_base_patch16_224,42,ILSVRC2012_val_00002002.JPEG,predicted,gradcam_relu,0.15,2,True,-0.011911392211914062,0.00013296306133270264,False,0.5679956078529358,0.10112359374761581,1.0
vit_base_patch16_224,43,ILSVRC2012_val_00002073.JPEG,predicted,gradcam_relu,0.15,2,True,0.07543277740478516,0.007144935429096222,False,-0.0777151808142662,0.3611111044883728,1.0
vit_base_patch16_224,44,ILSVRC2012_val_00002159.JPEG,predicted,gradcam_relu,0.15,2,True,0.3749351501464844,0.06754923611879349,False,0.5163671970367432,0.13953489065170288,1.0
vit_base_patch16_224,45,ILSVRC2012_val_00002176.JPEG,predicted,gradcam_relu,0.15,2,True,0.7376518249511719,0.12658454477787018,False,0.17965398728847504,0.21739129722118378,1.0
vit_base_patch16_224,46,ILSVRC2012_val_00002183.JPEG,predicted,gradcam_relu,0.15,2,True,-0.1650524139404297,-0.05647498369216919,False,-0.20751778781414032,0.3802816867828369,1.0
vit_base_patch16_224,47,ILSVRC2012_val_00002184.JPEG,predicted,gradcam_relu,0.15,2,True,-0.18316650390625,-0.03708082437515259,False,0.509324312210083,0.15294118225574493,1.0
vit_base_patch16_224,40,ILSVRC2012_val_00001753.JPEG,predicted,gradcam_relu,0.15,3,True,-0.17124176025390625,-0.09739507734775543,False,-0.1889982372522354,0.45185184478759766,1.0
vit_base_patch16_224,41,ILSVRC2012_val_00001925.JPEG,predicted,gradcam_relu,0.15,3,True,-0.03075695037841797,-0.010607793927192688,False,-0.2316218912601471,0.37062937021255493,1.0
vit_base_patch16_224,42,ILSVRC2012_val_00002002.JPEG,predicted,gradcam_relu,0.15,3,True,-0.06348037719726562,-0.00554957240819931,False,0.5679956078529358,0.10112359374761581,1.0
vit_base_patch16_224,43,ILSVRC2012_val_00002073.JPEG,predicted,gradcam_relu,0.15,3,True,0.20568180084228516,0.023099184036254883,False,-0.0777151808142662,0.3611111044883728,1.0
vit_base_patch16_224,44,ILSVRC2012_val_00002159.JPEG,predicted,gradcam_relu,0.15,3,True,0.17113590240478516,0.019047893583774567,False,0.5163671970367432,0.13953489065170288,1.0
vit_base_patch16_224,45,ILSVRC2012_val_00002176.JPEG,predicted,gradcam_relu,0.15,3,True,0.4586181640625,0.06069114804267883,False,0.17965398728847504,0.21739129722118378,1.0
vit_base_patch16_224,46,ILSVRC2012_val_00002183.JPEG,predicted,gradcam_relu,0.15,3,True,-0.09786605834960938,-0.03729347884654999,False,-0.20751778781414032,0.3802816867828369,1.0
vit_base_patch16_224,47,ILSVRC2012_val_00002184.JPEG,predicted,gradcam_relu,0.15,3,True,0.02427959442138672,0.012327879667282104,False,0.509324312210083,0.15294118225574493,1.0
vit_base_patch16_224,40,ILSVRC2012_val_00001753.JPEG,predicted,gradcam_signed,0.15,0,True,0.02367115020751953,-0.001802682876586914,False,-0.1889982372522354,0.45185184478759766,1.0
vit_base_patch16_224,41,ILSVRC2012_val_00001925.JPEG,predicted,gradcam_signed,0.15,0,True,0.03467559814453125,-0.002196013927459717,False,-0.2316218912601471,0.37062937021255493,1.0
vit_base_patch16_224,42,ILSVRC2012_val_00002002.JPEG,predicted,gradcam_signed,0.15,0,True,0.0018014907836914062,0.0005624517798423767,False,0.5679956078529358,0.10112359374761581,1.0
vit_base_patch16_224,43,ILSVRC2012_val_00002073.JPEG,predicted,gradcam_signed,0.15,0,True,0.14203834533691406,0.016188159584999084,False,-0.0777151808142662,0.3611111044883728,1.0
vit_base_patch16_224,44,ILSVRC2012_val_00002159.JPEG,predicted,gradcam_signed,0.15,0,True,0.19540977478027344,0.02831181138753891,False,0.5163671970367432,0.13953489065170288,1.0
vit_base_patch16_224,45,ILSVRC2012_val_00002176.JPEG,predicted,gradcam_signed,0.15,0,True,0.49402618408203125,0.06647492945194244,False,0.17965398728847504,0.21739129722118378,1.0
vit_base_patch16_224,46,ILSVRC2012_val_00002183.JPEG,predicted,gradcam_signed,0.15,0,True,-0.17503929138183594,-0.04670768976211548,False,-0.20751778781414032,0.3802816867828369,1.0
vit_base_patch16_224,47,ILSVRC2012_val_00002184.JPEG,predicted,gradcam_signed,0.15,0,True,-0.0342864990234375,0.008895128965377808,False,0.509324312210083,0.15294118225574493,1.0
vit_base_patch16_224,40,ILSVRC2012_val_00001753.JPEG,predicted,gradcam_signed,0.15,1,True,0.4486818313598633,0.2128172218799591,False,-0.1889982372522354,0.45185184478759766,1.0
vit_base_patch16_224,41,ILSVRC2012_val_00001925.JPEG,predicted,gradcam_signed,0.15,1,True,-0.14063453674316406,-0.02770678699016571,False,-0.2316218912601471,0.37062937021255493,1.0
vit_base_patch16_224,42,ILSVRC2012_val_00002002.JPEG,predicted,gradcam_signed,0.15,1,True,0.10258865356445312,0.011281639337539673,False,0.5679956078529358,0.10112359374761581,1.0
vit_base_patch16_224,43,ILSVRC2012_val_00002073.JPEG,predicted,gradcam_signed,0.15,1,True,0.1929492950439453,0.026012569665908813,False,-0.0777151808142662,0.3611111044883728,1.0
vit_base_patch16_224,44,ILSVRC2012_val_00002159.JPEG,predicted,gradcam_signed,0.15,1,True,0.5341339111328125,0.10537948459386826,False,0.5163671970367432,0.13953489065170288,1.0
vit_base_patch16_224,45,ILSVRC2012_val_00002176.JPEG,predicted,gradcam_signed,0.15,1,True,0.6252613067626953,0.09605154395103455,False,0.17965398728847504,0.21739129722118378,1.0
vit_base_patch16_224,46,ILSVRC2012_val_00002183.JPEG,predicted,gradcam_signed,0.15,1,True,-0.1520843505859375,-0.040135353803634644,False,-0.20751778781414032,0.3802816867828369,1.0
vit_base_patch16_224,47,ILSVRC2012_val_00002184.JPEG,predicted,gradcam_signed,0.15,1,True,-0.0034046173095703125,0.0057510435581207275,False,0.509324312210083,0.15294118225574493,1.0
vit_base_patch16_224,40,ILSVRC2012_val_00001753.JPEG,predicted,gradcam_signed,0.15,2,True,-0.03398323059082031,-0.004476040601730347,False,-0.1889982372522354,0.45185184478759766,1.0
vit_base_patch16_224,41,ILSVRC2012_val_00001925.JPEG,predicted,gradcam_signed,0.15,2,True,-0.022855758666992188,-0.00935414433479309,False,-0.2316218912601471,0.37062937021255493,1.0
vit_base_patch16_224,42,ILSVRC2012_val_00002002.JPEG,predicted,gradcam_signed,0.15,2,True,-0.09529304504394531,-0.0056467801332473755,False,0.5679956078529358,0.10112359374761581,1.0
vit_base_patch16_224,43,ILSVRC2012_val_00002073.JPEG,predicted,gradcam_signed,0.15,2,True,0.0076904296875,1.8104910850524902e-05,False,-0.0777151808142662,0.3611111044883728,1.0
vit_base_patch16_224,44,ILSVRC2012_val_00002159.JPEG,predicted,gradcam_signed,0.15,2,True,0.4081096649169922,0.06549306958913803,False,0.5163671970367432,0.13953489065170288,1.0
vit_base_patch16_224,45,ILSVRC2012_val_00002176.JPEG,predicted,gradcam_signed,0.15,2,True,0.5118217468261719,0.07662273943424225,False,0.17965398728847504,0.21739129722118378,1.0
vit_base_patch16_224,46,ILSVRC2012_val_00002183.JPEG,predicted,gradcam_signed,0.15,2,True,-0.1827068328857422,-0.07167509198188782,False,-0.20751778781414032,0.3802816867828369,1.0
vit_base_patch16_224,47,ILSVRC2012_val_00002184.JPEG,predicted,gradcam_signed,0.15,2,True,-0.03322315216064453,0.01481550931930542,False,0.509324312210083,0.15294118225574493,1.0
vit_base_patch16_224,40,ILSVRC2012_val_00001753.JPEG,predicted,gradcam_signed,0.15,3,True,-0.05705547332763672,-0.051888227462768555,False,-0.1889982372522354,0.45185184478759766,1.0
vit_base_patch16_224,41,ILSVRC2012_val_00001925.JPEG,predicted,gradcam_signed,0.15,3,True,-0.035266876220703125,-0.010307863354682922,False,-0.2316218912601471,0.37062937021255493,1.0
vit_base_patch16_224,42,ILSVRC2012_val_00002002.JPEG,predicted,gradcam_signed,0.15,3,True,-0.1878681182861328,-0.015991121530532837,False,0.5679956078529358,0.10112359374761581,1.0
vit_base_patch16_224,43,ILSVRC2012_val_00002073.JPEG,predicted,gradcam_signed,0.15,3,True,0.3003578186035156,0.036492183804512024,False,-0.0777151808142662,0.3611111044883728,1.0
vit_base_patch16_224,44,ILSVRC2012_val_00002159.JPEG,predicted,gradcam_signed,0.15,3,True,0.16996192932128906,0.03134257346391678,False,0.5163671970367432,0.13953489065170288,1.0
vit_base_patch16_224,45,ILSVRC2012_val_00002176.JPEG,predicted,gradcam_signed,0.15,3,True,0.6054344177246094,0.09256500005722046,False,0.17965398728847504,0.21739129722118378,1.0
vit_base_patch16_224,46,ILSVRC2012_val_00002183.JPEG,predicted,gradcam_signed,0.15,3,True,-0.09823894500732422,-0.03677557408809662,False,-0.20751778781414032,0.3802816867828369,1.0
vit_base_patch16_224,47,ILSVRC2012_val_00002184.JPEG,predicted,gradcam_signed,0.15,3,True,-0.2806835174560547,-0.04965367913246155,False,0.509324312210083,0.15294118225574493,1.0
vit_base_patch16_224,40,ILSVRC2012_val_00001753.JPEG,predicted,gradcam_abs,0.15,0,True,0.049689292907714844,-0.05380314588546753,False,-0.1889982372522354,0.45185184478759766,1.0
vit_base_patch16_224,41,ILSVRC2012_val_00001925.JPEG,predicted,gradcam_abs,0.15,0,True,0.017324447631835938,-0.007459849119186401,False,-0.2316218912601471,0.37062937021255493,1.0
vit_base_patch16_224,42,ILSVRC2012_val_00002002.JPEG,predicted,gradcam_abs,0.15,0,True,0.12290477752685547,0.012655623257160187,False,0.5679956078529358,0.10112359374761581,1.0
vit_base_patch16_224,43,ILSVRC2012_val_00002073.JPEG,predicted,gradcam_abs,0.15,0,True,0.2478799819946289,0.030155017971992493,False,-0.0777151808142662,0.3611111044883728,1.0
vit_base_patch16_224,44,ILSVRC2012_val_00002159.JPEG,predicted,gradcam_abs,0.15,0,True,0.2787199020385742,0.03565817326307297,False,0.5163671970367432,0.13953489065170288,1.0
vit_base_patch16_224,45,ILSVRC2012_val_00002176.JPEG,predicted,gradcam_abs,0.15,0,True,0.3141975402832031,0.03618304431438446,False,0.17965398728847504,0.21739129722118378,1.0
vit_base_patch16_224,46,ILSVRC2012_val_00002183.JPEG,predicted,gradcam_abs,0.15,0,True,-0.27982139587402344,-0.07704462110996246,False,-0.20751778781414032,0.3802816867828369,1.0
vit_base_patch16_224,47,ILSVRC2012_val_00002184.JPEG,predicted,gradcam_abs,0.15,0,True,-0.0928659439086914,-0.013643801212310791,False,0.509324312210083,0.15294118225574493,1.0
vit_base_patch16_224,40,ILSVRC2012_val_00001753.JPEG,predicted,gradcam_abs,0.15,1,True,0.07178783416748047,0.0023577213287353516,False,-0.1889982372522354,0.45185184478759766,1.0
vit_base_patch16_224,41,ILSVRC2012_val_00001925.JPEG,predicted,gradcam_abs,0.15,1,True,0.07536602020263672,0.0006457716226577759,False,-0.2316218912601471,0.37062937021255493,1.0
vit_base_patch16_224,42,ILSVRC2012_val_00002002.JPEG,predicted,gradcam_abs,0.15,1,True,0.2220315933227539,0.023425541818141937,False,0.5679956078529358,0.10112359374761581,1.0
vit_base_patch16_224,43,ILSVRC2012_val_00002073.JPEG,predicted,gradcam_abs,0.15,1,True,0.19264602661132812,0.022596880793571472,False,-0.0777151808142662,0.3611111044883728,1.0
vit_base_patch16_224,44,ILSVRC2012_val_00002159.JPEG,predicted,gradcam_abs,0.15,1,True,0.1349353790283203,0.022548533976078033,False,0.5163671970367432,0.13953489065170288,1.0
vit_base_patch16_224,45,ILSVRC2012_val_00002176.JPEG,predicted,gradcam_abs,0.15,1,True,0.597447395324707,0.10080446302890778,False,0.17965398728847504,0.21739129722118378,1.0
vit_base_patch16_224,46,ILSVRC2012_val_00002183.JPEG,predicted,gradcam_abs,0.15,1,True,-0.14469528198242188,-0.05170643329620361,False,-0.20751778781414032,0.3802816867828369,1.0
vit_base_patch16_224,47,ILSVRC2012_val_00002184.JPEG,predicted,gradcam_abs,0.15,1,True,-0.0870513916015625,-0.016935884952545166,False,0.509324312210083,0.15294118225574493,1.0
vit_base_patch16_224,40,ILSVRC2012_val_00001753.JPEG,predicted,gradcam_abs,0.15,2,True,-0.05554008483886719,-0.05115672945976257,False,-0.1889982372522354,0.45185184478759766,1.0
vit_base_patch16_224,41,ILSVRC2012_val_00001925.JPEG,predicted,gradcam_abs,0.15,2,True,0.000156402587890625,-0.007601127028465271,False,-0.2316218912601471,0.37062937021255493,1.0
vit_base_patch16_224,42,ILSVRC2012_val_00002002.JPEG,predicted,gradcam_abs,0.15,2,True,-0.032268524169921875,0.0007499754428863525,False,0.5679956078529358,0.10112359374761581,1.0
vit_base_patch16_224,43,ILSVRC2012_val_00002073.JPEG,predicted,gradcam_abs,0.15,2,True,0.26972007751464844,0.032088324427604675,False,-0.0777151808142662,0.3611111044883728,1.0
vit_base_patch16_224,44,ILSVRC2012_val_00002159.JPEG,predicted,gradcam_abs,0.15,2,True,0.2208995819091797,0.027114562690258026,False,0.5163671970367432,0.13953489065170288,1.0
vit_base_patch16_224,45,ILSVRC2012_val_00002176.JPEG,predicted,gradcam_abs,0.15,2,True,0.4441108703613281,0.05904090404510498,False,0.17965398728847504,0.21739129722118378,1.0
vit_base_patch16_224,46,ILSVRC2012_val_00002183.JPEG,predicted,gradcam_abs,0.15,2,True,-0.08508682250976562,-0.04963982105255127,False,-0.20751778781414032,0.3802816867828369,1.0
vit_base_patch16_224,47,ILSVRC2012_val_00002184.JPEG,predicted,gradcam_abs,0.15,2,True,0.08539009094238281,0.03595936298370361,False,0.509324312210083,0.15294118225574493,1.0
vit_base_patch16_224,40,ILSVRC2012_val_00001753.JPEG,predicted,gradcam_abs,0.15,3,True,-0.05852985382080078,-0.0253734290599823,False,-0.1889982372522354,0.45185184478759766,1.0
vit_base_patch16_224,41,ILSVRC2012_val_00001925.JPEG,predicted,gradcam_abs,0.15,3,True,-0.0296173095703125,-0.006881624460220337,False,-0.2316218912601471,0.37062937021255493,1.0
vit_base_patch16_224,42,ILSVRC2012_val_00002002.JPEG,predicted,gradcam_abs,0.15,3,True,0.1266946792602539,0.014829494059085846,False,0.5679956078529358,0.10112359374761581,1.0
vit_base_patch16_224,43,ILSVRC2012_val_00002073.JPEG,predicted,gradcam_abs,0.15,3,True,0.18538284301757812,0.019475162029266357,False,-0.0777151808142662,0.3611111044883728,1.0
vit_base_patch16_224,44,ILSVRC2012_val_00002159.JPEG,predicted,gradcam_abs,0.15,3,True,0.13869857788085938,0.02751634269952774,False,0.5163671970367432,0.13953489065170288,1.0
vit_base_patch16_224,45,ILSVRC2012_val_00002176.JPEG,predicted,gradcam_abs,0.15,3,True,0.4522886276245117,0.0633891224861145,False,0.17965398728847504,0.21739129722118378,1.0
vit_base_patch16_224,46,ILSVRC2012_val_00002183.JPEG,predicted,gradcam_abs,0.15,3,True,-0.02097797393798828,-0.02235601842403412,False,-0.20751778781414032,0.3802816867828369,1.0
vit_base_patch16_224,47,ILSVRC2012_val_00002184.JPEG,predicted,gradcam_abs,0.15,3,True,-0.08499622344970703,-0.017984256148338318,False,0.509324312210083,0.15294118225574493,1.0
vit_base_patch16_224,40,ILSVRC2012_val_00001753.JPEG,predicted,random_uniform,0.15,0,True,0.33211231231689453,0.1231849193572998,False,1.0,1.0,1.0
vit_base_patch16_224,41,ILSVRC2012_val_00001925.JPEG,predicted,random_uniform,0.15,0,True,-0.018026351928710938,-0.00833304226398468,False,1.0,1.0,1.0
vit_base_patch16_224,42,ILSVRC2012_val_00002002.JPEG,predicted,random_uniform,0.15,0,True,-0.16951656341552734,-0.01501968502998352,False,1.0,1.0,1.0
vit_base_patch16_224,43,ILSVRC2012_val_00002073.JPEG,predicted,random_uniform,0.15,0,True,-0.2167062759399414,-0.021461039781570435,False,1.0,1.0,1.0
vit_base_patch16_224,44,ILSVRC2012_val_00002159.JPEG,predicted,random_uniform,0.15,0,True,0.1789684295654297,0.021263711154460907,False,1.0,1.0,1.0
vit_base_patch16_224,45,ILSVRC2012_val_00002176.JPEG,predicted,random_uniform,0.15,0,True,0.70330810546875,0.11991654336452484,False,1.0,1.0,1.0
vit_base_patch16_224,46,ILSVRC2012_val_00002183.JPEG,predicted,random_uniform,0.15,0,True,-0.2934894561767578,-0.06387726962566376,False,1.0,1.0,1.0
vit_base_patch16_224,47,ILSVRC2012_val_00002184.JPEG,predicted,random_uniform,0.15,0,True,0.011701583862304688,0.07402083277702332,False,1.0,1.0,1.0
vit_base_patch16_224,40,ILSVRC2012_val_00001753.JPEG,predicted,random_uniform,0.15,1,True,0.0249786376953125,0.018419921398162842,False,1.0,1.0,1.0
vit_base_patch16_224,41,ILSVRC2012_val_00001925.JPEG,predicted,random_uniform,0.15,1,True,-0.010443687438964844,-0.008590981364250183,False,1.0,1.0,1.0
vit_base_patch16_224,42,ILSVRC2012_val_00002002.JPEG,predicted,random_uniform,0.15,1,True,-0.11609840393066406,-0.010792277753353119,False,1.0,1.0,1.0
vit_base_patch16_224,43,ILSVRC2012_val_00002073.JPEG,predicted,random_uniform,0.15,1,True,0.07807636260986328,0.006055191159248352,False,1.0,1.0,1.0
vit_base_patch16_224,44,ILSVRC2012_val_00002159.JPEG,predicted,random_uniform,0.15,1,True,0.20092391967773438,0.023877672851085663,False,1.0,1.0,1.0
vit_base_patch16_224,45,ILSVRC2012_val_00002176.JPEG,predicted,random_uniform,0.15,1,True,0.29308128356933594,0.03138807415962219,False,1.0,1.0,1.0
vit_base_patch16_224,46,ILSVRC2012_val_00002183.JPEG,predicted,random_uniform,0.15,1,True,-0.15853118896484375,-0.04339548945426941,False,1.0,1.0,1.0
vit_base_patch16_224,47,ILSVRC2012_val_00002184.JPEG,predicted,random_uniform,0.15,1,True,-0.014149665832519531,0.06168964505195618,False,1.0,1.0,1.0
vit_base_patch16_224,40,ILSVRC2012_val_00001753.JPEG,predicted,random_uniform,0.15,2,True,0.4271984100341797,0.18328532576560974,False,1.0,1.0,1.0
vit_base_patch16_224,41,ILSVRC2012_val_00001925.JPEG,predicted,random_uniform,0.15,2,True,-0.03258514404296875,-0.0031670033931732178,False,1.0,1.0,1.0
vit_base_patch16_224,42,ILSVRC2012_val_00002002.JPEG,predicted,random_uniform,0.15,2,True,-0.17939186096191406,-0.01602756977081299,False,1.0,1.0,1.0
vit_base_patch16_224,43,ILSVRC2012_val_00002073.JPEG,predicted,random_uniform,0.15,2,True,0.128387451171875,0.01213497668504715,False,1.0,1.0,1.0
vit_base_patch16_224,44,ILSVRC2012_val_00002159.JPEG,predicted,random_uniform,0.15,2,True,0.1202077865600586,0.01645621657371521,False,1.0,1.0,1.0
vit_base_patch16_224,45,ILSVRC2012_val_00002176.JPEG,predicted,random_uniform,0.15,2,True,0.2874612808227539,0.0309097021818161,False,1.0,1.0,1.0
vit_base_patch16_224,46,ILSVRC2012_val_00002183.JPEG,predicted,random_uniform,0.15,2,True,-0.24855327606201172,-0.06820915639400482,False,1.0,1.0,1.0
vit_base_patch16_224,47,ILSVRC2012_val_00002184.JPEG,predicted,random_uniform,0.15,2,True,0.1118326187133789,0.06111648678779602,False,1.0,1.0,1.0
vit_base_patch16_224,40,ILSVRC2012_val_00001753.JPEG,predicted,random_uniform,0.15,3,True,0.2891416549682617,0.1411604881286621,False,1.0,1.0,1.0
vit_base_patch16_224,41,ILSVRC2012_val_00001925.JPEG,predicted,random_uniform,0.15,3,True,0.10973644256591797,0.03092750906944275,False,1.0,1.0,1.0
vit_base_patch16_224,42,ILSVRC2012_val_00002002.JPEG,predicted,random_uniform,0.15,3,True,-0.051299095153808594,-0.00512540340423584,False,1.0,1.0,1.0
vit_base_patch16_224,43,ILSVRC2012_val_00002073.JPEG,predicted,random_uniform,0.15,3,True,0.3136405944824219,0.036627620458602905,False,1.0,1.0,1.0
vit_base_patch16_224,44,ILSVRC2012_val_00002159.JPEG,predicted,random_uniform,0.15,3,True,0.3077220916748047,0.04192841798067093,False,1.0,1.0,1.0
vit_base_patch16_224,45,ILSVRC2012_val_00002176.JPEG,predicted,random_uniform,0.15,3,True,0.49965858459472656,0.07759115099906921,False,1.0,1.0,1.0
vit_base_patch16_224,46,ILSVRC2012_val_00002183.JPEG,predicted,random_uniform,0.15,3,True,-0.2856578826904297,-0.056012898683547974,False,1.0,1.0,1.0
vit_base_patch16_224,47,ILSVRC2012_val_00002184.JPEG,predicted,random_uniform,0.15,3,True,0.08466148376464844,0.03786146640777588,False,1.0,1.0,1.0
vit_base_patch16_224,48,ILSVRC2012_val_00002311.JPEG,predicted,patch_score,0.15,0,True,-0.08456134796142578,-0.004699788987636566,False,1.0,1.0,1.0
vit_base_patch16_224,49,ILSVRC2012_val_00002347.JPEG,predicted,patch_score,0.15,0,True,0.015378952026367188,0.00156392902135849,False,1.0,1.0,1.0
vit_base_patch16_224,50,ILSVRC2012_val_00002464.JPEG,predicted,patch_score,0.15,0,True,-0.11679649353027344,-0.02919343113899231,False,1.0,1.0,1.0
vit_base_patch16_224,51,ILSVRC2012_val_00002533.JPEG,predicted,patch_score,0.15,0,True,0.2459259033203125,0.0333903431892395,False,1.0,1.0,1.0
vit_base_patch16_224,52,ILSVRC2012_val_00002583.JPEG,predicted,patch_score,0.15,0,True,0.28749752044677734,0.0452631339430809,False,1.0,1.0,1.0
vit_base_patch16_224,53,ILSVRC2012_val_00002614.JPEG,predicted,patch_score,0.15,0,True,-0.06688690185546875,-0.022911548614501953,False,1.0,1.0,1.0
vit_base_patch16_224,54,ILSVRC2012_val_00002716.JPEG,predicted,patch_score,0.15,0,True,-0.45743751525878906,-0.14248332381248474,False,1.0,1.0,1.0
vit_base_patch16_224,55,ILSVRC2012_val_00002733.JPEG,predicted,patch_score,0.15,0,True,0.4899930953979492,0.06593161076307297,False,1.0,1.0,1.0
vit_base_patch16_224,48,ILSVRC2012_val_00002311.JPEG,predicted,patch_score,0.15,1,True,0.15707969665527344,0.03833933174610138,False,1.0,1.0,1.0
vit_base_patch16_224,49,ILSVRC2012_val_00002347.JPEG,predicted,patch_score,0.15,1,True,-0.22939682006835938,-0.010378211736679077,False,1.0,1.0,1.0
vit_base_patch16_224,50,ILSVRC2012_val_00002464.JPEG,predicted,patch_score,0.15,1,True,-0.17843341827392578,-0.05833926796913147,False,1.0,1.0,1.0
vit_base_patch16_224,51,ILSVRC2012_val_00002533.JPEG,predicted,patch_score,0.15,1,True,-0.03517723083496094,0.006636872887611389,False,1.0,1.0,1.0
vit_base_patch16_224,52,ILSVRC2012_val_00002583.JPEG,predicted,patch_score,0.15,1,True,0.13630008697509766,0.020822368562221527,False,1.0,1.0,1.0
vit_base_patch16_224,53,ILSVRC2012_val_00002614.JPEG,predicted,patch_score,0.15,1,True,0.0741729736328125,-0.013728812336921692,False,1.0,1.0,1.0
vit_base_patch16_224,54,ILSVRC2012_val_00002716.JPEG,predicted,patch_score,0.15,1,True,-0.4125070571899414,-0.11211055517196655,False,1.0,1.0,1.0
vit_base_patch16_224,55,ILSVRC2012_val_00002733.JPEG,predicted,patch_score,0.15,1,True,0.3663301467895508,0.04705970734357834,False,1.0,1.0,1.0
vit_base_patch16_224,48,ILSVRC2012_val_00002311.JPEG,predicted,patch_score,0.15,2,True,0.34739112854003906,0.051627084612846375,False,1.0,1.0,1.0
vit_base_patch16_224,49,ILSVRC2012_val_00002347.JPEG,predicted,patch_score,0.15,2,True,-0.2404804229736328,-0.013701532036066055,False,1.0,1.0,1.0
vit_base_patch16_224,50,ILSVRC2012_val_00002464.JPEG,predicted,patch_score,0.15,2,True,0.19581985473632812,0.0974406898021698,False,1.0,1.0,1.0
vit_base_patch16_224,51,ILSVRC2012_val_00002533.JPEG,predicted,patch_score,0.15,2,True,0.31536197662353516,0.051288604736328125,False,1.0,1.0,1.0
vit_base_patch16_224,52,ILSVRC2012_val_00002583.JPEG,predicted,patch_score,0.15,2,True,0.21461868286132812,0.023120351135730743,False,1.0,1.0,1.0
vit_base_patch16_224,53,ILSVRC2012_val_00002614.JPEG,predicted,patch_score,0.15,2,True,-0.00774383544921875,-0.03313325345516205,False,1.0,1.0,1.0
vit_base_patch16_224,54,ILSVRC2012_val_00002716.JPEG,predicted,patch_score,0.15,2,True,-0.08396053314208984,0.02661609649658203,False,1.0,1.0,1.0
vit_base_patch16_224,55,ILSVRC2012_val_00002733.JPEG,predicted,patch_score,0.15,2,True,0.3974313735961914,0.04519271105527878,False,1.0,1.0,1.0
vit_base_patch16_224,48,ILSVRC2012_val_00002311.JPEG,predicted,patch_score,0.15,3,True,0.0818033218383789,0.014330506324768066,False,1.0,1.0,1.0
vit_base_patch16_224,49,ILSVRC2012_val_00002347.JPEG,predicted,patch_score,0.15,3,True,-0.505274772644043,-0.02416689693927765,False,1.0,1.0,1.0
vit_base_patch16_224,50,ILSVRC2012_val_00002464.JPEG,predicted,patch_score,0.15,3,True,-0.04417896270751953,0.03780236840248108,False,1.0,1.0,1.0
vit_base_patch16_224,51,ILSVRC2012_val_00002533.JPEG,predicted,patch_score,0.15,3,True,-0.033064842224121094,0.021724209189414978,False,1.0,1.0,1.0
vit_base_patch16_224,52,ILSVRC2012_val_00002583.JPEG,predicted,patch_score,0.15,3,True,0.010298728942871094,0.10250429064035416,False,1.0,1.0,1.0
vit_base_patch16_224,53,ILSVRC2012_val_00002614.JPEG,predicted,patch_score,0.15,3,True,0.38885974884033203,0.06927350163459778,False,1.0,1.0,1.0
vit_base_patch16_224,54,ILSVRC2012_val_00002716.JPEG,predicted,patch_score,0.15,3,True,-0.2516813278198242,-0.03395283222198486,False,1.0,1.0,1.0
vit_base_patch16_224,55,ILSVRC2012_val_00002733.JPEG,predicted,patch_score,0.15,3,True,0.3805246353149414,0.04484570771455765,False,1.0,1.0,1.0
vit_base_patch16_224,48,ILSVRC2012_val_00002311.JPEG,predicted,gradcam_relu,0.15,0,True,0.6347522735595703,0.126892551779747,False,-0.2490624636411667,0.3802816867828369,1.0
vit_base_patch16_224,49,ILSVRC2012_val_00002347.JPEG,predicted,gradcam_relu,0.15,0,True,-0.14174270629882812,-0.0047970786690711975,False,-0.11684689670801163,0.37062937021255493,1.0
vit_base_patch16_224,50,ILSVRC2012_val_00002464.JPEG,predicted,gradcam_relu,0.15,0,True,0.2260141372680664,0.03762543201446533,False,0.18606729805469513,0.26451611518859863,1.0
vit_base_patch16_224,51,ILSVRC2012_val_00002533.JPEG,predicted,gradcam_relu,0.15,0,True,0.5827503204345703,0.08373939990997314,False,-0.16525113582611084,0.4000000059604645,1.0
vit_base_patch16_224,52,ILSVRC2012_val_00002583.JPEG,predicted,gradcam_relu,0.15,0,True,-0.06992435455322266,-0.0021398141980171204,False,-0.03525727242231369,0.28947368264198303,1.0
vit_base_patch16_224,53,ILSVRC2012_val_00002614.JPEG,predicted,gradcam_relu,0.15,0,True,0.24068927764892578,0.01042085886001587,False,0.11743499338626862,0.25641027092933655,1.0
vit_base_patch16_224,54,ILSVRC2012_val_00002716.JPEG,predicted,gradcam_relu,0.15,0,True,-0.07246208190917969,0.12814050912857056,False,0.12989982962608337,0.24840764701366425,1.0
vit_base_patch16_224,55,ILSVRC2012_val_00002733.JPEG,predicted,gradcam_relu,0.15,0,True,0.1653881072998047,0.015269793570041656,False,-0.26938775181770325,0.5433070659637451,1.0
vit_base_patch16_224,48,ILSVRC2012_val_00002311.JPEG,predicted,gradcam_relu,0.15,1,True,0.6093235015869141,0.1690237671136856,False,-0.2490624636411667,0.3802816867828369,1.0
vit_base_patch16_224,49,ILSVRC2012_val_00002347.JPEG,predicted,gradcam_relu,0.15,1,True,-0.15809249877929688,-0.0030128508806228638,False,-0.11684689670801163,0.37062937021255493,1.0
vit_base_patch16_224,50,ILSVRC2012_val_00002464.JPEG,predicted,gradcam_relu,0.15,1,True,0.27595043182373047,0.10170039534568787,False,0.18606729805469513,0.26451611518859863,1.0
vit_base_patch16_224,51,ILSVRC2012_val_00002533.JPEG,predicted,gradcam_relu,0.15,1,True,0.48216819763183594,0.06549784541130066,False,-0.16525113582611084,0.4000000059604645,1.0
vit_base_patch16_224,52,ILSVRC2012_val_00002583.JPEG,predicted,gradcam_relu,0.15,1,True,0.044836997985839844,0.005830526351928711,False,-0.03525727242231369,0.28947368264198303,1.0
vit_base_patch16_224,53,ILSVRC2012_val_00002614.JPEG,predicted,gradcam_relu,0.15,1,True,0.6864700317382812,0.12824924290180206,False,0.11743499338626862,0.25641027092933655,1.0
vit_base_patch16_224,54,ILSVRC2012_val_00002716.JPEG,predicted,gradcam_relu,0.15,1,True,-0.21463966369628906,-0.10840761661529541,False,0.12989982962608337,0.24840764701366425,1.0
vit_base_patch16_224,55,ILSVRC2012_val_00002733.JPEG,predicted,gradcam_relu,0.15,1,True,0.45571422576904297,0.053639017045497894,False,-0.26938775181770325,0.5433070659637451,1.0
vit_base_patch16_224,48,ILSVRC2012_val_00002311.JPEG,predicted,gradcam_relu,0.15,2,True,0.7315816879272461,0.16012714803218842,False,-0.2490624636411667,0.3802816867828369,1.0
vit_base_patch16_224,49,ILSVRC2012_val_00002347.JPEG,predicted,gradcam_relu,0.15,2,True,0.004832267761230469,0.008532688021659851,False,-0.11684689670801163,0.37062937021255493,1.0
vit_base_patch16_224,50,ILSVRC2012_val_00002464.JPEG,predicted,gradcam_relu,0.15,2,True,0.2962026596069336,0.10189661383628845,False,0.18606729805469513,0.26451611518859863,1.0
vit_base_patch16_224,51,ILSVRC2012_val_00002533.JPEG,predicted,gradcam_relu,0.15,2,True,0.24860858917236328,0.03088057041168213,False,-0.16525113582611084,0.4000000059604645,1.0
vit_base_patch16_224,52,ILSVRC2012_val_00002583.JPEG,predicted,gradcam_relu,0.15,2,True,-0.006610870361328125,0.009140409529209137,False,-0.03525727242231369,0.28947368264198303,1.0
vit_base_patch16_224,53,ILSVRC2012_val_00002614.JPEG,predicted,gradcam_relu,0.15,2,True,0.6271371841430664,0.10503773391246796,False,0.11743499338626862,0.25641027092933655,1.0
vit_base_patch16_224,54,ILSVRC2012_val_00002716.JPEG,predicted,gradcam_relu,0.15,2,True,-0.4794330596923828,-0.14043763279914856,False,0.12989982962608337,0.24840764701366425,1.0
vit_base_patch16_224,55,ILSVRC2012_val_00002733.JPEG,predicted,gradcam_relu,0.15,2,True,0.2417287826538086,0.024162717163562775,False,-0.26938775181770325,0.5433070659637451,1.0
vit_base_patch16_224,48,ILSVRC2012_val_00002311.JPEG,predicted,gradcam_relu,0.15,3,True,0.4460735321044922,0.11002185940742493,False,-0.2490624636411667,0.3802816867828369,1.0
vit_base_patch16_224,49,ILSVRC2012_val_00002347.JPEG,predicted,gradcam_relu,0.15,3,True,-0.10470008850097656,8.391588926315308e-05,False,-0.11684689670801163,0.37062937021255493,1.0
vit_base_patch16_224,50,ILSVRC2012_val_00002464.JPEG,predicted,gradcam_relu,0.15,3,True,0.03651142120361328,0.07482019066810608,False,0.18606729805469513,0.26451611518859863,1.0
vit_base_patch16_224,51,ILSVRC2012_val_00002533.JPEG,predicted,gradcam_relu,0.15,3,True,0.5437536239624023,0.07682323455810547,False,-0.16525113582611084,0.4000000059604645,1.0
vit_base_patch16_224,52,ILSVRC2012_val_00002583.JPEG,predicted,gradcam_relu,0.15,3,True,-0.050284385681152344,0.0044865682721138,False,-0.03525727242231369,0.28947368264198303,1.0
vit_base_patch16_224,53,ILSVRC2012_val_00002614.JPEG,predicted,gradcam_relu,0.15,3,True,0.49074745178222656,0.1558407098054886,False,0.11743499338626862,0.25641027092933655,1.0
vit_base_patch16_224,54,ILSVRC2012_val_00002716.JPEG,predicted,gradcam_relu,0.15,3,True,-0.2527446746826172,-0.09780481457710266,False,0.12989982962608337,0.24840764701366425,1.0
vit_base_patch16_224,55,ILSVRC2012_val_00002733.JPEG,predicted,gradcam_relu,0.15,3,True,0.3468141555786133,0.03952214866876602,False,-0.26938775181770325,0.5433070659637451,1.0
vit_base_patch16_224,48,ILSVRC2012_val_00002311.JPEG,predicted,gradcam_signed,0.15,0,True,0.6477975845336914,0.14353983104228973,False,-0.2490624636411667,0.3802816867828369,1.0
vit_base_patch16_224,49,ILSVRC2012_val_00002347.JPEG,predicted,gradcam_signed,0.15,0,True,-0.07736396789550781,-0.00018209218978881836,False,-0.11684689670801163,0.37062937021255493,1.0
vit_base_patch16_224,50,ILSVRC2012_val_00002464.JPEG,predicted,gradcam_signed,0.15,0,True,0.1718273162841797,0.09638142585754395,False,0.18606729805469513,0.26451611518859863,1.0
vit_base_patch16_224,51,ILSVRC2012_val_00002533.JPEG,predicted,gradcam_signed,0.15,0,True,0.44472789764404297,0.059812575578689575,False,-0.16525113582611084,0.4000000059604645,1.0
vit_base_patch16_224,52,ILSVRC2012_val_00002583.JPEG,predicted,gradcam_signed,0.15,0,True,-0.15514659881591797,-0.005812652409076691,False,-0.03525727242231369,0.28947368264198303,1.0
vit_base_patch16_224,53,ILSVRC2012_val_00002614.JPEG,predicted,gradcam_signed,0.15,0,True,0.23867225646972656,0.023435309529304504,False,0.11743499338626862,0.25641027092933655,1.0
vit_base_patch16_224,54,ILSVRC2012_val_00002716.JPEG,predicted,gradcam_signed,0.15,0,True,-0.2718963623046875,-0.06438779830932617,False,0.12989982962608337,0.24840764701366425,1.0
vit_base_patch16_224,55,ILSVRC2012_val_00002733.JPEG,predicted,gradcam_signed,0.15,0,True,0.29329967498779297,0.03138386458158493,False,-0.26938775181770325,0.5433070659637451,1.0
vit_base_patch16_224,48,ILSVRC2012_val_00002311.JPEG,predicted,gradcam_signed,0.15,1,True,0.4287748336791992,0.07548952102661133,False,-0.2490624636411667,0.3802816867828369,1.0
vit_base_patch16_224,49,ILSVRC2012_val_00002347.JPEG,predicted,gradcam_signed,0.15,1,True,-0.13065338134765625,-0.0003204718232154846,False,-0.11684689670801163,0.37062937021255493,1.0
vit_base_patch16_224,50,ILSVRC2012_val_00002464.JPEG,predicted,gradcam_signed,0.15,1,True,0.21921062469482422,0.07767903804779053,False,0.18606729805469513,0.26451611518859863,1.0
vit_base_patch16_224,51,ILSVRC2012_val_00002533.JPEG,predicted,gradcam_signed,0.15,1,True,0.3639945983886719,0.047920435667037964,False,-0.16525113582611084,0.4000000059604645,1.0
vit_base_patch16_224,52,ILSVRC2012_val_00002583.JPEG,predicted,gradcam_signed,0.15,1,True,0.06656551361083984,0.005342476069927216,False,-0.03525727242231369,0.28947368264198303,1.0
vit_base_patch16_224,53,ILSVRC2012_val_00002614.JPEG,predicted,gradcam_signed,0.15,1,True,0.21094036102294922,0.013180673122406006,False,0.11743499338626862,0.25641027092933655,1.0
vit_base_patch16_224,54,ILSVRC2012_val_00002716.JPEG,predicted,gradcam_signed,0.15,1,True,-0.5056791305541992,-0.1389750838279724,False,0.12989982962608337,0.24840764701366425,1.0
vit_base_patch16_224,55,ILSVRC2012_val_00002733.JPEG,predicted,gradcam_signed,0.15,1,True,0.44838619232177734,0.05583661049604416,False,-0.26938775181770325,0.5433070659637451,1.0
vit_base_patch16_224,48,ILSVRC2012_val_00002311.JPEG,predicted,gradcam_signed,0.15,2,True,0.6557512283325195,0.13626410067081451,False,-0.2490624636411667,0.3802816867828369,1.0
vit_base_patch16_224,49,ILSVRC2012_val_00002347.JPEG,predicted,gradcam_signed,0.15,2,True,-0.2469472885131836,-0.010007623583078384,False,-0.11684689670801163,0.37062937021255493,1.0
vit_base_patch16_224,50,ILSVRC2012_val_00002464.JPEG,predicted,gradcam_signed,0.15,2,True,0.017729759216308594,0.05520355701446533,False,0.18606729805469513,0.26451611518859863,1.0
vit_base_patch16_224,51,ILSVRC2012_val_00002533.JPEG,predicted,gradcam_signed,0.15,2,True,0.4238853454589844,0.055368632078170776,False,-0.16525113582611084,0.4000000059604645,1.0
vit_base_patch16_224,52,ILSVRC2012_val_00002583.JPEG,predicted,gradcam_signed,0.15,2,True,0.2549934387207031,0.04922739416360855,False,-0.03525727242231369,0.28947368264198303,1.0
vit_base_patch16_224,53,ILSVRC2012_val_00002614.JPEG,predicted,gradcam_signed,0.15,2,True,0.4095945358276367,0.06656387448310852,False,0.11743499338626862,0.25641027092933655,1.0
vit_base_patch16_224,54,ILSVRC2012_val_00002716.JPEG,predicted,gradcam_signed,0.15,2,True,-0.5811977386474609,-0.22788015007972717,False,0.12989982962608337,0.24840764701366425,1.0
vit_base_patch16_224,55,ILSVRC2012_val_00002733.JPEG,predicted,gradcam_signed,0.15,2,True,0.26156139373779297,0.026362456381320953,False,-0.26938775181770325,0.5433070659637451,1.0
vit_base_patch16_224,48,ILSVRC2012_val_00002311.JPEG,predicted,gradcam_signed,0.15,3,True,0.43555641174316406,0.07093773782253265,False,-0.2490624636411667,0.3802816867828369,1.0
vit_base_patch16_224,49,ILSVRC2012_val_00002347.JPEG,predicted,gradcam_signed,0.15,3,True,0.0072650909423828125,0.0038590580224990845,False,-0.11684689670801163,0.37062937021255493,1.0
vit_base_patch16_224,50,ILSVRC2012_val_00002464.JPEG,predicted,gradcam_signed,0.15,3,True,0.16232681274414062,0.02323448657989502,False,0.18606729805469513,0.26451611518859863,1.0
vit_base_patch16_224,51,ILSVRC2012_val_00002533.JPEG,predicted,gradcam_signed,0.15,3,True,0.3696432113647461,0.0501125305891037,False,-0.16525113582611084,0.4000000059604645,1.0
vit_base_patch16_224,52,ILSVRC2012_val_00002583.JPEG,predicted,gradcam_signed,0.15,3,True,-0.047011375427246094,-0.0032304972410202026,False,-0.03525727242231369,0.28947368264198303,1.0
vit_base_patch16_224,53,ILSVRC2012_val_00002614.JPEG,predicted,gradcam_signed,0.15,3,True,0.35603904724121094,0.04024094343185425,False,0.11743499338626862,0.25641027092933655,1.0
vit_base_patch16_224,54,ILSVRC2012_val_00002716.JPEG,predicted,gradcam_signed,0.15,3,True,-0.3611774444580078,-0.028702855110168457,False,0.12989982962608337,0.24840764701366425,1.0
vit_base_patch16_224,55,ILSVRC2012_val_00002733.JPEG,predicted,gradcam_signed,0.15,3,True,0.15146636962890625,0.014644533395767212,False,-0.26938775181770325,0.5433070659637451,1.0
vit_base_patch16_224,48,ILSVRC2012_val_00002311.JPEG,predicted,gradcam_abs,0.15,0,True,0.5673599243164062,0.11342848837375641,False,-0.2490624636411667,0.3802816867828369,1.0
vit_base_patch16_224,49,ILSVRC2012_val_00002347.JPEG,predicted,gradcam_abs,0.15,0,True,-0.10161972045898438,-0.003132745623588562,False,-0.11684689670801163,0.37062937021255493,1.0
vit_base_patch16_224,50,ILSVRC2012_val_00002464.JPEG,predicted,gradcam_abs,0.15,0,True,0.2789268493652344,0.13330337405204773,False,0.18606729805469513,0.26451611518859863,1.0
vit_base_patch16_224,51,ILSVRC2012_val_00002533.JPEG,predicted,gradcam_abs,0.15,0,True,0.5140762329101562,0.07143539190292358,False,-0.16525113582611084,0.4000000059604645,1.0
vit_base_patch16_224,52,ILSVRC2012_val_00002583.JPEG,predicted,gradcam_abs,0.15,0,True,0.07582569122314453,0.006256259977817535,False,-0.03525727242231369,0.28947368264198303,1.0
vit_base_patch16_224,53,ILSVRC2012_val_00002614.JPEG,predicted,gradcam_abs,0.15,0,True,0.38603973388671875,0.10511435568332672,False,0.11743499338626862,0.25641027092933655,1.0
vit_base_patch16_224,54,ILSVRC2012_val_00002716.JPEG,predicted,gradcam_abs,0.15,0,True,-0.2689094543457031,-0.10093280673027039,False,0.12989982962608337,0.24840764701366425,1.0
vit_base_patch16_224,55,ILSVRC2012_val_00002733.JPEG,predicted,gradcam_abs,0.15,0,True,0.28019046783447266,0.029873408377170563,False,-0.26938775181770325,0.5433070659637451,1.0
vit_base_patch16_224,48,ILSVRC2012_val_00002311.JPEG,predicted,gradcam_abs,0.15,1,True,0.4992866516113281,0.08358465135097504,False,-0.2490624636411667,0.3802816867828369,1.0
vit_base_patch16_224,49,ILSVRC2012_val_00002347.JPEG,predicted,gradcam_abs,0.15,1,True,0.017589569091796875,0.002488471567630768,False,-0.11684689670801163,0.37062937021255493,1.0
vit_base_patch16_224,50,ILSVRC2012_val_00002464.JPEG,predicted,gradcam_abs,0.15,1,True,0.26470947265625,0.0702953040599823,False,0.18606729805469513,0.26451611518859863,1.0
vit_base_patch16_224,51,ILSVRC2012_val_00002533.JPEG,predicted,gradcam_abs,0.15,1,True,0.48747920989990234,0.06999561190605164,False,-0.16525113582611084,0.4000000059604645,1.0
vit_base_patch16_224,52,ILSVRC2012_val_00002583.JPEG,predicted,gradcam_abs,0.15,1,True,-0.04721260070800781,0.0063552334904670715,False,-0.03525727242231369,0.28947368264198303,1.0
vit_base_patch16_224,53,ILSVRC2012_val_00002614.JPEG,predicted,gradcam_abs,0.15,1,True,0.08720874786376953,0.022992849349975586,False,0.11743499338626862,0.25641027092933655,1.0
vit_base_patch16_224,54,ILSVRC2012_val_00002716.JPEG,predicted,gradcam_abs,0.15,1,True,-0.3327312469482422,-0.0861666202545166,False,0.12989982962608337,0.24840764701366425,1.0
vit_base_patch16_224,55,ILSVRC2012_val_00002733.JPEG,predicted,gradcam_abs,0.15,1,True,0.11662578582763672,0.01057928055524826,False,-0.26938775181770325,0.5433070659637451,1.0
vit_base_patch16_224,48,ILSVRC2012_val_00002311.JPEG,predicted,gradcam_abs,0.15,2,True,0.6512813568115234,0.13779719173908234,False,-0.2490624636411667,0.3802816867828369,1.0
vit_base_patch16_224,49,ILSVRC2012_val_00002347.JPEG,predicted,gradcam_abs,0.15,2,True,-0.07537460327148438,0.0007322803139686584,False,-0.11684689670801163,0.37062937021255493,1.0
vit_base_patch16_224,50,ILSVRC2012_val_00002464.JPEG,predicted,gradcam_abs,0.15,2,True,-0.08969306945800781,-0.0005913376808166504,False,0.18606729805469513,0.26451611518859863,1.0
vit_base_patch16_224,51,ILSVRC2012_val_00002533.JPEG,predicted,gradcam_abs,0.15,2,True,0.2783164978027344,0.03533557057380676,False,-0.16525113582611084,0.4000000059604645,1.0
vit_base_patch16_224,52,ILSVRC2012_val_00002583.JPEG,predicted,gradcam_abs,0.15,2,True,-0.025585174560546875,0.009987927973270416,False,-0.03525727242231369,0.28947368264198303,1.0
vit_base_patch16_224,53,ILSVRC2012_val_00002614.JPEG,predicted,gradcam_abs,0.15,2,True,0.22463035583496094,0.013406634330749512,False,0.11743499338626862,0.25641027092933655,1.0
vit_base_patch16_224,54,ILSVRC2012_val_00002716.JPEG,predicted,gradcam_abs,0.15,2,True,-0.5069570541381836,-0.18136706948280334,False,0.12989982962608337,0.24840764701366425,1.0
vit_base_patch16_224,55,ILSVRC2012_val_00002733.JPEG,predicted,gradcam_abs,0.15,2,True,0.17897510528564453,0.01751786470413208,False,-0.26938775181770325,0.5433070659637451,1.0
vit_base_patch16_224,48,ILSVRC2012_val_00002311.JPEG,predicted,gradcam_abs,0.15,3,True,0.6432838439941406,0.1396062821149826,False,-0.2490624636411667,0.3802816867828369,1.0
vit_base_patch16_224,49,ILSVRC2012_val_00002347.JPEG,predicted,gradcam_abs,0.15,3,True,0.05780792236328125,0.005452059209346771,False,-0.11684689670801163,0.37062937021255493,1.0
vit_base_patch16_224,50,ILSVRC2012_val_00002464.JPEG,predicted,gradcam_abs,0.15,3,True,0.06305122375488281,0.024444550275802612,False,0.18606729805469513,0.26451611518859863,1.0
vit_base_patch16_224,51,ILSVRC2012_val_00002533.JPEG,predicted,gradcam_abs,0.15,3,True,0.5125017166137695,0.06960862874984741,False,-0.16525113582611084,0.4000000059604645,1.0
vit_base_patch16_224,52,ILSVRC2012_val_00002583.JPEG,predicted,gradcam_abs,0.15,3,True,0.004955291748046875,0.00520024448633194,False,-0.03525727242231369,0.28947368264198303,1.0
vit_base_patch16_224,53,ILSVRC2012_val_00002614.JPEG,predicted,gradcam_abs,0.15,3,True,0.18417835235595703,0.020653843879699707,False,0.11743499338626862,0.25641027092933655,1.0
vit_base_patch16_224,54,ILSVRC2012_val_00002716.JPEG,predicted,gradcam_abs,0.15,3,True,-0.4879932403564453,-0.15698429942131042,False,0.12989982962608337,0.24840764701366425,1.0
vit_base_patch16_224,55,ILSVRC2012_val_00002733.JPEG,predicted,gradcam_abs,0.15,3,True,0.7672300338745117,0.11215969175100327,False,-0.26938775181770325,0.5433070659637451,1.0
vit_base_patch16_224,48,ILSVRC2012_val_00002311.JPEG,predicted,random_uniform,0.15,0,True,0.20800209045410156,0.030214250087738037,False,1.0,1.0,1.0
vit_base_patch16_224,49,ILSVRC2012_val_00002347.JPEG,predicted,random_uniform,0.15,0,True,-0.08000373840332031,-0.004939116537570953,False,1.0,1.0,1.0
vit_base_patch16_224,50,ILSVRC2012_val_00002464.JPEG,predicted,random_uniform,0.15,0,True,-0.1061391830444336,-0.03653603792190552,False,1.0,1.0,1.0
vit_base_patch16_224,51,ILSVRC2012_val_00002533.JPEG,predicted,random_uniform,0.15,0,True,0.1491861343383789,0.019414693117141724,False,1.0,1.0,1.0
vit_base_patch16_224,52,ILSVRC2012_val_00002583.JPEG,predicted,random_uniform,0.15,0,True,-0.1121511459350586,-0.008591271936893463,False,1.0,1.0,1.0
vit_base_patch16_224,53,ILSVRC2012_val_00002614.JPEG,predicted,random_uniform,0.15,0,True,0.4835329055786133,0.09438727796077728,False,1.0,1.0,1.0
vit_base_patch16_224,54,ILSVRC2012_val_00002716.JPEG,predicted,random_uniform,0.15,0,True,-0.1936044692993164,0.020274043083190918,False,1.0,1.0,1.0
vit_base_patch16_224,55,ILSVRC2012_val_00002733.JPEG,predicted,random_uniform,0.15,0,True,0.4539022445678711,0.05412634462118149,False,1.0,1.0,1.0
vit_base_patch16_224,48,ILSVRC2012_val_00002311.JPEG,predicted,random_uniform,0.15,1,True,-0.048295021057128906,-0.0015493035316467285,False,1.0,1.0,1.0
vit_base_patch16_224,49,ILSVRC2012_val_00002347.JPEG,predicted,random_uniform,0.15,1,True,0.2417001724243164,0.014172293245792389,False,1.0,1.0,1.0
vit_base_patch16_224,50,ILSVRC2012_val_00002464.JPEG,predicted,random_uniform,0.15,1,True,-0.1327047348022461,-0.023417681455612183,False,1.0,1.0,1.0
vit_base_patch16_224,51,ILSVRC2012_val_00002533.JPEG,predicted,random_uniform,0.15,1,True,0.2857017517089844,0.033887967467308044,False,1.0,1.0,1.0
vit_base_patch16_224,52,ILSVRC2012_val_00002583.JPEG,predicted,random_uniform,0.15,1,True,-0.18263721466064453,-0.011549621820449829,False,1.0,1.0,1.0
vit_base_patch16_224,53,ILSVRC2012_val_00002614.JPEG,predicted,random_uniform,0.15,1,True,0.014466285705566406,-0.022213324904441833,False,1.0,1.0,1.0
vit_base_patch16_224,54,ILSVRC2012_val_00002716.JPEG,predicted,random_uniform,0.15,1,True,-0.42489147186279297,-0.10252141952514648,False,1.0,1.0,1.0
vit_base_patch16_224,55,ILSVRC2012_val_00002733.JPEG,predicted,random_uniform,0.15,1,True,0.3568859100341797,0.03819636255502701,False,1.0,1.0,1.0
vit_base_patch16_224,48,ILSVRC2012_val_00002311.JPEG,predicted,random_uniform,0.15,2,True,0.21055984497070312,0.029408186674118042,False,1.0,1.0,1.0
vit_base_patch16_224,49,ILSVRC2012_val_00002347.JPEG,predicted,random_uniform,0.15,2,True,-0.12116336822509766,-0.004390992224216461,False,1.0,1.0,1.0
vit_base_patch16_224,50,ILSVRC2012_val_00002464.JPEG,predicted,random_uniform,0.15,2,True,0.06703376770019531,0.06634390354156494,False,1.0,1.0,1.0
vit_base_patch16_224,51,ILSVRC2012_val_00002533.JPEG,predicted,random_uniform,0.15,2,True,0.41381359100341797,0.05415211617946625,False,1.0,1.0,1.0
vit_base_patch16_224,52,ILSVRC2012_val_00002583.JPEG,predicted,random_uniform,0.15,2,True,0.18583965301513672,0.01906079798936844,False,1.0,1.0,1.0
vit_base_patch16_224,53,ILSVRC2012_val_00002614.JPEG,predicted,random_uniform,0.15,2,True,0.15339946746826172,0.03570401668548584,False,1.0,1.0,1.0
vit_base_patch16_224,54,ILSVRC2012_val_00002716.JPEG,predicted,random_uniform,0.15,2,True,-0.4732646942138672,-0.12441152334213257,False,1.0,1.0,1.0
vit_base_patch16_224,55,ILSVRC2012_val_00002733.JPEG,predicted,random_uniform,0.15,2,True,0.168731689453125,0.019600912928581238,False,1.0,1.0,1.0
vit_base_patch16_224,48,ILSVRC2012_val_00002311.JPEG,predicted,random_uniform,0.15,3,True,0.2423839569091797,0.05543851852416992,False,1.0,1.0,1.0
vit_base_patch16_224,49,ILSVRC2012_val_00002347.JPEG,predicted,random_uniform,0.15,3,True,-0.0140228271484375,0.0003268197178840637,False,1.0,1.0,1.0
vit_base_patch16_224,50,ILSVRC2012_val_00002464.JPEG,predicted,random_uniform,0.15,3,True,-0.28144359588623047,-0.005214184522628784,False,1.0,1.0,1.0
vit_base_patch16_224,51,ILSVRC2012_val_00002533.JPEG,predicted,random_uniform,0.15,3,True,0.3075113296508789,0.04066036641597748,False,1.0,1.0,1.0
vit_base_patch16_224,52,ILSVRC2012_val_00002583.JPEG,predicted,random_uniform,0.15,3,True,0.11167621612548828,0.016773901879787445,False,1.0,1.0,1.0
vit_base_patch16_224,53,ILSVRC2012_val_00002614.JPEG,predicted,random_uniform,0.15,3,True,0.34293651580810547,0.08005471527576447,False,1.0,1.0,1.0
vit_base_patch16_224,54,ILSVRC2012_val_00002716.JPEG,predicted,random_uniform,0.15,3,True,-0.47824764251708984,-0.13438883423805237,False,1.0,1.0,1.0
vit_base_patch16_224,55,ILSVRC2012_val_00002733.JPEG,predicted,random_uniform,0.15,3,True,0.26709747314453125,0.030264966189861298,False,1.0,1.0,1.0
vit_base_patch16_224,56,ILSVRC2012_val_00002734.JPEG,predicted,patch_score,0.15,0,True,0.02960681915283203,0.00345630943775177,False,1.0,1.0,1.0
vit_base_patch16_224,57,ILSVRC2012_val_00002815.JPEG,predicted,patch_score,0.15,0,True,0.04129314422607422,0.008983701467514038,False,1.0,1.0,1.0
vit_base_patch16_224,58,ILSVRC2012_val_00002932.JPEG,predicted,patch_score,0.15,0,True,0.12015724182128906,0.03013339638710022,False,1.0,1.0,1.0
vit_base_patch16_224,59,ILSVRC2012_val_00003096.JPEG,predicted,patch_score,0.15,0,True,0.08403968811035156,-0.05368456244468689,False,1.0,1.0,1.0
vit_base_patch16_224,60,ILSVRC2012_val_00003145.JPEG,predicted,patch_score,0.15,0,True,0.30870723724365234,0.04197178781032562,False,1.0,1.0,1.0
vit_base_patch16_224,61,ILSVRC2012_val_00003190.JPEG,predicted,patch_score,0.15,0,True,-0.8202829360961914,-0.14360502362251282,False,1.0,1.0,1.0
vit_base_patch16_224,62,ILSVRC2012_val_00003194.JPEG,predicted,patch_score,0.15,0,True,0.10458755493164062,0.011062093079090118,False,1.0,1.0,1.0
vit_base_patch16_224,63,ILSVRC2012_val_00003317.JPEG,predicted,patch_score,0.15,0,True,0.4382801055908203,0.11494560539722443,False,1.0,1.0,1.0
vit_base_patch16_224,56,ILSVRC2012_val_00002734.JPEG,predicted,patch_score,0.15,1,True,0.05824756622314453,0.009063974022865295,False,1.0,1.0,1.0
vit_base_patch16_224,57,ILSVRC2012_val_00002815.JPEG,predicted,patch_score,0.15,1,True,0.14563274383544922,0.03069181740283966,False,1.0,1.0,1.0
vit_base_patch16_224,58,ILSVRC2012_val_00002932.JPEG,predicted,patch_score,0.15,1,True,0.08364486694335938,0.016783297061920166,False,1.0,1.0,1.0
vit_base_patch16_224,59,ILSVRC2012_val_00003096.JPEG,predicted,patch_score,0.15,1,True,0.11890506744384766,-0.0678028017282486,False,1.0,1.0,1.0
vit_base_patch16_224,60,ILSVRC2012_val_00003145.JPEG,predicted,patch_score,0.15,1,True,-0.0674123764038086,-0.006957970559597015,False,1.0,1.0,1.0
vit_base_patch16_224,61,ILSVRC2012_val_00003190.JPEG,predicted,patch_score,0.15,1,True,-0.25755882263183594,0.025827646255493164,False,1.0,1.0,1.0
vit_base_patch16_224,62,ILSVRC2012_val_00003194.JPEG,predicted,patch_score,0.15,1,True,0.04226970672607422,0.004070959985256195,False,1.0,1.0,1.0
vit_base_patch16_224,63,ILSVRC2012_val_00003317.JPEG,predicted,patch_score,0.15,1,True,0.34095001220703125,0.0815683901309967,False,1.0,1.0,1.0
vit_base_patch16_224,56,ILSVRC2012_val_00002734.JPEG,predicted,patch_score,0.15,2,True,0.02212047576904297,0.011657729744911194,False,1.0,1.0,1.0
vit_base_patch16_224,57,ILSVRC2012_val_00002815.JPEG,predicted,patch_score,0.15,2,True,-0.10255718231201172,-0.018149644136428833,False,1.0,1.0,1.0
vit_base_patch16_224,58,ILSVRC2012_val_00002932.JPEG,predicted,patch_score,0.15,2,True,0.16119098663330078,0.026773005723953247,False,1.0,1.0,1.0
vit_base_patch16_224,59,ILSVRC2012_val_00003096.JPEG,predicted,patch_score,0.15,2,True,0.1892385482788086,-0.04246264696121216,False,1.0,1.0,1.0
vit_base_patch16_224,60,ILSVRC2012_val_00003145.JPEG,predicted,patch_score,0.15,2,True,0.31218624114990234,0.04761217534542084,False,1.0,1.0,1.0
vit_base_patch16_224,61,ILSVRC2012_val_00003190.JPEG,predicted,patch_score,0.15,2,True,-0.6175928115844727,-0.08202621340751648,False,1.0,1.0,1.0
vit_base_patch16_224,62,ILSVRC2012_val_00003194.JPEG,predicted,patch_score,0.15,2,True,-0.10091018676757812,-0.011052027344703674,False,1.0,1.0,1.0
vit_base_patch16_224,63,ILSVRC2012_val_00003317.JPEG,predicted,patch_score,0.15,2,True,0.2400960922241211,0.052678853273391724,False,1.0,1.0,1.0
vit_base_patch16_224,56,ILSVRC2012_val_00002734.JPEG,predicted,patch_score,0.15,3,True,0.24237728118896484,0.034890174865722656,False,1.0,1.0,1.0
vit_base_patch16_224,57,ILSVRC2012_val_00002815.JPEG,predicted,patch_score,0.15,3,True,0.08981037139892578,0.030695125460624695,False,1.0,1.0,1.0
vit_base_patch16_224,58,ILSVRC2012_val_00002932.JPEG,predicted,patch_score,0.15,3,True,0.004481315612792969,0.0051850080490112305,False,1.0,1.0,1.0
vit_base_patch16_224,59,ILSVRC2012_val_00003096.JPEG,predicted,patch_score,0.15,3,True,0.4010429382324219,-0.015686839818954468,False,1.0,1.0,1.0
vit_base_patch16_224,60,ILSVRC2012_val_00003145.JPEG,predicted,patch_score,0.15,3,True,0.4189605712890625,0.06292957067489624,False,1.0,1.0,1.0
vit_base_patch16_224,61,ILSVRC2012_val_00003190.JPEG,predicted,patch_score,0.15,3,True,-0.62847900390625,-0.09909065067768097,False,1.0,1.0,1.0
vit_base_patch16_224,62,ILSVRC2012_val_00003194.JPEG,predicted,patch_score,0.15,3,True,0.1500091552734375,0.017978869378566742,False,1.0,1.0,1.0
vit_base_patch16_224,63,ILSVRC2012_val_00003317.JPEG,predicted,patch_score,0.15,3,True,0.2803325653076172,0.07877716422080994,False,1.0,1.0,1.0
vit_base_patch16_224,56,ILSVRC2012_val_00002734.JPEG,predicted,gradcam_relu,0.15,0,True,0.2530965805053711,0.052764877676963806,False,-0.16709034144878387,0.3611111044883728,1.0
vit_base_patch16_224,57,ILSVRC2012_val_00002815.JPEG,predicted,gradcam_relu,0.15,0,True,0.2701292037963867,0.06312544643878937,False,0.22312712669372559,0.22499999403953552,1.0
vit_base_patch16_224,58,ILSVRC2012_val_00002932.JPEG,predicted,gradcam_relu,0.15,0,True,0.3986949920654297,0.10097897052764893,False,0.2711982727050781,0.27272728085517883,1.0
vit_base_patch16_224,59,ILSVRC2012_val_00003096.JPEG,predicted,gradcam_relu,0.15,0,True,0.032733917236328125,-0.08919446170330048,False,0.1821593940258026,0.2810457646846771,1.0
vit_base_patch16_224,60,ILSVRC2012_val_00003145.JPEG,predicted,gradcam_relu,0.15,0,True,0.4475069046020508,0.09009887278079987,False,-0.08183346688747406,0.37062937021255493,1.0
vit_base_patch16_224,61,ILSVRC2012_val_00003190.JPEG,predicted,gradcam_relu,0.15,0,True,-0.38989734649658203,-0.08105099201202393,False,0.068525530397892,0.28947368264198303,1.0
vit_base_patch16_224,62,ILSVRC2012_val_00003194.JPEG,predicted,gradcam_relu,0.15,0,True,-0.07410812377929688,-0.009346723556518555,False,0.4324251413345337,0.1666666716337204,1.0
vit_base_patch16_224,63,ILSVRC2012_val_00003317.JPEG,predicted,gradcam_relu,0.15,0,True,0.46003150939941406,0.09812545776367188,False,-0.22924558818340302,0.43065693974494934,1.0
vit_base_patch16_224,56,ILSVRC2012_val_00002734.JPEG,predicted,gradcam_relu,0.15,1,True,0.34291839599609375,0.05645152926445007,False,-0.16709034144878387,0.3611111044883728,1.0
vit_base_patch16_224,57,ILSVRC2012_val_00002815.JPEG,predicted,gradcam_relu,0.15,1,True,-0.040801048278808594,-0.005825042724609375,False,0.22312712669372559,0.22499999403953552,1.0
vit_base_patch16_224,58,ILSVRC2012_val_00002932.JPEG,predicted,gradcam_relu,0.15,1,True,-0.021971702575683594,-0.040479689836502075,False,0.2711982727050781,0.27272728085517883,1.0
vit_base_patch16_224,59,ILSVRC2012_val_00003096.JPEG,predicted,gradcam_relu,0.15,1,True,0.25004100799560547,-0.03160405158996582,False,0.1821593940258026,0.2810457646846771,1.0
vit_base_patch16_224,60,ILSVRC2012_val_00003145.JPEG,predicted,gradcam_relu,0.15,1,True,0.15591049194335938,0.03978496789932251,False,-0.08183346688747406,0.37062937021255493,1.0
vit_base_patch16_224,61,ILSVRC2012_val_00003190.JPEG,predicted,gradcam_relu,0.15,1,True,-0.39452552795410156,-0.061534583568573,False,0.068525530397892,0.28947368264198303,1.0
vit_base_patch16_224,62,ILSVRC2012_val_00003194.JPEG,predicted,gradcam_relu,0.15,1,True,-0.09795665740966797,-0.010373972356319427,False,0.4324251413345337,0.1666666716337204,1.0
vit_base_patch16_224,63,ILSVRC2012_val_00003317.JPEG,predicted,gradcam_relu,0.15,1,True,0.36057567596435547,0.055333077907562256,False,-0.22924558818340302,0.43065693974494934,1.0
vit_base_patch16_224,56,ILSVRC2012_val_00002734.JPEG,predicted,gradcam_relu,0.15,2,True,0.34357166290283203,0.05761787295341492,False,-0.16709034144878387,0.3611111044883728,1.0
vit_base_patch16_224,57,ILSVRC2012_val_00002815.JPEG,predicted,gradcam_relu,0.15,2,True,0.1652994155883789,0.024952605366706848,False,0.22312712669372559,0.22499999403953552,1.0
vit_base_patch16_224,58,ILSVRC2012_val_00002932.JPEG,predicted,gradcam_relu,0.15,2,True,0.45502471923828125,0.11101970076560974,False,0.2711982727050781,0.27272728085517883,1.0
vit_base_patch16_224,59,ILSVRC2012_val_00003096.JPEG,predicted,gradcam_relu,0.15,2,True,0.16231250762939453,-0.04643595218658447,False,0.1821593940258026,0.2810457646846771,1.0
vit_base_patch16_224,60,ILSVRC2012_val_00003145.JPEG,predicted,gradcam_relu,0.15,2,True,0.46311283111572266,0.08167232573032379,False,-0.08183346688747406,0.37062937021255493,1.0
vit_base_patch16_224,61,ILSVRC2012_val_00003190.JPEG,predicted,gradcam_relu,0.15,2,True,-0.3455228805541992,-0.03527776896953583,False,0.068525530397892,0.28947368264198303,1.0
vit_base_patch16_224,62,ILSVRC2012_val_00003194.JPEG,predicted,gradcam_relu,0.15,2,True,-0.19310379028320312,-0.018486514687538147,False,0.4324251413345337,0.1666666716337204,1.0
vit_base_patch16_224,63,ILSVRC2012_val_00003317.JPEG,predicted,gradcam_relu,0.15,2,True,0.5217704772949219,0.10274158418178558,False,-0.22924558818340302,0.43065693974494934,1.0
vit_base_patch16_224,56,ILSVRC2012_val_00002734.JPEG,predicted,gradcam_relu,0.15,3,True,0.2905559539794922,0.04995556175708771,False,-0.16709034144878387,0.3611111044883728,1.0
vit_base_patch16_224,57,ILSVRC2012_val_00002815.JPEG,predicted,gradcam_relu,0.15,3,True,0.1893014907836914,0.035103410482406616,False,0.22312712669372559,0.22499999403953552,1.0
vit_base_patch16_224,58,ILSVRC2012_val_00002932.JPEG,predicted,gradcam_relu,0.15,3,True,0.1606121063232422,0.020328760147094727,False,0.2711982727050781,0.27272728085517883,1.0
vit_base_patch16_224,59,ILSVRC2012_val_00003096.JPEG,predicted,gradcam_relu,0.15,3,True,0.10458564758300781,-0.04239216446876526,False,0.1821593940258026,0.2810457646846771,1.0
vit_base_patch16_224,60,ILSVRC2012_val_00003145.JPEG,predicted,gradcam_relu,0.15,3,True,0.29057979583740234,0.0566890686750412,False,-0.08183346688747406,0.37062937021255493,1.0
vit_base_patch16_224,61,ILSVRC2012_val_00003190.JPEG,predicted,gradcam_relu,0.15,3,True,-0.11760139465332031,-0.002267509698867798,False,0.068525530397892,0.28947368264198303,1.0
vit_base_patch16_224,62,ILSVRC2012_val_00003194.JPEG,predicted,gradcam_relu,0.15,3,True,-0.00194549560546875,-0.004104048013687134,False,0.4324251413345337,0.1666666716337204,1.0
vit_base_patch16_224,63,ILSVRC2012_val_00003317.JPEG,predicted,gradcam_relu,0.15,3,True,0.22211742401123047,0.03358025848865509,False,-0.22924558818340302,0.43065693974494934,1.0
vit_base_patch16_224,56,ILSVRC2012_val_00002734.JPEG,predicted,gradcam_signed,0.15,0,True,-0.054648399353027344,0.02830187976360321,False,-0.16709034144878387,0.3611111044883728,1.0
vit_base_patch16_224,57,ILSVRC2012_val_00002815.JPEG,predicted,gradcam_signed,0.15,0,True,0.07732486724853516,0.014578357338905334,False,0.22312712669372559,0.22499999403953552,1.0
vit_base_patch16_224,58,ILSVRC2012_val_00002932.JPEG,predicted,gradcam_signed,0.15,0,True,0.4431266784667969,0.14630866050720215,False,0.2711982727050781,0.27272728085517883,1.0
vit_base_patch16_224,59,ILSVRC2012_val_00003096.JPEG,predicted,gradcam_signed,0.15,0,True,0.07900524139404297,-0.07151997089385986,False,0.1821593940258026,0.2810457646846771,1.0
vit_base_patch16_224,60,ILSVRC2012_val_00003145.JPEG,predicted,gradcam_signed,0.15,0,True,0.42284297943115234,0.06686969101428986,False,-0.08183346688747406,0.37062937021255493,1.0
vit_base_patch16_224,61,ILSVRC2012_val_00003190.JPEG,predicted,gradcam_signed,0.15,0,True,-0.19750213623046875,-0.057934582233428955,False,0.068525530397892,0.28947368264198303,1.0
vit_base_patch16_224,62,ILSVRC2012_val_00003194.JPEG,predicted,gradcam_signed,0.15,0,True,0.03064727783203125,0.0006794258952140808,False,0.4324251413345337,0.1666666716337204,1.0
vit_base_patch16_224,63,ILSVRC2012_val_00003317.JPEG,predicted,gradcam_signed,0.15,0,True,0.5776853561401367,0.11213333904743195,False,-0.22924558818340302,0.43065693974494934,1.0
vit_base_patch16_224,56,ILSVRC2012_val_00002734.JPEG,predicted,gradcam_signed,0.15,1,True,0.16376399993896484,0.040774136781692505,False,-0.16709034144878387,0.3611111044883728,1.0
vit_base_patch16_224,57,ILSVRC2012_val_00002815.JPEG,predicted,gradcam_signed,0.15,1,True,-0.05080604553222656,-0.006195574998855591,False,0.22312712669372559,0.22499999403953552,1.0
vit_base_patch16_224,58,ILSVRC2012_val_00002932.JPEG,predicted,gradcam_signed,0.15,1,True,0.2895946502685547,0.07573851943016052,False,0.2711982727050781,0.27272728085517883,1.0
vit_base_patch16_224,59,ILSVRC2012_val_00003096.JPEG,predicted,gradcam_signed,0.15,1,True,-0.06501388549804688,-0.11167451739311218,False,0.1821593940258026,0.2810457646846771,1.0
vit_base_patch16_224,60,ILSVRC2012_val_00003145.JPEG,predicted,gradcam_signed,0.15,1,True,0.3904142379760742,0.07409565150737762,False,-0.08183346688747406,0.37062937021255493,1.0
vit_base_patch16_224,61,ILSVRC2012_val_00003190.JPEG,predicted,gradcam_signed,0.15,1,True,-0.4608640670776367,-0.09715068340301514,False,0.068525530397892,0.28947368264198303,1.0
vit_base_patch16_224,62,ILSVRC2012_val_00003194.JPEG,predicted,gradcam_signed,0.15,1,True,0.18795299530029297,0.015181981027126312,False,0.4324251413345337,0.1666666716337204,1.0
vit_base_patch16_224,63,ILSVRC2012_val_00003317.JPEG,predicted,gradcam_signed,0.15,1,True,0.23638248443603516,0.03755074739456177,False,-0.22924558818340302,0.43065693974494934,1.0
vit_base_patch16_224,56,ILSVRC2012_val_00002734.JPEG,predicted,gradcam_signed,0.15,2,True,0.3775672912597656,0.06501181423664093,False,-0.16709034144878387,0.3611111044883728,1.0
vit_base_patch16_224,57,ILSVRC2012_val_00002815.JPEG,predicted,gradcam_signed,0.15,2,True,0.20442676544189453,0.038786694407463074,False,0.22312712669372559,0.22499999403953552,1.0
vit_base_patch16_224,58,ILSVRC2012_val_00002932.JPEG,predicted,gradcam_signed,0.15,2,True,0.5949993133544922,0.14392563700675964,False,0.2711982727050781,0.27272728085517883,1.0
vit_base_patch16_224,59,ILSVRC2012_val_00003096.JPEG,predicted,gradcam_signed,0.15,2,True,0.04321002960205078,-0.08921098709106445,False,0.1821593940258026,0.2810457646846771,1.0
vit_base_patch16_224,60,ILSVRC2012_val_00003145.JPEG,predicted,gradcam_signed,0.15,2,True,0.2486133575439453,0.04153090715408325,False,-0.08183346688747406,0.37062937021255493,1.0
vit_base_patch16_224,61,ILSVRC2012_val_00003190.JPEG,predicted,gradcam_signed,0.15,2,True,-0.6649351119995117,-0.12633004784584045,False,0.068525530397892,0.28947368264198303,1.0
vit_base_patch16_224,62,ILSVRC2012_val_00003194.JPEG,predicted,gradcam_signed,0.15,2,True,0.12568283081054688,0.012089714407920837,False,0.4324251413345337,0.1666666716337204,1.0
vit_base_patch16_224,63,ILSVRC2012_val_00003317.JPEG,predicted,gradcam_signed,0.15,2,True,0.6862878799438477,0.15450091660022736,False,-0.22924558818340302,0.43065693974494934,1.0
vit_base_patch16_224,56,ILSVRC2012_val_00002734.JPEG,predicted,gradcam_signed,0.15,3,True,0.25630664825439453,0.034876465797424316,False,-0.16709034144878387,0.3611111044883728,1.0
vit_base_patch16_224,57,ILSVRC2012_val_00002815.JPEG,predicted,gradcam_signed,0.15,3,True,0.13712215423583984,0.024619653820991516,False,0.22312712669372559,0.22499999403953552,1.0
vit_base_patch16_224,58,ILSVRC2012_val_00002932.JPEG,predicted,gradcam_signed,0.15,3,True,-0.0477752685546875,-0.014109894633293152,False,0.2711982727050781,0.27272728085517883,1.0
vit_base_patch16_224,59,ILSVRC2012_val_00003096.JPEG,predicted,gradcam_signed,0.15,3,True,0.1347646713256836,-0.029390811920166016,False,0.1821593940258026,0.2810457646846771,1.0
vit_base_patch16_224,60,ILSVRC2012_val_00003145.JPEG,predicted,gradcam_signed,0.15,3,True,0.6271591186523438,0.11771248281002045,False,-0.08183346688747406,0.37062937021255493,1.0
vit_base_patch16_224,61,ILSVRC2012_val_00003190.JPEG,predicted,gradcam_signed,0.15,3,True,0.17162322998046875,0.08797377347946167,False,0.068525530397892,0.28947368264198303,1.0
vit_base_patch16_224,62,ILSVRC2012_val_00003194.JPEG,predicted,gradcam_signed,0.15,3,True,0.09052276611328125,0.006636388599872589,False,0.4324251413345337,0.1666666716337204,1.0
vit_base_patch16_224,63,ILSVRC2012_val_00003317.JPEG,predicted,gradcam_signed,0.15,3,True,0.12266826629638672,0.015927717089653015,False,-0.22924558818340302,0.43065693974494934,1.0
vit_base_patch16_224,56,ILSVRC2012_val_00002734.JPEG,predicted,gradcam_abs,0.15,0,True,0.19853591918945312,0.04560074210166931,False,-0.16709034144878387,0.3611111044883728,1.0
vit_base_patch16_224,57,ILSVRC2012_val_00002815.JPEG,predicted,gradcam_abs,0.15,0,True,-0.1805133819580078,-0.03596264123916626,False,0.22312712669372559,0.22499999403953552,1.0
vit_base_patch16_224,58,ILSVRC2012_val_00002932.JPEG,predicted,gradcam_abs,0.15,0,True,0.08447647094726562,0.012850672006607056,False,0.2711982727050781,0.27272728085517883,1.0
vit_base_patch16_224,59,ILSVRC2012_val_00003096.JPEG,predicted,gradcam_abs,0.15,0,True,0.38134098052978516,-0.0026091039180755615,False,0.1821593940258026,0.2810457646846771,1.0
vit_base_patch16_224,60,ILSVRC2012_val_00003145.JPEG,predicted,gradcam_abs,0.15,0,True,0.2737617492675781,0.043737709522247314,False,-0.08183346688747406,0.37062937021255493,1.0
vit_base_patch16_224,61,ILSVRC2012_val_00003190.JPEG,predicted,gradcam_abs,0.15,0,True,-0.32108402252197266,-0.04988628625869751,False,0.068525530397892,0.28947368264198303,1.0
vit_base_patch16_224,62,ILSVRC2012_val_00003194.JPEG,predicted,gradcam_abs,0.15,0,True,-0.036212921142578125,-0.006540462374687195,False,0.4324251413345337,0.1666666716337204,1.0
vit_base_patch16_224,63,ILSVRC2012_val_00003317.JPEG,predicted,gradcam_abs,0.15,0,True,0.2768669128417969,0.03694538772106171,False,-0.22924558818340302,0.43065693974494934,1.0
vit_base_patch16_224,56,ILSVRC2012_val_00002734.JPEG,predicted,gradcam_abs,0.15,1,True,0.4353904724121094,0.09033434092998505,False,-0.16709034144878387,0.3611111044883728,1.0
vit_base_patch16_224,57,ILSVRC2012_val_00002815.JPEG,predicted,gradcam_abs,0.15,1,True,0.0065860748291015625,0.0037258416414260864,False,0.22312712669372559,0.22499999403953552,1.0
vit_base_patch16_224,58,ILSVRC2012_val_00002932.JPEG,predicted,gradcam_abs,0.15,1,True,0.0916280746459961,-0.006602302193641663,False,0.2711982727050781,0.27272728085517883,1.0
vit_base_patch16_224,59,ILSVRC2012_val_00003096.JPEG,predicted,gradcam_abs,0.15,1,True,0.12003421783447266,-0.0573028028011322,False,0.1821593940258026,0.2810457646846771,1.0
vit_base_patch16_224,60,ILSVRC2012_val_00003145.JPEG,predicted,gradcam_abs,0.15,1,True,0.6936283111572266,0.12884771823883057,False,-0.08183346688747406,0.37062937021255493,1.0
vit_base_patch16_224,61,ILSVRC2012_val_00003190.JPEG,predicted,gradcam_abs,0.15,1,True,0.3431892395019531,0.14512678980827332,False,0.068525530397892,0.28947368264198303,1.0
vit_base_patch16_224,62,ILSVRC2012_val_00003194.JPEG,predicted,gradcam_abs,0.15,1,True,0.030649185180664062,0.00022412091493606567,False,0.4324251413345337,0.1666666716337204,1.0
vit_base_patch16_224,63,ILSVRC2012_val_00003317.JPEG,predicted,gradcam_abs,0.15,1,True,0.7994890213012695,0.19900234043598175,False,-0.22924558818340302,0.43065693974494934,1.0
vit_base_patch16_224,56,ILSVRC2012_val_00002734.JPEG,predicted,gradcam_abs,0.15,2,True,0.21332454681396484,0.051127806305885315,False,-0.16709034144878387,0.3611111044883728,1.0
vit_base_patch16_224,57,ILSVRC2012_val_00002815.JPEG,predicted,gradcam_abs,0.15,2,True,0.04136466979980469,0.008251652121543884,False,0.22312712669372559,0.22499999403953552,1.0
vit_base_patch16_224,58,ILSVRC2012_val_00002932.JPEG,predicted,gradcam_abs,0.15,2,True,0.1396656036376953,0.01615789532661438,False,0.2711982727050781,0.27272728085517883,1.0
vit_base_patch16_224,59,ILSVRC2012_val_00003096.JPEG,predicted,gradcam_abs,0.15,2,True,0.18790435791015625,-0.01837983727455139,False,0.1821593940258026,0.2810457646846771,1.0
vit_base_patch16_224,60,ILSVRC2012_val_00003145.JPEG,predicted,gradcam_abs,0.15,2,True,0.16189956665039062,0.05573199689388275,False,-0.08183346688747406,0.37062937021255493,1.0
vit_base_patch16_224,61,ILSVRC2012_val_00003190.JPEG,predicted,gradcam_abs,0.15,2,True,-0.2763385772705078,-0.05159108340740204,False,0.068525530397892,0.28947368264198303,1.0
vit_base_patch16_224,62,ILSVRC2012_val_00003194.JPEG,predicted,gradcam_abs,0.15,2,True,-0.0273895263671875,-0.003758065402507782,False,0.4324251413345337,0.1666666716337204,1.0
vit_base_patch16_224,63,ILSVRC2012_val_00003317.JPEG,predicted,gradcam_abs,0.15,2,True,0.06472396850585938,0.005395978689193726,False,-0.22924558818340302,0.43065693974494934,1.0
vit_base_patch16_224,56,ILSVRC2012_val_00002734.JPEG,predicted,gradcam_abs,0.15,3,True,0.31540679931640625,0.05322857201099396,False,-0.16709034144878387,0.3611111044883728,1.0
vit_base_patch16_224,57,ILSVRC2012_val_00002815.JPEG,predicted,gradcam_abs,0.15,3,True,0.090728759765625,0.01717469096183777,False,0.22312712669372559,0.22499999403953552,1.0
vit_base_patch16_224,58,ILSVRC2012_val_00002932.JPEG,predicted,gradcam_abs,0.15,3,True,0.44386863708496094,0.10743868350982666,False,0.2711982727050781,0.27272728085517883,1.0
vit_base_patch16_224,59,ILSVRC2012_val_00003096.JPEG,predicted,gradcam_abs,0.15,3,True,0.0968790054321289,-0.03479379415512085,False,0.1821593940258026,0.2810457646846771,1.0
vit_base_patch16_224,60,ILSVRC2012_val_00003145.JPEG,predicted,gradcam_abs,0.15,3,True,0.24863529205322266,0.03640219569206238,False,-0.08183346688747406,0.37062937021255493,1.0
vit_base_patch16_224,61,ILSVRC2012_val_00003190.JPEG,predicted,gradcam_abs,0.15,3,True,-0.07067203521728516,-0.010659560561180115,False,0.068525530397892,0.28947368264198303,1.0
vit_base_patch16_224,62,ILSVRC2012_val_00003194.JPEG,predicted,gradcam_abs,0.15,3,True,0.09392356872558594,0.006524726748466492,False,0.4324251413345337,0.1666666716337204,1.0
vit_base_patch16_224,63,ILSVRC2012_val_00003317.JPEG,predicted,gradcam_abs,0.15,3,True,0.3753824234008789,0.0697794258594513,False,-0.22924558818340302,0.43065693974494934,1.0
vit_base_patch16_224,56,ILSVRC2012_val_00002734.JPEG,predicted,random_uniform,0.15,0,True,0.13350486755371094,0.01714038848876953,False,1.0,1.0,1.0
vit_base_patch16_224,57,ILSVRC2012_val_00002815.JPEG,predicted,random_uniform,0.15,0,True,-0.0962972640991211,-0.004881322383880615,False,1.0,1.0,1.0
vit_base_patch16_224,58,ILSVRC2012_val_00002932.JPEG,predicted,random_uniform,0.15,0,True,0.154388427734375,0.047108858823776245,False,1.0,1.0,1.0
vit_base_patch16_224,59,ILSVRC2012_val_00003096.JPEG,predicted,random_uniform,0.15,0,True,0.1945056915283203,-0.0029047727584838867,False,1.0,1.0,1.0
vit_base_patch16_224,60,ILSVRC2012_val_00003145.JPEG,predicted,random_uniform,0.15,0,True,0.6231346130371094,0.09605376422405243,False,1.0,1.0,1.0
vit_base_patch16_224,61,ILSVRC2012_val_00003190.JPEG,predicted,random_uniform,0.15,0,True,-0.3642082214355469,-0.04903672635555267,False,1.0,1.0,1.0
vit_base_patch16_224,62,ILSVRC2012_val_00003194.JPEG,predicted,random_uniform,0.15,0,True,-0.055970191955566406,-0.007253043353557587,False,1.0,1.0,1.0
vit_base_patch16_224,63,ILSVRC2012_val_00003317.JPEG,predicted,random_uniform,0.15,0,True,0.5822114944458008,0.1342618316411972,False,1.0,1.0,1.0
vit_base_patch16_224,56,ILSVRC2012_val_00002734.JPEG,predicted,random_uniform,0.15,1,True,0.14092540740966797,0.02365027368068695,False,1.0,1.0,1.0
vit_base_patch16_224,57,ILSVRC2012_val_00002815.JPEG,predicted,random_uniform,0.15,1,True,0.09920024871826172,0.02531909942626953,False,1.0,1.0,1.0
vit_base_patch16_224,58,ILSVRC2012_val_00002932.JPEG,predicted,random_uniform,0.15,1,True,0.20327472686767578,0.020782023668289185,False,1.0,1.0,1.0
vit_base_patch16_224,59,ILSVRC2012_val_00003096.JPEG,predicted,random_uniform,0.15,1,True,0.1536865234375,-0.02021569013595581,False,1.0,1.0,1.0
vit_base_patch16_224,60,ILSVRC2012_val_00003145.JPEG,predicted,random_uniform,0.15,1,True,-0.0695962905883789,-0.004967540502548218,False,1.0,1.0,1.0
vit_base_patch16_224,61,ILSVRC2012_val_00003190.JPEG,predicted,random_uniform,0.15,1,True,-0.18337440490722656,-0.04255491495132446,False,1.0,1.0,1.0
vit_base_patch16_224,62,ILSVRC2012_val_00003194.JPEG,predicted,random_uniform,0.15,1,True,0.07304191589355469,0.005096033215522766,False,1.0,1.0,1.0
vit_base_patch16_224,63,ILSVRC2012_val_00003317.JPEG,predicted,random_uniform,0.15,1,True,0.08568859100341797,0.02995951473712921,False,1.0,1.0,1.0
vit_base_patch16_224,56,ILSVRC2012_val_00002734.JPEG,predicted,random_uniform,0.15,2,True,0.1783885955810547,0.03517405688762665,False,1.0,1.0,1.0
vit_base_patch16_224,57,ILSVRC2012_val_00002815.JPEG,predicted,random_uniform,0.15,2,True,0.13573360443115234,0.02978762984275818,False,1.0,1.0,1.0
vit_base_patch16_224,58,ILSVRC2012_val_00002932.JPEG,predicted,random_uniform,0.15,2,True,0.4815034866333008,0.11419621109962463,False,1.0,1.0,1.0
vit_base_patch16_224,59,ILSVRC2012_val_00003096.JPEG,predicted,random_uniform,0.15,2,True,0.20105361938476562,-0.002144932746887207,False,1.0,1.0,1.0
vit_base_patch16_224,60,ILSVRC2012_val_00003145.JPEG,predicted,random_uniform,0.15,2,True,0.38289737701416016,0.056127771735191345,False,1.0,1.0,1.0
vit_base_patch16_224,61,ILSVRC2012_val_00003190.JPEG,predicted,random_uniform,0.15,2,True,-0.5437831878662109,-0.10225704312324524,False,1.0,1.0,1.0
vit_base_patch16_224,62,ILSVRC2012_val_00003194.JPEG,predicted,random_uniform,0.15,2,True,0.05112743377685547,0.0027031302452087402,False,1.0,1.0,1.0
vit_base_patch16_224,63,ILSVRC2012_val_00003317.JPEG,predicted,random_uniform,0.15,2,True,0.32262516021728516,0.05360518395900726,False,1.0,1.0,1.0
vit_base_patch16_224,56,ILSVRC2012_val_00002734.JPEG,predicted,random_uniform,0.15,3,True,0.2623567581176758,0.03634865581989288,False,1.0,1.0,1.0
vit_base_patch16_224,57,ILSVRC2012_val_00002815.JPEG,predicted,random_uniform,0.15,3,True,0.0029916763305664062,0.010382890701293945,False,1.0,1.0,1.0
vit_base_patch16_224,58,ILSVRC2012_val_00002932.JPEG,predicted,random_uniform,0.15,3,True,-0.05409049987792969,-0.03283509612083435,False,1.0,1.0,1.0
vit_base_patch16_224,59,ILSVRC2012_val_00003096.JPEG,predicted,random_uniform,0.15,3,True,0.18855667114257812,-0.012295305728912354,False,1.0,1.0,1.0
vit_base_patch16_224,60,ILSVRC2012_val_00003145.JPEG,predicted,random_uniform,0.15,3,True,1.0837297439575195,0.2399529367685318,False,1.0,1.0,1.0
vit_base_patch16_224,61,ILSVRC2012_val_00003190.JPEG,predicted,random_uniform,0.15,3,True,-0.5775871276855469,-0.10830925405025482,False,1.0,1.0,1.0
vit_base_patch16_224,62,ILSVRC2012_val_00003194.JPEG,predicted,random_uniform,0.15,3,True,-0.06186676025390625,-0.009064055979251862,False,1.0,1.0,1.0
vit_base_patch16_224,63,ILSVRC2012_val_00003317.JPEG,predicted,random_uniform,0.15,3,True,0.2614173889160156,0.06772910058498383,False,1.0,1.0,1.0
