source_model,target_model,sample_index,image_name,layer,condition,target_clean_correct,raw_target_gradient_cosine,processed_target_gradient_cosine,raw_target_sign_agreement,processed_target_sign_agreement,one_step_target_logit_drop,one_step_target_loss_increase,one_step_target_prediction_changed
vit_base_patch16_224,cait_s24_224,0,ILSVRC2012_val_00024479.JPEG,block12,selected,True,0.0024569197557866573,0.0027022375725209713,0.5043845772743225,0.5045639276504517,-0.26929378509521484,-0.024694912135601044,False
vit_base_patch16_224,cait_s24_224,1,ILSVRC2012_val_00024540.JPEG,block12,selected,True,0.004235951229929924,0.004595063626766205,0.5015146732330322,0.5014880895614624,-0.06437015533447266,-0.0033325105905532837,False
vit_base_patch16_224,cait_s24_224,0,ILSVRC2012_val_00024479.JPEG,block12,opposite,True,0.00584562961012125,0.00687267305329442,0.4984786808490753,0.49853846430778503,-0.32432079315185547,-0.02781384438276291,False
vit_base_patch16_224,cait_s24_224,1,ILSVRC2012_val_00024540.JPEG,block12,opposite,True,0.005629824474453926,0.006165671162307262,0.5034478902816772,0.5021258592605591,-0.017470359802246094,-0.0010952204465866089,False
vit_base_patch16_224,cait_s24_224,0,ILSVRC2012_val_00024479.JPEG,block12,deviation,True,0.013813542202115059,0.014566204510629177,0.5015678405761719,0.501388430595398,-0.1968832015991211,-0.01673971861600876,False
vit_base_patch16_224,cait_s24_224,1,ILSVRC2012_val_00024540.JPEG,block12,deviation,True,0.007172873243689537,0.007722180336713791,0.5004251599311829,0.499887079000473,-0.06078910827636719,-0.0031746551394462585,False
vit_base_patch16_224,cait_s24_224,0,ILSVRC2012_val_00024479.JPEG,block12,random,True,0.006351958494633436,0.006717038340866566,0.5020262002944946,0.5022853016853333,-0.22533416748046875,-0.020267285406589508,False
vit_base_patch16_224,cait_s24_224,1,ILSVRC2012_val_00024540.JPEG,block12,random,True,0.009153779596090317,0.010689289309084415,0.5009233951568604,0.5000796914100647,-0.06862449645996094,-0.0035107359290122986,False
vit_base_patch16_224,cait_s24_224,0,ILSVRC2012_val_00024479.JPEG,block12,no_drop,True,0.00392773374915123,0.005447200499475002,0.506855845451355,0.508397102355957,-0.04686546325683594,-0.004859842360019684,False
vit_base_patch16_224,cait_s24_224,1,ILSVRC2012_val_00024540.JPEG,block12,no_drop,True,0.007007996551692486,0.006457651033997536,0.5024247765541077,0.5025908946990967,0.0181884765625,0.002295292913913727,False
vit_base_patch16_224,cait_s24_224,2,ILSVRC2012_val_00024550.JPEG,block12,selected,True,0.01152031309902668,0.014076103456318378,0.5082509517669678,0.5090481638908386,0.08469963073730469,0.010042406618595123,False
vit_base_patch16_224,cait_s24_224,3,ILSVRC2012_val_00024609.JPEG,block12,selected,True,0.006145471706986427,0.007372349500656128,0.5139708518981934,0.5158243179321289,0.19745731353759766,0.03217695653438568,False
vit_base_patch16_224,cait_s24_224,2,ILSVRC2012_val_00024550.JPEG,block12,opposite,True,-0.003651533741503954,-0.003052180865779519,0.5002923011779785,0.5012688636779785,0.07418155670166016,0.0027168989181518555,False
vit_base_patch16_224,cait_s24_224,3,ILSVRC2012_val_00024609.JPEG,block12,opposite,True,0.002412774134427309,0.0027997479774057865,0.5192721486091614,0.521464467048645,0.26587772369384766,0.04072710871696472,False
vit_base_patch16_224,cait_s24_224,2,ILSVRC2012_val_00024550.JPEG,block12,deviation,True,-0.0061173210851848125,-0.005834484007209539,0.5029031038284302,0.5031887888908386,0.033654212951660156,0.0022127777338027954,False
vit_base_patch16_224,cait_s24_224,3,ILSVRC2012_val_00024609.JPEG,block12,deviation,True,0.0033307604026049376,0.004529668018221855,0.5170533061027527,0.5181228518486023,0.15300941467285156,0.025831952691078186,False
vit_base_patch16_224,cait_s24_224,2,ILSVRC2012_val_00024550.JPEG,block12,random,True,-0.0016027274541556835,-5.00392634421587e-05,0.500790536403656,0.5022122263908386,-0.024637222290039062,-0.0007102042436599731,False
vit_base_patch16_224,cait_s24_224,3,ILSVRC2012_val_00024609.JPEG,block12,random,True,0.005252133123576641,0.006165058817714453,0.5171329975128174,0.51953125,0.2530670166015625,0.03688518702983856,False
vit_base_patch16_224,cait_s24_224,2,ILSVRC2012_val_00024550.JPEG,block12,no_drop,True,-0.004275492858141661,-0.002362301805987954,0.502139151096344,0.5015478730201721,0.06930351257324219,0.004585467278957367,False
vit_base_patch16_224,cait_s24_224,3,ILSVRC2012_val_00024609.JPEG,block12,no_drop,True,0.01467251405119896,0.015641948208212852,0.5217301845550537,0.5237165093421936,0.2334756851196289,0.04013797640800476,False
vit_base_patch16_224,cait_s24_224,4,ILSVRC2012_val_00024637.JPEG,block12,selected,True,0.024144697934389114,0.022249393165111542,0.507041871547699,0.5079453587532043,0.2149181365966797,0.09705565869808197,False
vit_base_patch16_224,cait_s24_224,5,ILSVRC2012_val_00024710.JPEG,block12,selected,True,-0.0012243918608874083,-0.001840276992879808,0.5022055506706238,0.5022188425064087,-0.10314464569091797,-0.006996646523475647,False
vit_base_patch16_224,cait_s24_224,4,ILSVRC2012_val_00024637.JPEG,block12,opposite,True,0.0986323133111,0.1032523661851883,0.5231783986091614,0.5246531963348389,0.7141475677490234,0.5451266169548035,False
vit_base_patch16_224,cait_s24_224,5,ILSVRC2012_val_00024710.JPEG,block12,opposite,True,0.00017755769658833742,0.0007047542603686452,0.504278302192688,0.5032286643981934,-0.12363624572753906,-0.008393503725528717,False
vit_base_patch16_224,cait_s24_224,4,ILSVRC2012_val_00024637.JPEG,block12,deviation,True,0.04113747924566269,0.04381713271141052,0.5174319744110107,0.5196641087532043,0.3705730438232422,0.19307522475719452,False
vit_base_patch16_224,cait_s24_224,5,ILSVRC2012_val_00024710.JPEG,block12,deviation,True,-0.0028689708560705185,-0.0027812717016786337,0.4973028302192688,0.4974755644798279,-0.12599754333496094,-0.008549712598323822,False
vit_base_patch16_224,cait_s24_224,4,ILSVRC2012_val_00024637.JPEG,block12,random,True,0.0456838458776474,0.04872361943125725,0.5156581997871399,0.5186211466789246,0.3505544662475586,0.24988560378551483,False
vit_base_patch16_224,cait_s24_224,5,ILSVRC2012_val_00024710.JPEG,block12,random,True,-0.0056096091866493225,-0.006254243664443493,0.500372052192688,0.5007374286651611,-0.1043710708618164,-0.007169909775257111,False
vit_base_patch16_224,cait_s24_224,4,ILSVRC2012_val_00024637.JPEG,block12,no_drop,True,0.09314495325088501,0.09665971994400024,0.5227200388908386,0.525995135307312,0.6999225616455078,0.5825309753417969,False
vit_base_patch16_224,cait_s24_224,5,ILSVRC2012_val_00024710.JPEG,block12,no_drop,True,0.00480265449732542,0.005393492989242077,0.5002856850624084,0.5002391338348389,-0.11948966979980469,-0.008001640439033508,False
vit_base_patch16_224,cait_s24_224,6,ILSVRC2012_val_00024753.JPEG,block12,selected,True,0.007981322705745697,0.007585642859339714,0.5081712603569031,0.5078789591789246,-0.012827873229980469,-0.015528902411460876,False
vit_base_patch16_224,cait_s24_224,7,ILSVRC2012_val_00024781.JPEG,block12,selected,True,0.005836703348904848,0.006595417857170105,0.5080583095550537,0.5084037780761719,0.0889730453491211,0.03199853003025055,False
vit_base_patch16_224,cait_s24_224,6,ILSVRC2012_val_00024753.JPEG,block12,opposite,True,0.0065824054181575775,0.006298695225268602,0.5085897445678711,0.5088754296302795,0.1004629135131836,0.020158857107162476,False
vit_base_patch16_224,cait_s24_224,7,ILSVRC2012_val_00024781.JPEG,block12,opposite,True,0.008235876448452473,0.007905302569270134,0.5064971446990967,0.5075998902320862,0.17352771759033203,0.03587739169597626,False
vit_base_patch16_224,cait_s24_224,6,ILSVRC2012_val_00024753.JPEG,block12,deviation,True,0.005320078227669001,0.005670005921274424,0.5137981176376343,0.5135390162467957,0.2242145538330078,0.07176831364631653,False
vit_base_patch16_224,cait_s24_224,7,ILSVRC2012_val_00024781.JPEG,block12,deviation,True,0.004797049798071384,0.0052773249335587025,0.5060387253761292,0.5071681141853333,0.05513954162597656,0.01829807460308075,False
vit_base_patch16_224,cait_s24_224,6,ILSVRC2012_val_00024753.JPEG,block12,random,True,0.002537487307563424,0.002490974497050047,0.5042517185211182,0.5034146308898926,-0.31311893463134766,-0.05644771456718445,False
vit_base_patch16_224,cait_s24_224,7,ILSVRC2012_val_00024781.JPEG,block12,random,True,-0.02690276689827442,-0.025225447490811348,0.5079918503761292,0.5096991658210754,0.10167503356933594,0.022484034299850464,False
vit_base_patch16_224,cait_s24_224,6,ILSVRC2012_val_00024753.JPEG,block12,no_drop,True,0.0010844856733456254,0.0012251567095518112,0.5131204724311829,0.5137316584587097,0.2715883255004883,0.05562281608581543,False
vit_base_patch16_224,cait_s24_224,7,ILSVRC2012_val_00024781.JPEG,block12,no_drop,True,-0.01039993204176426,-0.009243300184607506,0.5111009478569031,0.5116323828697205,0.21877670288085938,0.055685803294181824,False
vit_base_patch16_224,cait_s24_224,8,ILSVRC2012_val_00024926.JPEG,block12,selected,True,-0.0018602422205731273,-0.0016475759912282228,0.4997209906578064,0.5007440447807312,0.13976001739501953,0.011237137019634247,False
vit_base_patch16_224,cait_s24_224,9,ILSVRC2012_val_00025075.JPEG,block12,selected,True,0.011006006971001625,0.011227838695049286,0.5051419138908386,0.5049160122871399,-0.030907630920410156,0.012903265655040741,False
vit_base_patch16_224,cait_s24_224,8,ILSVRC2012_val_00024926.JPEG,block12,opposite,True,-0.003377544227987528,-0.003175203688442707,0.4969905912876129,0.4976881444454193,0.055739402770996094,0.005619361996650696,False
vit_base_patch16_224,cait_s24_224,9,ILSVRC2012_val_00025075.JPEG,block12,opposite,True,0.008403103798627853,0.007966326549649239,0.5035807490348816,0.5033814311027527,-0.1326885223388672,-0.008688990026712418,False
vit_base_patch16_224,cait_s24_224,8,ILSVRC2012_val_00024926.JPEG,block12,deviation,True,0.00024988804943859577,0.000533738755621016,0.5004052519798279,0.5006111860275269,0.06073760986328125,0.006187915802001953,False
vit_base_patch16_224,cait_s24_224,9,ILSVRC2012_val_00025075.JPEG,block12,deviation,True,0.0005051993066444993,0.00034002604661509395,0.5017604827880859,0.5016741156578064,-0.03998756408691406,-0.0036109760403633118,False
vit_base_patch16_224,cait_s24_224,8,ILSVRC2012_val_00024926.JPEG,block12,random,True,-0.00038952031172811985,0.00018522818572819233,0.5011692047119141,0.5013153553009033,0.00583648681640625,0.003536425530910492,False
vit_base_patch16_224,cait_s24_224,9,ILSVRC2012_val_00025075.JPEG,block12,random,True,0.004620411433279514,0.004982631653547287,0.5029163956642151,0.5029230713844299,0.046835899353027344,0.007769346237182617,False
vit_base_patch16_224,cait_s24_224,8,ILSVRC2012_val_00024926.JPEG,block12,no_drop,True,0.0025862473994493484,0.003236524062231183,0.5014150142669678,0.5028765201568604,0.12164115905761719,0.011710382997989655,False
vit_base_patch16_224,cait_s24_224,9,ILSVRC2012_val_00025075.JPEG,block12,no_drop,True,0.011911757290363312,0.0115777887403965,0.5058128833770752,0.5071415305137634,0.10799694061279297,0.008628703653812408,False
vit_base_patch16_224,cait_s24_224,10,ILSVRC2012_val_00025315.JPEG,block12,selected,True,0.003539969678968191,0.004438111558556557,0.5005580186843872,0.4995947480201721,0.028578758239746094,0.006215415894985199,False
vit_base_patch16_224,cait_s24_224,11,ILSVRC2012_val_00025390.JPEG,block12,selected,True,0.00843180064111948,0.009308116510510445,0.5065436363220215,0.5079121589660645,0.056700706481933594,0.028956972062587738,False
vit_base_patch16_224,cait_s24_224,10,ILSVRC2012_val_00025315.JPEG,block12,opposite,True,0.01819545403122902,0.020537322387099266,0.507420539855957,0.507234513759613,0.09763908386230469,0.07013692706823349,False
vit_base_patch16_224,cait_s24_224,11,ILSVRC2012_val_00025390.JPEG,block12,opposite,True,0.0003206498804502189,0.0010778086725622416,0.5053212642669678,0.5059922337532043,-0.04583168029785156,0.011190861463546753,False
vit_base_patch16_224,cait_s24_224,10,ILSVRC2012_val_00025315.JPEG,block12,deviation,True,0.001486502354964614,0.0023737726733088493,0.5005115270614624,0.5003454685211182,0.007834434509277344,0.002972900867462158,False
vit_base_patch16_224,cait_s24_224,11,ILSVRC2012_val_00025390.JPEG,block12,deviation,True,0.00555327907204628,0.0059099337086081505,0.5081579685211182,0.5082576274871826,-0.1238260269165039,0.012861192226409912,False
vit_base_patch16_224,cait_s24_224,10,ILSVRC2012_val_00025315.JPEG,block12,random,True,0.007174539379775524,0.009073405526578426,0.5014747977256775,0.501162588596344,0.01564311981201172,0.01031409204006195,False
vit_base_patch16_224,cait_s24_224,11,ILSVRC2012_val_00025390.JPEG,block12,random,True,0.007151825353503227,0.006910950411111116,0.509014904499054,0.5088422298431396,0.02524852752685547,0.028830185532569885,False
vit_base_patch16_224,cait_s24_224,10,ILSVRC2012_val_00025315.JPEG,block12,no_drop,True,0.01935443840920925,0.02103118598461151,0.5080848932266235,0.5079187750816345,0.22041893005371094,0.09816854447126389,False
vit_base_patch16_224,cait_s24_224,11,ILSVRC2012_val_00025390.JPEG,block12,no_drop,True,0.04304003342986107,0.04262674227356911,0.5118250250816345,0.5131404399871826,-0.09520149230957031,0.01582283526659012,False
vit_base_patch16_224,cait_s24_224,12,ILSVRC2012_val_00025402.JPEG,block12,selected,True,-0.0004812356783077121,0.0004627859452739358,0.501561164855957,0.5022653341293335,-0.01849079132080078,0.0013594552874565125,False
vit_base_patch16_224,cait_s24_224,13,ILSVRC2012_val_00025408.JPEG,block12,selected,True,0.00021936697885394096,0.0003773411735892296,0.49886399507522583,0.49950841069221497,0.013874053955078125,0.000778689980506897,False
vit_base_patch16_224,cait_s24_224,12,ILSVRC2012_val_00025402.JPEG,block12,opposite,True,-0.0023615011014044285,-0.001141717191785574,0.5033083558082581,0.5020726919174194,-0.00258636474609375,0.0012284144759178162,False
vit_base_patch16_224,cait_s24_224,13,ILSVRC2012_val_00025408.JPEG,block12,opposite,True,0.0019785119220614433,0.002017311519011855,0.5008304119110107,0.501561164855957,-0.0304107666015625,-0.0013740137219429016,False
vit_base_patch16_224,cait_s24_224,12,ILSVRC2012_val_00025402.JPEG,block12,deviation,True,-0.0016818477306514978,-0.0013860597973689437,0.5048031210899353,0.5033615231513977,-0.024091720581054688,-0.001035444438457489,False
vit_base_patch16_224,cait_s24_224,13,ILSVRC2012_val_00025408.JPEG,block12,deviation,True,0.001641378621570766,0.001820175675675273,0.5023716688156128,0.5036139488220215,-0.00296783447265625,-0.0002174191176891327,False
vit_base_patch16_224,cait_s24_224,12,ILSVRC2012_val_00025402.JPEG,block12,random,True,-0.006685294210910797,-0.006414195988327265,0.5024779438972473,0.5018534660339355,-0.06803607940673828,-0.002957552671432495,False
vit_base_patch16_224,cait_s24_224,13,ILSVRC2012_val_00025408.JPEG,block12,random,True,-4.524976247921586e-05,-0.00010249325714539737,0.5007307529449463,0.5012622475624084,-0.014062881469726562,-0.0005086660385131836,False
vit_base_patch16_224,cait_s24_224,12,ILSVRC2012_val_00025402.JPEG,block12,no_drop,True,0.0002927910827565938,0.00010696047684177756,0.5017870664596558,0.5012090802192688,-0.07483768463134766,-0.005334623157978058,False
vit_base_patch16_224,cait_s24_224,13,ILSVRC2012_val_00025408.JPEG,block12,no_drop,True,-0.008212536573410034,-0.008091212250292301,0.4984786808490753,0.4992559552192688,0.05103302001953125,0.002855926752090454,False
vit_base_patch16_224,cait_s24_224,14,ILSVRC2012_val_00025416.JPEG,block12,selected,True,0.012652816250920296,0.013096315786242485,0.5117652416229248,0.5126621127128601,0.1461038589477539,0.0173405222594738,False
vit_base_patch16_224,cait_s24_224,15,ILSVRC2012_val_00025440.JPEG,block12,selected,True,-0.004786216653883457,-0.0040752580389380455,0.5061118006706238,0.5080915093421936,0.016852378845214844,0.004428587853908539,False
vit_base_patch16_224,cait_s24_224,14,ILSVRC2012_val_00025416.JPEG,block12,opposite,True,0.0029897764325141907,0.0034892037510871887,0.5104100108146667,0.5100313425064087,0.03484821319580078,0.019352663308382034,False
vit_base_patch16_224,cait_s24_224,15,ILSVRC2012_val_00025440.JPEG,block12,opposite,True,0.002452534157782793,0.0019091521389782429,0.5081778764724731,0.5081778764724731,0.015909194946289062,0.005118176341056824,False
vit_base_patch16_224,cait_s24_224,14,ILSVRC2012_val_00025416.JPEG,block12,deviation,True,0.013505712151527405,0.013920449651777744,0.5132666230201721,0.5139973759651184,0.28790283203125,0.03425632044672966,False
vit_base_patch16_224,cait_s24_224,15,ILSVRC2012_val_00025440.JPEG,block12,deviation,True,0.011649256572127342,0.01351835485547781,0.5071614384651184,0.5095264911651611,0.04313850402832031,0.006311237812042236,False
vit_base_patch16_224,cait_s24_224,14,ILSVRC2012_val_00025416.JPEG,block12,random,True,0.009224413894116879,0.0094242412596941,0.5115593075752258,0.5119512677192688,0.15162944793701172,0.012257788330316544,False
vit_base_patch16_224,cait_s24_224,15,ILSVRC2012_val_00025440.JPEG,block12,random,True,0.041816238313913345,0.042718324810266495,0.5072942972183228,0.5077261328697205,0.04300117492675781,0.00715097039937973,False
vit_base_patch16_224,cait_s24_224,14,ILSVRC2012_val_00025416.JPEG,block12,no_drop,True,0.012919584289193153,0.01273746881633997,0.5129278302192688,0.5130141973495483,0.11126327514648438,0.017788995057344437,False
vit_base_patch16_224,cait_s24_224,15,ILSVRC2012_val_00025440.JPEG,block12,no_drop,True,0.0026149670593440533,0.0033879103139042854,0.5102638602256775,0.5108351707458496,0.015776634216308594,0.004759304225444794,False
vit_base_patch16_224,cait_s24_224,16,ILSVRC2012_val_00025446.JPEG,block12,selected,True,-0.011543454602360725,-0.013406720012426376,0.5033947229385376,0.5031954050064087,-0.01190948486328125,-0.0005706585943698883,False
vit_base_patch16_224,cait_s24_224,17,ILSVRC2012_val_00025563.JPEG,block12,selected,True,0.0030258747283369303,0.0036338656209409237,0.5148144960403442,0.5156781673431396,0.20596790313720703,0.0820380374789238,False
vit_base_patch16_224,cait_s24_224,16,ILSVRC2012_val_00025446.JPEG,block12,opposite,True,-0.006860464811325073,-0.007594754919409752,0.49611368775367737,0.49607381224632263,-0.010433197021484375,-0.0005995333194732666,False
vit_base_patch16_224,cait_s24_224,17,ILSVRC2012_val_00025563.JPEG,block12,opposite,True,0.004017974250018597,0.0030711775179952383,0.515997052192688,0.5157711505889893,0.28292083740234375,0.11156802624464035,False
vit_base_patch16_224,cait_s24_224,16,ILSVRC2012_val_00025446.JPEG,block12,deviation,True,-0.0395352765917778,-0.046569421887397766,0.4992559552192688,0.49861153960227966,-0.035119056701660156,-0.0019585154950618744,False
vit_base_patch16_224,cait_s24_224,17,ILSVRC2012_val_00025563.JPEG,block12,deviation,True,0.0013760688016191125,0.0015867088222876191,0.5156714916229248,0.5158376097679138,0.2536754608154297,0.07877779752016068,False
vit_base_patch16_224,cait_s24_224,16,ILSVRC2012_val_00025446.JPEG,block12,random,True,0.003917183261364698,0.003900896292179823,0.5012755393981934,0.5006510615348816,-8.20159912109375e-05,8.195638656616211e-06,False
vit_base_patch16_224,cait_s24_224,17,ILSVRC2012_val_00025563.JPEG,block12,random,True,0.004503803327679634,0.004676875192672014,0.5141369104385376,0.5149939060211182,0.1265859603881836,0.06963535398244858,False
vit_base_patch16_224,cait_s24_224,16,ILSVRC2012_val_00025446.JPEG,block12,no_drop,True,0.002378824632614851,0.0006593111902475357,0.502345085144043,0.5025444030761719,0.04619407653808594,0.0026591867208480835,False
vit_base_patch16_224,cait_s24_224,17,ILSVRC2012_val_00025563.JPEG,block12,no_drop,True,0.003805821528658271,0.005146706476807594,0.5198567509651184,0.5200560688972473,0.3244743347167969,0.12642064690589905,False
vit_base_patch16_224,cait_s24_224,18,ILSVRC2012_val_00025800.JPEG,block12,selected,True,0.003759722923859954,0.004267615731805563,0.5017206072807312,0.502345085144043,0.0907297134399414,0.006792835891246796,False
vit_base_patch16_224,cait_s24_224,19,ILSVRC2012_val_00025844.JPEG,block12,selected,True,-2.887612208724022e-05,0.0003633112646639347,0.4975486397743225,0.4982926845550537,-0.004443168640136719,-0.0006504207849502563,False
vit_base_patch16_224,cait_s24_224,18,ILSVRC2012_val_00025800.JPEG,block12,opposite,True,0.00013956543989479542,-0.0019981192890554667,0.5037069320678711,0.5041852593421936,0.03317737579345703,0.0028276145458221436,False
vit_base_patch16_224,cait_s24_224,19,ILSVRC2012_val_00025844.JPEG,block12,opposite,True,-0.0068061379715800285,-0.00689664576202631,0.49938881397247314,0.4993024468421936,0.0123443603515625,0.0011407732963562012,False
vit_base_patch16_224,cait_s24_224,18,ILSVRC2012_val_00025800.JPEG,block12,deviation,True,-0.0028463746421039104,-0.002826317911967635,0.5022388100624084,0.5034877061843872,0.07862663269042969,0.006190996617078781,False
vit_base_patch16_224,cait_s24_224,19,ILSVRC2012_val_00025844.JPEG,block12,deviation,True,0.001686256960965693,0.0025410824455320835,0.5033947229385376,0.5041586756706238,0.036118507385253906,0.002797044813632965,False
vit_base_patch16_224,cait_s24_224,18,ILSVRC2012_val_00025800.JPEG,block12,random,True,0.004402213264256716,0.0031580061186105013,0.5011227130889893,0.5006178021430969,0.008095741271972656,0.001986917108297348,False
vit_base_patch16_224,cait_s24_224,19,ILSVRC2012_val_00025844.JPEG,block12,random,True,0.007737538777291775,0.009338158182799816,0.5005381107330322,0.5015212893486023,-0.043445587158203125,-0.0027475543320178986,False
vit_base_patch16_224,cait_s24_224,18,ILSVRC2012_val_00025800.JPEG,block12,no_drop,True,0.003182324580848217,0.005248827859759331,0.4995681941509247,0.5001262426376343,0.09838008880615234,0.007117751985788345,False
vit_base_patch16_224,cait_s24_224,19,ILSVRC2012_val_00025844.JPEG,block12,no_drop,True,0.009788455441594124,0.01053561083972454,0.5009233951568604,0.5012289881706238,-0.07332038879394531,-0.004155881702899933,False
vit_base_patch16_224,cait_s24_224,20,ILSVRC2012_val_00025851.JPEG,block12,selected,True,0.009109392762184143,0.00949325691908598,0.5003255009651184,0.5015345811843872,0.04629802703857422,0.002513885498046875,False
vit_base_patch16_224,cait_s24_224,21,ILSVRC2012_val_00025907.JPEG,block12,selected,True,0.004682313185185194,0.0035587353631854057,0.5067827701568604,0.5060985088348389,0.3375244140625,0.06565742194652557,False
vit_base_patch16_224,cait_s24_224,20,ILSVRC2012_val_00025851.JPEG,block12,opposite,True,-0.006007562391459942,-0.006239341571927071,0.4937088191509247,0.4938948154449463,0.11252593994140625,0.006192237138748169,False
vit_base_patch16_224,cait_s24_224,21,ILSVRC2012_val_00025907.JPEG,block12,opposite,True,0.0011792777804657817,0.0009319037199020386,0.5053478479385376,0.5056202411651611,0.25728893280029297,0.03602863848209381,False
vit_base_patch16_224,cait_s24_224,20,ILSVRC2012_val_00025851.JPEG,block12,deviation,True,0.003635027911514044,0.004128728993237019,0.49602067470550537,0.49679794907569885,0.057292938232421875,0.0029084011912345886,False
vit_base_patch16_224,cait_s24_224,21,ILSVRC2012_val_00025907.JPEG,block12,deviation,True,0.004316088743507862,0.004011708311736584,0.5081048011779785,0.5081313848495483,0.21637439727783203,0.03559891879558563,False
vit_base_patch16_224,cait_s24_224,20,ILSVRC2012_val_00025851.JPEG,block12,random,True,-0.00016715610399842262,-0.0006943752523511648,0.4974689185619354,0.49742239713668823,0.017248153686523438,0.000153273344039917,False
vit_base_patch16_224,cait_s24_224,21,ILSVRC2012_val_00025907.JPEG,block12,random,True,0.004703456535935402,0.00497213052585721,0.5075467824935913,0.5072876811027527,0.2611265182495117,0.06085978448390961,False
vit_base_patch16_224,cait_s24_224,20,ILSVRC2012_val_00025851.JPEG,block12,no_drop,True,0.004627868067473173,0.004381616599857807,0.5001594424247742,0.5011758804321289,0.1909160614013672,0.011533170938491821,False
vit_base_patch16_224,cait_s24_224,21,ILSVRC2012_val_00025907.JPEG,block12,no_drop,True,0.007506558671593666,0.006954976357519627,0.5142033100128174,0.5149872303009033,0.44122886657714844,0.10052299499511719,False
vit_base_patch16_224,cait_s24_224,22,ILSVRC2012_val_00025989.JPEG,block12,selected,True,-0.007756845094263554,-0.007693219464272261,0.5023052096366882,0.5022985935211182,-0.07591629028320312,-0.006689921021461487,False
vit_base_patch16_224,cait_s24_224,23,ILSVRC2012_val_00026068.JPEG,block12,selected,True,-0.002463266020640731,-0.002115625888109207,0.5027968287467957,0.5026174783706665,-0.1002950668334961,-0.00709659606218338,False
vit_base_patch16_224,cait_s24_224,22,ILSVRC2012_val_00025989.JPEG,block12,opposite,True,-0.005571149289608002,-0.005652072839438915,0.49692416191101074,0.49681785702705383,-0.18912887573242188,-0.01916569471359253,False
vit_base_patch16_224,cait_s24_224,23,ILSVRC2012_val_00026068.JPEG,block12,opposite,True,0.0005731375422328711,0.0008878193330019712,0.5017936825752258,0.5028367042541504,-0.04101085662841797,-0.0030997619032859802,False
vit_base_patch16_224,cait_s24_224,22,ILSVRC2012_val_00025989.JPEG,block12,deviation,True,-0.003464815206825733,-0.0033651702105998993,0.499794065952301,0.5005381107330322,-0.0698690414428711,-0.005882047116756439,False
vit_base_patch16_224,cait_s24_224,23,ILSVRC2012_val_00026068.JPEG,block12,deviation,True,-0.009511787444353104,-0.009866276755928993,0.5014150142669678,0.501554548740387,-0.16048431396484375,-0.01138448715209961,False
vit_base_patch16_224,cait_s24_224,22,ILSVRC2012_val_00025989.JPEG,block12,random,True,-0.004182271659374237,-0.004123629070818424,0.4988042116165161,0.49937552213668823,-0.05307960510253906,-0.005352236330509186,False
vit_base_patch16_224,cait_s24_224,23,ILSVRC2012_val_00026068.JPEG,block12,random,True,0.00662365835160017,0.006759341806173325,0.5014415979385376,0.501554548740387,-0.10908126831054688,-0.008109904825687408,False
vit_base_patch16_224,cait_s24_224,22,ILSVRC2012_val_00025989.JPEG,block12,no_drop,True,0.011543162167072296,0.011380511336028576,0.4989570081233978,0.4988839328289032,-0.05696868896484375,-0.008043870329856873,False
vit_base_patch16_224,cait_s24_224,23,ILSVRC2012_val_00026068.JPEG,block12,no_drop,True,-0.009378686547279358,-0.009403382427990437,0.5071349143981934,0.5077328085899353,0.04227733612060547,0.0048679932951927185,False
vit_base_patch16_224,cait_s24_224,24,ILSVRC2012_val_00026088.JPEG,block12,selected,True,0.0032961778342723846,0.0035856866743415594,0.5047964453697205,0.5049625039100647,0.08102607727050781,0.005796737968921661,False
vit_base_patch16_224,cait_s24_224,25,ILSVRC2012_val_00026113.JPEG,block12,selected,True,0.007822118699550629,0.007925455458462238,0.5198169350624084,0.5220357775688171,0.10905170440673828,0.04142788052558899,False
vit_base_patch16_224,cait_s24_224,24,ILSVRC2012_val_00026088.JPEG,block12,opposite,True,0.003422890789806843,0.0032105387654155493,0.5073873400688171,0.5067761540412903,0.06595802307128906,0.001935034990310669,False
vit_base_patch16_224,cait_s24_224,25,ILSVRC2012_val_00026113.JPEG,block12,opposite,True,0.0277160182595253,0.02805534563958645,0.5198567509651184,0.5202221274375916,0.2317028045654297,0.0585545152425766,False
vit_base_patch16_224,cait_s24_224,24,ILSVRC2012_val_00026088.JPEG,block12,deviation,True,-0.0009195940801873803,-0.0002880451502278447,0.5096460580825806,0.5108152627944946,0.10371780395507812,0.0071580857038497925,False
vit_base_patch16_224,cait_s24_224,25,ILSVRC2012_val_00026113.JPEG,block12,deviation,True,0.030784036964178085,0.032736677676439285,0.5231451988220215,0.5245070457458496,0.3138751983642578,0.08562716841697693,False
vit_base_patch16_224,cait_s24_224,24,ILSVRC2012_val_00026088.JPEG,block12,random,True,0.006113385781645775,0.0063751921989023685,0.5079453587532043,0.5078656673431396,0.09930801391601562,0.0043533965945243835,False
vit_base_patch16_224,cait_s24_224,25,ILSVRC2012_val_00026113.JPEG,block12,random,True,0.01730727031826973,0.018332086503505707,0.5231518149375916,0.5245469212532043,0.3943958282470703,0.09846127033233643,False
vit_base_patch16_224,cait_s24_224,24,ILSVRC2012_val_00026088.JPEG,block12,no_drop,True,-0.009547341614961624,-0.008569574914872646,0.5094068646430969,0.5109016299247742,0.016460418701171875,0.000647328794002533,False
vit_base_patch16_224,cait_s24_224,25,ILSVRC2012_val_00026113.JPEG,block12,no_drop,True,0.018267981708049774,0.020402539521455765,0.524002194404602,0.5269584655761719,0.2939319610595703,0.07431532442569733,False
vit_base_patch16_224,cait_s24_224,26,ILSVRC2012_val_00026139.JPEG,block12,selected,True,0.0022704966831952333,0.0033119271975010633,0.5032551884651184,0.5031954050064087,0.15233421325683594,0.016724176704883575,False
vit_base_patch16_224,cait_s24_224,27,ILSVRC2012_val_00026145.JPEG,block12,selected,True,0.013586556538939476,0.013938909396529198,0.5093005895614624,0.5096925497055054,0.5859260559082031,0.43872368335723877,False
vit_base_patch16_224,cait_s24_224,26,ILSVRC2012_val_00026139.JPEG,block12,opposite,True,-0.005151248071342707,-0.005561122205108404,0.5015678405761719,0.5004517436027527,-0.010308265686035156,-0.00107526034116745,False
vit_base_patch16_224,cait_s24_224,27,ILSVRC2012_val_00026145.JPEG,block12,opposite,True,0.018656495958566666,0.018969420343637466,0.5125026702880859,0.5116522908210754,0.5223903656005859,0.4043347239494324,False
vit_base_patch16_224,cait_s24_224,26,ILSVRC2012_val_00026139.JPEG,block12,deviation,True,-0.003060176270082593,-0.0017027491703629494,0.5022653341293335,0.5021058917045593,0.00412750244140625,0.0023870617151260376,False
vit_base_patch16_224,cait_s24_224,27,ILSVRC2012_val_00026145.JPEG,block12,deviation,True,0.008734665811061859,0.009204159490764141,0.5087558627128601,0.5092076063156128,0.5700550079345703,0.42589396238327026,False
vit_base_patch16_224,cait_s24_224,26,ILSVRC2012_val_00026139.JPEG,block12,random,True,0.0028572382871061563,0.00377200567163527,0.49986714124679565,0.4999402165412903,0.12494564056396484,0.012354180216789246,False
vit_base_patch16_224,cait_s24_224,27,ILSVRC2012_val_00026145.JPEG,block12,random,True,0.005774534773081541,0.005930937360972166,0.5133596658706665,0.5135589241981506,0.4282035827636719,0.3823751211166382,False
vit_base_patch16_224,cait_s24_224,26,ILSVRC2012_val_00026139.JPEG,block12,no_drop,True,0.010316075757145882,0.010788427665829659,0.5050621628761292,0.505254864692688,0.039786338806152344,0.00783778727054596,False
vit_base_patch16_224,cait_s24_224,27,ILSVRC2012_val_00026145.JPEG,block12,no_drop,True,0.007325766608119011,0.006872544996440411,0.510536253452301,0.5099250674247742,0.4575824737548828,0.3669838309288025,False
vit_base_patch16_224,cait_s24_224,28,ILSVRC2012_val_00026189.JPEG,block12,selected,True,0.0022293571382761,0.0024203374050557613,0.5039926171302795,0.5035674571990967,0.015908241271972656,0.005880929529666901,False
vit_base_patch16_224,cait_s24_224,29,ILSVRC2012_val_00026202.JPEG,block12,selected,True,0.010812550783157349,0.009713438339531422,0.5060121417045593,0.5052282810211182,-0.01299285888671875,0.015473365783691406,False
vit_base_patch16_224,cait_s24_224,28,ILSVRC2012_val_00026189.JPEG,block12,opposite,True,0.0015743300318717957,0.0017752216663211584,0.5031688213348389,0.5031954050064087,0.1927165985107422,0.017927706241607666,False
vit_base_patch16_224,cait_s24_224,29,ILSVRC2012_val_00026202.JPEG,block12,opposite,True,0.021380484104156494,0.02180435322225094,0.5070152878761292,0.5070285797119141,0.009940147399902344,0.015624016523361206,False
vit_base_patch16_224,cait_s24_224,28,ILSVRC2012_val_00026189.JPEG,block12,deviation,True,0.0007322952151298523,0.0011552555952221155,0.502364993095398,0.5019597411155701,0.0833892822265625,0.009357795119285583,False
vit_base_patch16_224,cait_s24_224,29,ILSVRC2012_val_00026202.JPEG,block12,deviation,True,0.010972602292895317,0.010582087561488152,0.5068093538284302,0.5064971446990967,0.1739358901977539,0.03738303482532501,False
vit_base_patch16_224,cait_s24_224,28,ILSVRC2012_val_00026189.JPEG,block12,random,True,-0.0031117666512727737,-0.003075690707191825,0.5022055506706238,0.5022454261779785,-0.0023679733276367188,0.0034142881631851196,False
vit_base_patch16_224,cait_s24_224,29,ILSVRC2012_val_00026202.JPEG,block12,random,True,0.010174130089581013,0.009918435476720333,0.5043314099311829,0.5046502947807312,0.1821451187133789,0.03636866807937622,False
vit_base_patch16_224,cait_s24_224,28,ILSVRC2012_val_00026189.JPEG,block12,no_drop,True,-0.012548062950372696,-0.012768462300300598,0.49228715896606445,0.4921875,0.11097049713134766,0.008023671805858612,False
vit_base_patch16_224,cait_s24_224,29,ILSVRC2012_val_00026202.JPEG,block12,no_drop,True,0.0150467399507761,0.01626102812588215,0.5076198577880859,0.5069953799247742,0.0372467041015625,0.027814015746116638,False
vit_base_patch16_224,cait_s24_224,30,ILSVRC2012_val_00026226.JPEG,block12,selected,True,0.0027821019757539034,0.0020011388696730137,0.4993290305137634,0.5002591013908386,0.05830860137939453,0.013674139976501465,False
vit_base_patch16_224,cait_s24_224,31,ILSVRC2012_val_00026280.JPEG,block12,selected,True,0.005824998486787081,0.008119974285364151,0.5056135654449463,0.5071614384651184,0.1295166015625,0.011923197656869888,False
vit_base_patch16_224,cait_s24_224,30,ILSVRC2012_val_00026226.JPEG,block12,opposite,True,0.009343605488538742,0.009768221527338028,0.5026971697807312,0.5026307106018066,-0.04596233367919922,0.0037451088428497314,False
vit_base_patch16_224,cait_s24_224,31,ILSVRC2012_val_00026280.JPEG,block12,opposite,True,0.00936728436499834,0.010198812931776047,0.5119645595550537,0.5120376348495483,0.2151346206665039,0.022143345326185226,False
vit_base_patch16_224,cait_s24_224,30,ILSVRC2012_val_00026226.JPEG,block12,deviation,True,0.0030774809420108795,0.0035220796708017588,0.4991031587123871,0.49940210580825806,0.014105796813964844,0.008972078561782837,False
vit_base_patch16_224,cait_s24_224,31,ILSVRC2012_val_00026280.JPEG,block12,deviation,True,0.009749695658683777,0.011756232008337975,0.5108418464660645,0.5116722583770752,0.21329689025878906,0.022844437509775162,False
vit_base_patch16_224,cait_s24_224,30,ILSVRC2012_val_00026226.JPEG,block12,random,True,0.008238487876951694,0.008436137810349464,0.49951502680778503,0.4997408986091614,0.20495223999023438,0.017030581831932068,False
vit_base_patch16_224,cait_s24_224,31,ILSVRC2012_val_00026280.JPEG,block12,random,True,0.009114407002925873,0.010625071823596954,0.5059058666229248,0.5063908100128174,0.09607315063476562,0.00834602490067482,False
vit_base_patch16_224,cait_s24_224,30,ILSVRC2012_val_00026226.JPEG,block12,no_drop,True,-0.004902232903987169,-0.004175528418272734,0.49916958808898926,0.5000398755073547,-0.009921073913574219,0.009825125336647034,False
vit_base_patch16_224,cait_s24_224,31,ILSVRC2012_val_00026280.JPEG,block12,no_drop,True,0.0036361024249345064,0.0047928206622600555,0.5073408484458923,0.5086296200752258,0.23560047149658203,0.018733087927103043,False
vit_base_patch16_224,cait_s24_224,32,ILSVRC2012_val_00026315.JPEG,block12,selected,True,0.004018588922917843,0.00429382873699069,0.5119711756706238,0.5129809975624084,0.017388343811035156,0.04460902512073517,False
vit_base_patch16_224,cait_s24_224,33,ILSVRC2012_val_00026328.JPEG,block12,selected,True,-0.00800450798124075,-0.007579004392027855,0.5030426383018494,0.5033548474311829,-0.029071807861328125,0.0008056759834289551,False
vit_base_patch16_224,cait_s24_224,32,ILSVRC2012_val_00026315.JPEG,block12,opposite,True,0.009644489735364914,0.00905775185674429,0.5110876560211182,0.5096128582954407,-0.07387638092041016,0.027841150760650635,False
vit_base_patch16_224,cait_s24_224,33,ILSVRC2012_val_00026328.JPEG,block12,opposite,True,0.000200793263502419,0.0006635660538449883,0.5002126097679138,0.5009034872055054,0.11235237121582031,0.010618828237056732,False
vit_base_patch16_224,cait_s24_224,32,ILSVRC2012_val_00026315.JPEG,block12,deviation,True,0.0030074655078351498,0.002749742940068245,0.5105761289596558,0.5107687711715698,-0.02021026611328125,0.0441213995218277,False
vit_base_patch16_224,cait_s24_224,33,ILSVRC2012_val_00026328.JPEG,block12,deviation,True,-0.0020051654428243637,-0.0017938441596925259,0.5008105039596558,0.5022188425064087,-0.13073253631591797,-0.005340889096260071,False
vit_base_patch16_224,cait_s24_224,32,ILSVRC2012_val_00026315.JPEG,block12,random,True,0.008696094155311584,0.00813194178044796,0.5132666230201721,0.5133396983146667,-0.07486915588378906,0.030620187520980835,False
vit_base_patch16_224,cait_s24_224,33,ILSVRC2012_val_00026328.JPEG,block12,random,True,0.001231849892064929,0.0015221134526655078,0.5024646520614624,0.5040059089660645,-0.029598236083984375,0.0027631595730781555,False
vit_base_patch16_224,cait_s24_224,32,ILSVRC2012_val_00026315.JPEG,block12,no_drop,True,-0.0007220201659947634,-0.0005549951456487179,0.5151732563972473,0.5150271058082581,0.13010406494140625,0.06829214096069336,False
vit_base_patch16_224,cait_s24_224,33,ILSVRC2012_val_00026328.JPEG,block12,no_drop,True,0.004098170902580023,0.0038559651002287865,0.505859375,0.5067296624183655,-0.023856163024902344,0.0009883716702461243,False
vit_base_patch16_224,cait_s24_224,34,ILSVRC2012_val_00026332.JPEG,block12,selected,True,0.007498440332710743,0.007754175923764706,0.5034279227256775,0.5039128661155701,0.19940853118896484,0.022315803915262222,False
vit_base_patch16_224,cait_s24_224,35,ILSVRC2012_val_00026390.JPEG,block12,selected,True,-0.0009136522421613336,-0.0008579756831750274,0.4931640625,0.49283188581466675,-0.2684926986694336,-0.006319712847471237,False
vit_base_patch16_224,cait_s24_224,34,ILSVRC2012_val_00026332.JPEG,block12,opposite,True,0.015731455758213997,0.015146264806389809,0.5048695206642151,0.505839467048645,0.32919979095458984,0.03901037946343422,False
vit_base_patch16_224,cait_s24_224,35,ILSVRC2012_val_00026390.JPEG,block12,opposite,True,0.004546778276562691,0.005651275627315044,0.5001793503761292,0.5009499788284302,-0.049571990966796875,-0.0003508627414703369,False
vit_base_patch16_224,cait_s24_224,34,ILSVRC2012_val_00026332.JPEG,block12,deviation,True,0.00880294106900692,0.008908682502806187,0.5023716688156128,0.5023185014724731,0.07769298553466797,0.017323162406682968,False
vit_base_patch16_224,cait_s24_224,35,ILSVRC2012_val_00026390.JPEG,block12,deviation,True,-0.006270227022469044,-0.005982242990285158,0.4964657723903656,0.49602067470550537,-0.2872800827026367,-0.006521083414554596,False
vit_base_patch16_224,cait_s24_224,34,ILSVRC2012_val_00026332.JPEG,block12,random,True,0.00973083171993494,0.009765123017132282,0.5012954473495483,0.5024713277816772,0.023534774780273438,0.009268250316381454,False
vit_base_patch16_224,cait_s24_224,35,ILSVRC2012_val_00026390.JPEG,block12,random,True,0.0041602798737585545,0.0038845790550112724,0.4995947480201721,0.4990367293357849,-0.12021350860595703,-0.0022174157202243805,False
vit_base_patch16_224,cait_s24_224,34,ILSVRC2012_val_00026332.JPEG,block12,no_drop,True,0.02363211289048195,0.02375601790845394,0.5055803656578064,0.5055006146430969,0.3482370376586914,0.0430869422852993,False
vit_base_patch16_224,cait_s24_224,35,ILSVRC2012_val_00026390.JPEG,block12,no_drop,True,0.022035157307982445,0.024443477392196655,0.503328263759613,0.5041852593421936,0.13631248474121094,0.005240485072135925,False
vit_base_patch16_224,cait_s24_224,36,ILSVRC2012_val_00026397.JPEG,block12,selected,True,-0.0024520275183022022,-0.003492719493806362,0.5014017224311829,0.5015146732330322,-0.04941749572753906,-0.003586694598197937,False
vit_base_patch16_224,cait_s24_224,37,ILSVRC2012_val_00026436.JPEG,block12,selected,True,-0.0008278148015961051,-0.002060515573248267,0.5016940236091614,0.5023052096366882,-0.1856374740600586,0.008213326334953308,False
vit_base_patch16_224,cait_s24_224,36,ILSVRC2012_val_00026397.JPEG,block12,opposite,True,-0.0055913678370416164,-0.005338564980775118,0.5014548897743225,0.5029695630073547,-0.0661630630493164,-0.004841238260269165,False
vit_base_patch16_224,cait_s24_224,37,ILSVRC2012_val_00026436.JPEG,block12,opposite,True,0.010232854634523392,0.010489827021956444,0.5069090127944946,0.5066764950752258,0.04876899719238281,0.07407977432012558,False
vit_base_patch16_224,cait_s24_224,36,ILSVRC2012_val_00026397.JPEG,block12,deviation,True,-0.0006003696471452713,0.0004896614700555801,0.4994286894798279,0.5002391338348389,-0.03629875183105469,-0.0022059977054595947,False
vit_base_patch16_224,cait_s24_224,37,ILSVRC2012_val_00026436.JPEG,block12,deviation,True,0.0036163011100143194,0.003188211005181074,0.5052481889724731,0.5048230290412903,-0.08084774017333984,0.03742227703332901,False
vit_base_patch16_224,cait_s24_224,36,ILSVRC2012_val_00026397.JPEG,block12,random,True,-0.005692635662853718,-0.006157353520393372,0.5038730502128601,0.5040524005889893,0.03597259521484375,0.0019725188612937927,False
vit_base_patch16_224,cait_s24_224,37,ILSVRC2012_val_00026436.JPEG,block12,random,True,0.014146882109344006,0.013986095786094666,0.5059191584587097,0.5061516761779785,0.018459320068359375,0.06941442936658859,False
vit_base_patch16_224,cait_s24_224,36,ILSVRC2012_val_00026397.JPEG,block12,no_drop,True,-0.0049558463506400585,-0.0034676550421863794,0.49890387058258057,0.500372052192688,-0.07401275634765625,-0.005099043250083923,False
vit_base_patch16_224,cait_s24_224,37,ILSVRC2012_val_00026436.JPEG,block12,no_drop,True,0.0068794069811701775,0.006577698979526758,0.5053013563156128,0.5053611397743225,-0.056061744689941406,0.056248657405376434,False
vit_base_patch16_224,cait_s24_224,38,ILSVRC2012_val_00026490.JPEG,block12,selected,True,-0.00045126909390091896,-0.00034909212263301015,0.5031954050064087,0.5028034448623657,0.025037765502929688,0.01362503319978714,False
vit_base_patch16_224,cait_s24_224,39,ILSVRC2012_val_00026510.JPEG,block12,selected,True,0.006761564873158932,0.006623880937695503,0.5033482313156128,0.5042450428009033,-0.028787612915039062,0.006526835262775421,False
vit_base_patch16_224,cait_s24_224,38,ILSVRC2012_val_00026490.JPEG,block12,opposite,True,-0.001000156276859343,-0.0009080435847863555,0.501727283000946,0.5024580359458923,-0.02696514129638672,0.017762653529644012,False
vit_base_patch16_224,cait_s24_224,39,ILSVRC2012_val_00026510.JPEG,block12,opposite,True,-0.001963710878044367,-0.0021331605967134237,0.502703845500946,0.5028765201568604,-0.07111644744873047,-0.0029172077775001526,False
vit_base_patch16_224,cait_s24_224,38,ILSVRC2012_val_00026490.JPEG,block12,deviation,True,0.018302686512470245,0.017386499792337418,0.5063974857330322,0.5065835118293762,0.06268119812011719,0.015259474515914917,False
vit_base_patch16_224,cait_s24_224,39,ILSVRC2012_val_00026510.JPEG,block12,deviation,True,-0.0026764231733977795,-0.0025432638358324766,0.4999335706233978,0.5009034872055054,-0.08231735229492188,0.002760939300060272,False
vit_base_patch16_224,cait_s24_224,38,ILSVRC2012_val_00026490.JPEG,block12,random,True,0.0013815921265631914,0.001662221271544695,0.5006310939788818,0.5013552308082581,0.03962421417236328,0.010001011192798615,False
vit_base_patch16_224,cait_s24_224,39,ILSVRC2012_val_00026510.JPEG,block12,random,True,0.0048665329813957214,0.005709587596356869,0.506463885307312,0.5074338316917419,0.035747528076171875,0.010752521455287933,False
vit_base_patch16_224,cait_s24_224,38,ILSVRC2012_val_00026490.JPEG,block12,no_drop,True,0.004473134409636259,0.005445034708827734,0.5040656924247742,0.504470944404602,0.07499885559082031,0.02240131050348282,False
vit_base_patch16_224,cait_s24_224,39,ILSVRC2012_val_00026510.JPEG,block12,no_drop,True,0.01071538869291544,0.01152923982590437,0.5084369778633118,0.5077062249183655,0.07852458953857422,0.010173417627811432,False
vit_base_patch16_224,cait_s24_224,40,ILSVRC2012_val_00026559.JPEG,block12,selected,True,0.00029947678558528423,0.0011254160199314356,0.5072677731513977,0.5067894458770752,-0.05359363555908203,-0.004212692379951477,False
vit_base_patch16_224,cait_s24_224,41,ILSVRC2012_val_00026627.JPEG,block12,selected,True,0.006986621767282486,0.0071978201158344746,0.5010031461715698,0.5012289881706238,-0.1151580810546875,0.002816319465637207,False
vit_base_patch16_224,cait_s24_224,40,ILSVRC2012_val_00026559.JPEG,block12,opposite,True,-0.03657093271613121,-0.035688258707523346,0.5049890875816345,0.5050156712532043,-0.09085655212402344,-0.006479300558567047,False
vit_base_patch16_224,cait_s24_224,41,ILSVRC2012_val_00026627.JPEG,block12,opposite,True,0.01199815608561039,0.011644745245575905,0.5056600570678711,0.5061583518981934,-0.0010166168212890625,0.005630373954772949,False
vit_base_patch16_224,cait_s24_224,40,ILSVRC2012_val_00026559.JPEG,block12,deviation,True,0.005881733261048794,0.006350153125822544,0.5043115019798279,0.5049625039100647,-0.0992593765258789,-0.0074720606207847595,False
vit_base_patch16_224,cait_s24_224,41,ILSVRC2012_val_00026627.JPEG,block12,deviation,True,-0.0033762087114155293,-0.003098472487181425,0.49927589297294617,0.49964791536331177,-0.008045196533203125,0.0004799589514732361,False
vit_base_patch16_224,cait_s24_224,40,ILSVRC2012_val_00026559.JPEG,block12,random,True,0.008008907549083233,0.007983986288309097,0.5025842189788818,0.5026440024375916,-0.038756370544433594,-0.0032197535037994385,False
vit_base_patch16_224,cait_s24_224,41,ILSVRC2012_val_00026627.JPEG,block12,random,True,0.0055675748735666275,0.006500301882624626,0.501581072807312,0.5007241368293762,-0.13785362243652344,-0.0027410611510276794,False
vit_base_patch16_224,cait_s24_224,40,ILSVRC2012_val_00026559.JPEG,block12,no_drop,True,-0.009089282713830471,-0.009629430249333382,0.508769154548645,0.5088953375816345,-0.03363609313964844,0.0030239373445510864,False
vit_base_patch16_224,cait_s24_224,41,ILSVRC2012_val_00026627.JPEG,block12,no_drop,True,-0.006800509989261627,-0.0074938139878213406,0.500391960144043,0.5013286471366882,-0.08103179931640625,0.0033374428749084473,False
vit_base_patch16_224,cait_s24_224,42,ILSVRC2012_val_00026692.JPEG,block12,selected,True,0.05785417929291725,0.060938816517591476,0.5118317008018494,0.5129344463348389,0.34586620330810547,0.44431784749031067,False
vit_base_patch16_224,cait_s24_224,43,ILSVRC2012_val_00026737.JPEG,block12,selected,True,0.0035358169116079807,0.0038301569875329733,0.5097324252128601,0.5106292366981506,-0.037482261657714844,0.0024141445755958557,False
vit_base_patch16_224,cait_s24_224,42,ILSVRC2012_val_00026692.JPEG,block12,opposite,True,0.12675118446350098,0.12606658041477203,0.5240553021430969,0.5245535969734192,0.9069747924804688,0.9907374382019043,True
vit_base_patch16_224,cait_s24_224,43,ILSVRC2012_val_00026737.JPEG,block12,opposite,True,0.024847181513905525,0.026283221319317818,0.5110876560211182,0.5115858912467957,0.06661033630371094,0.015148930251598358,False
vit_base_patch16_224,cait_s24_224,42,ILSVRC2012_val_00026692.JPEG,block12,deviation,True,0.10057930648326874,0.09944760054349899,0.5185812711715698,0.5191259980201721,0.5716037750244141,0.6580991744995117,True
vit_base_patch16_224,cait_s24_224,43,ILSVRC2012_val_00026737.JPEG,block12,deviation,True,0.013631414622068405,0.013895118609070778,0.5125026702880859,0.5137316584587097,0.10374736785888672,0.014955081045627594,False
vit_base_patch16_224,cait_s24_224,42,ILSVRC2012_val_00026692.JPEG,block12,random,True,0.10686249285936356,0.10708854347467422,0.5180896520614624,0.519132673740387,0.6570634841918945,0.8291034698486328,True
vit_base_patch16_224,cait_s24_224,43,ILSVRC2012_val_00026737.JPEG,block12,random,True,0.008158620446920395,0.009051352739334106,0.5094999074935913,0.510536253452301,0.1177825927734375,0.013925604522228241,False
vit_base_patch16_224,cait_s24_224,42,ILSVRC2012_val_00026692.JPEG,block12,no_drop,True,0.12522631883621216,0.12469397485256195,0.5260217189788818,0.526779055595398,0.931279182434082,0.9863649606704712,True
vit_base_patch16_224,cait_s24_224,43,ILSVRC2012_val_00026737.JPEG,block12,no_drop,True,0.023566629737615585,0.024327222257852554,0.5186676383018494,0.5186543464660645,-0.20123672485351562,-0.00026266276836395264,False
vit_base_patch16_224,cait_s24_224,44,ILSVRC2012_val_00026743.JPEG,block12,selected,True,0.007449015974998474,0.007101600989699364,0.49909651279449463,0.49837905168533325,-0.1975412368774414,-0.00649675726890564,False
vit_base_patch16_224,cait_s24_224,45,ILSVRC2012_val_00026754.JPEG,block12,selected,True,-0.0010084565728902817,0.0005311942659318447,0.49772799015045166,0.49691087007522583,-0.06126880645751953,-0.005124606192111969,False
vit_base_patch16_224,cait_s24_224,44,ILSVRC2012_val_00026743.JPEG,block12,opposite,True,0.0003493346448522061,0.0003065484925173223,0.5017206072807312,0.5010097622871399,-0.03965473175048828,-0.0016558244824409485,False
vit_base_patch16_224,cait_s24_224,45,ILSVRC2012_val_00026754.JPEG,block12,opposite,True,0.001704903319478035,0.0014650830999016762,0.49728289246559143,0.4976283609867096,-0.0909128189086914,-0.0071441009640693665,False
vit_base_patch16_224,cait_s24_224,44,ILSVRC2012_val_00026743.JPEG,block12,deviation,True,0.003475699806585908,0.004408127162605524,0.5006975531578064,0.5001328587532043,-0.1664409637451172,-0.006187543272972107,False
vit_base_patch16_224,cait_s24_224,45,ILSVRC2012_val_00026754.JPEG,block12,deviation,True,0.00014959578402340412,0.0005390695296227932,0.4996744692325592,0.4985849857330322,-0.07796573638916016,-0.006637699902057648,False
vit_base_patch16_224,cait_s24_224,44,ILSVRC2012_val_00026743.JPEG,block12,random,True,0.003215733915567398,0.003024374134838581,0.49964791536331177,0.4980202913284302,-0.17498779296875,-0.0062924399971961975,False
vit_base_patch16_224,cait_s24_224,45,ILSVRC2012_val_00026754.JPEG,block12,random,True,0.0038670673966407776,0.003818696131929755,0.5002524256706238,0.4991496503353119,-0.04667377471923828,-0.0035034194588661194,False
vit_base_patch16_224,cait_s24_224,44,ILSVRC2012_val_00026743.JPEG,block12,no_drop,True,-0.0017708675004541874,-0.00177508476190269,0.5027170777320862,0.503328263759613,-0.043684959411621094,-0.0009847618639469147,False
vit_base_patch16_224,cait_s24_224,45,ILSVRC2012_val_00026754.JPEG,block12,no_drop,True,0.003724695648998022,0.004126275889575481,0.502537727355957,0.5021191835403442,-0.12248706817626953,-0.01043780893087387,False
vit_base_patch16_224,cait_s24_224,46,ILSVRC2012_val_00026803.JPEG,block12,selected,True,0.010188388638198376,0.010271749459207058,0.5051286220550537,0.5046303868293762,0.1518421173095703,0.019052520394325256,False
vit_base_patch16_224,cait_s24_224,47,ILSVRC2012_val_00026901.JPEG,block12,selected,True,0.04513382911682129,0.04716372489929199,0.5214112997055054,0.5227532386779785,0.4678163528442383,0.24663519859313965,False
vit_base_patch16_224,cait_s24_224,46,ILSVRC2012_val_00026803.JPEG,block12,opposite,True,0.003795175813138485,0.0048583452589809895,0.5042716264724731,0.505108654499054,0.14085674285888672,0.02068377286195755,False
vit_base_patch16_224,cait_s24_224,47,ILSVRC2012_val_00026901.JPEG,block12,opposite,True,0.0540047213435173,0.05447530001401901,0.5241084694862366,0.5245004296302795,0.5580940246582031,0.28412261605262756,False
vit_base_patch16_224,cait_s24_224,46,ILSVRC2012_val_00026803.JPEG,block12,deviation,True,0.008670419454574585,0.008984129875898361,0.5032352805137634,0.503514289855957,0.17816638946533203,0.026353739202022552,False
vit_base_patch16_224,cait_s24_224,47,ILSVRC2012_val_00026901.JPEG,block12,deviation,True,0.043135661631822586,0.04375399649143219,0.5218364596366882,0.5223679542541504,0.49799346923828125,0.228421151638031,False
vit_base_patch16_224,cait_s24_224,46,ILSVRC2012_val_00026803.JPEG,block12,random,True,0.0068527450785040855,0.007653983309864998,0.5053345561027527,0.5049359798431396,0.13442611694335938,0.019391342997550964,False
vit_base_patch16_224,cait_s24_224,47,ILSVRC2012_val_00026901.JPEG,block12,random,True,0.052943095564842224,0.05265030264854431,0.5240885615348816,0.5249189734458923,0.5643558502197266,0.2880254089832306,False
vit_base_patch16_224,cait_s24_224,46,ILSVRC2012_val_00026803.JPEG,block12,no_drop,True,0.02252325974404812,0.021542735397815704,0.5070684552192688,0.506085216999054,0.28099727630615234,0.04010796546936035,False
vit_base_patch16_224,cait_s24_224,47,ILSVRC2012_val_00026901.JPEG,block12,no_drop,True,0.052731215953826904,0.05156039074063301,0.5303199291229248,0.5294563174247742,0.6590852737426758,0.3092976212501526,False
vit_base_patch16_224,cait_s24_224,48,ILSVRC2012_val_00026916.JPEG,block12,selected,True,0.00738003384321928,0.007409251295030117,0.4999734163284302,0.4993356764316559,-0.28703880310058594,-0.006369560956954956,False
vit_base_patch16_224,cait_s24_224,49,ILSVRC2012_val_00026925.JPEG,block12,selected,True,0.011232922784984112,0.011182589456439018,0.5184484124183655,0.5188602805137634,0.34348297119140625,0.035388290882110596,False
vit_base_patch16_224,cait_s24_224,48,ILSVRC2012_val_00026916.JPEG,block12,opposite,True,-0.0012871877988800406,-0.001389616634696722,0.4970570206642151,0.4980601668357849,-0.22112274169921875,-0.004708100110292435,False
vit_base_patch16_224,cait_s24_224,49,ILSVRC2012_val_00026925.JPEG,block12,opposite,True,0.016987472772598267,0.017065493389964104,0.5176578164100647,0.519132673740387,0.18730831146240234,0.024963580071926117,False
vit_base_patch16_224,cait_s24_224,48,ILSVRC2012_val_00026916.JPEG,block12,deviation,True,0.004511778708547354,0.004380342084914446,0.4974290430545807,0.49857833981513977,-0.347808837890625,-0.006847653537988663,False
vit_base_patch16_224,cait_s24_224,49,ILSVRC2012_val_00026925.JPEG,block12,deviation,True,0.009594995528459549,0.010141894221305847,0.5164288282394409,0.5171064734458923,0.20336532592773438,0.028443120419979095,False
vit_base_patch16_224,cait_s24_224,48,ILSVRC2012_val_00026916.JPEG,block12,random,True,-0.001162008848041296,-0.0017604946624487638,0.5006111860275269,0.500790536403656,-0.2965240478515625,-0.006458809599280357,False
vit_base_patch16_224,cait_s24_224,49,ILSVRC2012_val_00026925.JPEG,block12,random,True,0.013104732148349285,0.013510435819625854,0.5203550457954407,0.5216172337532043,0.18613338470458984,0.028644762933254242,False
vit_base_patch16_224,cait_s24_224,48,ILSVRC2012_val_00026916.JPEG,block12,no_drop,True,-0.0046205343678593636,-0.004751210566610098,0.49623990058898926,0.4963993430137634,-0.15670204162597656,-0.002117373049259186,False
vit_base_patch16_224,cait_s24_224,49,ILSVRC2012_val_00026925.JPEG,block12,no_drop,True,0.02748367004096508,0.027971547096967697,0.5242014527320862,0.524998664855957,0.08661174774169922,0.020422175526618958,False
vit_base_patch16_224,cait_s24_224,50,ILSVRC2012_val_00026972.JPEG,block12,selected,True,0.010595936328172684,0.010187715291976929,0.5043115019798279,0.5041055679321289,0.05998420715332031,0.03244934603571892,False
vit_base_patch16_224,cait_s24_224,51,ILSVRC2012_val_00027124.JPEG,block12,selected,True,0.007544856518507004,0.007926056161522865,0.5114264488220215,0.5110012888908386,-0.1429281234741211,0.0012674778699874878,False
vit_base_patch16_224,cait_s24_224,50,ILSVRC2012_val_00026972.JPEG,block12,opposite,True,-0.0015927132917568088,-0.0017524883151054382,0.5082642436027527,0.5089285969734192,0.1712188720703125,0.05809633061289787,False
vit_base_patch16_224,cait_s24_224,51,ILSVRC2012_val_00027124.JPEG,block12,opposite,True,0.0020922417752444744,0.0022989162243902683,0.5073607563972473,0.5066565871238708,-0.13898372650146484,0.003650270402431488,False
vit_base_patch16_224,cait_s24_224,50,ILSVRC2012_val_00026972.JPEG,block12,deviation,True,0.002356028649955988,0.002514958381652832,0.5091677308082581,0.5109082460403442,0.2704181671142578,0.07857446372509003,False
vit_base_patch16_224,cait_s24_224,51,ILSVRC2012_val_00027124.JPEG,block12,deviation,True,0.005946044344455004,0.006527860648930073,0.5084635615348816,0.5076663494110107,-0.10278606414794922,0.005757667124271393,False
vit_base_patch16_224,cait_s24_224,50,ILSVRC2012_val_00026972.JPEG,block12,random,True,-0.02200118452310562,-0.02106553316116333,0.5062048435211182,0.5064904689788818,0.22523975372314453,0.04847991093993187,False
vit_base_patch16_224,cait_s24_224,51,ILSVRC2012_val_00027124.JPEG,block12,random,True,0.006995357573032379,0.0064331344328820705,0.5066233277320862,0.5053279399871826,-0.30559825897216797,-0.012999609112739563,False
vit_base_patch16_224,cait_s24_224,50,ILSVRC2012_val_00026972.JPEG,block12,no_drop,True,0.005381643306463957,0.005120532587170601,0.5117586255073547,0.5110344886779785,0.26955509185791016,0.06482070684432983,False
vit_base_patch16_224,cait_s24_224,51,ILSVRC2012_val_00027124.JPEG,block12,no_drop,True,0.00958487018942833,0.011736342683434486,0.5145354866981506,0.514256477355957,-0.2031269073486328,0.0024415478110313416,False
vit_base_patch16_224,cait_s24_224,52,ILSVRC2012_val_00027141.JPEG,block12,selected,True,0.001873738830909133,0.0017659631557762623,0.5013618469238281,0.5020859837532043,0.04115486145019531,0.005122967064380646,False
vit_base_patch16_224,cait_s24_224,53,ILSVRC2012_val_00027148.JPEG,block12,selected,True,-0.01012776605784893,-0.010028357617557049,0.5008105039596558,0.5016475319862366,0.05987358093261719,0.004117369651794434,False
vit_base_patch16_224,cait_s24_224,52,ILSVRC2012_val_00027141.JPEG,block12,opposite,True,-0.00044171325862407684,-0.0003048424841836095,0.4977811574935913,0.49766820669174194,-0.007053375244140625,0.0015422850847244263,False
vit_base_patch16_224,cait_s24_224,53,ILSVRC2012_val_00027148.JPEG,block12,opposite,True,0.001951085403561592,0.0012156441807746887,0.5032286643981934,0.5037866830825806,0.0730428695678711,0.0048937126994132996,False
vit_base_patch16_224,cait_s24_224,52,ILSVRC2012_val_00027141.JPEG,block12,deviation,True,0.0009021549485623837,0.0018166530644521117,0.4977811574935913,0.4972231090068817,-0.084747314453125,-0.004331953823566437,False
vit_base_patch16_224,cait_s24_224,53,ILSVRC2012_val_00027148.JPEG,block12,deviation,True,0.0004185522557236254,0.0001691147917881608,0.5003852844238281,0.4997674822807312,0.053554534912109375,0.003568597137928009,False
vit_base_patch16_224,cait_s24_224,52,ILSVRC2012_val_00027141.JPEG,block12,random,True,-0.0028819802682846785,-0.002710367552936077,0.49684444069862366,0.49698394536972046,-0.13222122192382812,-0.0064506009221076965,False
vit_base_patch16_224,cait_s24_224,53,ILSVRC2012_val_00027148.JPEG,block12,random,True,0.004943215288221836,0.004758594091981649,0.5028101205825806,0.5015079975128174,0.027932167053222656,0.002078503370285034,False
vit_base_patch16_224,cait_s24_224,52,ILSVRC2012_val_00027141.JPEG,block12,no_drop,True,0.007056902162730694,0.007108836900442839,0.5041254758834839,0.5042317509651184,0.0019702911376953125,0.007280901074409485,False
vit_base_patch16_224,cait_s24_224,53,ILSVRC2012_val_00027148.JPEG,block12,no_drop,True,-0.0061012497171759605,-0.007093285210430622,0.49853846430778503,0.497933954000473,0.029890060424804688,0.0018847286701202393,False
vit_base_patch16_224,cait_s24_224,54,ILSVRC2012_val_00027201.JPEG,block12,selected,True,0.0028793844394385815,0.0031355891842395067,0.5049957633018494,0.5040059089660645,-0.11157608032226562,-0.009617708623409271,False
vit_base_patch16_224,cait_s24_224,55,ILSVRC2012_val_00027287.JPEG,block12,selected,True,0.003401557682082057,0.0031040797475725412,0.5020062923431396,0.5009433627128601,0.037346839904785156,0.005488395690917969,False
vit_base_patch16_224,cait_s24_224,54,ILSVRC2012_val_00027201.JPEG,block12,opposite,True,-0.000837425934150815,-5.700066685676575e-05,0.5037866830825806,0.5034611225128174,0.02048969268798828,0.0009266957640647888,False
vit_base_patch16_224,cait_s24_224,55,ILSVRC2012_val_00027287.JPEG,block12,opposite,True,-0.004582148976624012,-0.003964967560023069,0.5036405324935913,0.5029031038284302,-0.016069412231445312,-0.0006328001618385315,False
vit_base_patch16_224,cait_s24_224,54,ILSVRC2012_val_00027201.JPEG,block12,deviation,True,0.00018248651758767664,0.000601557781919837,0.5007307529449463,0.5016010403633118,-0.025457382202148438,-0.003154069185256958,False
vit_base_patch16_224,cait_s24_224,55,ILSVRC2012_val_00027287.JPEG,block12,deviation,True,-0.0006981337210163474,-0.0006599396583624184,0.5013618469238281,0.5021989345550537,-0.01739788055419922,0.0005368441343307495,False
vit_base_patch16_224,cait_s24_224,54,ILSVRC2012_val_00027201.JPEG,block12,random,True,-0.0009376411326229572,-0.0005309716798365116,0.502517819404602,0.5019398331642151,-0.13343048095703125,-0.010985501110553741,False
vit_base_patch16_224,cait_s24_224,55,ILSVRC2012_val_00027287.JPEG,block12,random,True,-0.0028098956681787968,-0.002727037761360407,0.5030559301376343,0.5013020634651184,-0.014797210693359375,0.0005001798272132874,False
vit_base_patch16_224,cait_s24_224,54,ILSVRC2012_val_00027201.JPEG,block12,no_drop,True,0.002038374776020646,0.0024618159513920546,0.5078988671302795,0.5068625211715698,-0.10213565826416016,-0.00858132541179657,False
vit_base_patch16_224,cait_s24_224,55,ILSVRC2012_val_00027287.JPEG,block12,no_drop,True,-0.0033797980286180973,-0.00329148699529469,0.4956287145614624,0.4955689311027527,-0.0970315933227539,-0.005406953394412994,False
vit_base_patch16_224,cait_s24_224,56,ILSVRC2012_val_00027348.JPEG,block12,selected,True,0.0019856421276926994,0.0022786702029407024,0.5181893110275269,0.518182635307312,0.1753091812133789,0.10803987085819244,False
vit_base_patch16_224,cait_s24_224,57,ILSVRC2012_val_00027385.JPEG,block12,selected,True,0.0013273931108415127,0.001149080926552415,0.5098254084587097,0.5097523331642151,0.07289409637451172,0.025270648300647736,False
vit_base_patch16_224,cait_s24_224,56,ILSVRC2012_val_00027348.JPEG,block12,opposite,True,0.007057229522615671,0.007075970061123371,0.5201557278633118,0.5200294852256775,0.061206817626953125,0.09434650838375092,False
vit_base_patch16_224,cait_s24_224,57,ILSVRC2012_val_00027385.JPEG,block12,opposite,True,0.002945403102785349,0.002349128481000662,0.5019066333770752,0.5016076564788818,0.029001235961914062,0.0021155327558517456,False
vit_base_patch16_224,cait_s24_224,56,ILSVRC2012_val_00027348.JPEG,block12,deviation,True,-0.0004248106852173805,0.000826722476631403,0.5118250250816345,0.5125823616981506,0.13238906860351562,0.08030633628368378,False
vit_base_patch16_224,cait_s24_224,57,ILSVRC2012_val_00027385.JPEG,block12,deviation,True,0.00429623294621706,0.004495271481573582,0.510722279548645,0.5107554793357849,0.053122520446777344,0.019000031054019928,False
vit_base_patch16_224,cait_s24_224,56,ILSVRC2012_val_00027348.JPEG,block12,random,True,0.0017746614757925272,0.0013226848095655441,0.5174984335899353,0.5188934803009033,0.09888458251953125,0.12333516776561737,False
vit_base_patch16_224,cait_s24_224,57,ILSVRC2012_val_00027385.JPEG,block12,random,True,0.0015470866346731782,0.0011974581284448504,0.5047831535339355,0.5043845772743225,0.02139568328857422,0.011553414165973663,False
vit_base_patch16_224,cait_s24_224,56,ILSVRC2012_val_00027348.JPEG,block12,no_drop,True,0.002861912129446864,0.003040231764316559,0.5226402878761292,0.5221885442733765,0.041016578674316406,0.16512633860111237,False
vit_base_patch16_224,cait_s24_224,57,ILSVRC2012_val_00027385.JPEG,block12,no_drop,True,0.002348986454308033,0.0021110575180500746,0.509200930595398,0.5085432529449463,0.06723880767822266,0.0046811774373054504,False
vit_base_patch16_224,cait_s24_224,58,ILSVRC2012_val_00027498.JPEG,block12,selected,True,0.005570190027356148,0.005363077856600285,0.4991297423839569,0.4982196092605591,0.0015325546264648438,-0.00033295154571533203,False
vit_base_patch16_224,cait_s24_224,59,ILSVRC2012_val_00027530.JPEG,block12,selected,True,0.013840515166521072,0.014030594378709793,0.5006510615348816,0.4986979067325592,-0.07187747955322266,0.009217292070388794,False
vit_base_patch16_224,cait_s24_224,58,ILSVRC2012_val_00027498.JPEG,block12,opposite,True,0.0010008576791733503,0.0011749337427318096,0.5007041692733765,0.4996146857738495,-0.023039817810058594,-0.0021586641669273376,False
vit_base_patch16_224,cait_s24_224,59,ILSVRC2012_val_00027530.JPEG,block12,opposite,True,0.008695024996995926,0.00987742468714714,0.5028167366981506,0.5029363036155701,-0.04335212707519531,-0.004168801009654999,False
vit_base_patch16_224,cait_s24_224,58,ILSVRC2012_val_00027498.JPEG,block12,deviation,True,-0.0007254271768033504,-0.0010308686178177595,0.4989902079105377,0.4992559552192688,-0.044913291931152344,-0.0036458373069763184,False
vit_base_patch16_224,cait_s24_224,59,ILSVRC2012_val_00027530.JPEG,block12,deviation,True,0.010894136503338814,0.007966440171003342,0.503720223903656,0.5035674571990967,-0.13309764862060547,-0.008844390511512756,False
vit_base_patch16_224,cait_s24_224,58,ILSVRC2012_val_00027498.JPEG,block12,random,True,-0.01708095148205757,-0.016502510756254196,0.5005182027816772,0.500205934047699,-0.07289981842041016,-0.005458377301692963,False
vit_base_patch16_224,cait_s24_224,59,ILSVRC2012_val_00027530.JPEG,block12,random,True,0.01005852036178112,0.011517452076077461,0.5040590167045593,0.5041852593421936,-0.040406227111816406,0.011421412229537964,False
vit_base_patch16_224,cait_s24_224,58,ILSVRC2012_val_00027498.JPEG,block12,no_drop,True,-0.0007895738817751408,-0.0003452901728451252,0.49872449040412903,0.4988042116165161,0.0070056915283203125,-0.0002748742699623108,False
vit_base_patch16_224,cait_s24_224,59,ILSVRC2012_val_00027530.JPEG,block12,no_drop,True,0.008266832679510117,0.009569983929395676,0.5012422800064087,0.5005514025688171,-0.080322265625,0.0016809701919555664,False
vit_base_patch16_224,cait_s24_224,60,ILSVRC2012_val_00027633.JPEG,block12,selected,True,-0.0015206853859126568,-0.00047674780944362283,0.4993356764316559,0.500750720500946,0.12073993682861328,0.011152435094118118,False
vit_base_patch16_224,cait_s24_224,61,ILSVRC2012_val_00027636.JPEG,block12,selected,True,0.011050393804907799,0.010899413377046585,0.5112935900688171,0.5108551383018494,-0.03155994415283203,0.027180880308151245,False
vit_base_patch16_224,cait_s24_224,60,ILSVRC2012_val_00027633.JPEG,block12,opposite,True,-0.0019112569279968739,-0.0022339168936014175,0.5113400816917419,0.5126621127128601,0.18663787841796875,0.014339972287416458,False
vit_base_patch16_224,cait_s24_224,61,ILSVRC2012_val_00027636.JPEG,block12,opposite,True,0.0002164107863791287,0.00078100390965119,0.5055006146430969,0.5061583518981934,-0.12095069885253906,-0.007230743765830994,False
vit_base_patch16_224,cait_s24_224,60,ILSVRC2012_val_00027633.JPEG,block12,deviation,True,0.0004238782566972077,0.0003416595282033086,0.507207989692688,0.5074869990348816,0.19173812866210938,0.014596369117498398,False
vit_base_patch16_224,cait_s24_224,61,ILSVRC2012_val_00027636.JPEG,block12,deviation,True,0.007297591771930456,0.007687137462198734,0.507247805595398,0.5081313848495483,0.0234832763671875,0.02001841366291046,False
vit_base_patch16_224,cait_s24_224,60,ILSVRC2012_val_00027633.JPEG,block12,random,True,0.006638074293732643,0.006538578309118748,0.5090547800064087,0.5104631781578064,0.3426475524902344,0.02329966053366661,False
vit_base_patch16_224,cait_s24_224,61,ILSVRC2012_val_00027636.JPEG,block12,random,True,0.007519890554249287,0.007424355484545231,0.5093005895614624,0.5091943144798279,-0.12490463256835938,0.0026403218507766724,False
vit_base_patch16_224,cait_s24_224,60,ILSVRC2012_val_00027633.JPEG,block12,no_drop,True,0.0026225298643112183,0.001956375315785408,0.5124096274375916,0.5140239596366882,0.10244369506835938,0.011722948402166367,False
vit_base_patch16_224,cait_s24_224,61,ILSVRC2012_val_00027636.JPEG,block12,no_drop,True,0.011243144050240517,0.01122845709323883,0.5107355713844299,0.5110278725624084,-0.19659709930419922,-0.0018857568502426147,False
vit_base_patch16_224,cait_s24_224,62,ILSVRC2012_val_00027657.JPEG,block12,selected,True,-0.0009923414327204227,-0.0027473303489387035,0.5029296875,0.5027636289596558,0.21930789947509766,0.026861853897571564,False
vit_base_patch16_224,cait_s24_224,63,ILSVRC2012_val_00027790.JPEG,block12,selected,True,0.013388829305768013,0.018486376851797104,0.5063244104385376,0.5085964202880859,0.05996513366699219,0.039550215005874634,False
vit_base_patch16_224,cait_s24_224,62,ILSVRC2012_val_00027657.JPEG,block12,opposite,True,0.004810360260307789,0.005317146889865398,0.5021723508834839,0.5027835369110107,0.23697280883789062,0.030979245901107788,False
vit_base_patch16_224,cait_s24_224,63,ILSVRC2012_val_00027790.JPEG,block12,opposite,True,0.028285348787903786,0.029688760638237,0.5064572691917419,0.5078125,0.04488182067871094,0.07066568732261658,False
vit_base_patch16_224,cait_s24_224,62,ILSVRC2012_val_00027657.JPEG,block12,deviation,True,0.00960378535091877,0.011654958128929138,0.5045971274375916,0.5053677558898926,0.3342704772949219,0.0434659868478775,False
vit_base_patch16_224,cait_s24_224,63,ILSVRC2012_val_00027790.JPEG,block12,deviation,True,0.024889953434467316,0.024615593254566193,0.5066167116165161,0.5066764950752258,0.007105827331542969,0.05306002497673035,False
vit_base_patch16_224,cait_s24_224,62,ILSVRC2012_val_00027657.JPEG,block12,random,True,0.017490029335021973,0.020229779183864594,0.5069488883018494,0.5072610974311829,0.3211097717285156,0.036819495260715485,False
vit_base_patch16_224,cait_s24_224,63,ILSVRC2012_val_00027790.JPEG,block12,random,True,0.017701366916298866,0.01796964928507805,0.505653440952301,0.5059922337532043,0.0027103424072265625,0.032104432582855225,False
vit_base_patch16_224,cait_s24_224,62,ILSVRC2012_val_00027657.JPEG,block12,no_drop,True,0.004884037189185619,0.004201715346425772,0.4970238208770752,0.49695074558258057,0.10411643981933594,0.014568008482456207,False
vit_base_patch16_224,cait_s24_224,63,ILSVRC2012_val_00027790.JPEG,block12,no_drop,True,0.06464464962482452,0.06326764076948166,0.513273298740387,0.5127484798431396,0.07362651824951172,0.124982088804245,False
vit_base_patch16_224,pit_b_224,0,ILSVRC2012_val_00024479.JPEG,block12,selected,True,-0.0032622171565890312,-0.003184080123901367,0.4986846446990967,0.49982061982154846,-0.08285045623779297,-0.008200302720069885,False
vit_base_patch16_224,pit_b_224,1,ILSVRC2012_val_00024540.JPEG,block12,selected,True,-0.0014006071723997593,-0.0019676664378494024,0.49937552213668823,0.4981531798839569,-0.023008346557617188,-0.0026765763759613037,False
vit_base_patch16_224,pit_b_224,0,ILSVRC2012_val_00024479.JPEG,block12,opposite,True,0.000226244650548324,0.00044012360740453005,0.5006709694862366,0.5011028051376343,-0.1000213623046875,-0.013280868530273438,False
vit_base_patch16_224,pit_b_224,1,ILSVRC2012_val_00024540.JPEG,block12,opposite,True,-0.0026874267496168613,-0.0026115397922694683,0.49729618430137634,0.4969042241573334,-0.02138042449951172,-0.00228804349899292,False
vit_base_patch16_224,pit_b_224,0,ILSVRC2012_val_00024479.JPEG,block12,deviation,True,-0.0012075663544237614,-0.0014065472641959786,0.5005049109458923,0.5005912780761719,-0.038374900817871094,-0.004672929644584656,False
vit_base_patch16_224,pit_b_224,1,ILSVRC2012_val_00024540.JPEG,block12,deviation,True,-0.0029088498558849096,-0.0028287810273468494,0.4948846697807312,0.4942934215068817,-0.12463855743408203,-0.017023637890815735,False
vit_base_patch16_224,pit_b_224,0,ILSVRC2012_val_00024479.JPEG,block12,random,True,0.00036330707371234894,2.3544300347566605e-05,0.5009499788284302,0.5004916191101074,0.049050331115722656,0.008395358920097351,False
vit_base_patch16_224,pit_b_224,1,ILSVRC2012_val_00024540.JPEG,block12,random,True,0.0015762386610731483,0.0019367369823157787,0.4993954598903656,0.49932238459587097,-0.13411998748779297,-0.017366617918014526,False
vit_base_patch16_224,pit_b_224,0,ILSVRC2012_val_00024479.JPEG,block12,no_drop,True,0.002502759685739875,0.00192149612121284,0.501581072807312,0.5022454261779785,-0.0103302001953125,0.0003848224878311157,False
vit_base_patch16_224,pit_b_224,1,ILSVRC2012_val_00024540.JPEG,block12,no_drop,True,0.0050208112224936485,0.004360597115010023,0.4983059763908386,0.499136358499527,-0.09044837951660156,-0.012229278683662415,False
vit_base_patch16_224,pit_b_224,2,ILSVRC2012_val_00024550.JPEG,block12,selected,True,-0.007424154784530401,-0.004958212375640869,0.5011492967605591,0.5012555718421936,-0.10012054443359375,-0.008591338992118835,False
vit_base_patch16_224,pit_b_224,3,ILSVRC2012_val_00024609.JPEG,block12,selected,True,0.01009646337479353,0.010900544933974743,0.5140306353569031,0.5129876136779785,0.09029006958007812,0.05770975351333618,False
vit_base_patch16_224,pit_b_224,2,ILSVRC2012_val_00024550.JPEG,block12,opposite,True,-0.008182357996702194,-0.006931380368769169,0.498159795999527,0.49920281767845154,-0.056324005126953125,-0.005977034568786621,False
vit_base_patch16_224,pit_b_224,3,ILSVRC2012_val_00024609.JPEG,block12,opposite,True,0.016354216262698174,0.017304878681898117,0.5115593075752258,0.5114663243293762,0.10424613952636719,0.05682641267776489,False
vit_base_patch16_224,pit_b_224,2,ILSVRC2012_val_00024550.JPEG,block12,deviation,True,-0.00980241596698761,-0.008934996090829372,0.498817503452301,0.499887079000473,-0.019219398498535156,-0.002738848328590393,False
vit_base_patch16_224,pit_b_224,3,ILSVRC2012_val_00024609.JPEG,block12,deviation,True,0.010231753811240196,0.01068150345236063,0.5089020133018494,0.508563220500946,0.1226968765258789,0.057190895080566406,False
vit_base_patch16_224,pit_b_224,2,ILSVRC2012_val_00024550.JPEG,block12,random,True,0.005441540852189064,0.007392229977995157,0.5010629296302795,0.5013818144798279,0.03945636749267578,0.004495352506637573,False
vit_base_patch16_224,pit_b_224,3,ILSVRC2012_val_00024609.JPEG,block12,random,True,0.008211497217416763,0.008885232731699944,0.5108285546302795,0.5108484625816345,0.12640953063964844,0.055704355239868164,False
vit_base_patch16_224,pit_b_224,2,ILSVRC2012_val_00024550.JPEG,block12,no_drop,True,0.0019911909475922585,0.002641893457621336,0.5018268823623657,0.5029628872871399,-0.07389354705810547,-0.006068624556064606,False
vit_base_patch16_224,pit_b_224,3,ILSVRC2012_val_00024609.JPEG,block12,no_drop,True,0.023048803210258484,0.023364130407571793,0.5152397155761719,0.5143428444862366,0.1743459701538086,0.06400895118713379,False
vit_base_patch16_224,pit_b_224,4,ILSVRC2012_val_00024637.JPEG,block12,selected,True,-0.011494840495288372,-0.015459625981748104,0.5017006993293762,0.5016475319862366,0.10754680633544922,0.01691405475139618,False
vit_base_patch16_224,pit_b_224,5,ILSVRC2012_val_00024710.JPEG,block12,selected,True,0.0021175011061131954,0.0017341028433293104,0.5005182027816772,0.4999867081642151,-0.022731781005859375,-0.002850636839866638,False
vit_base_patch16_224,pit_b_224,4,ILSVRC2012_val_00024637.JPEG,block12,opposite,True,0.031050343066453934,0.03220362216234207,0.5089086294174194,0.5074072480201721,0.2458028793334961,0.07908567786216736,False
vit_base_patch16_224,pit_b_224,5,ILSVRC2012_val_00024710.JPEG,block12,opposite,True,0.006920259445905685,0.007514645345509052,0.501953125,0.5012223720550537,0.013539314270019531,0.0014206022024154663,False
vit_base_patch16_224,pit_b_224,4,ILSVRC2012_val_00024637.JPEG,block12,deviation,True,-0.007906190119683743,-0.011492118239402771,0.5015678405761719,0.501581072807312,0.02857208251953125,0.012438535690307617,False
vit_base_patch16_224,pit_b_224,5,ILSVRC2012_val_00024710.JPEG,block12,deviation,True,-6.725476123392582e-05,-0.00045538984704762697,0.5014747977256775,0.5009831786155701,0.021315574645996094,0.002229243516921997,False
vit_base_patch16_224,pit_b_224,4,ILSVRC2012_val_00024637.JPEG,block12,random,True,0.0007431027479469776,-0.001442380715161562,0.5027835369110107,0.5027569532394409,0.16032695770263672,0.03127487003803253,False
vit_base_patch16_224,pit_b_224,5,ILSVRC2012_val_00024710.JPEG,block12,random,True,-0.00024411693448200822,-0.00024061760632321239,0.5014747977256775,0.5018534660339355,-0.0015859603881835938,-0.00022155046463012695,False
vit_base_patch16_224,pit_b_224,4,ILSVRC2012_val_00024637.JPEG,block12,no_drop,True,0.031120648607611656,0.032040175050497055,0.5066565871238708,0.5071016550064087,0.49748706817626953,0.1339355856180191,False
vit_base_patch16_224,pit_b_224,5,ILSVRC2012_val_00024710.JPEG,block12,no_drop,True,0.0027068285271525383,0.0022084927186369896,0.4996877610683441,0.4999202787876129,-0.028197288513183594,-0.003482431173324585,False
vit_base_patch16_224,pit_b_224,6,ILSVRC2012_val_00024753.JPEG,block12,selected,True,0.0008975320379249752,0.0012766830623149872,0.5033149719238281,0.5036870241165161,-0.2258005142211914,-0.03534385561943054,False
vit_base_patch16_224,pit_b_224,7,ILSVRC2012_val_00024781.JPEG,block12,selected,True,0.019672470167279243,0.02027469500899315,0.504510760307312,0.5057730078697205,0.24544906616210938,0.19720274209976196,False
vit_base_patch16_224,pit_b_224,6,ILSVRC2012_val_00024753.JPEG,block12,opposite,True,0.0029094081837683916,0.0030521235894411802,0.5010629296302795,0.5012422800064087,-0.18225574493408203,-0.024715468287467957,False
vit_base_patch16_224,pit_b_224,7,ILSVRC2012_val_00024781.JPEG,block12,opposite,True,0.006964702624827623,0.007707023993134499,0.5111740231513977,0.5115593075752258,0.3325967788696289,0.2765647768974304,False
vit_base_patch16_224,pit_b_224,6,ILSVRC2012_val_00024753.JPEG,block12,deviation,True,0.006508302874863148,0.006483957637101412,0.5039992332458496,0.5033548474311829,-0.01287841796875,0.007903769612312317,False
vit_base_patch16_224,pit_b_224,7,ILSVRC2012_val_00024781.JPEG,block12,deviation,True,0.012710963375866413,0.013804510235786438,0.5111009478569031,0.5106093287467957,0.3974189758300781,0.3141469359397888,False
vit_base_patch16_224,pit_b_224,6,ILSVRC2012_val_00024753.JPEG,block12,random,True,-0.001884612487629056,-0.0015634222654625773,0.5001262426376343,0.500750720500946,-0.1869373321533203,-0.026609405875205994,False
vit_base_patch16_224,pit_b_224,7,ILSVRC2012_val_00024781.JPEG,block12,random,True,0.013892101123929024,0.014115886762738228,0.5063841938972473,0.5065104365348816,0.21597814559936523,0.1595502495765686,False
vit_base_patch16_224,pit_b_224,6,ILSVRC2012_val_00024753.JPEG,block12,no_drop,True,0.004005774389952421,0.004023108631372452,0.5081313848495483,0.5083572268486023,0.16904640197753906,0.039187535643577576,False
vit_base_patch16_224,pit_b_224,7,ILSVRC2012_val_00024781.JPEG,block12,no_drop,True,0.01840398460626602,0.02033756487071514,0.5120575428009033,0.5129477381706238,0.5765833854675293,0.5040568709373474,False
vit_base_patch16_224,pit_b_224,8,ILSVRC2012_val_00024926.JPEG,block12,selected,True,0.0023496272042393684,0.003552068956196308,0.5018401741981506,0.5022653341293335,0.08464241027832031,0.009310774505138397,False
vit_base_patch16_224,pit_b_224,9,ILSVRC2012_val_00025075.JPEG,block12,selected,True,-4.392943810671568e-05,-0.00039652432315051556,0.5027303695678711,0.5010562539100647,0.020668983459472656,0.0034703463315963745,False
vit_base_patch16_224,pit_b_224,8,ILSVRC2012_val_00024926.JPEG,block12,opposite,True,0.0028931519482284784,0.004020012449473143,0.4993489682674408,0.5006178021430969,0.06258392333984375,0.00806427001953125,False
vit_base_patch16_224,pit_b_224,9,ILSVRC2012_val_00025075.JPEG,block12,opposite,True,0.001424890011548996,0.001329605933278799,0.49976083636283875,0.49901679158210754,0.016610145568847656,0.004813641309738159,False
vit_base_patch16_224,pit_b_224,8,ILSVRC2012_val_00024926.JPEG,block12,deviation,True,0.0030114450491964817,0.004376960918307304,0.5002923011779785,0.49972763657569885,0.07580184936523438,0.009313218295574188,False
vit_base_patch16_224,pit_b_224,9,ILSVRC2012_val_00025075.JPEG,block12,deviation,True,0.008035718463361263,0.007710053585469723,0.4973161220550537,0.4971367418766022,0.0008411407470703125,-0.0002608448266983032,False
vit_base_patch16_224,pit_b_224,8,ILSVRC2012_val_00024926.JPEG,block12,random,True,0.007761321030557156,0.008390603587031364,0.5036604404449463,0.5047898292541504,0.08830928802490234,0.010945595800876617,False
vit_base_patch16_224,pit_b_224,9,ILSVRC2012_val_00025075.JPEG,block12,random,True,-0.009905840270221233,-0.00991220772266388,0.49941539764404297,0.4989968538284302,0.05936908721923828,0.007458105683326721,False
vit_base_patch16_224,pit_b_224,8,ILSVRC2012_val_00024926.JPEG,block12,no_drop,True,0.004028310999274254,0.006013690494000912,0.5055006146430969,0.5065635442733765,0.08296871185302734,0.011031024158000946,False
vit_base_patch16_224,pit_b_224,9,ILSVRC2012_val_00025075.JPEG,block12,no_drop,True,-0.0002211102982982993,-0.0002848021686077118,0.5004916191101074,0.49976083636283875,0.0043544769287109375,0.00099964439868927,False
vit_base_patch16_224,pit_b_224,10,ILSVRC2012_val_00025315.JPEG,block12,selected,True,-0.004479588475078344,-0.004627617541700602,0.49769479036331177,0.4970238208770752,-0.01712799072265625,-0.0014640763401985168,False
vit_base_patch16_224,pit_b_224,11,ILSVRC2012_val_00025390.JPEG,block12,selected,True,0.0044602588750422,0.004650695249438286,0.5071016550064087,0.506610095500946,-0.007802009582519531,0.006584957242012024,False
vit_base_patch16_224,pit_b_224,10,ILSVRC2012_val_00025315.JPEG,block12,opposite,True,-0.003026526654139161,-0.003185347653925419,0.4979405701160431,0.49716997146606445,-0.014842033386230469,0.00101470947265625,False
vit_base_patch16_224,pit_b_224,11,ILSVRC2012_val_00025390.JPEG,block12,opposite,True,0.0026887902058660984,0.0030417076777666807,0.5062779188156128,0.5063377022743225,0.050719261169433594,0.017095834016799927,False
vit_base_patch16_224,pit_b_224,10,ILSVRC2012_val_00025315.JPEG,block12,deviation,True,-0.00704790698364377,-0.007370724808424711,0.49819302558898926,0.49777451157569885,-0.031230926513671875,-0.0026170238852500916,False
vit_base_patch16_224,pit_b_224,11,ILSVRC2012_val_00025390.JPEG,block12,deviation,True,0.006325543392449617,0.006774555891752243,0.5046237111091614,0.5055471658706665,-0.07708930969238281,0.00032223761081695557,False
vit_base_patch16_224,pit_b_224,10,ILSVRC2012_val_00025315.JPEG,block12,random,True,-0.0038725484628230333,-0.004058282822370529,0.49944859743118286,0.4996545612812042,-0.05172252655029297,-0.004053786396980286,False
vit_base_patch16_224,pit_b_224,11,ILSVRC2012_val_00025390.JPEG,block12,random,True,0.005448176525533199,0.005877621006220579,0.5055471658706665,0.5064107775688171,-0.03155326843261719,0.008422046899795532,False
vit_base_patch16_224,pit_b_224,10,ILSVRC2012_val_00025315.JPEG,block12,no_drop,True,-0.006161464378237724,-0.007332308683544397,0.49705037474632263,0.4966052770614624,-0.045182228088378906,-0.003544457256793976,False
vit_base_patch16_224,pit_b_224,11,ILSVRC2012_val_00025390.JPEG,block12,no_drop,True,6.2026665546e-05,-0.0008068647002801299,0.5110543966293335,0.51171875,0.04354286193847656,0.020023629069328308,False
vit_base_patch16_224,pit_b_224,12,ILSVRC2012_val_00025402.JPEG,block12,selected,True,0.006141452584415674,0.006605193018913269,0.5032751560211182,0.5037932991981506,0.035477638244628906,0.005675613880157471,False
vit_base_patch16_224,pit_b_224,13,ILSVRC2012_val_00025408.JPEG,block12,selected,True,0.0037938065361231565,0.004292439669370651,0.5019664168357849,0.5014814734458923,-0.050871849060058594,-0.006357729434967041,False
vit_base_patch16_224,pit_b_224,12,ILSVRC2012_val_00025402.JPEG,block12,opposite,True,-0.0030158106237649918,-0.0030737086199223995,0.5031090378761292,0.5026307106018066,0.032889366149902344,0.005391985177993774,False
vit_base_patch16_224,pit_b_224,13,ILSVRC2012_val_00025408.JPEG,block12,opposite,True,0.0027824249118566513,0.0024809108581393957,0.5042915344238281,0.5035474896430969,-0.0788564682006836,-0.009712785482406616,False
vit_base_patch16_224,pit_b_224,12,ILSVRC2012_val_00025402.JPEG,block12,deviation,True,0.0015048002824187279,0.002759750699624419,0.5003387928009033,0.500225841999054,0.033623695373535156,0.004684507846832275,False
vit_base_patch16_224,pit_b_224,13,ILSVRC2012_val_00025408.JPEG,block12,deviation,True,0.0033988268114626408,0.0039329323917627335,0.5018069744110107,0.5016674399375916,-0.1014862060546875,-0.012280844151973724,False
vit_base_patch16_224,pit_b_224,12,ILSVRC2012_val_00025402.JPEG,block12,random,True,0.0007507461123168468,0.001507107517682016,0.5036604404449463,0.5046038031578064,-0.0021162033081054688,0.0007949173450469971,False
vit_base_patch16_224,pit_b_224,13,ILSVRC2012_val_00025408.JPEG,block12,random,True,0.0023121582344174385,0.00249731563962996,0.5024912357330322,0.5038597583770752,-0.10342121124267578,-0.012548170983791351,False
vit_base_patch16_224,pit_b_224,12,ILSVRC2012_val_00025402.JPEG,block12,no_drop,True,0.002353596268221736,0.0020684213377535343,0.508204460144043,0.5092740058898926,0.043450355529785156,0.007107645273208618,False
vit_base_patch16_224,pit_b_224,13,ILSVRC2012_val_00025408.JPEG,block12,no_drop,True,-0.004059199243783951,-0.004471143241971731,0.5012223720550537,0.5005248188972473,-0.0013895034790039062,0.00029425323009490967,False
vit_base_patch16_224,pit_b_224,14,ILSVRC2012_val_00025416.JPEG,block12,selected,True,-0.0023207312915474176,-0.002157090697437525,0.5011426210403442,0.5012422800064087,0.07499027252197266,0.00880250334739685,False
vit_base_patch16_224,pit_b_224,15,ILSVRC2012_val_00025440.JPEG,block12,selected,True,0.001495466334745288,0.00079728988930583,0.5067628622055054,0.5077062249183655,-0.10292625427246094,-0.017467737197875977,False
vit_base_patch16_224,pit_b_224,14,ILSVRC2012_val_00025416.JPEG,block12,opposite,True,0.004986779298633337,0.00542607344686985,0.5034146308898926,0.5038597583770752,0.031225204467773438,0.004867918789386749,False
vit_base_patch16_224,pit_b_224,15,ILSVRC2012_val_00025440.JPEG,block12,opposite,True,0.005537955090403557,0.001878766342997551,0.5086163282394409,0.5090414881706238,-0.09740352630615234,-0.017538845539093018,False
vit_base_patch16_224,pit_b_224,14,ILSVRC2012_val_00025416.JPEG,block12,deviation,True,0.0020321672782301903,0.0019097295589745045,0.503494381904602,0.5032684803009033,0.1378641128540039,0.01727098971605301,False
vit_base_patch16_224,pit_b_224,15,ILSVRC2012_val_00025440.JPEG,block12,deviation,True,0.0078085241839289665,0.005968665704131126,0.5086230039596558,0.5087159872055054,-0.09138870239257812,-0.017385348677635193,False
vit_base_patch16_224,pit_b_224,14,ILSVRC2012_val_00025416.JPEG,block12,random,True,0.0016995985060930252,0.0018113871337845922,0.503514289855957,0.5028964877128601,0.1597003936767578,0.019047297537326813,False
vit_base_patch16_224,pit_b_224,15,ILSVRC2012_val_00025440.JPEG,block12,random,True,-0.013218149542808533,-0.02109307050704956,0.5087026953697205,0.5088953375816345,-0.10273075103759766,-0.017651379108428955,False
vit_base_patch16_224,pit_b_224,14,ILSVRC2012_val_00025416.JPEG,block12,no_drop,True,0.0023926780559122562,0.002843833062797785,0.5050422549247742,0.5048230290412903,0.17514991760253906,0.024869374930858612,False
vit_base_patch16_224,pit_b_224,15,ILSVRC2012_val_00025440.JPEG,block12,no_drop,True,0.011176835745573044,0.010686763562262058,0.5121771097183228,0.512921154499054,-0.0722341537475586,-0.011951223015785217,False
vit_base_patch16_224,pit_b_224,16,ILSVRC2012_val_00025446.JPEG,block12,selected,True,-0.003526853397488594,-0.0029059320222586393,0.4998604953289032,0.500205934047699,0.0037469863891601562,0.0005441233515739441,False
vit_base_patch16_224,pit_b_224,17,ILSVRC2012_val_00025563.JPEG,block12,selected,True,-0.009319747798144817,-0.008127331733703613,0.5000929832458496,0.5016741156578064,0.007328987121582031,-0.0032125264406204224,False
vit_base_patch16_224,pit_b_224,16,ILSVRC2012_val_00025446.JPEG,block12,opposite,True,3.6440324038267136e-05,0.00010623200796544552,0.5020793676376343,0.5020527839660645,0.014397621154785156,0.001751720905303955,False
vit_base_patch16_224,pit_b_224,17,ILSVRC2012_val_00025563.JPEG,block12,opposite,True,0.0005416614003479481,0.0009663642849773169,0.49921607971191406,0.4997342824935913,-0.004921913146972656,-0.005668938159942627,False
vit_base_patch16_224,pit_b_224,16,ILSVRC2012_val_00025446.JPEG,block12,deviation,True,-0.003784395521506667,-0.004637184087187052,0.5011559128761292,0.5011227130889893,-0.006407737731933594,-0.0006978660821914673,False
vit_base_patch16_224,pit_b_224,17,ILSVRC2012_val_00025563.JPEG,block12,deviation,True,0.001610531471669674,0.0019396881107240915,0.49935561418533325,0.5001328587532043,0.0010747909545898438,-0.0037230849266052246,False
vit_base_patch16_224,pit_b_224,16,ILSVRC2012_val_00025446.JPEG,block12,random,True,0.006615322548896074,0.006735224276781082,0.5024314522743225,0.5025510191917419,0.025373458862304688,0.0032019317150115967,False
vit_base_patch16_224,pit_b_224,17,ILSVRC2012_val_00025563.JPEG,block12,random,True,0.008965009823441505,0.009726607240736485,0.4974755644798279,0.4988507032394409,0.0134429931640625,-0.001454278826713562,False
vit_base_patch16_224,pit_b_224,16,ILSVRC2012_val_00025446.JPEG,block12,no_drop,True,0.00453985808417201,0.004018737003207207,0.5031024217605591,0.5022653341293335,0.06522369384765625,0.00755753368139267,False
vit_base_patch16_224,pit_b_224,17,ILSVRC2012_val_00025563.JPEG,block12,no_drop,True,0.003666421864181757,0.00519679207354784,0.4971766173839569,0.4979870915412903,0.00783538818359375,-0.001376226544380188,False
vit_base_patch16_224,pit_b_224,18,ILSVRC2012_val_00025800.JPEG,block12,selected,True,-0.004630949813872576,-0.004767591133713722,0.4990566670894623,0.4998007118701935,-0.036312103271484375,-0.0034507960081100464,False
vit_base_patch16_224,pit_b_224,19,ILSVRC2012_val_00025844.JPEG,block12,selected,True,-0.005960135255008936,-0.006650951690971851,0.5005912780761719,0.5004849433898926,-0.024689674377441406,-0.002797171473503113,False
vit_base_patch16_224,pit_b_224,18,ILSVRC2012_val_00025800.JPEG,block12,opposite,True,-0.00649543572217226,-0.007672145497053862,0.5037136077880859,0.504112184047699,-0.032881736755371094,-0.002872779965400696,False
vit_base_patch16_224,pit_b_224,19,ILSVRC2012_val_00025844.JPEG,block12,opposite,True,-0.005989722907543182,-0.00635911151766777,0.504132091999054,0.5031024217605591,0.020318984985351562,0.0035560280084609985,False
vit_base_patch16_224,pit_b_224,18,ILSVRC2012_val_00025800.JPEG,block12,deviation,True,-0.001528571592643857,-0.002033655298873782,0.4979671537876129,0.49901679158210754,-0.01653289794921875,-0.001169547438621521,False
vit_base_patch16_224,pit_b_224,19,ILSVRC2012_val_00025844.JPEG,block12,deviation,True,-0.0016851895488798618,-0.0028496976010501385,0.5010031461715698,0.5015943646430969,-0.027174949645996094,-0.00234416127204895,False
vit_base_patch16_224,pit_b_224,18,ILSVRC2012_val_00025800.JPEG,block12,random,True,-0.0014069710159674287,-0.0008345897076651454,0.5006643533706665,0.5007972121238708,-0.018949508666992188,-0.0013559311628341675,False
vit_base_patch16_224,pit_b_224,19,ILSVRC2012_val_00025844.JPEG,block12,random,True,-0.01203459594398737,-0.011471251025795937,0.5044044852256775,0.5039394497871399,-0.018026351928710938,-0.001431576907634735,False
vit_base_patch16_224,pit_b_224,18,ILSVRC2012_val_00025800.JPEG,block12,no_drop,True,0.005472421180456877,0.007011274807155132,0.5040125250816345,0.50390625,0.008198738098144531,0.0011984258890151978,False
vit_base_patch16_224,pit_b_224,19,ILSVRC2012_val_00025844.JPEG,block12,no_drop,True,-0.0016123722307384014,-0.0010859296889975667,0.5005248188972473,0.5005381107330322,-0.023955345153808594,-0.002247750759124756,False
vit_base_patch16_224,pit_b_224,20,ILSVRC2012_val_00025851.JPEG,block12,selected,True,-0.011012706905603409,-0.011289475485682487,0.497163325548172,0.49684444069862366,-0.0882406234741211,-0.011852771043777466,False
vit_base_patch16_224,pit_b_224,21,ILSVRC2012_val_00025907.JPEG,block12,selected,True,0.0015049164649099112,0.0018712286837399006,0.5036538243293762,0.5053345561027527,-0.1809368133544922,0.07497775554656982,False
vit_base_patch16_224,pit_b_224,20,ILSVRC2012_val_00025851.JPEG,block12,opposite,True,-0.002452428685501218,-0.00208814418874681,0.4987444281578064,0.49906328320503235,-0.034981727600097656,-0.004226580262184143,False
vit_base_patch16_224,pit_b_224,21,ILSVRC2012_val_00025907.JPEG,block12,opposite,True,0.003217110875993967,0.004068431444466114,0.5050355792045593,0.5066897869110107,-0.23652267456054688,0.005364477634429932,False
vit_base_patch16_224,pit_b_224,20,ILSVRC2012_val_00025851.JPEG,block12,deviation,True,0.0008819048525765538,0.0014957443345338106,0.49675142765045166,0.4949776828289032,-0.004183769226074219,0.0016052275896072388,False
vit_base_patch16_224,pit_b_224,21,ILSVRC2012_val_00025907.JPEG,block12,deviation,True,0.004146130755543709,0.004337861202657223,0.5021324753761292,0.5018534660339355,-0.26915740966796875,-0.008907318115234375,False
vit_base_patch16_224,pit_b_224,20,ILSVRC2012_val_00025851.JPEG,block12,random,True,0.003049582475796342,0.003536428092047572,0.4963528513908386,0.49541613459587097,0.0016393661499023438,0.0008414685726165771,False
vit_base_patch16_224,pit_b_224,21,ILSVRC2012_val_00025907.JPEG,block12,random,True,-0.005977233871817589,-0.006995457224547863,0.5018401741981506,0.501953125,-0.23800086975097656,0.014405131340026855,False
vit_base_patch16_224,pit_b_224,20,ILSVRC2012_val_00025851.JPEG,block12,no_drop,True,-0.0019645823631435633,-0.001848733751103282,0.49763497710227966,0.49776121973991394,0.07829856872558594,0.019098997116088867,False
vit_base_patch16_224,pit_b_224,21,ILSVRC2012_val_00025907.JPEG,block12,no_drop,True,0.0049764737486839294,0.005384480580687523,0.5045373439788818,0.5047366619110107,-0.3940868377685547,-0.029046297073364258,False
vit_base_patch16_224,pit_b_224,22,ILSVRC2012_val_00025989.JPEG,block12,selected,True,-0.008851617574691772,-0.008923561312258244,0.49768149852752686,0.49754199385643005,-0.03997039794921875,-0.0018970668315887451,False
vit_base_patch16_224,pit_b_224,23,ILSVRC2012_val_00026068.JPEG,block12,selected,True,-0.0027914484962821007,-0.002712368732318282,0.5014548897743225,0.5022454261779785,0.06456851959228516,0.01276552677154541,False
vit_base_patch16_224,pit_b_224,22,ILSVRC2012_val_00025989.JPEG,block12,opposite,True,0.005299176089465618,0.004719172604382038,0.498159795999527,0.49804022908210754,0.0032815933227539062,0.00023059546947479248,False
vit_base_patch16_224,pit_b_224,23,ILSVRC2012_val_00026068.JPEG,block12,opposite,True,0.00597394397482276,0.006555529776960611,0.5009300708770752,0.5017073154449463,0.031067848205566406,0.008445903658866882,False
vit_base_patch16_224,pit_b_224,22,ILSVRC2012_val_00025989.JPEG,block12,deviation,True,-0.007340787909924984,-0.008217010647058487,0.49562206864356995,0.4946654438972473,-0.06268596649169922,-0.003611646592617035,False
vit_base_patch16_224,pit_b_224,23,ILSVRC2012_val_00026068.JPEG,block12,deviation,True,0.009419290348887444,0.010087722912430763,0.5006443858146667,0.5008503198623657,0.05010032653808594,0.009055554866790771,False
vit_base_patch16_224,pit_b_224,22,ILSVRC2012_val_00025989.JPEG,block12,random,True,-0.010460386984050274,-0.00966828502714634,0.4973028302192688,0.49716997146606445,-0.006270408630371094,0.0004414021968841553,False
vit_base_patch16_224,pit_b_224,23,ILSVRC2012_val_00026068.JPEG,block12,random,True,0.004391793627291918,0.004459644667804241,0.5026772618293762,0.5030293464660645,0.06647682189941406,0.014914706349372864,False
vit_base_patch16_224,pit_b_224,22,ILSVRC2012_val_00025989.JPEG,block12,no_drop,True,0.00449753412976861,0.0057215201668441296,0.5017073154449463,0.501727283000946,0.05120658874511719,0.00335509330034256,False
vit_base_patch16_224,pit_b_224,23,ILSVRC2012_val_00026068.JPEG,block12,no_drop,True,-0.0018127956427633762,-0.0018871142528951168,0.5054342150688171,0.5058194994926453,0.16950225830078125,0.027530759572982788,False
vit_base_patch16_224,pit_b_224,24,ILSVRC2012_val_00026088.JPEG,block12,selected,True,-0.0020668196957558393,-0.0022174546029418707,0.49977412819862366,0.5002591013908386,-0.0779409408569336,-0.013490155339241028,False
vit_base_patch16_224,pit_b_224,25,ILSVRC2012_val_00026113.JPEG,block12,selected,True,0.00958664994686842,0.010368570685386658,0.49804022908210754,0.4981730878353119,-0.008961677551269531,0.00013006478548049927,False
vit_base_patch16_224,pit_b_224,24,ILSVRC2012_val_00026088.JPEG,block12,opposite,True,-0.0027730721049010754,-0.0028740204870700836,0.4953364133834839,0.49538955092430115,-0.1418628692626953,-0.022446662187576294,False
vit_base_patch16_224,pit_b_224,25,ILSVRC2012_val_00026113.JPEG,block12,opposite,True,-0.013966144993901253,-0.014633243903517723,0.4981066584587097,0.498046875,-0.04358100891113281,-0.0034288540482521057,False
vit_base_patch16_224,pit_b_224,24,ILSVRC2012_val_00026088.JPEG,block12,deviation,True,-0.003689209697768092,-0.003937842324376106,0.4977545738220215,0.4985252022743225,-0.0912017822265625,-0.014873847365379333,False
vit_base_patch16_224,pit_b_224,25,ILSVRC2012_val_00026113.JPEG,block12,deviation,True,0.005393271800130606,0.005622513592243195,0.49940210580825806,0.4981863796710968,-0.07126045227050781,-0.006335809826850891,False
vit_base_patch16_224,pit_b_224,24,ILSVRC2012_val_00026088.JPEG,block12,random,True,-0.0011385235702618957,-0.0009147259988822043,0.5000929832458496,0.5002657175064087,-0.08718395233154297,-0.014979153871536255,False
vit_base_patch16_224,pit_b_224,25,ILSVRC2012_val_00026113.JPEG,block12,random,True,-0.002276215236634016,-0.001981953624635935,0.4978940784931183,0.4977877736091614,0.0029659271240234375,0.0026161745190620422,False
vit_base_patch16_224,pit_b_224,24,ILSVRC2012_val_00026088.JPEG,block12,no_drop,True,0.0029985117726027966,0.0029750573448836803,0.5016608238220215,0.5016541481018066,-0.044907569885253906,-0.006491959095001221,False
vit_base_patch16_224,pit_b_224,25,ILSVRC2012_val_00026113.JPEG,block12,no_drop,True,0.013990115374326706,0.014008598402142525,0.5009499788284302,0.5003321766853333,0.09549427032470703,0.013679541647434235,False
vit_base_patch16_224,pit_b_224,26,ILSVRC2012_val_00026139.JPEG,block12,selected,True,-0.00047278357669711113,0.00029500527307391167,0.5021856427192688,0.5030957460403442,0.03893089294433594,0.010528534650802612,False
vit_base_patch16_224,pit_b_224,27,ILSVRC2012_val_00026145.JPEG,block12,selected,True,0.010528001002967358,0.010880701243877411,0.5037468075752258,0.5042716264724731,0.6540451049804688,0.5087120532989502,True
vit_base_patch16_224,pit_b_224,26,ILSVRC2012_val_00026139.JPEG,block12,opposite,True,0.01302100345492363,0.012666057795286179,0.5022521018981934,0.5018667578697205,0.042174339294433594,0.012312084436416626,False
vit_base_patch16_224,pit_b_224,27,ILSVRC2012_val_00026145.JPEG,block12,opposite,True,0.02645523101091385,0.026849593967199326,0.5113865733146667,0.512715220451355,1.4385619163513184,1.2136073112487793,True
vit_base_patch16_224,pit_b_224,26,ILSVRC2012_val_00026139.JPEG,block12,deviation,True,0.010332394391298294,0.011345041915774345,0.5037733912467957,0.5039594173431396,0.0526123046875,0.017403438687324524,False
vit_base_patch16_224,pit_b_224,27,ILSVRC2012_val_00026145.JPEG,block12,deviation,True,0.016682900488376617,0.017607826739549637,0.5053279399871826,0.5065237283706665,1.0219650268554688,0.7738410234451294,True
vit_base_patch16_224,pit_b_224,26,ILSVRC2012_val_00026139.JPEG,block12,random,True,0.002996305702254176,0.004053824581205845,0.5015478730201721,0.5018866658210754,-0.04070568084716797,-0.005845919251441956,False
vit_base_patch16_224,pit_b_224,27,ILSVRC2012_val_00026145.JPEG,block12,random,True,0.012671336531639099,0.012218168005347252,0.5096659660339355,0.508390486240387,0.8535470962524414,0.7510678768157959,True
vit_base_patch16_224,pit_b_224,26,ILSVRC2012_val_00026139.JPEG,block12,no_drop,True,0.015492789447307587,0.01658598706126213,0.507247805595398,0.5077328085899353,0.10235786437988281,0.028081029653549194,False
vit_base_patch16_224,pit_b_224,27,ILSVRC2012_val_00026145.JPEG,block12,no_drop,True,0.018714748322963715,0.018861999735236168,0.5064041018486023,0.5058992505073547,0.9948453903198242,0.8248076438903809,True
vit_base_patch16_224,pit_b_224,28,ILSVRC2012_val_00026189.JPEG,block12,selected,True,0.0012074531987309456,0.0010979699436575174,0.4991496503353119,0.4987776279449463,-0.06272315979003906,-0.004284285008907318,False
vit_base_patch16_224,pit_b_224,29,ILSVRC2012_val_00026202.JPEG,block12,selected,True,0.012688223272562027,0.011936577968299389,0.504902720451355,0.5041055679321289,0.05217266082763672,0.006385356187820435,False
vit_base_patch16_224,pit_b_224,28,ILSVRC2012_val_00026189.JPEG,block12,opposite,True,-0.0017196489498019218,-0.002835760358721018,0.4992692470550537,0.4987643361091614,-0.07245445251464844,-0.005313314497470856,False
vit_base_patch16_224,pit_b_224,29,ILSVRC2012_val_00026202.JPEG,block12,opposite,True,0.013647621497511864,0.013820412568747997,0.5056933164596558,0.5038996338844299,0.012922286987304688,0.001948535442352295,False
vit_base_patch16_224,pit_b_224,28,ILSVRC2012_val_00026189.JPEG,block12,deviation,True,0.0034385770559310913,0.0032234303653240204,0.5003786683082581,0.5001328587532043,-0.06540203094482422,-0.004506424069404602,False
vit_base_patch16_224,pit_b_224,29,ILSVRC2012_val_00026202.JPEG,block12,deviation,True,0.0026255205739289522,0.002649407833814621,0.5047831535339355,0.5050156712532043,0.06922626495361328,0.00903225690126419,False
vit_base_patch16_224,pit_b_224,28,ILSVRC2012_val_00026189.JPEG,block12,random,True,-0.0038882791996002197,-0.004662581253796816,0.49982061982154846,0.49923601746559143,-0.04624462127685547,-0.0030706748366355896,False
vit_base_patch16_224,pit_b_224,29,ILSVRC2012_val_00026202.JPEG,block12,random,True,0.002779611386358738,0.0027803981211036444,0.5054010152816772,0.5045905113220215,0.1640329360961914,0.025616616010665894,False
vit_base_patch16_224,pit_b_224,28,ILSVRC2012_val_00026189.JPEG,block12,no_drop,True,0.003243450541049242,0.003450666321441531,0.5055139064788818,0.5055603981018066,0.05098438262939453,0.005911581218242645,False
vit_base_patch16_224,pit_b_224,29,ILSVRC2012_val_00026202.JPEG,block12,no_drop,True,0.011711708270013332,0.011943841353058815,0.5087026953697205,0.5081048011779785,0.15764427185058594,0.01871207356452942,False
vit_base_patch16_224,pit_b_224,30,ILSVRC2012_val_00026226.JPEG,block12,selected,True,0.0013093730667605996,0.0018792953342199326,0.49988043308258057,0.4996545612812042,-0.05398750305175781,-0.0022523626685142517,False
vit_base_patch16_224,pit_b_224,31,ILSVRC2012_val_00026280.JPEG,block12,selected,True,-0.000911073642782867,-0.0009346553706564009,0.499813973903656,0.49964791536331177,0.061448097229003906,0.013188377022743225,False
vit_base_patch16_224,pit_b_224,30,ILSVRC2012_val_00026226.JPEG,block12,opposite,True,-0.008923369459807873,-0.009257903322577477,0.4950906038284302,0.49580809473991394,-0.1238088607788086,-0.0107559934258461,False
vit_base_patch16_224,pit_b_224,31,ILSVRC2012_val_00026280.JPEG,block12,opposite,True,-0.002213930245488882,-0.0021595489233732224,0.500956654548645,0.5000996589660645,-0.041355133056640625,-0.0011468380689620972,False
vit_base_patch16_224,pit_b_224,30,ILSVRC2012_val_00026226.JPEG,block12,deviation,True,-0.003526128362864256,-0.0030084652826189995,0.4980601668357849,0.49756190180778503,0.021539688110351562,0.002002537250518799,False
vit_base_patch16_224,pit_b_224,31,ILSVRC2012_val_00026280.JPEG,block12,deviation,True,-0.003323647426441312,-0.004625305067747831,0.4999402165412903,0.4988839328289032,0.012998580932617188,0.008636102080345154,False
vit_base_patch16_224,pit_b_224,30,ILSVRC2012_val_00026226.JPEG,block12,random,True,0.0003811659989878535,0.001149730640463531,0.499136358499527,0.4993622303009033,-0.0077457427978515625,-0.002021878957748413,False
vit_base_patch16_224,pit_b_224,31,ILSVRC2012_val_00026280.JPEG,block12,random,True,0.004995766561478376,0.0051246932707726955,0.5020992755889893,0.5025975108146667,-0.07397079467773438,0.010260701179504395,False
vit_base_patch16_224,pit_b_224,30,ILSVRC2012_val_00026226.JPEG,block12,no_drop,True,-0.010541346855461597,-0.011582614853978157,0.49808672070503235,0.4963129758834839,-0.07386970520019531,-0.005196653306484222,False
vit_base_patch16_224,pit_b_224,31,ILSVRC2012_val_00026280.JPEG,block12,no_drop,True,-0.0001390752731822431,-0.0002305000671185553,0.5027503371238708,0.502909779548645,-0.0117950439453125,0.0051089078187942505,False
vit_base_patch16_224,pit_b_224,32,ILSVRC2012_val_00026315.JPEG,block12,selected,True,-0.002612522104755044,-0.003946586512029171,0.4966185688972473,0.49574166536331177,-0.014737129211425781,8.225440979003906e-05,False
vit_base_patch16_224,pit_b_224,33,ILSVRC2012_val_00026328.JPEG,block12,selected,True,0.0010073105804622173,-0.00013941433280706406,0.49999335408210754,0.4996013939380646,-0.053259849548339844,-0.00551692396402359,False
vit_base_patch16_224,pit_b_224,32,ILSVRC2012_val_00026315.JPEG,block12,opposite,True,0.0024037924595177174,0.002131225075572729,0.5001594424247742,0.5009831786155701,0.03324413299560547,0.006072685122489929,False
vit_base_patch16_224,pit_b_224,33,ILSVRC2012_val_00026328.JPEG,block12,opposite,True,0.007034421898424625,0.006191392429172993,0.502743661403656,0.5017737746238708,-0.010302543640136719,0.0025959312915802,False
vit_base_patch16_224,pit_b_224,32,ILSVRC2012_val_00026315.JPEG,block12,deviation,True,0.0024165851064026356,0.0020315672736614943,0.5010961294174194,0.5013818144798279,-0.031190872192382812,-0.0025401711463928223,False
vit_base_patch16_224,pit_b_224,33,ILSVRC2012_val_00026328.JPEG,block12,deviation,True,-0.0030287017580121756,-0.003295887028798461,0.5024380683898926,0.5033814311027527,-0.026633262634277344,0.0019357651472091675,False
vit_base_patch16_224,pit_b_224,32,ILSVRC2012_val_00026315.JPEG,block12,random,True,0.003965767100453377,0.0034469058737158775,0.49827274680137634,0.49831923842430115,-0.02475261688232422,-0.0010502040386199951,False
vit_base_patch16_224,pit_b_224,33,ILSVRC2012_val_00026328.JPEG,block12,random,True,-0.0071498192846775055,-0.007589937187731266,0.49697065353393555,0.49604061245918274,-0.04275798797607422,-0.0037553533911705017,False
vit_base_patch16_224,pit_b_224,32,ILSVRC2012_val_00026315.JPEG,block12,no_drop,True,0.0049290466122329235,0.003763502696529031,0.5031688213348389,0.5030758380889893,0.043541908264160156,0.007893726229667664,False
vit_base_patch16_224,pit_b_224,33,ILSVRC2012_val_00026328.JPEG,block12,no_drop,True,-0.0042505813762545586,-0.004770573228597641,0.5014947652816772,0.5013286471366882,-0.032939910888671875,-0.0024393126368522644,False
vit_base_patch16_224,pit_b_224,34,ILSVRC2012_val_00026332.JPEG,block12,selected,True,-0.0031987964175641537,-0.004181738011538982,0.498046875,0.4978010654449463,-0.15166187286376953,-0.007330223917961121,False
vit_base_patch16_224,pit_b_224,35,ILSVRC2012_val_00026390.JPEG,block12,selected,True,-0.0056920903734862804,-0.005678622517734766,0.4967248737812042,0.4974290430545807,-0.044887542724609375,-0.005165994167327881,False
vit_base_patch16_224,pit_b_224,34,ILSVRC2012_val_00026332.JPEG,block12,opposite,True,-0.00826316699385643,-0.007819557562470436,0.49695074558258057,0.49756190180778503,-0.04515838623046875,-0.0003835707902908325,False
vit_base_patch16_224,pit_b_224,35,ILSVRC2012_val_00026390.JPEG,block12,opposite,True,-0.0031739138066768646,-0.004280948080122471,0.49534305930137634,0.49453258514404297,-0.10489177703857422,-0.012515559792518616,False
vit_base_patch16_224,pit_b_224,34,ILSVRC2012_val_00026332.JPEG,block12,deviation,True,-7.709156488999724e-05,-0.00043674249900504947,0.5010695457458496,0.49962133169174194,-0.039229393005371094,-0.0004954710602760315,False
vit_base_patch16_224,pit_b_224,35,ILSVRC2012_val_00026390.JPEG,block12,deviation,True,0.001082477974705398,0.0004297145642340183,0.4971300959587097,0.4978276491165161,-0.010373115539550781,0.004144743084907532,False
vit_base_patch16_224,pit_b_224,34,ILSVRC2012_val_00026332.JPEG,block12,random,True,-0.0017175148241221905,-0.0017384090460836887,0.4994220435619354,0.49884405732154846,-0.06353569030761719,-0.002462819218635559,False
vit_base_patch16_224,pit_b_224,35,ILSVRC2012_val_00026390.JPEG,block12,random,True,-0.003592750523239374,-0.003028909908607602,0.49599409103393555,0.4970570206642151,-0.06760692596435547,-0.009615883231163025,False
vit_base_patch16_224,pit_b_224,34,ILSVRC2012_val_00026332.JPEG,block12,no_drop,True,-0.0030723274685442448,-0.0028779255226254463,0.5002391338348389,0.5000265836715698,-0.08830547332763672,-0.002567492425441742,False
vit_base_patch16_224,pit_b_224,35,ILSVRC2012_val_00026390.JPEG,block12,no_drop,True,0.004174357280135155,0.0040861256420612335,0.4982793927192688,0.4996013939380646,0.07860469818115234,0.012832343578338623,False
vit_base_patch16_224,pit_b_224,36,ILSVRC2012_val_00026397.JPEG,block12,selected,True,-0.0037778792902827263,-0.004003001376986504,0.4984853267669678,0.49869126081466675,-0.037856101989746094,-0.005177929997444153,False
vit_base_patch16_224,pit_b_224,37,ILSVRC2012_val_00026436.JPEG,block12,selected,True,0.00042662397027015686,0.0007789174560457468,0.4997209906578064,0.5003321766853333,-0.16909503936767578,-0.016816027462482452,False
vit_base_patch16_224,pit_b_224,36,ILSVRC2012_val_00026397.JPEG,block12,opposite,True,0.0072496915236115456,0.00790450070053339,0.5035474896430969,0.5026041865348816,0.09662246704101562,0.016277804970741272,False
vit_base_patch16_224,pit_b_224,37,ILSVRC2012_val_00026436.JPEG,block12,opposite,True,0.00010587356518954039,-0.0002794895553961396,0.5024513602256775,0.5032684803009033,-0.10215473175048828,-0.009206272661685944,False
vit_base_patch16_224,pit_b_224,36,ILSVRC2012_val_00026397.JPEG,block12,deviation,True,-0.008879239670932293,-0.009041587822139263,0.498159795999527,0.49841225147247314,-0.025498390197753906,-0.0027092397212982178,False
vit_base_patch16_224,pit_b_224,37,ILSVRC2012_val_00026436.JPEG,block12,deviation,True,0.0029571889899671078,0.003333332948386669,0.5030625462532043,0.5039793252944946,-0.08893585205078125,-0.006269484758377075,False
vit_base_patch16_224,pit_b_224,36,ILSVRC2012_val_00026397.JPEG,block12,random,True,-0.0003896190319210291,0.0002551543293520808,0.5032684803009033,0.5039128661155701,0.017792701721191406,0.003815487027168274,False
vit_base_patch16_224,pit_b_224,37,ILSVRC2012_val_00026436.JPEG,block12,random,True,-0.0002929623005911708,-0.00010688582551665604,0.5032817721366882,0.503700315952301,-0.12093067169189453,-0.011208347976207733,False
vit_base_patch16_224,pit_b_224,36,ILSVRC2012_val_00026397.JPEG,block12,no_drop,True,0.0012707761488854885,0.00140022998675704,0.504902720451355,0.5050156712532043,0.02573680877685547,0.004843994975090027,False
vit_base_patch16_224,pit_b_224,37,ILSVRC2012_val_00026436.JPEG,block12,no_drop,True,0.008968561887741089,0.009006932377815247,0.506610095500946,0.5075201988220215,-0.05145263671875,-0.003946878015995026,False
vit_base_patch16_224,pit_b_224,38,ILSVRC2012_val_00026490.JPEG,block12,selected,True,0.007219249382615089,0.008032098412513733,0.5044177770614624,0.5049293041229248,-0.008832931518554688,0.001960158348083496,False
vit_base_patch16_224,pit_b_224,39,ILSVRC2012_val_00026510.JPEG,block12,selected,True,0.01784021034836769,0.018971597775816917,0.5097058415412903,0.510177493095398,0.08146095275878906,0.040930941700935364,False
vit_base_patch16_224,pit_b_224,38,ILSVRC2012_val_00026490.JPEG,block12,opposite,True,0.005969941150397062,0.006115717813372612,0.5037866830825806,0.5032020807266235,-0.023502349853515625,0.0028764158487319946,False
vit_base_patch16_224,pit_b_224,39,ILSVRC2012_val_00026510.JPEG,block12,opposite,True,0.005506379995495081,0.005761337000876665,0.5088355541229248,0.5102572441101074,0.04986095428466797,0.018025323748588562,False
vit_base_patch16_224,pit_b_224,38,ILSVRC2012_val_00026490.JPEG,block12,deviation,True,0.00560888322070241,0.005380982533097267,0.5050289630889893,0.5041919350624084,-0.025618553161621094,-0.0004920810461044312,False
vit_base_patch16_224,pit_b_224,39,ILSVRC2012_val_00026510.JPEG,block12,deviation,True,0.024052061140537262,0.02424699068069458,0.5118715167045593,0.5129079222679138,0.09044170379638672,0.043550193309783936,False
vit_base_patch16_224,pit_b_224,38,ILSVRC2012_val_00026490.JPEG,block12,random,True,0.01181240938603878,0.012439321726560593,0.5065835118293762,0.5063111186027527,-0.02988147735595703,0.0016691535711288452,False
vit_base_patch16_224,pit_b_224,39,ILSVRC2012_val_00026510.JPEG,block12,random,True,0.015821397304534912,0.015816066414117813,0.5111873149871826,0.511492908000946,0.0928506851196289,0.03998836874961853,False
vit_base_patch16_224,pit_b_224,38,ILSVRC2012_val_00026490.JPEG,block12,no_drop,True,0.002476937137544155,0.0016314368695020676,0.5003587603569031,0.5001129508018494,-0.028564453125,-0.0005587190389633179,False
vit_base_patch16_224,pit_b_224,39,ILSVRC2012_val_00026510.JPEG,block12,no_drop,True,0.008817306719720364,0.009030564688146114,0.5116323828697205,0.5116323828697205,0.06004905700683594,0.017603978514671326,False
vit_base_patch16_224,pit_b_224,40,ILSVRC2012_val_00026559.JPEG,block12,selected,True,0.002777321031317115,0.003047227393835783,0.5040723085403442,0.5045506358146667,0.02977466583251953,0.003079146146774292,False
vit_base_patch16_224,pit_b_224,41,ILSVRC2012_val_00026627.JPEG,block12,selected,True,-0.0016109903808683157,-0.0020995582453906536,0.4993622303009033,0.49986714124679565,0.029512405395507812,0.0043448805809021,False
vit_base_patch16_224,pit_b_224,40,ILSVRC2012_val_00026559.JPEG,block12,opposite,True,-0.0014015162596479058,-0.0020028511062264442,0.5048097372055054,0.5052216053009033,0.0258941650390625,0.005655378103256226,False
vit_base_patch16_224,pit_b_224,41,ILSVRC2012_val_00026627.JPEG,block12,opposite,True,-0.001976998057216406,-0.002230017213150859,0.5004583597183228,0.5001195669174194,0.0171051025390625,0.002763092517852783,False
vit_base_patch16_224,pit_b_224,40,ILSVRC2012_val_00026559.JPEG,block12,deviation,True,0.0006609570700675249,-0.00037414650432765484,0.5040789842605591,0.5039328336715698,-0.015404701232910156,-0.0011789053678512573,False
vit_base_patch16_224,pit_b_224,41,ILSVRC2012_val_00026627.JPEG,block12,deviation,True,-0.004681237507611513,-0.005496912635862827,0.4995216727256775,0.4988042116165161,-0.010772705078125,-0.0010858029127120972,False
vit_base_patch16_224,pit_b_224,40,ILSVRC2012_val_00026559.JPEG,block12,random,True,-0.0047737532295286655,-0.005454959347844124,0.5027901530265808,0.5040856003761292,0.0203857421875,0.0027118325233459473,False
vit_base_patch16_224,pit_b_224,41,ILSVRC2012_val_00026627.JPEG,block12,random,True,0.003190967720001936,0.0038080490194261074,0.5000996589660645,0.5010496377944946,0.017595291137695312,0.0027575045824050903,False
vit_base_patch16_224,pit_b_224,40,ILSVRC2012_val_00026559.JPEG,block12,no_drop,True,-0.013341589830815792,-0.013741244561970234,0.5077128410339355,0.5087292790412903,0.0700845718383789,0.008327007293701172,False
vit_base_patch16_224,pit_b_224,41,ILSVRC2012_val_00026627.JPEG,block12,no_drop,True,-0.0018686809344217181,-0.0023686059284955263,0.5021657347679138,0.5014681816101074,0.0016279220581054688,0.0004630535840988159,False
vit_base_patch16_224,pit_b_224,42,ILSVRC2012_val_00026692.JPEG,block12,selected,True,0.03859546780586243,0.040777526795864105,0.5074471235275269,0.5076198577880859,0.13924121856689453,0.08773490786552429,False
vit_base_patch16_224,pit_b_224,43,ILSVRC2012_val_00026737.JPEG,block12,selected,True,-0.00020862743258476257,0.0009406791068613529,0.499813973903656,0.5012156963348389,0.03224468231201172,0.005587562918663025,False
vit_base_patch16_224,pit_b_224,42,ILSVRC2012_val_00026692.JPEG,block12,opposite,True,0.06181496009230614,0.06317472457885742,0.5127882957458496,0.5126089453697205,0.2091836929321289,0.1344912350177765,False
vit_base_patch16_224,pit_b_224,43,ILSVRC2012_val_00026737.JPEG,block12,opposite,True,-0.01014985516667366,-0.008896244689822197,0.5023118853569031,0.5043115019798279,0.02192974090576172,0.006481647491455078,False
vit_base_patch16_224,pit_b_224,42,ILSVRC2012_val_00026692.JPEG,block12,deviation,True,0.05773786082863808,0.06016520783305168,0.5129477381706238,0.5116057991981506,0.17148113250732422,0.10416600108146667,False
vit_base_patch16_224,pit_b_224,43,ILSVRC2012_val_00026737.JPEG,block12,deviation,True,0.004478657618165016,0.00538456067442894,0.5058128833770752,0.507413923740387,0.019191741943359375,0.006299689412117004,False
vit_base_patch16_224,pit_b_224,42,ILSVRC2012_val_00026692.JPEG,block12,random,True,0.059189338237047195,0.06248253583908081,0.5107687711715698,0.5105229616165161,0.20409870147705078,0.14248141646385193,False
vit_base_patch16_224,pit_b_224,43,ILSVRC2012_val_00026737.JPEG,block12,random,True,0.003871436696499586,0.005686062388122082,0.5061051845550537,0.506251335144043,0.05777740478515625,0.011949703097343445,False
vit_base_patch16_224,pit_b_224,42,ILSVRC2012_val_00026692.JPEG,block12,no_drop,True,0.06761014461517334,0.06875643134117126,0.5134925246238708,0.5135589241981506,0.24802112579345703,0.16066232323646545,False
vit_base_patch16_224,pit_b_224,43,ILSVRC2012_val_00026737.JPEG,block12,no_drop,True,0.017512047663331032,0.019722167402505875,0.5113400816917419,0.5120442509651184,0.12056636810302734,0.02693478763103485,False
vit_base_patch16_224,pit_b_224,44,ILSVRC2012_val_00026743.JPEG,block12,selected,True,0.013245338574051857,0.014260727912187576,0.5088621377944946,0.5094467401504517,0.813666820526123,0.6972582340240479,True
vit_base_patch16_224,pit_b_224,45,ILSVRC2012_val_00026754.JPEG,block12,selected,True,0.0038904480170458555,0.004168299958109856,0.4991895258426666,0.4977080821990967,0.013628005981445312,0.0055064857006073,False
vit_base_patch16_224,pit_b_224,44,ILSVRC2012_val_00026743.JPEG,block12,opposite,True,0.0014082916313782334,0.0005487665766850114,0.5004052519798279,0.49909651279449463,0.19700050354003906,0.1419438123703003,False
vit_base_patch16_224,pit_b_224,45,ILSVRC2012_val_00026754.JPEG,block12,opposite,True,0.006017424166202545,0.002840375527739525,0.49757519364356995,0.497163325548172,0.09175777435302734,0.018356457352638245,False
vit_base_patch16_224,pit_b_224,44,ILSVRC2012_val_00026743.JPEG,block12,deviation,True,-0.010477169416844845,-0.012311955913901329,0.5052016973495483,0.504902720451355,0.4337639808654785,0.2898390293121338,False
vit_base_patch16_224,pit_b_224,45,ILSVRC2012_val_00026754.JPEG,block12,deviation,True,-0.012785490602254868,-0.015621813014149666,0.4993954598903656,0.4985716938972473,-0.010941505432128906,-0.001701846718788147,False
vit_base_patch16_224,pit_b_224,44,ILSVRC2012_val_00026743.JPEG,block12,random,True,0.01165749505162239,0.01086790207773447,0.5053079724311829,0.5037335157394409,0.4271092414855957,0.30387628078460693,False
vit_base_patch16_224,pit_b_224,45,ILSVRC2012_val_00026754.JPEG,block12,random,True,-0.004607456270605326,-0.0031576643232256174,0.4998007118701935,0.49892377853393555,0.0935983657836914,0.016504183411598206,False
vit_base_patch16_224,pit_b_224,44,ILSVRC2012_val_00026743.JPEG,block12,no_drop,True,-0.000663046957924962,-0.0002658367156982422,0.5047233700752258,0.5048031210899353,0.4562983512878418,0.33899986743927,False
vit_base_patch16_224,pit_b_224,45,ILSVRC2012_val_00026754.JPEG,block12,no_drop,True,0.0035194451920688152,0.005144830327481031,0.5042118430137634,0.5044044852256775,0.1763324737548828,0.031122222542762756,False
vit_base_patch16_224,pit_b_224,46,ILSVRC2012_val_00026803.JPEG,block12,selected,True,-0.004032633733004332,-0.0034066257067024708,0.49940210580825806,0.49923601746559143,0.062015533447265625,0.013897493481636047,False
vit_base_patch16_224,pit_b_224,47,ILSVRC2012_val_00026901.JPEG,block12,selected,True,0.035750847309827805,0.03719500079751015,0.5126421451568604,0.5140106678009033,0.19962692260742188,0.11181994527578354,False
vit_base_patch16_224,pit_b_224,46,ILSVRC2012_val_00026803.JPEG,block12,opposite,True,0.0011674102861434221,0.0014015876222401857,0.4999535083770752,0.5010695457458496,0.02623271942138672,0.006551638245582581,False
vit_base_patch16_224,pit_b_224,47,ILSVRC2012_val_00026901.JPEG,block12,opposite,True,0.0415809229016304,0.04247693717479706,0.513107180595398,0.5150271058082581,0.33816051483154297,0.17097774147987366,False
vit_base_patch16_224,pit_b_224,46,ILSVRC2012_val_00026803.JPEG,block12,deviation,True,-9.248501737602055e-05,0.0003219666541554034,0.49924930930137634,0.5000863671302795,0.0053043365478515625,0.001380637288093567,False
vit_base_patch16_224,pit_b_224,47,ILSVRC2012_val_00026901.JPEG,block12,deviation,True,0.03271447867155075,0.033927347511053085,0.5091743469238281,0.5094666481018066,0.06789398193359375,0.055793486535549164,False
vit_base_patch16_224,pit_b_224,46,ILSVRC2012_val_00026803.JPEG,block12,random,True,-0.00423042057082057,-0.0039512100629508495,0.49935561418533325,0.49962133169174194,-0.0070858001708984375,0.0005941763520240784,False
vit_base_patch16_224,pit_b_224,47,ILSVRC2012_val_00026901.JPEG,block12,random,True,0.03709624707698822,0.03851190209388733,0.5115194320678711,0.5129610300064087,0.3610572814941406,0.2024056315422058,False
vit_base_patch16_224,pit_b_224,46,ILSVRC2012_val_00026803.JPEG,block12,no_drop,True,0.0012374648358672857,0.001476310077123344,0.4992426633834839,0.4999734163284302,-0.03764152526855469,-0.003475956618785858,False
vit_base_patch16_224,pit_b_224,47,ILSVRC2012_val_00026901.JPEG,block12,no_drop,True,0.04749894514679909,0.04743383824825287,0.5128746628761292,0.513671875,0.38022804260253906,0.22264620661735535,False
vit_base_patch16_224,pit_b_224,48,ILSVRC2012_val_00026916.JPEG,block12,selected,True,-0.012101159431040287,-0.012902441434562206,0.5000331997871399,0.5000730752944946,0.005740165710449219,-9.500235319137573e-05,False
vit_base_patch16_224,pit_b_224,49,ILSVRC2012_val_00026925.JPEG,block12,selected,True,0.0024307556450366974,0.0017329338006675243,0.4966982901096344,0.4976283609867096,0.006430625915527344,-0.0005133599042892456,False
vit_base_patch16_224,pit_b_224,48,ILSVRC2012_val_00026916.JPEG,block12,opposite,True,0.0014175628311932087,0.001962197944521904,0.5010629296302795,0.5009898543357849,-0.03674602508544922,-0.002958342432975769,False
vit_base_patch16_224,pit_b_224,49,ILSVRC2012_val_00026925.JPEG,block12,opposite,True,-0.0018145791254937649,-0.0016016450244933367,0.49746227264404297,0.4973958432674408,0.05845355987548828,0.03130500018596649,False
vit_base_patch16_224,pit_b_224,48,ILSVRC2012_val_00026916.JPEG,block12,deviation,True,-0.004047784488648176,-0.0036188438534736633,0.4986979067325592,0.4989570081233978,-0.0692739486694336,-0.005406871438026428,False
vit_base_patch16_224,pit_b_224,49,ILSVRC2012_val_00026925.JPEG,block12,deviation,True,0.0018014052184298635,0.002520860405638814,0.4988507032394409,0.49927589297294617,0.22754764556884766,0.05550104379653931,False
vit_base_patch16_224,pit_b_224,48,ILSVRC2012_val_00026916.JPEG,block12,random,True,-0.0026296861469745636,-0.0026604835875332355,0.4977346360683441,0.497953861951828,-0.03128623962402344,-0.002497263252735138,False
vit_base_patch16_224,pit_b_224,49,ILSVRC2012_val_00026925.JPEG,block12,random,True,-0.00511279609054327,-0.00519196642562747,0.49762171506881714,0.49755528569221497,-0.08357715606689453,-0.013835445046424866,False
vit_base_patch16_224,pit_b_224,48,ILSVRC2012_val_00026916.JPEG,block12,no_drop,True,-0.0035758414305746555,-0.004059756174683571,0.4997807741165161,0.4998472034931183,-0.03786659240722656,-0.002643965184688568,False
vit_base_patch16_224,pit_b_224,49,ILSVRC2012_val_00026925.JPEG,block12,no_drop,True,-0.0011651241220533848,-0.00234712241217494,0.5015744566917419,0.5012422800064087,0.1897125244140625,0.04085467755794525,False
vit_base_patch16_224,pit_b_224,50,ILSVRC2012_val_00026972.JPEG,block12,selected,True,0.005096104461699724,0.00568914320319891,0.5026041865348816,0.5029163956642151,0.11210346221923828,0.041322916746139526,False
vit_base_patch16_224,pit_b_224,51,ILSVRC2012_val_00027124.JPEG,block12,selected,True,-0.007505220361053944,-0.007289681117981672,0.4950906038284302,0.4958745241165161,-0.15173721313476562,-0.020548701286315918,False
vit_base_patch16_224,pit_b_224,50,ILSVRC2012_val_00026972.JPEG,block12,opposite,True,0.01782318204641342,0.01837994158267975,0.509014904499054,0.5090813636779785,0.1781911849975586,0.07250726222991943,False
vit_base_patch16_224,pit_b_224,51,ILSVRC2012_val_00027124.JPEG,block12,opposite,True,-0.0006068889051675797,-0.0005301625933498144,0.49897029995918274,0.4981863796710968,-0.13470458984375,-0.01705320179462433,False
vit_base_patch16_224,pit_b_224,50,ILSVRC2012_val_00026972.JPEG,block12,deviation,True,0.01175521407276392,0.012431669980287552,0.5065303444862366,0.506424069404602,0.18989086151123047,0.05919313430786133,False
vit_base_patch16_224,pit_b_224,51,ILSVRC2012_val_00027124.JPEG,block12,deviation,True,-0.0031324774026870728,-0.0031447894871234894,0.4981863796710968,0.4989171326160431,-0.14786148071289062,-0.020564645528793335,False
vit_base_patch16_224,pit_b_224,50,ILSVRC2012_val_00026972.JPEG,block12,random,True,0.008998261764645576,0.010207971557974815,0.5071282386779785,0.507413923740387,0.09343910217285156,0.04817233979701996,False
vit_base_patch16_224,pit_b_224,51,ILSVRC2012_val_00027124.JPEG,block12,random,True,0.0030511305667459965,0.0022539212368428707,0.4988573491573334,0.4978807866573334,-0.03214454650878906,-0.004199683666229248,False
vit_base_patch16_224,pit_b_224,50,ILSVRC2012_val_00026972.JPEG,block12,no_drop,True,0.01320747658610344,0.013805567286908627,0.5104631781578064,0.5106292366981506,0.10433769226074219,0.06336088478565216,False
vit_base_patch16_224,pit_b_224,51,ILSVRC2012_val_00027124.JPEG,block12,no_drop,True,0.0002482137642800808,0.0001282090088352561,0.497933954000473,0.4980136454105377,-0.10500144958496094,-0.012897372245788574,False
vit_base_patch16_224,pit_b_224,52,ILSVRC2012_val_00027141.JPEG,block12,selected,True,0.018687766045331955,0.017827585339546204,0.5048894286155701,0.5040192008018494,0.10558223724365234,0.01260232925415039,False
vit_base_patch16_224,pit_b_224,53,ILSVRC2012_val_00027148.JPEG,block12,selected,True,0.010158281773328781,0.010605818592011929,0.5009167790412903,0.502139151096344,0.01913738250732422,0.002147972583770752,False
vit_base_patch16_224,pit_b_224,52,ILSVRC2012_val_00027141.JPEG,block12,opposite,True,-0.00016671954654157162,4.000659100711346e-05,0.5041254758834839,0.5045174360275269,0.10529327392578125,0.01142120361328125,False
vit_base_patch16_224,pit_b_224,53,ILSVRC2012_val_00027148.JPEG,block12,opposite,True,0.0008171780500560999,0.00012390397023409605,0.49977412819862366,0.5006377696990967,0.01018524169921875,0.0008461922407150269,False
vit_base_patch16_224,pit_b_224,52,ILSVRC2012_val_00027141.JPEG,block12,deviation,True,0.006024094298481941,0.00489133270457387,0.5049492716789246,0.5042317509651184,0.12014579772949219,0.012951493263244629,False
vit_base_patch16_224,pit_b_224,53,ILSVRC2012_val_00027148.JPEG,block12,deviation,True,-0.002460490446537733,-0.003171677701175213,0.5001993179321289,0.5006842613220215,-0.026365280151367188,-0.0032378435134887695,False
vit_base_patch16_224,pit_b_224,52,ILSVRC2012_val_00027141.JPEG,block12,random,True,0.010614373721182346,0.010403798893094063,0.5075733661651611,0.5077128410339355,0.19301223754882812,0.024559319019317627,False
vit_base_patch16_224,pit_b_224,53,ILSVRC2012_val_00027148.JPEG,block12,random,True,-0.0017076900694519281,-0.0012189149856567383,0.4990898668766022,0.5005115270614624,0.021332740783691406,0.0024446994066238403,False
vit_base_patch16_224,pit_b_224,52,ILSVRC2012_val_00027141.JPEG,block12,no_drop,True,-0.0010617987718433142,0.00039011891931295395,0.5071880221366882,0.5072013139724731,0.1288890838623047,0.015583410859107971,False
vit_base_patch16_224,pit_b_224,53,ILSVRC2012_val_00027148.JPEG,block12,no_drop,True,0.00318183028139174,0.005145000293850899,0.5022454261779785,0.5035674571990967,-0.013781547546386719,-0.0012997835874557495,False
vit_base_patch16_224,pit_b_224,54,ILSVRC2012_val_00027201.JPEG,block12,selected,True,-0.0020130989141762257,-0.0009166875388473272,0.5019199252128601,0.5030957460403442,-0.2486562728881836,-0.04002803564071655,False
vit_base_patch16_224,pit_b_224,55,ILSVRC2012_val_00027287.JPEG,block12,selected,True,0.009844432584941387,0.010291676968336105,0.5069687962532043,0.5073541402816772,-0.011406898498535156,0.00024762749671936035,False
vit_base_patch16_224,pit_b_224,54,ILSVRC2012_val_00027201.JPEG,block12,opposite,True,0.004497456829994917,0.004753858782351017,0.503115713596344,0.5030293464660645,-0.23932838439941406,-0.03958703577518463,False
vit_base_patch16_224,pit_b_224,55,ILSVRC2012_val_00027287.JPEG,block12,opposite,True,-0.0008428703295066953,-0.0008734665461815894,0.5035275816917419,0.5043845772743225,-0.044269561767578125,-0.0045255571603775024,False
vit_base_patch16_224,pit_b_224,54,ILSVRC2012_val_00027201.JPEG,block12,deviation,True,-4.4693530071526766e-05,-0.00041445932583883405,0.4995681941509247,0.49901679158210754,-0.25959014892578125,-0.04215405881404877,False
vit_base_patch16_224,pit_b_224,55,ILSVRC2012_val_00027287.JPEG,block12,deviation,True,0.008683903142809868,0.00968336034566164,0.5038265585899353,0.5047698616981506,0.07018375396728516,0.012570396065711975,False
vit_base_patch16_224,pit_b_224,54,ILSVRC2012_val_00027201.JPEG,block12,random,True,0.0023224090691655874,0.003252066671848297,0.502537727355957,0.5029163956642151,-0.21595096588134766,-0.03613342344760895,False
vit_base_patch16_224,pit_b_224,55,ILSVRC2012_val_00027287.JPEG,block12,random,True,0.01165730319917202,0.012066401541233063,0.5083639025688171,0.5085233449935913,0.07323837280273438,0.013181164860725403,False
vit_base_patch16_224,pit_b_224,54,ILSVRC2012_val_00027201.JPEG,block12,no_drop,True,0.010571581311523914,0.011834796518087387,0.5087292790412903,0.5098851919174194,-0.16611862182617188,-0.02720041573047638,False
vit_base_patch16_224,pit_b_224,55,ILSVRC2012_val_00027287.JPEG,block12,no_drop,True,0.015269174240529537,0.01564469188451767,0.5035408735275269,0.5038530826568604,0.021032333374023438,0.005649209022521973,False
vit_base_patch16_224,pit_b_224,56,ILSVRC2012_val_00027348.JPEG,block12,selected,True,0.010643078945577145,0.01064610667526722,0.5051219463348389,0.5056202411651611,0.011445045471191406,0.041005104780197144,False
vit_base_patch16_224,pit_b_224,57,ILSVRC2012_val_00027385.JPEG,block12,selected,True,-0.005691389553248882,-0.006128312554210424,0.49591436982154846,0.4969175159931183,-0.08863353729248047,-0.011627331376075745,False
vit_base_patch16_224,pit_b_224,56,ILSVRC2012_val_00027348.JPEG,block12,opposite,True,0.006896953098475933,0.007542124018073082,0.505839467048645,0.5064173936843872,0.14055633544921875,0.09373091161251068,False
vit_base_patch16_224,pit_b_224,57,ILSVRC2012_val_00027385.JPEG,block12,opposite,True,-0.003933985251933336,-0.004246069118380547,0.4984653890132904,0.4992825388908386,-0.0648956298828125,-0.008009612560272217,False
vit_base_patch16_224,pit_b_224,56,ILSVRC2012_val_00027348.JPEG,block12,deviation,True,0.009073849767446518,0.01042222511023283,0.5009233951568604,0.5015345811843872,0.06072521209716797,0.0666143000125885,False
vit_base_patch16_224,pit_b_224,57,ILSVRC2012_val_00027385.JPEG,block12,deviation,True,-0.010006084106862545,-0.010516933165490627,0.49658533930778503,0.4960472583770752,-0.12108230590820312,-0.014847591519355774,False
vit_base_patch16_224,pit_b_224,56,ILSVRC2012_val_00027348.JPEG,block12,random,True,0.018709365278482437,0.01914568431675434,0.5077128410339355,0.5080051422119141,0.10060596466064453,0.07504463195800781,False
vit_base_patch16_224,pit_b_224,57,ILSVRC2012_val_00027385.JPEG,block12,random,True,-0.004829523153603077,-0.005238753743469715,0.4975021183490753,0.49677136540412903,-0.11533164978027344,-0.015276700258255005,False
vit_base_patch16_224,pit_b_224,56,ILSVRC2012_val_00027348.JPEG,block12,no_drop,True,0.012737820856273174,0.012705804780125618,0.5070086717605591,0.5085499286651611,0.43230628967285156,0.2572302222251892,False
vit_base_patch16_224,pit_b_224,57,ILSVRC2012_val_00027385.JPEG,block12,no_drop,True,-0.007584444247186184,-0.008120303973555565,0.5002458095550537,0.5005049109458923,-0.0056667327880859375,0.0006502866744995117,False
vit_base_patch16_224,pit_b_224,58,ILSVRC2012_val_00027498.JPEG,block12,selected,True,-0.00414004921913147,-0.004026575945317745,0.5008171200752258,0.5011692047119141,-0.2505178451538086,-0.03155241906642914,False
vit_base_patch16_224,pit_b_224,59,ILSVRC2012_val_00027530.JPEG,block12,selected,True,-0.0010021142661571503,-0.0005074264481663704,0.5026772618293762,0.5024247765541077,0.059210777282714844,0.009502366185188293,False
vit_base_patch16_224,pit_b_224,58,ILSVRC2012_val_00027498.JPEG,block12,opposite,True,-0.004819090943783522,-0.00476490706205368,0.5013951063156128,0.5004783272743225,-0.17061519622802734,-0.02187258005142212,False
vit_base_patch16_224,pit_b_224,59,ILSVRC2012_val_00027530.JPEG,block12,opposite,True,-0.006986172869801521,-0.005950029939413071,0.5015212893486023,0.5023982524871826,0.06539535522460938,0.013268649578094482,False
vit_base_patch16_224,pit_b_224,58,ILSVRC2012_val_00027498.JPEG,block12,deviation,True,-0.00835307314991951,-0.008738545700907707,0.49932238459587097,0.49904337525367737,-0.21959209442138672,-0.027519382536411285,False
vit_base_patch16_224,pit_b_224,59,ILSVRC2012_val_00027530.JPEG,block12,deviation,True,0.004511585924774408,0.006121590733528137,0.5038065910339355,0.504278302192688,0.10558414459228516,0.027914777398109436,False
vit_base_patch16_224,pit_b_224,58,ILSVRC2012_val_00027498.JPEG,block12,random,True,0.004095907788723707,0.00436349818482995,0.49867135286331177,0.49927589297294617,-0.18709182739257812,-0.02405121922492981,False
vit_base_patch16_224,pit_b_224,59,ILSVRC2012_val_00027530.JPEG,block12,random,True,-0.004503571428358555,-0.0037246595602482557,0.5023118853569031,0.5012555718421936,0.13524150848388672,0.02596345543861389,False
vit_base_patch16_224,pit_b_224,58,ILSVRC2012_val_00027498.JPEG,block12,no_drop,True,-0.003735119476914406,-0.0037989947013556957,0.5051020383834839,0.5053146481513977,-0.1308460235595703,-0.017586231231689453,False
vit_base_patch16_224,pit_b_224,59,ILSVRC2012_val_00027530.JPEG,block12,no_drop,True,0.005148352589458227,0.005945171695202589,0.5026307106018066,0.5032684803009033,0.07426929473876953,0.012637510895729065,False
vit_base_patch16_224,pit_b_224,60,ILSVRC2012_val_00027633.JPEG,block12,selected,True,0.005318612325936556,0.004991381429135799,0.5021324753761292,0.5024181604385376,0.10120391845703125,0.01397542655467987,False
vit_base_patch16_224,pit_b_224,61,ILSVRC2012_val_00027636.JPEG,block12,selected,True,0.009343435987830162,0.009173746220767498,0.5043978691101074,0.5038397908210754,0.05062675476074219,0.03390908241271973,False
vit_base_patch16_224,pit_b_224,60,ILSVRC2012_val_00027633.JPEG,block12,opposite,True,-0.007447167299687862,-0.008273817598819733,0.4981531798839569,0.4989437162876129,0.08509540557861328,0.01126573234796524,False
vit_base_patch16_224,pit_b_224,61,ILSVRC2012_val_00027636.JPEG,block12,opposite,True,0.004358295351266861,0.0050008948892354965,0.5029761791229248,0.5026772618293762,0.06900787353515625,0.03805454075336456,False
vit_base_patch16_224,pit_b_224,60,ILSVRC2012_val_00027633.JPEG,block12,deviation,True,-0.0013620753306895494,-0.0018653767183423042,0.4977014362812042,0.49825945496559143,0.17126083374023438,0.021470144391059875,False
vit_base_patch16_224,pit_b_224,61,ILSVRC2012_val_00027636.JPEG,block12,deviation,True,0.0038255085237324238,0.004235290922224522,0.5034611225128174,0.5027370452880859,0.004069328308105469,0.0011061131954193115,False
vit_base_patch16_224,pit_b_224,60,ILSVRC2012_val_00027633.JPEG,block12,random,True,-0.002485698089003563,-0.002334472257643938,0.4971168041229248,0.4972231090068817,0.1860342025756836,0.021644718945026398,False
vit_base_patch16_224,pit_b_224,61,ILSVRC2012_val_00027636.JPEG,block12,random,True,0.00814793910831213,0.008598512038588524,0.5034146308898926,0.5036538243293762,-0.02803325653076172,0.011016130447387695,False
vit_base_patch16_224,pit_b_224,60,ILSVRC2012_val_00027633.JPEG,block12,no_drop,True,-0.003234117990359664,-0.002413234207779169,0.4966849982738495,0.4972364008426666,0.16407108306884766,0.018159925937652588,False
vit_base_patch16_224,pit_b_224,61,ILSVRC2012_val_00027636.JPEG,block12,no_drop,True,0.018363218754529953,0.018328990787267685,0.5077328085899353,0.5080782175064087,0.10636234283447266,0.039434194564819336,False
vit_base_patch16_224,pit_b_224,62,ILSVRC2012_val_00027657.JPEG,block12,selected,True,0.0025212166365236044,0.0024526440538465977,0.5017870664596558,0.5006377696990967,0.07750988006591797,0.012055210769176483,False
vit_base_patch16_224,pit_b_224,63,ILSVRC2012_val_00027790.JPEG,block12,selected,True,0.012795757502317429,0.013320197351276875,0.5047632455825806,0.5039394497871399,-0.043532371520996094,0.01201850175857544,False
vit_base_patch16_224,pit_b_224,62,ILSVRC2012_val_00027657.JPEG,block12,opposite,True,0.02101818472146988,0.022863823920488358,0.5108086466789246,0.5094268321990967,0.17161846160888672,0.025715701282024384,False
vit_base_patch16_224,pit_b_224,63,ILSVRC2012_val_00027790.JPEG,block12,opposite,True,0.019708918407559395,0.02082890458405018,0.5056002736091614,0.5064506530761719,0.042511940002441406,0.020355790853500366,False
vit_base_patch16_224,pit_b_224,62,ILSVRC2012_val_00027657.JPEG,block12,deviation,True,0.013278290629386902,0.014788998290896416,0.5035474896430969,0.5029761791229248,0.119476318359375,0.020746193826198578,False
vit_base_patch16_224,pit_b_224,63,ILSVRC2012_val_00027790.JPEG,block12,deviation,True,0.012324199080467224,0.012552938424050808,0.504470944404602,0.5056069493293762,0.01236724853515625,0.011789202690124512,False
vit_base_patch16_224,pit_b_224,62,ILSVRC2012_val_00027657.JPEG,block12,random,True,0.01763230375945568,0.019725654274225235,0.5069887042045593,0.5069687962532043,0.10467052459716797,0.017506994307041168,False
vit_base_patch16_224,pit_b_224,63,ILSVRC2012_val_00027790.JPEG,block12,random,True,0.020560812205076218,0.02146988734602928,0.5075069069862366,0.5069289207458496,0.057861328125,0.037343889474868774,False
vit_base_patch16_224,pit_b_224,62,ILSVRC2012_val_00027657.JPEG,block12,no_drop,True,0.013662399724125862,0.014550777152180672,0.5020992755889893,0.5029828548431396,0.06683731079101562,0.009796619415283203,False
vit_base_patch16_224,pit_b_224,63,ILSVRC2012_val_00027790.JPEG,block12,no_drop,True,0.03622124344110489,0.03811170160770416,0.512110710144043,0.5127285122871399,0.17807531356811523,0.11957314610481262,False
vit_base_patch16_224,visformer_small,0,ILSVRC2012_val_00024479.JPEG,block12,selected,True,0.0019820909947156906,0.0030538905411958694,0.4995216727256775,0.4998737871646881,-0.18773937225341797,-0.03225219249725342,False
vit_base_patch16_224,visformer_small,1,ILSVRC2012_val_00024540.JPEG,block12,selected,True,-0.0011656270362436771,-0.0016588934231549501,0.4993622303009033,0.49932238459587097,-0.28472471237182617,-0.09175446629524231,False
vit_base_patch16_224,visformer_small,0,ILSVRC2012_val_00024479.JPEG,block12,opposite,True,-0.0008193369139917195,-0.0015308464644476771,0.5034345984458923,0.5037999749183655,-0.07725811004638672,-0.01508370041847229,False
vit_base_patch16_224,visformer_small,1,ILSVRC2012_val_00024540.JPEG,block12,opposite,True,0.0010063243098556995,0.001090338220819831,0.49935561418533325,0.4993622303009033,-0.1220388412475586,-0.03667902946472168,False
vit_base_patch16_224,visformer_small,0,ILSVRC2012_val_00024479.JPEG,block12,deviation,True,-0.0022118045017123222,-0.001643793424591422,0.5026838779449463,0.5030359625816345,-0.06186199188232422,-0.007442206144332886,False
vit_base_patch16_224,visformer_small,1,ILSVRC2012_val_00024540.JPEG,block12,deviation,True,0.0012820428237318993,0.0019244077848270535,0.4991762340068817,0.5003387928009033,-0.18309545516967773,-0.05498087406158447,False
vit_base_patch16_224,visformer_small,0,ILSVRC2012_val_00024479.JPEG,block12,random,True,0.004428152926266193,0.005891694221645594,0.5020527839660645,0.503321647644043,-0.05956745147705078,-0.0088309645652771,False
vit_base_patch16_224,visformer_small,1,ILSVRC2012_val_00024540.JPEG,block12,random,True,-0.0031860764138400555,-0.0037018703296780586,0.4991297423839569,0.49857833981513977,-0.30629968643188477,-0.09776216745376587,False
vit_base_patch16_224,visformer_small,0,ILSVRC2012_val_00024479.JPEG,block12,no_drop,True,-0.0034491808619350195,-0.0024904406163841486,0.5000265836715698,0.49968111515045166,-0.129425048828125,-0.024811267852783203,False
vit_base_patch16_224,visformer_small,1,ILSVRC2012_val_00024540.JPEG,block12,no_drop,True,0.002174046356230974,0.003737843129783869,0.49748221039772034,0.49875107407569885,-0.19713592529296875,-0.056086838245391846,False
vit_base_patch16_224,visformer_small,2,ILSVRC2012_val_00024550.JPEG,block12,selected,True,-0.001915207365527749,0.0004864626098424196,0.49498432874679565,0.4958346486091614,0.011063575744628906,0.00854232907295227,False
vit_base_patch16_224,visformer_small,3,ILSVRC2012_val_00024609.JPEG,block12,selected,True,0.010333742015063763,0.011847654357552528,0.5090348720550537,0.5091212391853333,0.05861186981201172,0.04043501615524292,False
vit_base_patch16_224,visformer_small,2,ILSVRC2012_val_00024550.JPEG,block12,opposite,True,-0.005432245321571827,-0.007662327494472265,0.49711015820503235,0.49593430757522583,-0.11326313018798828,-0.017641589045524597,False
vit_base_patch16_224,visformer_small,3,ILSVRC2012_val_00024609.JPEG,block12,opposite,True,0.006812927778810263,0.005515902768820524,0.5086495280265808,0.5084103941917419,0.03739738464355469,0.033811211585998535,False
vit_base_patch16_224,visformer_small,2,ILSVRC2012_val_00024550.JPEG,block12,deviation,True,0.005459769628942013,0.005975192412734032,0.500584602355957,0.5014017224311829,0.004902839660644531,0.008031874895095825,False
vit_base_patch16_224,visformer_small,3,ILSVRC2012_val_00024609.JPEG,block12,deviation,True,0.0008156630210578442,0.0013886044034734368,0.505487322807312,0.5061184763908386,-0.005141258239746094,0.01846599578857422,False
vit_base_patch16_224,visformer_small,2,ILSVRC2012_val_00024550.JPEG,block12,random,True,0.005416060797870159,0.007511311676353216,0.4969308078289032,0.49715667963027954,0.043206214904785156,0.0138816237449646,False
vit_base_patch16_224,visformer_small,3,ILSVRC2012_val_00024609.JPEG,block12,random,True,0.005665934178978205,0.004528512246906757,0.504902720451355,0.504298210144043,0.013888359069824219,0.020520567893981934,False
vit_base_patch16_224,visformer_small,2,ILSVRC2012_val_00024550.JPEG,block12,no_drop,True,0.004286431707441807,0.0045561594888567924,0.5004982352256775,0.499229371547699,0.0072879791259765625,0.0078057050704956055,False
vit_base_patch16_224,visformer_small,3,ILSVRC2012_val_00024609.JPEG,block12,no_drop,True,0.014644742012023926,0.013118715956807137,0.5061915516853333,0.5048961043357849,-0.006663322448730469,0.02147352695465088,False
vit_base_patch16_224,visformer_small,4,ILSVRC2012_val_00024637.JPEG,block12,selected,True,0.026043280959129333,0.03226557374000549,0.5059922337532043,0.507400631904602,0.23633766174316406,0.13586735725402832,False
vit_base_patch16_224,visformer_small,5,ILSVRC2012_val_00024710.JPEG,block12,selected,True,0.007321612909436226,0.006837341468781233,0.4966982901096344,0.49574166536331177,0.006794929504394531,0.002683579921722412,False
vit_base_patch16_224,visformer_small,4,ILSVRC2012_val_00024637.JPEG,block12,opposite,True,0.08270937204360962,0.08880886435508728,0.5168008804321289,0.5166547298431396,0.6361336708068848,0.416429340839386,False
vit_base_patch16_224,visformer_small,5,ILSVRC2012_val_00024710.JPEG,block12,opposite,True,0.00015635136514902115,0.0009451247751712799,0.4980933666229248,0.49851855635643005,0.06308555603027344,0.019349485635757446,False
vit_base_patch16_224,visformer_small,4,ILSVRC2012_val_00024637.JPEG,block12,deviation,True,0.03501005470752716,0.038291703909635544,0.506816029548645,0.5071216225624084,0.2682514190673828,0.15051400661468506,False
vit_base_patch16_224,visformer_small,5,ILSVRC2012_val_00024710.JPEG,block12,deviation,True,-0.0013570892624557018,-0.0016294035594910383,0.49722975492477417,0.49732276797294617,-0.09025096893310547,-0.027502477169036865,False
vit_base_patch16_224,visformer_small,4,ILSVRC2012_val_00024637.JPEG,block12,random,True,0.03576331585645676,0.04150840640068054,0.5095995664596558,0.5118582844734192,0.3327159881591797,0.18869370222091675,False
vit_base_patch16_224,visformer_small,5,ILSVRC2012_val_00024710.JPEG,block12,random,True,0.010972718708217144,0.011215155944228172,0.4969640076160431,0.49614688754081726,0.0038127899169921875,0.00039896368980407715,False
vit_base_patch16_224,visformer_small,4,ILSVRC2012_val_00024637.JPEG,block12,no_drop,True,0.08299471437931061,0.09115789830684662,0.5193983912467957,0.5206007957458496,0.7536582946777344,0.4839850068092346,False
vit_base_patch16_224,visformer_small,5,ILSVRC2012_val_00024710.JPEG,block12,no_drop,True,-0.007928445003926754,-0.008629403077065945,0.503494381904602,0.5032352805137634,0.03297996520996094,0.011958181858062744,False
vit_base_patch16_224,visformer_small,6,ILSVRC2012_val_00024753.JPEG,block12,selected,True,0.004766036756336689,0.005039160139858723,0.503301739692688,0.5030891299247742,0.1109766960144043,0.0420917272567749,False
vit_base_patch16_224,visformer_small,7,ILSVRC2012_val_00024781.JPEG,block12,selected,True,0.014264720492064953,0.015329352580010891,0.5086362957954407,0.5094600319862366,0.2355060577392578,0.2803008556365967,False
vit_base_patch16_224,visformer_small,6,ILSVRC2012_val_00024753.JPEG,block12,opposite,True,0.014739627949893475,0.016488831490278244,0.505859375,0.5066366195678711,0.328824520111084,0.14030510187149048,False
vit_base_patch16_224,visformer_small,7,ILSVRC2012_val_00024781.JPEG,block12,opposite,True,0.020922856405377388,0.021078696474432945,0.509785532951355,0.5098519921302795,0.36676025390625,0.34877991676330566,True
vit_base_patch16_224,visformer_small,6,ILSVRC2012_val_00024753.JPEG,block12,deviation,True,0.00963146984577179,0.012054802849888802,0.5053943395614624,0.5064107775688171,0.2745347023010254,0.10046690702438354,False
vit_base_patch16_224,visformer_small,7,ILSVRC2012_val_00024781.JPEG,block12,deviation,True,0.02166503667831421,0.02219432219862938,0.5124362111091614,0.5117054581642151,0.39263153076171875,0.384942889213562,True
vit_base_patch16_224,visformer_small,6,ILSVRC2012_val_00024753.JPEG,block12,random,True,0.00951510388404131,0.00976397842168808,0.5044310688972473,0.5050821304321289,0.22927045822143555,0.09070932865142822,False
vit_base_patch16_224,visformer_small,7,ILSVRC2012_val_00024781.JPEG,block12,random,True,0.015621315687894821,0.01571737602353096,0.509765625,0.5092939734458923,0.4148216247558594,0.39306914806365967,True
vit_base_patch16_224,visformer_small,6,ILSVRC2012_val_00024753.JPEG,block12,no_drop,True,0.006260440684854984,0.00653264531865716,0.5065635442733765,0.5077328085899353,0.2627429962158203,0.09466433525085449,False
vit_base_patch16_224,visformer_small,7,ILSVRC2012_val_00024781.JPEG,block12,no_drop,True,0.022786594927310944,0.02413889952003956,0.5141900777816772,0.5143494606018066,0.4124598503112793,0.40235626697540283,True
vit_base_patch16_224,visformer_small,8,ILSVRC2012_val_00024926.JPEG,block12,selected,True,0.005425654351711273,0.006939447019249201,0.5023982524871826,0.5036471486091614,0.06125307083129883,0.02138274908065796,False
vit_base_patch16_224,visformer_small,9,ILSVRC2012_val_00025075.JPEG,block12,selected,True,0.0027261395007371902,0.0024386299774050713,0.5010562539100647,0.4997408986091614,0.05849647521972656,0.02209031581878662,False
vit_base_patch16_224,visformer_small,8,ILSVRC2012_val_00024926.JPEG,block12,opposite,True,0.0067162103950977325,0.00740576907992363,0.5042915344238281,0.5064904689788818,0.0599217414855957,0.015079259872436523,False
vit_base_patch16_224,visformer_small,9,ILSVRC2012_val_00025075.JPEG,block12,opposite,True,-0.0006421199068427086,-0.000778835965320468,0.5017405152320862,0.5020726919174194,0.05548572540283203,0.025703102350234985,False
vit_base_patch16_224,visformer_small,8,ILSVRC2012_val_00024926.JPEG,block12,deviation,True,0.009703090414404869,0.010359857231378555,0.5027769207954407,0.5038597583770752,0.08316993713378906,0.02568650245666504,False
vit_base_patch16_224,visformer_small,9,ILSVRC2012_val_00025075.JPEG,block12,deviation,True,0.008245306089520454,0.007922508753836155,0.5019132494926453,0.5013353228569031,0.0682229995727539,0.028347402811050415,False
vit_base_patch16_224,visformer_small,8,ILSVRC2012_val_00024926.JPEG,block12,random,True,-0.0020993435755372047,-0.0018836644012480974,0.503700315952301,0.5041919350624084,0.027215003967285156,0.009592384099960327,False
vit_base_patch16_224,visformer_small,9,ILSVRC2012_val_00025075.JPEG,block12,random,True,0.001296652015298605,0.0011376398615539074,0.5031887888908386,0.5037534832954407,0.06873750686645508,0.02228224277496338,False
vit_base_patch16_224,visformer_small,8,ILSVRC2012_val_00024926.JPEG,block12,no_drop,True,0.019300410524010658,0.020696111023426056,0.5053677558898926,0.506630003452301,0.1463303565979004,0.041765570640563965,False
vit_base_patch16_224,visformer_small,9,ILSVRC2012_val_00025075.JPEG,block12,no_drop,True,-0.004439156968146563,-0.0040666451677680016,0.4996146857738495,0.5009831786155701,0.021008014678955078,0.006830006837844849,False
vit_base_patch16_224,visformer_small,10,ILSVRC2012_val_00025315.JPEG,block12,selected,True,-0.005267070606350899,-0.005192436743527651,0.4988839328289032,0.49877098202705383,-0.058071136474609375,-0.011945843696594238,False
vit_base_patch16_224,visformer_small,11,ILSVRC2012_val_00025390.JPEG,block12,selected,True,0.010424762032926083,0.010404873639345169,0.5027170777320862,0.5019597411155701,0.18439102172851562,0.0625256597995758,False
vit_base_patch16_224,visformer_small,10,ILSVRC2012_val_00025315.JPEG,block12,opposite,True,-0.003902735421434045,-0.005582762416452169,0.5026772618293762,0.5014150142669678,-0.03346538543701172,-0.002297818660736084,False
vit_base_patch16_224,visformer_small,11,ILSVRC2012_val_00025390.JPEG,block12,opposite,True,0.004824239760637283,0.005195355974137783,0.5026108026504517,0.5027104616165161,0.15142250061035156,0.050501227378845215,False
vit_base_patch16_224,visformer_small,10,ILSVRC2012_val_00025315.JPEG,block12,deviation,True,-0.0033273654989898205,-0.003109462559223175,0.4990234375,0.4988042116165161,-0.033392906188964844,-0.005681335926055908,False
vit_base_patch16_224,visformer_small,11,ILSVRC2012_val_00025390.JPEG,block12,deviation,True,0.0007982871029525995,0.0006461299490183592,0.500584602355957,0.49934232234954834,0.0942678451538086,0.042252689599990845,False
vit_base_patch16_224,visformer_small,10,ILSVRC2012_val_00025315.JPEG,block12,random,True,-0.0014966395683586597,-0.0023692676331847906,0.49863147735595703,0.4980003833770752,-0.024333953857421875,-0.0022623836994171143,False
vit_base_patch16_224,visformer_small,11,ILSVRC2012_val_00025390.JPEG,block12,random,True,0.006697995588183403,0.007167479023337364,0.5022122263908386,0.5025975108146667,0.10506439208984375,0.04886627197265625,False
vit_base_patch16_224,visformer_small,10,ILSVRC2012_val_00025315.JPEG,block12,no_drop,True,-0.015675436705350876,-0.016816318035125732,0.4974290430545807,0.4961601793766022,-0.12907981872558594,-0.026787519454956055,False
vit_base_patch16_224,visformer_small,11,ILSVRC2012_val_00025390.JPEG,block12,no_drop,True,0.009003273211419582,0.008622253313660622,0.5037999749183655,0.5035740733146667,0.19220542907714844,0.06547728180885315,False
vit_base_patch16_224,visformer_small,12,ILSVRC2012_val_00025402.JPEG,block12,selected,True,0.003376126755028963,0.004088664427399635,0.5028632283210754,0.5032618641853333,0.11377716064453125,0.03379145264625549,False
vit_base_patch16_224,visformer_small,13,ILSVRC2012_val_00025408.JPEG,block12,selected,True,-0.0003447157796472311,0.0002582353772595525,0.5014947652816772,0.5014615058898926,0.1817302703857422,0.04199938476085663,False
vit_base_patch16_224,visformer_small,12,ILSVRC2012_val_00025402.JPEG,block12,opposite,True,0.012134176678955555,0.012146951630711555,0.5010762214660645,0.5012755393981934,0.024053573608398438,0.009369909763336182,False
vit_base_patch16_224,visformer_small,13,ILSVRC2012_val_00025408.JPEG,block12,opposite,True,-0.004874383565038443,-0.004582755733281374,0.5010961294174194,0.5008569955825806,0.010657310485839844,0.0007594078779220581,False
vit_base_patch16_224,visformer_small,12,ILSVRC2012_val_00025402.JPEG,block12,deviation,True,-0.0025419997982680798,-0.0015218723565340042,0.5010695457458496,0.5010230541229248,0.004810333251953125,0.0016851723194122314,False
vit_base_patch16_224,visformer_small,13,ILSVRC2012_val_00025408.JPEG,block12,deviation,True,0.008087853901088238,0.008450018242001534,0.504470944404602,0.5030027627944946,0.1436910629272461,0.03655906021595001,False
vit_base_patch16_224,visformer_small,12,ILSVRC2012_val_00025402.JPEG,block12,random,True,0.0045980894938111305,0.004852470010519028,0.49943533539772034,0.4990234375,0.020255088806152344,0.004725754261016846,False
vit_base_patch16_224,visformer_small,13,ILSVRC2012_val_00025408.JPEG,block12,random,True,0.002459186827763915,0.0033642402850091457,0.5024713277816772,0.5024447441101074,0.13398170471191406,0.034012481570243835,False
vit_base_patch16_224,visformer_small,12,ILSVRC2012_val_00025402.JPEG,block12,no_drop,True,0.0004051077994517982,0.0014206982450559735,0.4975220561027527,0.4983923137187958,-0.001506805419921875,-0.0006263852119445801,False
vit_base_patch16_224,visformer_small,13,ILSVRC2012_val_00025408.JPEG,block12,no_drop,True,-0.002177578629925847,-0.0031394120305776596,0.49805352091789246,0.4964391887187958,0.10532093048095703,0.025276586413383484,False
vit_base_patch16_224,visformer_small,14,ILSVRC2012_val_00025416.JPEG,block12,selected,True,-0.007610540837049484,-0.009292293339967728,0.5003255009651184,0.4991895258426666,-0.21645259857177734,-0.04392404854297638,False
vit_base_patch16_224,visformer_small,15,ILSVRC2012_val_00025440.JPEG,block12,selected,True,-0.00672016991302371,-0.005408089607954025,0.5036538243293762,0.5031090378761292,0.21482610702514648,0.040714800357818604,False
vit_base_patch16_224,visformer_small,14,ILSVRC2012_val_00025416.JPEG,block12,opposite,True,-0.0010713405208662152,-0.0015159286558628082,0.4989171326160431,0.4996013939380646,-0.21616458892822266,-0.04447281360626221,False
vit_base_patch16_224,visformer_small,15,ILSVRC2012_val_00025440.JPEG,block12,opposite,True,0.0003836200339719653,0.00032350176479667425,0.5064771771430969,0.5058261752128601,0.2374739646911621,0.05013132095336914,False
vit_base_patch16_224,visformer_small,14,ILSVRC2012_val_00025416.JPEG,block12,deviation,True,-0.005465697962790728,-0.008105355314910412,0.5002856850624084,0.4988507032394409,-0.20864105224609375,-0.04279303550720215,False
vit_base_patch16_224,visformer_small,15,ILSVRC2012_val_00025440.JPEG,block12,deviation,True,-0.00010155118070542812,0.004399520345032215,0.505088746547699,0.5052614808082581,0.25846099853515625,0.05481606721878052,False
vit_base_patch16_224,visformer_small,14,ILSVRC2012_val_00025416.JPEG,block12,random,True,-0.005853254813700914,-0.007548512890934944,0.4973028302192688,0.4963262677192688,-0.29633235931396484,-0.06252641975879669,False
vit_base_patch16_224,visformer_small,15,ILSVRC2012_val_00025440.JPEG,block12,random,True,0.008157548494637012,0.018466351553797722,0.5040656924247742,0.5051352381706238,0.1962141990661621,0.047292888164520264,False
vit_base_patch16_224,visformer_small,14,ILSVRC2012_val_00025416.JPEG,block12,no_drop,True,-0.0031186190899461508,-0.0038124972488731146,0.49847203493118286,0.4994751811027527,-0.26413917541503906,-0.05545663833618164,False
vit_base_patch16_224,visformer_small,15,ILSVRC2012_val_00025440.JPEG,block12,no_drop,True,0.0009516782592982054,0.0012347862357273698,0.5016541481018066,0.5018667578697205,0.2577509880065918,0.054045915603637695,False
vit_base_patch16_224,visformer_small,16,ILSVRC2012_val_00025446.JPEG,block12,selected,True,-0.0057675838470458984,-0.005418709944933653,0.5000796914100647,0.5009433627128601,-0.02008819580078125,-0.007365435361862183,False
vit_base_patch16_224,visformer_small,17,ILSVRC2012_val_00025563.JPEG,block12,selected,True,0.009478029794991016,0.009077179245650768,0.5071681141853333,0.506610095500946,0.3914680480957031,0.11012148857116699,False
vit_base_patch16_224,visformer_small,16,ILSVRC2012_val_00025446.JPEG,block12,opposite,True,0.004897633567452431,0.004166612401604652,0.5010230541229248,0.5002790093421936,0.019601821899414062,0.0046977996826171875,False
vit_base_patch16_224,visformer_small,17,ILSVRC2012_val_00025563.JPEG,block12,opposite,True,0.007409651763737202,0.007240046747028828,0.5078589916229248,0.5085764527320862,0.4746828079223633,0.1353093385696411,False
vit_base_patch16_224,visformer_small,16,ILSVRC2012_val_00025446.JPEG,block12,deviation,True,0.0022223684936761856,0.0032081552781164646,0.4969905912876129,0.49735596776008606,0.03123188018798828,0.00892302393913269,False
vit_base_patch16_224,visformer_small,17,ILSVRC2012_val_00025563.JPEG,block12,deviation,True,0.0013578117359429598,0.0004677439574152231,0.5052481889724731,0.5046834945678711,0.31980323791503906,0.08991724252700806,False
vit_base_patch16_224,visformer_small,16,ILSVRC2012_val_00025446.JPEG,block12,random,True,-0.008408349938690662,-0.007282491307705641,0.5008569955825806,0.5006975531578064,-0.02205657958984375,-0.008871674537658691,False
vit_base_patch16_224,visformer_small,17,ILSVRC2012_val_00025563.JPEG,block12,random,True,0.018645521253347397,0.01794443279504776,0.5085366368293762,0.5073341727256775,0.47075462341308594,0.14196938276290894,False
vit_base_patch16_224,visformer_small,16,ILSVRC2012_val_00025446.JPEG,block12,no_drop,True,0.006770184729248285,0.006043638568371534,0.49946853518486023,0.4991496503353119,0.025396347045898438,0.007969826459884644,False
vit_base_patch16_224,visformer_small,17,ILSVRC2012_val_00025563.JPEG,block12,no_drop,True,0.011332163587212563,0.010750249028205872,0.5099250674247742,0.5091943144798279,0.49458789825439453,0.16173642873764038,False
vit_base_patch16_224,visformer_small,18,ILSVRC2012_val_00025800.JPEG,block12,selected,True,2.0530540496110916e-05,0.002317656995728612,0.4986381232738495,0.49980735778808594,-0.06099128723144531,-0.01041749119758606,False
vit_base_patch16_224,visformer_small,19,ILSVRC2012_val_00025844.JPEG,block12,selected,True,0.0025640656240284443,0.0028590422589331865,0.4989171326160431,0.49849197268486023,-0.0655221939086914,-0.009955495595932007,False
vit_base_patch16_224,visformer_small,18,ILSVRC2012_val_00025800.JPEG,block12,opposite,True,-0.010852704755961895,-0.01155291497707367,0.49752870202064514,0.4956287145614624,-0.07549095153808594,-0.016480058431625366,False
vit_base_patch16_224,visformer_small,19,ILSVRC2012_val_00025844.JPEG,block12,opposite,True,-0.00774160772562027,-0.008099354803562164,0.4955224394798279,0.4953829050064087,-0.26746177673339844,-0.04953908920288086,False
vit_base_patch16_224,visformer_small,18,ILSVRC2012_val_00025800.JPEG,block12,deviation,True,0.004875620827078819,0.006278615444898605,0.5023185014724731,0.5032884478569031,0.05793333053588867,0.015561521053314209,False
vit_base_patch16_224,visformer_small,19,ILSVRC2012_val_00025844.JPEG,block12,deviation,True,-0.004059637896716595,-0.0043113818392157555,0.4971766173839569,0.4968245029449463,-0.13796615600585938,-0.029315829277038574,False
vit_base_patch16_224,visformer_small,18,ILSVRC2012_val_00025800.JPEG,block12,random,True,-0.007879913784563541,-0.007693060673773289,0.4979206621646881,0.4987577199935913,0.008493423461914062,0.0018879473209381104,False
vit_base_patch16_224,visformer_small,19,ILSVRC2012_val_00025844.JPEG,block12,random,True,0.006094875745475292,0.006173415575176477,0.498930424451828,0.498837411403656,-0.07470512390136719,-0.014033734798431396,False
vit_base_patch16_224,visformer_small,18,ILSVRC2012_val_00025800.JPEG,block12,no_drop,True,0.002777763642370701,0.003828139044344425,0.5001395344734192,0.4996744692325592,-0.09528732299804688,-0.018537133932113647,False
vit_base_patch16_224,visformer_small,19,ILSVRC2012_val_00025844.JPEG,block12,no_drop,True,0.012227547354996204,0.013849019072949886,0.49861153960227966,0.49839895963668823,-0.019675254821777344,0.007337003946304321,False
vit_base_patch16_224,visformer_small,20,ILSVRC2012_val_00025851.JPEG,block12,selected,True,0.010535290464758873,0.01191832683980465,0.4997408986091614,0.5003786683082581,0.009840965270996094,0.006386131048202515,False
vit_base_patch16_224,visformer_small,21,ILSVRC2012_val_00025907.JPEG,block12,selected,True,0.01755615323781967,0.018702976405620575,0.505088746547699,0.5036604404449463,0.6292176246643066,0.3045809864997864,False
vit_base_patch16_224,visformer_small,20,ILSVRC2012_val_00025851.JPEG,block12,opposite,True,0.0025603333488106728,0.002565045841038227,0.49944859743118286,0.4998339116573334,0.030394554138183594,0.009811043739318848,False
vit_base_patch16_224,visformer_small,21,ILSVRC2012_val_00025907.JPEG,block12,opposite,True,0.013842590153217316,0.013910135254263878,0.5027370452880859,0.5033814311027527,0.6642398834228516,0.3018529415130615,False
vit_base_patch16_224,visformer_small,20,ILSVRC2012_val_00025851.JPEG,block12,deviation,True,0.0071189748123288155,0.006285821087658405,0.5021723508834839,0.5015013813972473,-0.007124423980712891,0.0027103424072265625,False
vit_base_patch16_224,visformer_small,21,ILSVRC2012_val_00025907.JPEG,block12,deviation,True,0.006481711752712727,0.006488298997282982,0.5024380683898926,0.5023982524871826,0.7873401641845703,0.37548285722732544,False
vit_base_patch16_224,visformer_small,20,ILSVRC2012_val_00025851.JPEG,block12,random,True,-0.011202622205018997,-0.01105366088449955,0.5024513602256775,0.5028699040412903,-0.016576290130615234,-0.001123577356338501,False
vit_base_patch16_224,visformer_small,21,ILSVRC2012_val_00025907.JPEG,block12,random,True,0.024335507303476334,0.027234241366386414,0.5036205649375916,0.504902720451355,0.6517782211303711,0.29529380798339844,False
vit_base_patch16_224,visformer_small,20,ILSVRC2012_val_00025851.JPEG,block12,no_drop,True,-0.001987774157896638,-0.002757744863629341,0.5003852844238281,0.4999535083770752,-0.04537391662597656,-0.007116824388504028,False
vit_base_patch16_224,visformer_small,21,ILSVRC2012_val_00025907.JPEG,block12,no_drop,True,0.04134885221719742,0.04462600126862526,0.5067163705825806,0.5061583518981934,0.9022774696350098,0.4488350749015808,False
vit_base_patch16_224,visformer_small,22,ILSVRC2012_val_00025989.JPEG,block12,selected,True,0.0013573726173490286,0.0016874707071110606,0.5046635866165161,0.5048562288284302,0.11370086669921875,0.024531543254852295,False
vit_base_patch16_224,visformer_small,23,ILSVRC2012_val_00026068.JPEG,block12,selected,True,0.01197919063270092,0.011998934671282768,0.5008835792541504,0.5022454261779785,0.055655479431152344,0.022465556859970093,False
vit_base_patch16_224,visformer_small,22,ILSVRC2012_val_00025989.JPEG,block12,opposite,True,0.0031096050515770912,0.002982046455144882,0.49920281767845154,0.5002923011779785,0.10420513153076172,0.021828562021255493,False
vit_base_patch16_224,visformer_small,23,ILSVRC2012_val_00026068.JPEG,block12,opposite,True,0.004795495420694351,0.00496083265170455,0.4988706409931183,0.5001262426376343,0.06972980499267578,0.02065703272819519,False
vit_base_patch16_224,visformer_small,22,ILSVRC2012_val_00025989.JPEG,block12,deviation,True,-0.005299532786011696,-0.005114767700433731,0.49744898080825806,0.4984321892261505,0.04089069366455078,0.01001688838005066,False
vit_base_patch16_224,visformer_small,23,ILSVRC2012_val_00026068.JPEG,block12,deviation,True,-0.0067389002069830894,-0.007807658053934574,0.4987444281578064,0.4987909197807312,0.04102516174316406,0.015376150608062744,False
vit_base_patch16_224,visformer_small,22,ILSVRC2012_val_00025989.JPEG,block12,random,True,-0.002309102099388838,-0.0020850016735494137,0.5006576776504517,0.5000597834587097,0.02205657958984375,0.004403099417686462,False
vit_base_patch16_224,visformer_small,23,ILSVRC2012_val_00026068.JPEG,block12,random,True,-0.0027172518894076347,-0.002326506655663252,0.5002723932266235,0.5008503198623657,0.040602684020996094,0.01693403720855713,False
vit_base_patch16_224,visformer_small,22,ILSVRC2012_val_00025989.JPEG,block12,no_drop,True,0.005189924035221338,0.004674546420574188,0.49988043308258057,0.498252809047699,0.1280975341796875,0.027590304613113403,False
vit_base_patch16_224,visformer_small,23,ILSVRC2012_val_00026068.JPEG,block12,no_drop,True,-0.0027600990142673254,-0.0038347882218658924,0.4988706409931183,0.4981531798839569,0.027860641479492188,0.012982666492462158,False
vit_base_patch16_224,visformer_small,24,ILSVRC2012_val_00026088.JPEG,block12,selected,True,0.0020873371977359056,0.0021013575606048107,0.5017139911651611,0.5013618469238281,0.028466224670410156,0.007655829191207886,False
vit_base_patch16_224,visformer_small,25,ILSVRC2012_val_00026113.JPEG,block12,selected,True,0.005761613138020039,0.007173710968345404,0.5104233026504517,0.512110710144043,0.12328863143920898,0.059765517711639404,False
vit_base_patch16_224,visformer_small,24,ILSVRC2012_val_00026088.JPEG,block12,opposite,True,0.005305312108248472,0.00526821706444025,0.5040391087532043,0.5031622052192688,0.06374263763427734,0.018073618412017822,False
vit_base_patch16_224,visformer_small,25,ILSVRC2012_val_00026113.JPEG,block12,opposite,True,0.02103571966290474,0.0231260247528553,0.5126023292541504,0.5132865905761719,0.15891218185424805,0.07645684480667114,False
vit_base_patch16_224,visformer_small,24,ILSVRC2012_val_00026088.JPEG,block12,deviation,True,0.005226869136095047,0.004962998442351818,0.5027769207954407,0.5032153725624084,0.032497406005859375,0.008444458246231079,False
vit_base_patch16_224,visformer_small,25,ILSVRC2012_val_00026113.JPEG,block12,deviation,True,0.029670611023902893,0.03213854134082794,0.5163424611091614,0.5178903341293335,0.23951196670532227,0.10704249143600464,False
vit_base_patch16_224,visformer_small,24,ILSVRC2012_val_00026088.JPEG,block12,random,True,0.0025632441975176334,0.0023312908597290516,0.5020062923431396,0.5011028051376343,-0.011875152587890625,-0.0019874870777130127,False
vit_base_patch16_224,visformer_small,25,ILSVRC2012_val_00026113.JPEG,block12,random,True,0.010318773798644543,0.010923152789473534,0.5141170024871826,0.5149673223495483,0.18635988235473633,0.08030369877815247,False
vit_base_patch16_224,visformer_small,24,ILSVRC2012_val_00026088.JPEG,block12,no_drop,True,0.004003284964710474,0.00392095185816288,0.5039328336715698,0.5042184591293335,0.047957420349121094,0.012233227491378784,False
vit_base_patch16_224,visformer_small,25,ILSVRC2012_val_00026113.JPEG,block12,no_drop,True,0.014626658521592617,0.016264136880636215,0.5168008804321289,0.5187872052192688,0.1906428337097168,0.08648216724395752,False
vit_base_patch16_224,visformer_small,26,ILSVRC2012_val_00026139.JPEG,block12,selected,True,0.004036585800349712,0.004534225445240736,0.5028566122055054,0.5023317933082581,0.032135009765625,0.014393627643585205,False
vit_base_patch16_224,visformer_small,27,ILSVRC2012_val_00026145.JPEG,block12,selected,True,-0.004018259234726429,-0.0030539114959537983,0.5020062923431396,0.5018268823623657,0.15259027481079102,0.20778930187225342,True
vit_base_patch16_224,visformer_small,26,ILSVRC2012_val_00026139.JPEG,block12,opposite,True,0.0002548231859691441,0.00023716449504718184,0.4995216727256775,0.5003321766853333,0.05706501007080078,0.023854434490203857,False
vit_base_patch16_224,visformer_small,27,ILSVRC2012_val_00026145.JPEG,block12,opposite,True,0.014259561896324158,0.014238329604268074,0.5063908100128174,0.5060719847679138,0.1823873519897461,0.27264881134033203,True
vit_base_patch16_224,visformer_small,26,ILSVRC2012_val_00026139.JPEG,block12,deviation,True,0.007960647344589233,0.008312055841088295,0.5003255009651184,0.5007108449935913,0.0372467041015625,0.01545494794845581,False
vit_base_patch16_224,visformer_small,27,ILSVRC2012_val_00026145.JPEG,block12,deviation,True,0.007273229770362377,0.007122086826711893,0.5034545063972473,0.5034545063972473,0.09643268585205078,0.23127830028533936,True
vit_base_patch16_224,visformer_small,26,ILSVRC2012_val_00026139.JPEG,block12,random,True,0.003583652665838599,0.0033529039938002825,0.5012223720550537,0.501747190952301,0.008638858795166016,0.0033173561096191406,False
vit_base_patch16_224,visformer_small,27,ILSVRC2012_val_00026145.JPEG,block12,random,True,0.012212857604026794,0.013000452890992165,0.5067960619926453,0.5071548223495483,0.33265066146850586,0.37177181243896484,True
vit_base_patch16_224,visformer_small,26,ILSVRC2012_val_00026139.JPEG,block12,no_drop,True,0.0032675000838935375,0.0031028310768306255,0.5014216899871826,0.5011891722679138,0.03525495529174805,0.01637357473373413,False
vit_base_patch16_224,visformer_small,27,ILSVRC2012_val_00026145.JPEG,block12,no_drop,True,0.0030960259027779102,0.0037720059044659138,0.5045307278633118,0.505274772644043,0.11985349655151367,0.1879795789718628,True
vit_base_patch16_224,visformer_small,28,ILSVRC2012_val_00026189.JPEG,block12,selected,True,0.0004173483466729522,0.0002819468209054321,0.4987577199935913,0.49842554330825806,0.05414009094238281,0.01549917459487915,False
vit_base_patch16_224,visformer_small,29,ILSVRC2012_val_00026202.JPEG,block12,selected,True,0.013086307793855667,0.014351406134665012,0.509187638759613,0.5090016722679138,0.030243873596191406,0.018581002950668335,False
vit_base_patch16_224,visformer_small,28,ILSVRC2012_val_00026189.JPEG,block12,opposite,True,0.008375232107937336,0.009619997814297676,0.4995681941509247,0.49951502680778503,0.08829498291015625,0.024779126048088074,False
vit_base_patch16_224,visformer_small,29,ILSVRC2012_val_00026202.JPEG,block12,opposite,True,-0.0009572384878993034,0.0007232185453176498,0.5026440024375916,0.5018999576568604,-0.021857261657714844,0.006560772657394409,False
vit_base_patch16_224,visformer_small,28,ILSVRC2012_val_00026189.JPEG,block12,deviation,True,0.0016867178492248058,0.002656117547303438,0.49746227264404297,0.4970437288284302,0.03858661651611328,0.008216515183448792,False
vit_base_patch16_224,visformer_small,29,ILSVRC2012_val_00026202.JPEG,block12,deviation,True,0.006656100042164326,0.006972813978791237,0.5072610974311829,0.5067761540412903,0.03925609588623047,0.016098439693450928,False
vit_base_patch16_224,visformer_small,28,ILSVRC2012_val_00026189.JPEG,block12,random,True,-0.0037949574179947376,-0.00359194353222847,0.498817503452301,0.4980601668357849,-0.004479408264160156,0.003117889165878296,False
vit_base_patch16_224,visformer_small,29,ILSVRC2012_val_00026202.JPEG,block12,random,True,0.00580960139632225,0.006452224217355251,0.502178966999054,0.5021125674247742,-0.04619598388671875,0.0029223114252090454,False
vit_base_patch16_224,visformer_small,28,ILSVRC2012_val_00026189.JPEG,block12,no_drop,True,-0.009078284725546837,-0.009219745174050331,0.5018667578697205,0.5007573366165161,0.16092491149902344,0.037752583622932434,False
vit_base_patch16_224,visformer_small,29,ILSVRC2012_val_00026202.JPEG,block12,no_drop,True,0.005052995402365923,0.005469692405313253,0.5005248188972473,0.5004849433898926,0.025603294372558594,0.012512266635894775,False
vit_base_patch16_224,visformer_small,30,ILSVRC2012_val_00026226.JPEG,block12,selected,True,-0.0004891387652605772,0.0007482952787540853,0.49711015820503235,0.4957682192325592,0.017119407653808594,0.007243111729621887,False
vit_base_patch16_224,visformer_small,31,ILSVRC2012_val_00026280.JPEG,block12,selected,True,0.012567657977342606,0.014375152997672558,0.5035209655761719,0.5048296451568604,0.06278038024902344,0.034844011068344116,False
vit_base_patch16_224,visformer_small,30,ILSVRC2012_val_00026226.JPEG,block12,opposite,True,-0.000891068484634161,-0.0007445216760970652,0.5010895133018494,0.5001461505889893,0.19882488250732422,0.02178674191236496,False
vit_base_patch16_224,visformer_small,31,ILSVRC2012_val_00026280.JPEG,block12,opposite,True,0.008344096131622791,0.010852448642253876,0.5028566122055054,0.503341555595398,0.004969596862792969,0.0035108327865600586,False
vit_base_patch16_224,visformer_small,30,ILSVRC2012_val_00026226.JPEG,block12,deviation,True,-0.007057250011712313,-0.0074198124930262566,0.4966052770614624,0.4964923560619354,0.34366893768310547,0.030150629580020905,False
vit_base_patch16_224,visformer_small,31,ILSVRC2012_val_00026280.JPEG,block12,deviation,True,0.009485457092523575,0.012523200362920761,0.5023849606513977,0.5030027627944946,0.07297325134277344,0.03122618794441223,False
vit_base_patch16_224,visformer_small,30,ILSVRC2012_val_00026226.JPEG,block12,random,True,-0.0011004458647221327,-0.0010513325687497854,0.49811995029449463,0.49695074558258057,0.10370731353759766,0.017560258507728577,False
vit_base_patch16_224,visformer_small,31,ILSVRC2012_val_00026280.JPEG,block12,random,True,-0.001731028431095183,0.0010083862580358982,0.5009433627128601,0.5015478730201721,-0.0024962425231933594,0.01637667417526245,False
vit_base_patch16_224,visformer_small,30,ILSVRC2012_val_00026226.JPEG,block12,no_drop,True,0.0020459583029150963,0.0019929474219679832,0.5029562711715698,0.5026705861091614,0.35491943359375,0.04014129191637039,False
vit_base_patch16_224,visformer_small,31,ILSVRC2012_val_00026280.JPEG,block12,no_drop,True,0.006585390772670507,0.00808717217296362,0.5093404650688171,0.5091677308082581,0.032192230224609375,0.03317943215370178,False
vit_base_patch16_224,visformer_small,32,ILSVRC2012_val_00026315.JPEG,block12,selected,True,-0.0018945835763588548,-0.0028782780282199383,0.501973032951355,0.5008835792541504,-0.054636478424072266,-0.011291831731796265,False
vit_base_patch16_224,visformer_small,33,ILSVRC2012_val_00026328.JPEG,block12,selected,True,0.0035507548600435257,0.004103426821529865,0.5040524005889893,0.5043247938156128,0.03393840789794922,0.011744588613510132,False
vit_base_patch16_224,visformer_small,32,ILSVRC2012_val_00026315.JPEG,block12,opposite,True,-0.004274483770132065,-0.0041951751336455345,0.500225841999054,0.5011559128761292,0.11442852020263672,0.03797242045402527,False
vit_base_patch16_224,visformer_small,33,ILSVRC2012_val_00026328.JPEG,block12,opposite,True,0.008257303386926651,0.008606796152889729,0.5025111436843872,0.5021258592605591,-0.026263713836669922,-0.002402007579803467,False
vit_base_patch16_224,visformer_small,32,ILSVRC2012_val_00026315.JPEG,block12,deviation,True,0.004233126528561115,0.003371422179043293,0.5018003582954407,0.5014615058898926,0.014893531799316406,0.009209781885147095,False
vit_base_patch16_224,visformer_small,33,ILSVRC2012_val_00026328.JPEG,block12,deviation,True,0.009676587767899036,0.010728156194090843,0.5055936574935913,0.5066831707954407,0.1529231071472168,0.0474528968334198,False
vit_base_patch16_224,visformer_small,32,ILSVRC2012_val_00026315.JPEG,block12,random,True,-0.0009212453151121736,-0.0020780935883522034,0.49986714124679565,0.5000464916229248,0.010053634643554688,-0.0022297799587249756,False
vit_base_patch16_224,visformer_small,33,ILSVRC2012_val_00026328.JPEG,block12,random,True,0.0031860212329775095,0.0031882436014711857,0.49971434473991394,0.5006443858146667,0.039363861083984375,0.015566825866699219,False
vit_base_patch16_224,visformer_small,32,ILSVRC2012_val_00026315.JPEG,block12,no_drop,True,-0.002908882452175021,-0.002408037893474102,0.503700315952301,0.503700315952301,0.10049819946289062,0.04821881651878357,False
vit_base_patch16_224,visformer_small,33,ILSVRC2012_val_00026328.JPEG,block12,no_drop,True,-0.00486666290089488,-0.004156128037720919,0.5031754970550537,0.5025842189788818,0.0643620491027832,0.021518975496292114,False
vit_base_patch16_224,visformer_small,34,ILSVRC2012_val_00026332.JPEG,block12,selected,True,0.01693112775683403,0.017757082358002663,0.501953125,0.5016940236091614,0.1574721336364746,0.06176871061325073,False
vit_base_patch16_224,visformer_small,35,ILSVRC2012_val_00026390.JPEG,block12,selected,True,-0.003957903012633324,-0.004661208018660545,0.5037268996238708,0.5044044852256775,0.01832866668701172,0.003979101777076721,False
vit_base_patch16_224,visformer_small,34,ILSVRC2012_val_00026332.JPEG,block12,opposite,True,0.011633336544036865,0.013012560084462166,0.5053478479385376,0.5043247938156128,0.10502767562866211,0.03452509641647339,False
vit_base_patch16_224,visformer_small,35,ILSVRC2012_val_00026390.JPEG,block12,opposite,True,0.000903354724869132,0.0005621182499453425,0.5001527667045593,0.5010562539100647,-0.1626577377319336,-0.023795723915100098,False
vit_base_patch16_224,visformer_small,34,ILSVRC2012_val_00026332.JPEG,block12,deviation,True,0.008162586018443108,0.008674330078065395,0.5004716515541077,0.4999667704105377,-0.033809661865234375,-0.002397477626800537,False
vit_base_patch16_224,visformer_small,35,ILSVRC2012_val_00026390.JPEG,block12,deviation,True,0.0020966685842722654,0.0013128244318068027,0.5023782849311829,0.5030226707458496,0.03986549377441406,0.0075527578592300415,False
vit_base_patch16_224,visformer_small,34,ILSVRC2012_val_00026332.JPEG,block12,random,True,0.003134041093289852,0.004412093665450811,0.4993024468421936,0.5006244778633118,0.0691370964050293,0.027226030826568604,False
vit_base_patch16_224,visformer_small,35,ILSVRC2012_val_00026390.JPEG,block12,random,True,0.003544475883245468,0.0011276304721832275,0.5042184591293335,0.505653440952301,-0.06497764587402344,-0.009111538529396057,False
vit_base_patch16_224,visformer_small,34,ILSVRC2012_val_00026332.JPEG,block12,no_drop,True,0.013642391189932823,0.013742474839091301,0.4999202787876129,0.5003587603569031,0.13563251495361328,0.046629101037979126,False
vit_base_patch16_224,visformer_small,35,ILSVRC2012_val_00026390.JPEG,block12,no_drop,True,-0.0050567565485835075,-0.004723706748336554,0.5018135905265808,0.5028034448623657,-0.08432292938232422,-0.013219848275184631,False
vit_base_patch16_224,visformer_small,36,ILSVRC2012_val_00026397.JPEG,block12,selected,True,-0.005182586144655943,-0.005712219513952732,0.49964791536331177,0.4999202787876129,-0.011744499206542969,-0.0007888376712799072,False
vit_base_patch16_224,visformer_small,37,ILSVRC2012_val_00026436.JPEG,block12,selected,True,0.005450718104839325,0.005001754034310579,0.4996744692325592,0.4996877610683441,-0.5007553100585938,-0.010188581421971321,False
vit_base_patch16_224,visformer_small,36,ILSVRC2012_val_00026397.JPEG,block12,opposite,True,-0.006739003583788872,-0.008507685735821724,0.5017338991165161,0.5002192258834839,0.0007710456848144531,0.0018458664417266846,False
vit_base_patch16_224,visformer_small,37,ILSVRC2012_val_00026436.JPEG,block12,opposite,True,0.009071165695786476,0.008731523528695107,0.5010496377944946,0.5006576776504517,-0.23883438110351562,-0.003984659910202026,False
vit_base_patch16_224,visformer_small,36,ILSVRC2012_val_00026397.JPEG,block12,deviation,True,-0.0010248494800180197,-0.0029008362907916307,0.4996944069862366,0.4989769458770752,0.016567707061767578,0.007672339677810669,False
vit_base_patch16_224,visformer_small,37,ILSVRC2012_val_00026436.JPEG,block12,deviation,True,0.008954092860221863,0.009373368695378304,0.5017538070678711,0.5026971697807312,-0.20455360412597656,-0.0033722613006830215,False
vit_base_patch16_224,visformer_small,36,ILSVRC2012_val_00026397.JPEG,block12,random,True,5.388457793742418e-05,-0.0001667855540290475,0.499209463596344,0.4992825388908386,0.0010213851928710938,0.001688539981842041,False
vit_base_patch16_224,visformer_small,37,ILSVRC2012_val_00026436.JPEG,block12,random,True,0.007047081366181374,0.007075345143675804,0.4990367293357849,0.49940210580825806,-0.31308746337890625,-0.005999475717544556,False
vit_base_patch16_224,visformer_small,36,ILSVRC2012_val_00026397.JPEG,block12,no_drop,True,0.008093604817986488,0.006577640771865845,0.5013087391853333,0.501368522644043,0.008017539978027344,0.0025804340839385986,False
vit_base_patch16_224,visformer_small,37,ILSVRC2012_val_00026436.JPEG,block12,no_drop,True,0.010911219753324986,0.010364159941673279,0.5015013813972473,0.5013087391853333,0.10315132141113281,0.005556123331189156,False
vit_base_patch16_224,visformer_small,38,ILSVRC2012_val_00026490.JPEG,block12,selected,True,0.01842658780515194,0.019190192222595215,0.5047898292541504,0.5058327913284302,0.071441650390625,0.04013293981552124,False
vit_base_patch16_224,visformer_small,39,ILSVRC2012_val_00026510.JPEG,block12,selected,True,0.03589166700839996,0.04058583453297615,0.508038341999054,0.5089219212532043,0.18030929565429688,0.08573636412620544,False
vit_base_patch16_224,visformer_small,38,ILSVRC2012_val_00026490.JPEG,block12,opposite,True,0.021800480782985687,0.022214097902178764,0.5067096948623657,0.5068293213844299,0.07336187362670898,0.048511624336242676,False
vit_base_patch16_224,visformer_small,39,ILSVRC2012_val_00026510.JPEG,block12,opposite,True,0.007327882573008537,0.009670681320130825,0.5030758380889893,0.5036205649375916,0.049320220947265625,0.02126765251159668,False
vit_base_patch16_224,visformer_small,38,ILSVRC2012_val_00026490.JPEG,block12,deviation,True,0.010034789331257343,0.011425160802900791,0.5041653513908386,0.5049359798431396,0.09059858322143555,0.04307559132575989,False
vit_base_patch16_224,visformer_small,39,ILSVRC2012_val_00026510.JPEG,block12,deviation,True,0.03863317519426346,0.044761981815099716,0.5071349143981934,0.5085033774375916,0.18385696411132812,0.07749909162521362,False
vit_base_patch16_224,visformer_small,38,ILSVRC2012_val_00026490.JPEG,block12,random,True,0.014553751796483994,0.015537496656179428,0.5050821304321289,0.5053677558898926,0.11611318588256836,0.0657758116722107,False
vit_base_patch16_224,visformer_small,39,ILSVRC2012_val_00026510.JPEG,block12,random,True,0.03337451070547104,0.036205269396305084,0.5087226033210754,0.5090016722679138,0.17934608459472656,0.08254799246788025,False
vit_base_patch16_224,visformer_small,38,ILSVRC2012_val_00026490.JPEG,block12,no_drop,True,0.01940823346376419,0.019572485238313675,0.505487322807312,0.5056135654449463,0.060441017150878906,0.03162124752998352,False
vit_base_patch16_224,visformer_small,39,ILSVRC2012_val_00026510.JPEG,block12,no_drop,True,0.013894559815526009,0.015922196209430695,0.5031754970550537,0.5025776028633118,0.04528617858886719,0.028921812772750854,False
vit_base_patch16_224,visformer_small,40,ILSVRC2012_val_00026559.JPEG,block12,selected,True,0.0008127372711896896,0.0004217280074954033,0.499116450548172,0.499116450548172,-0.047542572021484375,-0.009935930371284485,False
vit_base_patch16_224,visformer_small,41,ILSVRC2012_val_00026627.JPEG,block12,selected,True,-0.003354088868945837,-0.0026221415027976036,0.49924930930137634,0.5006842613220215,-0.053813934326171875,-0.008116304874420166,False
vit_base_patch16_224,visformer_small,40,ILSVRC2012_val_00026559.JPEG,block12,opposite,True,0.003531515132635832,0.002980151679366827,0.49716997146606445,0.497860848903656,-0.02077770233154297,-0.004532128572463989,False
vit_base_patch16_224,visformer_small,41,ILSVRC2012_val_00026627.JPEG,block12,opposite,True,-0.0002770794089883566,0.0001563308760523796,0.5000929832458496,0.5002591013908386,-0.030504226684570312,-0.0021413862705230713,False
vit_base_patch16_224,visformer_small,40,ILSVRC2012_val_00026559.JPEG,block12,deviation,True,0.00449081277474761,0.00455707311630249,0.5001062750816345,0.500584602355957,-0.021892547607421875,-0.004102572798728943,False
vit_base_patch16_224,visformer_small,41,ILSVRC2012_val_00026627.JPEG,block12,deviation,True,0.0007525919354520738,0.002098448108881712,0.503115713596344,0.5048429369926453,0.011662483215332031,0.007911205291748047,False
vit_base_patch16_224,visformer_small,40,ILSVRC2012_val_00026559.JPEG,block12,random,True,-0.011760498397052288,-0.013688093982636929,0.502949595451355,0.5024912357330322,-0.0033063888549804688,-0.0005827546119689941,False
vit_base_patch16_224,visformer_small,41,ILSVRC2012_val_00026627.JPEG,block12,random,True,0.003271560650318861,0.00421797763556242,0.5050090551376343,0.5054939985275269,0.00806427001953125,0.012126117944717407,False
vit_base_patch16_224,visformer_small,40,ILSVRC2012_val_00026559.JPEG,block12,no_drop,True,-0.006637243553996086,-0.007283439859747887,0.5035807490348816,0.5031622052192688,0.02062702178955078,0.004212915897369385,False
vit_base_patch16_224,visformer_small,41,ILSVRC2012_val_00026627.JPEG,block12,no_drop,True,-0.005021451972424984,-0.0034749209880828857,0.5006576776504517,0.5002126097679138,-0.02460956573486328,0.0008352994918823242,False
vit_base_patch16_224,visformer_small,42,ILSVRC2012_val_00026692.JPEG,block12,selected,True,0.005610934924334288,0.005752098746597767,0.5019930005073547,0.5012489557266235,-0.20573806762695312,-0.04559534788131714,False
vit_base_patch16_224,visformer_small,43,ILSVRC2012_val_00026737.JPEG,block12,selected,True,0.008014683611690998,0.007618842646479607,0.5008370280265808,0.5015744566917419,0.04829978942871094,0.015779107809066772,False
vit_base_patch16_224,visformer_small,42,ILSVRC2012_val_00026692.JPEG,block12,opposite,True,-0.0009954869747161865,-0.002376875141635537,0.4976881444454193,0.4973759055137634,-0.20942068099975586,-0.034218430519104004,False
vit_base_patch16_224,visformer_small,43,ILSVRC2012_val_00026737.JPEG,block12,opposite,True,0.015021488070487976,0.01546723023056984,0.5067495703697205,0.5061715841293335,0.11077642440795898,0.03279298543930054,False
vit_base_patch16_224,visformer_small,42,ILSVRC2012_val_00026692.JPEG,block12,deviation,True,0.0017453990876674652,0.000754684442654252,0.500225841999054,0.5008370280265808,-0.20745611190795898,-0.04683864116668701,False
vit_base_patch16_224,visformer_small,43,ILSVRC2012_val_00026737.JPEG,block12,deviation,True,0.016720978543162346,0.016920970752835274,0.5059058666229248,0.5067495703697205,0.08184337615966797,0.025095373392105103,False
vit_base_patch16_224,visformer_small,42,ILSVRC2012_val_00026692.JPEG,block12,random,True,0.0007142410613596439,-0.0008610449731349945,0.5008769035339355,0.501202404499054,-0.17373132705688477,-0.022411465644836426,False
vit_base_patch16_224,visformer_small,43,ILSVRC2012_val_00026737.JPEG,block12,random,True,0.02006419003009796,0.021275987848639488,0.5071681141853333,0.5071814060211182,0.09554672241210938,0.028593719005584717,False
vit_base_patch16_224,visformer_small,42,ILSVRC2012_val_00026692.JPEG,block12,no_drop,True,0.0008672194089740515,0.00017229770310223103,0.4975021183490753,0.49847203493118286,-0.20483922958374023,-0.01947021484375,False
vit_base_patch16_224,visformer_small,43,ILSVRC2012_val_00026737.JPEG,block12,no_drop,True,0.017107266932725906,0.018093181774020195,0.5040988922119141,0.5046702027320862,0.12455415725708008,0.03534585237503052,False
vit_base_patch16_224,visformer_small,44,ILSVRC2012_val_00026743.JPEG,block12,selected,True,0.00891493447124958,0.00988541729748249,0.500770628452301,0.5014482140541077,0.01958465576171875,0.02278187870979309,False
vit_base_patch16_224,visformer_small,45,ILSVRC2012_val_00026754.JPEG,block12,selected,True,0.00978601723909378,0.009847785346210003,0.5030559301376343,0.5032086968421936,-0.04578065872192383,-0.014857113361358643,False
vit_base_patch16_224,visformer_small,44,ILSVRC2012_val_00026743.JPEG,block12,opposite,True,0.0011881552636623383,0.0019757715053856373,0.49701717495918274,0.4975685477256775,-0.07271957397460938,-0.010040730237960815,False
vit_base_patch16_224,visformer_small,45,ILSVRC2012_val_00026754.JPEG,block12,opposite,True,-0.007108030840754509,-0.007058497052639723,0.5021191835403442,0.5009101033210754,-0.24440383911132812,-0.06368237733840942,False
vit_base_patch16_224,visformer_small,44,ILSVRC2012_val_00026743.JPEG,block12,deviation,True,0.0007997270440682769,8.946622256189585e-05,0.4971766173839569,0.4976084232330322,-0.11240386962890625,-0.01797167956829071,False
vit_base_patch16_224,visformer_small,45,ILSVRC2012_val_00026754.JPEG,block12,deviation,True,0.006390714086592197,0.006170346401631832,0.5019996166229248,0.501202404499054,-0.08767318725585938,-0.02887284755706787,False
vit_base_patch16_224,visformer_small,44,ILSVRC2012_val_00026743.JPEG,block12,random,True,-0.004456989001482725,-0.004575593397021294,0.49796050786972046,0.498910516500473,-0.05271339416503906,-0.008845299482345581,False
vit_base_patch16_224,visformer_small,45,ILSVRC2012_val_00026754.JPEG,block12,random,True,-0.007495982106775045,-0.007647885009646416,0.499813973903656,0.4996412694454193,-0.10430145263671875,-0.03064066171646118,False
vit_base_patch16_224,visformer_small,44,ILSVRC2012_val_00026743.JPEG,block12,no_drop,True,0.005054845474660397,0.0032713734544813633,0.49897029995918274,0.498252809047699,-0.022673606872558594,-0.004224509000778198,False
vit_base_patch16_224,visformer_small,45,ILSVRC2012_val_00026754.JPEG,block12,no_drop,True,-0.020515374839305878,-0.019929684698581696,0.49977412819862366,0.49980735778808594,-0.09771728515625,-0.033983856439590454,False
vit_base_patch16_224,visformer_small,46,ILSVRC2012_val_00026803.JPEG,block12,selected,True,0.0010722973383963108,0.00012166332453489304,0.5013618469238281,0.5004650354385376,-0.1849665641784668,-0.04762396216392517,False
vit_base_patch16_224,visformer_small,47,ILSVRC2012_val_00026901.JPEG,block12,selected,True,0.051639460027217865,0.05480493605136871,0.5115858912467957,0.5127285122871399,0.45468664169311523,0.31738871335983276,False
vit_base_patch16_224,visformer_small,46,ILSVRC2012_val_00026803.JPEG,block12,opposite,True,0.005899650976061821,0.007018456235527992,0.5021524429321289,0.5018335580825806,-0.0007076263427734375,0.0086020827293396,False
vit_base_patch16_224,visformer_small,47,ILSVRC2012_val_00026901.JPEG,block12,opposite,True,0.04882446676492691,0.051641762256622314,0.5126089453697205,0.5139840841293335,0.5548095703125,0.3924594521522522,False
vit_base_patch16_224,visformer_small,46,ILSVRC2012_val_00026803.JPEG,block12,deviation,True,0.01521824300289154,0.015841856598854065,0.5032286643981934,0.5028300285339355,0.07082509994506836,0.030766338109970093,False
vit_base_patch16_224,visformer_small,47,ILSVRC2012_val_00026901.JPEG,block12,deviation,True,0.045358046889305115,0.047786131501197815,0.5114131569862366,0.5124495029449463,0.5506110191345215,0.35689687728881836,False
vit_base_patch16_224,visformer_small,46,ILSVRC2012_val_00026803.JPEG,block12,random,True,0.00969657488167286,0.011342793703079224,0.49968111515045166,0.4991496503353119,-0.07741355895996094,-0.015075057744979858,False
vit_base_patch16_224,visformer_small,47,ILSVRC2012_val_00026901.JPEG,block12,random,True,0.04829377681016922,0.05247572809457779,0.5144757032394409,0.5158774256706238,0.545773983001709,0.40041792392730713,False
vit_base_patch16_224,visformer_small,46,ILSVRC2012_val_00026803.JPEG,block12,no_drop,True,0.012768661603331566,0.015286160632967949,0.5013087391853333,0.5010828375816345,0.17887258529663086,0.07077643275260925,False
vit_base_patch16_224,visformer_small,47,ILSVRC2012_val_00026901.JPEG,block12,no_drop,True,0.056977059692144394,0.05921662971377373,0.5158973932266235,0.5170267224311829,0.6765608787536621,0.4689319133758545,False
vit_base_patch16_224,visformer_small,48,ILSVRC2012_val_00026916.JPEG,block12,selected,True,-0.0013491451973095536,-0.0013966120313853025,0.5022122263908386,0.5029163956642151,0.12558269500732422,0.0410098135471344,False
vit_base_patch16_224,visformer_small,49,ILSVRC2012_val_00026925.JPEG,block12,selected,True,0.010421150363981724,0.010083402507007122,0.5084236860275269,0.5088887214660645,-0.0013284683227539062,0.009612500667572021,False
vit_base_patch16_224,visformer_small,48,ILSVRC2012_val_00026916.JPEG,block12,opposite,True,0.0044815754517912865,0.004358172416687012,0.49978742003440857,0.5005248188972473,0.10076522827148438,0.03960138559341431,False
vit_base_patch16_224,visformer_small,49,ILSVRC2012_val_00026925.JPEG,block12,opposite,True,0.016623850911855698,0.018350690603256226,0.5075268149375916,0.5080981850624084,0.0672760009765625,0.03175652027130127,False
vit_base_patch16_224,visformer_small,48,ILSVRC2012_val_00026916.JPEG,block12,deviation,True,0.004562911111861467,0.0047791507095098495,0.5005182027816772,0.5007241368293762,0.09235191345214844,0.03330621123313904,False
vit_base_patch16_224,visformer_small,49,ILSVRC2012_val_00026925.JPEG,block12,deviation,True,0.012585164979100227,0.013067894615232944,0.5049824714660645,0.5047432780265808,0.032183170318603516,0.017055630683898926,False
vit_base_patch16_224,visformer_small,48,ILSVRC2012_val_00026916.JPEG,block12,random,True,0.005523667670786381,0.005698313005268574,0.5012555718421936,0.5009433627128601,0.1579742431640625,0.0508674681186676,False
vit_base_patch16_224,visformer_small,49,ILSVRC2012_val_00026925.JPEG,block12,random,True,0.015762843191623688,0.017127208411693573,0.506437361240387,0.507061779499054,0.09710550308227539,0.03915417194366455,False
vit_base_patch16_224,visformer_small,48,ILSVRC2012_val_00026916.JPEG,block12,no_drop,True,-0.0013331333175301552,-0.0011858562938869,0.497840940952301,0.4974423348903656,0.03218221664428711,0.008282899856567383,False
vit_base_patch16_224,visformer_small,49,ILSVRC2012_val_00026925.JPEG,block12,no_drop,True,0.016074247658252716,0.01751159131526947,0.5086097121238708,0.5099383592605591,0.0689082145690918,0.03633832931518555,False
vit_base_patch16_224,visformer_small,50,ILSVRC2012_val_00026972.JPEG,block12,selected,True,0.001019447110593319,0.001398489810526371,0.5029761791229248,0.5021324753761292,0.4807605743408203,0.29268455505371094,False
vit_base_patch16_224,visformer_small,51,ILSVRC2012_val_00027124.JPEG,block12,selected,True,0.035912975668907166,0.039858438074588776,0.5121771097183228,0.5124428868293762,0.29708194732666016,0.12428542971611023,False
vit_base_patch16_224,visformer_small,50,ILSVRC2012_val_00026972.JPEG,block12,opposite,True,0.006447243969887495,0.007155181374400854,0.5045772194862366,0.5043646097183228,0.6180686950683594,0.37787723541259766,False
vit_base_patch16_224,visformer_small,51,ILSVRC2012_val_00027124.JPEG,block12,opposite,True,0.024239972233772278,0.026754334568977356,0.511924684047699,0.5112603902816772,0.215972900390625,0.0915127694606781,False
vit_base_patch16_224,visformer_small,50,ILSVRC2012_val_00026972.JPEG,block12,deviation,True,-0.0011525863083079457,-0.00035324966302141547,0.5014415979385376,0.5018135905265808,0.5234551429748535,0.3348681926727295,False
vit_base_patch16_224,visformer_small,51,ILSVRC2012_val_00027124.JPEG,block12,deviation,True,0.03013385832309723,0.033930592238903046,0.5109813213348389,0.510928213596344,0.2854757308959961,0.12108293175697327,False
vit_base_patch16_224,visformer_small,50,ILSVRC2012_val_00026972.JPEG,block12,random,True,0.005477379076182842,0.005425216630101204,0.5023849606513977,0.5025244355201721,0.4977869987487793,0.2687072157859802,False
vit_base_patch16_224,visformer_small,51,ILSVRC2012_val_00027124.JPEG,block12,random,True,0.029525231570005417,0.03293006122112274,0.511134147644043,0.511698842048645,0.25748729705810547,0.10482573509216309,False
vit_base_patch16_224,visformer_small,50,ILSVRC2012_val_00026972.JPEG,block12,no_drop,True,0.007328195497393608,0.008359795436263084,0.5037667155265808,0.504278302192688,0.5296573638916016,0.3165193796157837,False
vit_base_patch16_224,visformer_small,51,ILSVRC2012_val_00027124.JPEG,block12,no_drop,True,0.016293078660964966,0.01921355165541172,0.5102638602256775,0.5103037357330322,0.3014397621154785,0.13386186957359314,False
vit_base_patch16_224,visformer_small,52,ILSVRC2012_val_00027141.JPEG,block12,selected,True,-0.0035373959690332413,-0.004563437774777412,0.49950841069221497,0.4983856678009033,0.058569908142089844,0.012193381786346436,False
vit_base_patch16_224,visformer_small,53,ILSVRC2012_val_00027148.JPEG,block12,selected,True,-0.0026453882455825806,-0.005861714482307434,0.4983258843421936,0.4972231090068817,-0.008846282958984375,-0.0010438263416290283,False
vit_base_patch16_224,visformer_small,52,ILSVRC2012_val_00027141.JPEG,block12,opposite,True,0.014463350176811218,0.015276606194674969,0.4990234375,0.5000796914100647,0.03313446044921875,0.007046312093734741,False
vit_base_patch16_224,visformer_small,53,ILSVRC2012_val_00027148.JPEG,block12,opposite,True,0.004055552650243044,0.0055335150100290775,0.5004251599311829,0.4988706409931183,0.003795623779296875,0.001523733139038086,False
vit_base_patch16_224,visformer_small,52,ILSVRC2012_val_00027141.JPEG,block12,deviation,True,-0.004949570167809725,-0.004941938910633326,0.4958346486091614,0.4963528513908386,-0.0731344223022461,-0.01892530918121338,False
vit_base_patch16_224,visformer_small,53,ILSVRC2012_val_00027148.JPEG,block12,deviation,True,-0.008556858636438847,-0.011258517391979694,0.5016475319862366,0.4988507032394409,0.00033283233642578125,0.00045755505561828613,False
vit_base_patch16_224,visformer_small,52,ILSVRC2012_val_00027141.JPEG,block12,random,True,0.005377008114010096,0.0047791036777198315,0.5002790093421936,0.4989437162876129,-0.038786888122558594,-0.010058104991912842,False
vit_base_patch16_224,visformer_small,53,ILSVRC2012_val_00027148.JPEG,block12,random,True,0.0037167437840253115,0.004387366585433483,0.49811995029449463,0.496299684047699,0.023395538330078125,0.006759911775588989,False
vit_base_patch16_224,visformer_small,52,ILSVRC2012_val_00027141.JPEG,block12,no_drop,True,-0.0026562069542706013,-0.002126954961568117,0.5044775605201721,0.5040125250816345,-0.033720970153808594,-0.007338583469390869,False
vit_base_patch16_224,visformer_small,53,ILSVRC2012_val_00027148.JPEG,block12,no_drop,True,-0.0001630422193557024,-0.00019476749002933502,0.501541256904602,0.5017073154449463,0.0018711090087890625,0.0010739564895629883,False
vit_base_patch16_224,visformer_small,54,ILSVRC2012_val_00027201.JPEG,block12,selected,True,-0.00396866537630558,-0.0033451044000685215,0.5036870241165161,0.5042384266853333,-8.869171142578125e-05,0.001984834671020508,False
vit_base_patch16_224,visformer_small,55,ILSVRC2012_val_00027287.JPEG,block12,selected,True,0.008696144446730614,0.010079139843583107,0.5035408735275269,0.5041254758834839,-0.055908203125,-0.01361575722694397,False
vit_base_patch16_224,visformer_small,54,ILSVRC2012_val_00027201.JPEG,block12,opposite,True,-0.004496899899095297,-0.0051200659945607185,0.5001527667045593,0.5017006993293762,-0.10306358337402344,-0.027434349060058594,False
vit_base_patch16_224,visformer_small,55,ILSVRC2012_val_00027287.JPEG,block12,opposite,True,0.004016037564724684,0.0047723520547151566,0.5021856427192688,0.5020594000816345,-0.07387447357177734,-0.018567144870758057,False
vit_base_patch16_224,visformer_small,54,ILSVRC2012_val_00027201.JPEG,block12,deviation,True,0.0002771758008748293,0.0007646528538316488,0.4998472034931183,0.500956654548645,-0.04651069641113281,-0.012117207050323486,False
vit_base_patch16_224,visformer_small,55,ILSVRC2012_val_00027287.JPEG,block12,deviation,True,-0.00038345763459801674,-0.00014124670997262,0.5006775856018066,0.5002923011779785,-0.11660099029541016,-0.025513172149658203,False
vit_base_patch16_224,visformer_small,54,ILSVRC2012_val_00027201.JPEG,block12,random,True,0.0006522946059703827,0.00039824831765145063,0.5067761540412903,0.5069156289100647,0.07764244079589844,0.025772660970687866,False
vit_base_patch16_224,visformer_small,55,ILSVRC2012_val_00027287.JPEG,block12,random,True,0.017139922827482224,0.018351156264543533,0.5022255182266235,0.502531111240387,-0.07137489318847656,-0.018273234367370605,False
vit_base_patch16_224,visformer_small,54,ILSVRC2012_val_00027201.JPEG,block12,no_drop,True,0.003034211229532957,0.0030380762182176113,0.5008503198623657,0.5018734335899353,-0.04029273986816406,-0.0090198814868927,False
vit_base_patch16_224,visformer_small,55,ILSVRC2012_val_00027287.JPEG,block12,no_drop,True,0.007085672114044428,0.007256902754306793,0.5004318356513977,0.5005314350128174,-0.0778036117553711,-0.01728871464729309,False
vit_base_patch16_224,visformer_small,56,ILSVRC2012_val_00027348.JPEG,block12,selected,True,0.0317230150103569,0.03329334780573845,0.5115393996238708,0.5115725994110107,0.4525127410888672,0.29999786615371704,False
vit_base_patch16_224,visformer_small,57,ILSVRC2012_val_00027385.JPEG,block12,selected,True,0.004402971360832453,0.0037530234549194574,0.501767098903656,0.5026639699935913,0.006760597229003906,0.007760494947433472,False
vit_base_patch16_224,visformer_small,56,ILSVRC2012_val_00027348.JPEG,block12,opposite,True,0.04636242985725403,0.04799313098192215,0.5178106427192688,0.5174984335899353,1.0666513442993164,0.7536669969558716,False
vit_base_patch16_224,visformer_small,57,ILSVRC2012_val_00027385.JPEG,block12,opposite,True,-0.0025915661826729774,-0.0031667533330619335,0.4991629421710968,0.49944859743118286,-0.07727622985839844,-0.019997507333755493,False
vit_base_patch16_224,visformer_small,56,ILSVRC2012_val_00027348.JPEG,block12,deviation,True,0.03571004420518875,0.03795909136533737,0.5120575428009033,0.5126554369926453,0.8231673240661621,0.5034402012825012,False
vit_base_patch16_224,visformer_small,57,ILSVRC2012_val_00027385.JPEG,block12,deviation,True,0.007286514155566692,0.006772208027541637,0.5041786432266235,0.5038530826568604,0.042855262756347656,0.018427371978759766,False
vit_base_patch16_224,visformer_small,56,ILSVRC2012_val_00027348.JPEG,block12,random,True,0.03987911343574524,0.042120132595300674,0.5143960118293762,0.5149806141853333,0.7309656143188477,0.5119936466217041,False
vit_base_patch16_224,visformer_small,57,ILSVRC2012_val_00027385.JPEG,block12,random,True,0.008218823000788689,0.007573359180241823,0.5030625462532043,0.5024912357330322,0.026880264282226562,0.010507792234420776,False
vit_base_patch16_224,visformer_small,56,ILSVRC2012_val_00027348.JPEG,block12,no_drop,True,0.04833505302667618,0.04963724687695503,0.5182358026504517,0.5186078548431396,1.0917143821716309,0.8452877998352051,True
vit_base_patch16_224,visformer_small,57,ILSVRC2012_val_00027385.JPEG,block12,no_drop,True,0.004766060970723629,0.004717373289167881,0.5010097622871399,0.5004849433898926,0.003437042236328125,0.0033656656742095947,False
vit_base_patch16_224,visformer_small,58,ILSVRC2012_val_00027498.JPEG,block12,selected,True,0.012752225622534752,0.013150343671441078,0.49954161047935486,0.4996013939380646,0.0109405517578125,0.0042345523834228516,False
vit_base_patch16_224,visformer_small,59,ILSVRC2012_val_00027530.JPEG,block12,selected,True,-0.0007090766448527575,0.00045300135388970375,0.5010097622871399,0.5009034872055054,-0.04001426696777344,0.02533969283103943,False
vit_base_patch16_224,visformer_small,58,ILSVRC2012_val_00027498.JPEG,block12,opposite,True,-0.0006890299264341593,-0.0007317584240809083,0.4973825514316559,0.4975818395614624,-0.03398323059082031,-0.00802949070930481,False
vit_base_patch16_224,visformer_small,59,ILSVRC2012_val_00027530.JPEG,block12,opposite,True,-0.008137603290379047,-0.010200966149568558,0.500996470451355,0.5002790093421936,-0.026248931884765625,0.0020662546157836914,False
vit_base_patch16_224,visformer_small,58,ILSVRC2012_val_00027498.JPEG,block12,deviation,True,-0.007027353160083294,-0.0059280735440552235,0.5005580186843872,0.5002790093421936,-0.019664764404296875,-0.004989534616470337,False
vit_base_patch16_224,visformer_small,59,ILSVRC2012_val_00027530.JPEG,block12,deviation,True,0.012982606887817383,0.012215087190270424,0.5001461505889893,0.5009101033210754,-0.023024559020996094,0.012545943260192871,False
vit_base_patch16_224,visformer_small,58,ILSVRC2012_val_00027498.JPEG,block12,random,True,-0.018220407888293266,-0.01745023764669895,0.5012356638908386,0.5019465088844299,0.04995536804199219,0.015939980745315552,False
vit_base_patch16_224,visformer_small,59,ILSVRC2012_val_00027530.JPEG,block12,random,True,0.014527034014463425,0.015847619622945786,0.5041520595550537,0.5048363208770752,-0.01695537567138672,0.04223796725273132,False
vit_base_patch16_224,visformer_small,58,ILSVRC2012_val_00027498.JPEG,block12,no_drop,True,0.001225403044372797,0.0009268797002732754,0.5013951063156128,0.5003055930137634,0.05465412139892578,0.015844523906707764,False
vit_base_patch16_224,visformer_small,59,ILSVRC2012_val_00027530.JPEG,block12,no_drop,True,0.004090390168130398,0.004858744330704212,0.5003520846366882,0.5005115270614624,-0.09870481491088867,-0.0027907490730285645,False
vit_base_patch16_224,visformer_small,60,ILSVRC2012_val_00027633.JPEG,block12,selected,True,-0.009836673736572266,-0.008703612722456455,0.4980801045894623,0.49792730808258057,-0.01948261260986328,0.0038451552391052246,False
vit_base_patch16_224,visformer_small,61,ILSVRC2012_val_00027636.JPEG,block12,selected,True,-0.005038284696638584,-0.005097555927932262,0.4980933666229248,0.49963462352752686,-0.03477001190185547,0.00595933198928833,False
vit_base_patch16_224,visformer_small,60,ILSVRC2012_val_00027633.JPEG,block12,opposite,True,0.009752350859344006,0.009183368645608425,0.5051153302192688,0.5044310688972473,0.01562786102294922,0.017091035842895508,False
vit_base_patch16_224,visformer_small,61,ILSVRC2012_val_00027636.JPEG,block12,opposite,True,0.003316788701340556,0.004382146522402763,0.5023583769798279,0.5029628872871399,0.03200721740722656,0.023073524236679077,False
vit_base_patch16_224,visformer_small,60,ILSVRC2012_val_00027633.JPEG,block12,deviation,True,-0.006236438173800707,-0.006497482769191265,0.49903008341789246,0.4987111985683441,-0.036057472229003906,0.0239374041557312,False
vit_base_patch16_224,visformer_small,61,ILSVRC2012_val_00027636.JPEG,block12,deviation,True,0.0023007493000477552,0.0033590837847441435,0.5004650354385376,0.5003255009651184,-0.045841217041015625,0.01583993434906006,False
vit_base_patch16_224,visformer_small,60,ILSVRC2012_val_00027633.JPEG,block12,random,True,0.007031526416540146,0.0069267041981220245,0.5057530999183655,0.5056866407394409,0.07854652404785156,0.05681368708610535,False
vit_base_patch16_224,visformer_small,61,ILSVRC2012_val_00027636.JPEG,block12,random,True,-0.0031517278403043747,-0.00290577276609838,0.5018667578697205,0.501561164855957,0.052402496337890625,0.039705097675323486,False
vit_base_patch16_224,visformer_small,60,ILSVRC2012_val_00027633.JPEG,block12,no_drop,True,0.0011160781141370535,0.0005436964565888047,0.5049890875816345,0.5048894286155701,0.039053916931152344,0.016605287790298462,False
vit_base_patch16_224,visformer_small,61,ILSVRC2012_val_00027636.JPEG,block12,no_drop,True,0.0035417131148278713,0.004032214172184467,0.500019907951355,0.5001926422119141,0.057999610900878906,0.037937313318252563,False
vit_base_patch16_224,visformer_small,62,ILSVRC2012_val_00027657.JPEG,block12,selected,True,0.037377696484327316,0.04229225590825081,0.5060985088348389,0.506251335144043,0.5441322326660156,0.38840121030807495,False
vit_base_patch16_224,visformer_small,63,ILSVRC2012_val_00027790.JPEG,block12,selected,True,0.00044385227374732494,0.002336195670068264,0.5045838356018066,0.5051286220550537,0.06363868713378906,0.03301385045051575,False
vit_base_patch16_224,visformer_small,62,ILSVRC2012_val_00027657.JPEG,block12,opposite,True,0.09364444017410278,0.09931091964244843,0.5097922086715698,0.5099383592605591,0.7892727851867676,0.6263110041618347,False
vit_base_patch16_224,visformer_small,63,ILSVRC2012_val_00027790.JPEG,block12,opposite,True,0.03714102879166603,0.03943866863846779,0.5116390585899353,0.5122236609458923,0.20128440856933594,0.08652263879776001,False
vit_base_patch16_224,visformer_small,62,ILSVRC2012_val_00027657.JPEG,block12,deviation,True,0.09397640824317932,0.09968791902065277,0.5121240019798279,0.5115261077880859,0.8075265884399414,0.6278442740440369,False
vit_base_patch16_224,visformer_small,63,ILSVRC2012_val_00027790.JPEG,block12,deviation,True,0.021883301436901093,0.022872447967529297,0.5086628198623657,0.5091743469238281,0.09265327453613281,0.05369597673416138,False
vit_base_patch16_224,visformer_small,62,ILSVRC2012_val_00027657.JPEG,block12,random,True,0.08953041583299637,0.09760254621505737,0.5106492042541504,0.511532723903656,0.6213955879211426,0.45441561937332153,False
vit_base_patch16_224,visformer_small,63,ILSVRC2012_val_00027790.JPEG,block12,random,True,0.01654566079378128,0.017099056392908096,0.5070086717605591,0.5076131820678711,0.06720733642578125,0.04308640956878662,False
vit_base_patch16_224,visformer_small,62,ILSVRC2012_val_00027657.JPEG,block12,no_drop,True,0.045098189264535904,0.04598767310380936,0.504298210144043,0.5042251348495483,0.3761415481567383,0.26749008893966675,False
vit_base_patch16_224,visformer_small,63,ILSVRC2012_val_00027790.JPEG,block12,no_drop,True,0.04704810678958893,0.04647869989275932,0.512303352355957,0.5128414630889893,0.09327220916748047,0.0989018976688385,False
