model,sample_index,image_name,layer,layer_index,feature_source,grid_h,grid_w,strategy,drop_ratio,repeat,clean_correct,route_logit_drop,route_loss_increase,route_prediction_changed,selected_score_mean
visformer_small,0,ILSVRC2012_val_00000031.JPEG,early,0,feature_modules[0],28,28,high_score_extreme,0.15,0,True,0.050429344177246094,0.008419066667556763,False,0.782017707824707
visformer_small,1,ILSVRC2012_val_00000081.JPEG,early,0,feature_modules[0],28,28,high_score_extreme,0.15,0,True,2.469026565551758,0.6765797138214111,False,0.7631836533546448
visformer_small,2,ILSVRC2012_val_00000102.JPEG,early,0,feature_modules[0],28,28,high_score_extreme,0.15,0,True,0.48967456817626953,0.5814301371574402,True,0.7265569567680359
visformer_small,3,ILSVRC2012_val_00000117.JPEG,early,0,feature_modules[0],28,28,high_score_extreme,0.15,0,True,0.4189724922180176,0.2649383544921875,False,0.9218313097953796
visformer_small,4,ILSVRC2012_val_00000120.JPEG,early,0,feature_modules[0],28,28,high_score_extreme,0.15,0,True,0.4180641174316406,0.17173022031784058,False,0.8463709950447083
visformer_small,5,ILSVRC2012_val_00000138.JPEG,early,0,feature_modules[0],28,28,high_score_extreme,0.15,0,True,0.1432666778564453,0.037476301193237305,False,0.8734575510025024
visformer_small,6,ILSVRC2012_val_00000166.JPEG,early,0,feature_modules[0],28,28,high_score_extreme,0.15,0,True,-0.22107696533203125,-0.060791611671447754,False,0.9124305844306946
visformer_small,7,ILSVRC2012_val_00000262.JPEG,early,0,feature_modules[0],28,28,high_score_extreme,0.15,0,True,0.09068107604980469,0.01244276762008667,False,0.9057570099830627
visformer_small,0,ILSVRC2012_val_00000031.JPEG,early,0,feature_modules[0],28,28,high_score_extreme,0.15,1,True,0.050429344177246094,0.008419066667556763,False,0.782017707824707
visformer_small,1,ILSVRC2012_val_00000081.JPEG,early,0,feature_modules[0],28,28,high_score_extreme,0.15,1,True,2.469026565551758,0.6765797138214111,False,0.7631836533546448
visformer_small,2,ILSVRC2012_val_00000102.JPEG,early,0,feature_modules[0],28,28,high_score_extreme,0.15,1,True,0.48967456817626953,0.5814301371574402,True,0.7265569567680359
visformer_small,3,ILSVRC2012_val_00000117.JPEG,early,0,feature_modules[0],28,28,high_score_extreme,0.15,1,True,0.4189724922180176,0.2649383544921875,False,0.9218313097953796
visformer_small,4,ILSVRC2012_val_00000120.JPEG,early,0,feature_modules[0],28,28,high_score_extreme,0.15,1,True,0.4180641174316406,0.17173022031784058,False,0.8463709950447083
visformer_small,5,ILSVRC2012_val_00000138.JPEG,early,0,feature_modules[0],28,28,high_score_extreme,0.15,1,True,0.1432666778564453,0.037476301193237305,False,0.8734575510025024
visformer_small,6,ILSVRC2012_val_00000166.JPEG,early,0,feature_modules[0],28,28,high_score_extreme,0.15,1,True,-0.22107696533203125,-0.060791611671447754,False,0.9124305844306946
visformer_small,7,ILSVRC2012_val_00000262.JPEG,early,0,feature_modules[0],28,28,high_score_extreme,0.15,1,True,0.09068107604980469,0.01244276762008667,False,0.9057570099830627
visformer_small,0,ILSVRC2012_val_00000031.JPEG,early,0,feature_modules[0],28,28,high_score_extreme,0.15,2,True,0.050429344177246094,0.008419066667556763,False,0.782017707824707
visformer_small,1,ILSVRC2012_val_00000081.JPEG,early,0,feature_modules[0],28,28,high_score_extreme,0.15,2,True,2.469026565551758,0.6765797138214111,False,0.7631836533546448
visformer_small,2,ILSVRC2012_val_00000102.JPEG,early,0,feature_modules[0],28,28,high_score_extreme,0.15,2,True,0.48967456817626953,0.5814301371574402,True,0.7265569567680359
visformer_small,3,ILSVRC2012_val_00000117.JPEG,early,0,feature_modules[0],28,28,high_score_extreme,0.15,2,True,0.4189724922180176,0.2649383544921875,False,0.9218313097953796
visformer_small,4,ILSVRC2012_val_00000120.JPEG,early,0,feature_modules[0],28,28,high_score_extreme,0.15,2,True,0.4180641174316406,0.17173022031784058,False,0.8463709950447083
visformer_small,5,ILSVRC2012_val_00000138.JPEG,early,0,feature_modules[0],28,28,high_score_extreme,0.15,2,True,0.1432666778564453,0.037476301193237305,False,0.8734575510025024
visformer_small,6,ILSVRC2012_val_00000166.JPEG,early,0,feature_modules[0],28,28,high_score_extreme,0.15,2,True,-0.22107696533203125,-0.060791611671447754,False,0.9124305844306946
visformer_small,7,ILSVRC2012_val_00000262.JPEG,early,0,feature_modules[0],28,28,high_score_extreme,0.15,2,True,0.09068107604980469,0.01244276762008667,False,0.9057570099830627
visformer_small,0,ILSVRC2012_val_00000031.JPEG,early,0,feature_modules[0],28,28,high_score_extreme,0.15,3,True,0.050429344177246094,0.008419066667556763,False,0.782017707824707
visformer_small,1,ILSVRC2012_val_00000081.JPEG,early,0,feature_modules[0],28,28,high_score_extreme,0.15,3,True,2.469026565551758,0.6765797138214111,False,0.7631836533546448
visformer_small,2,ILSVRC2012_val_00000102.JPEG,early,0,feature_modules[0],28,28,high_score_extreme,0.15,3,True,0.48967456817626953,0.5814301371574402,True,0.7265569567680359
visformer_small,3,ILSVRC2012_val_00000117.JPEG,early,0,feature_modules[0],28,28,high_score_extreme,0.15,3,True,0.4189724922180176,0.2649383544921875,False,0.9218313097953796
visformer_small,4,ILSVRC2012_val_00000120.JPEG,early,0,feature_modules[0],28,28,high_score_extreme,0.15,3,True,0.4180641174316406,0.17173022031784058,False,0.8463709950447083
visformer_small,5,ILSVRC2012_val_00000138.JPEG,early,0,feature_modules[0],28,28,high_score_extreme,0.15,3,True,0.1432666778564453,0.037476301193237305,False,0.8734575510025024
visformer_small,6,ILSVRC2012_val_00000166.JPEG,early,0,feature_modules[0],28,28,high_score_extreme,0.15,3,True,-0.22107696533203125,-0.060791611671447754,False,0.9124305844306946
visformer_small,7,ILSVRC2012_val_00000262.JPEG,early,0,feature_modules[0],28,28,high_score_extreme,0.15,3,True,0.09068107604980469,0.01244276762008667,False,0.9057570099830627
visformer_small,0,ILSVRC2012_val_00000031.JPEG,early,0,feature_modules[0],28,28,low_score_extreme,0.15,0,True,0.6413421630859375,0.31212788820266724,False,0.18518516421318054
visformer_small,1,ILSVRC2012_val_00000081.JPEG,early,0,feature_modules[0],28,28,low_score_extreme,0.15,0,True,2.862399101257324,1.328104853630066,True,0.3913566470146179
visformer_small,2,ILSVRC2012_val_00000102.JPEG,early,0,feature_modules[0],28,28,low_score_extreme,0.15,0,True,0.6045365333557129,0.5806475281715393,False,0.30615705251693726
visformer_small,3,ILSVRC2012_val_00000117.JPEG,early,0,feature_modules[0],28,28,low_score_extreme,0.15,0,True,0.6533427238464355,0.7215874195098877,True,0.5226534605026245
visformer_small,4,ILSVRC2012_val_00000120.JPEG,early,0,feature_modules[0],28,28,low_score_extreme,0.15,0,True,0.34175777435302734,0.12117624282836914,False,0.41474995017051697
visformer_small,5,ILSVRC2012_val_00000138.JPEG,early,0,feature_modules[0],28,28,low_score_extreme,0.15,0,True,-0.12345361709594727,-0.029684364795684814,False,0.673543393611908
visformer_small,6,ILSVRC2012_val_00000166.JPEG,early,0,feature_modules[0],28,28,low_score_extreme,0.15,0,True,-0.3037710189819336,-0.0744461715221405,False,0.4395850598812103
visformer_small,7,ILSVRC2012_val_00000262.JPEG,early,0,feature_modules[0],28,28,low_score_extreme,0.15,0,True,0.7011866569519043,0.28555595874786377,False,0.5007697343826294
visformer_small,0,ILSVRC2012_val_00000031.JPEG,early,0,feature_modules[0],28,28,low_score_extreme,0.15,1,True,0.6413421630859375,0.31212788820266724,False,0.18518516421318054
visformer_small,1,ILSVRC2012_val_00000081.JPEG,early,0,feature_modules[0],28,28,low_score_extreme,0.15,1,True,2.862399101257324,1.328104853630066,True,0.3913566470146179
visformer_small,2,ILSVRC2012_val_00000102.JPEG,early,0,feature_modules[0],28,28,low_score_extreme,0.15,1,True,0.6045365333557129,0.5806475281715393,False,0.30615705251693726
visformer_small,3,ILSVRC2012_val_00000117.JPEG,early,0,feature_modules[0],28,28,low_score_extreme,0.15,1,True,0.6533427238464355,0.7215874195098877,True,0.5226534605026245
visformer_small,4,ILSVRC2012_val_00000120.JPEG,early,0,feature_modules[0],28,28,low_score_extreme,0.15,1,True,0.34175777435302734,0.12117624282836914,False,0.41474995017051697
visformer_small,5,ILSVRC2012_val_00000138.JPEG,early,0,feature_modules[0],28,28,low_score_extreme,0.15,1,True,-0.12345361709594727,-0.029684364795684814,False,0.673543393611908
visformer_small,6,ILSVRC2012_val_00000166.JPEG,early,0,feature_modules[0],28,28,low_score_extreme,0.15,1,True,-0.3037710189819336,-0.0744461715221405,False,0.4395850598812103
visformer_small,7,ILSVRC2012_val_00000262.JPEG,early,0,feature_modules[0],28,28,low_score_extreme,0.15,1,True,0.7011866569519043,0.28555595874786377,False,0.5007697343826294
visformer_small,0,ILSVRC2012_val_00000031.JPEG,early,0,feature_modules[0],28,28,low_score_extreme,0.15,2,True,0.6413421630859375,0.31212788820266724,False,0.18518516421318054
visformer_small,1,ILSVRC2012_val_00000081.JPEG,early,0,feature_modules[0],28,28,low_score_extreme,0.15,2,True,2.862399101257324,1.328104853630066,True,0.3913566470146179
visformer_small,2,ILSVRC2012_val_00000102.JPEG,early,0,feature_modules[0],28,28,low_score_extreme,0.15,2,True,0.6045365333557129,0.5806475281715393,False,0.30615705251693726
visformer_small,3,ILSVRC2012_val_00000117.JPEG,early,0,feature_modules[0],28,28,low_score_extreme,0.15,2,True,0.6533427238464355,0.7215874195098877,True,0.5226534605026245
visformer_small,4,ILSVRC2012_val_00000120.JPEG,early,0,feature_modules[0],28,28,low_score_extreme,0.15,2,True,0.34175777435302734,0.12117624282836914,False,0.41474995017051697
visformer_small,5,ILSVRC2012_val_00000138.JPEG,early,0,feature_modules[0],28,28,low_score_extreme,0.15,2,True,-0.12345361709594727,-0.029684364795684814,False,0.673543393611908
visformer_small,6,ILSVRC2012_val_00000166.JPEG,early,0,feature_modules[0],28,28,low_score_extreme,0.15,2,True,-0.3037710189819336,-0.0744461715221405,False,0.4395850598812103
visformer_small,7,ILSVRC2012_val_00000262.JPEG,early,0,feature_modules[0],28,28,low_score_extreme,0.15,2,True,0.7011866569519043,0.28555595874786377,False,0.5007697343826294
visformer_small,0,ILSVRC2012_val_00000031.JPEG,early,0,feature_modules[0],28,28,low_score_extreme,0.15,3,True,0.6413421630859375,0.31212788820266724,False,0.18518516421318054
visformer_small,1,ILSVRC2012_val_00000081.JPEG,early,0,feature_modules[0],28,28,low_score_extreme,0.15,3,True,2.862399101257324,1.328104853630066,True,0.3913566470146179
visformer_small,2,ILSVRC2012_val_00000102.JPEG,early,0,feature_modules[0],28,28,low_score_extreme,0.15,3,True,0.6045365333557129,0.5806475281715393,False,0.30615705251693726
visformer_small,3,ILSVRC2012_val_00000117.JPEG,early,0,feature_modules[0],28,28,low_score_extreme,0.15,3,True,0.6533427238464355,0.7215874195098877,True,0.5226534605026245
visformer_small,4,ILSVRC2012_val_00000120.JPEG,early,0,feature_modules[0],28,28,low_score_extreme,0.15,3,True,0.34175777435302734,0.12117624282836914,False,0.41474995017051697
visformer_small,5,ILSVRC2012_val_00000138.JPEG,early,0,feature_modules[0],28,28,low_score_extreme,0.15,3,True,-0.12345361709594727,-0.029684364795684814,False,0.673543393611908
visformer_small,6,ILSVRC2012_val_00000166.JPEG,early,0,feature_modules[0],28,28,low_score_extreme,0.15,3,True,-0.3037710189819336,-0.0744461715221405,False,0.4395850598812103
visformer_small,7,ILSVRC2012_val_00000262.JPEG,early,0,feature_modules[0],28,28,low_score_extreme,0.15,3,True,0.7011866569519043,0.28555595874786377,False,0.5007697343826294
visformer_small,0,ILSVRC2012_val_00000031.JPEG,early,0,feature_modules[0],28,28,random_uniform,0.15,0,True,0.11540412902832031,0.034646838903427124,False,0.5533056259155273
visformer_small,1,ILSVRC2012_val_00000081.JPEG,early,0,feature_modules[0],28,28,random_uniform,0.15,0,True,4.180658340454102,2.1093790531158447,False,0.602931797504425
visformer_small,2,ILSVRC2012_val_00000102.JPEG,early,0,feature_modules[0],28,28,random_uniform,0.15,0,True,0.6328587532043457,0.8508092761039734,True,0.5546151399612427
visformer_small,3,ILSVRC2012_val_00000117.JPEG,early,0,feature_modules[0],28,28,random_uniform,0.15,0,True,0.8808536529541016,0.6559606790542603,False,0.7767041921615601
visformer_small,4,ILSVRC2012_val_00000120.JPEG,early,0,feature_modules[0],28,28,random_uniform,0.15,0,True,0.9122543334960938,0.41172492504119873,False,0.6941764950752258
visformer_small,5,ILSVRC2012_val_00000138.JPEG,early,0,feature_modules[0],28,28,random_uniform,0.15,0,True,0.03170585632324219,0.017780810594558716,False,0.7920630574226379
visformer_small,6,ILSVRC2012_val_00000166.JPEG,early,0,feature_modules[0],28,28,random_uniform,0.15,0,True,-0.06697750091552734,-0.024407893419265747,False,0.7791460752487183
visformer_small,7,ILSVRC2012_val_00000262.JPEG,early,0,feature_modules[0],28,28,random_uniform,0.15,0,True,0.8678946495056152,0.27813833951950073,False,0.7794215083122253
visformer_small,0,ILSVRC2012_val_00000031.JPEG,early,0,feature_modules[0],28,28,random_uniform,0.15,1,True,0.08557891845703125,0.016696453094482422,False,0.5765830874443054
visformer_small,1,ILSVRC2012_val_00000081.JPEG,early,0,feature_modules[0],28,28,random_uniform,0.15,1,True,4.594618797302246,2.5502591133117676,True,0.5929644107818604
visformer_small,2,ILSVRC2012_val_00000102.JPEG,early,0,feature_modules[0],28,28,random_uniform,0.15,1,True,0.15967798233032227,0.4787837862968445,False,0.5675197839736938
visformer_small,3,ILSVRC2012_val_00000117.JPEG,early,0,feature_modules[0],28,28,random_uniform,0.15,1,True,1.429516315460205,1.1332978010177612,True,0.8144665360450745
visformer_small,4,ILSVRC2012_val_00000120.JPEG,early,0,feature_modules[0],28,28,random_uniform,0.15,1,True,0.37660694122314453,0.1332189440727234,False,0.707634687423706
visformer_small,5,ILSVRC2012_val_00000138.JPEG,early,0,feature_modules[0],28,28,random_uniform,0.15,1,True,-0.45824480056762695,-0.08554157614707947,False,0.7916048169136047
visformer_small,6,ILSVRC2012_val_00000166.JPEG,early,0,feature_modules[0],28,28,random_uniform,0.15,1,True,-0.09068965911865234,-0.028502047061920166,False,0.7753978967666626
visformer_small,7,ILSVRC2012_val_00000262.JPEG,early,0,feature_modules[0],28,28,random_uniform,0.15,1,True,1.138756275177002,0.468296080827713,False,0.7611638903617859
visformer_small,0,ILSVRC2012_val_00000031.JPEG,early,0,feature_modules[0],28,28,random_uniform,0.15,2,True,-0.00010776519775390625,-0.010974347591400146,False,0.5786769390106201
visformer_small,1,ILSVRC2012_val_00000081.JPEG,early,0,feature_modules[0],28,28,random_uniform,0.15,2,True,2.5212860107421875,1.0189586877822876,False,0.5736353397369385
visformer_small,2,ILSVRC2012_val_00000102.JPEG,early,0,feature_modules[0],28,28,random_uniform,0.15,2,True,1.3906521797180176,1.2605397701263428,True,0.5534790754318237
visformer_small,3,ILSVRC2012_val_00000117.JPEG,early,0,feature_modules[0],28,28,random_uniform,0.15,2,True,0.7454838752746582,0.7701305150985718,True,0.76622074842453
visformer_small,4,ILSVRC2012_val_00000120.JPEG,early,0,feature_modules[0],28,28,random_uniform,0.15,2,True,0.6720151901245117,0.2775075435638428,False,0.6503822207450867
visformer_small,5,ILSVRC2012_val_00000138.JPEG,early,0,feature_modules[0],28,28,random_uniform,0.15,2,True,0.0625,0.024431288242340088,False,0.7943129539489746
visformer_small,6,ILSVRC2012_val_00000166.JPEG,early,0,feature_modules[0],28,28,random_uniform,0.15,2,True,-0.020923614501953125,-0.01247289776802063,False,0.7491936087608337
visformer_small,7,ILSVRC2012_val_00000262.JPEG,early,0,feature_modules[0],28,28,random_uniform,0.15,2,True,1.1304903030395508,0.360003262758255,False,0.7549566626548767
visformer_small,0,ILSVRC2012_val_00000031.JPEG,early,0,feature_modules[0],28,28,random_uniform,0.15,3,True,-0.04294586181640625,-0.0077342689037323,False,0.5611698627471924
visformer_small,1,ILSVRC2012_val_00000081.JPEG,early,0,feature_modules[0],28,28,random_uniform,0.15,3,True,3.492375373840332,1.565216302871704,False,0.6045937538146973
visformer_small,2,ILSVRC2012_val_00000102.JPEG,early,0,feature_modules[0],28,28,random_uniform,0.15,3,True,1.0450000762939453,1.0326778888702393,True,0.5719088315963745
visformer_small,3,ILSVRC2012_val_00000117.JPEG,early,0,feature_modules[0],28,28,random_uniform,0.15,3,True,0.5684852600097656,0.4922785758972168,False,0.7878552079200745
visformer_small,4,ILSVRC2012_val_00000120.JPEG,early,0,feature_modules[0],28,28,random_uniform,0.15,3,True,0.3605947494506836,0.13420403003692627,False,0.7223597764968872
visformer_small,5,ILSVRC2012_val_00000138.JPEG,early,0,feature_modules[0],28,28,random_uniform,0.15,3,True,0.07067680358886719,0.027545064687728882,False,0.7866615056991577
visformer_small,6,ILSVRC2012_val_00000166.JPEG,early,0,feature_modules[0],28,28,random_uniform,0.15,3,True,-0.05275249481201172,-0.020462721586227417,False,0.76839280128479
visformer_small,7,ILSVRC2012_val_00000262.JPEG,early,0,feature_modules[0],28,28,random_uniform,0.15,3,True,0.3764629364013672,0.1419866979122162,False,0.7602099776268005
visformer_small,0,ILSVRC2012_val_00000031.JPEG,early,0,feature_modules[0],28,28,score_deviation_extreme,0.15,0,True,0.6413421630859375,0.31212788820266724,False,0.18518516421318054
visformer_small,1,ILSVRC2012_val_00000081.JPEG,early,0,feature_modules[0],28,28,score_deviation_extreme,0.15,0,True,2.862399101257324,1.328104853630066,True,0.3913566470146179
visformer_small,2,ILSVRC2012_val_00000102.JPEG,early,0,feature_modules[0],28,28,score_deviation_extreme,0.15,0,True,0.6045365333557129,0.5806475281715393,False,0.30615705251693726
visformer_small,3,ILSVRC2012_val_00000117.JPEG,early,0,feature_modules[0],28,28,score_deviation_extreme,0.15,0,True,0.6533427238464355,0.7215874195098877,True,0.5226534605026245
visformer_small,4,ILSVRC2012_val_00000120.JPEG,early,0,feature_modules[0],28,28,score_deviation_extreme,0.15,0,True,0.34175777435302734,0.12117624282836914,False,0.41474995017051697
visformer_small,5,ILSVRC2012_val_00000138.JPEG,early,0,feature_modules[0],28,28,score_deviation_extreme,0.15,0,True,-0.08436918258666992,-0.020174145698547363,False,0.6998028755187988
visformer_small,6,ILSVRC2012_val_00000166.JPEG,early,0,feature_modules[0],28,28,score_deviation_extreme,0.15,0,True,-0.3037710189819336,-0.0744461715221405,False,0.4395850598812103
visformer_small,7,ILSVRC2012_val_00000262.JPEG,early,0,feature_modules[0],28,28,score_deviation_extreme,0.15,0,True,0.7011866569519043,0.28555595874786377,False,0.5007697343826294
visformer_small,0,ILSVRC2012_val_00000031.JPEG,early,0,feature_modules[0],28,28,score_deviation_extreme,0.15,1,True,0.6413421630859375,0.31212788820266724,False,0.18518516421318054
visformer_small,1,ILSVRC2012_val_00000081.JPEG,early,0,feature_modules[0],28,28,score_deviation_extreme,0.15,1,True,2.862399101257324,1.328104853630066,True,0.3913566470146179
visformer_small,2,ILSVRC2012_val_00000102.JPEG,early,0,feature_modules[0],28,28,score_deviation_extreme,0.15,1,True,0.6045365333557129,0.5806475281715393,False,0.30615705251693726
visformer_small,3,ILSVRC2012_val_00000117.JPEG,early,0,feature_modules[0],28,28,score_deviation_extreme,0.15,1,True,0.6533427238464355,0.7215874195098877,True,0.5226534605026245
visformer_small,4,ILSVRC2012_val_00000120.JPEG,early,0,feature_modules[0],28,28,score_deviation_extreme,0.15,1,True,0.34175777435302734,0.12117624282836914,False,0.41474995017051697
visformer_small,5,ILSVRC2012_val_00000138.JPEG,early,0,feature_modules[0],28,28,score_deviation_extreme,0.15,1,True,-0.08436918258666992,-0.020174145698547363,False,0.6998028755187988
visformer_small,6,ILSVRC2012_val_00000166.JPEG,early,0,feature_modules[0],28,28,score_deviation_extreme,0.15,1,True,-0.3037710189819336,-0.0744461715221405,False,0.4395850598812103
visformer_small,7,ILSVRC2012_val_00000262.JPEG,early,0,feature_modules[0],28,28,score_deviation_extreme,0.15,1,True,0.7011866569519043,0.28555595874786377,False,0.5007697343826294
visformer_small,0,ILSVRC2012_val_00000031.JPEG,early,0,feature_modules[0],28,28,score_deviation_extreme,0.15,2,True,0.6413421630859375,0.31212788820266724,False,0.18518516421318054
visformer_small,1,ILSVRC2012_val_00000081.JPEG,early,0,feature_modules[0],28,28,score_deviation_extreme,0.15,2,True,2.862399101257324,1.328104853630066,True,0.3913566470146179
visformer_small,2,ILSVRC2012_val_00000102.JPEG,early,0,feature_modules[0],28,28,score_deviation_extreme,0.15,2,True,0.6045365333557129,0.5806475281715393,False,0.30615705251693726
visformer_small,3,ILSVRC2012_val_00000117.JPEG,early,0,feature_modules[0],28,28,score_deviation_extreme,0.15,2,True,0.6533427238464355,0.7215874195098877,True,0.5226534605026245
visformer_small,4,ILSVRC2012_val_00000120.JPEG,early,0,feature_modules[0],28,28,score_deviation_extreme,0.15,2,True,0.34175777435302734,0.12117624282836914,False,0.41474995017051697
visformer_small,5,ILSVRC2012_val_00000138.JPEG,early,0,feature_modules[0],28,28,score_deviation_extreme,0.15,2,True,-0.08436918258666992,-0.020174145698547363,False,0.6998028755187988
visformer_small,6,ILSVRC2012_val_00000166.JPEG,early,0,feature_modules[0],28,28,score_deviation_extreme,0.15,2,True,-0.3037710189819336,-0.0744461715221405,False,0.4395850598812103
visformer_small,7,ILSVRC2012_val_00000262.JPEG,early,0,feature_modules[0],28,28,score_deviation_extreme,0.15,2,True,0.7011866569519043,0.28555595874786377,False,0.5007697343826294
visformer_small,0,ILSVRC2012_val_00000031.JPEG,early,0,feature_modules[0],28,28,score_deviation_extreme,0.15,3,True,0.6413421630859375,0.31212788820266724,False,0.18518516421318054
visformer_small,1,ILSVRC2012_val_00000081.JPEG,early,0,feature_modules[0],28,28,score_deviation_extreme,0.15,3,True,2.862399101257324,1.328104853630066,True,0.3913566470146179
visformer_small,2,ILSVRC2012_val_00000102.JPEG,early,0,feature_modules[0],28,28,score_deviation_extreme,0.15,3,True,0.6045365333557129,0.5806475281715393,False,0.30615705251693726
visformer_small,3,ILSVRC2012_val_00000117.JPEG,early,0,feature_modules[0],28,28,score_deviation_extreme,0.15,3,True,0.6533427238464355,0.7215874195098877,True,0.5226534605026245
visformer_small,4,ILSVRC2012_val_00000120.JPEG,early,0,feature_modules[0],28,28,score_deviation_extreme,0.15,3,True,0.34175777435302734,0.12117624282836914,False,0.41474995017051697
visformer_small,5,ILSVRC2012_val_00000138.JPEG,early,0,feature_modules[0],28,28,score_deviation_extreme,0.15,3,True,-0.08436918258666992,-0.020174145698547363,False,0.6998028755187988
visformer_small,6,ILSVRC2012_val_00000166.JPEG,early,0,feature_modules[0],28,28,score_deviation_extreme,0.15,3,True,-0.3037710189819336,-0.0744461715221405,False,0.4395850598812103
visformer_small,7,ILSVRC2012_val_00000262.JPEG,early,0,feature_modules[0],28,28,score_deviation_extreme,0.15,3,True,0.7011866569519043,0.28555595874786377,False,0.5007697343826294
visformer_small,0,ILSVRC2012_val_00000031.JPEG,mid,7,feature_modules[7],14,14,high_score_extreme,0.15,0,True,-0.16345596313476562,-0.04481673240661621,False,0.6896864175796509
visformer_small,1,ILSVRC2012_val_00000081.JPEG,mid,7,feature_modules[7],14,14,high_score_extreme,0.15,0,True,0.38090991973876953,0.03717578202486038,False,0.576427698135376
visformer_small,2,ILSVRC2012_val_00000102.JPEG,mid,7,feature_modules[7],14,14,high_score_extreme,0.15,0,True,-0.2978997230529785,0.0672648549079895,False,0.5000762939453125
visformer_small,3,ILSVRC2012_val_00000117.JPEG,mid,7,feature_modules[7],14,14,high_score_extreme,0.15,0,True,-0.03341531753540039,-0.002620100975036621,False,0.6709673404693604
visformer_small,4,ILSVRC2012_val_00000120.JPEG,mid,7,feature_modules[7],14,14,high_score_extreme,0.15,0,True,-0.09677696228027344,-0.024415642023086548,False,0.7300652861595154
visformer_small,5,ILSVRC2012_val_00000138.JPEG,mid,7,feature_modules[7],14,14,high_score_extreme,0.15,0,True,-0.17664766311645508,-0.04606658220291138,False,0.6809831857681274
visformer_small,6,ILSVRC2012_val_00000166.JPEG,mid,7,feature_modules[7],14,14,high_score_extreme,0.15,0,True,-0.20959758758544922,-0.059718549251556396,False,0.8812650442123413
visformer_small,7,ILSVRC2012_val_00000262.JPEG,mid,7,feature_modules[7],14,14,high_score_extreme,0.15,0,True,-0.9159879684448242,-0.07782749831676483,False,0.6123817563056946
visformer_small,0,ILSVRC2012_val_00000031.JPEG,mid,7,feature_modules[7],14,14,high_score_extreme,0.15,1,True,-0.16345596313476562,-0.04481673240661621,False,0.6896864175796509
visformer_small,1,ILSVRC2012_val_00000081.JPEG,mid,7,feature_modules[7],14,14,high_score_extreme,0.15,1,True,0.38090991973876953,0.03717578202486038,False,0.576427698135376
visformer_small,2,ILSVRC2012_val_00000102.JPEG,mid,7,feature_modules[7],14,14,high_score_extreme,0.15,1,True,-0.2978997230529785,0.0672648549079895,False,0.5000762939453125
visformer_small,3,ILSVRC2012_val_00000117.JPEG,mid,7,feature_modules[7],14,14,high_score_extreme,0.15,1,True,-0.03341531753540039,-0.002620100975036621,False,0.6709673404693604
visformer_small,4,ILSVRC2012_val_00000120.JPEG,mid,7,feature_modules[7],14,14,high_score_extreme,0.15,1,True,-0.09677696228027344,-0.024415642023086548,False,0.7300652861595154
visformer_small,5,ILSVRC2012_val_00000138.JPEG,mid,7,feature_modules[7],14,14,high_score_extreme,0.15,1,True,-0.17664766311645508,-0.04606658220291138,False,0.6809831857681274
visformer_small,6,ILSVRC2012_val_00000166.JPEG,mid,7,feature_modules[7],14,14,high_score_extreme,0.15,1,True,-0.20959758758544922,-0.059718549251556396,False,0.8812650442123413
visformer_small,7,ILSVRC2012_val_00000262.JPEG,mid,7,feature_modules[7],14,14,high_score_extreme,0.15,1,True,-0.9159879684448242,-0.07782749831676483,False,0.6123817563056946
visformer_small,0,ILSVRC2012_val_00000031.JPEG,mid,7,feature_modules[7],14,14,high_score_extreme,0.15,2,True,-0.16345596313476562,-0.04481673240661621,False,0.6896864175796509
visformer_small,1,ILSVRC2012_val_00000081.JPEG,mid,7,feature_modules[7],14,14,high_score_extreme,0.15,2,True,0.38090991973876953,0.03717578202486038,False,0.576427698135376
visformer_small,2,ILSVRC2012_val_00000102.JPEG,mid,7,feature_modules[7],14,14,high_score_extreme,0.15,2,True,-0.2978997230529785,0.0672648549079895,False,0.5000762939453125
visformer_small,3,ILSVRC2012_val_00000117.JPEG,mid,7,feature_modules[7],14,14,high_score_extreme,0.15,2,True,-0.03341531753540039,-0.002620100975036621,False,0.6709673404693604
visformer_small,4,ILSVRC2012_val_00000120.JPEG,mid,7,feature_modules[7],14,14,high_score_extreme,0.15,2,True,-0.09677696228027344,-0.024415642023086548,False,0.7300652861595154
visformer_small,5,ILSVRC2012_val_00000138.JPEG,mid,7,feature_modules[7],14,14,high_score_extreme,0.15,2,True,-0.17664766311645508,-0.04606658220291138,False,0.6809831857681274
visformer_small,6,ILSVRC2012_val_00000166.JPEG,mid,7,feature_modules[7],14,14,high_score_extreme,0.15,2,True,-0.20959758758544922,-0.059718549251556396,False,0.8812650442123413
visformer_small,7,ILSVRC2012_val_00000262.JPEG,mid,7,feature_modules[7],14,14,high_score_extreme,0.15,2,True,-0.9159879684448242,-0.07782749831676483,False,0.6123817563056946
visformer_small,0,ILSVRC2012_val_00000031.JPEG,mid,7,feature_modules[7],14,14,high_score_extreme,0.15,3,True,-0.16345596313476562,-0.04481673240661621,False,0.6896864175796509
visformer_small,1,ILSVRC2012_val_00000081.JPEG,mid,7,feature_modules[7],14,14,high_score_extreme,0.15,3,True,0.38090991973876953,0.03717578202486038,False,0.576427698135376
visformer_small,2,ILSVRC2012_val_00000102.JPEG,mid,7,feature_modules[7],14,14,high_score_extreme,0.15,3,True,-0.2978997230529785,0.0672648549079895,False,0.5000762939453125
visformer_small,3,ILSVRC2012_val_00000117.JPEG,mid,7,feature_modules[7],14,14,high_score_extreme,0.15,3,True,-0.03341531753540039,-0.002620100975036621,False,0.6709673404693604
visformer_small,4,ILSVRC2012_val_00000120.JPEG,mid,7,feature_modules[7],14,14,high_score_extreme,0.15,3,True,-0.09677696228027344,-0.024415642023086548,False,0.7300652861595154
visformer_small,5,ILSVRC2012_val_00000138.JPEG,mid,7,feature_modules[7],14,14,high_score_extreme,0.15,3,True,-0.17664766311645508,-0.04606658220291138,False,0.6809831857681274
visformer_small,6,ILSVRC2012_val_00000166.JPEG,mid,7,feature_modules[7],14,14,high_score_extreme,0.15,3,True,-0.20959758758544922,-0.059718549251556396,False,0.8812650442123413
visformer_small,7,ILSVRC2012_val_00000262.JPEG,mid,7,feature_modules[7],14,14,high_score_extreme,0.15,3,True,-0.9159879684448242,-0.07782749831676483,False,0.6123817563056946
visformer_small,0,ILSVRC2012_val_00000031.JPEG,mid,7,feature_modules[7],14,14,low_score_extreme,0.15,0,True,0.02270984649658203,0.016783177852630615,False,0.1804378777742386
visformer_small,1,ILSVRC2012_val_00000081.JPEG,mid,7,feature_modules[7],14,14,low_score_extreme,0.15,0,True,0.36022472381591797,0.043482907116413116,False,0.3021405339241028
visformer_small,2,ILSVRC2012_val_00000102.JPEG,mid,7,feature_modules[7],14,14,low_score_extreme,0.15,0,True,0.5663552284240723,0.6216973662376404,True,0.20791494846343994
visformer_small,3,ILSVRC2012_val_00000117.JPEG,mid,7,feature_modules[7],14,14,low_score_extreme,0.15,0,True,-0.03836631774902344,-0.027129650115966797,False,0.31168892979621887
visformer_small,4,ILSVRC2012_val_00000120.JPEG,mid,7,feature_modules[7],14,14,low_score_extreme,0.15,0,True,-0.10700798034667969,-0.04951208829879761,False,0.2971957325935364
visformer_small,5,ILSVRC2012_val_00000138.JPEG,mid,7,feature_modules[7],14,14,low_score_extreme,0.15,0,True,0.10853385925292969,0.027322351932525635,False,0.26143205165863037
visformer_small,6,ILSVRC2012_val_00000166.JPEG,mid,7,feature_modules[7],14,14,low_score_extreme,0.15,0,True,-0.037367820739746094,-0.005920767784118652,False,0.4974971413612366
visformer_small,7,ILSVRC2012_val_00000262.JPEG,mid,7,feature_modules[7],14,14,low_score_extreme,0.15,0,True,0.6291556358337402,0.16062578558921814,False,0.27661842107772827
visformer_small,0,ILSVRC2012_val_00000031.JPEG,mid,7,feature_modules[7],14,14,low_score_extreme,0.15,1,True,0.02270984649658203,0.016783177852630615,False,0.1804378777742386
visformer_small,1,ILSVRC2012_val_00000081.JPEG,mid,7,feature_modules[7],14,14,low_score_extreme,0.15,1,True,0.36022472381591797,0.043482907116413116,False,0.3021405339241028
visformer_small,2,ILSVRC2012_val_00000102.JPEG,mid,7,feature_modules[7],14,14,low_score_extreme,0.15,1,True,0.5663552284240723,0.6216973662376404,True,0.20791494846343994
visformer_small,3,ILSVRC2012_val_00000117.JPEG,mid,7,feature_modules[7],14,14,low_score_extreme,0.15,1,True,-0.03836631774902344,-0.027129650115966797,False,0.31168892979621887
visformer_small,4,ILSVRC2012_val_00000120.JPEG,mid,7,feature_modules[7],14,14,low_score_extreme,0.15,1,True,-0.10700798034667969,-0.04951208829879761,False,0.2971957325935364
visformer_small,5,ILSVRC2012_val_00000138.JPEG,mid,7,feature_modules[7],14,14,low_score_extreme,0.15,1,True,0.10853385925292969,0.027322351932525635,False,0.26143205165863037
visformer_small,6,ILSVRC2012_val_00000166.JPEG,mid,7,feature_modules[7],14,14,low_score_extreme,0.15,1,True,-0.037367820739746094,-0.005920767784118652,False,0.4974971413612366
visformer_small,7,ILSVRC2012_val_00000262.JPEG,mid,7,feature_modules[7],14,14,low_score_extreme,0.15,1,True,0.6291556358337402,0.16062578558921814,False,0.27661842107772827
visformer_small,0,ILSVRC2012_val_00000031.JPEG,mid,7,feature_modules[7],14,14,low_score_extreme,0.15,2,True,0.02270984649658203,0.016783177852630615,False,0.1804378777742386
visformer_small,1,ILSVRC2012_val_00000081.JPEG,mid,7,feature_modules[7],14,14,low_score_extreme,0.15,2,True,0.36022472381591797,0.043482907116413116,False,0.3021405339241028
visformer_small,2,ILSVRC2012_val_00000102.JPEG,mid,7,feature_modules[7],14,14,low_score_extreme,0.15,2,True,0.5663552284240723,0.6216973662376404,True,0.20791494846343994
visformer_small,3,ILSVRC2012_val_00000117.JPEG,mid,7,feature_modules[7],14,14,low_score_extreme,0.15,2,True,-0.03836631774902344,-0.027129650115966797,False,0.31168892979621887
visformer_small,4,ILSVRC2012_val_00000120.JPEG,mid,7,feature_modules[7],14,14,low_score_extreme,0.15,2,True,-0.10700798034667969,-0.04951208829879761,False,0.2971957325935364
visformer_small,5,ILSVRC2012_val_00000138.JPEG,mid,7,feature_modules[7],14,14,low_score_extreme,0.15,2,True,0.10853385925292969,0.027322351932525635,False,0.26143205165863037
visformer_small,6,ILSVRC2012_val_00000166.JPEG,mid,7,feature_modules[7],14,14,low_score_extreme,0.15,2,True,-0.037367820739746094,-0.005920767784118652,False,0.4974971413612366
visformer_small,7,ILSVRC2012_val_00000262.JPEG,mid,7,feature_modules[7],14,14,low_score_extreme,0.15,2,True,0.6291556358337402,0.16062578558921814,False,0.27661842107772827
visformer_small,0,ILSVRC2012_val_00000031.JPEG,mid,7,feature_modules[7],14,14,low_score_extreme,0.15,3,True,0.02270984649658203,0.016783177852630615,False,0.1804378777742386
visformer_small,1,ILSVRC2012_val_00000081.JPEG,mid,7,feature_modules[7],14,14,low_score_extreme,0.15,3,True,0.36022472381591797,0.043482907116413116,False,0.3021405339241028
visformer_small,2,ILSVRC2012_val_00000102.JPEG,mid,7,feature_modules[7],14,14,low_score_extreme,0.15,3,True,0.5663552284240723,0.6216973662376404,True,0.20791494846343994
visformer_small,3,ILSVRC2012_val_00000117.JPEG,mid,7,feature_modules[7],14,14,low_score_extreme,0.15,3,True,-0.03836631774902344,-0.027129650115966797,False,0.31168892979621887
visformer_small,4,ILSVRC2012_val_00000120.JPEG,mid,7,feature_modules[7],14,14,low_score_extreme,0.15,3,True,-0.10700798034667969,-0.04951208829879761,False,0.2971957325935364
visformer_small,5,ILSVRC2012_val_00000138.JPEG,mid,7,feature_modules[7],14,14,low_score_extreme,0.15,3,True,0.10853385925292969,0.027322351932525635,False,0.26143205165863037
visformer_small,6,ILSVRC2012_val_00000166.JPEG,mid,7,feature_modules[7],14,14,low_score_extreme,0.15,3,True,-0.037367820739746094,-0.005920767784118652,False,0.4974971413612366
visformer_small,7,ILSVRC2012_val_00000262.JPEG,mid,7,feature_modules[7],14,14,low_score_extreme,0.15,3,True,0.6291556358337402,0.16062578558921814,False,0.27661842107772827
visformer_small,0,ILSVRC2012_val_00000031.JPEG,mid,7,feature_modules[7],14,14,random_uniform,0.15,0,True,-0.14344406127929688,-0.04720953106880188,False,0.5251025557518005
visformer_small,1,ILSVRC2012_val_00000081.JPEG,mid,7,feature_modules[7],14,14,random_uniform,0.15,0,True,1.508072853088379,0.30941638350486755,False,0.449599951505661
visformer_small,2,ILSVRC2012_val_00000102.JPEG,mid,7,feature_modules[7],14,14,random_uniform,0.15,0,True,-0.20159101486206055,0.022783339023590088,False,0.3821541368961334
visformer_small,3,ILSVRC2012_val_00000117.JPEG,mid,7,feature_modules[7],14,14,random_uniform,0.15,0,True,-0.106201171875,-0.10122686624526978,False,0.5303270220756531
visformer_small,4,ILSVRC2012_val_00000120.JPEG,mid,7,feature_modules[7],14,14,random_uniform,0.15,0,True,0.4947547912597656,0.1976940631866455,False,0.5563933253288269
visformer_small,5,ILSVRC2012_val_00000138.JPEG,mid,7,feature_modules[7],14,14,random_uniform,0.15,0,True,0.1061553955078125,0.051555335521698,False,0.5125759840011597
visformer_small,6,ILSVRC2012_val_00000166.JPEG,mid,7,feature_modules[7],14,14,random_uniform,0.15,0,True,-0.1180105209350586,-0.03185147047042847,False,0.6822395920753479
visformer_small,7,ILSVRC2012_val_00000262.JPEG,mid,7,feature_modules[7],14,14,random_uniform,0.15,0,True,0.1662139892578125,0.04372158646583557,False,0.46842238306999207
visformer_small,0,ILSVRC2012_val_00000031.JPEG,mid,7,feature_modules[7],14,14,random_uniform,0.15,1,True,-0.2456345558166504,-0.07493865489959717,False,0.516757607460022
visformer_small,1,ILSVRC2012_val_00000081.JPEG,mid,7,feature_modules[7],14,14,random_uniform,0.15,1,True,1.0010185241699219,0.2130800187587738,False,0.43727368116378784
visformer_small,2,ILSVRC2012_val_00000102.JPEG,mid,7,feature_modules[7],14,14,random_uniform,0.15,1,True,-0.4111051559448242,-0.07355207204818726,False,0.328110933303833
visformer_small,3,ILSVRC2012_val_00000117.JPEG,mid,7,feature_modules[7],14,14,random_uniform,0.15,1,True,-0.14277887344360352,-0.08795881271362305,False,0.5097200274467468
visformer_small,4,ILSVRC2012_val_00000120.JPEG,mid,7,feature_modules[7],14,14,random_uniform,0.15,1,True,0.41484642028808594,0.15850341320037842,False,0.5493800044059753
visformer_small,5,ILSVRC2012_val_00000138.JPEG,mid,7,feature_modules[7],14,14,random_uniform,0.15,1,True,0.051758766174316406,0.01537749171257019,False,0.5151190757751465
visformer_small,6,ILSVRC2012_val_00000166.JPEG,mid,7,feature_modules[7],14,14,random_uniform,0.15,1,True,0.06191062927246094,0.01590871810913086,False,0.7374146580696106
visformer_small,7,ILSVRC2012_val_00000262.JPEG,mid,7,feature_modules[7],14,14,random_uniform,0.15,1,True,0.2018108367919922,0.048499539494514465,False,0.4757319390773773
visformer_small,0,ILSVRC2012_val_00000031.JPEG,mid,7,feature_modules[7],14,14,random_uniform,0.15,2,True,-0.07706642150878906,-0.02801036834716797,False,0.5292330980300903
visformer_small,1,ILSVRC2012_val_00000081.JPEG,mid,7,feature_modules[7],14,14,random_uniform,0.15,2,True,0.4103851318359375,0.058254219591617584,False,0.4416602551937103
visformer_small,2,ILSVRC2012_val_00000102.JPEG,mid,7,feature_modules[7],14,14,random_uniform,0.15,2,True,-0.34499502182006836,0.11065709590911865,False,0.32599541544914246
visformer_small,3,ILSVRC2012_val_00000117.JPEG,mid,7,feature_modules[7],14,14,random_uniform,0.15,2,True,0.004105567932128906,0.002117753028869629,False,0.4882718026638031
visformer_small,4,ILSVRC2012_val_00000120.JPEG,mid,7,feature_modules[7],14,14,random_uniform,0.15,2,True,0.1809377670288086,0.05097317695617676,False,0.5427258014678955
visformer_small,5,ILSVRC2012_val_00000138.JPEG,mid,7,feature_modules[7],14,14,random_uniform,0.15,2,True,0.06169414520263672,0.016244560480117798,False,0.5043375492095947
visformer_small,6,ILSVRC2012_val_00000166.JPEG,mid,7,feature_modules[7],14,14,random_uniform,0.15,2,True,-0.07277488708496094,-0.020757585763931274,False,0.7860338687896729
visformer_small,7,ILSVRC2012_val_00000262.JPEG,mid,7,feature_modules[7],14,14,random_uniform,0.15,2,True,0.2152395248413086,0.05060216784477234,False,0.4775190055370331
visformer_small,0,ILSVRC2012_val_00000031.JPEG,mid,7,feature_modules[7],14,14,random_uniform,0.15,3,True,-0.19725751876831055,-0.056339114904403687,False,0.5384625792503357
visformer_small,1,ILSVRC2012_val_00000081.JPEG,mid,7,feature_modules[7],14,14,random_uniform,0.15,3,True,2.1168365478515625,0.6024183034896851,False,0.4611884653568268
visformer_small,2,ILSVRC2012_val_00000102.JPEG,mid,7,feature_modules[7],14,14,random_uniform,0.15,3,True,-0.758601188659668,-0.3047863841056824,False,0.3496706187725067
visformer_small,3,ILSVRC2012_val_00000117.JPEG,mid,7,feature_modules[7],14,14,random_uniform,0.15,3,True,-0.013326644897460938,-0.06734687089920044,False,0.5293382406234741
visformer_small,4,ILSVRC2012_val_00000120.JPEG,mid,7,feature_modules[7],14,14,random_uniform,0.15,3,True,0.13358497619628906,0.04278665781021118,False,0.5177015662193298
visformer_small,5,ILSVRC2012_val_00000138.JPEG,mid,7,feature_modules[7],14,14,random_uniform,0.15,3,True,-0.07541131973266602,-0.018945932388305664,False,0.5438802242279053
visformer_small,6,ILSVRC2012_val_00000166.JPEG,mid,7,feature_modules[7],14,14,random_uniform,0.15,3,True,-0.18682384490966797,-0.05037015676498413,False,0.7408869862556458
visformer_small,7,ILSVRC2012_val_00000262.JPEG,mid,7,feature_modules[7],14,14,random_uniform,0.15,3,True,0.05030059814453125,0.017979472875595093,False,0.48691505193710327
visformer_small,0,ILSVRC2012_val_00000031.JPEG,mid,7,feature_modules[7],14,14,score_deviation_extreme,0.15,0,True,0.02270984649658203,0.016783177852630615,False,0.1804378777742386
visformer_small,1,ILSVRC2012_val_00000081.JPEG,mid,7,feature_modules[7],14,14,score_deviation_extreme,0.15,0,True,0.22876453399658203,0.020314373075962067,False,0.41183018684387207
visformer_small,2,ILSVRC2012_val_00000102.JPEG,mid,7,feature_modules[7],14,14,score_deviation_extreme,0.15,0,True,-0.20346879959106445,0.18822413682937622,False,0.3848671019077301
visformer_small,3,ILSVRC2012_val_00000117.JPEG,mid,7,feature_modules[7],14,14,score_deviation_extreme,0.15,0,True,0.04953956604003906,-0.017516672611236572,False,0.4167114794254303
visformer_small,4,ILSVRC2012_val_00000120.JPEG,mid,7,feature_modules[7],14,14,score_deviation_extreme,0.15,0,True,-0.024682044982910156,-0.02392837405204773,False,0.34641286730766296
visformer_small,5,ILSVRC2012_val_00000138.JPEG,mid,7,feature_modules[7],14,14,score_deviation_extreme,0.15,0,True,0.035187721252441406,0.006807416677474976,False,0.2757016718387604
visformer_small,6,ILSVRC2012_val_00000166.JPEG,mid,7,feature_modules[7],14,14,score_deviation_extreme,0.15,0,True,-0.037367820739746094,-0.005920767784118652,False,0.4974971413612366
visformer_small,7,ILSVRC2012_val_00000262.JPEG,mid,7,feature_modules[7],14,14,score_deviation_extreme,0.15,0,True,0.06427288055419922,0.01451544463634491,False,0.3780876100063324
visformer_small,0,ILSVRC2012_val_00000031.JPEG,mid,7,feature_modules[7],14,14,score_deviation_extreme,0.15,1,True,0.02270984649658203,0.016783177852630615,False,0.1804378777742386
visformer_small,1,ILSVRC2012_val_00000081.JPEG,mid,7,feature_modules[7],14,14,score_deviation_extreme,0.15,1,True,0.22876453399658203,0.020314373075962067,False,0.41183018684387207
visformer_small,2,ILSVRC2012_val_00000102.JPEG,mid,7,feature_modules[7],14,14,score_deviation_extreme,0.15,1,True,-0.20346879959106445,0.18822413682937622,False,0.3848671019077301
visformer_small,3,ILSVRC2012_val_00000117.JPEG,mid,7,feature_modules[7],14,14,score_deviation_extreme,0.15,1,True,0.04953956604003906,-0.017516672611236572,False,0.4167114794254303
visformer_small,4,ILSVRC2012_val_00000120.JPEG,mid,7,feature_modules[7],14,14,score_deviation_extreme,0.15,1,True,-0.024682044982910156,-0.02392837405204773,False,0.34641286730766296
visformer_small,5,ILSVRC2012_val_00000138.JPEG,mid,7,feature_modules[7],14,14,score_deviation_extreme,0.15,1,True,0.035187721252441406,0.006807416677474976,False,0.2757016718387604
visformer_small,6,ILSVRC2012_val_00000166.JPEG,mid,7,feature_modules[7],14,14,score_deviation_extreme,0.15,1,True,-0.037367820739746094,-0.005920767784118652,False,0.4974971413612366
visformer_small,7,ILSVRC2012_val_00000262.JPEG,mid,7,feature_modules[7],14,14,score_deviation_extreme,0.15,1,True,0.06427288055419922,0.01451544463634491,False,0.3780876100063324
visformer_small,0,ILSVRC2012_val_00000031.JPEG,mid,7,feature_modules[7],14,14,score_deviation_extreme,0.15,2,True,0.02270984649658203,0.016783177852630615,False,0.1804378777742386
visformer_small,1,ILSVRC2012_val_00000081.JPEG,mid,7,feature_modules[7],14,14,score_deviation_extreme,0.15,2,True,0.22876453399658203,0.020314373075962067,False,0.41183018684387207
visformer_small,2,ILSVRC2012_val_00000102.JPEG,mid,7,feature_modules[7],14,14,score_deviation_extreme,0.15,2,True,-0.20346879959106445,0.18822413682937622,False,0.3848671019077301
visformer_small,3,ILSVRC2012_val_00000117.JPEG,mid,7,feature_modules[7],14,14,score_deviation_extreme,0.15,2,True,0.04953956604003906,-0.017516672611236572,False,0.4167114794254303
visformer_small,4,ILSVRC2012_val_00000120.JPEG,mid,7,feature_modules[7],14,14,score_deviation_extreme,0.15,2,True,-0.024682044982910156,-0.02392837405204773,False,0.34641286730766296
visformer_small,5,ILSVRC2012_val_00000138.JPEG,mid,7,feature_modules[7],14,14,score_deviation_extreme,0.15,2,True,0.035187721252441406,0.006807416677474976,False,0.2757016718387604
visformer_small,6,ILSVRC2012_val_00000166.JPEG,mid,7,feature_modules[7],14,14,score_deviation_extreme,0.15,2,True,-0.037367820739746094,-0.005920767784118652,False,0.4974971413612366
visformer_small,7,ILSVRC2012_val_00000262.JPEG,mid,7,feature_modules[7],14,14,score_deviation_extreme,0.15,2,True,0.06427288055419922,0.01451544463634491,False,0.3780876100063324
visformer_small,0,ILSVRC2012_val_00000031.JPEG,mid,7,feature_modules[7],14,14,score_deviation_extreme,0.15,3,True,0.02270984649658203,0.016783177852630615,False,0.1804378777742386
visformer_small,1,ILSVRC2012_val_00000081.JPEG,mid,7,feature_modules[7],14,14,score_deviation_extreme,0.15,3,True,0.22876453399658203,0.020314373075962067,False,0.41183018684387207
visformer_small,2,ILSVRC2012_val_00000102.JPEG,mid,7,feature_modules[7],14,14,score_deviation_extreme,0.15,3,True,-0.20346879959106445,0.18822413682937622,False,0.3848671019077301
visformer_small,3,ILSVRC2012_val_00000117.JPEG,mid,7,feature_modules[7],14,14,score_deviation_extreme,0.15,3,True,0.04953956604003906,-0.017516672611236572,False,0.4167114794254303
visformer_small,4,ILSVRC2012_val_00000120.JPEG,mid,7,feature_modules[7],14,14,score_deviation_extreme,0.15,3,True,-0.024682044982910156,-0.02392837405204773,False,0.34641286730766296
visformer_small,5,ILSVRC2012_val_00000138.JPEG,mid,7,feature_modules[7],14,14,score_deviation_extreme,0.15,3,True,0.035187721252441406,0.006807416677474976,False,0.2757016718387604
visformer_small,6,ILSVRC2012_val_00000166.JPEG,mid,7,feature_modules[7],14,14,score_deviation_extreme,0.15,3,True,-0.037367820739746094,-0.005920767784118652,False,0.4974971413612366
visformer_small,7,ILSVRC2012_val_00000262.JPEG,mid,7,feature_modules[7],14,14,score_deviation_extreme,0.15,3,True,0.06427288055419922,0.01451544463634491,False,0.3780876100063324
visformer_small,0,ILSVRC2012_val_00000031.JPEG,final,14,stage3[3]+gap,7,7,high_score_extreme,0.15,0,True,0.034336090087890625,-0.0004590153694152832,False,0.7451683282852173
visformer_small,1,ILSVRC2012_val_00000081.JPEG,final,14,stage3[3]+gap,7,7,high_score_extreme,0.15,0,True,0.17467212677001953,0.023967117071151733,False,0.6317636370658875
visformer_small,2,ILSVRC2012_val_00000102.JPEG,final,14,stage3[3]+gap,7,7,high_score_extreme,0.15,0,True,0.04649782180786133,0.040510714054107666,False,0.7140713930130005
visformer_small,3,ILSVRC2012_val_00000117.JPEG,final,14,stage3[3]+gap,7,7,high_score_extreme,0.15,0,True,0.38450145721435547,0.1202591061592102,False,0.7300451397895813
visformer_small,4,ILSVRC2012_val_00000120.JPEG,final,14,stage3[3]+gap,7,7,high_score_extreme,0.15,0,True,0.015391349792480469,-0.009609818458557129,False,0.7222203016281128
visformer_small,5,ILSVRC2012_val_00000138.JPEG,final,14,stage3[3]+gap,7,7,high_score_extreme,0.15,0,True,0.025238037109375,0.006381392478942871,False,0.7666977643966675
visformer_small,6,ILSVRC2012_val_00000166.JPEG,final,14,stage3[3]+gap,7,7,high_score_extreme,0.15,0,True,-0.29671669006347656,-0.07807502150535583,False,0.7957318425178528
visformer_small,7,ILSVRC2012_val_00000262.JPEG,final,14,stage3[3]+gap,7,7,high_score_extreme,0.15,0,True,0.15248680114746094,0.028351888060569763,False,0.6390714049339294
visformer_small,0,ILSVRC2012_val_00000031.JPEG,final,14,stage3[3]+gap,7,7,high_score_extreme,0.15,1,True,0.034336090087890625,-0.0004590153694152832,False,0.7451683282852173
visformer_small,1,ILSVRC2012_val_00000081.JPEG,final,14,stage3[3]+gap,7,7,high_score_extreme,0.15,1,True,0.17467212677001953,0.023967117071151733,False,0.6317636370658875
visformer_small,2,ILSVRC2012_val_00000102.JPEG,final,14,stage3[3]+gap,7,7,high_score_extreme,0.15,1,True,0.04649782180786133,0.040510714054107666,False,0.7140713930130005
visformer_small,3,ILSVRC2012_val_00000117.JPEG,final,14,stage3[3]+gap,7,7,high_score_extreme,0.15,1,True,0.38450145721435547,0.1202591061592102,False,0.7300451397895813
visformer_small,4,ILSVRC2012_val_00000120.JPEG,final,14,stage3[3]+gap,7,7,high_score_extreme,0.15,1,True,0.015391349792480469,-0.009609818458557129,False,0.7222203016281128
visformer_small,5,ILSVRC2012_val_00000138.JPEG,final,14,stage3[3]+gap,7,7,high_score_extreme,0.15,1,True,0.025238037109375,0.006381392478942871,False,0.7666977643966675
visformer_small,6,ILSVRC2012_val_00000166.JPEG,final,14,stage3[3]+gap,7,7,high_score_extreme,0.15,1,True,-0.29671669006347656,-0.07807502150535583,False,0.7957318425178528
visformer_small,7,ILSVRC2012_val_00000262.JPEG,final,14,stage3[3]+gap,7,7,high_score_extreme,0.15,1,True,0.15248680114746094,0.028351888060569763,False,0.6390714049339294
visformer_small,0,ILSVRC2012_val_00000031.JPEG,final,14,stage3[3]+gap,7,7,high_score_extreme,0.15,2,True,0.034336090087890625,-0.0004590153694152832,False,0.7451683282852173
visformer_small,1,ILSVRC2012_val_00000081.JPEG,final,14,stage3[3]+gap,7,7,high_score_extreme,0.15,2,True,0.17467212677001953,0.023967117071151733,False,0.6317636370658875
visformer_small,2,ILSVRC2012_val_00000102.JPEG,final,14,stage3[3]+gap,7,7,high_score_extreme,0.15,2,True,0.04649782180786133,0.040510714054107666,False,0.7140713930130005
visformer_small,3,ILSVRC2012_val_00000117.JPEG,final,14,stage3[3]+gap,7,7,high_score_extreme,0.15,2,True,0.38450145721435547,0.1202591061592102,False,0.7300451397895813
visformer_small,4,ILSVRC2012_val_00000120.JPEG,final,14,stage3[3]+gap,7,7,high_score_extreme,0.15,2,True,0.015391349792480469,-0.009609818458557129,False,0.7222203016281128
visformer_small,5,ILSVRC2012_val_00000138.JPEG,final,14,stage3[3]+gap,7,7,high_score_extreme,0.15,2,True,0.025238037109375,0.006381392478942871,False,0.7666977643966675
visformer_small,6,ILSVRC2012_val_00000166.JPEG,final,14,stage3[3]+gap,7,7,high_score_extreme,0.15,2,True,-0.29671669006347656,-0.07807502150535583,False,0.7957318425178528
visformer_small,7,ILSVRC2012_val_00000262.JPEG,final,14,stage3[3]+gap,7,7,high_score_extreme,0.15,2,True,0.15248680114746094,0.028351888060569763,False,0.6390714049339294
visformer_small,0,ILSVRC2012_val_00000031.JPEG,final,14,stage3[3]+gap,7,7,high_score_extreme,0.15,3,True,0.034336090087890625,-0.0004590153694152832,False,0.7451683282852173
visformer_small,1,ILSVRC2012_val_00000081.JPEG,final,14,stage3[3]+gap,7,7,high_score_extreme,0.15,3,True,0.17467212677001953,0.023967117071151733,False,0.6317636370658875
visformer_small,2,ILSVRC2012_val_00000102.JPEG,final,14,stage3[3]+gap,7,7,high_score_extreme,0.15,3,True,0.04649782180786133,0.040510714054107666,False,0.7140713930130005
visformer_small,3,ILSVRC2012_val_00000117.JPEG,final,14,stage3[3]+gap,7,7,high_score_extreme,0.15,3,True,0.38450145721435547,0.1202591061592102,False,0.7300451397895813
visformer_small,4,ILSVRC2012_val_00000120.JPEG,final,14,stage3[3]+gap,7,7,high_score_extreme,0.15,3,True,0.015391349792480469,-0.009609818458557129,False,0.7222203016281128
visformer_small,5,ILSVRC2012_val_00000138.JPEG,final,14,stage3[3]+gap,7,7,high_score_extreme,0.15,3,True,0.025238037109375,0.006381392478942871,False,0.7666977643966675
visformer_small,6,ILSVRC2012_val_00000166.JPEG,final,14,stage3[3]+gap,7,7,high_score_extreme,0.15,3,True,-0.29671669006347656,-0.07807502150535583,False,0.7957318425178528
visformer_small,7,ILSVRC2012_val_00000262.JPEG,final,14,stage3[3]+gap,7,7,high_score_extreme,0.15,3,True,0.15248680114746094,0.028351888060569763,False,0.6390714049339294
visformer_small,0,ILSVRC2012_val_00000031.JPEG,final,14,stage3[3]+gap,7,7,low_score_extreme,0.15,0,True,0.06387710571289062,0.014175564050674438,False,0.3176878094673157
visformer_small,1,ILSVRC2012_val_00000081.JPEG,final,14,stage3[3]+gap,7,7,low_score_extreme,0.15,0,True,-0.15607738494873047,-0.01325187087059021,False,0.31387075781822205
visformer_small,2,ILSVRC2012_val_00000102.JPEG,final,14,stage3[3]+gap,7,7,low_score_extreme,0.15,0,True,-0.22655439376831055,-0.13003230094909668,False,0.254922091960907
visformer_small,3,ILSVRC2012_val_00000117.JPEG,final,14,stage3[3]+gap,7,7,low_score_extreme,0.15,0,True,0.058458805084228516,-0.0052163004875183105,False,0.2421332746744156
visformer_small,4,ILSVRC2012_val_00000120.JPEG,final,14,stage3[3]+gap,7,7,low_score_extreme,0.15,0,True,0.05805683135986328,0.009921520948410034,False,0.3345905840396881
visformer_small,5,ILSVRC2012_val_00000138.JPEG,final,14,stage3[3]+gap,7,7,low_score_extreme,0.15,0,True,0.044696807861328125,0.013994067907333374,False,0.37312859296798706
visformer_small,6,ILSVRC2012_val_00000166.JPEG,final,14,stage3[3]+gap,7,7,low_score_extreme,0.15,0,True,-0.018968582153320312,-0.004272580146789551,False,0.3832475244998932
visformer_small,7,ILSVRC2012_val_00000262.JPEG,final,14,stage3[3]+gap,7,7,low_score_extreme,0.15,0,True,0.19119930267333984,0.03595013916492462,False,0.3059965670108795
visformer_small,0,ILSVRC2012_val_00000031.JPEG,final,14,stage3[3]+gap,7,7,low_score_extreme,0.15,1,True,0.06387710571289062,0.014175564050674438,False,0.3176878094673157
visformer_small,1,ILSVRC2012_val_00000081.JPEG,final,14,stage3[3]+gap,7,7,low_score_extreme,0.15,1,True,-0.15607738494873047,-0.01325187087059021,False,0.31387075781822205
visformer_small,2,ILSVRC2012_val_00000102.JPEG,final,14,stage3[3]+gap,7,7,low_score_extreme,0.15,1,True,-0.22655439376831055,-0.13003230094909668,False,0.254922091960907
visformer_small,3,ILSVRC2012_val_00000117.JPEG,final,14,stage3[3]+gap,7,7,low_score_extreme,0.15,1,True,0.058458805084228516,-0.0052163004875183105,False,0.2421332746744156
visformer_small,4,ILSVRC2012_val_00000120.JPEG,final,14,stage3[3]+gap,7,7,low_score_extreme,0.15,1,True,0.05805683135986328,0.009921520948410034,False,0.3345905840396881
visformer_small,5,ILSVRC2012_val_00000138.JPEG,final,14,stage3[3]+gap,7,7,low_score_extreme,0.15,1,True,0.044696807861328125,0.013994067907333374,False,0.37312859296798706
visformer_small,6,ILSVRC2012_val_00000166.JPEG,final,14,stage3[3]+gap,7,7,low_score_extreme,0.15,1,True,-0.018968582153320312,-0.004272580146789551,False,0.3832475244998932
visformer_small,7,ILSVRC2012_val_00000262.JPEG,final,14,stage3[3]+gap,7,7,low_score_extreme,0.15,1,True,0.19119930267333984,0.03595013916492462,False,0.3059965670108795
visformer_small,0,ILSVRC2012_val_00000031.JPEG,final,14,stage3[3]+gap,7,7,low_score_extreme,0.15,2,True,0.06387710571289062,0.014175564050674438,False,0.3176878094673157
visformer_small,1,ILSVRC2012_val_00000081.JPEG,final,14,stage3[3]+gap,7,7,low_score_extreme,0.15,2,True,-0.15607738494873047,-0.01325187087059021,False,0.31387075781822205
visformer_small,2,ILSVRC2012_val_00000102.JPEG,final,14,stage3[3]+gap,7,7,low_score_extreme,0.15,2,True,-0.22655439376831055,-0.13003230094909668,False,0.254922091960907
visformer_small,3,ILSVRC2012_val_00000117.JPEG,final,14,stage3[3]+gap,7,7,low_score_extreme,0.15,2,True,0.058458805084228516,-0.0052163004875183105,False,0.2421332746744156
visformer_small,4,ILSVRC2012_val_00000120.JPEG,final,14,stage3[3]+gap,7,7,low_score_extreme,0.15,2,True,0.05805683135986328,0.009921520948410034,False,0.3345905840396881
visformer_small,5,ILSVRC2012_val_00000138.JPEG,final,14,stage3[3]+gap,7,7,low_score_extreme,0.15,2,True,0.044696807861328125,0.013994067907333374,False,0.37312859296798706
visformer_small,6,ILSVRC2012_val_00000166.JPEG,final,14,stage3[3]+gap,7,7,low_score_extreme,0.15,2,True,-0.018968582153320312,-0.004272580146789551,False,0.3832475244998932
visformer_small,7,ILSVRC2012_val_00000262.JPEG,final,14,stage3[3]+gap,7,7,low_score_extreme,0.15,2,True,0.19119930267333984,0.03595013916492462,False,0.3059965670108795
visformer_small,0,ILSVRC2012_val_00000031.JPEG,final,14,stage3[3]+gap,7,7,low_score_extreme,0.15,3,True,0.06387710571289062,0.014175564050674438,False,0.3176878094673157
visformer_small,1,ILSVRC2012_val_00000081.JPEG,final,14,stage3[3]+gap,7,7,low_score_extreme,0.15,3,True,-0.15607738494873047,-0.01325187087059021,False,0.31387075781822205
visformer_small,2,ILSVRC2012_val_00000102.JPEG,final,14,stage3[3]+gap,7,7,low_score_extreme,0.15,3,True,-0.22655439376831055,-0.13003230094909668,False,0.254922091960907
visformer_small,3,ILSVRC2012_val_00000117.JPEG,final,14,stage3[3]+gap,7,7,low_score_extreme,0.15,3,True,0.058458805084228516,-0.0052163004875183105,False,0.2421332746744156
visformer_small,4,ILSVRC2012_val_00000120.JPEG,final,14,stage3[3]+gap,7,7,low_score_extreme,0.15,3,True,0.05805683135986328,0.009921520948410034,False,0.3345905840396881
visformer_small,5,ILSVRC2012_val_00000138.JPEG,final,14,stage3[3]+gap,7,7,low_score_extreme,0.15,3,True,0.044696807861328125,0.013994067907333374,False,0.37312859296798706
visformer_small,6,ILSVRC2012_val_00000166.JPEG,final,14,stage3[3]+gap,7,7,low_score_extreme,0.15,3,True,-0.018968582153320312,-0.004272580146789551,False,0.3832475244998932
visformer_small,7,ILSVRC2012_val_00000262.JPEG,final,14,stage3[3]+gap,7,7,low_score_extreme,0.15,3,True,0.19119930267333984,0.03595013916492462,False,0.3059965670108795
visformer_small,0,ILSVRC2012_val_00000031.JPEG,final,14,stage3[3]+gap,7,7,random_uniform,0.15,0,True,-0.4450240135192871,-0.11388033628463745,False,0.6459863185882568
visformer_small,1,ILSVRC2012_val_00000081.JPEG,final,14,stage3[3]+gap,7,7,random_uniform,0.15,0,True,0.5906124114990234,0.0773288682103157,False,0.5165948271751404
visformer_small,2,ILSVRC2012_val_00000102.JPEG,final,14,stage3[3]+gap,7,7,random_uniform,0.15,0,True,-0.31122303009033203,-0.19124716520309448,False,0.5171993970870972
visformer_small,3,ILSVRC2012_val_00000117.JPEG,final,14,stage3[3]+gap,7,7,random_uniform,0.15,0,True,0.08547782897949219,0.003753662109375,False,0.4703364670276642
visformer_small,4,ILSVRC2012_val_00000120.JPEG,final,14,stage3[3]+gap,7,7,random_uniform,0.15,0,True,0.08411312103271484,0.021101802587509155,False,0.5924590229988098
visformer_small,5,ILSVRC2012_val_00000138.JPEG,final,14,stage3[3]+gap,7,7,random_uniform,0.15,0,True,-0.012827873229980469,-0.004780292510986328,False,0.6084913015365601
visformer_small,6,ILSVRC2012_val_00000166.JPEG,final,14,stage3[3]+gap,7,7,random_uniform,0.15,0,True,-0.2397317886352539,-0.062058091163635254,False,0.623452365398407
visformer_small,7,ILSVRC2012_val_00000262.JPEG,final,14,stage3[3]+gap,7,7,random_uniform,0.15,0,True,0.07576656341552734,0.01153479516506195,False,0.4599284529685974
visformer_small,0,ILSVRC2012_val_00000031.JPEG,final,14,stage3[3]+gap,7,7,random_uniform,0.15,1,True,0.014345169067382812,-0.0035764873027801514,False,0.68974369764328
visformer_small,1,ILSVRC2012_val_00000081.JPEG,final,14,stage3[3]+gap,7,7,random_uniform,0.15,1,True,0.7832012176513672,0.10472161322832108,False,0.4697442352771759
visformer_small,2,ILSVRC2012_val_00000102.JPEG,final,14,stage3[3]+gap,7,7,random_uniform,0.15,1,True,-0.33106517791748047,-0.16902989149093628,False,0.48782145977020264
visformer_small,3,ILSVRC2012_val_00000117.JPEG,final,14,stage3[3]+gap,7,7,random_uniform,0.15,1,True,-0.18880558013916016,-0.11355078220367432,False,0.47892001271247864
visformer_small,4,ILSVRC2012_val_00000120.JPEG,final,14,stage3[3]+gap,7,7,random_uniform,0.15,1,True,0.02656078338623047,0.011079013347625732,False,0.646220862865448
visformer_small,5,ILSVRC2012_val_00000138.JPEG,final,14,stage3[3]+gap,7,7,random_uniform,0.15,1,True,0.06810760498046875,0.01797059178352356,False,0.599190890789032
visformer_small,6,ILSVRC2012_val_00000166.JPEG,final,14,stage3[3]+gap,7,7,random_uniform,0.15,1,True,-0.2976980209350586,-0.07567533850669861,False,0.6420897245407104
visformer_small,7,ILSVRC2012_val_00000262.JPEG,final,14,stage3[3]+gap,7,7,random_uniform,0.15,1,True,0.26000213623046875,0.04797913134098053,False,0.46023908257484436
visformer_small,0,ILSVRC2012_val_00000031.JPEG,final,14,stage3[3]+gap,7,7,random_uniform,0.15,2,True,-0.29524946212768555,-0.08344036340713501,False,0.6252975463867188
visformer_small,1,ILSVRC2012_val_00000081.JPEG,final,14,stage3[3]+gap,7,7,random_uniform,0.15,2,True,0.49739646911621094,0.05657864362001419,False,0.48534688353538513
visformer_small,2,ILSVRC2012_val_00000102.JPEG,final,14,stage3[3]+gap,7,7,random_uniform,0.15,2,True,-0.11319303512573242,-0.03280758857727051,False,0.468788206577301
visformer_small,3,ILSVRC2012_val_00000117.JPEG,final,14,stage3[3]+gap,7,7,random_uniform,0.15,2,True,0.16156768798828125,0.02704322338104248,False,0.5693778395652771
visformer_small,4,ILSVRC2012_val_00000120.JPEG,final,14,stage3[3]+gap,7,7,random_uniform,0.15,2,True,-0.16259384155273438,-0.05785563588142395,False,0.5254689455032349
visformer_small,5,ILSVRC2012_val_00000138.JPEG,final,14,stage3[3]+gap,7,7,random_uniform,0.15,2,True,0.13622283935546875,0.03305819630622864,False,0.6528964042663574
visformer_small,6,ILSVRC2012_val_00000166.JPEG,final,14,stage3[3]+gap,7,7,random_uniform,0.15,2,True,-0.2052297592163086,-0.055604785680770874,False,0.698161244392395
visformer_small,7,ILSVRC2012_val_00000262.JPEG,final,14,stage3[3]+gap,7,7,random_uniform,0.15,2,True,-0.057628631591796875,-0.011091440916061401,False,0.49434152245521545
visformer_small,0,ILSVRC2012_val_00000031.JPEG,final,14,stage3[3]+gap,7,7,random_uniform,0.15,3,True,-0.48526906967163086,-0.12179487943649292,False,0.5896772742271423
visformer_small,1,ILSVRC2012_val_00000081.JPEG,final,14,stage3[3]+gap,7,7,random_uniform,0.15,3,True,0.0005207061767578125,0.010671257972717285,False,0.5177778601646423
visformer_small,2,ILSVRC2012_val_00000102.JPEG,final,14,stage3[3]+gap,7,7,random_uniform,0.15,3,True,-0.1112985610961914,-0.06923246383666992,False,0.49524548649787903
visformer_small,3,ILSVRC2012_val_00000117.JPEG,final,14,stage3[3]+gap,7,7,random_uniform,0.15,3,True,0.27642011642456055,0.07408440113067627,False,0.47349607944488525
visformer_small,4,ILSVRC2012_val_00000120.JPEG,final,14,stage3[3]+gap,7,7,random_uniform,0.15,3,True,0.1229543685913086,0.0354345440864563,False,0.5061014294624329
visformer_small,5,ILSVRC2012_val_00000138.JPEG,final,14,stage3[3]+gap,7,7,random_uniform,0.15,3,True,0.02564239501953125,0.006106466054916382,False,0.589194655418396
visformer_small,6,ILSVRC2012_val_00000166.JPEG,final,14,stage3[3]+gap,7,7,random_uniform,0.15,3,True,-0.27098941802978516,-0.07075780630111694,False,0.6945627927780151
visformer_small,7,ILSVRC2012_val_00000262.JPEG,final,14,stage3[3]+gap,7,7,random_uniform,0.15,3,True,-0.03140449523925781,-0.008743628859519958,False,0.5431414246559143
visformer_small,0,ILSVRC2012_val_00000031.JPEG,final,14,stage3[3]+gap,7,7,score_deviation_extreme,0.15,0,True,0.06387710571289062,0.014175564050674438,False,0.3176878094673157
visformer_small,1,ILSVRC2012_val_00000081.JPEG,final,14,stage3[3]+gap,7,7,score_deviation_extreme,0.15,0,True,0.3625650405883789,0.04047756642103195,False,0.4415335953235626
visformer_small,2,ILSVRC2012_val_00000102.JPEG,final,14,stage3[3]+gap,7,7,score_deviation_extreme,0.15,0,True,0.11087608337402344,0.043058574199676514,False,0.4405265152454376
visformer_small,3,ILSVRC2012_val_00000117.JPEG,final,14,stage3[3]+gap,7,7,score_deviation_extreme,0.15,0,True,0.24624872207641602,0.053477466106414795,False,0.30873939394950867
visformer_small,4,ILSVRC2012_val_00000120.JPEG,final,14,stage3[3]+gap,7,7,score_deviation_extreme,0.15,0,True,0.05805683135986328,0.009921520948410034,False,0.3345905840396881
visformer_small,5,ILSVRC2012_val_00000138.JPEG,final,14,stage3[3]+gap,7,7,score_deviation_extreme,0.15,0,True,0.044696807861328125,0.013994067907333374,False,0.37312859296798706
visformer_small,6,ILSVRC2012_val_00000166.JPEG,final,14,stage3[3]+gap,7,7,score_deviation_extreme,0.15,0,True,-0.018968582153320312,-0.004272580146789551,False,0.3832475244998932
visformer_small,7,ILSVRC2012_val_00000262.JPEG,final,14,stage3[3]+gap,7,7,score_deviation_extreme,0.15,0,True,0.18050861358642578,0.03311745822429657,False,0.3486444056034088
visformer_small,0,ILSVRC2012_val_00000031.JPEG,final,14,stage3[3]+gap,7,7,score_deviation_extreme,0.15,1,True,0.06387710571289062,0.014175564050674438,False,0.3176878094673157
visformer_small,1,ILSVRC2012_val_00000081.JPEG,final,14,stage3[3]+gap,7,7,score_deviation_extreme,0.15,1,True,0.3625650405883789,0.04047756642103195,False,0.4415335953235626
visformer_small,2,ILSVRC2012_val_00000102.JPEG,final,14,stage3[3]+gap,7,7,score_deviation_extreme,0.15,1,True,0.11087608337402344,0.043058574199676514,False,0.4405265152454376
visformer_small,3,ILSVRC2012_val_00000117.JPEG,final,14,stage3[3]+gap,7,7,score_deviation_extreme,0.15,1,True,0.24624872207641602,0.053477466106414795,False,0.30873939394950867
visformer_small,4,ILSVRC2012_val_00000120.JPEG,final,14,stage3[3]+gap,7,7,score_deviation_extreme,0.15,1,True,0.05805683135986328,0.009921520948410034,False,0.3345905840396881
visformer_small,5,ILSVRC2012_val_00000138.JPEG,final,14,stage3[3]+gap,7,7,score_deviation_extreme,0.15,1,True,0.044696807861328125,0.013994067907333374,False,0.37312859296798706
visformer_small,6,ILSVRC2012_val_00000166.JPEG,final,14,stage3[3]+gap,7,7,score_deviation_extreme,0.15,1,True,-0.018968582153320312,-0.004272580146789551,False,0.3832475244998932
visformer_small,7,ILSVRC2012_val_00000262.JPEG,final,14,stage3[3]+gap,7,7,score_deviation_extreme,0.15,1,True,0.18050861358642578,0.03311745822429657,False,0.3486444056034088
visformer_small,0,ILSVRC2012_val_00000031.JPEG,final,14,stage3[3]+gap,7,7,score_deviation_extreme,0.15,2,True,0.06387710571289062,0.014175564050674438,False,0.3176878094673157
visformer_small,1,ILSVRC2012_val_00000081.JPEG,final,14,stage3[3]+gap,7,7,score_deviation_extreme,0.15,2,True,0.3625650405883789,0.04047756642103195,False,0.4415335953235626
visformer_small,2,ILSVRC2012_val_00000102.JPEG,final,14,stage3[3]+gap,7,7,score_deviation_extreme,0.15,2,True,0.11087608337402344,0.043058574199676514,False,0.4405265152454376
visformer_small,3,ILSVRC2012_val_00000117.JPEG,final,14,stage3[3]+gap,7,7,score_deviation_extreme,0.15,2,True,0.24624872207641602,0.053477466106414795,False,0.30873939394950867
visformer_small,4,ILSVRC2012_val_00000120.JPEG,final,14,stage3[3]+gap,7,7,score_deviation_extreme,0.15,2,True,0.05805683135986328,0.009921520948410034,False,0.3345905840396881
visformer_small,5,ILSVRC2012_val_00000138.JPEG,final,14,stage3[3]+gap,7,7,score_deviation_extreme,0.15,2,True,0.044696807861328125,0.013994067907333374,False,0.37312859296798706
visformer_small,6,ILSVRC2012_val_00000166.JPEG,final,14,stage3[3]+gap,7,7,score_deviation_extreme,0.15,2,True,-0.018968582153320312,-0.004272580146789551,False,0.3832475244998932
visformer_small,7,ILSVRC2012_val_00000262.JPEG,final,14,stage3[3]+gap,7,7,score_deviation_extreme,0.15,2,True,0.18050861358642578,0.03311745822429657,False,0.3486444056034088
visformer_small,0,ILSVRC2012_val_00000031.JPEG,final,14,stage3[3]+gap,7,7,score_deviation_extreme,0.15,3,True,0.06387710571289062,0.014175564050674438,False,0.3176878094673157
visformer_small,1,ILSVRC2012_val_00000081.JPEG,final,14,stage3[3]+gap,7,7,score_deviation_extreme,0.15,3,True,0.3625650405883789,0.04047756642103195,False,0.4415335953235626
visformer_small,2,ILSVRC2012_val_00000102.JPEG,final,14,stage3[3]+gap,7,7,score_deviation_extreme,0.15,3,True,0.11087608337402344,0.043058574199676514,False,0.4405265152454376
visformer_small,3,ILSVRC2012_val_00000117.JPEG,final,14,stage3[3]+gap,7,7,score_deviation_extreme,0.15,3,True,0.24624872207641602,0.053477466106414795,False,0.30873939394950867
visformer_small,4,ILSVRC2012_val_00000120.JPEG,final,14,stage3[3]+gap,7,7,score_deviation_extreme,0.15,3,True,0.05805683135986328,0.009921520948410034,False,0.3345905840396881
visformer_small,5,ILSVRC2012_val_00000138.JPEG,final,14,stage3[3]+gap,7,7,score_deviation_extreme,0.15,3,True,0.044696807861328125,0.013994067907333374,False,0.37312859296798706
visformer_small,6,ILSVRC2012_val_00000166.JPEG,final,14,stage3[3]+gap,7,7,score_deviation_extreme,0.15,3,True,-0.018968582153320312,-0.004272580146789551,False,0.3832475244998932
visformer_small,7,ILSVRC2012_val_00000262.JPEG,final,14,stage3[3]+gap,7,7,score_deviation_extreme,0.15,3,True,0.18050861358642578,0.03311745822429657,False,0.3486444056034088
visformer_small,8,ILSVRC2012_val_00000299.JPEG,early,0,feature_modules[0],28,28,high_score_extreme,0.15,0,True,0.4653944969177246,0.14989224076271057,False,0.9582399129867554
visformer_small,9,ILSVRC2012_val_00000410.JPEG,early,0,feature_modules[0],28,28,high_score_extreme,0.15,0,True,-0.30828142166137695,-0.0880880355834961,False,0.7367403507232666
visformer_small,10,ILSVRC2012_val_00000499.JPEG,early,0,feature_modules[0],28,28,high_score_extreme,0.15,0,True,0.5683221817016602,0.12619805335998535,False,0.8486778736114502
visformer_small,11,ILSVRC2012_val_00000526.JPEG,early,0,feature_modules[0],28,28,high_score_extreme,0.15,0,True,1.8319473266601562,1.1864898204803467,False,0.8879774808883667
visformer_small,12,ILSVRC2012_val_00000537.JPEG,early,0,feature_modules[0],28,28,high_score_extreme,0.15,0,True,0.8308343887329102,0.27202218770980835,False,0.8619952201843262
visformer_small,13,ILSVRC2012_val_00000548.JPEG,early,0,feature_modules[0],28,28,high_score_extreme,0.15,0,True,0.5075297355651855,0.1699346899986267,False,0.9875015020370483
visformer_small,14,ILSVRC2012_val_00000575.JPEG,early,0,feature_modules[0],28,28,high_score_extreme,0.15,0,True,-0.46828651428222656,-0.09164458513259888,False,0.6772587299346924
visformer_small,15,ILSVRC2012_val_00000602.JPEG,early,0,feature_modules[0],28,28,high_score_extreme,0.15,0,True,1.378133773803711,1.4129358530044556,True,0.7737451195716858
visformer_small,8,ILSVRC2012_val_00000299.JPEG,early,0,feature_modules[0],28,28,high_score_extreme,0.15,1,True,0.4653944969177246,0.14989224076271057,False,0.9582399129867554
visformer_small,9,ILSVRC2012_val_00000410.JPEG,early,0,feature_modules[0],28,28,high_score_extreme,0.15,1,True,-0.30828142166137695,-0.0880880355834961,False,0.7367403507232666
visformer_small,10,ILSVRC2012_val_00000499.JPEG,early,0,feature_modules[0],28,28,high_score_extreme,0.15,1,True,0.5683221817016602,0.12619805335998535,False,0.8486778736114502
visformer_small,11,ILSVRC2012_val_00000526.JPEG,early,0,feature_modules[0],28,28,high_score_extreme,0.15,1,True,1.8319473266601562,1.1864898204803467,False,0.8879774808883667
visformer_small,12,ILSVRC2012_val_00000537.JPEG,early,0,feature_modules[0],28,28,high_score_extreme,0.15,1,True,0.8308343887329102,0.27202218770980835,False,0.8619952201843262
visformer_small,13,ILSVRC2012_val_00000548.JPEG,early,0,feature_modules[0],28,28,high_score_extreme,0.15,1,True,0.5075297355651855,0.1699346899986267,False,0.9875015020370483
visformer_small,14,ILSVRC2012_val_00000575.JPEG,early,0,feature_modules[0],28,28,high_score_extreme,0.15,1,True,-0.46828651428222656,-0.09164458513259888,False,0.6772587299346924
visformer_small,15,ILSVRC2012_val_00000602.JPEG,early,0,feature_modules[0],28,28,high_score_extreme,0.15,1,True,1.378133773803711,1.4129358530044556,True,0.7737451195716858
visformer_small,8,ILSVRC2012_val_00000299.JPEG,early,0,feature_modules[0],28,28,high_score_extreme,0.15,2,True,0.4653944969177246,0.14989224076271057,False,0.9582399129867554
visformer_small,9,ILSVRC2012_val_00000410.JPEG,early,0,feature_modules[0],28,28,high_score_extreme,0.15,2,True,-0.30828142166137695,-0.0880880355834961,False,0.7367403507232666
visformer_small,10,ILSVRC2012_val_00000499.JPEG,early,0,feature_modules[0],28,28,high_score_extreme,0.15,2,True,0.5683221817016602,0.12619805335998535,False,0.8486778736114502
visformer_small,11,ILSVRC2012_val_00000526.JPEG,early,0,feature_modules[0],28,28,high_score_extreme,0.15,2,True,1.8319473266601562,1.1864898204803467,False,0.8879774808883667
visformer_small,12,ILSVRC2012_val_00000537.JPEG,early,0,feature_modules[0],28,28,high_score_extreme,0.15,2,True,0.8308343887329102,0.27202218770980835,False,0.8619952201843262
visformer_small,13,ILSVRC2012_val_00000548.JPEG,early,0,feature_modules[0],28,28,high_score_extreme,0.15,2,True,0.5075297355651855,0.1699346899986267,False,0.9875015020370483
visformer_small,14,ILSVRC2012_val_00000575.JPEG,early,0,feature_modules[0],28,28,high_score_extreme,0.15,2,True,-0.46828651428222656,-0.09164458513259888,False,0.6772587299346924
visformer_small,15,ILSVRC2012_val_00000602.JPEG,early,0,feature_modules[0],28,28,high_score_extreme,0.15,2,True,1.378133773803711,1.4129358530044556,True,0.7737451195716858
visformer_small,8,ILSVRC2012_val_00000299.JPEG,early,0,feature_modules[0],28,28,high_score_extreme,0.15,3,True,0.4653944969177246,0.14989224076271057,False,0.9582399129867554
visformer_small,9,ILSVRC2012_val_00000410.JPEG,early,0,feature_modules[0],28,28,high_score_extreme,0.15,3,True,-0.30828142166137695,-0.0880880355834961,False,0.7367403507232666
visformer_small,10,ILSVRC2012_val_00000499.JPEG,early,0,feature_modules[0],28,28,high_score_extreme,0.15,3,True,0.5683221817016602,0.12619805335998535,False,0.8486778736114502
visformer_small,11,ILSVRC2012_val_00000526.JPEG,early,0,feature_modules[0],28,28,high_score_extreme,0.15,3,True,1.8319473266601562,1.1864898204803467,False,0.8879774808883667
visformer_small,12,ILSVRC2012_val_00000537.JPEG,early,0,feature_modules[0],28,28,high_score_extreme,0.15,3,True,0.8308343887329102,0.27202218770980835,False,0.8619952201843262
visformer_small,13,ILSVRC2012_val_00000548.JPEG,early,0,feature_modules[0],28,28,high_score_extreme,0.15,3,True,0.5075297355651855,0.1699346899986267,False,0.9875015020370483
visformer_small,14,ILSVRC2012_val_00000575.JPEG,early,0,feature_modules[0],28,28,high_score_extreme,0.15,3,True,-0.46828651428222656,-0.09164458513259888,False,0.6772587299346924
visformer_small,15,ILSVRC2012_val_00000602.JPEG,early,0,feature_modules[0],28,28,high_score_extreme,0.15,3,True,1.378133773803711,1.4129358530044556,True,0.7737451195716858
visformer_small,8,ILSVRC2012_val_00000299.JPEG,early,0,feature_modules[0],28,28,low_score_extreme,0.15,0,True,4.6366167068481445,3.965057849884033,True,0.8629253506660461
visformer_small,9,ILSVRC2012_val_00000410.JPEG,early,0,feature_modules[0],28,28,low_score_extreme,0.15,0,True,-0.5197701454162598,-0.12771783769130707,False,0.21230587363243103
visformer_small,10,ILSVRC2012_val_00000499.JPEG,early,0,feature_modules[0],28,28,low_score_extreme,0.15,0,True,0.33154869079589844,0.06644240021705627,False,0.43563294410705566
visformer_small,11,ILSVRC2012_val_00000526.JPEG,early,0,feature_modules[0],28,28,low_score_extreme,0.15,0,True,0.22182893753051758,-0.0065708160400390625,False,0.4847559630870819
visformer_small,12,ILSVRC2012_val_00000537.JPEG,early,0,feature_modules[0],28,28,low_score_extreme,0.15,0,True,0.4445161819458008,0.13130274415016174,False,0.3069673180580139
visformer_small,13,ILSVRC2012_val_00000548.JPEG,early,0,feature_modules[0],28,28,low_score_extreme,0.15,0,True,5.785679340362549,5.316222667694092,True,0.30940958857536316
visformer_small,14,ILSVRC2012_val_00000575.JPEG,early,0,feature_modules[0],28,28,low_score_extreme,0.15,0,True,-0.42696142196655273,-0.13774913549423218,False,0.23107074201107025
visformer_small,15,ILSVRC2012_val_00000602.JPEG,early,0,feature_modules[0],28,28,low_score_extreme,0.15,0,True,0.3591456413269043,0.66614830493927,True,0.478826105594635
visformer_small,8,ILSVRC2012_val_00000299.JPEG,early,0,feature_modules[0],28,28,low_score_extreme,0.15,1,True,4.6366167068481445,3.965057849884033,True,0.8629253506660461
visformer_small,9,ILSVRC2012_val_00000410.JPEG,early,0,feature_modules[0],28,28,low_score_extreme,0.15,1,True,-0.5197701454162598,-0.12771783769130707,False,0.21230587363243103
visformer_small,10,ILSVRC2012_val_00000499.JPEG,early,0,feature_modules[0],28,28,low_score_extreme,0.15,1,True,0.33154869079589844,0.06644240021705627,False,0.43563294410705566
visformer_small,11,ILSVRC2012_val_00000526.JPEG,early,0,feature_modules[0],28,28,low_score_extreme,0.15,1,True,0.22182893753051758,-0.0065708160400390625,False,0.4847559630870819
visformer_small,12,ILSVRC2012_val_00000537.JPEG,early,0,feature_modules[0],28,28,low_score_extreme,0.15,1,True,0.4445161819458008,0.13130274415016174,False,0.3069673180580139
visformer_small,13,ILSVRC2012_val_00000548.JPEG,early,0,feature_modules[0],28,28,low_score_extreme,0.15,1,True,5.785679340362549,5.316222667694092,True,0.30940958857536316
visformer_small,14,ILSVRC2012_val_00000575.JPEG,early,0,feature_modules[0],28,28,low_score_extreme,0.15,1,True,-0.42696142196655273,-0.13774913549423218,False,0.23107074201107025
visformer_small,15,ILSVRC2012_val_00000602.JPEG,early,0,feature_modules[0],28,28,low_score_extreme,0.15,1,True,0.3591456413269043,0.66614830493927,True,0.478826105594635
visformer_small,8,ILSVRC2012_val_00000299.JPEG,early,0,feature_modules[0],28,28,low_score_extreme,0.15,2,True,4.6366167068481445,3.965057849884033,True,0.8629253506660461
visformer_small,9,ILSVRC2012_val_00000410.JPEG,early,0,feature_modules[0],28,28,low_score_extreme,0.15,2,True,-0.5197701454162598,-0.12771783769130707,False,0.21230587363243103
visformer_small,10,ILSVRC2012_val_00000499.JPEG,early,0,feature_modules[0],28,28,low_score_extreme,0.15,2,True,0.33154869079589844,0.06644240021705627,False,0.43563294410705566
visformer_small,11,ILSVRC2012_val_00000526.JPEG,early,0,feature_modules[0],28,28,low_score_extreme,0.15,2,True,0.22182893753051758,-0.0065708160400390625,False,0.4847559630870819
visformer_small,12,ILSVRC2012_val_00000537.JPEG,early,0,feature_modules[0],28,28,low_score_extreme,0.15,2,True,0.4445161819458008,0.13130274415016174,False,0.3069673180580139
visformer_small,13,ILSVRC2012_val_00000548.JPEG,early,0,feature_modules[0],28,28,low_score_extreme,0.15,2,True,5.785679340362549,5.316222667694092,True,0.30940958857536316
visformer_small,14,ILSVRC2012_val_00000575.JPEG,early,0,feature_modules[0],28,28,low_score_extreme,0.15,2,True,-0.42696142196655273,-0.13774913549423218,False,0.23107074201107025
visformer_small,15,ILSVRC2012_val_00000602.JPEG,early,0,feature_modules[0],28,28,low_score_extreme,0.15,2,True,0.3591456413269043,0.66614830493927,True,0.478826105594635
visformer_small,8,ILSVRC2012_val_00000299.JPEG,early,0,feature_modules[0],28,28,low_score_extreme,0.15,3,True,4.6366167068481445,3.965057849884033,True,0.8629253506660461
visformer_small,9,ILSVRC2012_val_00000410.JPEG,early,0,feature_modules[0],28,28,low_score_extreme,0.15,3,True,-0.5197701454162598,-0.12771783769130707,False,0.21230587363243103
visformer_small,10,ILSVRC2012_val_00000499.JPEG,early,0,feature_modules[0],28,28,low_score_extreme,0.15,3,True,0.33154869079589844,0.06644240021705627,False,0.43563294410705566
visformer_small,11,ILSVRC2012_val_00000526.JPEG,early,0,feature_modules[0],28,28,low_score_extreme,0.15,3,True,0.22182893753051758,-0.0065708160400390625,False,0.4847559630870819
visformer_small,12,ILSVRC2012_val_00000537.JPEG,early,0,feature_modules[0],28,28,low_score_extreme,0.15,3,True,0.4445161819458008,0.13130274415016174,False,0.3069673180580139
visformer_small,13,ILSVRC2012_val_00000548.JPEG,early,0,feature_modules[0],28,28,low_score_extreme,0.15,3,True,5.785679340362549,5.316222667694092,True,0.30940958857536316
visformer_small,14,ILSVRC2012_val_00000575.JPEG,early,0,feature_modules[0],28,28,low_score_extreme,0.15,3,True,-0.42696142196655273,-0.13774913549423218,False,0.23107074201107025
visformer_small,15,ILSVRC2012_val_00000602.JPEG,early,0,feature_modules[0],28,28,low_score_extreme,0.15,3,True,0.3591456413269043,0.66614830493927,True,0.478826105594635
visformer_small,8,ILSVRC2012_val_00000299.JPEG,early,0,feature_modules[0],28,28,random_uniform,0.15,0,True,2.013613700866699,1.4626578092575073,True,0.9210388660430908
visformer_small,9,ILSVRC2012_val_00000410.JPEG,early,0,feature_modules[0],28,28,random_uniform,0.15,0,True,0.5338435173034668,0.23636487126350403,False,0.5557103157043457
visformer_small,10,ILSVRC2012_val_00000499.JPEG,early,0,feature_modules[0],28,28,random_uniform,0.15,0,True,0.5305981636047363,0.11134904623031616,False,0.6939573287963867
visformer_small,11,ILSVRC2012_val_00000526.JPEG,early,0,feature_modules[0],28,28,random_uniform,0.15,0,True,2.08237361907959,1.4503545761108398,False,0.7886319160461426
visformer_small,12,ILSVRC2012_val_00000537.JPEG,early,0,feature_modules[0],28,28,random_uniform,0.15,0,True,0.7180690765380859,0.2112627625465393,False,0.6908798217773438
visformer_small,13,ILSVRC2012_val_00000548.JPEG,early,0,feature_modules[0],28,28,random_uniform,0.15,0,True,1.1897177696228027,0.4751788377761841,False,0.8981908559799194
visformer_small,14,ILSVRC2012_val_00000575.JPEG,early,0,feature_modules[0],28,28,random_uniform,0.15,0,True,-1.0792794227600098,-0.16131573915481567,False,0.513464629650116
visformer_small,15,ILSVRC2012_val_00000602.JPEG,early,0,feature_modules[0],28,28,random_uniform,0.15,0,True,0.468231201171875,0.7727377414703369,True,0.6335484385490417
visformer_small,8,ILSVRC2012_val_00000299.JPEG,early,0,feature_modules[0],28,28,random_uniform,0.15,1,True,1.2793850898742676,1.1776721477508545,False,0.9197502732276917
visformer_small,9,ILSVRC2012_val_00000410.JPEG,early,0,feature_modules[0],28,28,random_uniform,0.15,1,True,0.2730722427368164,0.11993852257728577,False,0.5464047789573669
visformer_small,10,ILSVRC2012_val_00000499.JPEG,early,0,feature_modules[0],28,28,random_uniform,0.15,1,True,0.9803524017333984,0.30026912689208984,False,0.6966120600700378
visformer_small,11,ILSVRC2012_val_00000526.JPEG,early,0,feature_modules[0],28,28,random_uniform,0.15,1,True,0.6573762893676758,0.27260255813598633,False,0.7738683223724365
visformer_small,12,ILSVRC2012_val_00000537.JPEG,early,0,feature_modules[0],28,28,random_uniform,0.15,1,True,0.6108002662658691,0.1797560155391693,False,0.7023206949234009
visformer_small,13,ILSVRC2012_val_00000548.JPEG,early,0,feature_modules[0],28,28,random_uniform,0.15,1,True,1.318586826324463,0.5592002272605896,False,0.9005675911903381
visformer_small,14,ILSVRC2012_val_00000575.JPEG,early,0,feature_modules[0],28,28,random_uniform,0.15,1,True,0.9675836563110352,0.9666182994842529,False,0.4823944866657257
visformer_small,15,ILSVRC2012_val_00000602.JPEG,early,0,feature_modules[0],28,28,random_uniform,0.15,1,True,2.5269346237182617,2.5694336891174316,True,0.6384347677230835
visformer_small,8,ILSVRC2012_val_00000299.JPEG,early,0,feature_modules[0],28,28,random_uniform,0.15,2,True,1.4387683868408203,1.2187491655349731,True,0.9208511114120483
visformer_small,9,ILSVRC2012_val_00000410.JPEG,early,0,feature_modules[0],28,28,random_uniform,0.15,2,True,0.5254602432250977,0.207484632730484,False,0.5118197798728943
visformer_small,10,ILSVRC2012_val_00000499.JPEG,early,0,feature_modules[0],28,28,random_uniform,0.15,2,True,0.676795482635498,0.16977691650390625,False,0.7108437418937683
visformer_small,11,ILSVRC2012_val_00000526.JPEG,early,0,feature_modules[0],28,28,random_uniform,0.15,2,True,1.686619758605957,1.2245988845825195,True,0.7733736038208008
visformer_small,12,ILSVRC2012_val_00000537.JPEG,early,0,feature_modules[0],28,28,random_uniform,0.15,2,True,0.42199182510375977,0.10596445202827454,False,0.6911270618438721
visformer_small,13,ILSVRC2012_val_00000548.JPEG,early,0,feature_modules[0],28,28,random_uniform,0.15,2,True,0.1982560157775879,0.1247456967830658,False,0.9045918583869934
visformer_small,14,ILSVRC2012_val_00000575.JPEG,early,0,feature_modules[0],28,28,random_uniform,0.15,2,True,-0.14256620407104492,0.2830519676208496,False,0.4986592233181
visformer_small,15,ILSVRC2012_val_00000602.JPEG,early,0,feature_modules[0],28,28,random_uniform,0.15,2,True,2.0666141510009766,2.1121325492858887,True,0.6402762532234192
visformer_small,8,ILSVRC2012_val_00000299.JPEG,early,0,feature_modules[0],28,28,random_uniform,0.15,3,True,2.2133641242980957,1.4904907941818237,False,0.9269338250160217
visformer_small,9,ILSVRC2012_val_00000410.JPEG,early,0,feature_modules[0],28,28,random_uniform,0.15,3,True,0.5861434936523438,0.24763312935829163,False,0.5175409317016602
visformer_small,10,ILSVRC2012_val_00000499.JPEG,early,0,feature_modules[0],28,28,random_uniform,0.15,3,True,0.7090449333190918,0.17186471819877625,False,0.7083290815353394
visformer_small,11,ILSVRC2012_val_00000526.JPEG,early,0,feature_modules[0],28,28,random_uniform,0.15,3,True,0.5001626014709473,0.16351038217544556,False,0.7671152949333191
visformer_small,12,ILSVRC2012_val_00000537.JPEG,early,0,feature_modules[0],28,28,random_uniform,0.15,3,True,0.7161884307861328,0.21301472187042236,False,0.6897760629653931
visformer_small,13,ILSVRC2012_val_00000548.JPEG,early,0,feature_modules[0],28,28,random_uniform,0.15,3,True,0.8618240356445312,0.3190280795097351,False,0.879401683807373
visformer_small,14,ILSVRC2012_val_00000575.JPEG,early,0,feature_modules[0],28,28,random_uniform,0.15,3,True,1.0193214416503906,0.9556143283843994,False,0.49205702543258667
visformer_small,15,ILSVRC2012_val_00000602.JPEG,early,0,feature_modules[0],28,28,random_uniform,0.15,3,True,0.03368949890136719,0.34194833040237427,False,0.6487757563591003
visformer_small,8,ILSVRC2012_val_00000299.JPEG,early,0,feature_modules[0],28,28,score_deviation_extreme,0.15,0,True,4.6366167068481445,3.965057849884033,True,0.8629253506660461
visformer_small,9,ILSVRC2012_val_00000410.JPEG,early,0,feature_modules[0],28,28,score_deviation_extreme,0.15,0,True,-0.5197701454162598,-0.12771783769130707,False,0.21230587363243103
visformer_small,10,ILSVRC2012_val_00000499.JPEG,early,0,feature_modules[0],28,28,score_deviation_extreme,0.15,0,True,0.33154869079589844,0.06644240021705627,False,0.43563294410705566
visformer_small,11,ILSVRC2012_val_00000526.JPEG,early,0,feature_modules[0],28,28,score_deviation_extreme,0.15,0,True,0.22182893753051758,-0.0065708160400390625,False,0.4847559630870819
visformer_small,12,ILSVRC2012_val_00000537.JPEG,early,0,feature_modules[0],28,28,score_deviation_extreme,0.15,0,True,0.4445161819458008,0.13130274415016174,False,0.3069673180580139
visformer_small,13,ILSVRC2012_val_00000548.JPEG,early,0,feature_modules[0],28,28,score_deviation_extreme,0.15,0,True,5.785679340362549,5.316222667694092,True,0.30940958857536316
visformer_small,14,ILSVRC2012_val_00000575.JPEG,early,0,feature_modules[0],28,28,score_deviation_extreme,0.15,0,True,-0.42696142196655273,-0.13774913549423218,False,0.23107074201107025
visformer_small,15,ILSVRC2012_val_00000602.JPEG,early,0,feature_modules[0],28,28,score_deviation_extreme,0.15,0,True,0.40447378158569336,0.49501121044158936,False,0.5603813529014587
visformer_small,8,ILSVRC2012_val_00000299.JPEG,early,0,feature_modules[0],28,28,score_deviation_extreme,0.15,1,True,4.6366167068481445,3.965057849884033,True,0.8629253506660461
visformer_small,9,ILSVRC2012_val_00000410.JPEG,early,0,feature_modules[0],28,28,score_deviation_extreme,0.15,1,True,-0.5197701454162598,-0.12771783769130707,False,0.21230587363243103
visformer_small,10,ILSVRC2012_val_00000499.JPEG,early,0,feature_modules[0],28,28,score_deviation_extreme,0.15,1,True,0.33154869079589844,0.06644240021705627,False,0.43563294410705566
visformer_small,11,ILSVRC2012_val_00000526.JPEG,early,0,feature_modules[0],28,28,score_deviation_extreme,0.15,1,True,0.22182893753051758,-0.0065708160400390625,False,0.4847559630870819
visformer_small,12,ILSVRC2012_val_00000537.JPEG,early,0,feature_modules[0],28,28,score_deviation_extreme,0.15,1,True,0.4445161819458008,0.13130274415016174,False,0.3069673180580139
visformer_small,13,ILSVRC2012_val_00000548.JPEG,early,0,feature_modules[0],28,28,score_deviation_extreme,0.15,1,True,5.785679340362549,5.316222667694092,True,0.30940958857536316
visformer_small,14,ILSVRC2012_val_00000575.JPEG,early,0,feature_modules[0],28,28,score_deviation_extreme,0.15,1,True,-0.42696142196655273,-0.13774913549423218,False,0.23107074201107025
visformer_small,15,ILSVRC2012_val_00000602.JPEG,early,0,feature_modules[0],28,28,score_deviation_extreme,0.15,1,True,0.40447378158569336,0.49501121044158936,False,0.5603813529014587
visformer_small,8,ILSVRC2012_val_00000299.JPEG,early,0,feature_modules[0],28,28,score_deviation_extreme,0.15,2,True,4.6366167068481445,3.965057849884033,True,0.8629253506660461
visformer_small,9,ILSVRC2012_val_00000410.JPEG,early,0,feature_modules[0],28,28,score_deviation_extreme,0.15,2,True,-0.5197701454162598,-0.12771783769130707,False,0.21230587363243103
visformer_small,10,ILSVRC2012_val_00000499.JPEG,early,0,feature_modules[0],28,28,score_deviation_extreme,0.15,2,True,0.33154869079589844,0.06644240021705627,False,0.43563294410705566
visformer_small,11,ILSVRC2012_val_00000526.JPEG,early,0,feature_modules[0],28,28,score_deviation_extreme,0.15,2,True,0.22182893753051758,-0.0065708160400390625,False,0.4847559630870819
visformer_small,12,ILSVRC2012_val_00000537.JPEG,early,0,feature_modules[0],28,28,score_deviation_extreme,0.15,2,True,0.4445161819458008,0.13130274415016174,False,0.3069673180580139
visformer_small,13,ILSVRC2012_val_00000548.JPEG,early,0,feature_modules[0],28,28,score_deviation_extreme,0.15,2,True,5.785679340362549,5.316222667694092,True,0.30940958857536316
visformer_small,14,ILSVRC2012_val_00000575.JPEG,early,0,feature_modules[0],28,28,score_deviation_extreme,0.15,2,True,-0.42696142196655273,-0.13774913549423218,False,0.23107074201107025
visformer_small,15,ILSVRC2012_val_00000602.JPEG,early,0,feature_modules[0],28,28,score_deviation_extreme,0.15,2,True,0.40447378158569336,0.49501121044158936,False,0.5603813529014587
visformer_small,8,ILSVRC2012_val_00000299.JPEG,early,0,feature_modules[0],28,28,score_deviation_extreme,0.15,3,True,4.6366167068481445,3.965057849884033,True,0.8629253506660461
visformer_small,9,ILSVRC2012_val_00000410.JPEG,early,0,feature_modules[0],28,28,score_deviation_extreme,0.15,3,True,-0.5197701454162598,-0.12771783769130707,False,0.21230587363243103
visformer_small,10,ILSVRC2012_val_00000499.JPEG,early,0,feature_modules[0],28,28,score_deviation_extreme,0.15,3,True,0.33154869079589844,0.06644240021705627,False,0.43563294410705566
visformer_small,11,ILSVRC2012_val_00000526.JPEG,early,0,feature_modules[0],28,28,score_deviation_extreme,0.15,3,True,0.22182893753051758,-0.0065708160400390625,False,0.4847559630870819
visformer_small,12,ILSVRC2012_val_00000537.JPEG,early,0,feature_modules[0],28,28,score_deviation_extreme,0.15,3,True,0.4445161819458008,0.13130274415016174,False,0.3069673180580139
visformer_small,13,ILSVRC2012_val_00000548.JPEG,early,0,feature_modules[0],28,28,score_deviation_extreme,0.15,3,True,5.785679340362549,5.316222667694092,True,0.30940958857536316
visformer_small,14,ILSVRC2012_val_00000575.JPEG,early,0,feature_modules[0],28,28,score_deviation_extreme,0.15,3,True,-0.42696142196655273,-0.13774913549423218,False,0.23107074201107025
visformer_small,15,ILSVRC2012_val_00000602.JPEG,early,0,feature_modules[0],28,28,score_deviation_extreme,0.15,3,True,0.40447378158569336,0.49501121044158936,False,0.5603813529014587
visformer_small,8,ILSVRC2012_val_00000299.JPEG,mid,7,feature_modules[7],14,14,high_score_extreme,0.15,0,True,-0.0678396224975586,0.00033023953437805176,False,0.7716431617736816
visformer_small,9,ILSVRC2012_val_00000410.JPEG,mid,7,feature_modules[7],14,14,high_score_extreme,0.15,0,True,-0.1607966423034668,-0.04520916938781738,False,0.6539599895477295
visformer_small,10,ILSVRC2012_val_00000499.JPEG,mid,7,feature_modules[7],14,14,high_score_extreme,0.15,0,True,0.2941722869873047,0.0537266731262207,False,0.7146483063697815
visformer_small,11,ILSVRC2012_val_00000526.JPEG,mid,7,feature_modules[7],14,14,high_score_extreme,0.15,0,True,0.4848637580871582,0.4567079544067383,False,0.6364187598228455
visformer_small,12,ILSVRC2012_val_00000537.JPEG,mid,7,feature_modules[7],14,14,high_score_extreme,0.15,0,True,0.5183825492858887,0.1586555540561676,False,0.5858321189880371
visformer_small,13,ILSVRC2012_val_00000548.JPEG,mid,7,feature_modules[7],14,14,high_score_extreme,0.15,0,True,-0.08907794952392578,-0.02953621745109558,False,0.8861092925071716
visformer_small,14,ILSVRC2012_val_00000575.JPEG,mid,7,feature_modules[7],14,14,high_score_extreme,0.15,0,True,-1.8226876258850098,-0.5346311330795288,False,0.5768812894821167
visformer_small,15,ILSVRC2012_val_00000602.JPEG,mid,7,feature_modules[7],14,14,high_score_extreme,0.15,0,True,-0.11250638961791992,-0.001932382583618164,False,0.5873203873634338
visformer_small,8,ILSVRC2012_val_00000299.JPEG,mid,7,feature_modules[7],14,14,high_score_extreme,0.15,1,True,-0.0678396224975586,0.00033023953437805176,False,0.7716431617736816
visformer_small,9,ILSVRC2012_val_00000410.JPEG,mid,7,feature_modules[7],14,14,high_score_extreme,0.15,1,True,-0.1607966423034668,-0.04520916938781738,False,0.6539599895477295
visformer_small,10,ILSVRC2012_val_00000499.JPEG,mid,7,feature_modules[7],14,14,high_score_extreme,0.15,1,True,0.2941722869873047,0.0537266731262207,False,0.7146483063697815
visformer_small,11,ILSVRC2012_val_00000526.JPEG,mid,7,feature_modules[7],14,14,high_score_extreme,0.15,1,True,0.4848637580871582,0.4567079544067383,False,0.6364187598228455
visformer_small,12,ILSVRC2012_val_00000537.JPEG,mid,7,feature_modules[7],14,14,high_score_extreme,0.15,1,True,0.5183825492858887,0.1586555540561676,False,0.5858321189880371
visformer_small,13,ILSVRC2012_val_00000548.JPEG,mid,7,feature_modules[7],14,14,high_score_extreme,0.15,1,True,-0.08907794952392578,-0.02953621745109558,False,0.8861092925071716
visformer_small,14,ILSVRC2012_val_00000575.JPEG,mid,7,feature_modules[7],14,14,high_score_extreme,0.15,1,True,-1.8226876258850098,-0.5346311330795288,False,0.5768812894821167
visformer_small,15,ILSVRC2012_val_00000602.JPEG,mid,7,feature_modules[7],14,14,high_score_extreme,0.15,1,True,-0.11250638961791992,-0.001932382583618164,False,0.5873203873634338
visformer_small,8,ILSVRC2012_val_00000299.JPEG,mid,7,feature_modules[7],14,14,high_score_extreme,0.15,2,True,-0.0678396224975586,0.00033023953437805176,False,0.7716431617736816
visformer_small,9,ILSVRC2012_val_00000410.JPEG,mid,7,feature_modules[7],14,14,high_score_extreme,0.15,2,True,-0.1607966423034668,-0.04520916938781738,False,0.6539599895477295
visformer_small,10,ILSVRC2012_val_00000499.JPEG,mid,7,feature_modules[7],14,14,high_score_extreme,0.15,2,True,0.2941722869873047,0.0537266731262207,False,0.7146483063697815
visformer_small,11,ILSVRC2012_val_00000526.JPEG,mid,7,feature_modules[7],14,14,high_score_extreme,0.15,2,True,0.4848637580871582,0.4567079544067383,False,0.6364187598228455
visformer_small,12,ILSVRC2012_val_00000537.JPEG,mid,7,feature_modules[7],14,14,high_score_extreme,0.15,2,True,0.5183825492858887,0.1586555540561676,False,0.5858321189880371
visformer_small,13,ILSVRC2012_val_00000548.JPEG,mid,7,feature_modules[7],14,14,high_score_extreme,0.15,2,True,-0.08907794952392578,-0.02953621745109558,False,0.8861092925071716
visformer_small,14,ILSVRC2012_val_00000575.JPEG,mid,7,feature_modules[7],14,14,high_score_extreme,0.15,2,True,-1.8226876258850098,-0.5346311330795288,False,0.5768812894821167
visformer_small,15,ILSVRC2012_val_00000602.JPEG,mid,7,feature_modules[7],14,14,high_score_extreme,0.15,2,True,-0.11250638961791992,-0.001932382583618164,False,0.5873203873634338
visformer_small,8,ILSVRC2012_val_00000299.JPEG,mid,7,feature_modules[7],14,14,high_score_extreme,0.15,3,True,-0.0678396224975586,0.00033023953437805176,False,0.7716431617736816
visformer_small,9,ILSVRC2012_val_00000410.JPEG,mid,7,feature_modules[7],14,14,high_score_extreme,0.15,3,True,-0.1607966423034668,-0.04520916938781738,False,0.6539599895477295
visformer_small,10,ILSVRC2012_val_00000499.JPEG,mid,7,feature_modules[7],14,14,high_score_extreme,0.15,3,True,0.2941722869873047,0.0537266731262207,False,0.7146483063697815
visformer_small,11,ILSVRC2012_val_00000526.JPEG,mid,7,feature_modules[7],14,14,high_score_extreme,0.15,3,True,0.4848637580871582,0.4567079544067383,False,0.6364187598228455
visformer_small,12,ILSVRC2012_val_00000537.JPEG,mid,7,feature_modules[7],14,14,high_score_extreme,0.15,3,True,0.5183825492858887,0.1586555540561676,False,0.5858321189880371
visformer_small,13,ILSVRC2012_val_00000548.JPEG,mid,7,feature_modules[7],14,14,high_score_extreme,0.15,3,True,-0.08907794952392578,-0.02953621745109558,False,0.8861092925071716
visformer_small,14,ILSVRC2012_val_00000575.JPEG,mid,7,feature_modules[7],14,14,high_score_extreme,0.15,3,True,-1.8226876258850098,-0.5346311330795288,False,0.5768812894821167
visformer_small,15,ILSVRC2012_val_00000602.JPEG,mid,7,feature_modules[7],14,14,high_score_extreme,0.15,3,True,-0.11250638961791992,-0.001932382583618164,False,0.5873203873634338
visformer_small,8,ILSVRC2012_val_00000299.JPEG,mid,7,feature_modules[7],14,14,low_score_extreme,0.15,0,True,0.19456720352172852,0.0891089141368866,False,0.38296619057655334
visformer_small,9,ILSVRC2012_val_00000410.JPEG,mid,7,feature_modules[7],14,14,low_score_extreme,0.15,0,True,-0.34715890884399414,-0.08809378743171692,False,0.16451336443424225
visformer_small,10,ILSVRC2012_val_00000499.JPEG,mid,7,feature_modules[7],14,14,low_score_extreme,0.15,0,True,0.468325138092041,0.09597057104110718,False,0.21779365837574005
visformer_small,11,ILSVRC2012_val_00000526.JPEG,mid,7,feature_modules[7],14,14,low_score_extreme,0.15,0,True,-0.9189023971557617,-0.41155076026916504,False,0.23663467168807983
visformer_small,12,ILSVRC2012_val_00000537.JPEG,mid,7,feature_modules[7],14,14,low_score_extreme,0.15,0,True,0.060291290283203125,0.017700761556625366,False,0.24774090945720673
visformer_small,13,ILSVRC2012_val_00000548.JPEG,mid,7,feature_modules[7],14,14,low_score_extreme,0.15,0,True,5.162116050720215,4.763643741607666,True,-0.09727121144533157
visformer_small,14,ILSVRC2012_val_00000575.JPEG,mid,7,feature_modules[7],14,14,low_score_extreme,0.15,0,True,-0.9611763954162598,-0.3493502736091614,False,0.24750971794128418
visformer_small,15,ILSVRC2012_val_00000602.JPEG,mid,7,feature_modules[7],14,14,low_score_extreme,0.15,0,True,-0.24009323120117188,-0.11514180898666382,False,0.16392244398593903
visformer_small,8,ILSVRC2012_val_00000299.JPEG,mid,7,feature_modules[7],14,14,low_score_extreme,0.15,1,True,0.19456720352172852,0.0891089141368866,False,0.38296619057655334
visformer_small,9,ILSVRC2012_val_00000410.JPEG,mid,7,feature_modules[7],14,14,low_score_extreme,0.15,1,True,-0.34715890884399414,-0.08809378743171692,False,0.16451336443424225
visformer_small,10,ILSVRC2012_val_00000499.JPEG,mid,7,feature_modules[7],14,14,low_score_extreme,0.15,1,True,0.468325138092041,0.09597057104110718,False,0.21779365837574005
visformer_small,11,ILSVRC2012_val_00000526.JPEG,mid,7,feature_modules[7],14,14,low_score_extreme,0.15,1,True,-0.9189023971557617,-0.41155076026916504,False,0.23663467168807983
visformer_small,12,ILSVRC2012_val_00000537.JPEG,mid,7,feature_modules[7],14,14,low_score_extreme,0.15,1,True,0.060291290283203125,0.017700761556625366,False,0.24774090945720673
visformer_small,13,ILSVRC2012_val_00000548.JPEG,mid,7,feature_modules[7],14,14,low_score_extreme,0.15,1,True,5.162116050720215,4.763643741607666,True,-0.09727121144533157
visformer_small,14,ILSVRC2012_val_00000575.JPEG,mid,7,feature_modules[7],14,14,low_score_extreme,0.15,1,True,-0.9611763954162598,-0.3493502736091614,False,0.24750971794128418
visformer_small,15,ILSVRC2012_val_00000602.JPEG,mid,7,feature_modules[7],14,14,low_score_extreme,0.15,1,True,-0.24009323120117188,-0.11514180898666382,False,0.16392244398593903
visformer_small,8,ILSVRC2012_val_00000299.JPEG,mid,7,feature_modules[7],14,14,low_score_extreme,0.15,2,True,0.19456720352172852,0.0891089141368866,False,0.38296619057655334
visformer_small,9,ILSVRC2012_val_00000410.JPEG,mid,7,feature_modules[7],14,14,low_score_extreme,0.15,2,True,-0.34715890884399414,-0.08809378743171692,False,0.16451336443424225
visformer_small,10,ILSVRC2012_val_00000499.JPEG,mid,7,feature_modules[7],14,14,low_score_extreme,0.15,2,True,0.468325138092041,0.09597057104110718,False,0.21779365837574005
visformer_small,11,ILSVRC2012_val_00000526.JPEG,mid,7,feature_modules[7],14,14,low_score_extreme,0.15,2,True,-0.9189023971557617,-0.41155076026916504,False,0.23663467168807983
visformer_small,12,ILSVRC2012_val_00000537.JPEG,mid,7,feature_modules[7],14,14,low_score_extreme,0.15,2,True,0.060291290283203125,0.017700761556625366,False,0.24774090945720673
visformer_small,13,ILSVRC2012_val_00000548.JPEG,mid,7,feature_modules[7],14,14,low_score_extreme,0.15,2,True,5.162116050720215,4.763643741607666,True,-0.09727121144533157
visformer_small,14,ILSVRC2012_val_00000575.JPEG,mid,7,feature_modules[7],14,14,low_score_extreme,0.15,2,True,-0.9611763954162598,-0.3493502736091614,False,0.24750971794128418
visformer_small,15,ILSVRC2012_val_00000602.JPEG,mid,7,feature_modules[7],14,14,low_score_extreme,0.15,2,True,-0.24009323120117188,-0.11514180898666382,False,0.16392244398593903
visformer_small,8,ILSVRC2012_val_00000299.JPEG,mid,7,feature_modules[7],14,14,low_score_extreme,0.15,3,True,0.19456720352172852,0.0891089141368866,False,0.38296619057655334
visformer_small,9,ILSVRC2012_val_00000410.JPEG,mid,7,feature_modules[7],14,14,low_score_extreme,0.15,3,True,-0.34715890884399414,-0.08809378743171692,False,0.16451336443424225
visformer_small,10,ILSVRC2012_val_00000499.JPEG,mid,7,feature_modules[7],14,14,low_score_extreme,0.15,3,True,0.468325138092041,0.09597057104110718,False,0.21779365837574005
visformer_small,11,ILSVRC2012_val_00000526.JPEG,mid,7,feature_modules[7],14,14,low_score_extreme,0.15,3,True,-0.9189023971557617,-0.41155076026916504,False,0.23663467168807983
visformer_small,12,ILSVRC2012_val_00000537.JPEG,mid,7,feature_modules[7],14,14,low_score_extreme,0.15,3,True,0.060291290283203125,0.017700761556625366,False,0.24774090945720673
visformer_small,13,ILSVRC2012_val_00000548.JPEG,mid,7,feature_modules[7],14,14,low_score_extreme,0.15,3,True,5.162116050720215,4.763643741607666,True,-0.09727121144533157
visformer_small,14,ILSVRC2012_val_00000575.JPEG,mid,7,feature_modules[7],14,14,low_score_extreme,0.15,3,True,-0.9611763954162598,-0.3493502736091614,False,0.24750971794128418
visformer_small,15,ILSVRC2012_val_00000602.JPEG,mid,7,feature_modules[7],14,14,low_score_extreme,0.15,3,True,-0.24009323120117188,-0.11514180898666382,False,0.16392244398593903
visformer_small,8,ILSVRC2012_val_00000299.JPEG,mid,7,feature_modules[7],14,14,random_uniform,0.15,0,True,-0.4478578567504883,-0.08924855291843414,False,0.593972384929657
visformer_small,9,ILSVRC2012_val_00000410.JPEG,mid,7,feature_modules[7],14,14,random_uniform,0.15,0,True,0.2534923553466797,0.10187390446662903,False,0.4255411624908447
visformer_small,10,ILSVRC2012_val_00000499.JPEG,mid,7,feature_modules[7],14,14,random_uniform,0.15,0,True,0.3182029724121094,0.05981394648551941,False,0.5351977944374084
visformer_small,11,ILSVRC2012_val_00000526.JPEG,mid,7,feature_modules[7],14,14,random_uniform,0.15,0,True,1.0657868385314941,0.8483073711395264,True,0.44726014137268066
visformer_small,12,ILSVRC2012_val_00000537.JPEG,mid,7,feature_modules[7],14,14,random_uniform,0.15,0,True,0.1685314178466797,0.03657752275466919,False,0.4201238751411438
visformer_small,13,ILSVRC2012_val_00000548.JPEG,mid,7,feature_modules[7],14,14,random_uniform,0.15,0,True,0.366945743560791,0.08908510208129883,False,0.7436187863349915
visformer_small,14,ILSVRC2012_val_00000575.JPEG,mid,7,feature_modules[7],14,14,random_uniform,0.15,0,True,-0.34557533264160156,-0.15851986408233643,False,0.3954579830169678
visformer_small,15,ILSVRC2012_val_00000602.JPEG,mid,7,feature_modules[7],14,14,random_uniform,0.15,0,True,0.16826152801513672,0.07787585258483887,False,0.4183828830718994
visformer_small,8,ILSVRC2012_val_00000299.JPEG,mid,7,feature_modules[7],14,14,random_uniform,0.15,1,True,-0.2418069839477539,-0.008016526699066162,False,0.560033917427063
visformer_small,9,ILSVRC2012_val_00000410.JPEG,mid,7,feature_modules[7],14,14,random_uniform,0.15,1,True,-0.3242812156677246,-0.09365436434745789,False,0.48072803020477295
visformer_small,10,ILSVRC2012_val_00000499.JPEG,mid,7,feature_modules[7],14,14,random_uniform,0.15,1,True,0.5147919654846191,0.11041855812072754,False,0.5054256916046143
visformer_small,11,ILSVRC2012_val_00000526.JPEG,mid,7,feature_modules[7],14,14,random_uniform,0.15,1,True,0.8510880470275879,0.47872185707092285,False,0.5205241441726685
visformer_small,12,ILSVRC2012_val_00000537.JPEG,mid,7,feature_modules[7],14,14,random_uniform,0.15,1,True,0.2830018997192383,0.08037325739860535,False,0.4589008390903473
visformer_small,13,ILSVRC2012_val_00000548.JPEG,mid,7,feature_modules[7],14,14,random_uniform,0.15,1,True,-0.08399295806884766,-0.028535425662994385,False,0.8141443133354187
visformer_small,14,ILSVRC2012_val_00000575.JPEG,mid,7,feature_modules[7],14,14,random_uniform,0.15,1,True,-1.6471896171569824,-0.5354158282279968,False,0.4055936932563782
visformer_small,15,ILSVRC2012_val_00000602.JPEG,mid,7,feature_modules[7],14,14,random_uniform,0.15,1,True,-0.09365558624267578,-0.038355469703674316,False,0.4242341220378876
visformer_small,8,ILSVRC2012_val_00000299.JPEG,mid,7,feature_modules[7],14,14,random_uniform,0.15,2,True,-0.31663990020751953,-0.0013102591037750244,False,0.5911004543304443
visformer_small,9,ILSVRC2012_val_00000410.JPEG,mid,7,feature_modules[7],14,14,random_uniform,0.15,2,True,0.03355693817138672,0.01770952343940735,False,0.47854751348495483
visformer_small,10,ILSVRC2012_val_00000499.JPEG,mid,7,feature_modules[7],14,14,random_uniform,0.15,2,True,0.4273719787597656,0.0890938937664032,False,0.5441270470619202
visformer_small,11,ILSVRC2012_val_00000526.JPEG,mid,7,feature_modules[7],14,14,random_uniform,0.15,2,True,-0.6758222579956055,-0.224456787109375,False,0.450103759765625
visformer_small,12,ILSVRC2012_val_00000537.JPEG,mid,7,feature_modules[7],14,14,random_uniform,0.15,2,True,0.6545343399047852,0.21359366178512573,False,0.43622273206710815
visformer_small,13,ILSVRC2012_val_00000548.JPEG,mid,7,feature_modules[7],14,14,random_uniform,0.15,2,True,-0.46630001068115234,-0.09132181107997894,False,0.6731115579605103
visformer_small,14,ILSVRC2012_val_00000575.JPEG,mid,7,feature_modules[7],14,14,random_uniform,0.15,2,True,-1.609147548675537,-0.507347583770752,False,0.418038934469223
visformer_small,15,ILSVRC2012_val_00000602.JPEG,mid,7,feature_modules[7],14,14,random_uniform,0.15,2,True,-0.09484100341796875,0.003802955150604248,False,0.4589683711528778
visformer_small,8,ILSVRC2012_val_00000299.JPEG,mid,7,feature_modules[7],14,14,random_uniform,0.15,3,True,-0.40683650970458984,-0.02447792887687683,False,0.6095286011695862
visformer_small,9,ILSVRC2012_val_00000410.JPEG,mid,7,feature_modules[7],14,14,random_uniform,0.15,3,True,0.06093311309814453,0.018681108951568604,False,0.48617419600486755
visformer_small,10,ILSVRC2012_val_00000499.JPEG,mid,7,feature_modules[7],14,14,random_uniform,0.15,3,True,0.4590740203857422,0.09004709124565125,False,0.5310215353965759
visformer_small,11,ILSVRC2012_val_00000526.JPEG,mid,7,feature_modules[7],14,14,random_uniform,0.15,3,True,0.9763331413269043,0.6943402290344238,False,0.4814857244491577
visformer_small,12,ILSVRC2012_val_00000537.JPEG,mid,7,feature_modules[7],14,14,random_uniform,0.15,3,True,0.3577079772949219,0.10675045847892761,False,0.44873082637786865
visformer_small,13,ILSVRC2012_val_00000548.JPEG,mid,7,feature_modules[7],14,14,random_uniform,0.15,3,True,-0.1283254623413086,-0.020127832889556885,False,0.7150155305862427
visformer_small,14,ILSVRC2012_val_00000575.JPEG,mid,7,feature_modules[7],14,14,random_uniform,0.15,3,True,-0.04185009002685547,0.06935691833496094,False,0.413643479347229
visformer_small,15,ILSVRC2012_val_00000602.JPEG,mid,7,feature_modules[7],14,14,random_uniform,0.15,3,True,0.2854452133178711,0.17045271396636963,False,0.4429468810558319
visformer_small,8,ILSVRC2012_val_00000299.JPEG,mid,7,feature_modules[7],14,14,score_deviation_extreme,0.15,0,True,0.19456720352172852,0.0891089141368866,False,0.38296619057655334
visformer_small,9,ILSVRC2012_val_00000410.JPEG,mid,7,feature_modules[7],14,14,score_deviation_extreme,0.15,0,True,-0.29215192794799805,-0.07389000058174133,False,0.19442498683929443
visformer_small,10,ILSVRC2012_val_00000499.JPEG,mid,7,feature_modules[7],14,14,score_deviation_extreme,0.15,0,True,0.468325138092041,0.09597057104110718,False,0.21779365837574005
visformer_small,11,ILSVRC2012_val_00000526.JPEG,mid,7,feature_modules[7],14,14,score_deviation_extreme,0.15,0,True,-0.6982154846191406,-0.3329262137413025,False,0.286993145942688
visformer_small,12,ILSVRC2012_val_00000537.JPEG,mid,7,feature_modules[7],14,14,score_deviation_extreme,0.15,0,True,-0.036739349365234375,-0.006997168064117432,False,0.30273979902267456
visformer_small,13,ILSVRC2012_val_00000548.JPEG,mid,7,feature_modules[7],14,14,score_deviation_extreme,0.15,0,True,5.162116050720215,4.763643741607666,True,-0.09727121144533157
visformer_small,14,ILSVRC2012_val_00000575.JPEG,mid,7,feature_modules[7],14,14,score_deviation_extreme,0.15,0,True,-1.485607624053955,-0.47384941577911377,False,0.4266473054885864
visformer_small,15,ILSVRC2012_val_00000602.JPEG,mid,7,feature_modules[7],14,14,score_deviation_extreme,0.15,0,True,-0.24009323120117188,-0.11514180898666382,False,0.16392244398593903
visformer_small,8,ILSVRC2012_val_00000299.JPEG,mid,7,feature_modules[7],14,14,score_deviation_extreme,0.15,1,True,0.19456720352172852,0.0891089141368866,False,0.38296619057655334
visformer_small,9,ILSVRC2012_val_00000410.JPEG,mid,7,feature_modules[7],14,14,score_deviation_extreme,0.15,1,True,-0.29215192794799805,-0.07389000058174133,False,0.19442498683929443
visformer_small,10,ILSVRC2012_val_00000499.JPEG,mid,7,feature_modules[7],14,14,score_deviation_extreme,0.15,1,True,0.468325138092041,0.09597057104110718,False,0.21779365837574005
visformer_small,11,ILSVRC2012_val_00000526.JPEG,mid,7,feature_modules[7],14,14,score_deviation_extreme,0.15,1,True,-0.6982154846191406,-0.3329262137413025,False,0.286993145942688
visformer_small,12,ILSVRC2012_val_00000537.JPEG,mid,7,feature_modules[7],14,14,score_deviation_extreme,0.15,1,True,-0.036739349365234375,-0.006997168064117432,False,0.30273979902267456
visformer_small,13,ILSVRC2012_val_00000548.JPEG,mid,7,feature_modules[7],14,14,score_deviation_extreme,0.15,1,True,5.162116050720215,4.763643741607666,True,-0.09727121144533157
visformer_small,14,ILSVRC2012_val_00000575.JPEG,mid,7,feature_modules[7],14,14,score_deviation_extreme,0.15,1,True,-1.485607624053955,-0.47384941577911377,False,0.4266473054885864
visformer_small,15,ILSVRC2012_val_00000602.JPEG,mid,7,feature_modules[7],14,14,score_deviation_extreme,0.15,1,True,-0.24009323120117188,-0.11514180898666382,False,0.16392244398593903
visformer_small,8,ILSVRC2012_val_00000299.JPEG,mid,7,feature_modules[7],14,14,score_deviation_extreme,0.15,2,True,0.19456720352172852,0.0891089141368866,False,0.38296619057655334
visformer_small,9,ILSVRC2012_val_00000410.JPEG,mid,7,feature_modules[7],14,14,score_deviation_extreme,0.15,2,True,-0.29215192794799805,-0.07389000058174133,False,0.19442498683929443
visformer_small,10,ILSVRC2012_val_00000499.JPEG,mid,7,feature_modules[7],14,14,score_deviation_extreme,0.15,2,True,0.468325138092041,0.09597057104110718,False,0.21779365837574005
visformer_small,11,ILSVRC2012_val_00000526.JPEG,mid,7,feature_modules[7],14,14,score_deviation_extreme,0.15,2,True,-0.6982154846191406,-0.3329262137413025,False,0.286993145942688
visformer_small,12,ILSVRC2012_val_00000537.JPEG,mid,7,feature_modules[7],14,14,score_deviation_extreme,0.15,2,True,-0.036739349365234375,-0.006997168064117432,False,0.30273979902267456
visformer_small,13,ILSVRC2012_val_00000548.JPEG,mid,7,feature_modules[7],14,14,score_deviation_extreme,0.15,2,True,5.162116050720215,4.763643741607666,True,-0.09727121144533157
visformer_small,14,ILSVRC2012_val_00000575.JPEG,mid,7,feature_modules[7],14,14,score_deviation_extreme,0.15,2,True,-1.485607624053955,-0.47384941577911377,False,0.4266473054885864
visformer_small,15,ILSVRC2012_val_00000602.JPEG,mid,7,feature_modules[7],14,14,score_deviation_extreme,0.15,2,True,-0.24009323120117188,-0.11514180898666382,False,0.16392244398593903
visformer_small,8,ILSVRC2012_val_00000299.JPEG,mid,7,feature_modules[7],14,14,score_deviation_extreme,0.15,3,True,0.19456720352172852,0.0891089141368866,False,0.38296619057655334
visformer_small,9,ILSVRC2012_val_00000410.JPEG,mid,7,feature_modules[7],14,14,score_deviation_extreme,0.15,3,True,-0.29215192794799805,-0.07389000058174133,False,0.19442498683929443
visformer_small,10,ILSVRC2012_val_00000499.JPEG,mid,7,feature_modules[7],14,14,score_deviation_extreme,0.15,3,True,0.468325138092041,0.09597057104110718,False,0.21779365837574005
visformer_small,11,ILSVRC2012_val_00000526.JPEG,mid,7,feature_modules[7],14,14,score_deviation_extreme,0.15,3,True,-0.6982154846191406,-0.3329262137413025,False,0.286993145942688
visformer_small,12,ILSVRC2012_val_00000537.JPEG,mid,7,feature_modules[7],14,14,score_deviation_extreme,0.15,3,True,-0.036739349365234375,-0.006997168064117432,False,0.30273979902267456
visformer_small,13,ILSVRC2012_val_00000548.JPEG,mid,7,feature_modules[7],14,14,score_deviation_extreme,0.15,3,True,5.162116050720215,4.763643741607666,True,-0.09727121144533157
visformer_small,14,ILSVRC2012_val_00000575.JPEG,mid,7,feature_modules[7],14,14,score_deviation_extreme,0.15,3,True,-1.485607624053955,-0.47384941577911377,False,0.4266473054885864
visformer_small,15,ILSVRC2012_val_00000602.JPEG,mid,7,feature_modules[7],14,14,score_deviation_extreme,0.15,3,True,-0.24009323120117188,-0.11514180898666382,False,0.16392244398593903
visformer_small,8,ILSVRC2012_val_00000299.JPEG,final,14,stage3[3]+gap,7,7,high_score_extreme,0.15,0,True,-0.17697525024414062,-0.04433591663837433,False,0.7688420414924622
visformer_small,9,ILSVRC2012_val_00000410.JPEG,final,14,stage3[3]+gap,7,7,high_score_extreme,0.15,0,True,0.0265960693359375,0.01560714840888977,False,0.6605180501937866
visformer_small,10,ILSVRC2012_val_00000499.JPEG,final,14,stage3[3]+gap,7,7,high_score_extreme,0.15,0,True,0.26290321350097656,0.04344451427459717,False,0.7718082666397095
visformer_small,11,ILSVRC2012_val_00000526.JPEG,final,14,stage3[3]+gap,7,7,high_score_extreme,0.15,0,True,0.7657041549682617,0.40240395069122314,False,0.7278422117233276
visformer_small,12,ILSVRC2012_val_00000537.JPEG,final,14,stage3[3]+gap,7,7,high_score_extreme,0.15,0,True,-0.12548065185546875,-0.02493685483932495,False,0.6983765363693237
visformer_small,13,ILSVRC2012_val_00000548.JPEG,final,14,stage3[3]+gap,7,7,high_score_extreme,0.15,0,True,-0.1763591766357422,-0.054185569286346436,False,0.7294080257415771
visformer_small,14,ILSVRC2012_val_00000575.JPEG,final,14,stage3[3]+gap,7,7,high_score_extreme,0.15,0,True,-0.4219942092895508,-0.174047589302063,False,0.6825082302093506
visformer_small,15,ILSVRC2012_val_00000602.JPEG,final,14,stage3[3]+gap,7,7,high_score_extreme,0.15,0,True,0.1521153450012207,0.07877707481384277,False,0.6920381784439087
visformer_small,8,ILSVRC2012_val_00000299.JPEG,final,14,stage3[3]+gap,7,7,high_score_extreme,0.15,1,True,-0.17697525024414062,-0.04433591663837433,False,0.7688420414924622
visformer_small,9,ILSVRC2012_val_00000410.JPEG,final,14,stage3[3]+gap,7,7,high_score_extreme,0.15,1,True,0.0265960693359375,0.01560714840888977,False,0.6605180501937866
visformer_small,10,ILSVRC2012_val_00000499.JPEG,final,14,stage3[3]+gap,7,7,high_score_extreme,0.15,1,True,0.26290321350097656,0.04344451427459717,False,0.7718082666397095
visformer_small,11,ILSVRC2012_val_00000526.JPEG,final,14,stage3[3]+gap,7,7,high_score_extreme,0.15,1,True,0.7657041549682617,0.40240395069122314,False,0.7278422117233276
visformer_small,12,ILSVRC2012_val_00000537.JPEG,final,14,stage3[3]+gap,7,7,high_score_extreme,0.15,1,True,-0.12548065185546875,-0.02493685483932495,False,0.6983765363693237
visformer_small,13,ILSVRC2012_val_00000548.JPEG,final,14,stage3[3]+gap,7,7,high_score_extreme,0.15,1,True,-0.1763591766357422,-0.054185569286346436,False,0.7294080257415771
visformer_small,14,ILSVRC2012_val_00000575.JPEG,final,14,stage3[3]+gap,7,7,high_score_extreme,0.15,1,True,-0.4219942092895508,-0.174047589302063,False,0.6825082302093506
visformer_small,15,ILSVRC2012_val_00000602.JPEG,final,14,stage3[3]+gap,7,7,high_score_extreme,0.15,1,True,0.1521153450012207,0.07877707481384277,False,0.6920381784439087
visformer_small,8,ILSVRC2012_val_00000299.JPEG,final,14,stage3[3]+gap,7,7,high_score_extreme,0.15,2,True,-0.17697525024414062,-0.04433591663837433,False,0.7688420414924622
visformer_small,9,ILSVRC2012_val_00000410.JPEG,final,14,stage3[3]+gap,7,7,high_score_extreme,0.15,2,True,0.0265960693359375,0.01560714840888977,False,0.6605180501937866
visformer_small,10,ILSVRC2012_val_00000499.JPEG,final,14,stage3[3]+gap,7,7,high_score_extreme,0.15,2,True,0.26290321350097656,0.04344451427459717,False,0.7718082666397095
visformer_small,11,ILSVRC2012_val_00000526.JPEG,final,14,stage3[3]+gap,7,7,high_score_extreme,0.15,2,True,0.7657041549682617,0.40240395069122314,False,0.7278422117233276
visformer_small,12,ILSVRC2012_val_00000537.JPEG,final,14,stage3[3]+gap,7,7,high_score_extreme,0.15,2,True,-0.12548065185546875,-0.02493685483932495,False,0.6983765363693237
visformer_small,13,ILSVRC2012_val_00000548.JPEG,final,14,stage3[3]+gap,7,7,high_score_extreme,0.15,2,True,-0.1763591766357422,-0.054185569286346436,False,0.7294080257415771
visformer_small,14,ILSVRC2012_val_00000575.JPEG,final,14,stage3[3]+gap,7,7,high_score_extreme,0.15,2,True,-0.4219942092895508,-0.174047589302063,False,0.6825082302093506
visformer_small,15,ILSVRC2012_val_00000602.JPEG,final,14,stage3[3]+gap,7,7,high_score_extreme,0.15,2,True,0.1521153450012207,0.07877707481384277,False,0.6920381784439087
visformer_small,8,ILSVRC2012_val_00000299.JPEG,final,14,stage3[3]+gap,7,7,high_score_extreme,0.15,3,True,-0.17697525024414062,-0.04433591663837433,False,0.7688420414924622
visformer_small,9,ILSVRC2012_val_00000410.JPEG,final,14,stage3[3]+gap,7,7,high_score_extreme,0.15,3,True,0.0265960693359375,0.01560714840888977,False,0.6605180501937866
visformer_small,10,ILSVRC2012_val_00000499.JPEG,final,14,stage3[3]+gap,7,7,high_score_extreme,0.15,3,True,0.26290321350097656,0.04344451427459717,False,0.7718082666397095
visformer_small,11,ILSVRC2012_val_00000526.JPEG,final,14,stage3[3]+gap,7,7,high_score_extreme,0.15,3,True,0.7657041549682617,0.40240395069122314,False,0.7278422117233276
visformer_small,12,ILSVRC2012_val_00000537.JPEG,final,14,stage3[3]+gap,7,7,high_score_extreme,0.15,3,True,-0.12548065185546875,-0.02493685483932495,False,0.6983765363693237
visformer_small,13,ILSVRC2012_val_00000548.JPEG,final,14,stage3[3]+gap,7,7,high_score_extreme,0.15,3,True,-0.1763591766357422,-0.054185569286346436,False,0.7294080257415771
visformer_small,14,ILSVRC2012_val_00000575.JPEG,final,14,stage3[3]+gap,7,7,high_score_extreme,0.15,3,True,-0.4219942092895508,-0.174047589302063,False,0.6825082302093506
visformer_small,15,ILSVRC2012_val_00000602.JPEG,final,14,stage3[3]+gap,7,7,high_score_extreme,0.15,3,True,0.1521153450012207,0.07877707481384277,False,0.6920381784439087
visformer_small,8,ILSVRC2012_val_00000299.JPEG,final,14,stage3[3]+gap,7,7,low_score_extreme,0.15,0,True,-0.011112213134765625,-0.004399657249450684,False,0.33763033151626587
visformer_small,9,ILSVRC2012_val_00000410.JPEG,final,14,stage3[3]+gap,7,7,low_score_extreme,0.15,0,True,0.04744529724121094,0.023226112127304077,False,0.2557523846626282
visformer_small,10,ILSVRC2012_val_00000499.JPEG,final,14,stage3[3]+gap,7,7,low_score_extreme,0.15,0,True,0.2478008270263672,0.04274958372116089,False,0.3617192804813385
visformer_small,11,ILSVRC2012_val_00000526.JPEG,final,14,stage3[3]+gap,7,7,low_score_extreme,0.15,0,True,-0.03077554702758789,0.02433454990386963,False,0.26296257972717285
visformer_small,12,ILSVRC2012_val_00000537.JPEG,final,14,stage3[3]+gap,7,7,low_score_extreme,0.15,0,True,0.33623790740966797,0.10129350423812866,False,0.26515230536460876
visformer_small,13,ILSVRC2012_val_00000548.JPEG,final,14,stage3[3]+gap,7,7,low_score_extreme,0.15,0,True,0.1333022117614746,0.021399587392807007,False,0.4367291331291199
visformer_small,14,ILSVRC2012_val_00000575.JPEG,final,14,stage3[3]+gap,7,7,low_score_extreme,0.15,0,True,0.09424686431884766,0.0505521297454834,False,0.2715305984020233
visformer_small,15,ILSVRC2012_val_00000602.JPEG,final,14,stage3[3]+gap,7,7,low_score_extreme,0.15,0,True,0.16449642181396484,0.09691345691680908,False,0.2967282831668854
visformer_small,8,ILSVRC2012_val_00000299.JPEG,final,14,stage3[3]+gap,7,7,low_score_extreme,0.15,1,True,-0.011112213134765625,-0.004399657249450684,False,0.33763033151626587
visformer_small,9,ILSVRC2012_val_00000410.JPEG,final,14,stage3[3]+gap,7,7,low_score_extreme,0.15,1,True,0.04744529724121094,0.023226112127304077,False,0.2557523846626282
visformer_small,10,ILSVRC2012_val_00000499.JPEG,final,14,stage3[3]+gap,7,7,low_score_extreme,0.15,1,True,0.2478008270263672,0.04274958372116089,False,0.3617192804813385
visformer_small,11,ILSVRC2012_val_00000526.JPEG,final,14,stage3[3]+gap,7,7,low_score_extreme,0.15,1,True,-0.03077554702758789,0.02433454990386963,False,0.26296257972717285
visformer_small,12,ILSVRC2012_val_00000537.JPEG,final,14,stage3[3]+gap,7,7,low_score_extreme,0.15,1,True,0.33623790740966797,0.10129350423812866,False,0.26515230536460876
visformer_small,13,ILSVRC2012_val_00000548.JPEG,final,14,stage3[3]+gap,7,7,low_score_extreme,0.15,1,True,0.1333022117614746,0.021399587392807007,False,0.4367291331291199
visformer_small,14,ILSVRC2012_val_00000575.JPEG,final,14,stage3[3]+gap,7,7,low_score_extreme,0.15,1,True,0.09424686431884766,0.0505521297454834,False,0.2715305984020233
visformer_small,15,ILSVRC2012_val_00000602.JPEG,final,14,stage3[3]+gap,7,7,low_score_extreme,0.15,1,True,0.16449642181396484,0.09691345691680908,False,0.2967282831668854
visformer_small,8,ILSVRC2012_val_00000299.JPEG,final,14,stage3[3]+gap,7,7,low_score_extreme,0.15,2,True,-0.011112213134765625,-0.004399657249450684,False,0.33763033151626587
visformer_small,9,ILSVRC2012_val_00000410.JPEG,final,14,stage3[3]+gap,7,7,low_score_extreme,0.15,2,True,0.04744529724121094,0.023226112127304077,False,0.2557523846626282
visformer_small,10,ILSVRC2012_val_00000499.JPEG,final,14,stage3[3]+gap,7,7,low_score_extreme,0.15,2,True,0.2478008270263672,0.04274958372116089,False,0.3617192804813385
visformer_small,11,ILSVRC2012_val_00000526.JPEG,final,14,stage3[3]+gap,7,7,low_score_extreme,0.15,2,True,-0.03077554702758789,0.02433454990386963,False,0.26296257972717285
visformer_small,12,ILSVRC2012_val_00000537.JPEG,final,14,stage3[3]+gap,7,7,low_score_extreme,0.15,2,True,0.33623790740966797,0.10129350423812866,False,0.26515230536460876
visformer_small,13,ILSVRC2012_val_00000548.JPEG,final,14,stage3[3]+gap,7,7,low_score_extreme,0.15,2,True,0.1333022117614746,0.021399587392807007,False,0.4367291331291199
visformer_small,14,ILSVRC2012_val_00000575.JPEG,final,14,stage3[3]+gap,7,7,low_score_extreme,0.15,2,True,0.09424686431884766,0.0505521297454834,False,0.2715305984020233
visformer_small,15,ILSVRC2012_val_00000602.JPEG,final,14,stage3[3]+gap,7,7,low_score_extreme,0.15,2,True,0.16449642181396484,0.09691345691680908,False,0.2967282831668854
visformer_small,8,ILSVRC2012_val_00000299.JPEG,final,14,stage3[3]+gap,7,7,low_score_extreme,0.15,3,True,-0.011112213134765625,-0.004399657249450684,False,0.33763033151626587
visformer_small,9,ILSVRC2012_val_00000410.JPEG,final,14,stage3[3]+gap,7,7,low_score_extreme,0.15,3,True,0.04744529724121094,0.023226112127304077,False,0.2557523846626282
visformer_small,10,ILSVRC2012_val_00000499.JPEG,final,14,stage3[3]+gap,7,7,low_score_extreme,0.15,3,True,0.2478008270263672,0.04274958372116089,False,0.3617192804813385
visformer_small,11,ILSVRC2012_val_00000526.JPEG,final,14,stage3[3]+gap,7,7,low_score_extreme,0.15,3,True,-0.03077554702758789,0.02433454990386963,False,0.26296257972717285
visformer_small,12,ILSVRC2012_val_00000537.JPEG,final,14,stage3[3]+gap,7,7,low_score_extreme,0.15,3,True,0.33623790740966797,0.10129350423812866,False,0.26515230536460876
visformer_small,13,ILSVRC2012_val_00000548.JPEG,final,14,stage3[3]+gap,7,7,low_score_extreme,0.15,3,True,0.1333022117614746,0.021399587392807007,False,0.4367291331291199
visformer_small,14,ILSVRC2012_val_00000575.JPEG,final,14,stage3[3]+gap,7,7,low_score_extreme,0.15,3,True,0.09424686431884766,0.0505521297454834,False,0.2715305984020233
visformer_small,15,ILSVRC2012_val_00000602.JPEG,final,14,stage3[3]+gap,7,7,low_score_extreme,0.15,3,True,0.16449642181396484,0.09691345691680908,False,0.2967282831668854
visformer_small,8,ILSVRC2012_val_00000299.JPEG,final,14,stage3[3]+gap,7,7,random_uniform,0.15,0,True,-0.2316722869873047,-0.05059966444969177,False,0.6108310222625732
visformer_small,9,ILSVRC2012_val_00000410.JPEG,final,14,stage3[3]+gap,7,7,random_uniform,0.15,0,True,0.0070858001708984375,0.006372600793838501,False,0.4808286130428314
visformer_small,10,ILSVRC2012_val_00000499.JPEG,final,14,stage3[3]+gap,7,7,random_uniform,0.15,0,True,0.2880258560180664,0.053503841161727905,False,0.5990490317344666
visformer_small,11,ILSVRC2012_val_00000526.JPEG,final,14,stage3[3]+gap,7,7,random_uniform,0.15,0,True,0.395505428314209,0.04079312086105347,False,0.5006891489028931
visformer_small,12,ILSVRC2012_val_00000537.JPEG,final,14,stage3[3]+gap,7,7,random_uniform,0.15,0,True,-1.3608970642089844,-0.1963561773300171,False,0.5367461442947388
visformer_small,13,ILSVRC2012_val_00000548.JPEG,final,14,stage3[3]+gap,7,7,random_uniform,0.15,0,True,-0.022878646850585938,-0.018637657165527344,False,0.6796618700027466
visformer_small,14,ILSVRC2012_val_00000575.JPEG,final,14,stage3[3]+gap,7,7,random_uniform,0.15,0,True,-0.7125339508056641,-0.2994854748249054,False,0.5421221852302551
visformer_small,15,ILSVRC2012_val_00000602.JPEG,final,14,stage3[3]+gap,7,7,random_uniform,0.15,0,True,0.14483928680419922,0.06318837404251099,False,0.5377058982849121
visformer_small,8,ILSVRC2012_val_00000299.JPEG,final,14,stage3[3]+gap,7,7,random_uniform,0.15,1,True,-0.019782066345214844,-0.011419862508773804,False,0.6041457653045654
visformer_small,9,ILSVRC2012_val_00000410.JPEG,final,14,stage3[3]+gap,7,7,random_uniform,0.15,1,True,-0.1802048683166504,-0.048126280307769775,False,0.5305204391479492
visformer_small,10,ILSVRC2012_val_00000499.JPEG,final,14,stage3[3]+gap,7,7,random_uniform,0.15,1,True,0.2881488800048828,0.051785826683044434,False,0.5988297462463379
visformer_small,11,ILSVRC2012_val_00000526.JPEG,final,14,stage3[3]+gap,7,7,random_uniform,0.15,1,True,-0.016613483428955078,-0.01577991247177124,False,0.5813238620758057
visformer_small,12,ILSVRC2012_val_00000537.JPEG,final,14,stage3[3]+gap,7,7,random_uniform,0.15,1,True,0.24585819244384766,0.06855624914169312,False,0.5272588729858398
visformer_small,13,ILSVRC2012_val_00000548.JPEG,final,14,stage3[3]+gap,7,7,random_uniform,0.15,1,True,0.0015783309936523438,-0.010534226894378662,False,0.615039587020874
visformer_small,14,ILSVRC2012_val_00000575.JPEG,final,14,stage3[3]+gap,7,7,random_uniform,0.15,1,True,-0.07764577865600586,-0.012691736221313477,False,0.47758111357688904
visformer_small,15,ILSVRC2012_val_00000602.JPEG,final,14,stage3[3]+gap,7,7,random_uniform,0.15,1,True,-0.007189273834228516,-0.0032973289489746094,False,0.5737932920455933
visformer_small,8,ILSVRC2012_val_00000299.JPEG,final,14,stage3[3]+gap,7,7,random_uniform,0.15,2,True,-0.06405258178710938,-0.02079850435256958,False,0.6115174293518066
visformer_small,9,ILSVRC2012_val_00000410.JPEG,final,14,stage3[3]+gap,7,7,random_uniform,0.15,2,True,0.010972976684570312,0.01091068983078003,False,0.5034464597702026
visformer_small,10,ILSVRC2012_val_00000499.JPEG,final,14,stage3[3]+gap,7,7,random_uniform,0.15,2,True,0.25061607360839844,0.04353716969490051,False,0.5550387501716614
visformer_small,11,ILSVRC2012_val_00000526.JPEG,final,14,stage3[3]+gap,7,7,random_uniform,0.15,2,True,0.06588888168334961,-0.07375228404998779,False,0.5117942094802856
visformer_small,12,ILSVRC2012_val_00000537.JPEG,final,14,stage3[3]+gap,7,7,random_uniform,0.15,2,True,-0.03664588928222656,-0.004398137331008911,False,0.4770180583000183
visformer_small,13,ILSVRC2012_val_00000548.JPEG,final,14,stage3[3]+gap,7,7,random_uniform,0.15,2,True,-0.09646320343017578,-0.03659617900848389,False,0.6520245671272278
visformer_small,14,ILSVRC2012_val_00000575.JPEG,final,14,stage3[3]+gap,7,7,random_uniform,0.15,2,True,-0.298367977142334,-0.14825379848480225,False,0.47367772459983826
visformer_small,15,ILSVRC2012_val_00000602.JPEG,final,14,stage3[3]+gap,7,7,random_uniform,0.15,2,True,0.05709075927734375,0.028529047966003418,False,0.5322234034538269
visformer_small,8,ILSVRC2012_val_00000299.JPEG,final,14,stage3[3]+gap,7,7,random_uniform,0.15,3,True,-0.06592845916748047,-0.021793752908706665,False,0.6763579845428467
visformer_small,9,ILSVRC2012_val_00000410.JPEG,final,14,stage3[3]+gap,7,7,random_uniform,0.15,3,True,0.011074066162109375,0.0067307353019714355,False,0.4054237902164459
visformer_small,10,ILSVRC2012_val_00000499.JPEG,final,14,stage3[3]+gap,7,7,random_uniform,0.15,3,True,0.20591449737548828,0.03211851418018341,False,0.6764699816703796
visformer_small,11,ILSVRC2012_val_00000526.JPEG,final,14,stage3[3]+gap,7,7,random_uniform,0.15,3,True,0.5072917938232422,0.1966341733932495,False,0.5445529818534851
visformer_small,12,ILSVRC2012_val_00000537.JPEG,final,14,stage3[3]+gap,7,7,random_uniform,0.15,3,True,0.049019813537597656,0.02501663565635681,False,0.4926258325576782
visformer_small,13,ILSVRC2012_val_00000548.JPEG,final,14,stage3[3]+gap,7,7,random_uniform,0.15,3,True,0.05300760269165039,0.0010174214839935303,False,0.5562312602996826
visformer_small,14,ILSVRC2012_val_00000575.JPEG,final,14,stage3[3]+gap,7,7,random_uniform,0.15,3,True,-0.27024030685424805,-0.08337676525115967,False,0.5444502830505371
visformer_small,15,ILSVRC2012_val_00000602.JPEG,final,14,stage3[3]+gap,7,7,random_uniform,0.15,3,True,0.10208892822265625,0.05458778142929077,False,0.5660848021507263
visformer_small,8,ILSVRC2012_val_00000299.JPEG,final,14,stage3[3]+gap,7,7,score_deviation_extreme,0.15,0,True,-0.011112213134765625,-0.004399657249450684,False,0.33763033151626587
visformer_small,9,ILSVRC2012_val_00000410.JPEG,final,14,stage3[3]+gap,7,7,score_deviation_extreme,0.15,0,True,0.05794572830200195,0.023439794778823853,False,0.29421377182006836
visformer_small,10,ILSVRC2012_val_00000499.JPEG,final,14,stage3[3]+gap,7,7,score_deviation_extreme,0.15,0,True,0.3050403594970703,0.05654743313789368,False,0.40859195590019226
visformer_small,11,ILSVRC2012_val_00000526.JPEG,final,14,stage3[3]+gap,7,7,score_deviation_extreme,0.15,0,True,0.17433738708496094,0.08874964714050293,False,0.38170549273490906
visformer_small,12,ILSVRC2012_val_00000537.JPEG,final,14,stage3[3]+gap,7,7,score_deviation_extreme,0.15,0,True,0.12552261352539062,0.03818482160568237,False,0.32135480642318726
visformer_small,13,ILSVRC2012_val_00000548.JPEG,final,14,stage3[3]+gap,7,7,score_deviation_extreme,0.15,0,True,0.1333022117614746,0.021399587392807007,False,0.4367291331291199
visformer_small,14,ILSVRC2012_val_00000575.JPEG,final,14,stage3[3]+gap,7,7,score_deviation_extreme,0.15,0,True,-0.4915304183959961,-0.20657002925872803,False,0.4447508454322815
visformer_small,15,ILSVRC2012_val_00000602.JPEG,final,14,stage3[3]+gap,7,7,score_deviation_extreme,0.15,0,True,0.16449642181396484,0.09691345691680908,False,0.2967282831668854
visformer_small,8,ILSVRC2012_val_00000299.JPEG,final,14,stage3[3]+gap,7,7,score_deviation_extreme,0.15,1,True,-0.011112213134765625,-0.004399657249450684,False,0.33763033151626587
visformer_small,9,ILSVRC2012_val_00000410.JPEG,final,14,stage3[3]+gap,7,7,score_deviation_extreme,0.15,1,True,0.05794572830200195,0.023439794778823853,False,0.29421377182006836
visformer_small,10,ILSVRC2012_val_00000499.JPEG,final,14,stage3[3]+gap,7,7,score_deviation_extreme,0.15,1,True,0.3050403594970703,0.05654743313789368,False,0.40859195590019226
visformer_small,11,ILSVRC2012_val_00000526.JPEG,final,14,stage3[3]+gap,7,7,score_deviation_extreme,0.15,1,True,0.17433738708496094,0.08874964714050293,False,0.38170549273490906
visformer_small,12,ILSVRC2012_val_00000537.JPEG,final,14,stage3[3]+gap,7,7,score_deviation_extreme,0.15,1,True,0.12552261352539062,0.03818482160568237,False,0.32135480642318726
visformer_small,13,ILSVRC2012_val_00000548.JPEG,final,14,stage3[3]+gap,7,7,score_deviation_extreme,0.15,1,True,0.1333022117614746,0.021399587392807007,False,0.4367291331291199
visformer_small,14,ILSVRC2012_val_00000575.JPEG,final,14,stage3[3]+gap,7,7,score_deviation_extreme,0.15,1,True,-0.4915304183959961,-0.20657002925872803,False,0.4447508454322815
visformer_small,15,ILSVRC2012_val_00000602.JPEG,final,14,stage3[3]+gap,7,7,score_deviation_extreme,0.15,1,True,0.16449642181396484,0.09691345691680908,False,0.2967282831668854
visformer_small,8,ILSVRC2012_val_00000299.JPEG,final,14,stage3[3]+gap,7,7,score_deviation_extreme,0.15,2,True,-0.011112213134765625,-0.004399657249450684,False,0.33763033151626587
visformer_small,9,ILSVRC2012_val_00000410.JPEG,final,14,stage3[3]+gap,7,7,score_deviation_extreme,0.15,2,True,0.05794572830200195,0.023439794778823853,False,0.29421377182006836
visformer_small,10,ILSVRC2012_val_00000499.JPEG,final,14,stage3[3]+gap,7,7,score_deviation_extreme,0.15,2,True,0.3050403594970703,0.05654743313789368,False,0.40859195590019226
visformer_small,11,ILSVRC2012_val_00000526.JPEG,final,14,stage3[3]+gap,7,7,score_deviation_extreme,0.15,2,True,0.17433738708496094,0.08874964714050293,False,0.38170549273490906
visformer_small,12,ILSVRC2012_val_00000537.JPEG,final,14,stage3[3]+gap,7,7,score_deviation_extreme,0.15,2,True,0.12552261352539062,0.03818482160568237,False,0.32135480642318726
visformer_small,13,ILSVRC2012_val_00000548.JPEG,final,14,stage3[3]+gap,7,7,score_deviation_extreme,0.15,2,True,0.1333022117614746,0.021399587392807007,False,0.4367291331291199
visformer_small,14,ILSVRC2012_val_00000575.JPEG,final,14,stage3[3]+gap,7,7,score_deviation_extreme,0.15,2,True,-0.4915304183959961,-0.20657002925872803,False,0.4447508454322815
visformer_small,15,ILSVRC2012_val_00000602.JPEG,final,14,stage3[3]+gap,7,7,score_deviation_extreme,0.15,2,True,0.16449642181396484,0.09691345691680908,False,0.2967282831668854
visformer_small,8,ILSVRC2012_val_00000299.JPEG,final,14,stage3[3]+gap,7,7,score_deviation_extreme,0.15,3,True,-0.011112213134765625,-0.004399657249450684,False,0.33763033151626587
visformer_small,9,ILSVRC2012_val_00000410.JPEG,final,14,stage3[3]+gap,7,7,score_deviation_extreme,0.15,3,True,0.05794572830200195,0.023439794778823853,False,0.29421377182006836
visformer_small,10,ILSVRC2012_val_00000499.JPEG,final,14,stage3[3]+gap,7,7,score_deviation_extreme,0.15,3,True,0.3050403594970703,0.05654743313789368,False,0.40859195590019226
visformer_small,11,ILSVRC2012_val_00000526.JPEG,final,14,stage3[3]+gap,7,7,score_deviation_extreme,0.15,3,True,0.17433738708496094,0.08874964714050293,False,0.38170549273490906
visformer_small,12,ILSVRC2012_val_00000537.JPEG,final,14,stage3[3]+gap,7,7,score_deviation_extreme,0.15,3,True,0.12552261352539062,0.03818482160568237,False,0.32135480642318726
visformer_small,13,ILSVRC2012_val_00000548.JPEG,final,14,stage3[3]+gap,7,7,score_deviation_extreme,0.15,3,True,0.1333022117614746,0.021399587392807007,False,0.4367291331291199
visformer_small,14,ILSVRC2012_val_00000575.JPEG,final,14,stage3[3]+gap,7,7,score_deviation_extreme,0.15,3,True,-0.4915304183959961,-0.20657002925872803,False,0.4447508454322815
visformer_small,15,ILSVRC2012_val_00000602.JPEG,final,14,stage3[3]+gap,7,7,score_deviation_extreme,0.15,3,True,0.16449642181396484,0.09691345691680908,False,0.2967282831668854
visformer_small,16,ILSVRC2012_val_00000695.JPEG,early,0,feature_modules[0],28,28,high_score_extreme,0.15,0,True,0.678586483001709,0.28834065794944763,False,0.7660182118415833
visformer_small,17,ILSVRC2012_val_00000724.JPEG,early,0,feature_modules[0],28,28,high_score_extreme,0.15,0,True,1.53322172164917,0.7975805997848511,False,0.7982594966888428
visformer_small,18,ILSVRC2012_val_00000781.JPEG,early,0,feature_modules[0],28,28,high_score_extreme,0.15,0,True,-0.2758960723876953,-0.04562245309352875,False,0.7802186012268066
visformer_small,19,ILSVRC2012_val_00000809.JPEG,early,0,feature_modules[0],28,28,high_score_extreme,0.15,0,True,0.3966484069824219,0.3747602105140686,False,0.8455324769020081
visformer_small,20,ILSVRC2012_val_00000871.JPEG,early,0,feature_modules[0],28,28,high_score_extreme,0.15,0,True,-0.04894065856933594,0.021781593561172485,False,0.8894017338752747
visformer_small,21,ILSVRC2012_val_00000890.JPEG,early,0,feature_modules[0],28,28,high_score_extreme,0.15,0,True,0.8157835006713867,0.3985852301120758,False,0.8744676113128662
visformer_small,22,ILSVRC2012_val_00000989.JPEG,early,0,feature_modules[0],28,28,high_score_extreme,0.15,0,True,0.22663497924804688,0.14968669414520264,False,0.7553978562355042
visformer_small,23,ILSVRC2012_val_00001094.JPEG,early,0,feature_modules[0],28,28,high_score_extreme,0.15,0,True,0.5774893760681152,0.34091630578041077,False,0.825569748878479
visformer_small,16,ILSVRC2012_val_00000695.JPEG,early,0,feature_modules[0],28,28,high_score_extreme,0.15,1,True,0.678586483001709,0.28834065794944763,False,0.7660182118415833
visformer_small,17,ILSVRC2012_val_00000724.JPEG,early,0,feature_modules[0],28,28,high_score_extreme,0.15,1,True,1.53322172164917,0.7975805997848511,False,0.7982594966888428
visformer_small,18,ILSVRC2012_val_00000781.JPEG,early,0,feature_modules[0],28,28,high_score_extreme,0.15,1,True,-0.2758960723876953,-0.04562245309352875,False,0.7802186012268066
visformer_small,19,ILSVRC2012_val_00000809.JPEG,early,0,feature_modules[0],28,28,high_score_extreme,0.15,1,True,0.3966484069824219,0.3747602105140686,False,0.8455324769020081
visformer_small,20,ILSVRC2012_val_00000871.JPEG,early,0,feature_modules[0],28,28,high_score_extreme,0.15,1,True,-0.04894065856933594,0.021781593561172485,False,0.8894017338752747
visformer_small,21,ILSVRC2012_val_00000890.JPEG,early,0,feature_modules[0],28,28,high_score_extreme,0.15,1,True,0.8157835006713867,0.3985852301120758,False,0.8744676113128662
visformer_small,22,ILSVRC2012_val_00000989.JPEG,early,0,feature_modules[0],28,28,high_score_extreme,0.15,1,True,0.22663497924804688,0.14968669414520264,False,0.7553978562355042
visformer_small,23,ILSVRC2012_val_00001094.JPEG,early,0,feature_modules[0],28,28,high_score_extreme,0.15,1,True,0.5774893760681152,0.34091630578041077,False,0.825569748878479
visformer_small,16,ILSVRC2012_val_00000695.JPEG,early,0,feature_modules[0],28,28,high_score_extreme,0.15,2,True,0.678586483001709,0.28834065794944763,False,0.7660182118415833
visformer_small,17,ILSVRC2012_val_00000724.JPEG,early,0,feature_modules[0],28,28,high_score_extreme,0.15,2,True,1.53322172164917,0.7975805997848511,False,0.7982594966888428
visformer_small,18,ILSVRC2012_val_00000781.JPEG,early,0,feature_modules[0],28,28,high_score_extreme,0.15,2,True,-0.2758960723876953,-0.04562245309352875,False,0.7802186012268066
visformer_small,19,ILSVRC2012_val_00000809.JPEG,early,0,feature_modules[0],28,28,high_score_extreme,0.15,2,True,0.3966484069824219,0.3747602105140686,False,0.8455324769020081
visformer_small,20,ILSVRC2012_val_00000871.JPEG,early,0,feature_modules[0],28,28,high_score_extreme,0.15,2,True,-0.04894065856933594,0.021781593561172485,False,0.8894017338752747
visformer_small,21,ILSVRC2012_val_00000890.JPEG,early,0,feature_modules[0],28,28,high_score_extreme,0.15,2,True,0.8157835006713867,0.3985852301120758,False,0.8744676113128662
visformer_small,22,ILSVRC2012_val_00000989.JPEG,early,0,feature_modules[0],28,28,high_score_extreme,0.15,2,True,0.22663497924804688,0.14968669414520264,False,0.7553978562355042
visformer_small,23,ILSVRC2012_val_00001094.JPEG,early,0,feature_modules[0],28,28,high_score_extreme,0.15,2,True,0.5774893760681152,0.34091630578041077,False,0.825569748878479
visformer_small,16,ILSVRC2012_val_00000695.JPEG,early,0,feature_modules[0],28,28,high_score_extreme,0.15,3,True,0.678586483001709,0.28834065794944763,False,0.7660182118415833
visformer_small,17,ILSVRC2012_val_00000724.JPEG,early,0,feature_modules[0],28,28,high_score_extreme,0.15,3,True,1.53322172164917,0.7975805997848511,False,0.7982594966888428
visformer_small,18,ILSVRC2012_val_00000781.JPEG,early,0,feature_modules[0],28,28,high_score_extreme,0.15,3,True,-0.2758960723876953,-0.04562245309352875,False,0.7802186012268066
visformer_small,19,ILSVRC2012_val_00000809.JPEG,early,0,feature_modules[0],28,28,high_score_extreme,0.15,3,True,0.3966484069824219,0.3747602105140686,False,0.8455324769020081
visformer_small,20,ILSVRC2012_val_00000871.JPEG,early,0,feature_modules[0],28,28,high_score_extreme,0.15,3,True,-0.04894065856933594,0.021781593561172485,False,0.8894017338752747
visformer_small,21,ILSVRC2012_val_00000890.JPEG,early,0,feature_modules[0],28,28,high_score_extreme,0.15,3,True,0.8157835006713867,0.3985852301120758,False,0.8744676113128662
visformer_small,22,ILSVRC2012_val_00000989.JPEG,early,0,feature_modules[0],28,28,high_score_extreme,0.15,3,True,0.22663497924804688,0.14968669414520264,False,0.7553978562355042
visformer_small,23,ILSVRC2012_val_00001094.JPEG,early,0,feature_modules[0],28,28,high_score_extreme,0.15,3,True,0.5774893760681152,0.34091630578041077,False,0.825569748878479
visformer_small,16,ILSVRC2012_val_00000695.JPEG,early,0,feature_modules[0],28,28,low_score_extreme,0.15,0,True,0.4063725471496582,0.16337808966636658,False,0.4202512204647064
visformer_small,17,ILSVRC2012_val_00000724.JPEG,early,0,feature_modules[0],28,28,low_score_extreme,0.15,0,True,-0.03950023651123047,-0.005232453346252441,False,0.33605891466140747
visformer_small,18,ILSVRC2012_val_00000781.JPEG,early,0,feature_modules[0],28,28,low_score_extreme,0.15,0,True,-0.012228965759277344,-0.0075255632400512695,False,0.08836906403303146
visformer_small,19,ILSVRC2012_val_00000809.JPEG,early,0,feature_modules[0],28,28,low_score_extreme,0.15,0,True,-0.23134565353393555,-0.08280733227729797,False,0.17450198531150818
visformer_small,20,ILSVRC2012_val_00000871.JPEG,early,0,feature_modules[0],28,28,low_score_extreme,0.15,0,True,0.061179161071777344,0.21766044199466705,False,0.29983973503112793
visformer_small,21,ILSVRC2012_val_00000890.JPEG,early,0,feature_modules[0],28,28,low_score_extreme,0.15,0,True,0.1248311996459961,0.022709906101226807,False,0.5030196905136108
visformer_small,22,ILSVRC2012_val_00000989.JPEG,early,0,feature_modules[0],28,28,low_score_extreme,0.15,0,True,-0.5249953269958496,-0.10962976515293121,False,0.29345083236694336
visformer_small,23,ILSVRC2012_val_00001094.JPEG,early,0,feature_modules[0],28,28,low_score_extreme,0.15,0,True,-0.1595458984375,-0.011560499668121338,False,0.5168083310127258
visformer_small,16,ILSVRC2012_val_00000695.JPEG,early,0,feature_modules[0],28,28,low_score_extreme,0.15,1,True,0.4063725471496582,0.16337808966636658,False,0.4202512204647064
visformer_small,17,ILSVRC2012_val_00000724.JPEG,early,0,feature_modules[0],28,28,low_score_extreme,0.15,1,True,-0.03950023651123047,-0.005232453346252441,False,0.33605891466140747
visformer_small,18,ILSVRC2012_val_00000781.JPEG,early,0,feature_modules[0],28,28,low_score_extreme,0.15,1,True,-0.012228965759277344,-0.0075255632400512695,False,0.08836906403303146
visformer_small,19,ILSVRC2012_val_00000809.JPEG,early,0,feature_modules[0],28,28,low_score_extreme,0.15,1,True,-0.23134565353393555,-0.08280733227729797,False,0.17450198531150818
visformer_small,20,ILSVRC2012_val_00000871.JPEG,early,0,feature_modules[0],28,28,low_score_extreme,0.15,1,True,0.061179161071777344,0.21766044199466705,False,0.29983973503112793
visformer_small,21,ILSVRC2012_val_00000890.JPEG,early,0,feature_modules[0],28,28,low_score_extreme,0.15,1,True,0.1248311996459961,0.022709906101226807,False,0.5030196905136108
visformer_small,22,ILSVRC2012_val_00000989.JPEG,early,0,feature_modules[0],28,28,low_score_extreme,0.15,1,True,-0.5249953269958496,-0.10962976515293121,False,0.29345083236694336
visformer_small,23,ILSVRC2012_val_00001094.JPEG,early,0,feature_modules[0],28,28,low_score_extreme,0.15,1,True,-0.1595458984375,-0.011560499668121338,False,0.5168083310127258
visformer_small,16,ILSVRC2012_val_00000695.JPEG,early,0,feature_modules[0],28,28,low_score_extreme,0.15,2,True,0.4063725471496582,0.16337808966636658,False,0.4202512204647064
visformer_small,17,ILSVRC2012_val_00000724.JPEG,early,0,feature_modules[0],28,28,low_score_extreme,0.15,2,True,-0.03950023651123047,-0.005232453346252441,False,0.33605891466140747
visformer_small,18,ILSVRC2012_val_00000781.JPEG,early,0,feature_modules[0],28,28,low_score_extreme,0.15,2,True,-0.012228965759277344,-0.0075255632400512695,False,0.08836906403303146
visformer_small,19,ILSVRC2012_val_00000809.JPEG,early,0,feature_modules[0],28,28,low_score_extreme,0.15,2,True,-0.23134565353393555,-0.08280733227729797,False,0.17450198531150818
visformer_small,20,ILSVRC2012_val_00000871.JPEG,early,0,feature_modules[0],28,28,low_score_extreme,0.15,2,True,0.061179161071777344,0.21766044199466705,False,0.29983973503112793
visformer_small,21,ILSVRC2012_val_00000890.JPEG,early,0,feature_modules[0],28,28,low_score_extreme,0.15,2,True,0.1248311996459961,0.022709906101226807,False,0.5030196905136108
visformer_small,22,ILSVRC2012_val_00000989.JPEG,early,0,feature_modules[0],28,28,low_score_extreme,0.15,2,True,-0.5249953269958496,-0.10962976515293121,False,0.29345083236694336
visformer_small,23,ILSVRC2012_val_00001094.JPEG,early,0,feature_modules[0],28,28,low_score_extreme,0.15,2,True,-0.1595458984375,-0.011560499668121338,False,0.5168083310127258
visformer_small,16,ILSVRC2012_val_00000695.JPEG,early,0,feature_modules[0],28,28,low_score_extreme,0.15,3,True,0.4063725471496582,0.16337808966636658,False,0.4202512204647064
visformer_small,17,ILSVRC2012_val_00000724.JPEG,early,0,feature_modules[0],28,28,low_score_extreme,0.15,3,True,-0.03950023651123047,-0.005232453346252441,False,0.33605891466140747
visformer_small,18,ILSVRC2012_val_00000781.JPEG,early,0,feature_modules[0],28,28,low_score_extreme,0.15,3,True,-0.012228965759277344,-0.0075255632400512695,False,0.08836906403303146
visformer_small,19,ILSVRC2012_val_00000809.JPEG,early,0,feature_modules[0],28,28,low_score_extreme,0.15,3,True,-0.23134565353393555,-0.08280733227729797,False,0.17450198531150818
visformer_small,20,ILSVRC2012_val_00000871.JPEG,early,0,feature_modules[0],28,28,low_score_extreme,0.15,3,True,0.061179161071777344,0.21766044199466705,False,0.29983973503112793
visformer_small,21,ILSVRC2012_val_00000890.JPEG,early,0,feature_modules[0],28,28,low_score_extreme,0.15,3,True,0.1248311996459961,0.022709906101226807,False,0.5030196905136108
visformer_small,22,ILSVRC2012_val_00000989.JPEG,early,0,feature_modules[0],28,28,low_score_extreme,0.15,3,True,-0.5249953269958496,-0.10962976515293121,False,0.29345083236694336
visformer_small,23,ILSVRC2012_val_00001094.JPEG,early,0,feature_modules[0],28,28,low_score_extreme,0.15,3,True,-0.1595458984375,-0.011560499668121338,False,0.5168083310127258
visformer_small,16,ILSVRC2012_val_00000695.JPEG,early,0,feature_modules[0],28,28,random_uniform,0.15,0,True,1.1610426902770996,0.5440051555633545,False,0.6043066382408142
visformer_small,17,ILSVRC2012_val_00000724.JPEG,early,0,feature_modules[0],28,28,random_uniform,0.15,0,True,1.9360132217407227,1.3246912956237793,False,0.595532238483429
visformer_small,18,ILSVRC2012_val_00000781.JPEG,early,0,feature_modules[0],28,28,random_uniform,0.15,0,True,-0.1413106918334961,-0.02331721782684326,False,0.5975440144538879
visformer_small,19,ILSVRC2012_val_00000809.JPEG,early,0,feature_modules[0],28,28,random_uniform,0.15,0,True,0.1961073875427246,0.15339553356170654,False,0.6526466012001038
visformer_small,20,ILSVRC2012_val_00000871.JPEG,early,0,feature_modules[0],28,28,random_uniform,0.15,0,True,0.5230302810668945,0.12349511682987213,False,0.7127818465232849
visformer_small,21,ILSVRC2012_val_00000890.JPEG,early,0,feature_modules[0],28,28,random_uniform,0.15,0,True,0.7897443771362305,0.3001909554004669,False,0.7653582096099854
visformer_small,22,ILSVRC2012_val_00000989.JPEG,early,0,feature_modules[0],28,28,random_uniform,0.15,0,True,1.1569266319274902,0.6574599146842957,False,0.5507933497428894
visformer_small,23,ILSVRC2012_val_00001094.JPEG,early,0,feature_modules[0],28,28,random_uniform,0.15,0,True,0.41210460662841797,0.33063843846321106,False,0.7011672854423523
visformer_small,16,ILSVRC2012_val_00000695.JPEG,early,0,feature_modules[0],28,28,random_uniform,0.15,1,True,0.6435894966125488,0.2639685571193695,False,0.5985018610954285
visformer_small,17,ILSVRC2012_val_00000724.JPEG,early,0,feature_modules[0],28,28,random_uniform,0.15,1,True,2.8264975547790527,2.136911153793335,True,0.611860990524292
visformer_small,18,ILSVRC2012_val_00000781.JPEG,early,0,feature_modules[0],28,28,random_uniform,0.15,1,True,-0.35704517364501953,-0.06527537107467651,False,0.6106361746788025
visformer_small,19,ILSVRC2012_val_00000809.JPEG,early,0,feature_modules[0],28,28,random_uniform,0.15,1,True,2.302919387817383,1.5958771705627441,True,0.6735737323760986
visformer_small,20,ILSVRC2012_val_00000871.JPEG,early,0,feature_modules[0],28,28,random_uniform,0.15,1,True,0.5410747528076172,0.1425127536058426,False,0.7380598783493042
visformer_small,21,ILSVRC2012_val_00000890.JPEG,early,0,feature_modules[0],28,28,random_uniform,0.15,1,True,0.883143424987793,0.32020440697669983,False,0.7319561243057251
visformer_small,22,ILSVRC2012_val_00000989.JPEG,early,0,feature_modules[0],28,28,random_uniform,0.15,1,True,0.5796418190002441,0.26913225650787354,False,0.5607503056526184
visformer_small,23,ILSVRC2012_val_00001094.JPEG,early,0,feature_modules[0],28,28,random_uniform,0.15,1,True,1.1068296432495117,0.6464099884033203,False,0.7173267602920532
visformer_small,16,ILSVRC2012_val_00000695.JPEG,early,0,feature_modules[0],28,28,random_uniform,0.15,2,True,1.2213025093078613,0.6044533252716064,False,0.61123126745224
visformer_small,17,ILSVRC2012_val_00000724.JPEG,early,0,feature_modules[0],28,28,random_uniform,0.15,2,True,2.5500688552856445,1.7592899799346924,False,0.6277160048484802
visformer_small,18,ILSVRC2012_val_00000781.JPEG,early,0,feature_modules[0],28,28,random_uniform,0.15,2,True,-0.21439838409423828,-0.03433269262313843,False,0.5740815997123718
visformer_small,19,ILSVRC2012_val_00000809.JPEG,early,0,feature_modules[0],28,28,random_uniform,0.15,2,True,1.6282706260681152,1.2213976383209229,False,0.6728740930557251
visformer_small,20,ILSVRC2012_val_00000871.JPEG,early,0,feature_modules[0],28,28,random_uniform,0.15,2,True,0.4937448501586914,0.13541902601718903,False,0.7278743982315063
visformer_small,21,ILSVRC2012_val_00000890.JPEG,early,0,feature_modules[0],28,28,random_uniform,0.15,2,True,1.02763032913208,0.4684501588344574,False,0.7467964291572571
visformer_small,22,ILSVRC2012_val_00000989.JPEG,early,0,feature_modules[0],28,28,random_uniform,0.15,2,True,0.4503450393676758,0.2474226951599121,False,0.5696001052856445
visformer_small,23,ILSVRC2012_val_00001094.JPEG,early,0,feature_modules[0],28,28,random_uniform,0.15,2,True,0.34713268280029297,0.4596389830112457,False,0.671604335308075
visformer_small,16,ILSVRC2012_val_00000695.JPEG,early,0,feature_modules[0],28,28,random_uniform,0.15,3,True,0.7742366790771484,0.3396410644054413,False,0.6033472418785095
visformer_small,17,ILSVRC2012_val_00000724.JPEG,early,0,feature_modules[0],28,28,random_uniform,0.15,3,True,1.9628376960754395,1.292691707611084,False,0.6260205507278442
visformer_small,18,ILSVRC2012_val_00000781.JPEG,early,0,feature_modules[0],28,28,random_uniform,0.15,3,True,-0.3209657669067383,-0.001057356595993042,False,0.6012320518493652
visformer_small,19,ILSVRC2012_val_00000809.JPEG,early,0,feature_modules[0],28,28,random_uniform,0.15,3,True,0.34247541427612305,0.12156480550765991,False,0.6068165898323059
visformer_small,20,ILSVRC2012_val_00000871.JPEG,early,0,feature_modules[0],28,28,random_uniform,0.15,3,True,1.1331243515014648,0.37495070695877075,False,0.7107369303703308
visformer_small,21,ILSVRC2012_val_00000890.JPEG,early,0,feature_modules[0],28,28,random_uniform,0.15,3,True,0.913856029510498,0.3678954541683197,False,0.755101203918457
visformer_small,22,ILSVRC2012_val_00000989.JPEG,early,0,feature_modules[0],28,28,random_uniform,0.15,3,True,0.7610902786254883,0.439466655254364,False,0.5366286635398865
visformer_small,23,ILSVRC2012_val_00001094.JPEG,early,0,feature_modules[0],28,28,random_uniform,0.15,3,True,0.1689295768737793,0.45830824971199036,False,0.6901767253875732
visformer_small,16,ILSVRC2012_val_00000695.JPEG,early,0,feature_modules[0],28,28,score_deviation_extreme,0.15,0,True,1.0679316520690918,0.5060102939605713,False,0.5993600487709045
visformer_small,17,ILSVRC2012_val_00000724.JPEG,early,0,feature_modules[0],28,28,score_deviation_extreme,0.15,0,True,0.1294245719909668,0.056267619132995605,False,0.34341132640838623
visformer_small,18,ILSVRC2012_val_00000781.JPEG,early,0,feature_modules[0],28,28,score_deviation_extreme,0.15,0,True,-0.012228965759277344,-0.0075255632400512695,False,0.08836906403303146
visformer_small,19,ILSVRC2012_val_00000809.JPEG,early,0,feature_modules[0],28,28,score_deviation_extreme,0.15,0,True,-0.23134565353393555,-0.08280733227729797,False,0.17450198531150818
visformer_small,20,ILSVRC2012_val_00000871.JPEG,early,0,feature_modules[0],28,28,score_deviation_extreme,0.15,0,True,0.061179161071777344,0.21766044199466705,False,0.29983973503112793
visformer_small,21,ILSVRC2012_val_00000890.JPEG,early,0,feature_modules[0],28,28,score_deviation_extreme,0.15,0,True,0.1248311996459961,0.022709906101226807,False,0.5030196905136108
visformer_small,22,ILSVRC2012_val_00000989.JPEG,early,0,feature_modules[0],28,28,score_deviation_extreme,0.15,0,True,-0.5249953269958496,-0.10962976515293121,False,0.29345083236694336
visformer_small,23,ILSVRC2012_val_00001094.JPEG,early,0,feature_modules[0],28,28,score_deviation_extreme,0.15,0,True,-0.0329136848449707,0.024804651737213135,False,0.5194687247276306
visformer_small,16,ILSVRC2012_val_00000695.JPEG,early,0,feature_modules[0],28,28,score_deviation_extreme,0.15,1,True,1.0679316520690918,0.5060102939605713,False,0.5993600487709045
visformer_small,17,ILSVRC2012_val_00000724.JPEG,early,0,feature_modules[0],28,28,score_deviation_extreme,0.15,1,True,0.1294245719909668,0.056267619132995605,False,0.34341132640838623
visformer_small,18,ILSVRC2012_val_00000781.JPEG,early,0,feature_modules[0],28,28,score_deviation_extreme,0.15,1,True,-0.012228965759277344,-0.0075255632400512695,False,0.08836906403303146
visformer_small,19,ILSVRC2012_val_00000809.JPEG,early,0,feature_modules[0],28,28,score_deviation_extreme,0.15,1,True,-0.23134565353393555,-0.08280733227729797,False,0.17450198531150818
visformer_small,20,ILSVRC2012_val_00000871.JPEG,early,0,feature_modules[0],28,28,score_deviation_extreme,0.15,1,True,0.061179161071777344,0.21766044199466705,False,0.29983973503112793
visformer_small,21,ILSVRC2012_val_00000890.JPEG,early,0,feature_modules[0],28,28,score_deviation_extreme,0.15,1,True,0.1248311996459961,0.022709906101226807,False,0.5030196905136108
visformer_small,22,ILSVRC2012_val_00000989.JPEG,early,0,feature_modules[0],28,28,score_deviation_extreme,0.15,1,True,-0.5249953269958496,-0.10962976515293121,False,0.29345083236694336
visformer_small,23,ILSVRC2012_val_00001094.JPEG,early,0,feature_modules[0],28,28,score_deviation_extreme,0.15,1,True,-0.0329136848449707,0.024804651737213135,False,0.5194687247276306
visformer_small,16,ILSVRC2012_val_00000695.JPEG,early,0,feature_modules[0],28,28,score_deviation_extreme,0.15,2,True,1.0679316520690918,0.5060102939605713,False,0.5993600487709045
visformer_small,17,ILSVRC2012_val_00000724.JPEG,early,0,feature_modules[0],28,28,score_deviation_extreme,0.15,2,True,0.1294245719909668,0.056267619132995605,False,0.34341132640838623
visformer_small,18,ILSVRC2012_val_00000781.JPEG,early,0,feature_modules[0],28,28,score_deviation_extreme,0.15,2,True,-0.012228965759277344,-0.0075255632400512695,False,0.08836906403303146
visformer_small,19,ILSVRC2012_val_00000809.JPEG,early,0,feature_modules[0],28,28,score_deviation_extreme,0.15,2,True,-0.23134565353393555,-0.08280733227729797,False,0.17450198531150818
visformer_small,20,ILSVRC2012_val_00000871.JPEG,early,0,feature_modules[0],28,28,score_deviation_extreme,0.15,2,True,0.061179161071777344,0.21766044199466705,False,0.29983973503112793
visformer_small,21,ILSVRC2012_val_00000890.JPEG,early,0,feature_modules[0],28,28,score_deviation_extreme,0.15,2,True,0.1248311996459961,0.022709906101226807,False,0.5030196905136108
visformer_small,22,ILSVRC2012_val_00000989.JPEG,early,0,feature_modules[0],28,28,score_deviation_extreme,0.15,2,True,-0.5249953269958496,-0.10962976515293121,False,0.29345083236694336
visformer_small,23,ILSVRC2012_val_00001094.JPEG,early,0,feature_modules[0],28,28,score_deviation_extreme,0.15,2,True,-0.0329136848449707,0.024804651737213135,False,0.5194687247276306
visformer_small,16,ILSVRC2012_val_00000695.JPEG,early,0,feature_modules[0],28,28,score_deviation_extreme,0.15,3,True,1.0679316520690918,0.5060102939605713,False,0.5993600487709045
visformer_small,17,ILSVRC2012_val_00000724.JPEG,early,0,feature_modules[0],28,28,score_deviation_extreme,0.15,3,True,0.1294245719909668,0.056267619132995605,False,0.34341132640838623
visformer_small,18,ILSVRC2012_val_00000781.JPEG,early,0,feature_modules[0],28,28,score_deviation_extreme,0.15,3,True,-0.012228965759277344,-0.0075255632400512695,False,0.08836906403303146
visformer_small,19,ILSVRC2012_val_00000809.JPEG,early,0,feature_modules[0],28,28,score_deviation_extreme,0.15,3,True,-0.23134565353393555,-0.08280733227729797,False,0.17450198531150818
visformer_small,20,ILSVRC2012_val_00000871.JPEG,early,0,feature_modules[0],28,28,score_deviation_extreme,0.15,3,True,0.061179161071777344,0.21766044199466705,False,0.29983973503112793
visformer_small,21,ILSVRC2012_val_00000890.JPEG,early,0,feature_modules[0],28,28,score_deviation_extreme,0.15,3,True,0.1248311996459961,0.022709906101226807,False,0.5030196905136108
visformer_small,22,ILSVRC2012_val_00000989.JPEG,early,0,feature_modules[0],28,28,score_deviation_extreme,0.15,3,True,-0.5249953269958496,-0.10962976515293121,False,0.29345083236694336
visformer_small,23,ILSVRC2012_val_00001094.JPEG,early,0,feature_modules[0],28,28,score_deviation_extreme,0.15,3,True,-0.0329136848449707,0.024804651737213135,False,0.5194687247276306
visformer_small,16,ILSVRC2012_val_00000695.JPEG,mid,7,feature_modules[7],14,14,high_score_extreme,0.15,0,True,0.5250005722045898,0.21600183844566345,False,0.7407402992248535
visformer_small,17,ILSVRC2012_val_00000724.JPEG,mid,7,feature_modules[7],14,14,high_score_extreme,0.15,0,True,0.311922550201416,0.12719160318374634,False,0.6246787905693054
visformer_small,18,ILSVRC2012_val_00000781.JPEG,mid,7,feature_modules[7],14,14,high_score_extreme,0.15,0,True,-0.4542560577392578,-0.09502828121185303,False,0.5457297563552856
visformer_small,19,ILSVRC2012_val_00000809.JPEG,mid,7,feature_modules[7],14,14,high_score_extreme,0.15,0,True,-0.5295491218566895,-0.1330825388431549,False,0.563392698764801
visformer_small,20,ILSVRC2012_val_00000871.JPEG,mid,7,feature_modules[7],14,14,high_score_extreme,0.15,0,True,0.16695213317871094,0.0266963392496109,False,0.7417627573013306
visformer_small,21,ILSVRC2012_val_00000890.JPEG,mid,7,feature_modules[7],14,14,high_score_extreme,0.15,0,True,-0.20937156677246094,-0.04205513000488281,False,0.6571963429450989
visformer_small,22,ILSVRC2012_val_00000989.JPEG,mid,7,feature_modules[7],14,14,high_score_extreme,0.15,0,True,-0.16490793228149414,-0.010661482810974121,False,0.6393224000930786
visformer_small,23,ILSVRC2012_val_00001094.JPEG,mid,7,feature_modules[7],14,14,high_score_extreme,0.15,0,True,-0.10295438766479492,0.06417438387870789,False,0.6200675368309021
visformer_small,16,ILSVRC2012_val_00000695.JPEG,mid,7,feature_modules[7],14,14,high_score_extreme,0.15,1,True,0.5250005722045898,0.21600183844566345,False,0.7407402992248535
visformer_small,17,ILSVRC2012_val_00000724.JPEG,mid,7,feature_modules[7],14,14,high_score_extreme,0.15,1,True,0.311922550201416,0.12719160318374634,False,0.6246787905693054
visformer_small,18,ILSVRC2012_val_00000781.JPEG,mid,7,feature_modules[7],14,14,high_score_extreme,0.15,1,True,-0.4542560577392578,-0.09502828121185303,False,0.5457297563552856
visformer_small,19,ILSVRC2012_val_00000809.JPEG,mid,7,feature_modules[7],14,14,high_score_extreme,0.15,1,True,-0.5295491218566895,-0.1330825388431549,False,0.563392698764801
visformer_small,20,ILSVRC2012_val_00000871.JPEG,mid,7,feature_modules[7],14,14,high_score_extreme,0.15,1,True,0.16695213317871094,0.0266963392496109,False,0.7417627573013306
visformer_small,21,ILSVRC2012_val_00000890.JPEG,mid,7,feature_modules[7],14,14,high_score_extreme,0.15,1,True,-0.20937156677246094,-0.04205513000488281,False,0.6571963429450989
visformer_small,22,ILSVRC2012_val_00000989.JPEG,mid,7,feature_modules[7],14,14,high_score_extreme,0.15,1,True,-0.16490793228149414,-0.010661482810974121,False,0.6393224000930786
visformer_small,23,ILSVRC2012_val_00001094.JPEG,mid,7,feature_modules[7],14,14,high_score_extreme,0.15,1,True,-0.10295438766479492,0.06417438387870789,False,0.6200675368309021
visformer_small,16,ILSVRC2012_val_00000695.JPEG,mid,7,feature_modules[7],14,14,high_score_extreme,0.15,2,True,0.5250005722045898,0.21600183844566345,False,0.7407402992248535
visformer_small,17,ILSVRC2012_val_00000724.JPEG,mid,7,feature_modules[7],14,14,high_score_extreme,0.15,2,True,0.311922550201416,0.12719160318374634,False,0.6246787905693054
visformer_small,18,ILSVRC2012_val_00000781.JPEG,mid,7,feature_modules[7],14,14,high_score_extreme,0.15,2,True,-0.4542560577392578,-0.09502828121185303,False,0.5457297563552856
visformer_small,19,ILSVRC2012_val_00000809.JPEG,mid,7,feature_modules[7],14,14,high_score_extreme,0.15,2,True,-0.5295491218566895,-0.1330825388431549,False,0.563392698764801
visformer_small,20,ILSVRC2012_val_00000871.JPEG,mid,7,feature_modules[7],14,14,high_score_extreme,0.15,2,True,0.16695213317871094,0.0266963392496109,False,0.7417627573013306
visformer_small,21,ILSVRC2012_val_00000890.JPEG,mid,7,feature_modules[7],14,14,high_score_extreme,0.15,2,True,-0.20937156677246094,-0.04205513000488281,False,0.6571963429450989
visformer_small,22,ILSVRC2012_val_00000989.JPEG,mid,7,feature_modules[7],14,14,high_score_extreme,0.15,2,True,-0.16490793228149414,-0.010661482810974121,False,0.6393224000930786
visformer_small,23,ILSVRC2012_val_00001094.JPEG,mid,7,feature_modules[7],14,14,high_score_extreme,0.15,2,True,-0.10295438766479492,0.06417438387870789,False,0.6200675368309021
visformer_small,16,ILSVRC2012_val_00000695.JPEG,mid,7,feature_modules[7],14,14,high_score_extreme,0.15,3,True,0.5250005722045898,0.21600183844566345,False,0.7407402992248535
visformer_small,17,ILSVRC2012_val_00000724.JPEG,mid,7,feature_modules[7],14,14,high_score_extreme,0.15,3,True,0.311922550201416,0.12719160318374634,False,0.6246787905693054
visformer_small,18,ILSVRC2012_val_00000781.JPEG,mid,7,feature_modules[7],14,14,high_score_extreme,0.15,3,True,-0.4542560577392578,-0.09502828121185303,False,0.5457297563552856
visformer_small,19,ILSVRC2012_val_00000809.JPEG,mid,7,feature_modules[7],14,14,high_score_extreme,0.15,3,True,-0.5295491218566895,-0.1330825388431549,False,0.563392698764801
visformer_small,20,ILSVRC2012_val_00000871.JPEG,mid,7,feature_modules[7],14,14,high_score_extreme,0.15,3,True,0.16695213317871094,0.0266963392496109,False,0.7417627573013306
visformer_small,21,ILSVRC2012_val_00000890.JPEG,mid,7,feature_modules[7],14,14,high_score_extreme,0.15,3,True,-0.20937156677246094,-0.04205513000488281,False,0.6571963429450989
visformer_small,22,ILSVRC2012_val_00000989.JPEG,mid,7,feature_modules[7],14,14,high_score_extreme,0.15,3,True,-0.16490793228149414,-0.010661482810974121,False,0.6393224000930786
visformer_small,23,ILSVRC2012_val_00001094.JPEG,mid,7,feature_modules[7],14,14,high_score_extreme,0.15,3,True,-0.10295438766479492,0.06417438387870789,False,0.6200675368309021
visformer_small,16,ILSVRC2012_val_00000695.JPEG,mid,7,feature_modules[7],14,14,low_score_extreme,0.15,0,True,0.23372268676757812,0.06579825282096863,False,0.2794266641139984
visformer_small,17,ILSVRC2012_val_00000724.JPEG,mid,7,feature_modules[7],14,14,low_score_extreme,0.15,0,True,0.7933659553527832,0.32688045501708984,False,0.2950945198535919
visformer_small,18,ILSVRC2012_val_00000781.JPEG,mid,7,feature_modules[7],14,14,low_score_extreme,0.15,0,True,-0.6512908935546875,-0.11363540589809418,False,0.254221647977829
visformer_small,19,ILSVRC2012_val_00000809.JPEG,mid,7,feature_modules[7],14,14,low_score_extreme,0.15,0,True,0.5682773590087891,0.25714391469955444,False,0.1179632619023323
visformer_small,20,ILSVRC2012_val_00000871.JPEG,mid,7,feature_modules[7],14,14,low_score_extreme,0.15,0,True,-0.08211994171142578,-0.01867365837097168,False,0.3091537654399872
visformer_small,21,ILSVRC2012_val_00000890.JPEG,mid,7,feature_modules[7],14,14,low_score_extreme,0.15,0,True,-0.12415122985839844,-0.038410723209381104,False,0.3754752576351166
visformer_small,22,ILSVRC2012_val_00000989.JPEG,mid,7,feature_modules[7],14,14,low_score_extreme,0.15,0,True,0.5062074661254883,0.22439861297607422,False,0.28043726086616516
visformer_small,23,ILSVRC2012_val_00001094.JPEG,mid,7,feature_modules[7],14,14,low_score_extreme,0.15,0,True,-0.7039508819580078,-0.1398039609193802,False,0.1262560486793518
visformer_small,16,ILSVRC2012_val_00000695.JPEG,mid,7,feature_modules[7],14,14,low_score_extreme,0.15,1,True,0.23372268676757812,0.06579825282096863,False,0.2794266641139984
visformer_small,17,ILSVRC2012_val_00000724.JPEG,mid,7,feature_modules[7],14,14,low_score_extreme,0.15,1,True,0.7933659553527832,0.32688045501708984,False,0.2950945198535919
visformer_small,18,ILSVRC2012_val_00000781.JPEG,mid,7,feature_modules[7],14,14,low_score_extreme,0.15,1,True,-0.6512908935546875,-0.11363540589809418,False,0.254221647977829
visformer_small,19,ILSVRC2012_val_00000809.JPEG,mid,7,feature_modules[7],14,14,low_score_extreme,0.15,1,True,0.5682773590087891,0.25714391469955444,False,0.1179632619023323
visformer_small,20,ILSVRC2012_val_00000871.JPEG,mid,7,feature_modules[7],14,14,low_score_extreme,0.15,1,True,-0.08211994171142578,-0.01867365837097168,False,0.3091537654399872
visformer_small,21,ILSVRC2012_val_00000890.JPEG,mid,7,feature_modules[7],14,14,low_score_extreme,0.15,1,True,-0.12415122985839844,-0.038410723209381104,False,0.3754752576351166
visformer_small,22,ILSVRC2012_val_00000989.JPEG,mid,7,feature_modules[7],14,14,low_score_extreme,0.15,1,True,0.5062074661254883,0.22439861297607422,False,0.28043726086616516
visformer_small,23,ILSVRC2012_val_00001094.JPEG,mid,7,feature_modules[7],14,14,low_score_extreme,0.15,1,True,-0.7039508819580078,-0.1398039609193802,False,0.1262560486793518
visformer_small,16,ILSVRC2012_val_00000695.JPEG,mid,7,feature_modules[7],14,14,low_score_extreme,0.15,2,True,0.23372268676757812,0.06579825282096863,False,0.2794266641139984
visformer_small,17,ILSVRC2012_val_00000724.JPEG,mid,7,feature_modules[7],14,14,low_score_extreme,0.15,2,True,0.7933659553527832,0.32688045501708984,False,0.2950945198535919
visformer_small,18,ILSVRC2012_val_00000781.JPEG,mid,7,feature_modules[7],14,14,low_score_extreme,0.15,2,True,-0.6512908935546875,-0.11363540589809418,False,0.254221647977829
visformer_small,19,ILSVRC2012_val_00000809.JPEG,mid,7,feature_modules[7],14,14,low_score_extreme,0.15,2,True,0.5682773590087891,0.25714391469955444,False,0.1179632619023323
visformer_small,20,ILSVRC2012_val_00000871.JPEG,mid,7,feature_modules[7],14,14,low_score_extreme,0.15,2,True,-0.08211994171142578,-0.01867365837097168,False,0.3091537654399872
visformer_small,21,ILSVRC2012_val_00000890.JPEG,mid,7,feature_modules[7],14,14,low_score_extreme,0.15,2,True,-0.12415122985839844,-0.038410723209381104,False,0.3754752576351166
visformer_small,22,ILSVRC2012_val_00000989.JPEG,mid,7,feature_modules[7],14,14,low_score_extreme,0.15,2,True,0.5062074661254883,0.22439861297607422,False,0.28043726086616516
visformer_small,23,ILSVRC2012_val_00001094.JPEG,mid,7,feature_modules[7],14,14,low_score_extreme,0.15,2,True,-0.7039508819580078,-0.1398039609193802,False,0.1262560486793518
visformer_small,16,ILSVRC2012_val_00000695.JPEG,mid,7,feature_modules[7],14,14,low_score_extreme,0.15,3,True,0.23372268676757812,0.06579825282096863,False,0.2794266641139984
visformer_small,17,ILSVRC2012_val_00000724.JPEG,mid,7,feature_modules[7],14,14,low_score_extreme,0.15,3,True,0.7933659553527832,0.32688045501708984,False,0.2950945198535919
visformer_small,18,ILSVRC2012_val_00000781.JPEG,mid,7,feature_modules[7],14,14,low_score_extreme,0.15,3,True,-0.6512908935546875,-0.11363540589809418,False,0.254221647977829
visformer_small,19,ILSVRC2012_val_00000809.JPEG,mid,7,feature_modules[7],14,14,low_score_extreme,0.15,3,True,0.5682773590087891,0.25714391469955444,False,0.1179632619023323
visformer_small,20,ILSVRC2012_val_00000871.JPEG,mid,7,feature_modules[7],14,14,low_score_extreme,0.15,3,True,-0.08211994171142578,-0.01867365837097168,False,0.3091537654399872
visformer_small,21,ILSVRC2012_val_00000890.JPEG,mid,7,feature_modules[7],14,14,low_score_extreme,0.15,3,True,-0.12415122985839844,-0.038410723209381104,False,0.3754752576351166
visformer_small,22,ILSVRC2012_val_00000989.JPEG,mid,7,feature_modules[7],14,14,low_score_extreme,0.15,3,True,0.5062074661254883,0.22439861297607422,False,0.28043726086616516
visformer_small,23,ILSVRC2012_val_00001094.JPEG,mid,7,feature_modules[7],14,14,low_score_extreme,0.15,3,True,-0.7039508819580078,-0.1398039609193802,False,0.1262560486793518
visformer_small,16,ILSVRC2012_val_00000695.JPEG,mid,7,feature_modules[7],14,14,random_uniform,0.15,0,True,0.22580909729003906,0.07508176565170288,False,0.5513474941253662
visformer_small,17,ILSVRC2012_val_00000724.JPEG,mid,7,feature_modules[7],14,14,random_uniform,0.15,0,True,-0.02548360824584961,-0.035382598638534546,False,0.4662422835826874
visformer_small,18,ILSVRC2012_val_00000781.JPEG,mid,7,feature_modules[7],14,14,random_uniform,0.15,0,True,-0.6000270843505859,-0.11329761147499084,False,0.4068644344806671
visformer_small,19,ILSVRC2012_val_00000809.JPEG,mid,7,feature_modules[7],14,14,random_uniform,0.15,0,True,0.28038597106933594,0.06617492437362671,False,0.3920027017593384
visformer_small,20,ILSVRC2012_val_00000871.JPEG,mid,7,feature_modules[7],14,14,random_uniform,0.15,0,True,0.17241191864013672,0.03249983489513397,False,0.5384234189987183
visformer_small,21,ILSVRC2012_val_00000890.JPEG,mid,7,feature_modules[7],14,14,random_uniform,0.15,0,True,-0.15452003479003906,-0.040343910455703735,False,0.5329545140266418
visformer_small,22,ILSVRC2012_val_00000989.JPEG,mid,7,feature_modules[7],14,14,random_uniform,0.15,0,True,0.05170488357543945,0.06488195061683655,False,0.46776625514030457
visformer_small,23,ILSVRC2012_val_00001094.JPEG,mid,7,feature_modules[7],14,14,random_uniform,0.15,0,True,0.13006353378295898,0.06276002526283264,False,0.4437834918498993
visformer_small,16,ILSVRC2012_val_00000695.JPEG,mid,7,feature_modules[7],14,14,random_uniform,0.15,1,True,0.2619204521179199,0.08678284287452698,False,0.5213258266448975
visformer_small,17,ILSVRC2012_val_00000724.JPEG,mid,7,feature_modules[7],14,14,random_uniform,0.15,1,True,0.7766051292419434,0.373892605304718,False,0.4548884630203247
visformer_small,18,ILSVRC2012_val_00000781.JPEG,mid,7,feature_modules[7],14,14,random_uniform,0.15,1,True,-0.7444591522216797,-0.13867557048797607,False,0.40568843483924866
visformer_small,19,ILSVRC2012_val_00000809.JPEG,mid,7,feature_modules[7],14,14,random_uniform,0.15,1,True,0.3385477066040039,0.21650153398513794,False,0.34530508518218994
visformer_small,20,ILSVRC2012_val_00000871.JPEG,mid,7,feature_modules[7],14,14,random_uniform,0.15,1,True,0.1852865219116211,0.03137710690498352,False,0.5528867244720459
visformer_small,21,ILSVRC2012_val_00000890.JPEG,mid,7,feature_modules[7],14,14,random_uniform,0.15,1,True,-0.4068288803100586,-0.08078920841217041,False,0.5303510427474976
visformer_small,22,ILSVRC2012_val_00000989.JPEG,mid,7,feature_modules[7],14,14,random_uniform,0.15,1,True,0.4192543029785156,0.16743993759155273,False,0.45223259925842285
visformer_small,23,ILSVRC2012_val_00001094.JPEG,mid,7,feature_modules[7],14,14,random_uniform,0.15,1,True,-0.40708255767822266,-0.00994911789894104,False,0.39925962686538696
visformer_small,16,ILSVRC2012_val_00000695.JPEG,mid,7,feature_modules[7],14,14,random_uniform,0.15,2,True,0.4214935302734375,0.14521846175193787,False,0.5383082032203674
visformer_small,17,ILSVRC2012_val_00000724.JPEG,mid,7,feature_modules[7],14,14,random_uniform,0.15,2,True,0.49722814559936523,0.20251250267028809,False,0.45910632610321045
visformer_small,18,ILSVRC2012_val_00000781.JPEG,mid,7,feature_modules[7],14,14,random_uniform,0.15,2,True,-0.3942708969116211,-0.08467929065227509,False,0.4138213098049164
visformer_small,19,ILSVRC2012_val_00000809.JPEG,mid,7,feature_modules[7],14,14,random_uniform,0.15,2,True,-0.07301712036132812,-0.04561188817024231,False,0.3497708737850189
visformer_small,20,ILSVRC2012_val_00000871.JPEG,mid,7,feature_modules[7],14,14,random_uniform,0.15,2,True,0.13080883026123047,0.028775200247764587,False,0.5814217925071716
visformer_small,21,ILSVRC2012_val_00000890.JPEG,mid,7,feature_modules[7],14,14,random_uniform,0.15,2,True,-0.15166091918945312,-0.0369279682636261,False,0.5185801386833191
visformer_small,22,ILSVRC2012_val_00000989.JPEG,mid,7,feature_modules[7],14,14,random_uniform,0.15,2,True,0.14498376846313477,0.08011525869369507,False,0.48808059096336365
visformer_small,23,ILSVRC2012_val_00001094.JPEG,mid,7,feature_modules[7],14,14,random_uniform,0.15,2,True,-0.08731222152709961,-0.0007691681385040283,False,0.4294622242450714
visformer_small,16,ILSVRC2012_val_00000695.JPEG,mid,7,feature_modules[7],14,14,random_uniform,0.15,3,True,0.2035670280456543,0.06381717324256897,False,0.5610725283622742
visformer_small,17,ILSVRC2012_val_00000724.JPEG,mid,7,feature_modules[7],14,14,random_uniform,0.15,3,True,0.5688729286193848,0.24655628204345703,False,0.478384405374527
visformer_small,18,ILSVRC2012_val_00000781.JPEG,mid,7,feature_modules[7],14,14,random_uniform,0.15,3,True,-0.7526750564575195,-0.12868991494178772,False,0.3927766978740692
visformer_small,19,ILSVRC2012_val_00000809.JPEG,mid,7,feature_modules[7],14,14,random_uniform,0.15,3,True,0.4979691505432129,0.1558721661567688,False,0.4124019145965576
visformer_small,20,ILSVRC2012_val_00000871.JPEG,mid,7,feature_modules[7],14,14,random_uniform,0.15,3,True,0.34275150299072266,0.07742343842983246,False,0.6007612943649292
visformer_small,21,ILSVRC2012_val_00000890.JPEG,mid,7,feature_modules[7],14,14,random_uniform,0.15,3,True,-0.3362464904785156,-0.033934324979782104,False,0.5411128997802734
visformer_small,22,ILSVRC2012_val_00000989.JPEG,mid,7,feature_modules[7],14,14,random_uniform,0.15,3,True,0.46086978912353516,0.15694475173950195,False,0.48242127895355225
visformer_small,23,ILSVRC2012_val_00001094.JPEG,mid,7,feature_modules[7],14,14,random_uniform,0.15,3,True,-0.011262893676757812,0.06357738375663757,False,0.4182126820087433
visformer_small,16,ILSVRC2012_val_00000695.JPEG,mid,7,feature_modules[7],14,14,score_deviation_extreme,0.15,0,True,0.4754776954650879,0.17145177721977234,False,0.398787260055542
visformer_small,17,ILSVRC2012_val_00000724.JPEG,mid,7,feature_modules[7],14,14,score_deviation_extreme,0.15,0,True,0.45656824111938477,0.14218884706497192,False,0.47291210293769836
visformer_small,18,ILSVRC2012_val_00000781.JPEG,mid,7,feature_modules[7],14,14,score_deviation_extreme,0.15,0,True,-0.105926513671875,-0.0272463858127594,False,0.3729964792728424
visformer_small,19,ILSVRC2012_val_00000809.JPEG,mid,7,feature_modules[7],14,14,score_deviation_extreme,0.15,0,True,0.4658985137939453,0.2539588212966919,False,0.19534647464752197
visformer_small,20,ILSVRC2012_val_00000871.JPEG,mid,7,feature_modules[7],14,14,score_deviation_extreme,0.15,0,True,0.024568557739257812,0.011422589421272278,False,0.3924741744995117
visformer_small,21,ILSVRC2012_val_00000890.JPEG,mid,7,feature_modules[7],14,14,score_deviation_extreme,0.15,0,True,-0.2727518081665039,-0.04414433240890503,False,0.4817124307155609
visformer_small,22,ILSVRC2012_val_00000989.JPEG,mid,7,feature_modules[7],14,14,score_deviation_extreme,0.15,0,True,0.8529677391052246,0.37335097789764404,False,0.3941167891025543
visformer_small,23,ILSVRC2012_val_00001094.JPEG,mid,7,feature_modules[7],14,14,score_deviation_extreme,0.15,0,True,-0.5274753570556641,-0.11000685393810272,False,0.14120884239673615
visformer_small,16,ILSVRC2012_val_00000695.JPEG,mid,7,feature_modules[7],14,14,score_deviation_extreme,0.15,1,True,0.4754776954650879,0.17145177721977234,False,0.398787260055542
visformer_small,17,ILSVRC2012_val_00000724.JPEG,mid,7,feature_modules[7],14,14,score_deviation_extreme,0.15,1,True,0.45656824111938477,0.14218884706497192,False,0.47291210293769836
visformer_small,18,ILSVRC2012_val_00000781.JPEG,mid,7,feature_modules[7],14,14,score_deviation_extreme,0.15,1,True,-0.105926513671875,-0.0272463858127594,False,0.3729964792728424
visformer_small,19,ILSVRC2012_val_00000809.JPEG,mid,7,feature_modules[7],14,14,score_deviation_extreme,0.15,1,True,0.4658985137939453,0.2539588212966919,False,0.19534647464752197
visformer_small,20,ILSVRC2012_val_00000871.JPEG,mid,7,feature_modules[7],14,14,score_deviation_extreme,0.15,1,True,0.024568557739257812,0.011422589421272278,False,0.3924741744995117
visformer_small,21,ILSVRC2012_val_00000890.JPEG,mid,7,feature_modules[7],14,14,score_deviation_extreme,0.15,1,True,-0.2727518081665039,-0.04414433240890503,False,0.4817124307155609
visformer_small,22,ILSVRC2012_val_00000989.JPEG,mid,7,feature_modules[7],14,14,score_deviation_extreme,0.15,1,True,0.8529677391052246,0.37335097789764404,False,0.3941167891025543
visformer_small,23,ILSVRC2012_val_00001094.JPEG,mid,7,feature_modules[7],14,14,score_deviation_extreme,0.15,1,True,-0.5274753570556641,-0.11000685393810272,False,0.14120884239673615
visformer_small,16,ILSVRC2012_val_00000695.JPEG,mid,7,feature_modules[7],14,14,score_deviation_extreme,0.15,2,True,0.4754776954650879,0.17145177721977234,False,0.398787260055542
visformer_small,17,ILSVRC2012_val_00000724.JPEG,mid,7,feature_modules[7],14,14,score_deviation_extreme,0.15,2,True,0.45656824111938477,0.14218884706497192,False,0.47291210293769836
visformer_small,18,ILSVRC2012_val_00000781.JPEG,mid,7,feature_modules[7],14,14,score_deviation_extreme,0.15,2,True,-0.105926513671875,-0.0272463858127594,False,0.3729964792728424
visformer_small,19,ILSVRC2012_val_00000809.JPEG,mid,7,feature_modules[7],14,14,score_deviation_extreme,0.15,2,True,0.4658985137939453,0.2539588212966919,False,0.19534647464752197
visformer_small,20,ILSVRC2012_val_00000871.JPEG,mid,7,feature_modules[7],14,14,score_deviation_extreme,0.15,2,True,0.024568557739257812,0.011422589421272278,False,0.3924741744995117
visformer_small,21,ILSVRC2012_val_00000890.JPEG,mid,7,feature_modules[7],14,14,score_deviation_extreme,0.15,2,True,-0.2727518081665039,-0.04414433240890503,False,0.4817124307155609
visformer_small,22,ILSVRC2012_val_00000989.JPEG,mid,7,feature_modules[7],14,14,score_deviation_extreme,0.15,2,True,0.8529677391052246,0.37335097789764404,False,0.3941167891025543
visformer_small,23,ILSVRC2012_val_00001094.JPEG,mid,7,feature_modules[7],14,14,score_deviation_extreme,0.15,2,True,-0.5274753570556641,-0.11000685393810272,False,0.14120884239673615
visformer_small,16,ILSVRC2012_val_00000695.JPEG,mid,7,feature_modules[7],14,14,score_deviation_extreme,0.15,3,True,0.4754776954650879,0.17145177721977234,False,0.398787260055542
visformer_small,17,ILSVRC2012_val_00000724.JPEG,mid,7,feature_modules[7],14,14,score_deviation_extreme,0.15,3,True,0.45656824111938477,0.14218884706497192,False,0.47291210293769836
visformer_small,18,ILSVRC2012_val_00000781.JPEG,mid,7,feature_modules[7],14,14,score_deviation_extreme,0.15,3,True,-0.105926513671875,-0.0272463858127594,False,0.3729964792728424
visformer_small,19,ILSVRC2012_val_00000809.JPEG,mid,7,feature_modules[7],14,14,score_deviation_extreme,0.15,3,True,0.4658985137939453,0.2539588212966919,False,0.19534647464752197
visformer_small,20,ILSVRC2012_val_00000871.JPEG,mid,7,feature_modules[7],14,14,score_deviation_extreme,0.15,3,True,0.024568557739257812,0.011422589421272278,False,0.3924741744995117
visformer_small,21,ILSVRC2012_val_00000890.JPEG,mid,7,feature_modules[7],14,14,score_deviation_extreme,0.15,3,True,-0.2727518081665039,-0.04414433240890503,False,0.4817124307155609
visformer_small,22,ILSVRC2012_val_00000989.JPEG,mid,7,feature_modules[7],14,14,score_deviation_extreme,0.15,3,True,0.8529677391052246,0.37335097789764404,False,0.3941167891025543
visformer_small,23,ILSVRC2012_val_00001094.JPEG,mid,7,feature_modules[7],14,14,score_deviation_extreme,0.15,3,True,-0.5274753570556641,-0.11000685393810272,False,0.14120884239673615
visformer_small,16,ILSVRC2012_val_00000695.JPEG,final,14,stage3[3]+gap,7,7,high_score_extreme,0.15,0,True,-0.01471853256225586,-0.012364417314529419,False,0.6975452303886414
visformer_small,17,ILSVRC2012_val_00000724.JPEG,final,14,stage3[3]+gap,7,7,high_score_extreme,0.15,0,True,-0.3590569496154785,-0.09611845016479492,False,0.6885051131248474
visformer_small,18,ILSVRC2012_val_00000781.JPEG,final,14,stage3[3]+gap,7,7,high_score_extreme,0.15,0,True,0.16618680953979492,0.03823566436767578,False,0.6840729117393494
visformer_small,19,ILSVRC2012_val_00000809.JPEG,final,14,stage3[3]+gap,7,7,high_score_extreme,0.15,0,True,0.14466285705566406,0.15001869201660156,False,0.6280402541160583
visformer_small,20,ILSVRC2012_val_00000871.JPEG,final,14,stage3[3]+gap,7,7,high_score_extreme,0.15,0,True,0.02491283416748047,0.005515575408935547,False,0.7806020379066467
visformer_small,21,ILSVRC2012_val_00000890.JPEG,final,14,stage3[3]+gap,7,7,high_score_extreme,0.15,0,True,-0.3017864227294922,-0.07622791826725006,False,0.76683109998703
visformer_small,22,ILSVRC2012_val_00000989.JPEG,final,14,stage3[3]+gap,7,7,high_score_extreme,0.15,0,True,-0.2942051887512207,-0.07382956147193909,False,0.761396050453186
visformer_small,23,ILSVRC2012_val_00001094.JPEG,final,14,stage3[3]+gap,7,7,high_score_extreme,0.15,0,True,-0.15314197540283203,-0.03024458885192871,False,0.6724793910980225
visformer_small,16,ILSVRC2012_val_00000695.JPEG,final,14,stage3[3]+gap,7,7,high_score_extreme,0.15,1,True,-0.01471853256225586,-0.012364417314529419,False,0.6975452303886414
visformer_small,17,ILSVRC2012_val_00000724.JPEG,final,14,stage3[3]+gap,7,7,high_score_extreme,0.15,1,True,-0.3590569496154785,-0.09611845016479492,False,0.6885051131248474
visformer_small,18,ILSVRC2012_val_00000781.JPEG,final,14,stage3[3]+gap,7,7,high_score_extreme,0.15,1,True,0.16618680953979492,0.03823566436767578,False,0.6840729117393494
visformer_small,19,ILSVRC2012_val_00000809.JPEG,final,14,stage3[3]+gap,7,7,high_score_extreme,0.15,1,True,0.14466285705566406,0.15001869201660156,False,0.6280402541160583
visformer_small,20,ILSVRC2012_val_00000871.JPEG,final,14,stage3[3]+gap,7,7,high_score_extreme,0.15,1,True,0.02491283416748047,0.005515575408935547,False,0.7806020379066467
visformer_small,21,ILSVRC2012_val_00000890.JPEG,final,14,stage3[3]+gap,7,7,high_score_extreme,0.15,1,True,-0.3017864227294922,-0.07622791826725006,False,0.76683109998703
visformer_small,22,ILSVRC2012_val_00000989.JPEG,final,14,stage3[3]+gap,7,7,high_score_extreme,0.15,1,True,-0.2942051887512207,-0.07382956147193909,False,0.761396050453186
visformer_small,23,ILSVRC2012_val_00001094.JPEG,final,14,stage3[3]+gap,7,7,high_score_extreme,0.15,1,True,-0.15314197540283203,-0.03024458885192871,False,0.6724793910980225
visformer_small,16,ILSVRC2012_val_00000695.JPEG,final,14,stage3[3]+gap,7,7,high_score_extreme,0.15,2,True,-0.01471853256225586,-0.012364417314529419,False,0.6975452303886414
visformer_small,17,ILSVRC2012_val_00000724.JPEG,final,14,stage3[3]+gap,7,7,high_score_extreme,0.15,2,True,-0.3590569496154785,-0.09611845016479492,False,0.6885051131248474
visformer_small,18,ILSVRC2012_val_00000781.JPEG,final,14,stage3[3]+gap,7,7,high_score_extreme,0.15,2,True,0.16618680953979492,0.03823566436767578,False,0.6840729117393494
visformer_small,19,ILSVRC2012_val_00000809.JPEG,final,14,stage3[3]+gap,7,7,high_score_extreme,0.15,2,True,0.14466285705566406,0.15001869201660156,False,0.6280402541160583
visformer_small,20,ILSVRC2012_val_00000871.JPEG,final,14,stage3[3]+gap,7,7,high_score_extreme,0.15,2,True,0.02491283416748047,0.005515575408935547,False,0.7806020379066467
visformer_small,21,ILSVRC2012_val_00000890.JPEG,final,14,stage3[3]+gap,7,7,high_score_extreme,0.15,2,True,-0.3017864227294922,-0.07622791826725006,False,0.76683109998703
visformer_small,22,ILSVRC2012_val_00000989.JPEG,final,14,stage3[3]+gap,7,7,high_score_extreme,0.15,2,True,-0.2942051887512207,-0.07382956147193909,False,0.761396050453186
visformer_small,23,ILSVRC2012_val_00001094.JPEG,final,14,stage3[3]+gap,7,7,high_score_extreme,0.15,2,True,-0.15314197540283203,-0.03024458885192871,False,0.6724793910980225
visformer_small,16,ILSVRC2012_val_00000695.JPEG,final,14,stage3[3]+gap,7,7,high_score_extreme,0.15,3,True,-0.01471853256225586,-0.012364417314529419,False,0.6975452303886414
visformer_small,17,ILSVRC2012_val_00000724.JPEG,final,14,stage3[3]+gap,7,7,high_score_extreme,0.15,3,True,-0.3590569496154785,-0.09611845016479492,False,0.6885051131248474
visformer_small,18,ILSVRC2012_val_00000781.JPEG,final,14,stage3[3]+gap,7,7,high_score_extreme,0.15,3,True,0.16618680953979492,0.03823566436767578,False,0.6840729117393494
visformer_small,19,ILSVRC2012_val_00000809.JPEG,final,14,stage3[3]+gap,7,7,high_score_extreme,0.15,3,True,0.14466285705566406,0.15001869201660156,False,0.6280402541160583
visformer_small,20,ILSVRC2012_val_00000871.JPEG,final,14,stage3[3]+gap,7,7,high_score_extreme,0.15,3,True,0.02491283416748047,0.005515575408935547,False,0.7806020379066467
visformer_small,21,ILSVRC2012_val_00000890.JPEG,final,14,stage3[3]+gap,7,7,high_score_extreme,0.15,3,True,-0.3017864227294922,-0.07622791826725006,False,0.76683109998703
visformer_small,22,ILSVRC2012_val_00000989.JPEG,final,14,stage3[3]+gap,7,7,high_score_extreme,0.15,3,True,-0.2942051887512207,-0.07382956147193909,False,0.761396050453186
visformer_small,23,ILSVRC2012_val_00001094.JPEG,final,14,stage3[3]+gap,7,7,high_score_extreme,0.15,3,True,-0.15314197540283203,-0.03024458885192871,False,0.6724793910980225
visformer_small,16,ILSVRC2012_val_00000695.JPEG,final,14,stage3[3]+gap,7,7,low_score_extreme,0.15,0,True,0.18076515197753906,0.04539170861244202,False,0.31918469071388245
visformer_small,17,ILSVRC2012_val_00000724.JPEG,final,14,stage3[3]+gap,7,7,low_score_extreme,0.15,0,True,-0.10091638565063477,-0.027941495180130005,False,0.295022189617157
visformer_small,18,ILSVRC2012_val_00000781.JPEG,final,14,stage3[3]+gap,7,7,low_score_extreme,0.15,0,True,0.024807453155517578,0.006618916988372803,False,0.3253420293331146
visformer_small,19,ILSVRC2012_val_00000809.JPEG,final,14,stage3[3]+gap,7,7,low_score_extreme,0.15,0,True,0.20407724380493164,0.07671263813972473,False,0.26518118381500244
visformer_small,20,ILSVRC2012_val_00000871.JPEG,final,14,stage3[3]+gap,7,7,low_score_extreme,0.15,0,True,0.3140411376953125,0.06443025171756744,False,0.34256160259246826
visformer_small,21,ILSVRC2012_val_00000890.JPEG,final,14,stage3[3]+gap,7,7,low_score_extreme,0.15,0,True,-0.2236776351928711,-0.05742877721786499,False,0.30865180492401123
visformer_small,22,ILSVRC2012_val_00000989.JPEG,final,14,stage3[3]+gap,7,7,low_score_extreme,0.15,0,True,0.13158607482910156,0.03658419847488403,False,0.31076881289482117
visformer_small,23,ILSVRC2012_val_00001094.JPEG,final,14,stage3[3]+gap,7,7,low_score_extreme,0.15,0,True,0.22972917556762695,0.06462410092353821,False,0.2948264181613922
visformer_small,16,ILSVRC2012_val_00000695.JPEG,final,14,stage3[3]+gap,7,7,low_score_extreme,0.15,1,True,0.18076515197753906,0.04539170861244202,False,0.31918469071388245
visformer_small,17,ILSVRC2012_val_00000724.JPEG,final,14,stage3[3]+gap,7,7,low_score_extreme,0.15,1,True,-0.10091638565063477,-0.027941495180130005,False,0.295022189617157
visformer_small,18,ILSVRC2012_val_00000781.JPEG,final,14,stage3[3]+gap,7,7,low_score_extreme,0.15,1,True,0.024807453155517578,0.006618916988372803,False,0.3253420293331146
visformer_small,19,ILSVRC2012_val_00000809.JPEG,final,14,stage3[3]+gap,7,7,low_score_extreme,0.15,1,True,0.20407724380493164,0.07671263813972473,False,0.26518118381500244
visformer_small,20,ILSVRC2012_val_00000871.JPEG,final,14,stage3[3]+gap,7,7,low_score_extreme,0.15,1,True,0.3140411376953125,0.06443025171756744,False,0.34256160259246826
visformer_small,21,ILSVRC2012_val_00000890.JPEG,final,14,stage3[3]+gap,7,7,low_score_extreme,0.15,1,True,-0.2236776351928711,-0.05742877721786499,False,0.30865180492401123
visformer_small,22,ILSVRC2012_val_00000989.JPEG,final,14,stage3[3]+gap,7,7,low_score_extreme,0.15,1,True,0.13158607482910156,0.03658419847488403,False,0.31076881289482117
visformer_small,23,ILSVRC2012_val_00001094.JPEG,final,14,stage3[3]+gap,7,7,low_score_extreme,0.15,1,True,0.22972917556762695,0.06462410092353821,False,0.2948264181613922
visformer_small,16,ILSVRC2012_val_00000695.JPEG,final,14,stage3[3]+gap,7,7,low_score_extreme,0.15,2,True,0.18076515197753906,0.04539170861244202,False,0.31918469071388245
visformer_small,17,ILSVRC2012_val_00000724.JPEG,final,14,stage3[3]+gap,7,7,low_score_extreme,0.15,2,True,-0.10091638565063477,-0.027941495180130005,False,0.295022189617157
visformer_small,18,ILSVRC2012_val_00000781.JPEG,final,14,stage3[3]+gap,7,7,low_score_extreme,0.15,2,True,0.024807453155517578,0.006618916988372803,False,0.3253420293331146
visformer_small,19,ILSVRC2012_val_00000809.JPEG,final,14,stage3[3]+gap,7,7,low_score_extreme,0.15,2,True,0.20407724380493164,0.07671263813972473,False,0.26518118381500244
visformer_small,20,ILSVRC2012_val_00000871.JPEG,final,14,stage3[3]+gap,7,7,low_score_extreme,0.15,2,True,0.3140411376953125,0.06443025171756744,False,0.34256160259246826
visformer_small,21,ILSVRC2012_val_00000890.JPEG,final,14,stage3[3]+gap,7,7,low_score_extreme,0.15,2,True,-0.2236776351928711,-0.05742877721786499,False,0.30865180492401123
visformer_small,22,ILSVRC2012_val_00000989.JPEG,final,14,stage3[3]+gap,7,7,low_score_extreme,0.15,2,True,0.13158607482910156,0.03658419847488403,False,0.31076881289482117
visformer_small,23,ILSVRC2012_val_00001094.JPEG,final,14,stage3[3]+gap,7,7,low_score_extreme,0.15,2,True,0.22972917556762695,0.06462410092353821,False,0.2948264181613922
visformer_small,16,ILSVRC2012_val_00000695.JPEG,final,14,stage3[3]+gap,7,7,low_score_extreme,0.15,3,True,0.18076515197753906,0.04539170861244202,False,0.31918469071388245
visformer_small,17,ILSVRC2012_val_00000724.JPEG,final,14,stage3[3]+gap,7,7,low_score_extreme,0.15,3,True,-0.10091638565063477,-0.027941495180130005,False,0.295022189617157
visformer_small,18,ILSVRC2012_val_00000781.JPEG,final,14,stage3[3]+gap,7,7,low_score_extreme,0.15,3,True,0.024807453155517578,0.006618916988372803,False,0.3253420293331146
visformer_small,19,ILSVRC2012_val_00000809.JPEG,final,14,stage3[3]+gap,7,7,low_score_extreme,0.15,3,True,0.20407724380493164,0.07671263813972473,False,0.26518118381500244
visformer_small,20,ILSVRC2012_val_00000871.JPEG,final,14,stage3[3]+gap,7,7,low_score_extreme,0.15,3,True,0.3140411376953125,0.06443025171756744,False,0.34256160259246826
visformer_small,21,ILSVRC2012_val_00000890.JPEG,final,14,stage3[3]+gap,7,7,low_score_extreme,0.15,3,True,-0.2236776351928711,-0.05742877721786499,False,0.30865180492401123
visformer_small,22,ILSVRC2012_val_00000989.JPEG,final,14,stage3[3]+gap,7,7,low_score_extreme,0.15,3,True,0.13158607482910156,0.03658419847488403,False,0.31076881289482117
visformer_small,23,ILSVRC2012_val_00001094.JPEG,final,14,stage3[3]+gap,7,7,low_score_extreme,0.15,3,True,0.22972917556762695,0.06462410092353821,False,0.2948264181613922
visformer_small,16,ILSVRC2012_val_00000695.JPEG,final,14,stage3[3]+gap,7,7,random_uniform,0.15,0,True,0.05341005325317383,0.009465664625167847,False,0.5969403386116028
visformer_small,17,ILSVRC2012_val_00000724.JPEG,final,14,stage3[3]+gap,7,7,random_uniform,0.15,0,True,-0.49865102767944336,-0.17578965425491333,False,0.6040312647819519
visformer_small,18,ILSVRC2012_val_00000781.JPEG,final,14,stage3[3]+gap,7,7,random_uniform,0.15,0,True,-0.2422161102294922,-0.05698281526565552,False,0.5247662663459778
visformer_small,19,ILSVRC2012_val_00000809.JPEG,final,14,stage3[3]+gap,7,7,random_uniform,0.15,0,True,0.27523231506347656,0.22977811098098755,False,0.4779900312423706
visformer_small,20,ILSVRC2012_val_00000871.JPEG,final,14,stage3[3]+gap,7,7,random_uniform,0.15,0,True,0.21103191375732422,0.03409656882286072,False,0.5628482103347778
visformer_small,21,ILSVRC2012_val_00000890.JPEG,final,14,stage3[3]+gap,7,7,random_uniform,0.15,0,True,-0.13604736328125,-0.03831133246421814,False,0.5914643406867981
visformer_small,22,ILSVRC2012_val_00000989.JPEG,final,14,stage3[3]+gap,7,7,random_uniform,0.15,0,True,0.006470680236816406,0.0013476014137268066,False,0.5427772998809814
visformer_small,23,ILSVRC2012_val_00001094.JPEG,final,14,stage3[3]+gap,7,7,random_uniform,0.15,0,True,-0.26569366455078125,-0.058409690856933594,False,0.5589981079101562
visformer_small,16,ILSVRC2012_val_00000695.JPEG,final,14,stage3[3]+gap,7,7,random_uniform,0.15,1,True,0.27344369888305664,0.0946359932422638,False,0.5538301467895508
visformer_small,17,ILSVRC2012_val_00000724.JPEG,final,14,stage3[3]+gap,7,7,random_uniform,0.15,1,True,-0.4897894859313965,-0.14180734753608704,False,0.572846531867981
visformer_small,18,ILSVRC2012_val_00000781.JPEG,final,14,stage3[3]+gap,7,7,random_uniform,0.15,1,True,-0.04388904571533203,-0.010667204856872559,False,0.5363082885742188
visformer_small,19,ILSVRC2012_val_00000809.JPEG,final,14,stage3[3]+gap,7,7,random_uniform,0.15,1,True,0.20040130615234375,0.14789658784866333,False,0.5108425617218018
visformer_small,20,ILSVRC2012_val_00000871.JPEG,final,14,stage3[3]+gap,7,7,random_uniform,0.15,1,True,-0.046875953674316406,-0.0017224997282028198,False,0.5218027234077454
visformer_small,21,ILSVRC2012_val_00000890.JPEG,final,14,stage3[3]+gap,7,7,random_uniform,0.15,1,True,-0.14889144897460938,-0.04213961958885193,False,0.506527841091156
visformer_small,22,ILSVRC2012_val_00000989.JPEG,final,14,stage3[3]+gap,7,7,random_uniform,0.15,1,True,0.004380226135253906,0.0028480589389801025,False,0.559287428855896
visformer_small,23,ILSVRC2012_val_00001094.JPEG,final,14,stage3[3]+gap,7,7,random_uniform,0.15,1,True,-0.20766735076904297,-0.0493292510509491,False,0.5047000050544739
visformer_small,16,ILSVRC2012_val_00000695.JPEG,final,14,stage3[3]+gap,7,7,random_uniform,0.15,2,True,0.10182523727416992,0.01493862271308899,False,0.6012095808982849
visformer_small,17,ILSVRC2012_val_00000724.JPEG,final,14,stage3[3]+gap,7,7,random_uniform,0.15,2,True,-0.35698843002319336,-0.07006922364234924,False,0.5791304707527161
visformer_small,18,ILSVRC2012_val_00000781.JPEG,final,14,stage3[3]+gap,7,7,random_uniform,0.15,2,True,-0.027658462524414062,-0.002347320318222046,False,0.5875193476676941
visformer_small,19,ILSVRC2012_val_00000809.JPEG,final,14,stage3[3]+gap,7,7,random_uniform,0.15,2,True,0.16772842407226562,0.04113700985908508,False,0.40831130743026733
visformer_small,20,ILSVRC2012_val_00000871.JPEG,final,14,stage3[3]+gap,7,7,random_uniform,0.15,2,True,0.012332916259765625,0.0020429641008377075,False,0.5639247298240662
visformer_small,21,ILSVRC2012_val_00000890.JPEG,final,14,stage3[3]+gap,7,7,random_uniform,0.15,2,True,-0.24730777740478516,-0.061543941497802734,False,0.614585280418396
visformer_small,22,ILSVRC2012_val_00000989.JPEG,final,14,stage3[3]+gap,7,7,random_uniform,0.15,2,True,-0.3620600700378418,-0.09332241117954254,False,0.5300466418266296
visformer_small,23,ILSVRC2012_val_00001094.JPEG,final,14,stage3[3]+gap,7,7,random_uniform,0.15,2,True,-0.15051555633544922,-0.03536278009414673,False,0.5115174055099487
visformer_small,16,ILSVRC2012_val_00000695.JPEG,final,14,stage3[3]+gap,7,7,random_uniform,0.15,3,True,0.1592717170715332,0.044474631547927856,False,0.4615857005119324
visformer_small,17,ILSVRC2012_val_00000724.JPEG,final,14,stage3[3]+gap,7,7,random_uniform,0.15,3,True,-0.33257532119750977,-0.10448580980300903,False,0.5615592002868652
visformer_small,18,ILSVRC2012_val_00000781.JPEG,final,14,stage3[3]+gap,7,7,random_uniform,0.15,3,True,0.09854650497436523,0.021282225847244263,False,0.5458129644393921
visformer_small,19,ILSVRC2012_val_00000809.JPEG,final,14,stage3[3]+gap,7,7,random_uniform,0.15,3,True,0.14383411407470703,0.0949486494064331,False,0.5170513391494751
visformer_small,20,ILSVRC2012_val_00000871.JPEG,final,14,stage3[3]+gap,7,7,random_uniform,0.15,3,True,0.13021373748779297,0.027797609567642212,False,0.6151119470596313
visformer_small,21,ILSVRC2012_val_00000890.JPEG,final,14,stage3[3]+gap,7,7,random_uniform,0.15,3,True,-0.14917945861816406,-0.04235321283340454,False,0.6119852066040039
visformer_small,22,ILSVRC2012_val_00000989.JPEG,final,14,stage3[3]+gap,7,7,random_uniform,0.15,3,True,0.011573314666748047,0.0019652843475341797,False,0.597144365310669
visformer_small,23,ILSVRC2012_val_00001094.JPEG,final,14,stage3[3]+gap,7,7,random_uniform,0.15,3,True,-0.07974100112915039,-0.026281267404556274,False,0.5239124298095703
visformer_small,16,ILSVRC2012_val_00000695.JPEG,final,14,stage3[3]+gap,7,7,score_deviation_extreme,0.15,0,True,0.09808969497680664,0.021741420030593872,False,0.4184452295303345
visformer_small,17,ILSVRC2012_val_00000724.JPEG,final,14,stage3[3]+gap,7,7,score_deviation_extreme,0.15,0,True,-0.38852930068969727,-0.12897422909736633,False,0.5749603509902954
visformer_small,18,ILSVRC2012_val_00000781.JPEG,final,14,stage3[3]+gap,7,7,score_deviation_extreme,0.15,0,True,0.0474705696105957,0.013860702514648438,False,0.3715040385723114
visformer_small,19,ILSVRC2012_val_00000809.JPEG,final,14,stage3[3]+gap,7,7,score_deviation_extreme,0.15,0,True,0.20407724380493164,0.07671263813972473,False,0.26518118381500244
visformer_small,20,ILSVRC2012_val_00000871.JPEG,final,14,stage3[3]+gap,7,7,score_deviation_extreme,0.15,0,True,0.012394905090332031,0.00633278489112854,False,0.510343611240387
visformer_small,21,ILSVRC2012_val_00000890.JPEG,final,14,stage3[3]+gap,7,7,score_deviation_extreme,0.15,0,True,-0.2236776351928711,-0.05742877721786499,False,0.30865180492401123
visformer_small,22,ILSVRC2012_val_00000989.JPEG,final,14,stage3[3]+gap,7,7,score_deviation_extreme,0.15,0,True,0.13158607482910156,0.03658419847488403,False,0.31076881289482117
visformer_small,23,ILSVRC2012_val_00001094.JPEG,final,14,stage3[3]+gap,7,7,score_deviation_extreme,0.15,0,True,0.22972917556762695,0.06462410092353821,False,0.2948264181613922
visformer_small,16,ILSVRC2012_val_00000695.JPEG,final,14,stage3[3]+gap,7,7,score_deviation_extreme,0.15,1,True,0.09808969497680664,0.021741420030593872,False,0.4184452295303345
visformer_small,17,ILSVRC2012_val_00000724.JPEG,final,14,stage3[3]+gap,7,7,score_deviation_extreme,0.15,1,True,-0.38852930068969727,-0.12897422909736633,False,0.5749603509902954
visformer_small,18,ILSVRC2012_val_00000781.JPEG,final,14,stage3[3]+gap,7,7,score_deviation_extreme,0.15,1,True,0.0474705696105957,0.013860702514648438,False,0.3715040385723114
visformer_small,19,ILSVRC2012_val_00000809.JPEG,final,14,stage3[3]+gap,7,7,score_deviation_extreme,0.15,1,True,0.20407724380493164,0.07671263813972473,False,0.26518118381500244
visformer_small,20,ILSVRC2012_val_00000871.JPEG,final,14,stage3[3]+gap,7,7,score_deviation_extreme,0.15,1,True,0.012394905090332031,0.00633278489112854,False,0.510343611240387
visformer_small,21,ILSVRC2012_val_00000890.JPEG,final,14,stage3[3]+gap,7,7,score_deviation_extreme,0.15,1,True,-0.2236776351928711,-0.05742877721786499,False,0.30865180492401123
visformer_small,22,ILSVRC2012_val_00000989.JPEG,final,14,stage3[3]+gap,7,7,score_deviation_extreme,0.15,1,True,0.13158607482910156,0.03658419847488403,False,0.31076881289482117
visformer_small,23,ILSVRC2012_val_00001094.JPEG,final,14,stage3[3]+gap,7,7,score_deviation_extreme,0.15,1,True,0.22972917556762695,0.06462410092353821,False,0.2948264181613922
visformer_small,16,ILSVRC2012_val_00000695.JPEG,final,14,stage3[3]+gap,7,7,score_deviation_extreme,0.15,2,True,0.09808969497680664,0.021741420030593872,False,0.4184452295303345
visformer_small,17,ILSVRC2012_val_00000724.JPEG,final,14,stage3[3]+gap,7,7,score_deviation_extreme,0.15,2,True,-0.38852930068969727,-0.12897422909736633,False,0.5749603509902954
visformer_small,18,ILSVRC2012_val_00000781.JPEG,final,14,stage3[3]+gap,7,7,score_deviation_extreme,0.15,2,True,0.0474705696105957,0.013860702514648438,False,0.3715040385723114
visformer_small,19,ILSVRC2012_val_00000809.JPEG,final,14,stage3[3]+gap,7,7,score_deviation_extreme,0.15,2,True,0.20407724380493164,0.07671263813972473,False,0.26518118381500244
visformer_small,20,ILSVRC2012_val_00000871.JPEG,final,14,stage3[3]+gap,7,7,score_deviation_extreme,0.15,2,True,0.012394905090332031,0.00633278489112854,False,0.510343611240387
visformer_small,21,ILSVRC2012_val_00000890.JPEG,final,14,stage3[3]+gap,7,7,score_deviation_extreme,0.15,2,True,-0.2236776351928711,-0.05742877721786499,False,0.30865180492401123
visformer_small,22,ILSVRC2012_val_00000989.JPEG,final,14,stage3[3]+gap,7,7,score_deviation_extreme,0.15,2,True,0.13158607482910156,0.03658419847488403,False,0.31076881289482117
visformer_small,23,ILSVRC2012_val_00001094.JPEG,final,14,stage3[3]+gap,7,7,score_deviation_extreme,0.15,2,True,0.22972917556762695,0.06462410092353821,False,0.2948264181613922
visformer_small,16,ILSVRC2012_val_00000695.JPEG,final,14,stage3[3]+gap,7,7,score_deviation_extreme,0.15,3,True,0.09808969497680664,0.021741420030593872,False,0.4184452295303345
visformer_small,17,ILSVRC2012_val_00000724.JPEG,final,14,stage3[3]+gap,7,7,score_deviation_extreme,0.15,3,True,-0.38852930068969727,-0.12897422909736633,False,0.5749603509902954
visformer_small,18,ILSVRC2012_val_00000781.JPEG,final,14,stage3[3]+gap,7,7,score_deviation_extreme,0.15,3,True,0.0474705696105957,0.013860702514648438,False,0.3715040385723114
visformer_small,19,ILSVRC2012_val_00000809.JPEG,final,14,stage3[3]+gap,7,7,score_deviation_extreme,0.15,3,True,0.20407724380493164,0.07671263813972473,False,0.26518118381500244
visformer_small,20,ILSVRC2012_val_00000871.JPEG,final,14,stage3[3]+gap,7,7,score_deviation_extreme,0.15,3,True,0.012394905090332031,0.00633278489112854,False,0.510343611240387
visformer_small,21,ILSVRC2012_val_00000890.JPEG,final,14,stage3[3]+gap,7,7,score_deviation_extreme,0.15,3,True,-0.2236776351928711,-0.05742877721786499,False,0.30865180492401123
visformer_small,22,ILSVRC2012_val_00000989.JPEG,final,14,stage3[3]+gap,7,7,score_deviation_extreme,0.15,3,True,0.13158607482910156,0.03658419847488403,False,0.31076881289482117
visformer_small,23,ILSVRC2012_val_00001094.JPEG,final,14,stage3[3]+gap,7,7,score_deviation_extreme,0.15,3,True,0.22972917556762695,0.06462410092353821,False,0.2948264181613922
visformer_small,24,ILSVRC2012_val_00001115.JPEG,early,0,feature_modules[0],28,28,high_score_extreme,0.15,0,True,2.254263401031494,2.0643227100372314,False,0.8264960646629333
visformer_small,25,ILSVRC2012_val_00001343.JPEG,early,0,feature_modules[0],28,28,high_score_extreme,0.15,0,True,-0.25390625,-0.044430941343307495,False,0.9163298606872559
visformer_small,26,ILSVRC2012_val_00001379.JPEG,early,0,feature_modules[0],28,28,high_score_extreme,0.15,0,True,0.38465356826782227,0.1949513554573059,False,0.7850414514541626
visformer_small,27,ILSVRC2012_val_00001425.JPEG,early,0,feature_modules[0],28,28,high_score_extreme,0.15,0,True,-0.17347049713134766,-0.01855406165122986,False,0.7610640525817871
visformer_small,28,ILSVRC2012_val_00001434.JPEG,early,0,feature_modules[0],28,28,high_score_extreme,0.15,0,True,0.24930095672607422,0.0685529112815857,False,0.8644418120384216
visformer_small,29,ILSVRC2012_val_00001435.JPEG,early,0,feature_modules[0],28,28,high_score_extreme,0.15,0,True,0.26071786880493164,0.06241843104362488,False,0.8037989139556885
visformer_small,30,ILSVRC2012_val_00001512.JPEG,early,0,feature_modules[0],28,28,high_score_extreme,0.15,0,True,0.5088043212890625,0.202487051486969,False,0.7800250053405762
visformer_small,31,ILSVRC2012_val_00001537.JPEG,early,0,feature_modules[0],28,28,high_score_extreme,0.15,0,True,0.9054360389709473,0.4033820927143097,False,0.7221484184265137
visformer_small,24,ILSVRC2012_val_00001115.JPEG,early,0,feature_modules[0],28,28,high_score_extreme,0.15,1,True,2.254263401031494,2.0643227100372314,False,0.8264960646629333
visformer_small,25,ILSVRC2012_val_00001343.JPEG,early,0,feature_modules[0],28,28,high_score_extreme,0.15,1,True,-0.25390625,-0.044430941343307495,False,0.9163298606872559
visformer_small,26,ILSVRC2012_val_00001379.JPEG,early,0,feature_modules[0],28,28,high_score_extreme,0.15,1,True,0.38465356826782227,0.1949513554573059,False,0.7850414514541626
visformer_small,27,ILSVRC2012_val_00001425.JPEG,early,0,feature_modules[0],28,28,high_score_extreme,0.15,1,True,-0.17347049713134766,-0.01855406165122986,False,0.7610640525817871
visformer_small,28,ILSVRC2012_val_00001434.JPEG,early,0,feature_modules[0],28,28,high_score_extreme,0.15,1,True,0.24930095672607422,0.0685529112815857,False,0.8644418120384216
visformer_small,29,ILSVRC2012_val_00001435.JPEG,early,0,feature_modules[0],28,28,high_score_extreme,0.15,1,True,0.26071786880493164,0.06241843104362488,False,0.8037989139556885
visformer_small,30,ILSVRC2012_val_00001512.JPEG,early,0,feature_modules[0],28,28,high_score_extreme,0.15,1,True,0.5088043212890625,0.202487051486969,False,0.7800250053405762
visformer_small,31,ILSVRC2012_val_00001537.JPEG,early,0,feature_modules[0],28,28,high_score_extreme,0.15,1,True,0.9054360389709473,0.4033820927143097,False,0.7221484184265137
visformer_small,24,ILSVRC2012_val_00001115.JPEG,early,0,feature_modules[0],28,28,high_score_extreme,0.15,2,True,2.254263401031494,2.0643227100372314,False,0.8264960646629333
visformer_small,25,ILSVRC2012_val_00001343.JPEG,early,0,feature_modules[0],28,28,high_score_extreme,0.15,2,True,-0.25390625,-0.044430941343307495,False,0.9163298606872559
visformer_small,26,ILSVRC2012_val_00001379.JPEG,early,0,feature_modules[0],28,28,high_score_extreme,0.15,2,True,0.38465356826782227,0.1949513554573059,False,0.7850414514541626
visformer_small,27,ILSVRC2012_val_00001425.JPEG,early,0,feature_modules[0],28,28,high_score_extreme,0.15,2,True,-0.17347049713134766,-0.01855406165122986,False,0.7610640525817871
visformer_small,28,ILSVRC2012_val_00001434.JPEG,early,0,feature_modules[0],28,28,high_score_extreme,0.15,2,True,0.24930095672607422,0.0685529112815857,False,0.8644418120384216
visformer_small,29,ILSVRC2012_val_00001435.JPEG,early,0,feature_modules[0],28,28,high_score_extreme,0.15,2,True,0.26071786880493164,0.06241843104362488,False,0.8037989139556885
visformer_small,30,ILSVRC2012_val_00001512.JPEG,early,0,feature_modules[0],28,28,high_score_extreme,0.15,2,True,0.5088043212890625,0.202487051486969,False,0.7800250053405762
visformer_small,31,ILSVRC2012_val_00001537.JPEG,early,0,feature_modules[0],28,28,high_score_extreme,0.15,2,True,0.9054360389709473,0.4033820927143097,False,0.7221484184265137
visformer_small,24,ILSVRC2012_val_00001115.JPEG,early,0,feature_modules[0],28,28,high_score_extreme,0.15,3,True,2.254263401031494,2.0643227100372314,False,0.8264960646629333
visformer_small,25,ILSVRC2012_val_00001343.JPEG,early,0,feature_modules[0],28,28,high_score_extreme,0.15,3,True,-0.25390625,-0.044430941343307495,False,0.9163298606872559
visformer_small,26,ILSVRC2012_val_00001379.JPEG,early,0,feature_modules[0],28,28,high_score_extreme,0.15,3,True,0.38465356826782227,0.1949513554573059,False,0.7850414514541626
visformer_small,27,ILSVRC2012_val_00001425.JPEG,early,0,feature_modules[0],28,28,high_score_extreme,0.15,3,True,-0.17347049713134766,-0.01855406165122986,False,0.7610640525817871
visformer_small,28,ILSVRC2012_val_00001434.JPEG,early,0,feature_modules[0],28,28,high_score_extreme,0.15,3,True,0.24930095672607422,0.0685529112815857,False,0.8644418120384216
visformer_small,29,ILSVRC2012_val_00001435.JPEG,early,0,feature_modules[0],28,28,high_score_extreme,0.15,3,True,0.26071786880493164,0.06241843104362488,False,0.8037989139556885
visformer_small,30,ILSVRC2012_val_00001512.JPEG,early,0,feature_modules[0],28,28,high_score_extreme,0.15,3,True,0.5088043212890625,0.202487051486969,False,0.7800250053405762
visformer_small,31,ILSVRC2012_val_00001537.JPEG,early,0,feature_modules[0],28,28,high_score_extreme,0.15,3,True,0.9054360389709473,0.4033820927143097,False,0.7221484184265137
visformer_small,24,ILSVRC2012_val_00001115.JPEG,early,0,feature_modules[0],28,28,low_score_extreme,0.15,0,True,0.2786698341369629,0.1539626121520996,False,0.5031876564025879
visformer_small,25,ILSVRC2012_val_00001343.JPEG,early,0,feature_modules[0],28,28,low_score_extreme,0.15,0,True,0.39177465438842773,0.11384373903274536,False,0.17198479175567627
visformer_small,26,ILSVRC2012_val_00001379.JPEG,early,0,feature_modules[0],28,28,low_score_extreme,0.15,0,True,-0.4448680877685547,-0.10477036237716675,False,0.5380605459213257
visformer_small,27,ILSVRC2012_val_00001425.JPEG,early,0,feature_modules[0],28,28,low_score_extreme,0.15,0,True,0.11486291885375977,0.2444206178188324,False,0.30673205852508545
visformer_small,28,ILSVRC2012_val_00001434.JPEG,early,0,feature_modules[0],28,28,low_score_extreme,0.15,0,True,0.2435317039489746,0.060985684394836426,False,0.5032108426094055
visformer_small,29,ILSVRC2012_val_00001435.JPEG,early,0,feature_modules[0],28,28,low_score_extreme,0.15,0,True,0.13918447494506836,0.0290757417678833,False,0.3428654670715332
visformer_small,30,ILSVRC2012_val_00001512.JPEG,early,0,feature_modules[0],28,28,low_score_extreme,0.15,0,True,-0.1521463394165039,-0.0016415417194366455,False,0.2056381106376648
visformer_small,31,ILSVRC2012_val_00001537.JPEG,early,0,feature_modules[0],28,28,low_score_extreme,0.15,0,True,0.15987253189086914,0.042701929807662964,False,0.3584572672843933
visformer_small,24,ILSVRC2012_val_00001115.JPEG,early,0,feature_modules[0],28,28,low_score_extreme,0.15,1,True,0.2786698341369629,0.1539626121520996,False,0.5031876564025879
visformer_small,25,ILSVRC2012_val_00001343.JPEG,early,0,feature_modules[0],28,28,low_score_extreme,0.15,1,True,0.39177465438842773,0.11384373903274536,False,0.17198479175567627
visformer_small,26,ILSVRC2012_val_00001379.JPEG,early,0,feature_modules[0],28,28,low_score_extreme,0.15,1,True,-0.4448680877685547,-0.10477036237716675,False,0.5380605459213257
visformer_small,27,ILSVRC2012_val_00001425.JPEG,early,0,feature_modules[0],28,28,low_score_extreme,0.15,1,True,0.11486291885375977,0.2444206178188324,False,0.30673205852508545
visformer_small,28,ILSVRC2012_val_00001434.JPEG,early,0,feature_modules[0],28,28,low_score_extreme,0.15,1,True,0.2435317039489746,0.060985684394836426,False,0.5032108426094055
visformer_small,29,ILSVRC2012_val_00001435.JPEG,early,0,feature_modules[0],28,28,low_score_extreme,0.15,1,True,0.13918447494506836,0.0290757417678833,False,0.3428654670715332
visformer_small,30,ILSVRC2012_val_00001512.JPEG,early,0,feature_modules[0],28,28,low_score_extreme,0.15,1,True,-0.1521463394165039,-0.0016415417194366455,False,0.2056381106376648
visformer_small,31,ILSVRC2012_val_00001537.JPEG,early,0,feature_modules[0],28,28,low_score_extreme,0.15,1,True,0.15987253189086914,0.042701929807662964,False,0.3584572672843933
visformer_small,24,ILSVRC2012_val_00001115.JPEG,early,0,feature_modules[0],28,28,low_score_extreme,0.15,2,True,0.2786698341369629,0.1539626121520996,False,0.5031876564025879
visformer_small,25,ILSVRC2012_val_00001343.JPEG,early,0,feature_modules[0],28,28,low_score_extreme,0.15,2,True,0.39177465438842773,0.11384373903274536,False,0.17198479175567627
visformer_small,26,ILSVRC2012_val_00001379.JPEG,early,0,feature_modules[0],28,28,low_score_extreme,0.15,2,True,-0.4448680877685547,-0.10477036237716675,False,0.5380605459213257
visformer_small,27,ILSVRC2012_val_00001425.JPEG,early,0,feature_modules[0],28,28,low_score_extreme,0.15,2,True,0.11486291885375977,0.2444206178188324,False,0.30673205852508545
visformer_small,28,ILSVRC2012_val_00001434.JPEG,early,0,feature_modules[0],28,28,low_score_extreme,0.15,2,True,0.2435317039489746,0.060985684394836426,False,0.5032108426094055
visformer_small,29,ILSVRC2012_val_00001435.JPEG,early,0,feature_modules[0],28,28,low_score_extreme,0.15,2,True,0.13918447494506836,0.0290757417678833,False,0.3428654670715332
visformer_small,30,ILSVRC2012_val_00001512.JPEG,early,0,feature_modules[0],28,28,low_score_extreme,0.15,2,True,-0.1521463394165039,-0.0016415417194366455,False,0.2056381106376648
visformer_small,31,ILSVRC2012_val_00001537.JPEG,early,0,feature_modules[0],28,28,low_score_extreme,0.15,2,True,0.15987253189086914,0.042701929807662964,False,0.3584572672843933
visformer_small,24,ILSVRC2012_val_00001115.JPEG,early,0,feature_modules[0],28,28,low_score_extreme,0.15,3,True,0.2786698341369629,0.1539626121520996,False,0.5031876564025879
visformer_small,25,ILSVRC2012_val_00001343.JPEG,early,0,feature_modules[0],28,28,low_score_extreme,0.15,3,True,0.39177465438842773,0.11384373903274536,False,0.17198479175567627
visformer_small,26,ILSVRC2012_val_00001379.JPEG,early,0,feature_modules[0],28,28,low_score_extreme,0.15,3,True,-0.4448680877685547,-0.10477036237716675,False,0.5380605459213257
visformer_small,27,ILSVRC2012_val_00001425.JPEG,early,0,feature_modules[0],28,28,low_score_extreme,0.15,3,True,0.11486291885375977,0.2444206178188324,False,0.30673205852508545
visformer_small,28,ILSVRC2012_val_00001434.JPEG,early,0,feature_modules[0],28,28,low_score_extreme,0.15,3,True,0.2435317039489746,0.060985684394836426,False,0.5032108426094055
visformer_small,29,ILSVRC2012_val_00001435.JPEG,early,0,feature_modules[0],28,28,low_score_extreme,0.15,3,True,0.13918447494506836,0.0290757417678833,False,0.3428654670715332
visformer_small,30,ILSVRC2012_val_00001512.JPEG,early,0,feature_modules[0],28,28,low_score_extreme,0.15,3,True,-0.1521463394165039,-0.0016415417194366455,False,0.2056381106376648
visformer_small,31,ILSVRC2012_val_00001537.JPEG,early,0,feature_modules[0],28,28,low_score_extreme,0.15,3,True,0.15987253189086914,0.042701929807662964,False,0.3584572672843933
visformer_small,24,ILSVRC2012_val_00001115.JPEG,early,0,feature_modules[0],28,28,random_uniform,0.15,0,True,1.986677646636963,1.596348762512207,False,0.7101534605026245
visformer_small,25,ILSVRC2012_val_00001343.JPEG,early,0,feature_modules[0],28,28,random_uniform,0.15,0,True,0.37558746337890625,0.13283312320709229,False,0.7302955389022827
visformer_small,26,ILSVRC2012_val_00001379.JPEG,early,0,feature_modules[0],28,28,random_uniform,0.15,0,True,0.9170446395874023,0.5541282296180725,False,0.6859874129295349
visformer_small,27,ILSVRC2012_val_00001425.JPEG,early,0,feature_modules[0],28,28,random_uniform,0.15,0,True,0.7738862037658691,0.7177747488021851,False,0.5710858702659607
visformer_small,28,ILSVRC2012_val_00001434.JPEG,early,0,feature_modules[0],28,28,random_uniform,0.15,0,True,0.9248461723327637,0.32750335335731506,False,0.7071477174758911
visformer_small,29,ILSVRC2012_val_00001435.JPEG,early,0,feature_modules[0],28,28,random_uniform,0.15,0,True,0.24386167526245117,0.15863940119743347,False,0.5970439314842224
visformer_small,30,ILSVRC2012_val_00001512.JPEG,early,0,feature_modules[0],28,28,random_uniform,0.15,0,True,-0.31954193115234375,-0.06099537014961243,False,0.5538502335548401
visformer_small,31,ILSVRC2012_val_00001537.JPEG,early,0,feature_modules[0],28,28,random_uniform,0.15,0,True,1.138169765472412,0.6654549837112427,False,0.5403125286102295
visformer_small,24,ILSVRC2012_val_00001115.JPEG,early,0,feature_modules[0],28,28,random_uniform,0.15,1,True,1.6962876319885254,1.3925443887710571,False,0.7121176719665527
visformer_small,25,ILSVRC2012_val_00001343.JPEG,early,0,feature_modules[0],28,28,random_uniform,0.15,1,True,0.7662053108215332,0.29497823119163513,False,0.6677960157394409
visformer_small,26,ILSVRC2012_val_00001379.JPEG,early,0,feature_modules[0],28,28,random_uniform,0.15,1,True,0.235504150390625,0.14428651332855225,False,0.6830700635910034
visformer_small,27,ILSVRC2012_val_00001425.JPEG,early,0,feature_modules[0],28,28,random_uniform,0.15,1,True,0.8942770957946777,0.4361884891986847,False,0.5563998222351074
visformer_small,28,ILSVRC2012_val_00001434.JPEG,early,0,feature_modules[0],28,28,random_uniform,0.15,1,True,0.6969990730285645,0.23696836829185486,False,0.718643069267273
visformer_small,29,ILSVRC2012_val_00001435.JPEG,early,0,feature_modules[0],28,28,random_uniform,0.15,1,True,-0.6691570281982422,-0.09863398969173431,False,0.6000996232032776
visformer_small,30,ILSVRC2012_val_00001512.JPEG,early,0,feature_modules[0],28,28,random_uniform,0.15,1,True,0.008708000183105469,0.03346356749534607,False,0.5235621929168701
visformer_small,31,ILSVRC2012_val_00001537.JPEG,early,0,feature_modules[0],28,28,random_uniform,0.15,1,True,0.9759235382080078,0.5050832033157349,False,0.552342414855957
visformer_small,24,ILSVRC2012_val_00001115.JPEG,early,0,feature_modules[0],28,28,random_uniform,0.15,2,True,2.118824005126953,1.9108312129974365,True,0.6881950497627258
visformer_small,25,ILSVRC2012_val_00001343.JPEG,early,0,feature_modules[0],28,28,random_uniform,0.15,2,True,0.34716176986694336,0.13555407524108887,False,0.6870271563529968
visformer_small,26,ILSVRC2012_val_00001379.JPEG,early,0,feature_modules[0],28,28,random_uniform,0.15,2,True,0.14243507385253906,0.07428339123725891,False,0.6903384327888489
visformer_small,27,ILSVRC2012_val_00001425.JPEG,early,0,feature_modules[0],28,28,random_uniform,0.15,2,True,0.9418954849243164,1.0778536796569824,True,0.5674554109573364
visformer_small,28,ILSVRC2012_val_00001434.JPEG,early,0,feature_modules[0],28,28,random_uniform,0.15,2,True,0.8954887390136719,0.3147872984409332,False,0.720777690410614
visformer_small,29,ILSVRC2012_val_00001435.JPEG,early,0,feature_modules[0],28,28,random_uniform,0.15,2,True,0.7230873107910156,0.35025516152381897,False,0.5583983659744263
visformer_small,30,ILSVRC2012_val_00001512.JPEG,early,0,feature_modules[0],28,28,random_uniform,0.15,2,True,-0.292572021484375,-0.029909759759902954,False,0.5453537702560425
visformer_small,31,ILSVRC2012_val_00001537.JPEG,early,0,feature_modules[0],28,28,random_uniform,0.15,2,True,1.4411940574645996,0.7358237504959106,False,0.5528302192687988
visformer_small,24,ILSVRC2012_val_00001115.JPEG,early,0,feature_modules[0],28,28,random_uniform,0.15,3,True,3.2813901901245117,3.2075488567352295,True,0.7235029935836792
visformer_small,25,ILSVRC2012_val_00001343.JPEG,early,0,feature_modules[0],28,28,random_uniform,0.15,3,True,0.42198657989501953,0.15068811178207397,False,0.7029387950897217
visformer_small,26,ILSVRC2012_val_00001379.JPEG,early,0,feature_modules[0],28,28,random_uniform,0.15,3,True,0.0689706802368164,0.008188813924789429,False,0.6833159923553467
visformer_small,27,ILSVRC2012_val_00001425.JPEG,early,0,feature_modules[0],28,28,random_uniform,0.15,3,True,1.3792271614074707,1.0955692529678345,True,0.5664278864860535
visformer_small,28,ILSVRC2012_val_00001434.JPEG,early,0,feature_modules[0],28,28,random_uniform,0.15,3,True,0.3776121139526367,0.1209377646446228,False,0.7324376702308655
visformer_small,29,ILSVRC2012_val_00001435.JPEG,early,0,feature_modules[0],28,28,random_uniform,0.15,3,True,0.576897144317627,0.1737682819366455,False,0.6106938123703003
visformer_small,30,ILSVRC2012_val_00001512.JPEG,early,0,feature_modules[0],28,28,random_uniform,0.15,3,True,-0.07653141021728516,0.0005795955657958984,False,0.5540673732757568
visformer_small,31,ILSVRC2012_val_00001537.JPEG,early,0,feature_modules[0],28,28,random_uniform,0.15,3,True,1.8904728889465332,1.1070235967636108,False,0.5363776683807373
visformer_small,24,ILSVRC2012_val_00001115.JPEG,early,0,feature_modules[0],28,28,score_deviation_extreme,0.15,0,True,1.1242475509643555,0.6170119047164917,False,0.5428524613380432
visformer_small,25,ILSVRC2012_val_00001343.JPEG,early,0,feature_modules[0],28,28,score_deviation_extreme,0.15,0,True,0.39177465438842773,0.11384373903274536,False,0.17198479175567627
visformer_small,26,ILSVRC2012_val_00001379.JPEG,early,0,feature_modules[0],28,28,score_deviation_extreme,0.15,0,True,-0.45708179473876953,-0.15299329161643982,False,0.5715827345848083
visformer_small,27,ILSVRC2012_val_00001425.JPEG,early,0,feature_modules[0],28,28,score_deviation_extreme,0.15,0,True,-0.07012081146240234,-0.02554941177368164,False,0.38559141755104065
visformer_small,28,ILSVRC2012_val_00001434.JPEG,early,0,feature_modules[0],28,28,score_deviation_extreme,0.15,0,True,0.24022960662841797,0.05947807431221008,False,0.5184251070022583
visformer_small,29,ILSVRC2012_val_00001435.JPEG,early,0,feature_modules[0],28,28,score_deviation_extreme,0.15,0,True,0.2467646598815918,0.059819698333740234,False,0.4291500449180603
visformer_small,30,ILSVRC2012_val_00001512.JPEG,early,0,feature_modules[0],28,28,score_deviation_extreme,0.15,0,True,-0.1521463394165039,-0.0016415417194366455,False,0.2056381106376648
visformer_small,31,ILSVRC2012_val_00001537.JPEG,early,0,feature_modules[0],28,28,score_deviation_extreme,0.15,0,True,0.8812856674194336,0.4169568121433258,False,0.47100013494491577
visformer_small,24,ILSVRC2012_val_00001115.JPEG,early,0,feature_modules[0],28,28,score_deviation_extreme,0.15,1,True,1.1242475509643555,0.6170119047164917,False,0.5428524613380432
visformer_small,25,ILSVRC2012_val_00001343.JPEG,early,0,feature_modules[0],28,28,score_deviation_extreme,0.15,1,True,0.39177465438842773,0.11384373903274536,False,0.17198479175567627
visformer_small,26,ILSVRC2012_val_00001379.JPEG,early,0,feature_modules[0],28,28,score_deviation_extreme,0.15,1,True,-0.45708179473876953,-0.15299329161643982,False,0.5715827345848083
visformer_small,27,ILSVRC2012_val_00001425.JPEG,early,0,feature_modules[0],28,28,score_deviation_extreme,0.15,1,True,-0.07012081146240234,-0.02554941177368164,False,0.38559141755104065
visformer_small,28,ILSVRC2012_val_00001434.JPEG,early,0,feature_modules[0],28,28,score_deviation_extreme,0.15,1,True,0.24022960662841797,0.05947807431221008,False,0.5184251070022583
visformer_small,29,ILSVRC2012_val_00001435.JPEG,early,0,feature_modules[0],28,28,score_deviation_extreme,0.15,1,True,0.2467646598815918,0.059819698333740234,False,0.4291500449180603
visformer_small,30,ILSVRC2012_val_00001512.JPEG,early,0,feature_modules[0],28,28,score_deviation_extreme,0.15,1,True,-0.1521463394165039,-0.0016415417194366455,False,0.2056381106376648
visformer_small,31,ILSVRC2012_val_00001537.JPEG,early,0,feature_modules[0],28,28,score_deviation_extreme,0.15,1,True,0.8812856674194336,0.4169568121433258,False,0.47100013494491577
visformer_small,24,ILSVRC2012_val_00001115.JPEG,early,0,feature_modules[0],28,28,score_deviation_extreme,0.15,2,True,1.1242475509643555,0.6170119047164917,False,0.5428524613380432
visformer_small,25,ILSVRC2012_val_00001343.JPEG,early,0,feature_modules[0],28,28,score_deviation_extreme,0.15,2,True,0.39177465438842773,0.11384373903274536,False,0.17198479175567627
visformer_small,26,ILSVRC2012_val_00001379.JPEG,early,0,feature_modules[0],28,28,score_deviation_extreme,0.15,2,True,-0.45708179473876953,-0.15299329161643982,False,0.5715827345848083
visformer_small,27,ILSVRC2012_val_00001425.JPEG,early,0,feature_modules[0],28,28,score_deviation_extreme,0.15,2,True,-0.07012081146240234,-0.02554941177368164,False,0.38559141755104065
visformer_small,28,ILSVRC2012_val_00001434.JPEG,early,0,feature_modules[0],28,28,score_deviation_extreme,0.15,2,True,0.24022960662841797,0.05947807431221008,False,0.5184251070022583
visformer_small,29,ILSVRC2012_val_00001435.JPEG,early,0,feature_modules[0],28,28,score_deviation_extreme,0.15,2,True,0.2467646598815918,0.059819698333740234,False,0.4291500449180603
visformer_small,30,ILSVRC2012_val_00001512.JPEG,early,0,feature_modules[0],28,28,score_deviation_extreme,0.15,2,True,-0.1521463394165039,-0.0016415417194366455,False,0.2056381106376648
visformer_small,31,ILSVRC2012_val_00001537.JPEG,early,0,feature_modules[0],28,28,score_deviation_extreme,0.15,2,True,0.8812856674194336,0.4169568121433258,False,0.47100013494491577
visformer_small,24,ILSVRC2012_val_00001115.JPEG,early,0,feature_modules[0],28,28,score_deviation_extreme,0.15,3,True,1.1242475509643555,0.6170119047164917,False,0.5428524613380432
visformer_small,25,ILSVRC2012_val_00001343.JPEG,early,0,feature_modules[0],28,28,score_deviation_extreme,0.15,3,True,0.39177465438842773,0.11384373903274536,False,0.17198479175567627
visformer_small,26,ILSVRC2012_val_00001379.JPEG,early,0,feature_modules[0],28,28,score_deviation_extreme,0.15,3,True,-0.45708179473876953,-0.15299329161643982,False,0.5715827345848083
visformer_small,27,ILSVRC2012_val_00001425.JPEG,early,0,feature_modules[0],28,28,score_deviation_extreme,0.15,3,True,-0.07012081146240234,-0.02554941177368164,False,0.38559141755104065
visformer_small,28,ILSVRC2012_val_00001434.JPEG,early,0,feature_modules[0],28,28,score_deviation_extreme,0.15,3,True,0.24022960662841797,0.05947807431221008,False,0.5184251070022583
visformer_small,29,ILSVRC2012_val_00001435.JPEG,early,0,feature_modules[0],28,28,score_deviation_extreme,0.15,3,True,0.2467646598815918,0.059819698333740234,False,0.4291500449180603
visformer_small,30,ILSVRC2012_val_00001512.JPEG,early,0,feature_modules[0],28,28,score_deviation_extreme,0.15,3,True,-0.1521463394165039,-0.0016415417194366455,False,0.2056381106376648
visformer_small,31,ILSVRC2012_val_00001537.JPEG,early,0,feature_modules[0],28,28,score_deviation_extreme,0.15,3,True,0.8812856674194336,0.4169568121433258,False,0.47100013494491577
visformer_small,24,ILSVRC2012_val_00001115.JPEG,mid,7,feature_modules[7],14,14,high_score_extreme,0.15,0,True,-0.3176569938659668,-0.10016381740570068,False,0.654104471206665
visformer_small,25,ILSVRC2012_val_00001343.JPEG,mid,7,feature_modules[7],14,14,high_score_extreme,0.15,0,True,-0.919011116027832,-0.15608477592468262,False,0.7805114388465881
visformer_small,26,ILSVRC2012_val_00001379.JPEG,mid,7,feature_modules[7],14,14,high_score_extreme,0.15,0,True,-0.1752300262451172,-0.04267996549606323,False,0.6109456419944763
visformer_small,27,ILSVRC2012_val_00001425.JPEG,mid,7,feature_modules[7],14,14,high_score_extreme,0.15,0,True,-0.3043785095214844,-0.0913185179233551,False,0.5367152690887451
visformer_small,28,ILSVRC2012_val_00001434.JPEG,mid,7,feature_modules[7],14,14,high_score_extreme,0.15,0,True,-0.09675407409667969,-0.026054173707962036,False,0.7127602696418762
visformer_small,29,ILSVRC2012_val_00001435.JPEG,mid,7,feature_modules[7],14,14,high_score_extreme,0.15,0,True,0.07102775573730469,0.008652746677398682,False,0.6343439221382141
visformer_small,30,ILSVRC2012_val_00001512.JPEG,mid,7,feature_modules[7],14,14,high_score_extreme,0.15,0,True,-0.16839313507080078,-0.0022828280925750732,False,0.5729517340660095
visformer_small,31,ILSVRC2012_val_00001537.JPEG,mid,7,feature_modules[7],14,14,high_score_extreme,0.15,0,True,0.2841968536376953,0.10765582323074341,False,0.6216303110122681
visformer_small,24,ILSVRC2012_val_00001115.JPEG,mid,7,feature_modules[7],14,14,high_score_extreme,0.15,1,True,-0.3176569938659668,-0.10016381740570068,False,0.654104471206665
visformer_small,25,ILSVRC2012_val_00001343.JPEG,mid,7,feature_modules[7],14,14,high_score_extreme,0.15,1,True,-0.919011116027832,-0.15608477592468262,False,0.7805114388465881
visformer_small,26,ILSVRC2012_val_00001379.JPEG,mid,7,feature_modules[7],14,14,high_score_extreme,0.15,1,True,-0.1752300262451172,-0.04267996549606323,False,0.6109456419944763
visformer_small,27,ILSVRC2012_val_00001425.JPEG,mid,7,feature_modules[7],14,14,high_score_extreme,0.15,1,True,-0.3043785095214844,-0.0913185179233551,False,0.5367152690887451
visformer_small,28,ILSVRC2012_val_00001434.JPEG,mid,7,feature_modules[7],14,14,high_score_extreme,0.15,1,True,-0.09675407409667969,-0.026054173707962036,False,0.7127602696418762
visformer_small,29,ILSVRC2012_val_00001435.JPEG,mid,7,feature_modules[7],14,14,high_score_extreme,0.15,1,True,0.07102775573730469,0.008652746677398682,False,0.6343439221382141
visformer_small,30,ILSVRC2012_val_00001512.JPEG,mid,7,feature_modules[7],14,14,high_score_extreme,0.15,1,True,-0.16839313507080078,-0.0022828280925750732,False,0.5729517340660095
visformer_small,31,ILSVRC2012_val_00001537.JPEG,mid,7,feature_modules[7],14,14,high_score_extreme,0.15,1,True,0.2841968536376953,0.10765582323074341,False,0.6216303110122681
visformer_small,24,ILSVRC2012_val_00001115.JPEG,mid,7,feature_modules[7],14,14,high_score_extreme,0.15,2,True,-0.3176569938659668,-0.10016381740570068,False,0.654104471206665
visformer_small,25,ILSVRC2012_val_00001343.JPEG,mid,7,feature_modules[7],14,14,high_score_extreme,0.15,2,True,-0.919011116027832,-0.15608477592468262,False,0.7805114388465881
visformer_small,26,ILSVRC2012_val_00001379.JPEG,mid,7,feature_modules[7],14,14,high_score_extreme,0.15,2,True,-0.1752300262451172,-0.04267996549606323,False,0.6109456419944763
visformer_small,27,ILSVRC2012_val_00001425.JPEG,mid,7,feature_modules[7],14,14,high_score_extreme,0.15,2,True,-0.3043785095214844,-0.0913185179233551,False,0.5367152690887451
visformer_small,28,ILSVRC2012_val_00001434.JPEG,mid,7,feature_modules[7],14,14,high_score_extreme,0.15,2,True,-0.09675407409667969,-0.026054173707962036,False,0.7127602696418762
visformer_small,29,ILSVRC2012_val_00001435.JPEG,mid,7,feature_modules[7],14,14,high_score_extreme,0.15,2,True,0.07102775573730469,0.008652746677398682,False,0.6343439221382141
visformer_small,30,ILSVRC2012_val_00001512.JPEG,mid,7,feature_modules[7],14,14,high_score_extreme,0.15,2,True,-0.16839313507080078,-0.0022828280925750732,False,0.5729517340660095
visformer_small,31,ILSVRC2012_val_00001537.JPEG,mid,7,feature_modules[7],14,14,high_score_extreme,0.15,2,True,0.2841968536376953,0.10765582323074341,False,0.6216303110122681
visformer_small,24,ILSVRC2012_val_00001115.JPEG,mid,7,feature_modules[7],14,14,high_score_extreme,0.15,3,True,-0.3176569938659668,-0.10016381740570068,False,0.654104471206665
visformer_small,25,ILSVRC2012_val_00001343.JPEG,mid,7,feature_modules[7],14,14,high_score_extreme,0.15,3,True,-0.919011116027832,-0.15608477592468262,False,0.7805114388465881
visformer_small,26,ILSVRC2012_val_00001379.JPEG,mid,7,feature_modules[7],14,14,high_score_extreme,0.15,3,True,-0.1752300262451172,-0.04267996549606323,False,0.6109456419944763
visformer_small,27,ILSVRC2012_val_00001425.JPEG,mid,7,feature_modules[7],14,14,high_score_extreme,0.15,3,True,-0.3043785095214844,-0.0913185179233551,False,0.5367152690887451
visformer_small,28,ILSVRC2012_val_00001434.JPEG,mid,7,feature_modules[7],14,14,high_score_extreme,0.15,3,True,-0.09675407409667969,-0.026054173707962036,False,0.7127602696418762
visformer_small,29,ILSVRC2012_val_00001435.JPEG,mid,7,feature_modules[7],14,14,high_score_extreme,0.15,3,True,0.07102775573730469,0.008652746677398682,False,0.6343439221382141
visformer_small,30,ILSVRC2012_val_00001512.JPEG,mid,7,feature_modules[7],14,14,high_score_extreme,0.15,3,True,-0.16839313507080078,-0.0022828280925750732,False,0.5729517340660095
visformer_small,31,ILSVRC2012_val_00001537.JPEG,mid,7,feature_modules[7],14,14,high_score_extreme,0.15,3,True,0.2841968536376953,0.10765582323074341,False,0.6216303110122681
visformer_small,24,ILSVRC2012_val_00001115.JPEG,mid,7,feature_modules[7],14,14,low_score_extreme,0.15,0,True,-0.20894622802734375,-0.046571284532547,False,0.16624797880649567
visformer_small,25,ILSVRC2012_val_00001343.JPEG,mid,7,feature_modules[7],14,14,low_score_extreme,0.15,0,True,0.30281782150268555,0.08041897416114807,False,0.05182668939232826
visformer_small,26,ILSVRC2012_val_00001379.JPEG,mid,7,feature_modules[7],14,14,low_score_extreme,0.15,0,True,-0.1104269027709961,-0.016922593116760254,False,0.2681773006916046
visformer_small,27,ILSVRC2012_val_00001425.JPEG,mid,7,feature_modules[7],14,14,low_score_extreme,0.15,0,True,0.022858619689941406,0.07384201884269714,False,0.12780648469924927
visformer_small,28,ILSVRC2012_val_00001434.JPEG,mid,7,feature_modules[7],14,14,low_score_extreme,0.15,0,True,-0.33779335021972656,-0.06886564195156097,False,0.20406575500965118
visformer_small,29,ILSVRC2012_val_00001435.JPEG,mid,7,feature_modules[7],14,14,low_score_extreme,0.15,0,True,0.10869264602661133,0.02574455738067627,False,0.25484412908554077
visformer_small,30,ILSVRC2012_val_00001512.JPEG,mid,7,feature_modules[7],14,14,low_score_extreme,0.15,0,True,0.07238006591796875,0.03428897261619568,False,0.17086882889270782
visformer_small,31,ILSVRC2012_val_00001537.JPEG,mid,7,feature_modules[7],14,14,low_score_extreme,0.15,0,True,0.532564640045166,0.22761449217796326,False,0.24544021487236023
visformer_small,24,ILSVRC2012_val_00001115.JPEG,mid,7,feature_modules[7],14,14,low_score_extreme,0.15,1,True,-0.20894622802734375,-0.046571284532547,False,0.16624797880649567
visformer_small,25,ILSVRC2012_val_00001343.JPEG,mid,7,feature_modules[7],14,14,low_score_extreme,0.15,1,True,0.30281782150268555,0.08041897416114807,False,0.05182668939232826
visformer_small,26,ILSVRC2012_val_00001379.JPEG,mid,7,feature_modules[7],14,14,low_score_extreme,0.15,1,True,-0.1104269027709961,-0.016922593116760254,False,0.2681773006916046
visformer_small,27,ILSVRC2012_val_00001425.JPEG,mid,7,feature_modules[7],14,14,low_score_extreme,0.15,1,True,0.022858619689941406,0.07384201884269714,False,0.12780648469924927
visformer_small,28,ILSVRC2012_val_00001434.JPEG,mid,7,feature_modules[7],14,14,low_score_extreme,0.15,1,True,-0.33779335021972656,-0.06886564195156097,False,0.20406575500965118
visformer_small,29,ILSVRC2012_val_00001435.JPEG,mid,7,feature_modules[7],14,14,low_score_extreme,0.15,1,True,0.10869264602661133,0.02574455738067627,False,0.25484412908554077
visformer_small,30,ILSVRC2012_val_00001512.JPEG,mid,7,feature_modules[7],14,14,low_score_extreme,0.15,1,True,0.07238006591796875,0.03428897261619568,False,0.17086882889270782
visformer_small,31,ILSVRC2012_val_00001537.JPEG,mid,7,feature_modules[7],14,14,low_score_extreme,0.15,1,True,0.532564640045166,0.22761449217796326,False,0.24544021487236023
visformer_small,24,ILSVRC2012_val_00001115.JPEG,mid,7,feature_modules[7],14,14,low_score_extreme,0.15,2,True,-0.20894622802734375,-0.046571284532547,False,0.16624797880649567
visformer_small,25,ILSVRC2012_val_00001343.JPEG,mid,7,feature_modules[7],14,14,low_score_extreme,0.15,2,True,0.30281782150268555,0.08041897416114807,False,0.05182668939232826
visformer_small,26,ILSVRC2012_val_00001379.JPEG,mid,7,feature_modules[7],14,14,low_score_extreme,0.15,2,True,-0.1104269027709961,-0.016922593116760254,False,0.2681773006916046
visformer_small,27,ILSVRC2012_val_00001425.JPEG,mid,7,feature_modules[7],14,14,low_score_extreme,0.15,2,True,0.022858619689941406,0.07384201884269714,False,0.12780648469924927
visformer_small,28,ILSVRC2012_val_00001434.JPEG,mid,7,feature_modules[7],14,14,low_score_extreme,0.15,2,True,-0.33779335021972656,-0.06886564195156097,False,0.20406575500965118
visformer_small,29,ILSVRC2012_val_00001435.JPEG,mid,7,feature_modules[7],14,14,low_score_extreme,0.15,2,True,0.10869264602661133,0.02574455738067627,False,0.25484412908554077
visformer_small,30,ILSVRC2012_val_00001512.JPEG,mid,7,feature_modules[7],14,14,low_score_extreme,0.15,2,True,0.07238006591796875,0.03428897261619568,False,0.17086882889270782
visformer_small,31,ILSVRC2012_val_00001537.JPEG,mid,7,feature_modules[7],14,14,low_score_extreme,0.15,2,True,0.532564640045166,0.22761449217796326,False,0.24544021487236023
visformer_small,24,ILSVRC2012_val_00001115.JPEG,mid,7,feature_modules[7],14,14,low_score_extreme,0.15,3,True,-0.20894622802734375,-0.046571284532547,False,0.16624797880649567
visformer_small,25,ILSVRC2012_val_00001343.JPEG,mid,7,feature_modules[7],14,14,low_score_extreme,0.15,3,True,0.30281782150268555,0.08041897416114807,False,0.05182668939232826
visformer_small,26,ILSVRC2012_val_00001379.JPEG,mid,7,feature_modules[7],14,14,low_score_extreme,0.15,3,True,-0.1104269027709961,-0.016922593116760254,False,0.2681773006916046
visformer_small,27,ILSVRC2012_val_00001425.JPEG,mid,7,feature_modules[7],14,14,low_score_extreme,0.15,3,True,0.022858619689941406,0.07384201884269714,False,0.12780648469924927
visformer_small,28,ILSVRC2012_val_00001434.JPEG,mid,7,feature_modules[7],14,14,low_score_extreme,0.15,3,True,-0.33779335021972656,-0.06886564195156097,False,0.20406575500965118
visformer_small,29,ILSVRC2012_val_00001435.JPEG,mid,7,feature_modules[7],14,14,low_score_extreme,0.15,3,True,0.10869264602661133,0.02574455738067627,False,0.25484412908554077
visformer_small,30,ILSVRC2012_val_00001512.JPEG,mid,7,feature_modules[7],14,14,low_score_extreme,0.15,3,True,0.07238006591796875,0.03428897261619568,False,0.17086882889270782
visformer_small,31,ILSVRC2012_val_00001537.JPEG,mid,7,feature_modules[7],14,14,low_score_extreme,0.15,3,True,0.532564640045166,0.22761449217796326,False,0.24544021487236023
visformer_small,24,ILSVRC2012_val_00001115.JPEG,mid,7,feature_modules[7],14,14,random_uniform,0.15,0,True,-0.5308103561401367,-0.13347938656806946,False,0.48877763748168945
visformer_small,25,ILSVRC2012_val_00001343.JPEG,mid,7,feature_modules[7],14,14,random_uniform,0.15,0,True,-0.4640636444091797,-0.07812368869781494,False,0.5315473675727844
visformer_small,26,ILSVRC2012_val_00001379.JPEG,mid,7,feature_modules[7],14,14,random_uniform,0.15,0,True,-0.41445064544677734,-0.10436156392097473,False,0.44505664706230164
visformer_small,27,ILSVRC2012_val_00001425.JPEG,mid,7,feature_modules[7],14,14,random_uniform,0.15,0,True,-0.17322731018066406,-0.03977176547050476,False,0.3405962586402893
visformer_small,28,ILSVRC2012_val_00001434.JPEG,mid,7,feature_modules[7],14,14,random_uniform,0.15,0,True,0.22945404052734375,0.057283371686935425,False,0.4564378559589386
visformer_small,29,ILSVRC2012_val_00001435.JPEG,mid,7,feature_modules[7],14,14,random_uniform,0.15,0,True,-0.031585693359375,-0.009548068046569824,False,0.46863093972206116
visformer_small,30,ILSVRC2012_val_00001512.JPEG,mid,7,feature_modules[7],14,14,random_uniform,0.15,0,True,0.004611015319824219,0.031276583671569824,False,0.4031416177749634
visformer_small,31,ILSVRC2012_val_00001537.JPEG,mid,7,feature_modules[7],14,14,random_uniform,0.15,0,True,0.3994135856628418,0.15972170233726501,False,0.44726330041885376
visformer_small,24,ILSVRC2012_val_00001115.JPEG,mid,7,feature_modules[7],14,14,random_uniform,0.15,1,True,-0.505774974822998,-0.13907086849212646,False,0.47560638189315796
visformer_small,25,ILSVRC2012_val_00001343.JPEG,mid,7,feature_modules[7],14,14,random_uniform,0.15,1,True,-0.2926902770996094,-0.06844885647296906,False,0.4346782863140106
visformer_small,26,ILSVRC2012_val_00001379.JPEG,mid,7,feature_modules[7],14,14,random_uniform,0.15,1,True,-0.5794916152954102,-0.12161657214164734,False,0.4667198359966278
visformer_small,27,ILSVRC2012_val_00001425.JPEG,mid,7,feature_modules[7],14,14,random_uniform,0.15,1,True,-0.26653385162353516,-0.048050254583358765,False,0.34036552906036377
visformer_small,28,ILSVRC2012_val_00001434.JPEG,mid,7,feature_modules[7],14,14,random_uniform,0.15,1,True,0.08654403686523438,0.013640671968460083,False,0.4938996732234955
visformer_small,29,ILSVRC2012_val_00001435.JPEG,mid,7,feature_modules[7],14,14,random_uniform,0.15,1,True,0.17864465713500977,0.037987202405929565,False,0.47122544050216675
visformer_small,30,ILSVRC2012_val_00001512.JPEG,mid,7,feature_modules[7],14,14,random_uniform,0.15,1,True,-0.16501522064208984,-0.023218423128128052,False,0.41144371032714844
visformer_small,31,ILSVRC2012_val_00001537.JPEG,mid,7,feature_modules[7],14,14,random_uniform,0.15,1,True,0.10079717636108398,0.07626023888587952,False,0.4282488524913788
visformer_small,24,ILSVRC2012_val_00001115.JPEG,mid,7,feature_modules[7],14,14,random_uniform,0.15,2,True,-0.5300369262695312,-0.15167605876922607,False,0.4678710699081421
visformer_small,25,ILSVRC2012_val_00001343.JPEG,mid,7,feature_modules[7],14,14,random_uniform,0.15,2,True,-0.2624635696411133,-0.05085699260234833,False,0.5267600417137146
visformer_small,26,ILSVRC2012_val_00001379.JPEG,mid,7,feature_modules[7],14,14,random_uniform,0.15,2,True,0.07750654220581055,0.033516526222229004,False,0.45861223340034485
visformer_small,27,ILSVRC2012_val_00001425.JPEG,mid,7,feature_modules[7],14,14,random_uniform,0.15,2,True,-0.5089683532714844,-0.05849176645278931,False,0.28969433903694153
visformer_small,28,ILSVRC2012_val_00001434.JPEG,mid,7,feature_modules[7],14,14,random_uniform,0.15,2,True,0.14585304260253906,0.03115805983543396,False,0.452886700630188
visformer_small,29,ILSVRC2012_val_00001435.JPEG,mid,7,feature_modules[7],14,14,random_uniform,0.15,2,True,-0.36292076110839844,-0.07535353302955627,False,0.46541082859039307
visformer_small,30,ILSVRC2012_val_00001512.JPEG,mid,7,feature_modules[7],14,14,random_uniform,0.15,2,True,-0.16673755645751953,-0.050174593925476074,False,0.4070276618003845
visformer_small,31,ILSVRC2012_val_00001537.JPEG,mid,7,feature_modules[7],14,14,random_uniform,0.15,2,True,0.08963918685913086,0.024895936250686646,False,0.4812893569469452
visformer_small,24,ILSVRC2012_val_00001115.JPEG,mid,7,feature_modules[7],14,14,random_uniform,0.15,3,True,-0.5534658432006836,-0.16188469529151917,False,0.517193078994751
visformer_small,25,ILSVRC2012_val_00001343.JPEG,mid,7,feature_modules[7],14,14,random_uniform,0.15,3,True,-0.44727134704589844,-0.07432520389556885,False,0.5539848804473877
visformer_small,26,ILSVRC2012_val_00001379.JPEG,mid,7,feature_modules[7],14,14,random_uniform,0.15,3,True,-0.10084199905395508,0.01902073621749878,False,0.4567855894565582
visformer_small,27,ILSVRC2012_val_00001425.JPEG,mid,7,feature_modules[7],14,14,random_uniform,0.15,3,True,-0.23444843292236328,-0.0629819929599762,False,0.32922863960266113
visformer_small,28,ILSVRC2012_val_00001434.JPEG,mid,7,feature_modules[7],14,14,random_uniform,0.15,3,True,0.01299285888671875,-0.009113967418670654,False,0.4833510220050812
visformer_small,29,ILSVRC2012_val_00001435.JPEG,mid,7,feature_modules[7],14,14,random_uniform,0.15,3,True,0.11317777633666992,0.0226801335811615,False,0.509484052658081
visformer_small,30,ILSVRC2012_val_00001512.JPEG,mid,7,feature_modules[7],14,14,random_uniform,0.15,3,True,-0.053124427795410156,-0.012624472379684448,False,0.3901798725128174
visformer_small,31,ILSVRC2012_val_00001537.JPEG,mid,7,feature_modules[7],14,14,random_uniform,0.15,3,True,0.07291221618652344,0.06728038191795349,False,0.45230576395988464
visformer_small,24,ILSVRC2012_val_00001115.JPEG,mid,7,feature_modules[7],14,14,score_deviation_extreme,0.15,0,True,-0.10280847549438477,-0.028037309646606445,False,0.20265963673591614
visformer_small,25,ILSVRC2012_val_00001343.JPEG,mid,7,feature_modules[7],14,14,score_deviation_extreme,0.15,0,True,0.30281782150268555,0.08041897416114807,False,0.05182668939232826
visformer_small,26,ILSVRC2012_val_00001379.JPEG,mid,7,feature_modules[7],14,14,score_deviation_extreme,0.15,0,True,-0.4995889663696289,-0.10448712110519409,False,0.36570873856544495
visformer_small,27,ILSVRC2012_val_00001425.JPEG,mid,7,feature_modules[7],14,14,score_deviation_extreme,0.15,0,True,-0.28844165802001953,-0.07590770721435547,False,0.4307810664176941
visformer_small,28,ILSVRC2012_val_00001434.JPEG,mid,7,feature_modules[7],14,14,score_deviation_extreme,0.15,0,True,0.03460884094238281,0.0004806220531463623,False,0.4062032997608185
visformer_small,29,ILSVRC2012_val_00001435.JPEG,mid,7,feature_modules[7],14,14,score_deviation_extreme,0.15,0,True,0.012128829956054688,0.0038905739784240723,False,0.30518269538879395
visformer_small,30,ILSVRC2012_val_00001512.JPEG,mid,7,feature_modules[7],14,14,score_deviation_extreme,0.15,0,True,0.07238006591796875,0.03428897261619568,False,0.17086882889270782
visformer_small,31,ILSVRC2012_val_00001537.JPEG,mid,7,feature_modules[7],14,14,score_deviation_extreme,0.15,0,True,-0.09577131271362305,-0.013429790735244751,False,0.37125107645988464
visformer_small,24,ILSVRC2012_val_00001115.JPEG,mid,7,feature_modules[7],14,14,score_deviation_extreme,0.15,1,True,-0.10280847549438477,-0.028037309646606445,False,0.20265963673591614
visformer_small,25,ILSVRC2012_val_00001343.JPEG,mid,7,feature_modules[7],14,14,score_deviation_extreme,0.15,1,True,0.30281782150268555,0.08041897416114807,False,0.05182668939232826
visformer_small,26,ILSVRC2012_val_00001379.JPEG,mid,7,feature_modules[7],14,14,score_deviation_extreme,0.15,1,True,-0.4995889663696289,-0.10448712110519409,False,0.36570873856544495
visformer_small,27,ILSVRC2012_val_00001425.JPEG,mid,7,feature_modules[7],14,14,score_deviation_extreme,0.15,1,True,-0.28844165802001953,-0.07590770721435547,False,0.4307810664176941
visformer_small,28,ILSVRC2012_val_00001434.JPEG,mid,7,feature_modules[7],14,14,score_deviation_extreme,0.15,1,True,0.03460884094238281,0.0004806220531463623,False,0.4062032997608185
visformer_small,29,ILSVRC2012_val_00001435.JPEG,mid,7,feature_modules[7],14,14,score_deviation_extreme,0.15,1,True,0.012128829956054688,0.0038905739784240723,False,0.30518269538879395
visformer_small,30,ILSVRC2012_val_00001512.JPEG,mid,7,feature_modules[7],14,14,score_deviation_extreme,0.15,1,True,0.07238006591796875,0.03428897261619568,False,0.17086882889270782
visformer_small,31,ILSVRC2012_val_00001537.JPEG,mid,7,feature_modules[7],14,14,score_deviation_extreme,0.15,1,True,-0.09577131271362305,-0.013429790735244751,False,0.37125107645988464
visformer_small,24,ILSVRC2012_val_00001115.JPEG,mid,7,feature_modules[7],14,14,score_deviation_extreme,0.15,2,True,-0.10280847549438477,-0.028037309646606445,False,0.20265963673591614
visformer_small,25,ILSVRC2012_val_00001343.JPEG,mid,7,feature_modules[7],14,14,score_deviation_extreme,0.15,2,True,0.30281782150268555,0.08041897416114807,False,0.05182668939232826
visformer_small,26,ILSVRC2012_val_00001379.JPEG,mid,7,feature_modules[7],14,14,score_deviation_extreme,0.15,2,True,-0.4995889663696289,-0.10448712110519409,False,0.36570873856544495
visformer_small,27,ILSVRC2012_val_00001425.JPEG,mid,7,feature_modules[7],14,14,score_deviation_extreme,0.15,2,True,-0.28844165802001953,-0.07590770721435547,False,0.4307810664176941
visformer_small,28,ILSVRC2012_val_00001434.JPEG,mid,7,feature_modules[7],14,14,score_deviation_extreme,0.15,2,True,0.03460884094238281,0.0004806220531463623,False,0.4062032997608185
visformer_small,29,ILSVRC2012_val_00001435.JPEG,mid,7,feature_modules[7],14,14,score_deviation_extreme,0.15,2,True,0.012128829956054688,0.0038905739784240723,False,0.30518269538879395
visformer_small,30,ILSVRC2012_val_00001512.JPEG,mid,7,feature_modules[7],14,14,score_deviation_extreme,0.15,2,True,0.07238006591796875,0.03428897261619568,False,0.17086882889270782
visformer_small,31,ILSVRC2012_val_00001537.JPEG,mid,7,feature_modules[7],14,14,score_deviation_extreme,0.15,2,True,-0.09577131271362305,-0.013429790735244751,False,0.37125107645988464
visformer_small,24,ILSVRC2012_val_00001115.JPEG,mid,7,feature_modules[7],14,14,score_deviation_extreme,0.15,3,True,-0.10280847549438477,-0.028037309646606445,False,0.20265963673591614
visformer_small,25,ILSVRC2012_val_00001343.JPEG,mid,7,feature_modules[7],14,14,score_deviation_extreme,0.15,3,True,0.30281782150268555,0.08041897416114807,False,0.05182668939232826
visformer_small,26,ILSVRC2012_val_00001379.JPEG,mid,7,feature_modules[7],14,14,score_deviation_extreme,0.15,3,True,-0.4995889663696289,-0.10448712110519409,False,0.36570873856544495
visformer_small,27,ILSVRC2012_val_00001425.JPEG,mid,7,feature_modules[7],14,14,score_deviation_extreme,0.15,3,True,-0.28844165802001953,-0.07590770721435547,False,0.4307810664176941
visformer_small,28,ILSVRC2012_val_00001434.JPEG,mid,7,feature_modules[7],14,14,score_deviation_extreme,0.15,3,True,0.03460884094238281,0.0004806220531463623,False,0.4062032997608185
visformer_small,29,ILSVRC2012_val_00001435.JPEG,mid,7,feature_modules[7],14,14,score_deviation_extreme,0.15,3,True,0.012128829956054688,0.0038905739784240723,False,0.30518269538879395
visformer_small,30,ILSVRC2012_val_00001512.JPEG,mid,7,feature_modules[7],14,14,score_deviation_extreme,0.15,3,True,0.07238006591796875,0.03428897261619568,False,0.17086882889270782
visformer_small,31,ILSVRC2012_val_00001537.JPEG,mid,7,feature_modules[7],14,14,score_deviation_extreme,0.15,3,True,-0.09577131271362305,-0.013429790735244751,False,0.37125107645988464
visformer_small,24,ILSVRC2012_val_00001115.JPEG,final,14,stage3[3]+gap,7,7,high_score_extreme,0.15,0,True,-0.14997386932373047,-0.04676026105880737,False,0.7065398097038269
visformer_small,25,ILSVRC2012_val_00001343.JPEG,final,14,stage3[3]+gap,7,7,high_score_extreme,0.15,0,True,-0.3363056182861328,-0.08008916676044464,False,0.7956274747848511
visformer_small,26,ILSVRC2012_val_00001379.JPEG,final,14,stage3[3]+gap,7,7,high_score_extreme,0.15,0,True,0.23789024353027344,0.0943405032157898,False,0.6763853430747986
visformer_small,27,ILSVRC2012_val_00001425.JPEG,final,14,stage3[3]+gap,7,7,high_score_extreme,0.15,0,True,-0.5526113510131836,-0.14804182946681976,False,0.654869794845581
visformer_small,28,ILSVRC2012_val_00001434.JPEG,final,14,stage3[3]+gap,7,7,high_score_extreme,0.15,0,True,-0.25221824645996094,-0.06316033005714417,False,0.7047321200370789
visformer_small,29,ILSVRC2012_val_00001435.JPEG,final,14,stage3[3]+gap,7,7,high_score_extreme,0.15,0,True,0.2095646858215332,0.04816499352455139,False,0.6819964051246643
visformer_small,30,ILSVRC2012_val_00001512.JPEG,final,14,stage3[3]+gap,7,7,high_score_extreme,0.15,0,True,0.10172843933105469,0.02268168330192566,False,0.6692646741867065
visformer_small,31,ILSVRC2012_val_00001537.JPEG,final,14,stage3[3]+gap,7,7,high_score_extreme,0.15,0,True,-0.20511198043823242,-0.060026079416275024,False,0.7195760607719421
visformer_small,24,ILSVRC2012_val_00001115.JPEG,final,14,stage3[3]+gap,7,7,high_score_extreme,0.15,1,True,-0.14997386932373047,-0.04676026105880737,False,0.7065398097038269
visformer_small,25,ILSVRC2012_val_00001343.JPEG,final,14,stage3[3]+gap,7,7,high_score_extreme,0.15,1,True,-0.3363056182861328,-0.08008916676044464,False,0.7956274747848511
visformer_small,26,ILSVRC2012_val_00001379.JPEG,final,14,stage3[3]+gap,7,7,high_score_extreme,0.15,1,True,0.23789024353027344,0.0943405032157898,False,0.6763853430747986
visformer_small,27,ILSVRC2012_val_00001425.JPEG,final,14,stage3[3]+gap,7,7,high_score_extreme,0.15,1,True,-0.5526113510131836,-0.14804182946681976,False,0.654869794845581
visformer_small,28,ILSVRC2012_val_00001434.JPEG,final,14,stage3[3]+gap,7,7,high_score_extreme,0.15,1,True,-0.25221824645996094,-0.06316033005714417,False,0.7047321200370789
visformer_small,29,ILSVRC2012_val_00001435.JPEG,final,14,stage3[3]+gap,7,7,high_score_extreme,0.15,1,True,0.2095646858215332,0.04816499352455139,False,0.6819964051246643
visformer_small,30,ILSVRC2012_val_00001512.JPEG,final,14,stage3[3]+gap,7,7,high_score_extreme,0.15,1,True,0.10172843933105469,0.02268168330192566,False,0.6692646741867065
visformer_small,31,ILSVRC2012_val_00001537.JPEG,final,14,stage3[3]+gap,7,7,high_score_extreme,0.15,1,True,-0.20511198043823242,-0.060026079416275024,False,0.7195760607719421
visformer_small,24,ILSVRC2012_val_00001115.JPEG,final,14,stage3[3]+gap,7,7,high_score_extreme,0.15,2,True,-0.14997386932373047,-0.04676026105880737,False,0.7065398097038269
visformer_small,25,ILSVRC2012_val_00001343.JPEG,final,14,stage3[3]+gap,7,7,high_score_extreme,0.15,2,True,-0.3363056182861328,-0.08008916676044464,False,0.7956274747848511
visformer_small,26,ILSVRC2012_val_00001379.JPEG,final,14,stage3[3]+gap,7,7,high_score_extreme,0.15,2,True,0.23789024353027344,0.0943405032157898,False,0.6763853430747986
visformer_small,27,ILSVRC2012_val_00001425.JPEG,final,14,stage3[3]+gap,7,7,high_score_extreme,0.15,2,True,-0.5526113510131836,-0.14804182946681976,False,0.654869794845581
visformer_small,28,ILSVRC2012_val_00001434.JPEG,final,14,stage3[3]+gap,7,7,high_score_extreme,0.15,2,True,-0.25221824645996094,-0.06316033005714417,False,0.7047321200370789
visformer_small,29,ILSVRC2012_val_00001435.JPEG,final,14,stage3[3]+gap,7,7,high_score_extreme,0.15,2,True,0.2095646858215332,0.04816499352455139,False,0.6819964051246643
visformer_small,30,ILSVRC2012_val_00001512.JPEG,final,14,stage3[3]+gap,7,7,high_score_extreme,0.15,2,True,0.10172843933105469,0.02268168330192566,False,0.6692646741867065
visformer_small,31,ILSVRC2012_val_00001537.JPEG,final,14,stage3[3]+gap,7,7,high_score_extreme,0.15,2,True,-0.20511198043823242,-0.060026079416275024,False,0.7195760607719421
visformer_small,24,ILSVRC2012_val_00001115.JPEG,final,14,stage3[3]+gap,7,7,high_score_extreme,0.15,3,True,-0.14997386932373047,-0.04676026105880737,False,0.7065398097038269
visformer_small,25,ILSVRC2012_val_00001343.JPEG,final,14,stage3[3]+gap,7,7,high_score_extreme,0.15,3,True,-0.3363056182861328,-0.08008916676044464,False,0.7956274747848511
visformer_small,26,ILSVRC2012_val_00001379.JPEG,final,14,stage3[3]+gap,7,7,high_score_extreme,0.15,3,True,0.23789024353027344,0.0943405032157898,False,0.6763853430747986
visformer_small,27,ILSVRC2012_val_00001425.JPEG,final,14,stage3[3]+gap,7,7,high_score_extreme,0.15,3,True,-0.5526113510131836,-0.14804182946681976,False,0.654869794845581
visformer_small,28,ILSVRC2012_val_00001434.JPEG,final,14,stage3[3]+gap,7,7,high_score_extreme,0.15,3,True,-0.25221824645996094,-0.06316033005714417,False,0.7047321200370789
visformer_small,29,ILSVRC2012_val_00001435.JPEG,final,14,stage3[3]+gap,7,7,high_score_extreme,0.15,3,True,0.2095646858215332,0.04816499352455139,False,0.6819964051246643
visformer_small,30,ILSVRC2012_val_00001512.JPEG,final,14,stage3[3]+gap,7,7,high_score_extreme,0.15,3,True,0.10172843933105469,0.02268168330192566,False,0.6692646741867065
visformer_small,31,ILSVRC2012_val_00001537.JPEG,final,14,stage3[3]+gap,7,7,high_score_extreme,0.15,3,True,-0.20511198043823242,-0.060026079416275024,False,0.7195760607719421
visformer_small,24,ILSVRC2012_val_00001115.JPEG,final,14,stage3[3]+gap,7,7,low_score_extreme,0.15,0,True,0.008400917053222656,0.00914156436920166,False,0.3279339373111725
visformer_small,25,ILSVRC2012_val_00001343.JPEG,final,14,stage3[3]+gap,7,7,low_score_extreme,0.15,0,True,-0.13360118865966797,-0.034502387046813965,False,0.28523045778274536
visformer_small,26,ILSVRC2012_val_00001379.JPEG,final,14,stage3[3]+gap,7,7,low_score_extreme,0.15,0,True,0.1490616798400879,0.06551891565322876,False,0.2954881191253662
visformer_small,27,ILSVRC2012_val_00001425.JPEG,final,14,stage3[3]+gap,7,7,low_score_extreme,0.15,0,True,-0.39783287048339844,-0.10929423570632935,False,0.32495227456092834
visformer_small,28,ILSVRC2012_val_00001434.JPEG,final,14,stage3[3]+gap,7,7,low_score_extreme,0.15,0,True,-0.057514190673828125,-0.02364632487297058,False,0.2548467218875885
visformer_small,29,ILSVRC2012_val_00001435.JPEG,final,14,stage3[3]+gap,7,7,low_score_extreme,0.15,0,True,0.14041852951049805,0.033701926469802856,False,0.2912658751010895
visformer_small,30,ILSVRC2012_val_00001512.JPEG,final,14,stage3[3]+gap,7,7,low_score_extreme,0.15,0,True,-0.10301971435546875,-0.036717355251312256,False,0.2810571491718292
visformer_small,31,ILSVRC2012_val_00001537.JPEG,final,14,stage3[3]+gap,7,7,low_score_extreme,0.15,0,True,0.0242767333984375,0.002298593521118164,False,0.3562409579753876
visformer_small,24,ILSVRC2012_val_00001115.JPEG,final,14,stage3[3]+gap,7,7,low_score_extreme,0.15,1,True,0.008400917053222656,0.00914156436920166,False,0.3279339373111725
visformer_small,25,ILSVRC2012_val_00001343.JPEG,final,14,stage3[3]+gap,7,7,low_score_extreme,0.15,1,True,-0.13360118865966797,-0.034502387046813965,False,0.28523045778274536
visformer_small,26,ILSVRC2012_val_00001379.JPEG,final,14,stage3[3]+gap,7,7,low_score_extreme,0.15,1,True,0.1490616798400879,0.06551891565322876,False,0.2954881191253662
visformer_small,27,ILSVRC2012_val_00001425.JPEG,final,14,stage3[3]+gap,7,7,low_score_extreme,0.15,1,True,-0.39783287048339844,-0.10929423570632935,False,0.32495227456092834
visformer_small,28,ILSVRC2012_val_00001434.JPEG,final,14,stage3[3]+gap,7,7,low_score_extreme,0.15,1,True,-0.057514190673828125,-0.02364632487297058,False,0.2548467218875885
visformer_small,29,ILSVRC2012_val_00001435.JPEG,final,14,stage3[3]+gap,7,7,low_score_extreme,0.15,1,True,0.14041852951049805,0.033701926469802856,False,0.2912658751010895
visformer_small,30,ILSVRC2012_val_00001512.JPEG,final,14,stage3[3]+gap,7,7,low_score_extreme,0.15,1,True,-0.10301971435546875,-0.036717355251312256,False,0.2810571491718292
visformer_small,31,ILSVRC2012_val_00001537.JPEG,final,14,stage3[3]+gap,7,7,low_score_extreme,0.15,1,True,0.0242767333984375,0.002298593521118164,False,0.3562409579753876
visformer_small,24,ILSVRC2012_val_00001115.JPEG,final,14,stage3[3]+gap,7,7,low_score_extreme,0.15,2,True,0.008400917053222656,0.00914156436920166,False,0.3279339373111725
visformer_small,25,ILSVRC2012_val_00001343.JPEG,final,14,stage3[3]+gap,7,7,low_score_extreme,0.15,2,True,-0.13360118865966797,-0.034502387046813965,False,0.28523045778274536
visformer_small,26,ILSVRC2012_val_00001379.JPEG,final,14,stage3[3]+gap,7,7,low_score_extreme,0.15,2,True,0.1490616798400879,0.06551891565322876,False,0.2954881191253662
visformer_small,27,ILSVRC2012_val_00001425.JPEG,final,14,stage3[3]+gap,7,7,low_score_extreme,0.15,2,True,-0.39783287048339844,-0.10929423570632935,False,0.32495227456092834
visformer_small,28,ILSVRC2012_val_00001434.JPEG,final,14,stage3[3]+gap,7,7,low_score_extreme,0.15,2,True,-0.057514190673828125,-0.02364632487297058,False,0.2548467218875885
visformer_small,29,ILSVRC2012_val_00001435.JPEG,final,14,stage3[3]+gap,7,7,low_score_extreme,0.15,2,True,0.14041852951049805,0.033701926469802856,False,0.2912658751010895
visformer_small,30,ILSVRC2012_val_00001512.JPEG,final,14,stage3[3]+gap,7,7,low_score_extreme,0.15,2,True,-0.10301971435546875,-0.036717355251312256,False,0.2810571491718292
visformer_small,31,ILSVRC2012_val_00001537.JPEG,final,14,stage3[3]+gap,7,7,low_score_extreme,0.15,2,True,0.0242767333984375,0.002298593521118164,False,0.3562409579753876
visformer_small,24,ILSVRC2012_val_00001115.JPEG,final,14,stage3[3]+gap,7,7,low_score_extreme,0.15,3,True,0.008400917053222656,0.00914156436920166,False,0.3279339373111725
visformer_small,25,ILSVRC2012_val_00001343.JPEG,final,14,stage3[3]+gap,7,7,low_score_extreme,0.15,3,True,-0.13360118865966797,-0.034502387046813965,False,0.28523045778274536
visformer_small,26,ILSVRC2012_val_00001379.JPEG,final,14,stage3[3]+gap,7,7,low_score_extreme,0.15,3,True,0.1490616798400879,0.06551891565322876,False,0.2954881191253662
visformer_small,27,ILSVRC2012_val_00001425.JPEG,final,14,stage3[3]+gap,7,7,low_score_extreme,0.15,3,True,-0.39783287048339844,-0.10929423570632935,False,0.32495227456092834
visformer_small,28,ILSVRC2012_val_00001434.JPEG,final,14,stage3[3]+gap,7,7,low_score_extreme,0.15,3,True,-0.057514190673828125,-0.02364632487297058,False,0.2548467218875885
visformer_small,29,ILSVRC2012_val_00001435.JPEG,final,14,stage3[3]+gap,7,7,low_score_extreme,0.15,3,True,0.14041852951049805,0.033701926469802856,False,0.2912658751010895
visformer_small,30,ILSVRC2012_val_00001512.JPEG,final,14,stage3[3]+gap,7,7,low_score_extreme,0.15,3,True,-0.10301971435546875,-0.036717355251312256,False,0.2810571491718292
visformer_small,31,ILSVRC2012_val_00001537.JPEG,final,14,stage3[3]+gap,7,7,low_score_extreme,0.15,3,True,0.0242767333984375,0.002298593521118164,False,0.3562409579753876
visformer_small,24,ILSVRC2012_val_00001115.JPEG,final,14,stage3[3]+gap,7,7,random_uniform,0.15,0,True,-0.29940176010131836,-0.08664369583129883,False,0.5761319994926453
visformer_small,25,ILSVRC2012_val_00001343.JPEG,final,14,stage3[3]+gap,7,7,random_uniform,0.15,0,True,-0.2004566192626953,-0.052448615431785583,False,0.5929319262504578
visformer_small,26,ILSVRC2012_val_00001379.JPEG,final,14,stage3[3]+gap,7,7,random_uniform,0.15,0,True,0.17521190643310547,0.05520212650299072,False,0.4477437138557434
visformer_small,27,ILSVRC2012_val_00001425.JPEG,final,14,stage3[3]+gap,7,7,random_uniform,0.15,0,True,-0.49265098571777344,-0.1290694773197174,False,0.5316317677497864
visformer_small,28,ILSVRC2012_val_00001434.JPEG,final,14,stage3[3]+gap,7,7,random_uniform,0.15,0,True,0.05016517639160156,-0.0024819374084472656,False,0.5430143475532532
visformer_small,29,ILSVRC2012_val_00001435.JPEG,final,14,stage3[3]+gap,7,7,random_uniform,0.15,0,True,0.28482770919799805,0.06539258360862732,False,0.5683695077896118
visformer_small,30,ILSVRC2012_val_00001512.JPEG,final,14,stage3[3]+gap,7,7,random_uniform,0.15,0,True,-0.11974620819091797,-0.03876581788063049,False,0.5765804052352905
visformer_small,31,ILSVRC2012_val_00001537.JPEG,final,14,stage3[3]+gap,7,7,random_uniform,0.15,0,True,-0.01384115219116211,-0.005364328622817993,False,0.5572099089622498
visformer_small,24,ILSVRC2012_val_00001115.JPEG,final,14,stage3[3]+gap,7,7,random_uniform,0.15,1,True,-0.12784433364868164,-0.032872557640075684,False,0.5264586210250854
visformer_small,25,ILSVRC2012_val_00001343.JPEG,final,14,stage3[3]+gap,7,7,random_uniform,0.15,1,True,-0.2705211639404297,-0.06265968084335327,False,0.4918881356716156
visformer_small,26,ILSVRC2012_val_00001379.JPEG,final,14,stage3[3]+gap,7,7,random_uniform,0.15,1,True,-0.04503822326660156,0.05148810148239136,False,0.5191968083381653
visformer_small,27,ILSVRC2012_val_00001425.JPEG,final,14,stage3[3]+gap,7,7,random_uniform,0.15,1,True,-0.11181354522705078,-0.03249052166938782,False,0.5251154899597168
visformer_small,28,ILSVRC2012_val_00001434.JPEG,final,14,stage3[3]+gap,7,7,random_uniform,0.15,1,True,0.023550987243652344,-0.00493234395980835,False,0.5324264764785767
visformer_small,29,ILSVRC2012_val_00001435.JPEG,final,14,stage3[3]+gap,7,7,random_uniform,0.15,1,True,0.09359979629516602,0.017668813467025757,False,0.5245434045791626
visformer_small,30,ILSVRC2012_val_00001512.JPEG,final,14,stage3[3]+gap,7,7,random_uniform,0.15,1,True,-0.14702606201171875,-0.042118966579437256,False,0.48144644498825073
visformer_small,31,ILSVRC2012_val_00001537.JPEG,final,14,stage3[3]+gap,7,7,random_uniform,0.15,1,True,-0.11514711380004883,-0.029606342315673828,False,0.6088613867759705
visformer_small,24,ILSVRC2012_val_00001115.JPEG,final,14,stage3[3]+gap,7,7,random_uniform,0.15,2,True,-0.14895248413085938,-0.0491979718208313,False,0.5480290651321411
visformer_small,25,ILSVRC2012_val_00001343.JPEG,final,14,stage3[3]+gap,7,7,random_uniform,0.15,2,True,-0.10420894622802734,-0.03048643469810486,False,0.6043373346328735
visformer_small,26,ILSVRC2012_val_00001379.JPEG,final,14,stage3[3]+gap,7,7,random_uniform,0.15,2,True,0.24783992767333984,0.09747129678726196,False,0.584125816822052
visformer_small,27,ILSVRC2012_val_00001425.JPEG,final,14,stage3[3]+gap,7,7,random_uniform,0.15,2,True,-0.05738544464111328,-0.024051308631896973,False,0.5206748843193054
visformer_small,28,ILSVRC2012_val_00001434.JPEG,final,14,stage3[3]+gap,7,7,random_uniform,0.15,2,True,0.08814525604248047,0.007691115140914917,False,0.446444034576416
visformer_small,29,ILSVRC2012_val_00001435.JPEG,final,14,stage3[3]+gap,7,7,random_uniform,0.15,2,True,0.22597455978393555,0.05369052290916443,False,0.5977562665939331
visformer_small,30,ILSVRC2012_val_00001512.JPEG,final,14,stage3[3]+gap,7,7,random_uniform,0.15,2,True,-0.0687265396118164,-0.025896161794662476,False,0.4145166575908661
visformer_small,31,ILSVRC2012_val_00001537.JPEG,final,14,stage3[3]+gap,7,7,random_uniform,0.15,2,True,0.1270747184753418,0.043827980756759644,False,0.581233024597168
visformer_small,24,ILSVRC2012_val_00001115.JPEG,final,14,stage3[3]+gap,7,7,random_uniform,0.15,3,True,0.031166553497314453,0.011481881141662598,False,0.5547276735305786
visformer_small,25,ILSVRC2012_val_00001343.JPEG,final,14,stage3[3]+gap,7,7,random_uniform,0.15,3,True,-0.28143310546875,-0.06700308620929718,False,0.4136681854724884
visformer_small,26,ILSVRC2012_val_00001379.JPEG,final,14,stage3[3]+gap,7,7,random_uniform,0.15,3,True,0.12825393676757812,0.07068252563476562,False,0.4675043225288391
visformer_small,27,ILSVRC2012_val_00001425.JPEG,final,14,stage3[3]+gap,7,7,random_uniform,0.15,3,True,-0.46350955963134766,-0.12559911608695984,False,0.5454371571540833
visformer_small,28,ILSVRC2012_val_00001434.JPEG,final,14,stage3[3]+gap,7,7,random_uniform,0.15,3,True,-0.11563491821289062,-0.03818964958190918,False,0.5109502077102661
visformer_small,29,ILSVRC2012_val_00001435.JPEG,final,14,stage3[3]+gap,7,7,random_uniform,0.15,3,True,0.32616567611694336,0.08187416195869446,False,0.5356273055076599
visformer_small,30,ILSVRC2012_val_00001512.JPEG,final,14,stage3[3]+gap,7,7,random_uniform,0.15,3,True,0.035724639892578125,0.00509333610534668,False,0.5759261250495911
visformer_small,31,ILSVRC2012_val_00001537.JPEG,final,14,stage3[3]+gap,7,7,random_uniform,0.15,3,True,-0.02565908432006836,-0.0057315826416015625,False,0.5333437323570251
visformer_small,24,ILSVRC2012_val_00001115.JPEG,final,14,stage3[3]+gap,7,7,score_deviation_extreme,0.15,0,True,0.008400917053222656,0.00914156436920166,False,0.3279339373111725
visformer_small,25,ILSVRC2012_val_00001343.JPEG,final,14,stage3[3]+gap,7,7,score_deviation_extreme,0.15,0,True,-0.2595405578613281,-0.06551772356033325,False,0.5605394244194031
visformer_small,26,ILSVRC2012_val_00001379.JPEG,final,14,stage3[3]+gap,7,7,score_deviation_extreme,0.15,0,True,0.1490616798400879,0.06551891565322876,False,0.2954881191253662
visformer_small,27,ILSVRC2012_val_00001425.JPEG,final,14,stage3[3]+gap,7,7,score_deviation_extreme,0.15,0,True,-0.39783287048339844,-0.10929423570632935,False,0.32495227456092834
visformer_small,28,ILSVRC2012_val_00001434.JPEG,final,14,stage3[3]+gap,7,7,score_deviation_extreme,0.15,0,True,-0.12759685516357422,-0.04198533296585083,False,0.31221818923950195
visformer_small,29,ILSVRC2012_val_00001435.JPEG,final,14,stage3[3]+gap,7,7,score_deviation_extreme,0.15,0,True,0.14041852951049805,0.033701926469802856,False,0.2912658751010895
visformer_small,30,ILSVRC2012_val_00001512.JPEG,final,14,stage3[3]+gap,7,7,score_deviation_extreme,0.15,0,True,-0.10301971435546875,-0.036717355251312256,False,0.2810571491718292
visformer_small,31,ILSVRC2012_val_00001537.JPEG,final,14,stage3[3]+gap,7,7,score_deviation_extreme,0.15,0,True,-0.3307056427001953,-0.07914751768112183,False,0.4002099335193634
visformer_small,24,ILSVRC2012_val_00001115.JPEG,final,14,stage3[3]+gap,7,7,score_deviation_extreme,0.15,1,True,0.008400917053222656,0.00914156436920166,False,0.3279339373111725
visformer_small,25,ILSVRC2012_val_00001343.JPEG,final,14,stage3[3]+gap,7,7,score_deviation_extreme,0.15,1,True,-0.2595405578613281,-0.06551772356033325,False,0.5605394244194031
visformer_small,26,ILSVRC2012_val_00001379.JPEG,final,14,stage3[3]+gap,7,7,score_deviation_extreme,0.15,1,True,0.1490616798400879,0.06551891565322876,False,0.2954881191253662
visformer_small,27,ILSVRC2012_val_00001425.JPEG,final,14,stage3[3]+gap,7,7,score_deviation_extreme,0.15,1,True,-0.39783287048339844,-0.10929423570632935,False,0.32495227456092834
visformer_small,28,ILSVRC2012_val_00001434.JPEG,final,14,stage3[3]+gap,7,7,score_deviation_extreme,0.15,1,True,-0.12759685516357422,-0.04198533296585083,False,0.31221818923950195
visformer_small,29,ILSVRC2012_val_00001435.JPEG,final,14,stage3[3]+gap,7,7,score_deviation_extreme,0.15,1,True,0.14041852951049805,0.033701926469802856,False,0.2912658751010895
visformer_small,30,ILSVRC2012_val_00001512.JPEG,final,14,stage3[3]+gap,7,7,score_deviation_extreme,0.15,1,True,-0.10301971435546875,-0.036717355251312256,False,0.2810571491718292
visformer_small,31,ILSVRC2012_val_00001537.JPEG,final,14,stage3[3]+gap,7,7,score_deviation_extreme,0.15,1,True,-0.3307056427001953,-0.07914751768112183,False,0.4002099335193634
visformer_small,24,ILSVRC2012_val_00001115.JPEG,final,14,stage3[3]+gap,7,7,score_deviation_extreme,0.15,2,True,0.008400917053222656,0.00914156436920166,False,0.3279339373111725
visformer_small,25,ILSVRC2012_val_00001343.JPEG,final,14,stage3[3]+gap,7,7,score_deviation_extreme,0.15,2,True,-0.2595405578613281,-0.06551772356033325,False,0.5605394244194031
visformer_small,26,ILSVRC2012_val_00001379.JPEG,final,14,stage3[3]+gap,7,7,score_deviation_extreme,0.15,2,True,0.1490616798400879,0.06551891565322876,False,0.2954881191253662
visformer_small,27,ILSVRC2012_val_00001425.JPEG,final,14,stage3[3]+gap,7,7,score_deviation_extreme,0.15,2,True,-0.39783287048339844,-0.10929423570632935,False,0.32495227456092834
visformer_small,28,ILSVRC2012_val_00001434.JPEG,final,14,stage3[3]+gap,7,7,score_deviation_extreme,0.15,2,True,-0.12759685516357422,-0.04198533296585083,False,0.31221818923950195
visformer_small,29,ILSVRC2012_val_00001435.JPEG,final,14,stage3[3]+gap,7,7,score_deviation_extreme,0.15,2,True,0.14041852951049805,0.033701926469802856,False,0.2912658751010895
visformer_small,30,ILSVRC2012_val_00001512.JPEG,final,14,stage3[3]+gap,7,7,score_deviation_extreme,0.15,2,True,-0.10301971435546875,-0.036717355251312256,False,0.2810571491718292
visformer_small,31,ILSVRC2012_val_00001537.JPEG,final,14,stage3[3]+gap,7,7,score_deviation_extreme,0.15,2,True,-0.3307056427001953,-0.07914751768112183,False,0.4002099335193634
visformer_small,24,ILSVRC2012_val_00001115.JPEG,final,14,stage3[3]+gap,7,7,score_deviation_extreme,0.15,3,True,0.008400917053222656,0.00914156436920166,False,0.3279339373111725
visformer_small,25,ILSVRC2012_val_00001343.JPEG,final,14,stage3[3]+gap,7,7,score_deviation_extreme,0.15,3,True,-0.2595405578613281,-0.06551772356033325,False,0.5605394244194031
visformer_small,26,ILSVRC2012_val_00001379.JPEG,final,14,stage3[3]+gap,7,7,score_deviation_extreme,0.15,3,True,0.1490616798400879,0.06551891565322876,False,0.2954881191253662
visformer_small,27,ILSVRC2012_val_00001425.JPEG,final,14,stage3[3]+gap,7,7,score_deviation_extreme,0.15,3,True,-0.39783287048339844,-0.10929423570632935,False,0.32495227456092834
visformer_small,28,ILSVRC2012_val_00001434.JPEG,final,14,stage3[3]+gap,7,7,score_deviation_extreme,0.15,3,True,-0.12759685516357422,-0.04198533296585083,False,0.31221818923950195
visformer_small,29,ILSVRC2012_val_00001435.JPEG,final,14,stage3[3]+gap,7,7,score_deviation_extreme,0.15,3,True,0.14041852951049805,0.033701926469802856,False,0.2912658751010895
visformer_small,30,ILSVRC2012_val_00001512.JPEG,final,14,stage3[3]+gap,7,7,score_deviation_extreme,0.15,3,True,-0.10301971435546875,-0.036717355251312256,False,0.2810571491718292
visformer_small,31,ILSVRC2012_val_00001537.JPEG,final,14,stage3[3]+gap,7,7,score_deviation_extreme,0.15,3,True,-0.3307056427001953,-0.07914751768112183,False,0.4002099335193634
visformer_small,32,ILSVRC2012_val_00001570.JPEG,early,0,feature_modules[0],28,28,high_score_extreme,0.15,0,True,0.3930492401123047,0.17352265119552612,False,0.8763527274131775
visformer_small,33,ILSVRC2012_val_00001638.JPEG,early,0,feature_modules[0],28,28,high_score_extreme,0.15,0,True,0.14257526397705078,0.13569197058677673,False,0.8198478817939758
visformer_small,34,ILSVRC2012_val_00001642.JPEG,early,0,feature_modules[0],28,28,high_score_extreme,0.15,0,True,0.018372535705566406,-0.010077953338623047,False,0.7097455859184265
visformer_small,35,ILSVRC2012_val_00001645.JPEG,early,0,feature_modules[0],28,28,high_score_extreme,0.15,0,True,0.5388584136962891,0.39182376861572266,False,0.8872320055961609
visformer_small,36,ILSVRC2012_val_00001648.JPEG,early,0,feature_modules[0],28,28,high_score_extreme,0.15,0,True,0.7081584930419922,0.13096238672733307,False,0.9109218716621399
visformer_small,37,ILSVRC2012_val_00001655.JPEG,early,0,feature_modules[0],28,28,high_score_extreme,0.15,0,True,-0.1900339126586914,-0.03530488908290863,False,0.9089680314064026
visformer_small,38,ILSVRC2012_val_00001659.JPEG,early,0,feature_modules[0],28,28,high_score_extreme,0.15,0,True,0.10556507110595703,0.08205267786979675,False,0.6657472848892212
visformer_small,39,ILSVRC2012_val_00001689.JPEG,early,0,feature_modules[0],28,28,high_score_extreme,0.15,0,True,-0.1389012336730957,-0.05319085717201233,False,0.7163729667663574
visformer_small,32,ILSVRC2012_val_00001570.JPEG,early,0,feature_modules[0],28,28,high_score_extreme,0.15,1,True,0.3930492401123047,0.17352265119552612,False,0.8763527274131775
visformer_small,33,ILSVRC2012_val_00001638.JPEG,early,0,feature_modules[0],28,28,high_score_extreme,0.15,1,True,0.14257526397705078,0.13569197058677673,False,0.8198478817939758
visformer_small,34,ILSVRC2012_val_00001642.JPEG,early,0,feature_modules[0],28,28,high_score_extreme,0.15,1,True,0.018372535705566406,-0.010077953338623047,False,0.7097455859184265
visformer_small,35,ILSVRC2012_val_00001645.JPEG,early,0,feature_modules[0],28,28,high_score_extreme,0.15,1,True,0.5388584136962891,0.39182376861572266,False,0.8872320055961609
visformer_small,36,ILSVRC2012_val_00001648.JPEG,early,0,feature_modules[0],28,28,high_score_extreme,0.15,1,True,0.7081584930419922,0.13096238672733307,False,0.9109218716621399
visformer_small,37,ILSVRC2012_val_00001655.JPEG,early,0,feature_modules[0],28,28,high_score_extreme,0.15,1,True,-0.1900339126586914,-0.03530488908290863,False,0.9089680314064026
visformer_small,38,ILSVRC2012_val_00001659.JPEG,early,0,feature_modules[0],28,28,high_score_extreme,0.15,1,True,0.10556507110595703,0.08205267786979675,False,0.6657472848892212
visformer_small,39,ILSVRC2012_val_00001689.JPEG,early,0,feature_modules[0],28,28,high_score_extreme,0.15,1,True,-0.1389012336730957,-0.05319085717201233,False,0.7163729667663574
visformer_small,32,ILSVRC2012_val_00001570.JPEG,early,0,feature_modules[0],28,28,high_score_extreme,0.15,2,True,0.3930492401123047,0.17352265119552612,False,0.8763527274131775
visformer_small,33,ILSVRC2012_val_00001638.JPEG,early,0,feature_modules[0],28,28,high_score_extreme,0.15,2,True,0.14257526397705078,0.13569197058677673,False,0.8198478817939758
visformer_small,34,ILSVRC2012_val_00001642.JPEG,early,0,feature_modules[0],28,28,high_score_extreme,0.15,2,True,0.018372535705566406,-0.010077953338623047,False,0.7097455859184265
visformer_small,35,ILSVRC2012_val_00001645.JPEG,early,0,feature_modules[0],28,28,high_score_extreme,0.15,2,True,0.5388584136962891,0.39182376861572266,False,0.8872320055961609
visformer_small,36,ILSVRC2012_val_00001648.JPEG,early,0,feature_modules[0],28,28,high_score_extreme,0.15,2,True,0.7081584930419922,0.13096238672733307,False,0.9109218716621399
visformer_small,37,ILSVRC2012_val_00001655.JPEG,early,0,feature_modules[0],28,28,high_score_extreme,0.15,2,True,-0.1900339126586914,-0.03530488908290863,False,0.9089680314064026
visformer_small,38,ILSVRC2012_val_00001659.JPEG,early,0,feature_modules[0],28,28,high_score_extreme,0.15,2,True,0.10556507110595703,0.08205267786979675,False,0.6657472848892212
visformer_small,39,ILSVRC2012_val_00001689.JPEG,early,0,feature_modules[0],28,28,high_score_extreme,0.15,2,True,-0.1389012336730957,-0.05319085717201233,False,0.7163729667663574
visformer_small,32,ILSVRC2012_val_00001570.JPEG,early,0,feature_modules[0],28,28,high_score_extreme,0.15,3,True,0.3930492401123047,0.17352265119552612,False,0.8763527274131775
visformer_small,33,ILSVRC2012_val_00001638.JPEG,early,0,feature_modules[0],28,28,high_score_extreme,0.15,3,True,0.14257526397705078,0.13569197058677673,False,0.8198478817939758
visformer_small,34,ILSVRC2012_val_00001642.JPEG,early,0,feature_modules[0],28,28,high_score_extreme,0.15,3,True,0.018372535705566406,-0.010077953338623047,False,0.7097455859184265
visformer_small,35,ILSVRC2012_val_00001645.JPEG,early,0,feature_modules[0],28,28,high_score_extreme,0.15,3,True,0.5388584136962891,0.39182376861572266,False,0.8872320055961609
visformer_small,36,ILSVRC2012_val_00001648.JPEG,early,0,feature_modules[0],28,28,high_score_extreme,0.15,3,True,0.7081584930419922,0.13096238672733307,False,0.9109218716621399
visformer_small,37,ILSVRC2012_val_00001655.JPEG,early,0,feature_modules[0],28,28,high_score_extreme,0.15,3,True,-0.1900339126586914,-0.03530488908290863,False,0.9089680314064026
visformer_small,38,ILSVRC2012_val_00001659.JPEG,early,0,feature_modules[0],28,28,high_score_extreme,0.15,3,True,0.10556507110595703,0.08205267786979675,False,0.6657472848892212
visformer_small,39,ILSVRC2012_val_00001689.JPEG,early,0,feature_modules[0],28,28,high_score_extreme,0.15,3,True,-0.1389012336730957,-0.05319085717201233,False,0.7163729667663574
visformer_small,32,ILSVRC2012_val_00001570.JPEG,early,0,feature_modules[0],28,28,low_score_extreme,0.15,0,True,0.31583595275878906,0.1686198115348816,False,0.0913594588637352
visformer_small,33,ILSVRC2012_val_00001638.JPEG,early,0,feature_modules[0],28,28,low_score_extreme,0.15,0,True,0.31907129287719727,0.09240701794624329,False,0.23109057545661926
visformer_small,34,ILSVRC2012_val_00001642.JPEG,early,0,feature_modules[0],28,28,low_score_extreme,0.15,0,True,0.2548656463623047,0.09934467077255249,False,0.15703752636909485
visformer_small,35,ILSVRC2012_val_00001645.JPEG,early,0,feature_modules[0],28,28,low_score_extreme,0.15,0,True,0.014371871948242188,0.0372849702835083,False,0.34565314650535583
visformer_small,36,ILSVRC2012_val_00001648.JPEG,early,0,feature_modules[0],28,28,low_score_extreme,0.15,0,True,0.8005313873291016,0.15274931490421295,False,0.6942938566207886
visformer_small,37,ILSVRC2012_val_00001655.JPEG,early,0,feature_modules[0],28,28,low_score_extreme,0.15,0,True,0.7838029861450195,0.2354130893945694,False,0.33662790060043335
visformer_small,38,ILSVRC2012_val_00001659.JPEG,early,0,feature_modules[0],28,28,low_score_extreme,0.15,0,True,0.5905351638793945,0.19537964463233948,False,0.28515154123306274
visformer_small,39,ILSVRC2012_val_00001689.JPEG,early,0,feature_modules[0],28,28,low_score_extreme,0.15,0,True,0.1058650016784668,0.2646554112434387,False,0.4163409173488617
visformer_small,32,ILSVRC2012_val_00001570.JPEG,early,0,feature_modules[0],28,28,low_score_extreme,0.15,1,True,0.31583595275878906,0.1686198115348816,False,0.0913594588637352
visformer_small,33,ILSVRC2012_val_00001638.JPEG,early,0,feature_modules[0],28,28,low_score_extreme,0.15,1,True,0.31907129287719727,0.09240701794624329,False,0.23109057545661926
visformer_small,34,ILSVRC2012_val_00001642.JPEG,early,0,feature_modules[0],28,28,low_score_extreme,0.15,1,True,0.2548656463623047,0.09934467077255249,False,0.15703752636909485
visformer_small,35,ILSVRC2012_val_00001645.JPEG,early,0,feature_modules[0],28,28,low_score_extreme,0.15,1,True,0.014371871948242188,0.0372849702835083,False,0.34565314650535583
visformer_small,36,ILSVRC2012_val_00001648.JPEG,early,0,feature_modules[0],28,28,low_score_extreme,0.15,1,True,0.8005313873291016,0.15274931490421295,False,0.6942938566207886
visformer_small,37,ILSVRC2012_val_00001655.JPEG,early,0,feature_modules[0],28,28,low_score_extreme,0.15,1,True,0.7838029861450195,0.2354130893945694,False,0.33662790060043335
visformer_small,38,ILSVRC2012_val_00001659.JPEG,early,0,feature_modules[0],28,28,low_score_extreme,0.15,1,True,0.5905351638793945,0.19537964463233948,False,0.28515154123306274
visformer_small,39,ILSVRC2012_val_00001689.JPEG,early,0,feature_modules[0],28,28,low_score_extreme,0.15,1,True,0.1058650016784668,0.2646554112434387,False,0.4163409173488617
visformer_small,32,ILSVRC2012_val_00001570.JPEG,early,0,feature_modules[0],28,28,low_score_extreme,0.15,2,True,0.31583595275878906,0.1686198115348816,False,0.0913594588637352
visformer_small,33,ILSVRC2012_val_00001638.JPEG,early,0,feature_modules[0],28,28,low_score_extreme,0.15,2,True,0.31907129287719727,0.09240701794624329,False,0.23109057545661926
visformer_small,34,ILSVRC2012_val_00001642.JPEG,early,0,feature_modules[0],28,28,low_score_extreme,0.15,2,True,0.2548656463623047,0.09934467077255249,False,0.15703752636909485
visformer_small,35,ILSVRC2012_val_00001645.JPEG,early,0,feature_modules[0],28,28,low_score_extreme,0.15,2,True,0.014371871948242188,0.0372849702835083,False,0.34565314650535583
visformer_small,36,ILSVRC2012_val_00001648.JPEG,early,0,feature_modules[0],28,28,low_score_extreme,0.15,2,True,0.8005313873291016,0.15274931490421295,False,0.6942938566207886
visformer_small,37,ILSVRC2012_val_00001655.JPEG,early,0,feature_modules[0],28,28,low_score_extreme,0.15,2,True,0.7838029861450195,0.2354130893945694,False,0.33662790060043335
visformer_small,38,ILSVRC2012_val_00001659.JPEG,early,0,feature_modules[0],28,28,low_score_extreme,0.15,2,True,0.5905351638793945,0.19537964463233948,False,0.28515154123306274
visformer_small,39,ILSVRC2012_val_00001689.JPEG,early,0,feature_modules[0],28,28,low_score_extreme,0.15,2,True,0.1058650016784668,0.2646554112434387,False,0.4163409173488617
visformer_small,32,ILSVRC2012_val_00001570.JPEG,early,0,feature_modules[0],28,28,low_score_extreme,0.15,3,True,0.31583595275878906,0.1686198115348816,False,0.0913594588637352
visformer_small,33,ILSVRC2012_val_00001638.JPEG,early,0,feature_modules[0],28,28,low_score_extreme,0.15,3,True,0.31907129287719727,0.09240701794624329,False,0.23109057545661926
visformer_small,34,ILSVRC2012_val_00001642.JPEG,early,0,feature_modules[0],28,28,low_score_extreme,0.15,3,True,0.2548656463623047,0.09934467077255249,False,0.15703752636909485
visformer_small,35,ILSVRC2012_val_00001645.JPEG,early,0,feature_modules[0],28,28,low_score_extreme,0.15,3,True,0.014371871948242188,0.0372849702835083,False,0.34565314650535583
visformer_small,36,ILSVRC2012_val_00001648.JPEG,early,0,feature_modules[0],28,28,low_score_extreme,0.15,3,True,0.8005313873291016,0.15274931490421295,False,0.6942938566207886
visformer_small,37,ILSVRC2012_val_00001655.JPEG,early,0,feature_modules[0],28,28,low_score_extreme,0.15,3,True,0.7838029861450195,0.2354130893945694,False,0.33662790060043335
visformer_small,38,ILSVRC2012_val_00001659.JPEG,early,0,feature_modules[0],28,28,low_score_extreme,0.15,3,True,0.5905351638793945,0.19537964463233948,False,0.28515154123306274
visformer_small,39,ILSVRC2012_val_00001689.JPEG,early,0,feature_modules[0],28,28,low_score_extreme,0.15,3,True,0.1058650016784668,0.2646554112434387,False,0.4163409173488617
visformer_small,32,ILSVRC2012_val_00001570.JPEG,early,0,feature_modules[0],28,28,random_uniform,0.15,0,True,1.9018187522888184,1.125485897064209,False,0.6601333618164062
visformer_small,33,ILSVRC2012_val_00001638.JPEG,early,0,feature_modules[0],28,28,random_uniform,0.15,0,True,0.14808177947998047,0.15135395526885986,False,0.6135801076889038
visformer_small,34,ILSVRC2012_val_00001642.JPEG,early,0,feature_modules[0],28,28,random_uniform,0.15,0,True,0.16033363342285156,0.03481698036193848,False,0.47837454080581665
visformer_small,35,ILSVRC2012_val_00001645.JPEG,early,0,feature_modules[0],28,28,random_uniform,0.15,0,True,5.244114875793457,4.6314496994018555,True,0.7102022171020508
visformer_small,36,ILSVRC2012_val_00001648.JPEG,early,0,feature_modules[0],28,28,random_uniform,0.15,0,True,0.581294059753418,0.09840373694896698,False,0.8481876850128174
visformer_small,37,ILSVRC2012_val_00001655.JPEG,early,0,feature_modules[0],28,28,random_uniform,0.15,0,True,0.7179951667785645,0.35174405574798584,False,0.770268440246582
visformer_small,38,ILSVRC2012_val_00001659.JPEG,early,0,feature_modules[0],28,28,random_uniform,0.15,0,True,0.9542312622070312,0.45163866877555847,False,0.5046412348747253
visformer_small,39,ILSVRC2012_val_00001689.JPEG,early,0,feature_modules[0],28,28,random_uniform,0.15,0,True,0.5465574264526367,0.5258283615112305,False,0.5796393752098083
visformer_small,32,ILSVRC2012_val_00001570.JPEG,early,0,feature_modules[0],28,28,random_uniform,0.15,1,True,1.386056900024414,0.8050148487091064,False,0.6977764964103699
visformer_small,33,ILSVRC2012_val_00001638.JPEG,early,0,feature_modules[0],28,28,random_uniform,0.15,1,True,0.16318511962890625,0.13951271772384644,False,0.645558774471283
visformer_small,34,ILSVRC2012_val_00001642.JPEG,early,0,feature_modules[0],28,28,random_uniform,0.15,1,True,0.5154633522033691,0.19502627849578857,False,0.5114032030105591
visformer_small,35,ILSVRC2012_val_00001645.JPEG,early,0,feature_modules[0],28,28,random_uniform,0.15,1,True,5.08933162689209,4.334010124206543,True,0.7175787687301636
visformer_small,36,ILSVRC2012_val_00001648.JPEG,early,0,feature_modules[0],28,28,random_uniform,0.15,1,True,0.5083656311035156,0.07806935906410217,False,0.8537955284118652
visformer_small,37,ILSVRC2012_val_00001655.JPEG,early,0,feature_modules[0],28,28,random_uniform,0.15,1,True,0.8288192749023438,0.39428502321243286,False,0.7657698392868042
visformer_small,38,ILSVRC2012_val_00001659.JPEG,early,0,feature_modules[0],28,28,random_uniform,0.15,1,True,1.0430059432983398,0.4266104996204376,False,0.49679628014564514
visformer_small,39,ILSVRC2012_val_00001689.JPEG,early,0,feature_modules[0],28,28,random_uniform,0.15,1,True,0.40223026275634766,0.20917707681655884,False,0.566259503364563
visformer_small,32,ILSVRC2012_val_00001570.JPEG,early,0,feature_modules[0],28,28,random_uniform,0.15,2,True,2.0068578720092773,1.2415742874145508,False,0.6741934418678284
visformer_small,33,ILSVRC2012_val_00001638.JPEG,early,0,feature_modules[0],28,28,random_uniform,0.15,2,True,0.008724212646484375,0.03435245156288147,False,0.6117573380470276
visformer_small,34,ILSVRC2012_val_00001642.JPEG,early,0,feature_modules[0],28,28,random_uniform,0.15,2,True,0.6369156837463379,0.26676368713378906,False,0.45929503440856934
visformer_small,35,ILSVRC2012_val_00001645.JPEG,early,0,feature_modules[0],28,28,random_uniform,0.15,2,True,2.548733711242676,1.7586636543273926,False,0.6974655985832214
visformer_small,36,ILSVRC2012_val_00001648.JPEG,early,0,feature_modules[0],28,28,random_uniform,0.15,2,True,0.7649126052856445,0.14037342369556427,False,0.8356156945228577
visformer_small,37,ILSVRC2012_val_00001655.JPEG,early,0,feature_modules[0],28,28,random_uniform,0.15,2,True,0.14990901947021484,0.1310369223356247,False,0.7468336224555969
visformer_small,38,ILSVRC2012_val_00001659.JPEG,early,0,feature_modules[0],28,28,random_uniform,0.15,2,True,1.156947135925293,0.5417640209197998,False,0.502194344997406
visformer_small,39,ILSVRC2012_val_00001689.JPEG,early,0,feature_modules[0],28,28,random_uniform,0.15,2,True,0.7694478034973145,0.49191218614578247,False,0.5896963477134705
visformer_small,32,ILSVRC2012_val_00001570.JPEG,early,0,feature_modules[0],28,28,random_uniform,0.15,3,True,1.8053607940673828,1.106115698814392,False,0.6817195415496826
visformer_small,33,ILSVRC2012_val_00001638.JPEG,early,0,feature_modules[0],28,28,random_uniform,0.15,3,True,0.056349754333496094,0.06487306952476501,False,0.619652509689331
visformer_small,34,ILSVRC2012_val_00001642.JPEG,early,0,feature_modules[0],28,28,random_uniform,0.15,3,True,0.6579842567443848,0.294492244720459,False,0.4859963655471802
visformer_small,35,ILSVRC2012_val_00001645.JPEG,early,0,feature_modules[0],28,28,random_uniform,0.15,3,True,2.844747543334961,2.176607608795166,False,0.7212992310523987
visformer_small,36,ILSVRC2012_val_00001648.JPEG,early,0,feature_modules[0],28,28,random_uniform,0.15,3,True,0.7632999420166016,0.14195607602596283,False,0.8544012904167175
visformer_small,37,ILSVRC2012_val_00001655.JPEG,early,0,feature_modules[0],28,28,random_uniform,0.15,3,True,-0.0827484130859375,0.0757557600736618,False,0.7472200393676758
visformer_small,38,ILSVRC2012_val_00001659.JPEG,early,0,feature_modules[0],28,28,random_uniform,0.15,3,True,1.0712714195251465,0.47195395827293396,False,0.4954303801059723
visformer_small,39,ILSVRC2012_val_00001689.JPEG,early,0,feature_modules[0],28,28,random_uniform,0.15,3,True,0.8188648223876953,0.5994016528129578,False,0.5955109000205994
visformer_small,32,ILSVRC2012_val_00001570.JPEG,early,0,feature_modules[0],28,28,score_deviation_extreme,0.15,0,True,0.31583595275878906,0.1686198115348816,False,0.0913594588637352
visformer_small,33,ILSVRC2012_val_00001638.JPEG,early,0,feature_modules[0],28,28,score_deviation_extreme,0.15,0,True,0.31907129287719727,0.09240701794624329,False,0.23109057545661926
visformer_small,34,ILSVRC2012_val_00001642.JPEG,early,0,feature_modules[0],28,28,score_deviation_extreme,0.15,0,True,0.2548656463623047,0.09934467077255249,False,0.15703752636909485
visformer_small,35,ILSVRC2012_val_00001645.JPEG,early,0,feature_modules[0],28,28,score_deviation_extreme,0.15,0,True,0.014371871948242188,0.0372849702835083,False,0.34565314650535583
visformer_small,36,ILSVRC2012_val_00001648.JPEG,early,0,feature_modules[0],28,28,score_deviation_extreme,0.15,0,True,0.6519250869750977,0.11128921806812286,False,0.7087036967277527
visformer_small,37,ILSVRC2012_val_00001655.JPEG,early,0,feature_modules[0],28,28,score_deviation_extreme,0.15,0,True,0.7838029861450195,0.2354130893945694,False,0.33662790060043335
visformer_small,38,ILSVRC2012_val_00001659.JPEG,early,0,feature_modules[0],28,28,score_deviation_extreme,0.15,0,True,0.23134469985961914,0.07278385758399963,False,0.33982521295547485
visformer_small,39,ILSVRC2012_val_00001689.JPEG,early,0,feature_modules[0],28,28,score_deviation_extreme,0.15,0,True,-1.2468199729919434,-0.2796778082847595,False,0.526662290096283
visformer_small,32,ILSVRC2012_val_00001570.JPEG,early,0,feature_modules[0],28,28,score_deviation_extreme,0.15,1,True,0.31583595275878906,0.1686198115348816,False,0.0913594588637352
visformer_small,33,ILSVRC2012_val_00001638.JPEG,early,0,feature_modules[0],28,28,score_deviation_extreme,0.15,1,True,0.31907129287719727,0.09240701794624329,False,0.23109057545661926
visformer_small,34,ILSVRC2012_val_00001642.JPEG,early,0,feature_modules[0],28,28,score_deviation_extreme,0.15,1,True,0.2548656463623047,0.09934467077255249,False,0.15703752636909485
visformer_small,35,ILSVRC2012_val_00001645.JPEG,early,0,feature_modules[0],28,28,score_deviation_extreme,0.15,1,True,0.014371871948242188,0.0372849702835083,False,0.34565314650535583
visformer_small,36,ILSVRC2012_val_00001648.JPEG,early,0,feature_modules[0],28,28,score_deviation_extreme,0.15,1,True,0.6519250869750977,0.11128921806812286,False,0.7087036967277527
visformer_small,37,ILSVRC2012_val_00001655.JPEG,early,0,feature_modules[0],28,28,score_deviation_extreme,0.15,1,True,0.7838029861450195,0.2354130893945694,False,0.33662790060043335
visformer_small,38,ILSVRC2012_val_00001659.JPEG,early,0,feature_modules[0],28,28,score_deviation_extreme,0.15,1,True,0.23134469985961914,0.07278385758399963,False,0.33982521295547485
visformer_small,39,ILSVRC2012_val_00001689.JPEG,early,0,feature_modules[0],28,28,score_deviation_extreme,0.15,1,True,-1.2468199729919434,-0.2796778082847595,False,0.526662290096283
visformer_small,32,ILSVRC2012_val_00001570.JPEG,early,0,feature_modules[0],28,28,score_deviation_extreme,0.15,2,True,0.31583595275878906,0.1686198115348816,False,0.0913594588637352
visformer_small,33,ILSVRC2012_val_00001638.JPEG,early,0,feature_modules[0],28,28,score_deviation_extreme,0.15,2,True,0.31907129287719727,0.09240701794624329,False,0.23109057545661926
visformer_small,34,ILSVRC2012_val_00001642.JPEG,early,0,feature_modules[0],28,28,score_deviation_extreme,0.15,2,True,0.2548656463623047,0.09934467077255249,False,0.15703752636909485
visformer_small,35,ILSVRC2012_val_00001645.JPEG,early,0,feature_modules[0],28,28,score_deviation_extreme,0.15,2,True,0.014371871948242188,0.0372849702835083,False,0.34565314650535583
visformer_small,36,ILSVRC2012_val_00001648.JPEG,early,0,feature_modules[0],28,28,score_deviation_extreme,0.15,2,True,0.6519250869750977,0.11128921806812286,False,0.7087036967277527
visformer_small,37,ILSVRC2012_val_00001655.JPEG,early,0,feature_modules[0],28,28,score_deviation_extreme,0.15,2,True,0.7838029861450195,0.2354130893945694,False,0.33662790060043335
visformer_small,38,ILSVRC2012_val_00001659.JPEG,early,0,feature_modules[0],28,28,score_deviation_extreme,0.15,2,True,0.23134469985961914,0.07278385758399963,False,0.33982521295547485
visformer_small,39,ILSVRC2012_val_00001689.JPEG,early,0,feature_modules[0],28,28,score_deviation_extreme,0.15,2,True,-1.2468199729919434,-0.2796778082847595,False,0.526662290096283
visformer_small,32,ILSVRC2012_val_00001570.JPEG,early,0,feature_modules[0],28,28,score_deviation_extreme,0.15,3,True,0.31583595275878906,0.1686198115348816,False,0.0913594588637352
visformer_small,33,ILSVRC2012_val_00001638.JPEG,early,0,feature_modules[0],28,28,score_deviation_extreme,0.15,3,True,0.31907129287719727,0.09240701794624329,False,0.23109057545661926
visformer_small,34,ILSVRC2012_val_00001642.JPEG,early,0,feature_modules[0],28,28,score_deviation_extreme,0.15,3,True,0.2548656463623047,0.09934467077255249,False,0.15703752636909485
visformer_small,35,ILSVRC2012_val_00001645.JPEG,early,0,feature_modules[0],28,28,score_deviation_extreme,0.15,3,True,0.014371871948242188,0.0372849702835083,False,0.34565314650535583
visformer_small,36,ILSVRC2012_val_00001648.JPEG,early,0,feature_modules[0],28,28,score_deviation_extreme,0.15,3,True,0.6519250869750977,0.11128921806812286,False,0.7087036967277527
visformer_small,37,ILSVRC2012_val_00001655.JPEG,early,0,feature_modules[0],28,28,score_deviation_extreme,0.15,3,True,0.7838029861450195,0.2354130893945694,False,0.33662790060043335
visformer_small,38,ILSVRC2012_val_00001659.JPEG,early,0,feature_modules[0],28,28,score_deviation_extreme,0.15,3,True,0.23134469985961914,0.07278385758399963,False,0.33982521295547485
visformer_small,39,ILSVRC2012_val_00001689.JPEG,early,0,feature_modules[0],28,28,score_deviation_extreme,0.15,3,True,-1.2468199729919434,-0.2796778082847595,False,0.526662290096283
visformer_small,32,ILSVRC2012_val_00001570.JPEG,mid,7,feature_modules[7],14,14,high_score_extreme,0.15,0,True,-0.04412269592285156,0.00565609335899353,False,0.5751178860664368
visformer_small,33,ILSVRC2012_val_00001638.JPEG,mid,7,feature_modules[7],14,14,high_score_extreme,0.15,0,True,0.18426799774169922,0.04277843236923218,False,0.5712380409240723
visformer_small,34,ILSVRC2012_val_00001642.JPEG,mid,7,feature_modules[7],14,14,high_score_extreme,0.15,0,True,-0.46581602096557617,-0.10015153884887695,False,0.5795754194259644
visformer_small,35,ILSVRC2012_val_00001645.JPEG,mid,7,feature_modules[7],14,14,high_score_extreme,0.15,0,True,0.006047248840332031,-0.0046977698802948,False,0.7166053652763367
visformer_small,36,ILSVRC2012_val_00001648.JPEG,mid,7,feature_modules[7],14,14,high_score_extreme,0.15,0,True,0.6110401153564453,0.11294598877429962,False,0.787794291973114
visformer_small,37,ILSVRC2012_val_00001655.JPEG,mid,7,feature_modules[7],14,14,high_score_extreme,0.15,0,True,-0.03243732452392578,-0.00791323184967041,False,0.5750399827957153
visformer_small,38,ILSVRC2012_val_00001659.JPEG,mid,7,feature_modules[7],14,14,high_score_extreme,0.15,0,True,-0.4598512649536133,-0.12278313934803009,False,0.5871853232383728
visformer_small,39,ILSVRC2012_val_00001689.JPEG,mid,7,feature_modules[7],14,14,high_score_extreme,0.15,0,True,-0.03555917739868164,-0.020319819450378418,False,0.700641393661499
visformer_small,32,ILSVRC2012_val_00001570.JPEG,mid,7,feature_modules[7],14,14,high_score_extreme,0.15,1,True,-0.04412269592285156,0.00565609335899353,False,0.5751178860664368
visformer_small,33,ILSVRC2012_val_00001638.JPEG,mid,7,feature_modules[7],14,14,high_score_extreme,0.15,1,True,0.18426799774169922,0.04277843236923218,False,0.5712380409240723
visformer_small,34,ILSVRC2012_val_00001642.JPEG,mid,7,feature_modules[7],14,14,high_score_extreme,0.15,1,True,-0.46581602096557617,-0.10015153884887695,False,0.5795754194259644
visformer_small,35,ILSVRC2012_val_00001645.JPEG,mid,7,feature_modules[7],14,14,high_score_extreme,0.15,1,True,0.006047248840332031,-0.0046977698802948,False,0.7166053652763367
visformer_small,36,ILSVRC2012_val_00001648.JPEG,mid,7,feature_modules[7],14,14,high_score_extreme,0.15,1,True,0.6110401153564453,0.11294598877429962,False,0.787794291973114
visformer_small,37,ILSVRC2012_val_00001655.JPEG,mid,7,feature_modules[7],14,14,high_score_extreme,0.15,1,True,-0.03243732452392578,-0.00791323184967041,False,0.5750399827957153
visformer_small,38,ILSVRC2012_val_00001659.JPEG,mid,7,feature_modules[7],14,14,high_score_extreme,0.15,1,True,-0.4598512649536133,-0.12278313934803009,False,0.5871853232383728
visformer_small,39,ILSVRC2012_val_00001689.JPEG,mid,7,feature_modules[7],14,14,high_score_extreme,0.15,1,True,-0.03555917739868164,-0.020319819450378418,False,0.700641393661499
visformer_small,32,ILSVRC2012_val_00001570.JPEG,mid,7,feature_modules[7],14,14,high_score_extreme,0.15,2,True,-0.04412269592285156,0.00565609335899353,False,0.5751178860664368
visformer_small,33,ILSVRC2012_val_00001638.JPEG,mid,7,feature_modules[7],14,14,high_score_extreme,0.15,2,True,0.18426799774169922,0.04277843236923218,False,0.5712380409240723
visformer_small,34,ILSVRC2012_val_00001642.JPEG,mid,7,feature_modules[7],14,14,high_score_extreme,0.15,2,True,-0.46581602096557617,-0.10015153884887695,False,0.5795754194259644
visformer_small,35,ILSVRC2012_val_00001645.JPEG,mid,7,feature_modules[7],14,14,high_score_extreme,0.15,2,True,0.006047248840332031,-0.0046977698802948,False,0.7166053652763367
visformer_small,36,ILSVRC2012_val_00001648.JPEG,mid,7,feature_modules[7],14,14,high_score_extreme,0.15,2,True,0.6110401153564453,0.11294598877429962,False,0.787794291973114
visformer_small,37,ILSVRC2012_val_00001655.JPEG,mid,7,feature_modules[7],14,14,high_score_extreme,0.15,2,True,-0.03243732452392578,-0.00791323184967041,False,0.5750399827957153
visformer_small,38,ILSVRC2012_val_00001659.JPEG,mid,7,feature_modules[7],14,14,high_score_extreme,0.15,2,True,-0.4598512649536133,-0.12278313934803009,False,0.5871853232383728
visformer_small,39,ILSVRC2012_val_00001689.JPEG,mid,7,feature_modules[7],14,14,high_score_extreme,0.15,2,True,-0.03555917739868164,-0.020319819450378418,False,0.700641393661499
visformer_small,32,ILSVRC2012_val_00001570.JPEG,mid,7,feature_modules[7],14,14,high_score_extreme,0.15,3,True,-0.04412269592285156,0.00565609335899353,False,0.5751178860664368
visformer_small,33,ILSVRC2012_val_00001638.JPEG,mid,7,feature_modules[7],14,14,high_score_extreme,0.15,3,True,0.18426799774169922,0.04277843236923218,False,0.5712380409240723
visformer_small,34,ILSVRC2012_val_00001642.JPEG,mid,7,feature_modules[7],14,14,high_score_extreme,0.15,3,True,-0.46581602096557617,-0.10015153884887695,False,0.5795754194259644
visformer_small,35,ILSVRC2012_val_00001645.JPEG,mid,7,feature_modules[7],14,14,high_score_extreme,0.15,3,True,0.006047248840332031,-0.0046977698802948,False,0.7166053652763367
visformer_small,36,ILSVRC2012_val_00001648.JPEG,mid,7,feature_modules[7],14,14,high_score_extreme,0.15,3,True,0.6110401153564453,0.11294598877429962,False,0.787794291973114
visformer_small,37,ILSVRC2012_val_00001655.JPEG,mid,7,feature_modules[7],14,14,high_score_extreme,0.15,3,True,-0.03243732452392578,-0.00791323184967041,False,0.5750399827957153
visformer_small,38,ILSVRC2012_val_00001659.JPEG,mid,7,feature_modules[7],14,14,high_score_extreme,0.15,3,True,-0.4598512649536133,-0.12278313934803009,False,0.5871853232383728
visformer_small,39,ILSVRC2012_val_00001689.JPEG,mid,7,feature_modules[7],14,14,high_score_extreme,0.15,3,True,-0.03555917739868164,-0.020319819450378418,False,0.700641393661499
visformer_small,32,ILSVRC2012_val_00001570.JPEG,mid,7,feature_modules[7],14,14,low_score_extreme,0.15,0,True,-0.132904052734375,-0.02871042490005493,False,0.14267709851264954
visformer_small,33,ILSVRC2012_val_00001638.JPEG,mid,7,feature_modules[7],14,14,low_score_extreme,0.15,0,True,0.32683610916137695,0.13125672936439514,False,0.19862063229084015
visformer_small,34,ILSVRC2012_val_00001642.JPEG,mid,7,feature_modules[7],14,14,low_score_extreme,0.15,0,True,0.1727914810180664,0.0801042914390564,False,0.09633462131023407
visformer_small,35,ILSVRC2012_val_00001645.JPEG,mid,7,feature_modules[7],14,14,low_score_extreme,0.15,0,True,-0.24347782135009766,-0.07006552815437317,False,0.14505359530448914
visformer_small,36,ILSVRC2012_val_00001648.JPEG,mid,7,feature_modules[7],14,14,low_score_extreme,0.15,0,True,1.3960819244384766,0.4003145694732666,False,0.37066131830215454
visformer_small,37,ILSVRC2012_val_00001655.JPEG,mid,7,feature_modules[7],14,14,low_score_extreme,0.15,0,True,0.21309280395507812,0.06410707533359528,False,0.26933008432388306
visformer_small,38,ILSVRC2012_val_00001659.JPEG,mid,7,feature_modules[7],14,14,low_score_extreme,0.15,0,True,0.0272674560546875,0.00039258599281311035,False,0.17129310965538025
visformer_small,39,ILSVRC2012_val_00001689.JPEG,mid,7,feature_modules[7],14,14,low_score_extreme,0.15,0,True,0.19463014602661133,0.062226951122283936,False,0.17666105926036835
visformer_small,32,ILSVRC2012_val_00001570.JPEG,mid,7,feature_modules[7],14,14,low_score_extreme,0.15,1,True,-0.132904052734375,-0.02871042490005493,False,0.14267709851264954
visformer_small,33,ILSVRC2012_val_00001638.JPEG,mid,7,feature_modules[7],14,14,low_score_extreme,0.15,1,True,0.32683610916137695,0.13125672936439514,False,0.19862063229084015
visformer_small,34,ILSVRC2012_val_00001642.JPEG,mid,7,feature_modules[7],14,14,low_score_extreme,0.15,1,True,0.1727914810180664,0.0801042914390564,False,0.09633462131023407
visformer_small,35,ILSVRC2012_val_00001645.JPEG,mid,7,feature_modules[7],14,14,low_score_extreme,0.15,1,True,-0.24347782135009766,-0.07006552815437317,False,0.14505359530448914
visformer_small,36,ILSVRC2012_val_00001648.JPEG,mid,7,feature_modules[7],14,14,low_score_extreme,0.15,1,True,1.3960819244384766,0.4003145694732666,False,0.37066131830215454
visformer_small,37,ILSVRC2012_val_00001655.JPEG,mid,7,feature_modules[7],14,14,low_score_extreme,0.15,1,True,0.21309280395507812,0.06410707533359528,False,0.26933008432388306
visformer_small,38,ILSVRC2012_val_00001659.JPEG,mid,7,feature_modules[7],14,14,low_score_extreme,0.15,1,True,0.0272674560546875,0.00039258599281311035,False,0.17129310965538025
visformer_small,39,ILSVRC2012_val_00001689.JPEG,mid,7,feature_modules[7],14,14,low_score_extreme,0.15,1,True,0.19463014602661133,0.062226951122283936,False,0.17666105926036835
visformer_small,32,ILSVRC2012_val_00001570.JPEG,mid,7,feature_modules[7],14,14,low_score_extreme,0.15,2,True,-0.132904052734375,-0.02871042490005493,False,0.14267709851264954
visformer_small,33,ILSVRC2012_val_00001638.JPEG,mid,7,feature_modules[7],14,14,low_score_extreme,0.15,2,True,0.32683610916137695,0.13125672936439514,False,0.19862063229084015
visformer_small,34,ILSVRC2012_val_00001642.JPEG,mid,7,feature_modules[7],14,14,low_score_extreme,0.15,2,True,0.1727914810180664,0.0801042914390564,False,0.09633462131023407
visformer_small,35,ILSVRC2012_val_00001645.JPEG,mid,7,feature_modules[7],14,14,low_score_extreme,0.15,2,True,-0.24347782135009766,-0.07006552815437317,False,0.14505359530448914
visformer_small,36,ILSVRC2012_val_00001648.JPEG,mid,7,feature_modules[7],14,14,low_score_extreme,0.15,2,True,1.3960819244384766,0.4003145694732666,False,0.37066131830215454
visformer_small,37,ILSVRC2012_val_00001655.JPEG,mid,7,feature_modules[7],14,14,low_score_extreme,0.15,2,True,0.21309280395507812,0.06410707533359528,False,0.26933008432388306
visformer_small,38,ILSVRC2012_val_00001659.JPEG,mid,7,feature_modules[7],14,14,low_score_extreme,0.15,2,True,0.0272674560546875,0.00039258599281311035,False,0.17129310965538025
visformer_small,39,ILSVRC2012_val_00001689.JPEG,mid,7,feature_modules[7],14,14,low_score_extreme,0.15,2,True,0.19463014602661133,0.062226951122283936,False,0.17666105926036835
visformer_small,32,ILSVRC2012_val_00001570.JPEG,mid,7,feature_modules[7],14,14,low_score_extreme,0.15,3,True,-0.132904052734375,-0.02871042490005493,False,0.14267709851264954
visformer_small,33,ILSVRC2012_val_00001638.JPEG,mid,7,feature_modules[7],14,14,low_score_extreme,0.15,3,True,0.32683610916137695,0.13125672936439514,False,0.19862063229084015
visformer_small,34,ILSVRC2012_val_00001642.JPEG,mid,7,feature_modules[7],14,14,low_score_extreme,0.15,3,True,0.1727914810180664,0.0801042914390564,False,0.09633462131023407
visformer_small,35,ILSVRC2012_val_00001645.JPEG,mid,7,feature_modules[7],14,14,low_score_extreme,0.15,3,True,-0.24347782135009766,-0.07006552815437317,False,0.14505359530448914
visformer_small,36,ILSVRC2012_val_00001648.JPEG,mid,7,feature_modules[7],14,14,low_score_extreme,0.15,3,True,1.3960819244384766,0.4003145694732666,False,0.37066131830215454
visformer_small,37,ILSVRC2012_val_00001655.JPEG,mid,7,feature_modules[7],14,14,low_score_extreme,0.15,3,True,0.21309280395507812,0.06410707533359528,False,0.26933008432388306
visformer_small,38,ILSVRC2012_val_00001659.JPEG,mid,7,feature_modules[7],14,14,low_score_extreme,0.15,3,True,0.0272674560546875,0.00039258599281311035,False,0.17129310965538025
visformer_small,39,ILSVRC2012_val_00001689.JPEG,mid,7,feature_modules[7],14,14,low_score_extreme,0.15,3,True,0.19463014602661133,0.062226951122283936,False,0.17666105926036835
visformer_small,32,ILSVRC2012_val_00001570.JPEG,mid,7,feature_modules[7],14,14,random_uniform,0.15,0,True,-0.11404991149902344,-0.018704012036323547,False,0.4311833381652832
visformer_small,33,ILSVRC2012_val_00001638.JPEG,mid,7,feature_modules[7],14,14,random_uniform,0.15,0,True,-0.11528301239013672,0.01534309983253479,False,0.3842930495738983
visformer_small,34,ILSVRC2012_val_00001642.JPEG,mid,7,feature_modules[7],14,14,random_uniform,0.15,0,True,-0.23755359649658203,-0.07395920157432556,False,0.35465148091316223
visformer_small,35,ILSVRC2012_val_00001645.JPEG,mid,7,feature_modules[7],14,14,random_uniform,0.15,0,True,0.07264232635498047,0.02548244595527649,False,0.4307810664176941
visformer_small,36,ILSVRC2012_val_00001648.JPEG,mid,7,feature_modules[7],14,14,random_uniform,0.15,0,True,0.7838277816772461,0.15172164142131805,False,0.6888719201087952
visformer_small,37,ILSVRC2012_val_00001655.JPEG,mid,7,feature_modules[7],14,14,random_uniform,0.15,0,True,0.14489078521728516,0.03899769484996796,False,0.4306306540966034
visformer_small,38,ILSVRC2012_val_00001659.JPEG,mid,7,feature_modules[7],14,14,random_uniform,0.15,0,True,-0.1808176040649414,-0.02848389744758606,False,0.4017106294631958
visformer_small,39,ILSVRC2012_val_00001689.JPEG,mid,7,feature_modules[7],14,14,random_uniform,0.15,0,True,-0.49813032150268555,-0.14990109205245972,False,0.4311332106590271
visformer_small,32,ILSVRC2012_val_00001570.JPEG,mid,7,feature_modules[7],14,14,random_uniform,0.15,1,True,-0.20733642578125,-0.014825224876403809,False,0.4027826488018036
visformer_small,33,ILSVRC2012_val_00001638.JPEG,mid,7,feature_modules[7],14,14,random_uniform,0.15,1,True,-0.1114492416381836,-0.02006205916404724,False,0.38207560777664185
visformer_small,34,ILSVRC2012_val_00001642.JPEG,mid,7,feature_modules[7],14,14,random_uniform,0.15,1,True,-0.1300048828125,0.007768511772155762,False,0.3815001845359802
visformer_small,35,ILSVRC2012_val_00001645.JPEG,mid,7,feature_modules[7],14,14,random_uniform,0.15,1,True,0.06976032257080078,0.025109291076660156,False,0.5317152142524719
visformer_small,36,ILSVRC2012_val_00001648.JPEG,mid,7,feature_modules[7],14,14,random_uniform,0.15,1,True,0.6123552322387695,0.12320728600025177,False,0.6794896721839905
visformer_small,37,ILSVRC2012_val_00001655.JPEG,mid,7,feature_modules[7],14,14,random_uniform,0.15,1,True,0.10107040405273438,0.08400176465511322,False,0.41580575704574585
visformer_small,38,ILSVRC2012_val_00001659.JPEG,mid,7,feature_modules[7],14,14,random_uniform,0.15,1,True,0.037471771240234375,0.022960931062698364,False,0.39391812682151794
visformer_small,39,ILSVRC2012_val_00001689.JPEG,mid,7,feature_modules[7],14,14,random_uniform,0.15,1,True,-0.19515752792358398,-0.03705334663391113,False,0.4564383327960968
visformer_small,32,ILSVRC2012_val_00001570.JPEG,mid,7,feature_modules[7],14,14,random_uniform,0.15,2,True,0.06009864807128906,0.059144556522369385,False,0.3947683572769165
visformer_small,33,ILSVRC2012_val_00001638.JPEG,mid,7,feature_modules[7],14,14,random_uniform,0.15,2,True,-0.36663818359375,-0.06128658354282379,False,0.4257514476776123
visformer_small,34,ILSVRC2012_val_00001642.JPEG,mid,7,feature_modules[7],14,14,random_uniform,0.15,2,True,-0.021557331085205078,-0.02057427167892456,False,0.3375721573829651
visformer_small,35,ILSVRC2012_val_00001645.JPEG,mid,7,feature_modules[7],14,14,random_uniform,0.15,2,True,-0.17239952087402344,-0.04706493020057678,False,0.5146843194961548
visformer_small,36,ILSVRC2012_val_00001648.JPEG,mid,7,feature_modules[7],14,14,random_uniform,0.15,2,True,0.5810136795043945,0.10602022707462311,False,0.694804310798645
visformer_small,37,ILSVRC2012_val_00001655.JPEG,mid,7,feature_modules[7],14,14,random_uniform,0.15,2,True,0.40519046783447266,0.1584288328886032,False,0.41479164361953735
visformer_small,38,ILSVRC2012_val_00001659.JPEG,mid,7,feature_modules[7],14,14,random_uniform,0.15,2,True,-0.46955013275146484,-0.12451571226119995,False,0.40966394543647766
visformer_small,39,ILSVRC2012_val_00001689.JPEG,mid,7,feature_modules[7],14,14,random_uniform,0.15,2,True,-0.20481300354003906,-0.07671207189559937,False,0.5192313194274902
visformer_small,32,ILSVRC2012_val_00001570.JPEG,mid,7,feature_modules[7],14,14,random_uniform,0.15,3,True,-0.013668060302734375,0.016632825136184692,False,0.40228816866874695
visformer_small,33,ILSVRC2012_val_00001638.JPEG,mid,7,feature_modules[7],14,14,random_uniform,0.15,3,True,-0.08810901641845703,0.0038185715675354004,False,0.39718759059906006
visformer_small,34,ILSVRC2012_val_00001642.JPEG,mid,7,feature_modules[7],14,14,random_uniform,0.15,3,True,0.18606996536254883,0.15222758054733276,False,0.39831462502479553
visformer_small,35,ILSVRC2012_val_00001645.JPEG,mid,7,feature_modules[7],14,14,random_uniform,0.15,3,True,0.2980623245239258,0.11417219042778015,False,0.4612482786178589
visformer_small,36,ILSVRC2012_val_00001648.JPEG,mid,7,feature_modules[7],14,14,random_uniform,0.15,3,True,0.395233154296875,0.06233076751232147,False,0.670744776725769
visformer_small,37,ILSVRC2012_val_00001655.JPEG,mid,7,feature_modules[7],14,14,random_uniform,0.15,3,True,-0.4265584945678711,-0.050618499517440796,False,0.4478173851966858
visformer_small,38,ILSVRC2012_val_00001659.JPEG,mid,7,feature_modules[7],14,14,random_uniform,0.15,3,True,0.4695167541503906,0.25764939188957214,False,0.38728517293930054
visformer_small,39,ILSVRC2012_val_00001689.JPEG,mid,7,feature_modules[7],14,14,random_uniform,0.15,3,True,-1.003044605255127,-0.24222919344902039,False,0.4626694321632385
visformer_small,32,ILSVRC2012_val_00001570.JPEG,mid,7,feature_modules[7],14,14,score_deviation_extreme,0.15,0,True,-0.2220745086669922,-0.036090731620788574,False,0.15802298486232758
visformer_small,33,ILSVRC2012_val_00001638.JPEG,mid,7,feature_modules[7],14,14,score_deviation_extreme,0.15,0,True,0.37773561477661133,0.13946792483329773,False,0.3419495224952698
visformer_small,34,ILSVRC2012_val_00001642.JPEG,mid,7,feature_modules[7],14,14,score_deviation_extreme,0.15,0,True,-0.11972904205322266,-0.060428082942962646,False,0.19008420407772064
visformer_small,35,ILSVRC2012_val_00001645.JPEG,mid,7,feature_modules[7],14,14,score_deviation_extreme,0.15,0,True,-0.24347782135009766,-0.07006552815437317,False,0.14505359530448914
visformer_small,36,ILSVRC2012_val_00001648.JPEG,mid,7,feature_modules[7],14,14,score_deviation_extreme,0.15,0,True,1.3960819244384766,0.4003145694732666,False,0.37066131830215454
visformer_small,37,ILSVRC2012_val_00001655.JPEG,mid,7,feature_modules[7],14,14,score_deviation_extreme,0.15,0,True,0.27004146575927734,0.08345238864421844,False,0.338230162858963
visformer_small,38,ILSVRC2012_val_00001659.JPEG,mid,7,feature_modules[7],14,14,score_deviation_extreme,0.15,0,True,-0.49361228942871094,-0.1250702142715454,False,0.31671398878097534
visformer_small,39,ILSVRC2012_val_00001689.JPEG,mid,7,feature_modules[7],14,14,score_deviation_extreme,0.15,0,True,0.19463014602661133,0.062226951122283936,False,0.17666105926036835
visformer_small,32,ILSVRC2012_val_00001570.JPEG,mid,7,feature_modules[7],14,14,score_deviation_extreme,0.15,1,True,-0.2220745086669922,-0.036090731620788574,False,0.15802298486232758
visformer_small,33,ILSVRC2012_val_00001638.JPEG,mid,7,feature_modules[7],14,14,score_deviation_extreme,0.15,1,True,0.37773561477661133,0.13946792483329773,False,0.3419495224952698
visformer_small,34,ILSVRC2012_val_00001642.JPEG,mid,7,feature_modules[7],14,14,score_deviation_extreme,0.15,1,True,-0.11972904205322266,-0.060428082942962646,False,0.19008420407772064
visformer_small,35,ILSVRC2012_val_00001645.JPEG,mid,7,feature_modules[7],14,14,score_deviation_extreme,0.15,1,True,-0.24347782135009766,-0.07006552815437317,False,0.14505359530448914
visformer_small,36,ILSVRC2012_val_00001648.JPEG,mid,7,feature_modules[7],14,14,score_deviation_extreme,0.15,1,True,1.3960819244384766,0.4003145694732666,False,0.37066131830215454
visformer_small,37,ILSVRC2012_val_00001655.JPEG,mid,7,feature_modules[7],14,14,score_deviation_extreme,0.15,1,True,0.27004146575927734,0.08345238864421844,False,0.338230162858963
visformer_small,38,ILSVRC2012_val_00001659.JPEG,mid,7,feature_modules[7],14,14,score_deviation_extreme,0.15,1,True,-0.49361228942871094,-0.1250702142715454,False,0.31671398878097534
visformer_small,39,ILSVRC2012_val_00001689.JPEG,mid,7,feature_modules[7],14,14,score_deviation_extreme,0.15,1,True,0.19463014602661133,0.062226951122283936,False,0.17666105926036835
visformer_small,32,ILSVRC2012_val_00001570.JPEG,mid,7,feature_modules[7],14,14,score_deviation_extreme,0.15,2,True,-0.2220745086669922,-0.036090731620788574,False,0.15802298486232758
visformer_small,33,ILSVRC2012_val_00001638.JPEG,mid,7,feature_modules[7],14,14,score_deviation_extreme,0.15,2,True,0.37773561477661133,0.13946792483329773,False,0.3419495224952698
visformer_small,34,ILSVRC2012_val_00001642.JPEG,mid,7,feature_modules[7],14,14,score_deviation_extreme,0.15,2,True,-0.11972904205322266,-0.060428082942962646,False,0.19008420407772064
visformer_small,35,ILSVRC2012_val_00001645.JPEG,mid,7,feature_modules[7],14,14,score_deviation_extreme,0.15,2,True,-0.24347782135009766,-0.07006552815437317,False,0.14505359530448914
visformer_small,36,ILSVRC2012_val_00001648.JPEG,mid,7,feature_modules[7],14,14,score_deviation_extreme,0.15,2,True,1.3960819244384766,0.4003145694732666,False,0.37066131830215454
visformer_small,37,ILSVRC2012_val_00001655.JPEG,mid,7,feature_modules[7],14,14,score_deviation_extreme,0.15,2,True,0.27004146575927734,0.08345238864421844,False,0.338230162858963
visformer_small,38,ILSVRC2012_val_00001659.JPEG,mid,7,feature_modules[7],14,14,score_deviation_extreme,0.15,2,True,-0.49361228942871094,-0.1250702142715454,False,0.31671398878097534
visformer_small,39,ILSVRC2012_val_00001689.JPEG,mid,7,feature_modules[7],14,14,score_deviation_extreme,0.15,2,True,0.19463014602661133,0.062226951122283936,False,0.17666105926036835
visformer_small,32,ILSVRC2012_val_00001570.JPEG,mid,7,feature_modules[7],14,14,score_deviation_extreme,0.15,3,True,-0.2220745086669922,-0.036090731620788574,False,0.15802298486232758
visformer_small,33,ILSVRC2012_val_00001638.JPEG,mid,7,feature_modules[7],14,14,score_deviation_extreme,0.15,3,True,0.37773561477661133,0.13946792483329773,False,0.3419495224952698
visformer_small,34,ILSVRC2012_val_00001642.JPEG,mid,7,feature_modules[7],14,14,score_deviation_extreme,0.15,3,True,-0.11972904205322266,-0.060428082942962646,False,0.19008420407772064
visformer_small,35,ILSVRC2012_val_00001645.JPEG,mid,7,feature_modules[7],14,14,score_deviation_extreme,0.15,3,True,-0.24347782135009766,-0.07006552815437317,False,0.14505359530448914
visformer_small,36,ILSVRC2012_val_00001648.JPEG,mid,7,feature_modules[7],14,14,score_deviation_extreme,0.15,3,True,1.3960819244384766,0.4003145694732666,False,0.37066131830215454
visformer_small,37,ILSVRC2012_val_00001655.JPEG,mid,7,feature_modules[7],14,14,score_deviation_extreme,0.15,3,True,0.27004146575927734,0.08345238864421844,False,0.338230162858963
visformer_small,38,ILSVRC2012_val_00001659.JPEG,mid,7,feature_modules[7],14,14,score_deviation_extreme,0.15,3,True,-0.49361228942871094,-0.1250702142715454,False,0.31671398878097534
visformer_small,39,ILSVRC2012_val_00001689.JPEG,mid,7,feature_modules[7],14,14,score_deviation_extreme,0.15,3,True,0.19463014602661133,0.062226951122283936,False,0.17666105926036835
visformer_small,32,ILSVRC2012_val_00001570.JPEG,final,14,stage3[3]+gap,7,7,high_score_extreme,0.15,0,True,-0.04171943664550781,-0.006398797035217285,False,0.7136090397834778
visformer_small,33,ILSVRC2012_val_00001638.JPEG,final,14,stage3[3]+gap,7,7,high_score_extreme,0.15,0,True,0.037444114685058594,0.01177641749382019,False,0.7284801006317139
visformer_small,34,ILSVRC2012_val_00001642.JPEG,final,14,stage3[3]+gap,7,7,high_score_extreme,0.15,0,True,-0.13182783126831055,-0.004745662212371826,False,0.6910204291343689
visformer_small,35,ILSVRC2012_val_00001645.JPEG,final,14,stage3[3]+gap,7,7,high_score_extreme,0.15,0,True,0.5681118965148926,0.23232442140579224,False,0.6928809285163879
visformer_small,36,ILSVRC2012_val_00001648.JPEG,final,14,stage3[3]+gap,7,7,high_score_extreme,0.15,0,True,0.24225997924804688,0.038565799593925476,False,0.8195661902427673
visformer_small,37,ILSVRC2012_val_00001655.JPEG,final,14,stage3[3]+gap,7,7,high_score_extreme,0.15,0,True,0.22528457641601562,0.04851146042346954,False,0.7099352478981018
visformer_small,38,ILSVRC2012_val_00001659.JPEG,final,14,stage3[3]+gap,7,7,high_score_extreme,0.15,0,True,-0.09780216217041016,-0.02179771661758423,False,0.62056565284729
visformer_small,39,ILSVRC2012_val_00001689.JPEG,final,14,stage3[3]+gap,7,7,high_score_extreme,0.15,0,True,-0.4492783546447754,-0.13435927033424377,False,0.6862955689430237
visformer_small,32,ILSVRC2012_val_00001570.JPEG,final,14,stage3[3]+gap,7,7,high_score_extreme,0.15,1,True,-0.04171943664550781,-0.006398797035217285,False,0.7136090397834778
visformer_small,33,ILSVRC2012_val_00001638.JPEG,final,14,stage3[3]+gap,7,7,high_score_extreme,0.15,1,True,0.037444114685058594,0.01177641749382019,False,0.7284801006317139
visformer_small,34,ILSVRC2012_val_00001642.JPEG,final,14,stage3[3]+gap,7,7,high_score_extreme,0.15,1,True,-0.13182783126831055,-0.004745662212371826,False,0.6910204291343689
visformer_small,35,ILSVRC2012_val_00001645.JPEG,final,14,stage3[3]+gap,7,7,high_score_extreme,0.15,1,True,0.5681118965148926,0.23232442140579224,False,0.6928809285163879
visformer_small,36,ILSVRC2012_val_00001648.JPEG,final,14,stage3[3]+gap,7,7,high_score_extreme,0.15,1,True,0.24225997924804688,0.038565799593925476,False,0.8195661902427673
visformer_small,37,ILSVRC2012_val_00001655.JPEG,final,14,stage3[3]+gap,7,7,high_score_extreme,0.15,1,True,0.22528457641601562,0.04851146042346954,False,0.7099352478981018
visformer_small,38,ILSVRC2012_val_00001659.JPEG,final,14,stage3[3]+gap,7,7,high_score_extreme,0.15,1,True,-0.09780216217041016,-0.02179771661758423,False,0.62056565284729
visformer_small,39,ILSVRC2012_val_00001689.JPEG,final,14,stage3[3]+gap,7,7,high_score_extreme,0.15,1,True,-0.4492783546447754,-0.13435927033424377,False,0.6862955689430237
visformer_small,32,ILSVRC2012_val_00001570.JPEG,final,14,stage3[3]+gap,7,7,high_score_extreme,0.15,2,True,-0.04171943664550781,-0.006398797035217285,False,0.7136090397834778
visformer_small,33,ILSVRC2012_val_00001638.JPEG,final,14,stage3[3]+gap,7,7,high_score_extreme,0.15,2,True,0.037444114685058594,0.01177641749382019,False,0.7284801006317139
visformer_small,34,ILSVRC2012_val_00001642.JPEG,final,14,stage3[3]+gap,7,7,high_score_extreme,0.15,2,True,-0.13182783126831055,-0.004745662212371826,False,0.6910204291343689
visformer_small,35,ILSVRC2012_val_00001645.JPEG,final,14,stage3[3]+gap,7,7,high_score_extreme,0.15,2,True,0.5681118965148926,0.23232442140579224,False,0.6928809285163879
visformer_small,36,ILSVRC2012_val_00001648.JPEG,final,14,stage3[3]+gap,7,7,high_score_extreme,0.15,2,True,0.24225997924804688,0.038565799593925476,False,0.8195661902427673
visformer_small,37,ILSVRC2012_val_00001655.JPEG,final,14,stage3[3]+gap,7,7,high_score_extreme,0.15,2,True,0.22528457641601562,0.04851146042346954,False,0.7099352478981018
visformer_small,38,ILSVRC2012_val_00001659.JPEG,final,14,stage3[3]+gap,7,7,high_score_extreme,0.15,2,True,-0.09780216217041016,-0.02179771661758423,False,0.62056565284729
visformer_small,39,ILSVRC2012_val_00001689.JPEG,final,14,stage3[3]+gap,7,7,high_score_extreme,0.15,2,True,-0.4492783546447754,-0.13435927033424377,False,0.6862955689430237
visformer_small,32,ILSVRC2012_val_00001570.JPEG,final,14,stage3[3]+gap,7,7,high_score_extreme,0.15,3,True,-0.04171943664550781,-0.006398797035217285,False,0.7136090397834778
visformer_small,33,ILSVRC2012_val_00001638.JPEG,final,14,stage3[3]+gap,7,7,high_score_extreme,0.15,3,True,0.037444114685058594,0.01177641749382019,False,0.7284801006317139
visformer_small,34,ILSVRC2012_val_00001642.JPEG,final,14,stage3[3]+gap,7,7,high_score_extreme,0.15,3,True,-0.13182783126831055,-0.004745662212371826,False,0.6910204291343689
visformer_small,35,ILSVRC2012_val_00001645.JPEG,final,14,stage3[3]+gap,7,7,high_score_extreme,0.15,3,True,0.5681118965148926,0.23232442140579224,False,0.6928809285163879
visformer_small,36,ILSVRC2012_val_00001648.JPEG,final,14,stage3[3]+gap,7,7,high_score_extreme,0.15,3,True,0.24225997924804688,0.038565799593925476,False,0.8195661902427673
visformer_small,37,ILSVRC2012_val_00001655.JPEG,final,14,stage3[3]+gap,7,7,high_score_extreme,0.15,3,True,0.22528457641601562,0.04851146042346954,False,0.7099352478981018
visformer_small,38,ILSVRC2012_val_00001659.JPEG,final,14,stage3[3]+gap,7,7,high_score_extreme,0.15,3,True,-0.09780216217041016,-0.02179771661758423,False,0.62056565284729
visformer_small,39,ILSVRC2012_val_00001689.JPEG,final,14,stage3[3]+gap,7,7,high_score_extreme,0.15,3,True,-0.4492783546447754,-0.13435927033424377,False,0.6862955689430237
visformer_small,32,ILSVRC2012_val_00001570.JPEG,final,14,stage3[3]+gap,7,7,low_score_extreme,0.15,0,True,-0.1261425018310547,-0.029045075178146362,False,0.3545771539211273
visformer_small,33,ILSVRC2012_val_00001638.JPEG,final,14,stage3[3]+gap,7,7,low_score_extreme,0.15,0,True,-0.0022630691528320312,-0.009589225053787231,False,0.2845299243927002
visformer_small,34,ILSVRC2012_val_00001642.JPEG,final,14,stage3[3]+gap,7,7,low_score_extreme,0.15,0,True,0.003330707550048828,0.04795336723327637,False,0.2930423617362976
visformer_small,35,ILSVRC2012_val_00001645.JPEG,final,14,stage3[3]+gap,7,7,low_score_extreme,0.15,0,True,0.1473855972290039,0.0491030216217041,False,0.3122961223125458
visformer_small,36,ILSVRC2012_val_00001648.JPEG,final,14,stage3[3]+gap,7,7,low_score_extreme,0.15,0,True,0.33962535858154297,0.05540631711483002,False,0.3603718876838684
visformer_small,37,ILSVRC2012_val_00001655.JPEG,final,14,stage3[3]+gap,7,7,low_score_extreme,0.15,0,True,0.06340599060058594,0.018285125494003296,False,0.30490076541900635
visformer_small,38,ILSVRC2012_val_00001659.JPEG,final,14,stage3[3]+gap,7,7,low_score_extreme,0.15,0,True,0.2016916275024414,0.04817819595336914,False,0.3230583071708679
visformer_small,39,ILSVRC2012_val_00001689.JPEG,final,14,stage3[3]+gap,7,7,low_score_extreme,0.15,0,True,0.26375246047973633,0.09258174896240234,False,0.3536648154258728
visformer_small,32,ILSVRC2012_val_00001570.JPEG,final,14,stage3[3]+gap,7,7,low_score_extreme,0.15,1,True,-0.1261425018310547,-0.029045075178146362,False,0.3545771539211273
visformer_small,33,ILSVRC2012_val_00001638.JPEG,final,14,stage3[3]+gap,7,7,low_score_extreme,0.15,1,True,-0.0022630691528320312,-0.009589225053787231,False,0.2845299243927002
visformer_small,34,ILSVRC2012_val_00001642.JPEG,final,14,stage3[3]+gap,7,7,low_score_extreme,0.15,1,True,0.003330707550048828,0.04795336723327637,False,0.2930423617362976
visformer_small,35,ILSVRC2012_val_00001645.JPEG,final,14,stage3[3]+gap,7,7,low_score_extreme,0.15,1,True,0.1473855972290039,0.0491030216217041,False,0.3122961223125458
visformer_small,36,ILSVRC2012_val_00001648.JPEG,final,14,stage3[3]+gap,7,7,low_score_extreme,0.15,1,True,0.33962535858154297,0.05540631711483002,False,0.3603718876838684
visformer_small,37,ILSVRC2012_val_00001655.JPEG,final,14,stage3[3]+gap,7,7,low_score_extreme,0.15,1,True,0.06340599060058594,0.018285125494003296,False,0.30490076541900635
visformer_small,38,ILSVRC2012_val_00001659.JPEG,final,14,stage3[3]+gap,7,7,low_score_extreme,0.15,1,True,0.2016916275024414,0.04817819595336914,False,0.3230583071708679
visformer_small,39,ILSVRC2012_val_00001689.JPEG,final,14,stage3[3]+gap,7,7,low_score_extreme,0.15,1,True,0.26375246047973633,0.09258174896240234,False,0.3536648154258728
visformer_small,32,ILSVRC2012_val_00001570.JPEG,final,14,stage3[3]+gap,7,7,low_score_extreme,0.15,2,True,-0.1261425018310547,-0.029045075178146362,False,0.3545771539211273
visformer_small,33,ILSVRC2012_val_00001638.JPEG,final,14,stage3[3]+gap,7,7,low_score_extreme,0.15,2,True,-0.0022630691528320312,-0.009589225053787231,False,0.2845299243927002
visformer_small,34,ILSVRC2012_val_00001642.JPEG,final,14,stage3[3]+gap,7,7,low_score_extreme,0.15,2,True,0.003330707550048828,0.04795336723327637,False,0.2930423617362976
visformer_small,35,ILSVRC2012_val_00001645.JPEG,final,14,stage3[3]+gap,7,7,low_score_extreme,0.15,2,True,0.1473855972290039,0.0491030216217041,False,0.3122961223125458
visformer_small,36,ILSVRC2012_val_00001648.JPEG,final,14,stage3[3]+gap,7,7,low_score_extreme,0.15,2,True,0.33962535858154297,0.05540631711483002,False,0.3603718876838684
visformer_small,37,ILSVRC2012_val_00001655.JPEG,final,14,stage3[3]+gap,7,7,low_score_extreme,0.15,2,True,0.06340599060058594,0.018285125494003296,False,0.30490076541900635
visformer_small,38,ILSVRC2012_val_00001659.JPEG,final,14,stage3[3]+gap,7,7,low_score_extreme,0.15,2,True,0.2016916275024414,0.04817819595336914,False,0.3230583071708679
visformer_small,39,ILSVRC2012_val_00001689.JPEG,final,14,stage3[3]+gap,7,7,low_score_extreme,0.15,2,True,0.26375246047973633,0.09258174896240234,False,0.3536648154258728
visformer_small,32,ILSVRC2012_val_00001570.JPEG,final,14,stage3[3]+gap,7,7,low_score_extreme,0.15,3,True,-0.1261425018310547,-0.029045075178146362,False,0.3545771539211273
visformer_small,33,ILSVRC2012_val_00001638.JPEG,final,14,stage3[3]+gap,7,7,low_score_extreme,0.15,3,True,-0.0022630691528320312,-0.009589225053787231,False,0.2845299243927002
visformer_small,34,ILSVRC2012_val_00001642.JPEG,final,14,stage3[3]+gap,7,7,low_score_extreme,0.15,3,True,0.003330707550048828,0.04795336723327637,False,0.2930423617362976
visformer_small,35,ILSVRC2012_val_00001645.JPEG,final,14,stage3[3]+gap,7,7,low_score_extreme,0.15,3,True,0.1473855972290039,0.0491030216217041,False,0.3122961223125458
visformer_small,36,ILSVRC2012_val_00001648.JPEG,final,14,stage3[3]+gap,7,7,low_score_extreme,0.15,3,True,0.33962535858154297,0.05540631711483002,False,0.3603718876838684
visformer_small,37,ILSVRC2012_val_00001655.JPEG,final,14,stage3[3]+gap,7,7,low_score_extreme,0.15,3,True,0.06340599060058594,0.018285125494003296,False,0.30490076541900635
visformer_small,38,ILSVRC2012_val_00001659.JPEG,final,14,stage3[3]+gap,7,7,low_score_extreme,0.15,3,True,0.2016916275024414,0.04817819595336914,False,0.3230583071708679
visformer_small,39,ILSVRC2012_val_00001689.JPEG,final,14,stage3[3]+gap,7,7,low_score_extreme,0.15,3,True,0.26375246047973633,0.09258174896240234,False,0.3536648154258728
visformer_small,32,ILSVRC2012_val_00001570.JPEG,final,14,stage3[3]+gap,7,7,random_uniform,0.15,0,True,-0.11399459838867188,-0.023792430758476257,False,0.6282966136932373
visformer_small,33,ILSVRC2012_val_00001638.JPEG,final,14,stage3[3]+gap,7,7,random_uniform,0.15,0,True,0.15676307678222656,0.0327528715133667,False,0.5859870910644531
visformer_small,34,ILSVRC2012_val_00001642.JPEG,final,14,stage3[3]+gap,7,7,random_uniform,0.15,0,True,-0.05849313735961914,0.006915152072906494,False,0.5352334380149841
visformer_small,35,ILSVRC2012_val_00001645.JPEG,final,14,stage3[3]+gap,7,7,random_uniform,0.15,0,True,0.12980985641479492,0.04422867298126221,False,0.551895022392273
visformer_small,36,ILSVRC2012_val_00001648.JPEG,final,14,stage3[3]+gap,7,7,random_uniform,0.15,0,True,0.18664169311523438,0.023246854543685913,False,0.7324626445770264
visformer_small,37,ILSVRC2012_val_00001655.JPEG,final,14,stage3[3]+gap,7,7,random_uniform,0.15,0,True,0.06946945190429688,0.008559033274650574,False,0.6532871127128601
visformer_small,38,ILSVRC2012_val_00001659.JPEG,final,14,stage3[3]+gap,7,7,random_uniform,0.15,0,True,0.1948709487915039,0.038639217615127563,False,0.41133517026901245
visformer_small,39,ILSVRC2012_val_00001689.JPEG,final,14,stage3[3]+gap,7,7,random_uniform,0.15,0,True,-0.3514370918273926,-0.1227797269821167,False,0.5217892527580261
visformer_small,32,ILSVRC2012_val_00001570.JPEG,final,14,stage3[3]+gap,7,7,random_uniform,0.15,1,True,-0.15792083740234375,-0.030827000737190247,False,0.5561966896057129
visformer_small,33,ILSVRC2012_val_00001638.JPEG,final,14,stage3[3]+gap,7,7,random_uniform,0.15,1,True,0.10275459289550781,0.0395144522190094,False,0.4745801091194153
visformer_small,34,ILSVRC2012_val_00001642.JPEG,final,14,stage3[3]+gap,7,7,random_uniform,0.15,1,True,-0.0604705810546875,-0.023655414581298828,False,0.5718446969985962
visformer_small,35,ILSVRC2012_val_00001645.JPEG,final,14,stage3[3]+gap,7,7,random_uniform,0.15,1,True,0.10282421112060547,0.03036189079284668,False,0.5613861083984375
visformer_small,36,ILSVRC2012_val_00001648.JPEG,final,14,stage3[3]+gap,7,7,random_uniform,0.15,1,True,0.6070270538330078,0.11019925773143768,False,0.530189573764801
visformer_small,37,ILSVRC2012_val_00001655.JPEG,final,14,stage3[3]+gap,7,7,random_uniform,0.15,1,True,0.14126205444335938,0.03644020855426788,False,0.5449580550193787
visformer_small,38,ILSVRC2012_val_00001659.JPEG,final,14,stage3[3]+gap,7,7,random_uniform,0.15,1,True,-0.12494754791259766,-0.046268731355667114,False,0.5566903948783875
visformer_small,39,ILSVRC2012_val_00001689.JPEG,final,14,stage3[3]+gap,7,7,random_uniform,0.15,1,True,-0.41359567642211914,-0.12940716743469238,False,0.5540624856948853
visformer_small,32,ILSVRC2012_val_00001570.JPEG,final,14,stage3[3]+gap,7,7,random_uniform,0.15,2,True,-0.03336906433105469,-0.008426278829574585,False,0.6334149837493896
visformer_small,33,ILSVRC2012_val_00001638.JPEG,final,14,stage3[3]+gap,7,7,random_uniform,0.15,2,True,-0.061385154724121094,-0.011853933334350586,False,0.6329391002655029
visformer_small,34,ILSVRC2012_val_00001642.JPEG,final,14,stage3[3]+gap,7,7,random_uniform,0.15,2,True,-0.187774658203125,-0.033837199211120605,False,0.5839920043945312
visformer_small,35,ILSVRC2012_val_00001645.JPEG,final,14,stage3[3]+gap,7,7,random_uniform,0.15,2,True,0.10004425048828125,0.026551485061645508,False,0.48448067903518677
visformer_small,36,ILSVRC2012_val_00001648.JPEG,final,14,stage3[3]+gap,7,7,random_uniform,0.15,2,True,0.3226737976074219,0.04805612564086914,False,0.6057273149490356
visformer_small,37,ILSVRC2012_val_00001655.JPEG,final,14,stage3[3]+gap,7,7,random_uniform,0.15,2,True,0.12534332275390625,0.02425648272037506,False,0.5776466131210327
visformer_small,38,ILSVRC2012_val_00001659.JPEG,final,14,stage3[3]+gap,7,7,random_uniform,0.15,2,True,0.36662721633911133,0.10508409142494202,False,0.48382768034935
visformer_small,39,ILSVRC2012_val_00001689.JPEG,final,14,stage3[3]+gap,7,7,random_uniform,0.15,2,True,-0.07440805435180664,-0.03288930654525757,False,0.5632226467132568
visformer_small,32,ILSVRC2012_val_00001570.JPEG,final,14,stage3[3]+gap,7,7,random_uniform,0.15,3,True,-0.20371723175048828,-0.04632009565830231,False,0.5423369407653809
visformer_small,33,ILSVRC2012_val_00001638.JPEG,final,14,stage3[3]+gap,7,7,random_uniform,0.15,3,True,-0.21549510955810547,-0.04563455283641815,False,0.5782171487808228
visformer_small,34,ILSVRC2012_val_00001642.JPEG,final,14,stage3[3]+gap,7,7,random_uniform,0.15,3,True,-0.08768844604492188,-0.01842951774597168,False,0.5779598951339722
visformer_small,35,ILSVRC2012_val_00001645.JPEG,final,14,stage3[3]+gap,7,7,random_uniform,0.15,3,True,0.03268575668334961,0.009401559829711914,False,0.5963807106018066
visformer_small,36,ILSVRC2012_val_00001648.JPEG,final,14,stage3[3]+gap,7,7,random_uniform,0.15,3,True,0.4560098648071289,0.07944996654987335,False,0.6617835760116577
visformer_small,37,ILSVRC2012_val_00001655.JPEG,final,14,stage3[3]+gap,7,7,random_uniform,0.15,3,True,-0.036327362060546875,0.014470413327217102,False,0.5504923462867737
visformer_small,38,ILSVRC2012_val_00001659.JPEG,final,14,stage3[3]+gap,7,7,random_uniform,0.15,3,True,0.18335628509521484,0.07316437363624573,False,0.5457412004470825
visformer_small,39,ILSVRC2012_val_00001689.JPEG,final,14,stage3[3]+gap,7,7,random_uniform,0.15,3,True,-0.3561844825744629,-0.12355810403823853,False,0.5668435096740723
visformer_small,32,ILSVRC2012_val_00001570.JPEG,final,14,stage3[3]+gap,7,7,score_deviation_extreme,0.15,0,True,-0.1261425018310547,-0.029045075178146362,False,0.3545771539211273
visformer_small,33,ILSVRC2012_val_00001638.JPEG,final,14,stage3[3]+gap,7,7,score_deviation_extreme,0.15,0,True,-0.0022630691528320312,-0.009589225053787231,False,0.2845299243927002
visformer_small,34,ILSVRC2012_val_00001642.JPEG,final,14,stage3[3]+gap,7,7,score_deviation_extreme,0.15,0,True,0.003330707550048828,0.04795336723327637,False,0.2930423617362976
visformer_small,35,ILSVRC2012_val_00001645.JPEG,final,14,stage3[3]+gap,7,7,score_deviation_extreme,0.15,0,True,0.1473855972290039,0.0491030216217041,False,0.3122961223125458
visformer_small,36,ILSVRC2012_val_00001648.JPEG,final,14,stage3[3]+gap,7,7,score_deviation_extreme,0.15,0,True,0.3072052001953125,0.046487972140312195,False,0.48353514075279236
visformer_small,37,ILSVRC2012_val_00001655.JPEG,final,14,stage3[3]+gap,7,7,score_deviation_extreme,0.15,0,True,0.06340599060058594,0.018285125494003296,False,0.30490076541900635
visformer_small,38,ILSVRC2012_val_00001659.JPEG,final,14,stage3[3]+gap,7,7,score_deviation_extreme,0.15,0,True,0.2016916275024414,0.04817819595336914,False,0.3230583071708679
visformer_small,39,ILSVRC2012_val_00001689.JPEG,final,14,stage3[3]+gap,7,7,score_deviation_extreme,0.15,0,True,0.26375246047973633,0.09258174896240234,False,0.3536648154258728
visformer_small,32,ILSVRC2012_val_00001570.JPEG,final,14,stage3[3]+gap,7,7,score_deviation_extreme,0.15,1,True,-0.1261425018310547,-0.029045075178146362,False,0.3545771539211273
visformer_small,33,ILSVRC2012_val_00001638.JPEG,final,14,stage3[3]+gap,7,7,score_deviation_extreme,0.15,1,True,-0.0022630691528320312,-0.009589225053787231,False,0.2845299243927002
visformer_small,34,ILSVRC2012_val_00001642.JPEG,final,14,stage3[3]+gap,7,7,score_deviation_extreme,0.15,1,True,0.003330707550048828,0.04795336723327637,False,0.2930423617362976
visformer_small,35,ILSVRC2012_val_00001645.JPEG,final,14,stage3[3]+gap,7,7,score_deviation_extreme,0.15,1,True,0.1473855972290039,0.0491030216217041,False,0.3122961223125458
visformer_small,36,ILSVRC2012_val_00001648.JPEG,final,14,stage3[3]+gap,7,7,score_deviation_extreme,0.15,1,True,0.3072052001953125,0.046487972140312195,False,0.48353514075279236
visformer_small,37,ILSVRC2012_val_00001655.JPEG,final,14,stage3[3]+gap,7,7,score_deviation_extreme,0.15,1,True,0.06340599060058594,0.018285125494003296,False,0.30490076541900635
visformer_small,38,ILSVRC2012_val_00001659.JPEG,final,14,stage3[3]+gap,7,7,score_deviation_extreme,0.15,1,True,0.2016916275024414,0.04817819595336914,False,0.3230583071708679
visformer_small,39,ILSVRC2012_val_00001689.JPEG,final,14,stage3[3]+gap,7,7,score_deviation_extreme,0.15,1,True,0.26375246047973633,0.09258174896240234,False,0.3536648154258728
visformer_small,32,ILSVRC2012_val_00001570.JPEG,final,14,stage3[3]+gap,7,7,score_deviation_extreme,0.15,2,True,-0.1261425018310547,-0.029045075178146362,False,0.3545771539211273
visformer_small,33,ILSVRC2012_val_00001638.JPEG,final,14,stage3[3]+gap,7,7,score_deviation_extreme,0.15,2,True,-0.0022630691528320312,-0.009589225053787231,False,0.2845299243927002
visformer_small,34,ILSVRC2012_val_00001642.JPEG,final,14,stage3[3]+gap,7,7,score_deviation_extreme,0.15,2,True,0.003330707550048828,0.04795336723327637,False,0.2930423617362976
visformer_small,35,ILSVRC2012_val_00001645.JPEG,final,14,stage3[3]+gap,7,7,score_deviation_extreme,0.15,2,True,0.1473855972290039,0.0491030216217041,False,0.3122961223125458
visformer_small,36,ILSVRC2012_val_00001648.JPEG,final,14,stage3[3]+gap,7,7,score_deviation_extreme,0.15,2,True,0.3072052001953125,0.046487972140312195,False,0.48353514075279236
visformer_small,37,ILSVRC2012_val_00001655.JPEG,final,14,stage3[3]+gap,7,7,score_deviation_extreme,0.15,2,True,0.06340599060058594,0.018285125494003296,False,0.30490076541900635
visformer_small,38,ILSVRC2012_val_00001659.JPEG,final,14,stage3[3]+gap,7,7,score_deviation_extreme,0.15,2,True,0.2016916275024414,0.04817819595336914,False,0.3230583071708679
visformer_small,39,ILSVRC2012_val_00001689.JPEG,final,14,stage3[3]+gap,7,7,score_deviation_extreme,0.15,2,True,0.26375246047973633,0.09258174896240234,False,0.3536648154258728
visformer_small,32,ILSVRC2012_val_00001570.JPEG,final,14,stage3[3]+gap,7,7,score_deviation_extreme,0.15,3,True,-0.1261425018310547,-0.029045075178146362,False,0.3545771539211273
visformer_small,33,ILSVRC2012_val_00001638.JPEG,final,14,stage3[3]+gap,7,7,score_deviation_extreme,0.15,3,True,-0.0022630691528320312,-0.009589225053787231,False,0.2845299243927002
visformer_small,34,ILSVRC2012_val_00001642.JPEG,final,14,stage3[3]+gap,7,7,score_deviation_extreme,0.15,3,True,0.003330707550048828,0.04795336723327637,False,0.2930423617362976
visformer_small,35,ILSVRC2012_val_00001645.JPEG,final,14,stage3[3]+gap,7,7,score_deviation_extreme,0.15,3,True,0.1473855972290039,0.0491030216217041,False,0.3122961223125458
visformer_small,36,ILSVRC2012_val_00001648.JPEG,final,14,stage3[3]+gap,7,7,score_deviation_extreme,0.15,3,True,0.3072052001953125,0.046487972140312195,False,0.48353514075279236
visformer_small,37,ILSVRC2012_val_00001655.JPEG,final,14,stage3[3]+gap,7,7,score_deviation_extreme,0.15,3,True,0.06340599060058594,0.018285125494003296,False,0.30490076541900635
visformer_small,38,ILSVRC2012_val_00001659.JPEG,final,14,stage3[3]+gap,7,7,score_deviation_extreme,0.15,3,True,0.2016916275024414,0.04817819595336914,False,0.3230583071708679
visformer_small,39,ILSVRC2012_val_00001689.JPEG,final,14,stage3[3]+gap,7,7,score_deviation_extreme,0.15,3,True,0.26375246047973633,0.09258174896240234,False,0.3536648154258728
visformer_small,40,ILSVRC2012_val_00001753.JPEG,early,0,feature_modules[0],28,28,high_score_extreme,0.15,0,True,4.3208465576171875,4.010335445404053,True,0.8137544393539429
visformer_small,41,ILSVRC2012_val_00001925.JPEG,early,0,feature_modules[0],28,28,high_score_extreme,0.15,0,True,0.02280426025390625,0.0050827860832214355,False,0.872495174407959
visformer_small,42,ILSVRC2012_val_00002002.JPEG,early,0,feature_modules[0],28,28,high_score_extreme,0.15,0,True,-0.08272933959960938,-0.03021109104156494,False,0.8820434808731079
visformer_small,43,ILSVRC2012_val_00002073.JPEG,early,0,feature_modules[0],28,28,high_score_extreme,0.15,0,True,-0.4132814407348633,0.11846902966499329,False,0.8512372374534607
visformer_small,44,ILSVRC2012_val_00002159.JPEG,early,0,feature_modules[0],28,28,high_score_extreme,0.15,0,True,0.9611687660217285,0.29820579290390015,False,0.7915544509887695
visformer_small,45,ILSVRC2012_val_00002176.JPEG,early,0,feature_modules[0],28,28,high_score_extreme,0.15,0,True,0.14737176895141602,0.20537513494491577,False,0.8259681463241577
visformer_small,46,ILSVRC2012_val_00002183.JPEG,early,0,feature_modules[0],28,28,high_score_extreme,0.15,0,True,-1.3675999641418457,-0.23966442048549652,False,0.88484126329422
visformer_small,47,ILSVRC2012_val_00002184.JPEG,early,0,feature_modules[0],28,28,high_score_extreme,0.15,0,True,1.162895679473877,0.5847854614257812,False,0.9189037680625916
visformer_small,40,ILSVRC2012_val_00001753.JPEG,early,0,feature_modules[0],28,28,high_score_extreme,0.15,1,True,4.3208465576171875,4.010335445404053,True,0.8137544393539429
visformer_small,41,ILSVRC2012_val_00001925.JPEG,early,0,feature_modules[0],28,28,high_score_extreme,0.15,1,True,0.02280426025390625,0.0050827860832214355,False,0.872495174407959
visformer_small,42,ILSVRC2012_val_00002002.JPEG,early,0,feature_modules[0],28,28,high_score_extreme,0.15,1,True,-0.08272933959960938,-0.03021109104156494,False,0.8820434808731079
visformer_small,43,ILSVRC2012_val_00002073.JPEG,early,0,feature_modules[0],28,28,high_score_extreme,0.15,1,True,-0.4132814407348633,0.11846902966499329,False,0.8512372374534607
visformer_small,44,ILSVRC2012_val_00002159.JPEG,early,0,feature_modules[0],28,28,high_score_extreme,0.15,1,True,0.9611687660217285,0.29820579290390015,False,0.7915544509887695
visformer_small,45,ILSVRC2012_val_00002176.JPEG,early,0,feature_modules[0],28,28,high_score_extreme,0.15,1,True,0.14737176895141602,0.20537513494491577,False,0.8259681463241577
visformer_small,46,ILSVRC2012_val_00002183.JPEG,early,0,feature_modules[0],28,28,high_score_extreme,0.15,1,True,-1.3675999641418457,-0.23966442048549652,False,0.88484126329422
visformer_small,47,ILSVRC2012_val_00002184.JPEG,early,0,feature_modules[0],28,28,high_score_extreme,0.15,1,True,1.162895679473877,0.5847854614257812,False,0.9189037680625916
visformer_small,40,ILSVRC2012_val_00001753.JPEG,early,0,feature_modules[0],28,28,high_score_extreme,0.15,2,True,4.3208465576171875,4.010335445404053,True,0.8137544393539429
visformer_small,41,ILSVRC2012_val_00001925.JPEG,early,0,feature_modules[0],28,28,high_score_extreme,0.15,2,True,0.02280426025390625,0.0050827860832214355,False,0.872495174407959
visformer_small,42,ILSVRC2012_val_00002002.JPEG,early,0,feature_modules[0],28,28,high_score_extreme,0.15,2,True,-0.08272933959960938,-0.03021109104156494,False,0.8820434808731079
visformer_small,43,ILSVRC2012_val_00002073.JPEG,early,0,feature_modules[0],28,28,high_score_extreme,0.15,2,True,-0.4132814407348633,0.11846902966499329,False,0.8512372374534607
visformer_small,44,ILSVRC2012_val_00002159.JPEG,early,0,feature_modules[0],28,28,high_score_extreme,0.15,2,True,0.9611687660217285,0.29820579290390015,False,0.7915544509887695
visformer_small,45,ILSVRC2012_val_00002176.JPEG,early,0,feature_modules[0],28,28,high_score_extreme,0.15,2,True,0.14737176895141602,0.20537513494491577,False,0.8259681463241577
visformer_small,46,ILSVRC2012_val_00002183.JPEG,early,0,feature_modules[0],28,28,high_score_extreme,0.15,2,True,-1.3675999641418457,-0.23966442048549652,False,0.88484126329422
visformer_small,47,ILSVRC2012_val_00002184.JPEG,early,0,feature_modules[0],28,28,high_score_extreme,0.15,2,True,1.162895679473877,0.5847854614257812,False,0.9189037680625916
visformer_small,40,ILSVRC2012_val_00001753.JPEG,early,0,feature_modules[0],28,28,high_score_extreme,0.15,3,True,4.3208465576171875,4.010335445404053,True,0.8137544393539429
visformer_small,41,ILSVRC2012_val_00001925.JPEG,early,0,feature_modules[0],28,28,high_score_extreme,0.15,3,True,0.02280426025390625,0.0050827860832214355,False,0.872495174407959
visformer_small,42,ILSVRC2012_val_00002002.JPEG,early,0,feature_modules[0],28,28,high_score_extreme,0.15,3,True,-0.08272933959960938,-0.03021109104156494,False,0.8820434808731079
visformer_small,43,ILSVRC2012_val_00002073.JPEG,early,0,feature_modules[0],28,28,high_score_extreme,0.15,3,True,-0.4132814407348633,0.11846902966499329,False,0.8512372374534607
visformer_small,44,ILSVRC2012_val_00002159.JPEG,early,0,feature_modules[0],28,28,high_score_extreme,0.15,3,True,0.9611687660217285,0.29820579290390015,False,0.7915544509887695
visformer_small,45,ILSVRC2012_val_00002176.JPEG,early,0,feature_modules[0],28,28,high_score_extreme,0.15,3,True,0.14737176895141602,0.20537513494491577,False,0.8259681463241577
visformer_small,46,ILSVRC2012_val_00002183.JPEG,early,0,feature_modules[0],28,28,high_score_extreme,0.15,3,True,-1.3675999641418457,-0.23966442048549652,False,0.88484126329422
visformer_small,47,ILSVRC2012_val_00002184.JPEG,early,0,feature_modules[0],28,28,high_score_extreme,0.15,3,True,1.162895679473877,0.5847854614257812,False,0.9189037680625916
visformer_small,40,ILSVRC2012_val_00001753.JPEG,early,0,feature_modules[0],28,28,low_score_extreme,0.15,0,True,3.5357918739318848,2.986865758895874,True,0.37327757477760315
visformer_small,41,ILSVRC2012_val_00001925.JPEG,early,0,feature_modules[0],28,28,low_score_extreme,0.15,0,True,-0.060105323791503906,-0.0070510804653167725,False,0.5682588815689087
visformer_small,42,ILSVRC2012_val_00002002.JPEG,early,0,feature_modules[0],28,28,low_score_extreme,0.15,0,True,-0.6820268630981445,-0.18621385097503662,False,0.37357446551322937
visformer_small,43,ILSVRC2012_val_00002073.JPEG,early,0,feature_modules[0],28,28,low_score_extreme,0.15,0,True,0.4111471176147461,0.1774267852306366,False,0.5484848022460938
visformer_small,44,ILSVRC2012_val_00002159.JPEG,early,0,feature_modules[0],28,28,low_score_extreme,0.15,0,True,2.550746440887451,1.508510947227478,True,0.36806678771972656
visformer_small,45,ILSVRC2012_val_00002176.JPEG,early,0,feature_modules[0],28,28,low_score_extreme,0.15,0,True,-0.03124523162841797,-0.020120710134506226,False,0.21865986287593842
visformer_small,46,ILSVRC2012_val_00002183.JPEG,early,0,feature_modules[0],28,28,low_score_extreme,0.15,0,True,-1.04225492477417,-0.19822461903095245,False,0.6150616407394409
visformer_small,47,ILSVRC2012_val_00002184.JPEG,early,0,feature_modules[0],28,28,low_score_extreme,0.15,0,True,2.1406211853027344,1.5660016536712646,True,0.6251908540725708
visformer_small,40,ILSVRC2012_val_00001753.JPEG,early,0,feature_modules[0],28,28,low_score_extreme,0.15,1,True,3.5357918739318848,2.986865758895874,True,0.37327757477760315
visformer_small,41,ILSVRC2012_val_00001925.JPEG,early,0,feature_modules[0],28,28,low_score_extreme,0.15,1,True,-0.060105323791503906,-0.0070510804653167725,False,0.5682588815689087
visformer_small,42,ILSVRC2012_val_00002002.JPEG,early,0,feature_modules[0],28,28,low_score_extreme,0.15,1,True,-0.6820268630981445,-0.18621385097503662,False,0.37357446551322937
visformer_small,43,ILSVRC2012_val_00002073.JPEG,early,0,feature_modules[0],28,28,low_score_extreme,0.15,1,True,0.4111471176147461,0.1774267852306366,False,0.5484848022460938
visformer_small,44,ILSVRC2012_val_00002159.JPEG,early,0,feature_modules[0],28,28,low_score_extreme,0.15,1,True,2.550746440887451,1.508510947227478,True,0.36806678771972656
visformer_small,45,ILSVRC2012_val_00002176.JPEG,early,0,feature_modules[0],28,28,low_score_extreme,0.15,1,True,-0.03124523162841797,-0.020120710134506226,False,0.21865986287593842
visformer_small,46,ILSVRC2012_val_00002183.JPEG,early,0,feature_modules[0],28,28,low_score_extreme,0.15,1,True,-1.04225492477417,-0.19822461903095245,False,0.6150616407394409
visformer_small,47,ILSVRC2012_val_00002184.JPEG,early,0,feature_modules[0],28,28,low_score_extreme,0.15,1,True,2.1406211853027344,1.5660016536712646,True,0.6251908540725708
visformer_small,40,ILSVRC2012_val_00001753.JPEG,early,0,feature_modules[0],28,28,low_score_extreme,0.15,2,True,3.5357918739318848,2.986865758895874,True,0.37327757477760315
visformer_small,41,ILSVRC2012_val_00001925.JPEG,early,0,feature_modules[0],28,28,low_score_extreme,0.15,2,True,-0.060105323791503906,-0.0070510804653167725,False,0.5682588815689087
visformer_small,42,ILSVRC2012_val_00002002.JPEG,early,0,feature_modules[0],28,28,low_score_extreme,0.15,2,True,-0.6820268630981445,-0.18621385097503662,False,0.37357446551322937
visformer_small,43,ILSVRC2012_val_00002073.JPEG,early,0,feature_modules[0],28,28,low_score_extreme,0.15,2,True,0.4111471176147461,0.1774267852306366,False,0.5484848022460938
visformer_small,44,ILSVRC2012_val_00002159.JPEG,early,0,feature_modules[0],28,28,low_score_extreme,0.15,2,True,2.550746440887451,1.508510947227478,True,0.36806678771972656
visformer_small,45,ILSVRC2012_val_00002176.JPEG,early,0,feature_modules[0],28,28,low_score_extreme,0.15,2,True,-0.03124523162841797,-0.020120710134506226,False,0.21865986287593842
visformer_small,46,ILSVRC2012_val_00002183.JPEG,early,0,feature_modules[0],28,28,low_score_extreme,0.15,2,True,-1.04225492477417,-0.19822461903095245,False,0.6150616407394409
visformer_small,47,ILSVRC2012_val_00002184.JPEG,early,0,feature_modules[0],28,28,low_score_extreme,0.15,2,True,2.1406211853027344,1.5660016536712646,True,0.6251908540725708
visformer_small,40,ILSVRC2012_val_00001753.JPEG,early,0,feature_modules[0],28,28,low_score_extreme,0.15,3,True,3.5357918739318848,2.986865758895874,True,0.37327757477760315
visformer_small,41,ILSVRC2012_val_00001925.JPEG,early,0,feature_modules[0],28,28,low_score_extreme,0.15,3,True,-0.060105323791503906,-0.0070510804653167725,False,0.5682588815689087
visformer_small,42,ILSVRC2012_val_00002002.JPEG,early,0,feature_modules[0],28,28,low_score_extreme,0.15,3,True,-0.6820268630981445,-0.18621385097503662,False,0.37357446551322937
visformer_small,43,ILSVRC2012_val_00002073.JPEG,early,0,feature_modules[0],28,28,low_score_extreme,0.15,3,True,0.4111471176147461,0.1774267852306366,False,0.5484848022460938
visformer_small,44,ILSVRC2012_val_00002159.JPEG,early,0,feature_modules[0],28,28,low_score_extreme,0.15,3,True,2.550746440887451,1.508510947227478,True,0.36806678771972656
visformer_small,45,ILSVRC2012_val_00002176.JPEG,early,0,feature_modules[0],28,28,low_score_extreme,0.15,3,True,-0.03124523162841797,-0.020120710134506226,False,0.21865986287593842
visformer_small,46,ILSVRC2012_val_00002183.JPEG,early,0,feature_modules[0],28,28,low_score_extreme,0.15,3,True,-1.04225492477417,-0.19822461903095245,False,0.6150616407394409
visformer_small,47,ILSVRC2012_val_00002184.JPEG,early,0,feature_modules[0],28,28,low_score_extreme,0.15,3,True,2.1406211853027344,1.5660016536712646,True,0.6251908540725708
visformer_small,40,ILSVRC2012_val_00001753.JPEG,early,0,feature_modules[0],28,28,random_uniform,0.15,0,True,5.192319869995117,4.921095371246338,True,0.6300302147865295
visformer_small,41,ILSVRC2012_val_00001925.JPEG,early,0,feature_modules[0],28,28,random_uniform,0.15,0,True,0.9520292282104492,0.2331830859184265,False,0.7451218366622925
visformer_small,42,ILSVRC2012_val_00002002.JPEG,early,0,feature_modules[0],28,28,random_uniform,0.15,0,True,-0.25817012786865234,-0.08099555969238281,False,0.6882897615432739
visformer_small,43,ILSVRC2012_val_00002073.JPEG,early,0,feature_modules[0],28,28,random_uniform,0.15,0,True,0.32006359100341797,0.4939095079898834,False,0.728998064994812
visformer_small,44,ILSVRC2012_val_00002159.JPEG,early,0,feature_modules[0],28,28,random_uniform,0.15,0,True,4.863689422607422,3.209636926651001,True,0.5972749590873718
visformer_small,45,ILSVRC2012_val_00002176.JPEG,early,0,feature_modules[0],28,28,random_uniform,0.15,0,True,0.5588650703430176,0.2285977602005005,False,0.5931269526481628
visformer_small,46,ILSVRC2012_val_00002183.JPEG,early,0,feature_modules[0],28,28,random_uniform,0.15,0,True,-1.0091586112976074,-0.13338984549045563,False,0.7809106111526489
visformer_small,47,ILSVRC2012_val_00002184.JPEG,early,0,feature_modules[0],28,28,random_uniform,0.15,0,True,2.2197928428649902,1.9218132495880127,True,0.8111317157745361
visformer_small,40,ILSVRC2012_val_00001753.JPEG,early,0,feature_modules[0],28,28,random_uniform,0.15,1,True,3.564237117767334,2.9038589000701904,True,0.644184410572052
visformer_small,41,ILSVRC2012_val_00001925.JPEG,early,0,feature_modules[0],28,28,random_uniform,0.15,1,True,1.0337562561035156,0.26966729760169983,False,0.7473393082618713
visformer_small,42,ILSVRC2012_val_00002002.JPEG,early,0,feature_modules[0],28,28,random_uniform,0.15,1,True,-0.017735004425048828,0.003821432590484619,False,0.7273344993591309
visformer_small,43,ILSVRC2012_val_00002073.JPEG,early,0,feature_modules[0],28,28,random_uniform,0.15,1,True,0.37818193435668945,0.2059933841228485,False,0.7310622930526733
visformer_small,44,ILSVRC2012_val_00002159.JPEG,early,0,feature_modules[0],28,28,random_uniform,0.15,1,True,6.085670471191406,4.626104354858398,True,0.6243090033531189
visformer_small,45,ILSVRC2012_val_00002176.JPEG,early,0,feature_modules[0],28,28,random_uniform,0.15,1,True,0.9687070846557617,0.5344752669334412,False,0.567615807056427
visformer_small,46,ILSVRC2012_val_00002183.JPEG,early,0,feature_modules[0],28,28,random_uniform,0.15,1,True,-1.302574634552002,-0.19132399559020996,False,0.7943620681762695
visformer_small,47,ILSVRC2012_val_00002184.JPEG,early,0,feature_modules[0],28,28,random_uniform,0.15,1,True,0.9915199279785156,0.972286581993103,False,0.8134211301803589
visformer_small,40,ILSVRC2012_val_00001753.JPEG,early,0,feature_modules[0],28,28,random_uniform,0.15,2,True,5.0362091064453125,4.673264503479004,True,0.663947582244873
visformer_small,41,ILSVRC2012_val_00001925.JPEG,early,0,feature_modules[0],28,28,random_uniform,0.15,2,True,0.7822151184082031,0.17742982506752014,False,0.7504899501800537
visformer_small,42,ILSVRC2012_val_00002002.JPEG,early,0,feature_modules[0],28,28,random_uniform,0.15,2,True,0.11861515045166016,0.06859296560287476,False,0.7199040055274963
visformer_small,43,ILSVRC2012_val_00002073.JPEG,early,0,feature_modules[0],28,28,random_uniform,0.15,2,True,0.4133892059326172,0.21147140860557556,False,0.7330523729324341
visformer_small,44,ILSVRC2012_val_00002159.JPEG,early,0,feature_modules[0],28,28,random_uniform,0.15,2,True,5.413423538208008,3.8222968578338623,True,0.6231620907783508
visformer_small,45,ILSVRC2012_val_00002176.JPEG,early,0,feature_modules[0],28,28,random_uniform,0.15,2,True,1.3089146614074707,0.713398277759552,False,0.6000572443008423
visformer_small,46,ILSVRC2012_val_00002183.JPEG,early,0,feature_modules[0],28,28,random_uniform,0.15,2,True,-1.8022122383117676,-0.2559724748134613,False,0.8015713691711426
visformer_small,47,ILSVRC2012_val_00002184.JPEG,early,0,feature_modules[0],28,28,random_uniform,0.15,2,True,2.253293037414551,1.888258457183838,True,0.8140696883201599
visformer_small,40,ILSVRC2012_val_00001753.JPEG,early,0,feature_modules[0],28,28,random_uniform,0.15,3,True,4.309092998504639,3.559387445449829,True,0.6724485754966736
visformer_small,41,ILSVRC2012_val_00001925.JPEG,early,0,feature_modules[0],28,28,random_uniform,0.15,3,True,1.2759337425231934,0.35719045996665955,False,0.736368715763092
visformer_small,42,ILSVRC2012_val_00002002.JPEG,early,0,feature_modules[0],28,28,random_uniform,0.15,3,True,-0.10916519165039062,-0.03100651502609253,False,0.7361361980438232
visformer_small,43,ILSVRC2012_val_00002073.JPEG,early,0,feature_modules[0],28,28,random_uniform,0.15,3,True,0.17896366119384766,0.10621726512908936,False,0.7378939390182495
visformer_small,44,ILSVRC2012_val_00002159.JPEG,early,0,feature_modules[0],28,28,random_uniform,0.15,3,True,3.832183361053467,2.370001792907715,True,0.6022972464561462
visformer_small,45,ILSVRC2012_val_00002176.JPEG,early,0,feature_modules[0],28,28,random_uniform,0.15,3,True,0.7102060317993164,0.3602197766304016,False,0.6039067506790161
visformer_small,46,ILSVRC2012_val_00002183.JPEG,early,0,feature_modules[0],28,28,random_uniform,0.15,3,True,-1.2647461891174316,-0.19747258722782135,False,0.7790540456771851
visformer_small,47,ILSVRC2012_val_00002184.JPEG,early,0,feature_modules[0],28,28,random_uniform,0.15,3,True,2.019711494445801,1.696180820465088,True,0.8158217668533325
visformer_small,40,ILSVRC2012_val_00001753.JPEG,early,0,feature_modules[0],28,28,score_deviation_extreme,0.15,0,True,4.08065128326416,3.5341758728027344,True,0.3766958713531494
visformer_small,41,ILSVRC2012_val_00001925.JPEG,early,0,feature_modules[0],28,28,score_deviation_extreme,0.15,0,True,0.17323589324951172,0.0293118953704834,False,0.6275590658187866
visformer_small,42,ILSVRC2012_val_00002002.JPEG,early,0,feature_modules[0],28,28,score_deviation_extreme,0.15,0,True,-0.6820268630981445,-0.18621385097503662,False,0.37357446551322937
visformer_small,43,ILSVRC2012_val_00002073.JPEG,early,0,feature_modules[0],28,28,score_deviation_extreme,0.15,0,True,0.5231461524963379,0.20332452654838562,False,0.593028724193573
visformer_small,44,ILSVRC2012_val_00002159.JPEG,early,0,feature_modules[0],28,28,score_deviation_extreme,0.15,0,True,4.265578746795654,2.9451351165771484,True,0.4346529543399811
visformer_small,45,ILSVRC2012_val_00002176.JPEG,early,0,feature_modules[0],28,28,score_deviation_extreme,0.15,0,True,-0.03124523162841797,-0.020120710134506226,False,0.21865986287593842
visformer_small,46,ILSVRC2012_val_00002183.JPEG,early,0,feature_modules[0],28,28,score_deviation_extreme,0.15,0,True,-1.04225492477417,-0.19822461903095245,False,0.6150616407394409
visformer_small,47,ILSVRC2012_val_00002184.JPEG,early,0,feature_modules[0],28,28,score_deviation_extreme,0.15,0,True,2.1406211853027344,1.5660016536712646,True,0.6251908540725708
visformer_small,40,ILSVRC2012_val_00001753.JPEG,early,0,feature_modules[0],28,28,score_deviation_extreme,0.15,1,True,4.08065128326416,3.5341758728027344,True,0.3766958713531494
visformer_small,41,ILSVRC2012_val_00001925.JPEG,early,0,feature_modules[0],28,28,score_deviation_extreme,0.15,1,True,0.17323589324951172,0.0293118953704834,False,0.6275590658187866
visformer_small,42,ILSVRC2012_val_00002002.JPEG,early,0,feature_modules[0],28,28,score_deviation_extreme,0.15,1,True,-0.6820268630981445,-0.18621385097503662,False,0.37357446551322937
visformer_small,43,ILSVRC2012_val_00002073.JPEG,early,0,feature_modules[0],28,28,score_deviation_extreme,0.15,1,True,0.5231461524963379,0.20332452654838562,False,0.593028724193573
visformer_small,44,ILSVRC2012_val_00002159.JPEG,early,0,feature_modules[0],28,28,score_deviation_extreme,0.15,1,True,4.265578746795654,2.9451351165771484,True,0.4346529543399811
visformer_small,45,ILSVRC2012_val_00002176.JPEG,early,0,feature_modules[0],28,28,score_deviation_extreme,0.15,1,True,-0.03124523162841797,-0.020120710134506226,False,0.21865986287593842
visformer_small,46,ILSVRC2012_val_00002183.JPEG,early,0,feature_modules[0],28,28,score_deviation_extreme,0.15,1,True,-1.04225492477417,-0.19822461903095245,False,0.6150616407394409
visformer_small,47,ILSVRC2012_val_00002184.JPEG,early,0,feature_modules[0],28,28,score_deviation_extreme,0.15,1,True,2.1406211853027344,1.5660016536712646,True,0.6251908540725708
visformer_small,40,ILSVRC2012_val_00001753.JPEG,early,0,feature_modules[0],28,28,score_deviation_extreme,0.15,2,True,4.08065128326416,3.5341758728027344,True,0.3766958713531494
visformer_small,41,ILSVRC2012_val_00001925.JPEG,early,0,feature_modules[0],28,28,score_deviation_extreme,0.15,2,True,0.17323589324951172,0.0293118953704834,False,0.6275590658187866
visformer_small,42,ILSVRC2012_val_00002002.JPEG,early,0,feature_modules[0],28,28,score_deviation_extreme,0.15,2,True,-0.6820268630981445,-0.18621385097503662,False,0.37357446551322937
visformer_small,43,ILSVRC2012_val_00002073.JPEG,early,0,feature_modules[0],28,28,score_deviation_extreme,0.15,2,True,0.5231461524963379,0.20332452654838562,False,0.593028724193573
visformer_small,44,ILSVRC2012_val_00002159.JPEG,early,0,feature_modules[0],28,28,score_deviation_extreme,0.15,2,True,4.265578746795654,2.9451351165771484,True,0.4346529543399811
visformer_small,45,ILSVRC2012_val_00002176.JPEG,early,0,feature_modules[0],28,28,score_deviation_extreme,0.15,2,True,-0.03124523162841797,-0.020120710134506226,False,0.21865986287593842
visformer_small,46,ILSVRC2012_val_00002183.JPEG,early,0,feature_modules[0],28,28,score_deviation_extreme,0.15,2,True,-1.04225492477417,-0.19822461903095245,False,0.6150616407394409
visformer_small,47,ILSVRC2012_val_00002184.JPEG,early,0,feature_modules[0],28,28,score_deviation_extreme,0.15,2,True,2.1406211853027344,1.5660016536712646,True,0.6251908540725708
visformer_small,40,ILSVRC2012_val_00001753.JPEG,early,0,feature_modules[0],28,28,score_deviation_extreme,0.15,3,True,4.08065128326416,3.5341758728027344,True,0.3766958713531494
visformer_small,41,ILSVRC2012_val_00001925.JPEG,early,0,feature_modules[0],28,28,score_deviation_extreme,0.15,3,True,0.17323589324951172,0.0293118953704834,False,0.6275590658187866
visformer_small,42,ILSVRC2012_val_00002002.JPEG,early,0,feature_modules[0],28,28,score_deviation_extreme,0.15,3,True,-0.6820268630981445,-0.18621385097503662,False,0.37357446551322937
visformer_small,43,ILSVRC2012_val_00002073.JPEG,early,0,feature_modules[0],28,28,score_deviation_extreme,0.15,3,True,0.5231461524963379,0.20332452654838562,False,0.593028724193573
visformer_small,44,ILSVRC2012_val_00002159.JPEG,early,0,feature_modules[0],28,28,score_deviation_extreme,0.15,3,True,4.265578746795654,2.9451351165771484,True,0.4346529543399811
visformer_small,45,ILSVRC2012_val_00002176.JPEG,early,0,feature_modules[0],28,28,score_deviation_extreme,0.15,3,True,-0.03124523162841797,-0.020120710134506226,False,0.21865986287593842
visformer_small,46,ILSVRC2012_val_00002183.JPEG,early,0,feature_modules[0],28,28,score_deviation_extreme,0.15,3,True,-1.04225492477417,-0.19822461903095245,False,0.6150616407394409
visformer_small,47,ILSVRC2012_val_00002184.JPEG,early,0,feature_modules[0],28,28,score_deviation_extreme,0.15,3,True,2.1406211853027344,1.5660016536712646,True,0.6251908540725708
visformer_small,40,ILSVRC2012_val_00001753.JPEG,mid,7,feature_modules[7],14,14,high_score_extreme,0.15,0,True,0.43344879150390625,0.179690420627594,False,0.6261225342750549
visformer_small,41,ILSVRC2012_val_00001925.JPEG,mid,7,feature_modules[7],14,14,high_score_extreme,0.15,0,True,-0.03956127166748047,-0.0007037818431854248,False,0.7020904421806335
visformer_small,42,ILSVRC2012_val_00002002.JPEG,mid,7,feature_modules[7],14,14,high_score_extreme,0.15,0,True,-0.19988441467285156,-0.06866905093193054,False,0.6666544079780579
visformer_small,43,ILSVRC2012_val_00002073.JPEG,mid,7,feature_modules[7],14,14,high_score_extreme,0.15,0,True,-0.14120101928710938,-0.00012126564979553223,False,0.6762835383415222
visformer_small,44,ILSVRC2012_val_00002159.JPEG,mid,7,feature_modules[7],14,14,high_score_extreme,0.15,0,True,1.0070347785949707,0.31712013483047485,False,0.6745033264160156
visformer_small,45,ILSVRC2012_val_00002176.JPEG,mid,7,feature_modules[7],14,14,high_score_extreme,0.15,0,True,0.1636214256286621,0.06897693872451782,False,0.6938013434410095
visformer_small,46,ILSVRC2012_val_00002183.JPEG,mid,7,feature_modules[7],14,14,high_score_extreme,0.15,0,True,-0.4718146324157715,-0.12453995645046234,False,0.6315445899963379
visformer_small,47,ILSVRC2012_val_00002184.JPEG,mid,7,feature_modules[7],14,14,high_score_extreme,0.15,0,True,0.1571826934814453,0.0713295042514801,False,0.7570796608924866
visformer_small,40,ILSVRC2012_val_00001753.JPEG,mid,7,feature_modules[7],14,14,high_score_extreme,0.15,1,True,0.43344879150390625,0.179690420627594,False,0.6261225342750549
visformer_small,41,ILSVRC2012_val_00001925.JPEG,mid,7,feature_modules[7],14,14,high_score_extreme,0.15,1,True,-0.03956127166748047,-0.0007037818431854248,False,0.7020904421806335
visformer_small,42,ILSVRC2012_val_00002002.JPEG,mid,7,feature_modules[7],14,14,high_score_extreme,0.15,1,True,-0.19988441467285156,-0.06866905093193054,False,0.6666544079780579
visformer_small,43,ILSVRC2012_val_00002073.JPEG,mid,7,feature_modules[7],14,14,high_score_extreme,0.15,1,True,-0.14120101928710938,-0.00012126564979553223,False,0.6762835383415222
visformer_small,44,ILSVRC2012_val_00002159.JPEG,mid,7,feature_modules[7],14,14,high_score_extreme,0.15,1,True,1.0070347785949707,0.31712013483047485,False,0.6745033264160156
visformer_small,45,ILSVRC2012_val_00002176.JPEG,mid,7,feature_modules[7],14,14,high_score_extreme,0.15,1,True,0.1636214256286621,0.06897693872451782,False,0.6938013434410095
visformer_small,46,ILSVRC2012_val_00002183.JPEG,mid,7,feature_modules[7],14,14,high_score_extreme,0.15,1,True,-0.4718146324157715,-0.12453995645046234,False,0.6315445899963379
visformer_small,47,ILSVRC2012_val_00002184.JPEG,mid,7,feature_modules[7],14,14,high_score_extreme,0.15,1,True,0.1571826934814453,0.0713295042514801,False,0.7570796608924866
visformer_small,40,ILSVRC2012_val_00001753.JPEG,mid,7,feature_modules[7],14,14,high_score_extreme,0.15,2,True,0.43344879150390625,0.179690420627594,False,0.6261225342750549
visformer_small,41,ILSVRC2012_val_00001925.JPEG,mid,7,feature_modules[7],14,14,high_score_extreme,0.15,2,True,-0.03956127166748047,-0.0007037818431854248,False,0.7020904421806335
visformer_small,42,ILSVRC2012_val_00002002.JPEG,mid,7,feature_modules[7],14,14,high_score_extreme,0.15,2,True,-0.19988441467285156,-0.06866905093193054,False,0.6666544079780579
visformer_small,43,ILSVRC2012_val_00002073.JPEG,mid,7,feature_modules[7],14,14,high_score_extreme,0.15,2,True,-0.14120101928710938,-0.00012126564979553223,False,0.6762835383415222
visformer_small,44,ILSVRC2012_val_00002159.JPEG,mid,7,feature_modules[7],14,14,high_score_extreme,0.15,2,True,1.0070347785949707,0.31712013483047485,False,0.6745033264160156
visformer_small,45,ILSVRC2012_val_00002176.JPEG,mid,7,feature_modules[7],14,14,high_score_extreme,0.15,2,True,0.1636214256286621,0.06897693872451782,False,0.6938013434410095
visformer_small,46,ILSVRC2012_val_00002183.JPEG,mid,7,feature_modules[7],14,14,high_score_extreme,0.15,2,True,-0.4718146324157715,-0.12453995645046234,False,0.6315445899963379
visformer_small,47,ILSVRC2012_val_00002184.JPEG,mid,7,feature_modules[7],14,14,high_score_extreme,0.15,2,True,0.1571826934814453,0.0713295042514801,False,0.7570796608924866
visformer_small,40,ILSVRC2012_val_00001753.JPEG,mid,7,feature_modules[7],14,14,high_score_extreme,0.15,3,True,0.43344879150390625,0.179690420627594,False,0.6261225342750549
visformer_small,41,ILSVRC2012_val_00001925.JPEG,mid,7,feature_modules[7],14,14,high_score_extreme,0.15,3,True,-0.03956127166748047,-0.0007037818431854248,False,0.7020904421806335
visformer_small,42,ILSVRC2012_val_00002002.JPEG,mid,7,feature_modules[7],14,14,high_score_extreme,0.15,3,True,-0.19988441467285156,-0.06866905093193054,False,0.6666544079780579
visformer_small,43,ILSVRC2012_val_00002073.JPEG,mid,7,feature_modules[7],14,14,high_score_extreme,0.15,3,True,-0.14120101928710938,-0.00012126564979553223,False,0.6762835383415222
visformer_small,44,ILSVRC2012_val_00002159.JPEG,mid,7,feature_modules[7],14,14,high_score_extreme,0.15,3,True,1.0070347785949707,0.31712013483047485,False,0.6745033264160156
visformer_small,45,ILSVRC2012_val_00002176.JPEG,mid,7,feature_modules[7],14,14,high_score_extreme,0.15,3,True,0.1636214256286621,0.06897693872451782,False,0.6938013434410095
visformer_small,46,ILSVRC2012_val_00002183.JPEG,mid,7,feature_modules[7],14,14,high_score_extreme,0.15,3,True,-0.4718146324157715,-0.12453995645046234,False,0.6315445899963379
visformer_small,47,ILSVRC2012_val_00002184.JPEG,mid,7,feature_modules[7],14,14,high_score_extreme,0.15,3,True,0.1571826934814453,0.0713295042514801,False,0.7570796608924866
visformer_small,40,ILSVRC2012_val_00001753.JPEG,mid,7,feature_modules[7],14,14,low_score_extreme,0.15,0,True,1.5848922729492188,0.9187118411064148,False,0.17245003581047058
visformer_small,41,ILSVRC2012_val_00001925.JPEG,mid,7,feature_modules[7],14,14,low_score_extreme,0.15,0,True,0.23563480377197266,0.04251202940940857,False,0.3596487045288086
visformer_small,42,ILSVRC2012_val_00002002.JPEG,mid,7,feature_modules[7],14,14,low_score_extreme,0.15,0,True,-0.3253517150878906,-0.10573756694793701,False,0.25295162200927734
visformer_small,43,ILSVRC2012_val_00002073.JPEG,mid,7,feature_modules[7],14,14,low_score_extreme,0.15,0,True,-0.2729644775390625,-0.06045478582382202,False,0.28082719445228577
visformer_small,44,ILSVRC2012_val_00002159.JPEG,mid,7,feature_modules[7],14,14,low_score_extreme,0.15,0,True,-0.010309219360351562,0.004419207572937012,False,0.07348448038101196
visformer_small,45,ILSVRC2012_val_00002176.JPEG,mid,7,feature_modules[7],14,14,low_score_extreme,0.15,0,True,0.13403940200805664,0.043973326683044434,False,0.26777908205986023
visformer_small,46,ILSVRC2012_val_00002183.JPEG,mid,7,feature_modules[7],14,14,low_score_extreme,0.15,0,True,0.05517578125,0.004672139883041382,False,0.2795702815055847
visformer_small,47,ILSVRC2012_val_00002184.JPEG,mid,7,feature_modules[7],14,14,low_score_extreme,0.15,0,True,1.7225303649902344,0.9481680393218994,False,0.3937605619430542
visformer_small,40,ILSVRC2012_val_00001753.JPEG,mid,7,feature_modules[7],14,14,low_score_extreme,0.15,1,True,1.5848922729492188,0.9187118411064148,False,0.17245003581047058
visformer_small,41,ILSVRC2012_val_00001925.JPEG,mid,7,feature_modules[7],14,14,low_score_extreme,0.15,1,True,0.23563480377197266,0.04251202940940857,False,0.3596487045288086
visformer_small,42,ILSVRC2012_val_00002002.JPEG,mid,7,feature_modules[7],14,14,low_score_extreme,0.15,1,True,-0.3253517150878906,-0.10573756694793701,False,0.25295162200927734
visformer_small,43,ILSVRC2012_val_00002073.JPEG,mid,7,feature_modules[7],14,14,low_score_extreme,0.15,1,True,-0.2729644775390625,-0.06045478582382202,False,0.28082719445228577
visformer_small,44,ILSVRC2012_val_00002159.JPEG,mid,7,feature_modules[7],14,14,low_score_extreme,0.15,1,True,-0.010309219360351562,0.004419207572937012,False,0.07348448038101196
visformer_small,45,ILSVRC2012_val_00002176.JPEG,mid,7,feature_modules[7],14,14,low_score_extreme,0.15,1,True,0.13403940200805664,0.043973326683044434,False,0.26777908205986023
visformer_small,46,ILSVRC2012_val_00002183.JPEG,mid,7,feature_modules[7],14,14,low_score_extreme,0.15,1,True,0.05517578125,0.004672139883041382,False,0.2795702815055847
visformer_small,47,ILSVRC2012_val_00002184.JPEG,mid,7,feature_modules[7],14,14,low_score_extreme,0.15,1,True,1.7225303649902344,0.9481680393218994,False,0.3937605619430542
visformer_small,40,ILSVRC2012_val_00001753.JPEG,mid,7,feature_modules[7],14,14,low_score_extreme,0.15,2,True,1.5848922729492188,0.9187118411064148,False,0.17245003581047058
visformer_small,41,ILSVRC2012_val_00001925.JPEG,mid,7,feature_modules[7],14,14,low_score_extreme,0.15,2,True,0.23563480377197266,0.04251202940940857,False,0.3596487045288086
visformer_small,42,ILSVRC2012_val_00002002.JPEG,mid,7,feature_modules[7],14,14,low_score_extreme,0.15,2,True,-0.3253517150878906,-0.10573756694793701,False,0.25295162200927734
visformer_small,43,ILSVRC2012_val_00002073.JPEG,mid,7,feature_modules[7],14,14,low_score_extreme,0.15,2,True,-0.2729644775390625,-0.06045478582382202,False,0.28082719445228577
visformer_small,44,ILSVRC2012_val_00002159.JPEG,mid,7,feature_modules[7],14,14,low_score_extreme,0.15,2,True,-0.010309219360351562,0.004419207572937012,False,0.07348448038101196
visformer_small,45,ILSVRC2012_val_00002176.JPEG,mid,7,feature_modules[7],14,14,low_score_extreme,0.15,2,True,0.13403940200805664,0.043973326683044434,False,0.26777908205986023
visformer_small,46,ILSVRC2012_val_00002183.JPEG,mid,7,feature_modules[7],14,14,low_score_extreme,0.15,2,True,0.05517578125,0.004672139883041382,False,0.2795702815055847
visformer_small,47,ILSVRC2012_val_00002184.JPEG,mid,7,feature_modules[7],14,14,low_score_extreme,0.15,2,True,1.7225303649902344,0.9481680393218994,False,0.3937605619430542
visformer_small,40,ILSVRC2012_val_00001753.JPEG,mid,7,feature_modules[7],14,14,low_score_extreme,0.15,3,True,1.5848922729492188,0.9187118411064148,False,0.17245003581047058
visformer_small,41,ILSVRC2012_val_00001925.JPEG,mid,7,feature_modules[7],14,14,low_score_extreme,0.15,3,True,0.23563480377197266,0.04251202940940857,False,0.3596487045288086
visformer_small,42,ILSVRC2012_val_00002002.JPEG,mid,7,feature_modules[7],14,14,low_score_extreme,0.15,3,True,-0.3253517150878906,-0.10573756694793701,False,0.25295162200927734
visformer_small,43,ILSVRC2012_val_00002073.JPEG,mid,7,feature_modules[7],14,14,low_score_extreme,0.15,3,True,-0.2729644775390625,-0.06045478582382202,False,0.28082719445228577
visformer_small,44,ILSVRC2012_val_00002159.JPEG,mid,7,feature_modules[7],14,14,low_score_extreme,0.15,3,True,-0.010309219360351562,0.004419207572937012,False,0.07348448038101196
visformer_small,45,ILSVRC2012_val_00002176.JPEG,mid,7,feature_modules[7],14,14,low_score_extreme,0.15,3,True,0.13403940200805664,0.043973326683044434,False,0.26777908205986023
visformer_small,46,ILSVRC2012_val_00002183.JPEG,mid,7,feature_modules[7],14,14,low_score_extreme,0.15,3,True,0.05517578125,0.004672139883041382,False,0.2795702815055847
visformer_small,47,ILSVRC2012_val_00002184.JPEG,mid,7,feature_modules[7],14,14,low_score_extreme,0.15,3,True,1.7225303649902344,0.9481680393218994,False,0.3937605619430542
visformer_small,40,ILSVRC2012_val_00001753.JPEG,mid,7,feature_modules[7],14,14,random_uniform,0.15,0,True,2.743440628051758,2.5817983150482178,True,0.41381368041038513
visformer_small,41,ILSVRC2012_val_00001925.JPEG,mid,7,feature_modules[7],14,14,random_uniform,0.15,0,True,-0.14114856719970703,-0.019573509693145752,False,0.556043803691864
visformer_small,42,ILSVRC2012_val_00002002.JPEG,mid,7,feature_modules[7],14,14,random_uniform,0.15,0,True,-0.2230672836303711,-0.0761161744594574,False,0.4491749405860901
visformer_small,43,ILSVRC2012_val_00002073.JPEG,mid,7,feature_modules[7],14,14,random_uniform,0.15,0,True,-0.1684741973876953,0.020187705755233765,False,0.49585282802581787
visformer_small,44,ILSVRC2012_val_00002159.JPEG,mid,7,feature_modules[7],14,14,random_uniform,0.15,0,True,0.8751263618469238,0.19801072776317596,False,0.4348558783531189
visformer_small,45,ILSVRC2012_val_00002176.JPEG,mid,7,feature_modules[7],14,14,random_uniform,0.15,0,True,-0.05367755889892578,0.0005773007869720459,False,0.5101765990257263
visformer_small,46,ILSVRC2012_val_00002183.JPEG,mid,7,feature_modules[7],14,14,random_uniform,0.15,0,True,-0.6431803703308105,-0.15593430399894714,False,0.4620928466320038
visformer_small,47,ILSVRC2012_val_00002184.JPEG,mid,7,feature_modules[7],14,14,random_uniform,0.15,0,True,0.28527069091796875,0.09748557209968567,False,0.6009443998336792
visformer_small,40,ILSVRC2012_val_00001753.JPEG,mid,7,feature_modules[7],14,14,random_uniform,0.15,1,True,1.724954605102539,1.2247977256774902,False,0.4518279433250427
visformer_small,41,ILSVRC2012_val_00001925.JPEG,mid,7,feature_modules[7],14,14,random_uniform,0.15,1,True,-0.14998912811279297,-0.013763129711151123,False,0.576889157295227
visformer_small,42,ILSVRC2012_val_00002002.JPEG,mid,7,feature_modules[7],14,14,random_uniform,0.15,1,True,-0.2641177177429199,-0.08563244342803955,False,0.45872241258621216
visformer_small,43,ILSVRC2012_val_00002073.JPEG,mid,7,feature_modules[7],14,14,random_uniform,0.15,1,True,-0.2948789596557617,-0.05003353953361511,False,0.5082857608795166
visformer_small,44,ILSVRC2012_val_00002159.JPEG,mid,7,feature_modules[7],14,14,random_uniform,0.15,1,True,0.8355746269226074,0.18463049829006195,False,0.444866418838501
visformer_small,45,ILSVRC2012_val_00002176.JPEG,mid,7,feature_modules[7],14,14,random_uniform,0.15,1,True,-0.26833009719848633,0.045961081981658936,False,0.487054705619812
visformer_small,46,ILSVRC2012_val_00002183.JPEG,mid,7,feature_modules[7],14,14,random_uniform,0.15,1,True,-0.525754451751709,-0.13135382533073425,False,0.452475905418396
visformer_small,47,ILSVRC2012_val_00002184.JPEG,mid,7,feature_modules[7],14,14,random_uniform,0.15,1,True,0.3140420913696289,0.09733286499977112,False,0.6019574999809265
visformer_small,40,ILSVRC2012_val_00001753.JPEG,mid,7,feature_modules[7],14,14,random_uniform,0.15,2,True,1.5935945510864258,1.1898510456085205,True,0.45292335748672485
visformer_small,41,ILSVRC2012_val_00001925.JPEG,mid,7,feature_modules[7],14,14,random_uniform,0.15,2,True,-0.18812847137451172,-0.02771790325641632,False,0.5709286332130432
visformer_small,42,ILSVRC2012_val_00002002.JPEG,mid,7,feature_modules[7],14,14,random_uniform,0.15,2,True,-0.2266530990600586,-0.07982546091079712,False,0.5200969576835632
visformer_small,43,ILSVRC2012_val_00002073.JPEG,mid,7,feature_modules[7],14,14,random_uniform,0.15,2,True,-0.2873506546020508,0.03719630837440491,False,0.5083847045898438
visformer_small,44,ILSVRC2012_val_00002159.JPEG,mid,7,feature_modules[7],14,14,random_uniform,0.15,2,True,0.32924747467041016,0.07291436195373535,False,0.4990805685520172
visformer_small,45,ILSVRC2012_val_00002176.JPEG,mid,7,feature_modules[7],14,14,random_uniform,0.15,2,True,-0.0674138069152832,-0.010380566120147705,False,0.5345363020896912
visformer_small,46,ILSVRC2012_val_00002183.JPEG,mid,7,feature_modules[7],14,14,random_uniform,0.15,2,True,-0.16612863540649414,-0.045977652072906494,False,0.4523181915283203
visformer_small,47,ILSVRC2012_val_00002184.JPEG,mid,7,feature_modules[7],14,14,random_uniform,0.15,2,True,-0.09338951110839844,0.0063644349575042725,False,0.604947030544281
visformer_small,40,ILSVRC2012_val_00001753.JPEG,mid,7,feature_modules[7],14,14,random_uniform,0.15,3,True,1.5786147117614746,1.051607370376587,False,0.4524473547935486
visformer_small,41,ILSVRC2012_val_00001925.JPEG,mid,7,feature_modules[7],14,14,random_uniform,0.15,3,True,-0.21148014068603516,-0.02950073778629303,False,0.5685304999351501
visformer_small,42,ILSVRC2012_val_00002002.JPEG,mid,7,feature_modules[7],14,14,random_uniform,0.15,3,True,-0.16238927841186523,-0.05622917413711548,False,0.4739959239959717
visformer_small,43,ILSVRC2012_val_00002073.JPEG,mid,7,feature_modules[7],14,14,random_uniform,0.15,3,True,-0.6567897796630859,0.13247910141944885,False,0.5144973397254944
visformer_small,44,ILSVRC2012_val_00002159.JPEG,mid,7,feature_modules[7],14,14,random_uniform,0.15,3,True,0.5742216110229492,0.12393255531787872,False,0.5057833194732666
visformer_small,45,ILSVRC2012_val_00002176.JPEG,mid,7,feature_modules[7],14,14,random_uniform,0.15,3,True,-0.04568338394165039,0.0015088915824890137,False,0.49112576246261597
visformer_small,46,ILSVRC2012_val_00002183.JPEG,mid,7,feature_modules[7],14,14,random_uniform,0.15,3,True,-0.4526238441467285,-0.11220419406890869,False,0.45973485708236694
visformer_small,47,ILSVRC2012_val_00002184.JPEG,mid,7,feature_modules[7],14,14,random_uniform,0.15,3,True,0.13936328887939453,0.090648353099823,False,0.6138641238212585
visformer_small,40,ILSVRC2012_val_00001753.JPEG,mid,7,feature_modules[7],14,14,score_deviation_extreme,0.15,0,True,1.5848922729492188,0.9187118411064148,False,0.17245003581047058
visformer_small,41,ILSVRC2012_val_00001925.JPEG,mid,7,feature_modules[7],14,14,score_deviation_extreme,0.15,0,True,0.1056203842163086,0.021549463272094727,False,0.40043142437934875
visformer_small,42,ILSVRC2012_val_00002002.JPEG,mid,7,feature_modules[7],14,14,score_deviation_extreme,0.15,0,True,-0.3664522171020508,-0.1124657690525055,False,0.36560654640197754
visformer_small,43,ILSVRC2012_val_00002073.JPEG,mid,7,feature_modules[7],14,14,score_deviation_extreme,0.15,0,True,-0.24177837371826172,-0.04672989249229431,False,0.2937355041503906
visformer_small,44,ILSVRC2012_val_00002159.JPEG,mid,7,feature_modules[7],14,14,score_deviation_extreme,0.15,0,True,-0.010309219360351562,0.004419207572937012,False,0.07348448038101196
visformer_small,45,ILSVRC2012_val_00002176.JPEG,mid,7,feature_modules[7],14,14,score_deviation_extreme,0.15,0,True,0.22375154495239258,0.12384688854217529,False,0.37026259303092957
visformer_small,46,ILSVRC2012_val_00002183.JPEG,mid,7,feature_modules[7],14,14,score_deviation_extreme,0.15,0,True,-0.397275447845459,-0.09932637214660645,False,0.43557867407798767
visformer_small,47,ILSVRC2012_val_00002184.JPEG,mid,7,feature_modules[7],14,14,score_deviation_extreme,0.15,0,True,1.7225303649902344,0.9481680393218994,False,0.3937605619430542
visformer_small,40,ILSVRC2012_val_00001753.JPEG,mid,7,feature_modules[7],14,14,score_deviation_extreme,0.15,1,True,1.5848922729492188,0.9187118411064148,False,0.17245003581047058
visformer_small,41,ILSVRC2012_val_00001925.JPEG,mid,7,feature_modules[7],14,14,score_deviation_extreme,0.15,1,True,0.1056203842163086,0.021549463272094727,False,0.40043142437934875
visformer_small,42,ILSVRC2012_val_00002002.JPEG,mid,7,feature_modules[7],14,14,score_deviation_extreme,0.15,1,True,-0.3664522171020508,-0.1124657690525055,False,0.36560654640197754
visformer_small,43,ILSVRC2012_val_00002073.JPEG,mid,7,feature_modules[7],14,14,score_deviation_extreme,0.15,1,True,-0.24177837371826172,-0.04672989249229431,False,0.2937355041503906
visformer_small,44,ILSVRC2012_val_00002159.JPEG,mid,7,feature_modules[7],14,14,score_deviation_extreme,0.15,1,True,-0.010309219360351562,0.004419207572937012,False,0.07348448038101196
visformer_small,45,ILSVRC2012_val_00002176.JPEG,mid,7,feature_modules[7],14,14,score_deviation_extreme,0.15,1,True,0.22375154495239258,0.12384688854217529,False,0.37026259303092957
visformer_small,46,ILSVRC2012_val_00002183.JPEG,mid,7,feature_modules[7],14,14,score_deviation_extreme,0.15,1,True,-0.397275447845459,-0.09932637214660645,False,0.43557867407798767
visformer_small,47,ILSVRC2012_val_00002184.JPEG,mid,7,feature_modules[7],14,14,score_deviation_extreme,0.15,1,True,1.7225303649902344,0.9481680393218994,False,0.3937605619430542
visformer_small,40,ILSVRC2012_val_00001753.JPEG,mid,7,feature_modules[7],14,14,score_deviation_extreme,0.15,2,True,1.5848922729492188,0.9187118411064148,False,0.17245003581047058
visformer_small,41,ILSVRC2012_val_00001925.JPEG,mid,7,feature_modules[7],14,14,score_deviation_extreme,0.15,2,True,0.1056203842163086,0.021549463272094727,False,0.40043142437934875
visformer_small,42,ILSVRC2012_val_00002002.JPEG,mid,7,feature_modules[7],14,14,score_deviation_extreme,0.15,2,True,-0.3664522171020508,-0.1124657690525055,False,0.36560654640197754
visformer_small,43,ILSVRC2012_val_00002073.JPEG,mid,7,feature_modules[7],14,14,score_deviation_extreme,0.15,2,True,-0.24177837371826172,-0.04672989249229431,False,0.2937355041503906
visformer_small,44,ILSVRC2012_val_00002159.JPEG,mid,7,feature_modules[7],14,14,score_deviation_extreme,0.15,2,True,-0.010309219360351562,0.004419207572937012,False,0.07348448038101196
visformer_small,45,ILSVRC2012_val_00002176.JPEG,mid,7,feature_modules[7],14,14,score_deviation_extreme,0.15,2,True,0.22375154495239258,0.12384688854217529,False,0.37026259303092957
visformer_small,46,ILSVRC2012_val_00002183.JPEG,mid,7,feature_modules[7],14,14,score_deviation_extreme,0.15,2,True,-0.397275447845459,-0.09932637214660645,False,0.43557867407798767
visformer_small,47,ILSVRC2012_val_00002184.JPEG,mid,7,feature_modules[7],14,14,score_deviation_extreme,0.15,2,True,1.7225303649902344,0.9481680393218994,False,0.3937605619430542
visformer_small,40,ILSVRC2012_val_00001753.JPEG,mid,7,feature_modules[7],14,14,score_deviation_extreme,0.15,3,True,1.5848922729492188,0.9187118411064148,False,0.17245003581047058
visformer_small,41,ILSVRC2012_val_00001925.JPEG,mid,7,feature_modules[7],14,14,score_deviation_extreme,0.15,3,True,0.1056203842163086,0.021549463272094727,False,0.40043142437934875
visformer_small,42,ILSVRC2012_val_00002002.JPEG,mid,7,feature_modules[7],14,14,score_deviation_extreme,0.15,3,True,-0.3664522171020508,-0.1124657690525055,False,0.36560654640197754
visformer_small,43,ILSVRC2012_val_00002073.JPEG,mid,7,feature_modules[7],14,14,score_deviation_extreme,0.15,3,True,-0.24177837371826172,-0.04672989249229431,False,0.2937355041503906
visformer_small,44,ILSVRC2012_val_00002159.JPEG,mid,7,feature_modules[7],14,14,score_deviation_extreme,0.15,3,True,-0.010309219360351562,0.004419207572937012,False,0.07348448038101196
visformer_small,45,ILSVRC2012_val_00002176.JPEG,mid,7,feature_modules[7],14,14,score_deviation_extreme,0.15,3,True,0.22375154495239258,0.12384688854217529,False,0.37026259303092957
visformer_small,46,ILSVRC2012_val_00002183.JPEG,mid,7,feature_modules[7],14,14,score_deviation_extreme,0.15,3,True,-0.397275447845459,-0.09932637214660645,False,0.43557867407798767
visformer_small,47,ILSVRC2012_val_00002184.JPEG,mid,7,feature_modules[7],14,14,score_deviation_extreme,0.15,3,True,1.7225303649902344,0.9481680393218994,False,0.3937605619430542
visformer_small,40,ILSVRC2012_val_00001753.JPEG,final,14,stage3[3]+gap,7,7,high_score_extreme,0.15,0,True,0.10857009887695312,0.00316503643989563,False,0.697221040725708
visformer_small,41,ILSVRC2012_val_00001925.JPEG,final,14,stage3[3]+gap,7,7,high_score_extreme,0.15,0,True,0.15605545043945312,0.025668352842330933,False,0.7549837231636047
visformer_small,42,ILSVRC2012_val_00002002.JPEG,final,14,stage3[3]+gap,7,7,high_score_extreme,0.15,0,True,-0.08684062957763672,-0.03627195954322815,False,0.727875828742981
visformer_small,43,ILSVRC2012_val_00002073.JPEG,final,14,stage3[3]+gap,7,7,high_score_extreme,0.15,0,True,-0.17638301849365234,-0.04370281100273132,False,0.7252752184867859
visformer_small,44,ILSVRC2012_val_00002159.JPEG,final,14,stage3[3]+gap,7,7,high_score_extreme,0.15,0,True,0.5481224060058594,0.12620477378368378,False,0.6947682499885559
visformer_small,45,ILSVRC2012_val_00002176.JPEG,final,14,stage3[3]+gap,7,7,high_score_extreme,0.15,0,True,0.054814815521240234,0.0003788769245147705,False,0.7192088961601257
visformer_small,46,ILSVRC2012_val_00002183.JPEG,final,14,stage3[3]+gap,7,7,high_score_extreme,0.15,0,True,-0.1466355323791504,-0.04610273241996765,False,0.7649078965187073
visformer_small,47,ILSVRC2012_val_00002184.JPEG,final,14,stage3[3]+gap,7,7,high_score_extreme,0.15,0,True,0.0068264007568359375,-0.0003707408905029297,False,0.6866220831871033
visformer_small,40,ILSVRC2012_val_00001753.JPEG,final,14,stage3[3]+gap,7,7,high_score_extreme,0.15,1,True,0.10857009887695312,0.00316503643989563,False,0.697221040725708
visformer_small,41,ILSVRC2012_val_00001925.JPEG,final,14,stage3[3]+gap,7,7,high_score_extreme,0.15,1,True,0.15605545043945312,0.025668352842330933,False,0.7549837231636047
visformer_small,42,ILSVRC2012_val_00002002.JPEG,final,14,stage3[3]+gap,7,7,high_score_extreme,0.15,1,True,-0.08684062957763672,-0.03627195954322815,False,0.727875828742981
visformer_small,43,ILSVRC2012_val_00002073.JPEG,final,14,stage3[3]+gap,7,7,high_score_extreme,0.15,1,True,-0.17638301849365234,-0.04370281100273132,False,0.7252752184867859
visformer_small,44,ILSVRC2012_val_00002159.JPEG,final,14,stage3[3]+gap,7,7,high_score_extreme,0.15,1,True,0.5481224060058594,0.12620477378368378,False,0.6947682499885559
visformer_small,45,ILSVRC2012_val_00002176.JPEG,final,14,stage3[3]+gap,7,7,high_score_extreme,0.15,1,True,0.054814815521240234,0.0003788769245147705,False,0.7192088961601257
visformer_small,46,ILSVRC2012_val_00002183.JPEG,final,14,stage3[3]+gap,7,7,high_score_extreme,0.15,1,True,-0.1466355323791504,-0.04610273241996765,False,0.7649078965187073
visformer_small,47,ILSVRC2012_val_00002184.JPEG,final,14,stage3[3]+gap,7,7,high_score_extreme,0.15,1,True,0.0068264007568359375,-0.0003707408905029297,False,0.6866220831871033
visformer_small,40,ILSVRC2012_val_00001753.JPEG,final,14,stage3[3]+gap,7,7,high_score_extreme,0.15,2,True,0.10857009887695312,0.00316503643989563,False,0.697221040725708
visformer_small,41,ILSVRC2012_val_00001925.JPEG,final,14,stage3[3]+gap,7,7,high_score_extreme,0.15,2,True,0.15605545043945312,0.025668352842330933,False,0.7549837231636047
visformer_small,42,ILSVRC2012_val_00002002.JPEG,final,14,stage3[3]+gap,7,7,high_score_extreme,0.15,2,True,-0.08684062957763672,-0.03627195954322815,False,0.727875828742981
visformer_small,43,ILSVRC2012_val_00002073.JPEG,final,14,stage3[3]+gap,7,7,high_score_extreme,0.15,2,True,-0.17638301849365234,-0.04370281100273132,False,0.7252752184867859
visformer_small,44,ILSVRC2012_val_00002159.JPEG,final,14,stage3[3]+gap,7,7,high_score_extreme,0.15,2,True,0.5481224060058594,0.12620477378368378,False,0.6947682499885559
visformer_small,45,ILSVRC2012_val_00002176.JPEG,final,14,stage3[3]+gap,7,7,high_score_extreme,0.15,2,True,0.054814815521240234,0.0003788769245147705,False,0.7192088961601257
visformer_small,46,ILSVRC2012_val_00002183.JPEG,final,14,stage3[3]+gap,7,7,high_score_extreme,0.15,2,True,-0.1466355323791504,-0.04610273241996765,False,0.7649078965187073
visformer_small,47,ILSVRC2012_val_00002184.JPEG,final,14,stage3[3]+gap,7,7,high_score_extreme,0.15,2,True,0.0068264007568359375,-0.0003707408905029297,False,0.6866220831871033
visformer_small,40,ILSVRC2012_val_00001753.JPEG,final,14,stage3[3]+gap,7,7,high_score_extreme,0.15,3,True,0.10857009887695312,0.00316503643989563,False,0.697221040725708
visformer_small,41,ILSVRC2012_val_00001925.JPEG,final,14,stage3[3]+gap,7,7,high_score_extreme,0.15,3,True,0.15605545043945312,0.025668352842330933,False,0.7549837231636047
visformer_small,42,ILSVRC2012_val_00002002.JPEG,final,14,stage3[3]+gap,7,7,high_score_extreme,0.15,3,True,-0.08684062957763672,-0.03627195954322815,False,0.727875828742981
visformer_small,43,ILSVRC2012_val_00002073.JPEG,final,14,stage3[3]+gap,7,7,high_score_extreme,0.15,3,True,-0.17638301849365234,-0.04370281100273132,False,0.7252752184867859
visformer_small,44,ILSVRC2012_val_00002159.JPEG,final,14,stage3[3]+gap,7,7,high_score_extreme,0.15,3,True,0.5481224060058594,0.12620477378368378,False,0.6947682499885559
visformer_small,45,ILSVRC2012_val_00002176.JPEG,final,14,stage3[3]+gap,7,7,high_score_extreme,0.15,3,True,0.054814815521240234,0.0003788769245147705,False,0.7192088961601257
visformer_small,46,ILSVRC2012_val_00002183.JPEG,final,14,stage3[3]+gap,7,7,high_score_extreme,0.15,3,True,-0.1466355323791504,-0.04610273241996765,False,0.7649078965187073
visformer_small,47,ILSVRC2012_val_00002184.JPEG,final,14,stage3[3]+gap,7,7,high_score_extreme,0.15,3,True,0.0068264007568359375,-0.0003707408905029297,False,0.6866220831871033
visformer_small,40,ILSVRC2012_val_00001753.JPEG,final,14,stage3[3]+gap,7,7,low_score_extreme,0.15,0,True,0.47133541107177734,0.18680977821350098,False,0.3148551881313324
visformer_small,41,ILSVRC2012_val_00001925.JPEG,final,14,stage3[3]+gap,7,7,low_score_extreme,0.15,0,True,-0.2043447494506836,-0.02422964572906494,False,0.28945279121398926
visformer_small,42,ILSVRC2012_val_00002002.JPEG,final,14,stage3[3]+gap,7,7,low_score_extreme,0.15,0,True,-0.03339815139770508,-0.016451746225357056,False,0.39534837007522583
visformer_small,43,ILSVRC2012_val_00002073.JPEG,final,14,stage3[3]+gap,7,7,low_score_extreme,0.15,0,True,-0.1685628890991211,-0.03577283024787903,False,0.37726131081581116
visformer_small,44,ILSVRC2012_val_00002159.JPEG,final,14,stage3[3]+gap,7,7,low_score_extreme,0.15,0,True,-0.5436191558837891,-0.0610019713640213,False,0.1926024854183197
visformer_small,45,ILSVRC2012_val_00002176.JPEG,final,14,stage3[3]+gap,7,7,low_score_extreme,0.15,0,True,0.21793603897094727,0.0696101188659668,False,0.35145026445388794
visformer_small,46,ILSVRC2012_val_00002183.JPEG,final,14,stage3[3]+gap,7,7,low_score_extreme,0.15,0,True,-0.10431861877441406,-0.04194977879524231,False,0.2645677924156189
visformer_small,47,ILSVRC2012_val_00002184.JPEG,final,14,stage3[3]+gap,7,7,low_score_extreme,0.15,0,True,0.1862173080444336,0.05500960350036621,False,0.37911221385002136
visformer_small,40,ILSVRC2012_val_00001753.JPEG,final,14,stage3[3]+gap,7,7,low_score_extreme,0.15,1,True,0.47133541107177734,0.18680977821350098,False,0.3148551881313324
visformer_small,41,ILSVRC2012_val_00001925.JPEG,final,14,stage3[3]+gap,7,7,low_score_extreme,0.15,1,True,-0.2043447494506836,-0.02422964572906494,False,0.28945279121398926
visformer_small,42,ILSVRC2012_val_00002002.JPEG,final,14,stage3[3]+gap,7,7,low_score_extreme,0.15,1,True,-0.03339815139770508,-0.016451746225357056,False,0.39534837007522583
visformer_small,43,ILSVRC2012_val_00002073.JPEG,final,14,stage3[3]+gap,7,7,low_score_extreme,0.15,1,True,-0.1685628890991211,-0.03577283024787903,False,0.37726131081581116
visformer_small,44,ILSVRC2012_val_00002159.JPEG,final,14,stage3[3]+gap,7,7,low_score_extreme,0.15,1,True,-0.5436191558837891,-0.0610019713640213,False,0.1926024854183197
visformer_small,45,ILSVRC2012_val_00002176.JPEG,final,14,stage3[3]+gap,7,7,low_score_extreme,0.15,1,True,0.21793603897094727,0.0696101188659668,False,0.35145026445388794
visformer_small,46,ILSVRC2012_val_00002183.JPEG,final,14,stage3[3]+gap,7,7,low_score_extreme,0.15,1,True,-0.10431861877441406,-0.04194977879524231,False,0.2645677924156189
visformer_small,47,ILSVRC2012_val_00002184.JPEG,final,14,stage3[3]+gap,7,7,low_score_extreme,0.15,1,True,0.1862173080444336,0.05500960350036621,False,0.37911221385002136
visformer_small,40,ILSVRC2012_val_00001753.JPEG,final,14,stage3[3]+gap,7,7,low_score_extreme,0.15,2,True,0.47133541107177734,0.18680977821350098,False,0.3148551881313324
visformer_small,41,ILSVRC2012_val_00001925.JPEG,final,14,stage3[3]+gap,7,7,low_score_extreme,0.15,2,True,-0.2043447494506836,-0.02422964572906494,False,0.28945279121398926
visformer_small,42,ILSVRC2012_val_00002002.JPEG,final,14,stage3[3]+gap,7,7,low_score_extreme,0.15,2,True,-0.03339815139770508,-0.016451746225357056,False,0.39534837007522583
visformer_small,43,ILSVRC2012_val_00002073.JPEG,final,14,stage3[3]+gap,7,7,low_score_extreme,0.15,2,True,-0.1685628890991211,-0.03577283024787903,False,0.37726131081581116
visformer_small,44,ILSVRC2012_val_00002159.JPEG,final,14,stage3[3]+gap,7,7,low_score_extreme,0.15,2,True,-0.5436191558837891,-0.0610019713640213,False,0.1926024854183197
visformer_small,45,ILSVRC2012_val_00002176.JPEG,final,14,stage3[3]+gap,7,7,low_score_extreme,0.15,2,True,0.21793603897094727,0.0696101188659668,False,0.35145026445388794
visformer_small,46,ILSVRC2012_val_00002183.JPEG,final,14,stage3[3]+gap,7,7,low_score_extreme,0.15,2,True,-0.10431861877441406,-0.04194977879524231,False,0.2645677924156189
visformer_small,47,ILSVRC2012_val_00002184.JPEG,final,14,stage3[3]+gap,7,7,low_score_extreme,0.15,2,True,0.1862173080444336,0.05500960350036621,False,0.37911221385002136
visformer_small,40,ILSVRC2012_val_00001753.JPEG,final,14,stage3[3]+gap,7,7,low_score_extreme,0.15,3,True,0.47133541107177734,0.18680977821350098,False,0.3148551881313324
visformer_small,41,ILSVRC2012_val_00001925.JPEG,final,14,stage3[3]+gap,7,7,low_score_extreme,0.15,3,True,-0.2043447494506836,-0.02422964572906494,False,0.28945279121398926
visformer_small,42,ILSVRC2012_val_00002002.JPEG,final,14,stage3[3]+gap,7,7,low_score_extreme,0.15,3,True,-0.03339815139770508,-0.016451746225357056,False,0.39534837007522583
visformer_small,43,ILSVRC2012_val_00002073.JPEG,final,14,stage3[3]+gap,7,7,low_score_extreme,0.15,3,True,-0.1685628890991211,-0.03577283024787903,False,0.37726131081581116
visformer_small,44,ILSVRC2012_val_00002159.JPEG,final,14,stage3[3]+gap,7,7,low_score_extreme,0.15,3,True,-0.5436191558837891,-0.0610019713640213,False,0.1926024854183197
visformer_small,45,ILSVRC2012_val_00002176.JPEG,final,14,stage3[3]+gap,7,7,low_score_extreme,0.15,3,True,0.21793603897094727,0.0696101188659668,False,0.35145026445388794
visformer_small,46,ILSVRC2012_val_00002183.JPEG,final,14,stage3[3]+gap,7,7,low_score_extreme,0.15,3,True,-0.10431861877441406,-0.04194977879524231,False,0.2645677924156189
visformer_small,47,ILSVRC2012_val_00002184.JPEG,final,14,stage3[3]+gap,7,7,low_score_extreme,0.15,3,True,0.1862173080444336,0.05500960350036621,False,0.37911221385002136
visformer_small,40,ILSVRC2012_val_00001753.JPEG,final,14,stage3[3]+gap,7,7,random_uniform,0.15,0,True,0.5341615676879883,0.2207733392715454,False,0.564481258392334
visformer_small,41,ILSVRC2012_val_00001925.JPEG,final,14,stage3[3]+gap,7,7,random_uniform,0.15,0,True,0.03161334991455078,0.008443668484687805,False,0.5873025059700012
visformer_small,42,ILSVRC2012_val_00002002.JPEG,final,14,stage3[3]+gap,7,7,random_uniform,0.15,0,True,-0.1790332794189453,-0.06533631682395935,False,0.5815948247909546
visformer_small,43,ILSVRC2012_val_00002073.JPEG,final,14,stage3[3]+gap,7,7,random_uniform,0.15,0,True,-0.07997608184814453,-0.025015026330947876,False,0.5865640044212341
visformer_small,44,ILSVRC2012_val_00002159.JPEG,final,14,stage3[3]+gap,7,7,random_uniform,0.15,0,True,0.0035457611083984375,-0.0014739930629730225,False,0.4149537682533264
visformer_small,45,ILSVRC2012_val_00002176.JPEG,final,14,stage3[3]+gap,7,7,random_uniform,0.15,0,True,0.11007976531982422,0.02265077829360962,False,0.6225129961967468
visformer_small,46,ILSVRC2012_val_00002183.JPEG,final,14,stage3[3]+gap,7,7,random_uniform,0.15,0,True,0.047658443450927734,0.012560844421386719,False,0.6082544326782227
visformer_small,47,ILSVRC2012_val_00002184.JPEG,final,14,stage3[3]+gap,7,7,random_uniform,0.15,0,True,0.30729055404663086,0.08331137895584106,False,0.5490103960037231
visformer_small,40,ILSVRC2012_val_00001753.JPEG,final,14,stage3[3]+gap,7,7,random_uniform,0.15,1,True,0.009888648986816406,-0.016401350498199463,False,0.5868929028511047
visformer_small,41,ILSVRC2012_val_00001925.JPEG,final,14,stage3[3]+gap,7,7,random_uniform,0.15,1,True,-0.09025287628173828,-0.0111665278673172,False,0.5233464241027832
visformer_small,42,ILSVRC2012_val_00002002.JPEG,final,14,stage3[3]+gap,7,7,random_uniform,0.15,1,True,-0.1689009666442871,-0.061995238065719604,False,0.583142876625061
visformer_small,43,ILSVRC2012_val_00002073.JPEG,final,14,stage3[3]+gap,7,7,random_uniform,0.15,1,True,-0.10166740417480469,-0.02664777636528015,False,0.5467808842658997
visformer_small,44,ILSVRC2012_val_00002159.JPEG,final,14,stage3[3]+gap,7,7,random_uniform,0.15,1,True,0.5938491821289062,0.14175809919834137,False,0.46033748984336853
visformer_small,45,ILSVRC2012_val_00002176.JPEG,final,14,stage3[3]+gap,7,7,random_uniform,0.15,1,True,0.1021122932434082,0.025307416915893555,False,0.527286946773529
visformer_small,46,ILSVRC2012_val_00002183.JPEG,final,14,stage3[3]+gap,7,7,random_uniform,0.15,1,True,-0.3184084892272949,-0.09162876009941101,False,0.6149752736091614
visformer_small,47,ILSVRC2012_val_00002184.JPEG,final,14,stage3[3]+gap,7,7,random_uniform,0.15,1,True,0.17026710510253906,0.042677223682403564,False,0.5289913415908813
visformer_small,40,ILSVRC2012_val_00001753.JPEG,final,14,stage3[3]+gap,7,7,random_uniform,0.15,2,True,0.10238456726074219,0.014097779989242554,False,0.6399940848350525
visformer_small,41,ILSVRC2012_val_00001925.JPEG,final,14,stage3[3]+gap,7,7,random_uniform,0.15,2,True,0.039886474609375,0.009143158793449402,False,0.5797972083091736
visformer_small,42,ILSVRC2012_val_00002002.JPEG,final,14,stage3[3]+gap,7,7,random_uniform,0.15,2,True,-0.5522127151489258,-0.1658763587474823,False,0.5230114459991455
visformer_small,43,ILSVRC2012_val_00002073.JPEG,final,14,stage3[3]+gap,7,7,random_uniform,0.15,2,True,-0.15047359466552734,-0.03522387146949768,False,0.5474184155464172
visformer_small,44,ILSVRC2012_val_00002159.JPEG,final,14,stage3[3]+gap,7,7,random_uniform,0.15,2,True,0.02209758758544922,0.021837234497070312,False,0.41801175475120544
visformer_small,45,ILSVRC2012_val_00002176.JPEG,final,14,stage3[3]+gap,7,7,random_uniform,0.15,2,True,0.013744831085205078,0.006421953439712524,False,0.6229875087738037
visformer_small,46,ILSVRC2012_val_00002183.JPEG,final,14,stage3[3]+gap,7,7,random_uniform,0.15,2,True,-0.6232514381408691,-0.14574506878852844,False,0.49581971764564514
visformer_small,47,ILSVRC2012_val_00002184.JPEG,final,14,stage3[3]+gap,7,7,random_uniform,0.15,2,True,-0.028669357299804688,-0.010494887828826904,False,0.5743617415428162
visformer_small,40,ILSVRC2012_val_00001753.JPEG,final,14,stage3[3]+gap,7,7,random_uniform,0.15,3,True,0.16922950744628906,0.020598173141479492,False,0.5483319759368896
visformer_small,41,ILSVRC2012_val_00001925.JPEG,final,14,stage3[3]+gap,7,7,random_uniform,0.15,3,True,-0.16539478302001953,-0.018855899572372437,False,0.4725636839866638
visformer_small,42,ILSVRC2012_val_00002002.JPEG,final,14,stage3[3]+gap,7,7,random_uniform,0.15,3,True,-0.17762088775634766,-0.06197446584701538,False,0.5831441879272461
visformer_small,43,ILSVRC2012_val_00002073.JPEG,final,14,stage3[3]+gap,7,7,random_uniform,0.15,3,True,-0.012584686279296875,0.008000791072845459,False,0.530603289604187
visformer_small,44,ILSVRC2012_val_00002159.JPEG,final,14,stage3[3]+gap,7,7,random_uniform,0.15,3,True,0.006977081298828125,0.001217469573020935,False,0.5585762858390808
visformer_small,45,ILSVRC2012_val_00002176.JPEG,final,14,stage3[3]+gap,7,7,random_uniform,0.15,3,True,0.05182313919067383,0.02234959602355957,False,0.5124518275260925
visformer_small,46,ILSVRC2012_val_00002183.JPEG,final,14,stage3[3]+gap,7,7,random_uniform,0.15,3,True,-0.5144257545471191,-0.13194113969802856,False,0.5219243764877319
visformer_small,47,ILSVRC2012_val_00002184.JPEG,final,14,stage3[3]+gap,7,7,random_uniform,0.15,3,True,0.27913618087768555,0.07317718863487244,False,0.49512746930122375
visformer_small,40,ILSVRC2012_val_00001753.JPEG,final,14,stage3[3]+gap,7,7,score_deviation_extreme,0.15,0,True,0.08224010467529297,0.04330366849899292,False,0.41613176465034485
visformer_small,41,ILSVRC2012_val_00001925.JPEG,final,14,stage3[3]+gap,7,7,score_deviation_extreme,0.15,0,True,-0.2043447494506836,-0.02422964572906494,False,0.28945279121398926
visformer_small,42,ILSVRC2012_val_00002002.JPEG,final,14,stage3[3]+gap,7,7,score_deviation_extreme,0.15,0,True,-0.14386272430419922,-0.05379980802536011,False,0.5312377214431763
visformer_small,43,ILSVRC2012_val_00002073.JPEG,final,14,stage3[3]+gap,7,7,score_deviation_extreme,0.15,0,True,-0.14873504638671875,-0.026390522718429565,False,0.42603936791419983
visformer_small,44,ILSVRC2012_val_00002159.JPEG,final,14,stage3[3]+gap,7,7,score_deviation_extreme,0.15,0,True,-0.0668344497680664,-0.01055242121219635,False,0.31362494826316833
visformer_small,45,ILSVRC2012_val_00002176.JPEG,final,14,stage3[3]+gap,7,7,score_deviation_extreme,0.15,0,True,0.21793603897094727,0.0696101188659668,False,0.35145026445388794
visformer_small,46,ILSVRC2012_val_00002183.JPEG,final,14,stage3[3]+gap,7,7,score_deviation_extreme,0.15,0,True,-0.10431861877441406,-0.04194977879524231,False,0.2645677924156189
visformer_small,47,ILSVRC2012_val_00002184.JPEG,final,14,stage3[3]+gap,7,7,score_deviation_extreme,0.15,0,True,0.1862173080444336,0.05500960350036621,False,0.37911221385002136
visformer_small,40,ILSVRC2012_val_00001753.JPEG,final,14,stage3[3]+gap,7,7,score_deviation_extreme,0.15,1,True,0.08224010467529297,0.04330366849899292,False,0.41613176465034485
visformer_small,41,ILSVRC2012_val_00001925.JPEG,final,14,stage3[3]+gap,7,7,score_deviation_extreme,0.15,1,True,-0.2043447494506836,-0.02422964572906494,False,0.28945279121398926
visformer_small,42,ILSVRC2012_val_00002002.JPEG,final,14,stage3[3]+gap,7,7,score_deviation_extreme,0.15,1,True,-0.14386272430419922,-0.05379980802536011,False,0.5312377214431763
visformer_small,43,ILSVRC2012_val_00002073.JPEG,final,14,stage3[3]+gap,7,7,score_deviation_extreme,0.15,1,True,-0.14873504638671875,-0.026390522718429565,False,0.42603936791419983
visformer_small,44,ILSVRC2012_val_00002159.JPEG,final,14,stage3[3]+gap,7,7,score_deviation_extreme,0.15,1,True,-0.0668344497680664,-0.01055242121219635,False,0.31362494826316833
visformer_small,45,ILSVRC2012_val_00002176.JPEG,final,14,stage3[3]+gap,7,7,score_deviation_extreme,0.15,1,True,0.21793603897094727,0.0696101188659668,False,0.35145026445388794
visformer_small,46,ILSVRC2012_val_00002183.JPEG,final,14,stage3[3]+gap,7,7,score_deviation_extreme,0.15,1,True,-0.10431861877441406,-0.04194977879524231,False,0.2645677924156189
visformer_small,47,ILSVRC2012_val_00002184.JPEG,final,14,stage3[3]+gap,7,7,score_deviation_extreme,0.15,1,True,0.1862173080444336,0.05500960350036621,False,0.37911221385002136
visformer_small,40,ILSVRC2012_val_00001753.JPEG,final,14,stage3[3]+gap,7,7,score_deviation_extreme,0.15,2,True,0.08224010467529297,0.04330366849899292,False,0.41613176465034485
visformer_small,41,ILSVRC2012_val_00001925.JPEG,final,14,stage3[3]+gap,7,7,score_deviation_extreme,0.15,2,True,-0.2043447494506836,-0.02422964572906494,False,0.28945279121398926
visformer_small,42,ILSVRC2012_val_00002002.JPEG,final,14,stage3[3]+gap,7,7,score_deviation_extreme,0.15,2,True,-0.14386272430419922,-0.05379980802536011,False,0.5312377214431763
visformer_small,43,ILSVRC2012_val_00002073.JPEG,final,14,stage3[3]+gap,7,7,score_deviation_extreme,0.15,2,True,-0.14873504638671875,-0.026390522718429565,False,0.42603936791419983
visformer_small,44,ILSVRC2012_val_00002159.JPEG,final,14,stage3[3]+gap,7,7,score_deviation_extreme,0.15,2,True,-0.0668344497680664,-0.01055242121219635,False,0.31362494826316833
visformer_small,45,ILSVRC2012_val_00002176.JPEG,final,14,stage3[3]+gap,7,7,score_deviation_extreme,0.15,2,True,0.21793603897094727,0.0696101188659668,False,0.35145026445388794
visformer_small,46,ILSVRC2012_val_00002183.JPEG,final,14,stage3[3]+gap,7,7,score_deviation_extreme,0.15,2,True,-0.10431861877441406,-0.04194977879524231,False,0.2645677924156189
visformer_small,47,ILSVRC2012_val_00002184.JPEG,final,14,stage3[3]+gap,7,7,score_deviation_extreme,0.15,2,True,0.1862173080444336,0.05500960350036621,False,0.37911221385002136
visformer_small,40,ILSVRC2012_val_00001753.JPEG,final,14,stage3[3]+gap,7,7,score_deviation_extreme,0.15,3,True,0.08224010467529297,0.04330366849899292,False,0.41613176465034485
visformer_small,41,ILSVRC2012_val_00001925.JPEG,final,14,stage3[3]+gap,7,7,score_deviation_extreme,0.15,3,True,-0.2043447494506836,-0.02422964572906494,False,0.28945279121398926
visformer_small,42,ILSVRC2012_val_00002002.JPEG,final,14,stage3[3]+gap,7,7,score_deviation_extreme,0.15,3,True,-0.14386272430419922,-0.05379980802536011,False,0.5312377214431763
visformer_small,43,ILSVRC2012_val_00002073.JPEG,final,14,stage3[3]+gap,7,7,score_deviation_extreme,0.15,3,True,-0.14873504638671875,-0.026390522718429565,False,0.42603936791419983
visformer_small,44,ILSVRC2012_val_00002159.JPEG,final,14,stage3[3]+gap,7,7,score_deviation_extreme,0.15,3,True,-0.0668344497680664,-0.01055242121219635,False,0.31362494826316833
visformer_small,45,ILSVRC2012_val_00002176.JPEG,final,14,stage3[3]+gap,7,7,score_deviation_extreme,0.15,3,True,0.21793603897094727,0.0696101188659668,False,0.35145026445388794
visformer_small,46,ILSVRC2012_val_00002183.JPEG,final,14,stage3[3]+gap,7,7,score_deviation_extreme,0.15,3,True,-0.10431861877441406,-0.04194977879524231,False,0.2645677924156189
visformer_small,47,ILSVRC2012_val_00002184.JPEG,final,14,stage3[3]+gap,7,7,score_deviation_extreme,0.15,3,True,0.1862173080444336,0.05500960350036621,False,0.37911221385002136
visformer_small,48,ILSVRC2012_val_00002311.JPEG,early,0,feature_modules[0],28,28,high_score_extreme,0.15,0,True,0.29573822021484375,0.17812633514404297,False,0.8895707130432129
visformer_small,49,ILSVRC2012_val_00002347.JPEG,early,0,feature_modules[0],28,28,high_score_extreme,0.15,0,True,0.3787355422973633,0.07174818217754364,False,0.7995850443840027
visformer_small,50,ILSVRC2012_val_00002464.JPEG,early,0,feature_modules[0],28,28,high_score_extreme,0.15,0,True,0.26983642578125,0.10570132732391357,False,0.8195356130599976
visformer_small,51,ILSVRC2012_val_00002533.JPEG,early,0,feature_modules[0],28,28,high_score_extreme,0.15,0,True,0.45042991638183594,0.4889986515045166,False,0.9488080739974976
visformer_small,52,ILSVRC2012_val_00002583.JPEG,early,0,feature_modules[0],28,28,high_score_extreme,0.15,0,True,0.7937111854553223,0.2776389718055725,False,0.8811665177345276
visformer_small,53,ILSVRC2012_val_00002614.JPEG,early,0,feature_modules[0],28,28,high_score_extreme,0.15,0,True,-0.17922210693359375,0.029379844665527344,False,0.7940286993980408
visformer_small,54,ILSVRC2012_val_00002716.JPEG,early,0,feature_modules[0],28,28,high_score_extreme,0.15,0,True,-0.13091707229614258,-0.1027611494064331,False,0.923151969909668
visformer_small,55,ILSVRC2012_val_00002733.JPEG,early,0,feature_modules[0],28,28,high_score_extreme,0.15,0,True,1.4492988586425781,0.50407475233078,False,0.8731294870376587
visformer_small,48,ILSVRC2012_val_00002311.JPEG,early,0,feature_modules[0],28,28,high_score_extreme,0.15,1,True,0.29573822021484375,0.17812633514404297,False,0.8895707130432129
visformer_small,49,ILSVRC2012_val_00002347.JPEG,early,0,feature_modules[0],28,28,high_score_extreme,0.15,1,True,0.3787355422973633,0.07174818217754364,False,0.7995850443840027
visformer_small,50,ILSVRC2012_val_00002464.JPEG,early,0,feature_modules[0],28,28,high_score_extreme,0.15,1,True,0.26983642578125,0.10570132732391357,False,0.8195356130599976
visformer_small,51,ILSVRC2012_val_00002533.JPEG,early,0,feature_modules[0],28,28,high_score_extreme,0.15,1,True,0.45042991638183594,0.4889986515045166,False,0.9488080739974976
visformer_small,52,ILSVRC2012_val_00002583.JPEG,early,0,feature_modules[0],28,28,high_score_extreme,0.15,1,True,0.7937111854553223,0.2776389718055725,False,0.8811665177345276
visformer_small,53,ILSVRC2012_val_00002614.JPEG,early,0,feature_modules[0],28,28,high_score_extreme,0.15,1,True,-0.17922210693359375,0.029379844665527344,False,0.7940286993980408
visformer_small,54,ILSVRC2012_val_00002716.JPEG,early,0,feature_modules[0],28,28,high_score_extreme,0.15,1,True,-0.13091707229614258,-0.1027611494064331,False,0.923151969909668
visformer_small,55,ILSVRC2012_val_00002733.JPEG,early,0,feature_modules[0],28,28,high_score_extreme,0.15,1,True,1.4492988586425781,0.50407475233078,False,0.8731294870376587
visformer_small,48,ILSVRC2012_val_00002311.JPEG,early,0,feature_modules[0],28,28,high_score_extreme,0.15,2,True,0.29573822021484375,0.17812633514404297,False,0.8895707130432129
visformer_small,49,ILSVRC2012_val_00002347.JPEG,early,0,feature_modules[0],28,28,high_score_extreme,0.15,2,True,0.3787355422973633,0.07174818217754364,False,0.7995850443840027
visformer_small,50,ILSVRC2012_val_00002464.JPEG,early,0,feature_modules[0],28,28,high_score_extreme,0.15,2,True,0.26983642578125,0.10570132732391357,False,0.8195356130599976
visformer_small,51,ILSVRC2012_val_00002533.JPEG,early,0,feature_modules[0],28,28,high_score_extreme,0.15,2,True,0.45042991638183594,0.4889986515045166,False,0.9488080739974976
visformer_small,52,ILSVRC2012_val_00002583.JPEG,early,0,feature_modules[0],28,28,high_score_extreme,0.15,2,True,0.7937111854553223,0.2776389718055725,False,0.8811665177345276
visformer_small,53,ILSVRC2012_val_00002614.JPEG,early,0,feature_modules[0],28,28,high_score_extreme,0.15,2,True,-0.17922210693359375,0.029379844665527344,False,0.7940286993980408
visformer_small,54,ILSVRC2012_val_00002716.JPEG,early,0,feature_modules[0],28,28,high_score_extreme,0.15,2,True,-0.13091707229614258,-0.1027611494064331,False,0.923151969909668
visformer_small,55,ILSVRC2012_val_00002733.JPEG,early,0,feature_modules[0],28,28,high_score_extreme,0.15,2,True,1.4492988586425781,0.50407475233078,False,0.8731294870376587
visformer_small,48,ILSVRC2012_val_00002311.JPEG,early,0,feature_modules[0],28,28,high_score_extreme,0.15,3,True,0.29573822021484375,0.17812633514404297,False,0.8895707130432129
visformer_small,49,ILSVRC2012_val_00002347.JPEG,early,0,feature_modules[0],28,28,high_score_extreme,0.15,3,True,0.3787355422973633,0.07174818217754364,False,0.7995850443840027
visformer_small,50,ILSVRC2012_val_00002464.JPEG,early,0,feature_modules[0],28,28,high_score_extreme,0.15,3,True,0.26983642578125,0.10570132732391357,False,0.8195356130599976
visformer_small,51,ILSVRC2012_val_00002533.JPEG,early,0,feature_modules[0],28,28,high_score_extreme,0.15,3,True,0.45042991638183594,0.4889986515045166,False,0.9488080739974976
visformer_small,52,ILSVRC2012_val_00002583.JPEG,early,0,feature_modules[0],28,28,high_score_extreme,0.15,3,True,0.7937111854553223,0.2776389718055725,False,0.8811665177345276
visformer_small,53,ILSVRC2012_val_00002614.JPEG,early,0,feature_modules[0],28,28,high_score_extreme,0.15,3,True,-0.17922210693359375,0.029379844665527344,False,0.7940286993980408
visformer_small,54,ILSVRC2012_val_00002716.JPEG,early,0,feature_modules[0],28,28,high_score_extreme,0.15,3,True,-0.13091707229614258,-0.1027611494064331,False,0.923151969909668
visformer_small,55,ILSVRC2012_val_00002733.JPEG,early,0,feature_modules[0],28,28,high_score_extreme,0.15,3,True,1.4492988586425781,0.50407475233078,False,0.8731294870376587
visformer_small,48,ILSVRC2012_val_00002311.JPEG,early,0,feature_modules[0],28,28,low_score_extreme,0.15,0,True,-0.20941829681396484,0.20268654823303223,False,0.5167291164398193
visformer_small,49,ILSVRC2012_val_00002347.JPEG,early,0,feature_modules[0],28,28,low_score_extreme,0.15,0,True,1.2035894393920898,0.344213604927063,False,0.40631943941116333
visformer_small,50,ILSVRC2012_val_00002464.JPEG,early,0,feature_modules[0],28,28,low_score_extreme,0.15,0,True,0.035355567932128906,-0.0055130720138549805,False,0.359585702419281
visformer_small,51,ILSVRC2012_val_00002533.JPEG,early,0,feature_modules[0],28,28,low_score_extreme,0.15,0,True,3.9448323249816895,4.366096496582031,True,0.44701558351516724
visformer_small,52,ILSVRC2012_val_00002583.JPEG,early,0,feature_modules[0],28,28,low_score_extreme,0.15,0,True,0.8231563568115234,0.3103506565093994,False,0.5811456441879272
visformer_small,53,ILSVRC2012_val_00002614.JPEG,early,0,feature_modules[0],28,28,low_score_extreme,0.15,0,True,-0.17407989501953125,-0.05205422639846802,False,0.23222431540489197
visformer_small,54,ILSVRC2012_val_00002716.JPEG,early,0,feature_modules[0],28,28,low_score_extreme,0.15,0,True,1.2360410690307617,1.1700853109359741,False,0.2416543811559677
visformer_small,55,ILSVRC2012_val_00002733.JPEG,early,0,feature_modules[0],28,28,low_score_extreme,0.15,0,True,-0.48798179626464844,-0.03486645221710205,False,0.5489731431007385
visformer_small,48,ILSVRC2012_val_00002311.JPEG,early,0,feature_modules[0],28,28,low_score_extreme,0.15,1,True,-0.20941829681396484,0.20268654823303223,False,0.5167291164398193
visformer_small,49,ILSVRC2012_val_00002347.JPEG,early,0,feature_modules[0],28,28,low_score_extreme,0.15,1,True,1.2035894393920898,0.344213604927063,False,0.40631943941116333
visformer_small,50,ILSVRC2012_val_00002464.JPEG,early,0,feature_modules[0],28,28,low_score_extreme,0.15,1,True,0.035355567932128906,-0.0055130720138549805,False,0.359585702419281
visformer_small,51,ILSVRC2012_val_00002533.JPEG,early,0,feature_modules[0],28,28,low_score_extreme,0.15,1,True,3.9448323249816895,4.366096496582031,True,0.44701558351516724
visformer_small,52,ILSVRC2012_val_00002583.JPEG,early,0,feature_modules[0],28,28,low_score_extreme,0.15,1,True,0.8231563568115234,0.3103506565093994,False,0.5811456441879272
visformer_small,53,ILSVRC2012_val_00002614.JPEG,early,0,feature_modules[0],28,28,low_score_extreme,0.15,1,True,-0.17407989501953125,-0.05205422639846802,False,0.23222431540489197
visformer_small,54,ILSVRC2012_val_00002716.JPEG,early,0,feature_modules[0],28,28,low_score_extreme,0.15,1,True,1.2360410690307617,1.1700853109359741,False,0.2416543811559677
visformer_small,55,ILSVRC2012_val_00002733.JPEG,early,0,feature_modules[0],28,28,low_score_extreme,0.15,1,True,-0.48798179626464844,-0.03486645221710205,False,0.5489731431007385
visformer_small,48,ILSVRC2012_val_00002311.JPEG,early,0,feature_modules[0],28,28,low_score_extreme,0.15,2,True,-0.20941829681396484,0.20268654823303223,False,0.5167291164398193
visformer_small,49,ILSVRC2012_val_00002347.JPEG,early,0,feature_modules[0],28,28,low_score_extreme,0.15,2,True,1.2035894393920898,0.344213604927063,False,0.40631943941116333
visformer_small,50,ILSVRC2012_val_00002464.JPEG,early,0,feature_modules[0],28,28,low_score_extreme,0.15,2,True,0.035355567932128906,-0.0055130720138549805,False,0.359585702419281
visformer_small,51,ILSVRC2012_val_00002533.JPEG,early,0,feature_modules[0],28,28,low_score_extreme,0.15,2,True,3.9448323249816895,4.366096496582031,True,0.44701558351516724
visformer_small,52,ILSVRC2012_val_00002583.JPEG,early,0,feature_modules[0],28,28,low_score_extreme,0.15,2,True,0.8231563568115234,0.3103506565093994,False,0.5811456441879272
visformer_small,53,ILSVRC2012_val_00002614.JPEG,early,0,feature_modules[0],28,28,low_score_extreme,0.15,2,True,-0.17407989501953125,-0.05205422639846802,False,0.23222431540489197
visformer_small,54,ILSVRC2012_val_00002716.JPEG,early,0,feature_modules[0],28,28,low_score_extreme,0.15,2,True,1.2360410690307617,1.1700853109359741,False,0.2416543811559677
visformer_small,55,ILSVRC2012_val_00002733.JPEG,early,0,feature_modules[0],28,28,low_score_extreme,0.15,2,True,-0.48798179626464844,-0.03486645221710205,False,0.5489731431007385
visformer_small,48,ILSVRC2012_val_00002311.JPEG,early,0,feature_modules[0],28,28,low_score_extreme,0.15,3,True,-0.20941829681396484,0.20268654823303223,False,0.5167291164398193
visformer_small,49,ILSVRC2012_val_00002347.JPEG,early,0,feature_modules[0],28,28,low_score_extreme,0.15,3,True,1.2035894393920898,0.344213604927063,False,0.40631943941116333
visformer_small,50,ILSVRC2012_val_00002464.JPEG,early,0,feature_modules[0],28,28,low_score_extreme,0.15,3,True,0.035355567932128906,-0.0055130720138549805,False,0.359585702419281
visformer_small,51,ILSVRC2012_val_00002533.JPEG,early,0,feature_modules[0],28,28,low_score_extreme,0.15,3,True,3.9448323249816895,4.366096496582031,True,0.44701558351516724
visformer_small,52,ILSVRC2012_val_00002583.JPEG,early,0,feature_modules[0],28,28,low_score_extreme,0.15,3,True,0.8231563568115234,0.3103506565093994,False,0.5811456441879272
visformer_small,53,ILSVRC2012_val_00002614.JPEG,early,0,feature_modules[0],28,28,low_score_extreme,0.15,3,True,-0.17407989501953125,-0.05205422639846802,False,0.23222431540489197
visformer_small,54,ILSVRC2012_val_00002716.JPEG,early,0,feature_modules[0],28,28,low_score_extreme,0.15,3,True,1.2360410690307617,1.1700853109359741,False,0.2416543811559677
visformer_small,55,ILSVRC2012_val_00002733.JPEG,early,0,feature_modules[0],28,28,low_score_extreme,0.15,3,True,-0.48798179626464844,-0.03486645221710205,False,0.5489731431007385
visformer_small,48,ILSVRC2012_val_00002311.JPEG,early,0,feature_modules[0],28,28,random_uniform,0.15,0,True,0.8206534385681152,0.33545786142349243,False,0.7562711238861084
visformer_small,49,ILSVRC2012_val_00002347.JPEG,early,0,feature_modules[0],28,28,random_uniform,0.15,0,True,0.856083869934082,0.2022942751646042,False,0.6278956532478333
visformer_small,50,ILSVRC2012_val_00002464.JPEG,early,0,feature_modules[0],28,28,random_uniform,0.15,0,True,0.46085357666015625,0.08738642930984497,False,0.6333345770835876
visformer_small,51,ILSVRC2012_val_00002533.JPEG,early,0,feature_modules[0],28,28,random_uniform,0.15,0,True,1.977522373199463,1.9381182193756104,True,0.7800355553627014
visformer_small,52,ILSVRC2012_val_00002583.JPEG,early,0,feature_modules[0],28,28,random_uniform,0.15,0,True,2.0144262313842773,1.2464063167572021,False,0.7728368639945984
visformer_small,53,ILSVRC2012_val_00002614.JPEG,early,0,feature_modules[0],28,28,random_uniform,0.15,0,True,1.202125072479248,0.7263953685760498,False,0.581707775592804
visformer_small,54,ILSVRC2012_val_00002716.JPEG,early,0,feature_modules[0],28,28,random_uniform,0.15,0,True,-0.14460039138793945,0.03137338161468506,False,0.7049241065979004
visformer_small,55,ILSVRC2012_val_00002733.JPEG,early,0,feature_modules[0],28,28,random_uniform,0.15,0,True,2.2280731201171875,0.9734541773796082,False,0.752281904220581
visformer_small,48,ILSVRC2012_val_00002311.JPEG,early,0,feature_modules[0],28,28,random_uniform,0.15,1,True,0.49044275283813477,0.16917437314987183,False,0.7676689028739929
visformer_small,49,ILSVRC2012_val_00002347.JPEG,early,0,feature_modules[0],28,28,random_uniform,0.15,1,True,0.8308544158935547,0.20547284185886383,False,0.6186816096305847
visformer_small,50,ILSVRC2012_val_00002464.JPEG,early,0,feature_modules[0],28,28,random_uniform,0.15,1,True,-0.7220134735107422,-0.12027357518672943,False,0.6496289968490601
visformer_small,51,ILSVRC2012_val_00002533.JPEG,early,0,feature_modules[0],28,28,random_uniform,0.15,1,True,0.5039463043212891,0.957244873046875,True,0.8163428902626038
visformer_small,52,ILSVRC2012_val_00002583.JPEG,early,0,feature_modules[0],28,28,random_uniform,0.15,1,True,1.5104880332946777,0.7509347796440125,False,0.7653999924659729
visformer_small,53,ILSVRC2012_val_00002614.JPEG,early,0,feature_modules[0],28,28,random_uniform,0.15,1,True,0.9651141166687012,0.7002153396606445,False,0.5785803198814392
visformer_small,54,ILSVRC2012_val_00002716.JPEG,early,0,feature_modules[0],28,28,random_uniform,0.15,1,True,0.11990737915039062,0.1726399064064026,False,0.7079078555107117
visformer_small,55,ILSVRC2012_val_00002733.JPEG,early,0,feature_modules[0],28,28,random_uniform,0.15,1,True,1.2429709434509277,0.367037832736969,False,0.7650706768035889
visformer_small,48,ILSVRC2012_val_00002311.JPEG,early,0,feature_modules[0],28,28,random_uniform,0.15,2,True,0.35556697845458984,0.11709064245223999,False,0.7613073587417603
visformer_small,49,ILSVRC2012_val_00002347.JPEG,early,0,feature_modules[0],28,28,random_uniform,0.15,2,True,1.5017118453979492,0.47685062885284424,False,0.6441515684127808
visformer_small,50,ILSVRC2012_val_00002464.JPEG,early,0,feature_modules[0],28,28,random_uniform,0.15,2,True,0.43912696838378906,0.23531049489974976,False,0.6769024133682251
visformer_small,51,ILSVRC2012_val_00002533.JPEG,early,0,feature_modules[0],28,28,random_uniform,0.15,2,True,0.5340957641601562,0.7725714445114136,False,0.8198835849761963
visformer_small,52,ILSVRC2012_val_00002583.JPEG,early,0,feature_modules[0],28,28,random_uniform,0.15,2,True,2.5469017028808594,1.618913173675537,False,0.7777197360992432
visformer_small,53,ILSVRC2012_val_00002614.JPEG,early,0,feature_modules[0],28,28,random_uniform,0.15,2,True,1.3845219612121582,1.0200461149215698,False,0.5833213925361633
visformer_small,54,ILSVRC2012_val_00002716.JPEG,early,0,feature_modules[0],28,28,random_uniform,0.15,2,True,0.2634563446044922,0.685621976852417,True,0.7131856083869934
visformer_small,55,ILSVRC2012_val_00002733.JPEG,early,0,feature_modules[0],28,28,random_uniform,0.15,2,True,1.6668767929077148,0.5590330362319946,False,0.749091386795044
visformer_small,48,ILSVRC2012_val_00002311.JPEG,early,0,feature_modules[0],28,28,random_uniform,0.15,3,True,0.5728321075439453,0.2319205403327942,False,0.7548637986183167
visformer_small,49,ILSVRC2012_val_00002347.JPEG,early,0,feature_modules[0],28,28,random_uniform,0.15,3,True,0.7937498092651367,0.21039129793643951,False,0.6236672401428223
visformer_small,50,ILSVRC2012_val_00002464.JPEG,early,0,feature_modules[0],28,28,random_uniform,0.15,3,True,0.2652111053466797,0.04538065195083618,False,0.6739150285720825
visformer_small,51,ILSVRC2012_val_00002533.JPEG,early,0,feature_modules[0],28,28,random_uniform,0.15,3,True,0.041530609130859375,0.51796555519104,False,0.8201743960380554
visformer_small,52,ILSVRC2012_val_00002583.JPEG,early,0,feature_modules[0],28,28,random_uniform,0.15,3,True,1.3975715637207031,0.7277002930641174,False,0.7596505880355835
visformer_small,53,ILSVRC2012_val_00002614.JPEG,early,0,feature_modules[0],28,28,random_uniform,0.15,3,True,1.0193204879760742,0.5479202270507812,False,0.5825170874595642
visformer_small,54,ILSVRC2012_val_00002716.JPEG,early,0,feature_modules[0],28,28,random_uniform,0.15,3,True,0.0649271011352539,0.09167802333831787,False,0.7324743270874023
visformer_small,55,ILSVRC2012_val_00002733.JPEG,early,0,feature_modules[0],28,28,random_uniform,0.15,3,True,2.3071866035461426,0.9192457795143127,False,0.7689996361732483
visformer_small,48,ILSVRC2012_val_00002311.JPEG,early,0,feature_modules[0],28,28,score_deviation_extreme,0.15,0,True,-0.20941829681396484,0.20268654823303223,False,0.5167291164398193
visformer_small,49,ILSVRC2012_val_00002347.JPEG,early,0,feature_modules[0],28,28,score_deviation_extreme,0.15,0,True,1.6227283477783203,0.5546485185623169,False,0.5291222929954529
visformer_small,50,ILSVRC2012_val_00002464.JPEG,early,0,feature_modules[0],28,28,score_deviation_extreme,0.15,0,True,0.035355567932128906,-0.0055130720138549805,False,0.359585702419281
visformer_small,51,ILSVRC2012_val_00002533.JPEG,early,0,feature_modules[0],28,28,score_deviation_extreme,0.15,0,True,3.9448323249816895,4.366096496582031,True,0.44701558351516724
visformer_small,52,ILSVRC2012_val_00002583.JPEG,early,0,feature_modules[0],28,28,score_deviation_extreme,0.15,0,True,0.8231563568115234,0.3103506565093994,False,0.5811456441879272
visformer_small,53,ILSVRC2012_val_00002614.JPEG,early,0,feature_modules[0],28,28,score_deviation_extreme,0.15,0,True,-0.17407989501953125,-0.05205422639846802,False,0.23222431540489197
visformer_small,54,ILSVRC2012_val_00002716.JPEG,early,0,feature_modules[0],28,28,score_deviation_extreme,0.15,0,True,1.2360410690307617,1.1700853109359741,False,0.2416543811559677
visformer_small,55,ILSVRC2012_val_00002733.JPEG,early,0,feature_modules[0],28,28,score_deviation_extreme,0.15,0,True,-0.48798179626464844,-0.03486645221710205,False,0.5489731431007385
visformer_small,48,ILSVRC2012_val_00002311.JPEG,early,0,feature_modules[0],28,28,score_deviation_extreme,0.15,1,True,-0.20941829681396484,0.20268654823303223,False,0.5167291164398193
visformer_small,49,ILSVRC2012_val_00002347.JPEG,early,0,feature_modules[0],28,28,score_deviation_extreme,0.15,1,True,1.6227283477783203,0.5546485185623169,False,0.5291222929954529
visformer_small,50,ILSVRC2012_val_00002464.JPEG,early,0,feature_modules[0],28,28,score_deviation_extreme,0.15,1,True,0.035355567932128906,-0.0055130720138549805,False,0.359585702419281
visformer_small,51,ILSVRC2012_val_00002533.JPEG,early,0,feature_modules[0],28,28,score_deviation_extreme,0.15,1,True,3.9448323249816895,4.366096496582031,True,0.44701558351516724
visformer_small,52,ILSVRC2012_val_00002583.JPEG,early,0,feature_modules[0],28,28,score_deviation_extreme,0.15,1,True,0.8231563568115234,0.3103506565093994,False,0.5811456441879272
visformer_small,53,ILSVRC2012_val_00002614.JPEG,early,0,feature_modules[0],28,28,score_deviation_extreme,0.15,1,True,-0.17407989501953125,-0.05205422639846802,False,0.23222431540489197
visformer_small,54,ILSVRC2012_val_00002716.JPEG,early,0,feature_modules[0],28,28,score_deviation_extreme,0.15,1,True,1.2360410690307617,1.1700853109359741,False,0.2416543811559677
visformer_small,55,ILSVRC2012_val_00002733.JPEG,early,0,feature_modules[0],28,28,score_deviation_extreme,0.15,1,True,-0.48798179626464844,-0.03486645221710205,False,0.5489731431007385
visformer_small,48,ILSVRC2012_val_00002311.JPEG,early,0,feature_modules[0],28,28,score_deviation_extreme,0.15,2,True,-0.20941829681396484,0.20268654823303223,False,0.5167291164398193
visformer_small,49,ILSVRC2012_val_00002347.JPEG,early,0,feature_modules[0],28,28,score_deviation_extreme,0.15,2,True,1.6227283477783203,0.5546485185623169,False,0.5291222929954529
visformer_small,50,ILSVRC2012_val_00002464.JPEG,early,0,feature_modules[0],28,28,score_deviation_extreme,0.15,2,True,0.035355567932128906,-0.0055130720138549805,False,0.359585702419281
visformer_small,51,ILSVRC2012_val_00002533.JPEG,early,0,feature_modules[0],28,28,score_deviation_extreme,0.15,2,True,3.9448323249816895,4.366096496582031,True,0.44701558351516724
visformer_small,52,ILSVRC2012_val_00002583.JPEG,early,0,feature_modules[0],28,28,score_deviation_extreme,0.15,2,True,0.8231563568115234,0.3103506565093994,False,0.5811456441879272
visformer_small,53,ILSVRC2012_val_00002614.JPEG,early,0,feature_modules[0],28,28,score_deviation_extreme,0.15,2,True,-0.17407989501953125,-0.05205422639846802,False,0.23222431540489197
visformer_small,54,ILSVRC2012_val_00002716.JPEG,early,0,feature_modules[0],28,28,score_deviation_extreme,0.15,2,True,1.2360410690307617,1.1700853109359741,False,0.2416543811559677
visformer_small,55,ILSVRC2012_val_00002733.JPEG,early,0,feature_modules[0],28,28,score_deviation_extreme,0.15,2,True,-0.48798179626464844,-0.03486645221710205,False,0.5489731431007385
visformer_small,48,ILSVRC2012_val_00002311.JPEG,early,0,feature_modules[0],28,28,score_deviation_extreme,0.15,3,True,-0.20941829681396484,0.20268654823303223,False,0.5167291164398193
visformer_small,49,ILSVRC2012_val_00002347.JPEG,early,0,feature_modules[0],28,28,score_deviation_extreme,0.15,3,True,1.6227283477783203,0.5546485185623169,False,0.5291222929954529
visformer_small,50,ILSVRC2012_val_00002464.JPEG,early,0,feature_modules[0],28,28,score_deviation_extreme,0.15,3,True,0.035355567932128906,-0.0055130720138549805,False,0.359585702419281
visformer_small,51,ILSVRC2012_val_00002533.JPEG,early,0,feature_modules[0],28,28,score_deviation_extreme,0.15,3,True,3.9448323249816895,4.366096496582031,True,0.44701558351516724
visformer_small,52,ILSVRC2012_val_00002583.JPEG,early,0,feature_modules[0],28,28,score_deviation_extreme,0.15,3,True,0.8231563568115234,0.3103506565093994,False,0.5811456441879272
visformer_small,53,ILSVRC2012_val_00002614.JPEG,early,0,feature_modules[0],28,28,score_deviation_extreme,0.15,3,True,-0.17407989501953125,-0.05205422639846802,False,0.23222431540489197
visformer_small,54,ILSVRC2012_val_00002716.JPEG,early,0,feature_modules[0],28,28,score_deviation_extreme,0.15,3,True,1.2360410690307617,1.1700853109359741,False,0.2416543811559677
visformer_small,55,ILSVRC2012_val_00002733.JPEG,early,0,feature_modules[0],28,28,score_deviation_extreme,0.15,3,True,-0.48798179626464844,-0.03486645221710205,False,0.5489731431007385
visformer_small,48,ILSVRC2012_val_00002311.JPEG,mid,7,feature_modules[7],14,14,high_score_extreme,0.15,0,True,0.11098384857177734,0.03369206190109253,False,0.7628674507141113
visformer_small,49,ILSVRC2012_val_00002347.JPEG,mid,7,feature_modules[7],14,14,high_score_extreme,0.15,0,True,-0.12367439270019531,-0.02286025881767273,False,0.667266309261322
visformer_small,50,ILSVRC2012_val_00002464.JPEG,mid,7,feature_modules[7],14,14,high_score_extreme,0.15,0,True,0.0648651123046875,0.06372776627540588,False,0.6562593579292297
visformer_small,51,ILSVRC2012_val_00002533.JPEG,mid,7,feature_modules[7],14,14,high_score_extreme,0.15,0,True,-0.3639645576477051,-0.1432816982269287,False,0.7393068671226501
visformer_small,52,ILSVRC2012_val_00002583.JPEG,mid,7,feature_modules[7],14,14,high_score_extreme,0.15,0,True,0.05332756042480469,0.016800731420516968,False,0.7314496636390686
visformer_small,53,ILSVRC2012_val_00002614.JPEG,mid,7,feature_modules[7],14,14,high_score_extreme,0.15,0,True,0.14817094802856445,0.12178587913513184,False,0.6317035555839539
visformer_small,54,ILSVRC2012_val_00002716.JPEG,mid,7,feature_modules[7],14,14,high_score_extreme,0.15,0,True,-0.8341917991638184,-0.32014229893684387,False,0.7314322590827942
visformer_small,55,ILSVRC2012_val_00002733.JPEG,mid,7,feature_modules[7],14,14,high_score_extreme,0.15,0,True,-1.2513704299926758,-0.11118938773870468,False,0.6349298357963562
visformer_small,48,ILSVRC2012_val_00002311.JPEG,mid,7,feature_modules[7],14,14,high_score_extreme,0.15,1,True,0.11098384857177734,0.03369206190109253,False,0.7628674507141113
visformer_small,49,ILSVRC2012_val_00002347.JPEG,mid,7,feature_modules[7],14,14,high_score_extreme,0.15,1,True,-0.12367439270019531,-0.02286025881767273,False,0.667266309261322
visformer_small,50,ILSVRC2012_val_00002464.JPEG,mid,7,feature_modules[7],14,14,high_score_extreme,0.15,1,True,0.0648651123046875,0.06372776627540588,False,0.6562593579292297
visformer_small,51,ILSVRC2012_val_00002533.JPEG,mid,7,feature_modules[7],14,14,high_score_extreme,0.15,1,True,-0.3639645576477051,-0.1432816982269287,False,0.7393068671226501
visformer_small,52,ILSVRC2012_val_00002583.JPEG,mid,7,feature_modules[7],14,14,high_score_extreme,0.15,1,True,0.05332756042480469,0.016800731420516968,False,0.7314496636390686
visformer_small,53,ILSVRC2012_val_00002614.JPEG,mid,7,feature_modules[7],14,14,high_score_extreme,0.15,1,True,0.14817094802856445,0.12178587913513184,False,0.6317035555839539
visformer_small,54,ILSVRC2012_val_00002716.JPEG,mid,7,feature_modules[7],14,14,high_score_extreme,0.15,1,True,-0.8341917991638184,-0.32014229893684387,False,0.7314322590827942
visformer_small,55,ILSVRC2012_val_00002733.JPEG,mid,7,feature_modules[7],14,14,high_score_extreme,0.15,1,True,-1.2513704299926758,-0.11118938773870468,False,0.6349298357963562
visformer_small,48,ILSVRC2012_val_00002311.JPEG,mid,7,feature_modules[7],14,14,high_score_extreme,0.15,2,True,0.11098384857177734,0.03369206190109253,False,0.7628674507141113
visformer_small,49,ILSVRC2012_val_00002347.JPEG,mid,7,feature_modules[7],14,14,high_score_extreme,0.15,2,True,-0.12367439270019531,-0.02286025881767273,False,0.667266309261322
visformer_small,50,ILSVRC2012_val_00002464.JPEG,mid,7,feature_modules[7],14,14,high_score_extreme,0.15,2,True,0.0648651123046875,0.06372776627540588,False,0.6562593579292297
visformer_small,51,ILSVRC2012_val_00002533.JPEG,mid,7,feature_modules[7],14,14,high_score_extreme,0.15,2,True,-0.3639645576477051,-0.1432816982269287,False,0.7393068671226501
visformer_small,52,ILSVRC2012_val_00002583.JPEG,mid,7,feature_modules[7],14,14,high_score_extreme,0.15,2,True,0.05332756042480469,0.016800731420516968,False,0.7314496636390686
visformer_small,53,ILSVRC2012_val_00002614.JPEG,mid,7,feature_modules[7],14,14,high_score_extreme,0.15,2,True,0.14817094802856445,0.12178587913513184,False,0.6317035555839539
visformer_small,54,ILSVRC2012_val_00002716.JPEG,mid,7,feature_modules[7],14,14,high_score_extreme,0.15,2,True,-0.8341917991638184,-0.32014229893684387,False,0.7314322590827942
visformer_small,55,ILSVRC2012_val_00002733.JPEG,mid,7,feature_modules[7],14,14,high_score_extreme,0.15,2,True,-1.2513704299926758,-0.11118938773870468,False,0.6349298357963562
visformer_small,48,ILSVRC2012_val_00002311.JPEG,mid,7,feature_modules[7],14,14,high_score_extreme,0.15,3,True,0.11098384857177734,0.03369206190109253,False,0.7628674507141113
visformer_small,49,ILSVRC2012_val_00002347.JPEG,mid,7,feature_modules[7],14,14,high_score_extreme,0.15,3,True,-0.12367439270019531,-0.02286025881767273,False,0.667266309261322
visformer_small,50,ILSVRC2012_val_00002464.JPEG,mid,7,feature_modules[7],14,14,high_score_extreme,0.15,3,True,0.0648651123046875,0.06372776627540588,False,0.6562593579292297
visformer_small,51,ILSVRC2012_val_00002533.JPEG,mid,7,feature_modules[7],14,14,high_score_extreme,0.15,3,True,-0.3639645576477051,-0.1432816982269287,False,0.7393068671226501
visformer_small,52,ILSVRC2012_val_00002583.JPEG,mid,7,feature_modules[7],14,14,high_score_extreme,0.15,3,True,0.05332756042480469,0.016800731420516968,False,0.7314496636390686
visformer_small,53,ILSVRC2012_val_00002614.JPEG,mid,7,feature_modules[7],14,14,high_score_extreme,0.15,3,True,0.14817094802856445,0.12178587913513184,False,0.6317035555839539
visformer_small,54,ILSVRC2012_val_00002716.JPEG,mid,7,feature_modules[7],14,14,high_score_extreme,0.15,3,True,-0.8341917991638184,-0.32014229893684387,False,0.7314322590827942
visformer_small,55,ILSVRC2012_val_00002733.JPEG,mid,7,feature_modules[7],14,14,high_score_extreme,0.15,3,True,-1.2513704299926758,-0.11118938773870468,False,0.6349298357963562
visformer_small,48,ILSVRC2012_val_00002311.JPEG,mid,7,feature_modules[7],14,14,low_score_extreme,0.15,0,True,0.3212404251098633,0.11748355627059937,False,0.33682677149772644
visformer_small,49,ILSVRC2012_val_00002347.JPEG,mid,7,feature_modules[7],14,14,low_score_extreme,0.15,0,True,0.36870479583740234,0.07101936638355255,False,0.19023805856704712
visformer_small,50,ILSVRC2012_val_00002464.JPEG,mid,7,feature_modules[7],14,14,low_score_extreme,0.15,0,True,0.2611675262451172,0.13407889008522034,False,0.1692013293504715
visformer_small,51,ILSVRC2012_val_00002533.JPEG,mid,7,feature_modules[7],14,14,low_score_extreme,0.15,0,True,-0.09943056106567383,-0.030679702758789062,False,0.37169724702835083
visformer_small,52,ILSVRC2012_val_00002583.JPEG,mid,7,feature_modules[7],14,14,low_score_extreme,0.15,0,True,-0.3535432815551758,-0.052775949239730835,False,0.38337960839271545
visformer_small,53,ILSVRC2012_val_00002614.JPEG,mid,7,feature_modules[7],14,14,low_score_extreme,0.15,0,True,-0.08135461807250977,0.020638495683670044,False,0.16996926069259644
visformer_small,54,ILSVRC2012_val_00002716.JPEG,mid,7,feature_modules[7],14,14,low_score_extreme,0.15,0,True,0.2539968490600586,0.10244899988174438,False,0.16233013570308685
visformer_small,55,ILSVRC2012_val_00002733.JPEG,mid,7,feature_modules[7],14,14,low_score_extreme,0.15,0,True,0.1602306365966797,0.024581968784332275,False,0.22832706570625305
visformer_small,48,ILSVRC2012_val_00002311.JPEG,mid,7,feature_modules[7],14,14,low_score_extreme,0.15,1,True,0.3212404251098633,0.11748355627059937,False,0.33682677149772644
visformer_small,49,ILSVRC2012_val_00002347.JPEG,mid,7,feature_modules[7],14,14,low_score_extreme,0.15,1,True,0.36870479583740234,0.07101936638355255,False,0.19023805856704712
visformer_small,50,ILSVRC2012_val_00002464.JPEG,mid,7,feature_modules[7],14,14,low_score_extreme,0.15,1,True,0.2611675262451172,0.13407889008522034,False,0.1692013293504715
visformer_small,51,ILSVRC2012_val_00002533.JPEG,mid,7,feature_modules[7],14,14,low_score_extreme,0.15,1,True,-0.09943056106567383,-0.030679702758789062,False,0.37169724702835083
visformer_small,52,ILSVRC2012_val_00002583.JPEG,mid,7,feature_modules[7],14,14,low_score_extreme,0.15,1,True,-0.3535432815551758,-0.052775949239730835,False,0.38337960839271545
visformer_small,53,ILSVRC2012_val_00002614.JPEG,mid,7,feature_modules[7],14,14,low_score_extreme,0.15,1,True,-0.08135461807250977,0.020638495683670044,False,0.16996926069259644
visformer_small,54,ILSVRC2012_val_00002716.JPEG,mid,7,feature_modules[7],14,14,low_score_extreme,0.15,1,True,0.2539968490600586,0.10244899988174438,False,0.16233013570308685
visformer_small,55,ILSVRC2012_val_00002733.JPEG,mid,7,feature_modules[7],14,14,low_score_extreme,0.15,1,True,0.1602306365966797,0.024581968784332275,False,0.22832706570625305
visformer_small,48,ILSVRC2012_val_00002311.JPEG,mid,7,feature_modules[7],14,14,low_score_extreme,0.15,2,True,0.3212404251098633,0.11748355627059937,False,0.33682677149772644
visformer_small,49,ILSVRC2012_val_00002347.JPEG,mid,7,feature_modules[7],14,14,low_score_extreme,0.15,2,True,0.36870479583740234,0.07101936638355255,False,0.19023805856704712
visformer_small,50,ILSVRC2012_val_00002464.JPEG,mid,7,feature_modules[7],14,14,low_score_extreme,0.15,2,True,0.2611675262451172,0.13407889008522034,False,0.1692013293504715
visformer_small,51,ILSVRC2012_val_00002533.JPEG,mid,7,feature_modules[7],14,14,low_score_extreme,0.15,2,True,-0.09943056106567383,-0.030679702758789062,False,0.37169724702835083
visformer_small,52,ILSVRC2012_val_00002583.JPEG,mid,7,feature_modules[7],14,14,low_score_extreme,0.15,2,True,-0.3535432815551758,-0.052775949239730835,False,0.38337960839271545
visformer_small,53,ILSVRC2012_val_00002614.JPEG,mid,7,feature_modules[7],14,14,low_score_extreme,0.15,2,True,-0.08135461807250977,0.020638495683670044,False,0.16996926069259644
visformer_small,54,ILSVRC2012_val_00002716.JPEG,mid,7,feature_modules[7],14,14,low_score_extreme,0.15,2,True,0.2539968490600586,0.10244899988174438,False,0.16233013570308685
visformer_small,55,ILSVRC2012_val_00002733.JPEG,mid,7,feature_modules[7],14,14,low_score_extreme,0.15,2,True,0.1602306365966797,0.024581968784332275,False,0.22832706570625305
visformer_small,48,ILSVRC2012_val_00002311.JPEG,mid,7,feature_modules[7],14,14,low_score_extreme,0.15,3,True,0.3212404251098633,0.11748355627059937,False,0.33682677149772644
visformer_small,49,ILSVRC2012_val_00002347.JPEG,mid,7,feature_modules[7],14,14,low_score_extreme,0.15,3,True,0.36870479583740234,0.07101936638355255,False,0.19023805856704712
visformer_small,50,ILSVRC2012_val_00002464.JPEG,mid,7,feature_modules[7],14,14,low_score_extreme,0.15,3,True,0.2611675262451172,0.13407889008522034,False,0.1692013293504715
visformer_small,51,ILSVRC2012_val_00002533.JPEG,mid,7,feature_modules[7],14,14,low_score_extreme,0.15,3,True,-0.09943056106567383,-0.030679702758789062,False,0.37169724702835083
visformer_small,52,ILSVRC2012_val_00002583.JPEG,mid,7,feature_modules[7],14,14,low_score_extreme,0.15,3,True,-0.3535432815551758,-0.052775949239730835,False,0.38337960839271545
visformer_small,53,ILSVRC2012_val_00002614.JPEG,mid,7,feature_modules[7],14,14,low_score_extreme,0.15,3,True,-0.08135461807250977,0.020638495683670044,False,0.16996926069259644
visformer_small,54,ILSVRC2012_val_00002716.JPEG,mid,7,feature_modules[7],14,14,low_score_extreme,0.15,3,True,0.2539968490600586,0.10244899988174438,False,0.16233013570308685
visformer_small,55,ILSVRC2012_val_00002733.JPEG,mid,7,feature_modules[7],14,14,low_score_extreme,0.15,3,True,0.1602306365966797,0.024581968784332275,False,0.22832706570625305
visformer_small,48,ILSVRC2012_val_00002311.JPEG,mid,7,feature_modules[7],14,14,random_uniform,0.15,0,True,0.105133056640625,0.03021526336669922,False,0.6107770800590515
visformer_small,49,ILSVRC2012_val_00002347.JPEG,mid,7,feature_modules[7],14,14,random_uniform,0.15,0,True,0.3872203826904297,0.07564599812030792,False,0.4643342196941376
visformer_small,50,ILSVRC2012_val_00002464.JPEG,mid,7,feature_modules[7],14,14,random_uniform,0.15,0,True,0.2595796585083008,0.13428860902786255,False,0.4972045421600342
visformer_small,51,ILSVRC2012_val_00002533.JPEG,mid,7,feature_modules[7],14,14,random_uniform,0.15,0,True,0.022254467010498047,0.08217018842697144,False,0.572647750377655
visformer_small,52,ILSVRC2012_val_00002583.JPEG,mid,7,feature_modules[7],14,14,random_uniform,0.15,0,True,0.4273800849914551,0.14127221703529358,False,0.6082877516746521
visformer_small,53,ILSVRC2012_val_00002614.JPEG,mid,7,feature_modules[7],14,14,random_uniform,0.15,0,True,0.08098459243774414,0.16357636451721191,False,0.4675116539001465
visformer_small,54,ILSVRC2012_val_00002716.JPEG,mid,7,feature_modules[7],14,14,random_uniform,0.15,0,True,-0.8271083831787109,-0.40655454993247986,False,0.5755082964897156
visformer_small,55,ILSVRC2012_val_00002733.JPEG,mid,7,feature_modules[7],14,14,random_uniform,0.15,0,True,0.06761646270751953,0.025007829070091248,False,0.44334644079208374
visformer_small,48,ILSVRC2012_val_00002311.JPEG,mid,7,feature_modules[7],14,14,random_uniform,0.15,1,True,0.17277860641479492,0.05293649435043335,False,0.6103357076644897
visformer_small,49,ILSVRC2012_val_00002347.JPEG,mid,7,feature_modules[7],14,14,random_uniform,0.15,1,True,0.2114086151123047,0.028470024466514587,False,0.4787095785140991
visformer_small,50,ILSVRC2012_val_00002464.JPEG,mid,7,feature_modules[7],14,14,random_uniform,0.15,1,True,0.09157943725585938,0.0779525637626648,False,0.41827288269996643
visformer_small,51,ILSVRC2012_val_00002533.JPEG,mid,7,feature_modules[7],14,14,random_uniform,0.15,1,True,-0.5748496055603027,-0.1833745837211609,False,0.6080526113510132
visformer_small,52,ILSVRC2012_val_00002583.JPEG,mid,7,feature_modules[7],14,14,random_uniform,0.15,1,True,0.2993755340576172,0.16064658761024475,False,0.5997381806373596
visformer_small,53,ILSVRC2012_val_00002614.JPEG,mid,7,feature_modules[7],14,14,random_uniform,0.15,1,True,0.10689878463745117,0.09124302864074707,False,0.4372369945049286
visformer_small,54,ILSVRC2012_val_00002716.JPEG,mid,7,feature_modules[7],14,14,random_uniform,0.15,1,True,-0.417482852935791,-0.1187201738357544,False,0.535477876663208
visformer_small,55,ILSVRC2012_val_00002733.JPEG,mid,7,feature_modules[7],14,14,random_uniform,0.15,1,True,0.7677044868469238,0.19852197170257568,False,0.46823516488075256
visformer_small,48,ILSVRC2012_val_00002311.JPEG,mid,7,feature_modules[7],14,14,random_uniform,0.15,2,True,0.15129756927490234,0.0632428526878357,False,0.5952674746513367
visformer_small,49,ILSVRC2012_val_00002347.JPEG,mid,7,feature_modules[7],14,14,random_uniform,0.15,2,True,0.14681625366210938,0.026534751057624817,False,0.441284716129303
visformer_small,50,ILSVRC2012_val_00002464.JPEG,mid,7,feature_modules[7],14,14,random_uniform,0.15,2,True,0.06769561767578125,0.05493083596229553,False,0.4463060200214386
visformer_small,51,ILSVRC2012_val_00002533.JPEG,mid,7,feature_modules[7],14,14,random_uniform,0.15,2,True,-0.24332666397094727,-0.06650424003601074,False,0.5678338408470154
visformer_small,52,ILSVRC2012_val_00002583.JPEG,mid,7,feature_modules[7],14,14,random_uniform,0.15,2,True,0.2828369140625,0.07824969291687012,False,0.5903633236885071
visformer_small,53,ILSVRC2012_val_00002614.JPEG,mid,7,feature_modules[7],14,14,random_uniform,0.15,2,True,-0.11208391189575195,0.016415387392044067,False,0.4397071897983551
visformer_small,54,ILSVRC2012_val_00002716.JPEG,mid,7,feature_modules[7],14,14,random_uniform,0.15,2,True,-0.8032183647155762,-0.37209251523017883,False,0.5080344080924988
visformer_small,55,ILSVRC2012_val_00002733.JPEG,mid,7,feature_modules[7],14,14,random_uniform,0.15,2,True,-0.03317737579345703,-0.0025628358125686646,False,0.4689211845397949
visformer_small,48,ILSVRC2012_val_00002311.JPEG,mid,7,feature_modules[7],14,14,random_uniform,0.15,3,True,0.05900382995605469,0.025621503591537476,False,0.6557914018630981
visformer_small,49,ILSVRC2012_val_00002347.JPEG,mid,7,feature_modules[7],14,14,random_uniform,0.15,3,True,0.2420177459716797,0.0442126989364624,False,0.505258321762085
visformer_small,50,ILSVRC2012_val_00002464.JPEG,mid,7,feature_modules[7],14,14,random_uniform,0.15,3,True,0.2841529846191406,0.13178858160972595,False,0.5332143902778625
visformer_small,51,ILSVRC2012_val_00002533.JPEG,mid,7,feature_modules[7],14,14,random_uniform,0.15,3,True,-0.7191338539123535,-0.24526044726371765,False,0.5318031311035156
visformer_small,52,ILSVRC2012_val_00002583.JPEG,mid,7,feature_modules[7],14,14,random_uniform,0.15,3,True,-0.0897216796875,-0.014326035976409912,False,0.5562282204627991
visformer_small,53,ILSVRC2012_val_00002614.JPEG,mid,7,feature_modules[7],14,14,random_uniform,0.15,3,True,-0.3286409378051758,-0.07438817620277405,False,0.4142710268497467
visformer_small,54,ILSVRC2012_val_00002716.JPEG,mid,7,feature_modules[7],14,14,random_uniform,0.15,3,True,-0.209625244140625,-0.13404804468154907,False,0.5389620065689087
visformer_small,55,ILSVRC2012_val_00002733.JPEG,mid,7,feature_modules[7],14,14,random_uniform,0.15,3,True,-0.3571052551269531,-0.04772241413593292,False,0.45970720052719116
visformer_small,48,ILSVRC2012_val_00002311.JPEG,mid,7,feature_modules[7],14,14,score_deviation_extreme,0.15,0,True,0.2918224334716797,0.09456238150596619,False,0.3492106795310974
visformer_small,49,ILSVRC2012_val_00002347.JPEG,mid,7,feature_modules[7],14,14,score_deviation_extreme,0.15,0,True,0.4842386245727539,0.1002202183008194,False,0.21963201463222504
visformer_small,50,ILSVRC2012_val_00002464.JPEG,mid,7,feature_modules[7],14,14,score_deviation_extreme,0.15,0,True,0.31030845642089844,0.123406320810318,False,0.21294379234313965
visformer_small,51,ILSVRC2012_val_00002533.JPEG,mid,7,feature_modules[7],14,14,score_deviation_extreme,0.15,0,True,-0.6905651092529297,-0.24486112594604492,False,0.5518710613250732
visformer_small,52,ILSVRC2012_val_00002583.JPEG,mid,7,feature_modules[7],14,14,score_deviation_extreme,0.15,0,True,-0.14692306518554688,-0.029868125915527344,False,0.41676491498947144
visformer_small,53,ILSVRC2012_val_00002614.JPEG,mid,7,feature_modules[7],14,14,score_deviation_extreme,0.15,0,True,-0.1306171417236328,-0.005814969539642334,False,0.18517635762691498
visformer_small,54,ILSVRC2012_val_00002716.JPEG,mid,7,feature_modules[7],14,14,score_deviation_extreme,0.15,0,True,0.2539968490600586,0.10244899988174438,False,0.16233013570308685
visformer_small,55,ILSVRC2012_val_00002733.JPEG,mid,7,feature_modules[7],14,14,score_deviation_extreme,0.15,0,True,0.3046894073486328,0.05474048852920532,False,0.30501028895378113
visformer_small,48,ILSVRC2012_val_00002311.JPEG,mid,7,feature_modules[7],14,14,score_deviation_extreme,0.15,1,True,0.2918224334716797,0.09456238150596619,False,0.3492106795310974
visformer_small,49,ILSVRC2012_val_00002347.JPEG,mid,7,feature_modules[7],14,14,score_deviation_extreme,0.15,1,True,0.4842386245727539,0.1002202183008194,False,0.21963201463222504
visformer_small,50,ILSVRC2012_val_00002464.JPEG,mid,7,feature_modules[7],14,14,score_deviation_extreme,0.15,1,True,0.31030845642089844,0.123406320810318,False,0.21294379234313965
visformer_small,51,ILSVRC2012_val_00002533.JPEG,mid,7,feature_modules[7],14,14,score_deviation_extreme,0.15,1,True,-0.6905651092529297,-0.24486112594604492,False,0.5518710613250732
visformer_small,52,ILSVRC2012_val_00002583.JPEG,mid,7,feature_modules[7],14,14,score_deviation_extreme,0.15,1,True,-0.14692306518554688,-0.029868125915527344,False,0.41676491498947144
visformer_small,53,ILSVRC2012_val_00002614.JPEG,mid,7,feature_modules[7],14,14,score_deviation_extreme,0.15,1,True,-0.1306171417236328,-0.005814969539642334,False,0.18517635762691498
visformer_small,54,ILSVRC2012_val_00002716.JPEG,mid,7,feature_modules[7],14,14,score_deviation_extreme,0.15,1,True,0.2539968490600586,0.10244899988174438,False,0.16233013570308685
visformer_small,55,ILSVRC2012_val_00002733.JPEG,mid,7,feature_modules[7],14,14,score_deviation_extreme,0.15,1,True,0.3046894073486328,0.05474048852920532,False,0.30501028895378113
visformer_small,48,ILSVRC2012_val_00002311.JPEG,mid,7,feature_modules[7],14,14,score_deviation_extreme,0.15,2,True,0.2918224334716797,0.09456238150596619,False,0.3492106795310974
visformer_small,49,ILSVRC2012_val_00002347.JPEG,mid,7,feature_modules[7],14,14,score_deviation_extreme,0.15,2,True,0.4842386245727539,0.1002202183008194,False,0.21963201463222504
visformer_small,50,ILSVRC2012_val_00002464.JPEG,mid,7,feature_modules[7],14,14,score_deviation_extreme,0.15,2,True,0.31030845642089844,0.123406320810318,False,0.21294379234313965
visformer_small,51,ILSVRC2012_val_00002533.JPEG,mid,7,feature_modules[7],14,14,score_deviation_extreme,0.15,2,True,-0.6905651092529297,-0.24486112594604492,False,0.5518710613250732
visformer_small,52,ILSVRC2012_val_00002583.JPEG,mid,7,feature_modules[7],14,14,score_deviation_extreme,0.15,2,True,-0.14692306518554688,-0.029868125915527344,False,0.41676491498947144
visformer_small,53,ILSVRC2012_val_00002614.JPEG,mid,7,feature_modules[7],14,14,score_deviation_extreme,0.15,2,True,-0.1306171417236328,-0.005814969539642334,False,0.18517635762691498
visformer_small,54,ILSVRC2012_val_00002716.JPEG,mid,7,feature_modules[7],14,14,score_deviation_extreme,0.15,2,True,0.2539968490600586,0.10244899988174438,False,0.16233013570308685
visformer_small,55,ILSVRC2012_val_00002733.JPEG,mid,7,feature_modules[7],14,14,score_deviation_extreme,0.15,2,True,0.3046894073486328,0.05474048852920532,False,0.30501028895378113
visformer_small,48,ILSVRC2012_val_00002311.JPEG,mid,7,feature_modules[7],14,14,score_deviation_extreme,0.15,3,True,0.2918224334716797,0.09456238150596619,False,0.3492106795310974
visformer_small,49,ILSVRC2012_val_00002347.JPEG,mid,7,feature_modules[7],14,14,score_deviation_extreme,0.15,3,True,0.4842386245727539,0.1002202183008194,False,0.21963201463222504
visformer_small,50,ILSVRC2012_val_00002464.JPEG,mid,7,feature_modules[7],14,14,score_deviation_extreme,0.15,3,True,0.31030845642089844,0.123406320810318,False,0.21294379234313965
visformer_small,51,ILSVRC2012_val_00002533.JPEG,mid,7,feature_modules[7],14,14,score_deviation_extreme,0.15,3,True,-0.6905651092529297,-0.24486112594604492,False,0.5518710613250732
visformer_small,52,ILSVRC2012_val_00002583.JPEG,mid,7,feature_modules[7],14,14,score_deviation_extreme,0.15,3,True,-0.14692306518554688,-0.029868125915527344,False,0.41676491498947144
visformer_small,53,ILSVRC2012_val_00002614.JPEG,mid,7,feature_modules[7],14,14,score_deviation_extreme,0.15,3,True,-0.1306171417236328,-0.005814969539642334,False,0.18517635762691498
visformer_small,54,ILSVRC2012_val_00002716.JPEG,mid,7,feature_modules[7],14,14,score_deviation_extreme,0.15,3,True,0.2539968490600586,0.10244899988174438,False,0.16233013570308685
visformer_small,55,ILSVRC2012_val_00002733.JPEG,mid,7,feature_modules[7],14,14,score_deviation_extreme,0.15,3,True,0.3046894073486328,0.05474048852920532,False,0.30501028895378113
visformer_small,48,ILSVRC2012_val_00002311.JPEG,final,14,stage3[3]+gap,7,7,high_score_extreme,0.15,0,True,-0.008971214294433594,0.026823729276657104,False,0.7109400033950806
visformer_small,49,ILSVRC2012_val_00002347.JPEG,final,14,stage3[3]+gap,7,7,high_score_extreme,0.15,0,True,0.32111167907714844,0.05637900531291962,False,0.7526323199272156
visformer_small,50,ILSVRC2012_val_00002464.JPEG,final,14,stage3[3]+gap,7,7,high_score_extreme,0.15,0,True,0.03545379638671875,0.038136810064315796,False,0.6660259962081909
visformer_small,51,ILSVRC2012_val_00002533.JPEG,final,14,stage3[3]+gap,7,7,high_score_extreme,0.15,0,True,0.027557373046875,0.037994444370269775,False,0.7272716760635376
visformer_small,52,ILSVRC2012_val_00002583.JPEG,final,14,stage3[3]+gap,7,7,high_score_extreme,0.15,0,True,0.16620922088623047,0.04423835873603821,False,0.6849996447563171
visformer_small,53,ILSVRC2012_val_00002614.JPEG,final,14,stage3[3]+gap,7,7,high_score_extreme,0.15,0,True,0.18579435348510742,0.05245405435562134,False,0.6834748387336731
visformer_small,54,ILSVRC2012_val_00002716.JPEG,final,14,stage3[3]+gap,7,7,high_score_extreme,0.15,0,True,0.1572580337524414,0.07338762283325195,False,0.656956672668457
visformer_small,55,ILSVRC2012_val_00002733.JPEG,final,14,stage3[3]+gap,7,7,high_score_extreme,0.15,0,True,0.2940073013305664,0.05531652271747589,False,0.6358551979064941
visformer_small,48,ILSVRC2012_val_00002311.JPEG,final,14,stage3[3]+gap,7,7,high_score_extreme,0.15,1,True,-0.008971214294433594,0.026823729276657104,False,0.7109400033950806
visformer_small,49,ILSVRC2012_val_00002347.JPEG,final,14,stage3[3]+gap,7,7,high_score_extreme,0.15,1,True,0.32111167907714844,0.05637900531291962,False,0.7526323199272156
visformer_small,50,ILSVRC2012_val_00002464.JPEG,final,14,stage3[3]+gap,7,7,high_score_extreme,0.15,1,True,0.03545379638671875,0.038136810064315796,False,0.6660259962081909
visformer_small,51,ILSVRC2012_val_00002533.JPEG,final,14,stage3[3]+gap,7,7,high_score_extreme,0.15,1,True,0.027557373046875,0.037994444370269775,False,0.7272716760635376
visformer_small,52,ILSVRC2012_val_00002583.JPEG,final,14,stage3[3]+gap,7,7,high_score_extreme,0.15,1,True,0.16620922088623047,0.04423835873603821,False,0.6849996447563171
visformer_small,53,ILSVRC2012_val_00002614.JPEG,final,14,stage3[3]+gap,7,7,high_score_extreme,0.15,1,True,0.18579435348510742,0.05245405435562134,False,0.6834748387336731
visformer_small,54,ILSVRC2012_val_00002716.JPEG,final,14,stage3[3]+gap,7,7,high_score_extreme,0.15,1,True,0.1572580337524414,0.07338762283325195,False,0.656956672668457
visformer_small,55,ILSVRC2012_val_00002733.JPEG,final,14,stage3[3]+gap,7,7,high_score_extreme,0.15,1,True,0.2940073013305664,0.05531652271747589,False,0.6358551979064941
visformer_small,48,ILSVRC2012_val_00002311.JPEG,final,14,stage3[3]+gap,7,7,high_score_extreme,0.15,2,True,-0.008971214294433594,0.026823729276657104,False,0.7109400033950806
visformer_small,49,ILSVRC2012_val_00002347.JPEG,final,14,stage3[3]+gap,7,7,high_score_extreme,0.15,2,True,0.32111167907714844,0.05637900531291962,False,0.7526323199272156
visformer_small,50,ILSVRC2012_val_00002464.JPEG,final,14,stage3[3]+gap,7,7,high_score_extreme,0.15,2,True,0.03545379638671875,0.038136810064315796,False,0.6660259962081909
visformer_small,51,ILSVRC2012_val_00002533.JPEG,final,14,stage3[3]+gap,7,7,high_score_extreme,0.15,2,True,0.027557373046875,0.037994444370269775,False,0.7272716760635376
visformer_small,52,ILSVRC2012_val_00002583.JPEG,final,14,stage3[3]+gap,7,7,high_score_extreme,0.15,2,True,0.16620922088623047,0.04423835873603821,False,0.6849996447563171
visformer_small,53,ILSVRC2012_val_00002614.JPEG,final,14,stage3[3]+gap,7,7,high_score_extreme,0.15,2,True,0.18579435348510742,0.05245405435562134,False,0.6834748387336731
visformer_small,54,ILSVRC2012_val_00002716.JPEG,final,14,stage3[3]+gap,7,7,high_score_extreme,0.15,2,True,0.1572580337524414,0.07338762283325195,False,0.656956672668457
visformer_small,55,ILSVRC2012_val_00002733.JPEG,final,14,stage3[3]+gap,7,7,high_score_extreme,0.15,2,True,0.2940073013305664,0.05531652271747589,False,0.6358551979064941
visformer_small,48,ILSVRC2012_val_00002311.JPEG,final,14,stage3[3]+gap,7,7,high_score_extreme,0.15,3,True,-0.008971214294433594,0.026823729276657104,False,0.7109400033950806
visformer_small,49,ILSVRC2012_val_00002347.JPEG,final,14,stage3[3]+gap,7,7,high_score_extreme,0.15,3,True,0.32111167907714844,0.05637900531291962,False,0.7526323199272156
visformer_small,50,ILSVRC2012_val_00002464.JPEG,final,14,stage3[3]+gap,7,7,high_score_extreme,0.15,3,True,0.03545379638671875,0.038136810064315796,False,0.6660259962081909
visformer_small,51,ILSVRC2012_val_00002533.JPEG,final,14,stage3[3]+gap,7,7,high_score_extreme,0.15,3,True,0.027557373046875,0.037994444370269775,False,0.7272716760635376
visformer_small,52,ILSVRC2012_val_00002583.JPEG,final,14,stage3[3]+gap,7,7,high_score_extreme,0.15,3,True,0.16620922088623047,0.04423835873603821,False,0.6849996447563171
visformer_small,53,ILSVRC2012_val_00002614.JPEG,final,14,stage3[3]+gap,7,7,high_score_extreme,0.15,3,True,0.18579435348510742,0.05245405435562134,False,0.6834748387336731
visformer_small,54,ILSVRC2012_val_00002716.JPEG,final,14,stage3[3]+gap,7,7,high_score_extreme,0.15,3,True,0.1572580337524414,0.07338762283325195,False,0.656956672668457
visformer_small,55,ILSVRC2012_val_00002733.JPEG,final,14,stage3[3]+gap,7,7,high_score_extreme,0.15,3,True,0.2940073013305664,0.05531652271747589,False,0.6358551979064941
visformer_small,48,ILSVRC2012_val_00002311.JPEG,final,14,stage3[3]+gap,7,7,low_score_extreme,0.15,0,True,0.07348823547363281,0.03285861015319824,False,0.3379559814929962
visformer_small,49,ILSVRC2012_val_00002347.JPEG,final,14,stage3[3]+gap,7,7,low_score_extreme,0.15,0,True,0.5652637481689453,0.11722351610660553,False,0.2967236638069153
visformer_small,50,ILSVRC2012_val_00002464.JPEG,final,14,stage3[3]+gap,7,7,low_score_extreme,0.15,0,True,0.12557411193847656,0.04226928949356079,False,0.31130966544151306
visformer_small,51,ILSVRC2012_val_00002533.JPEG,final,14,stage3[3]+gap,7,7,low_score_extreme,0.15,0,True,0.1135869026184082,0.06474649906158447,False,0.35276272892951965
visformer_small,52,ILSVRC2012_val_00002583.JPEG,final,14,stage3[3]+gap,7,7,low_score_extreme,0.15,0,True,0.20215129852294922,0.0840044915676117,False,0.26029592752456665
visformer_small,53,ILSVRC2012_val_00002614.JPEG,final,14,stage3[3]+gap,7,7,low_score_extreme,0.15,0,True,0.17359304428100586,0.06715807318687439,False,0.220295712351799
visformer_small,54,ILSVRC2012_val_00002716.JPEG,final,14,stage3[3]+gap,7,7,low_score_extreme,0.15,0,True,-0.011228084564208984,-0.024719834327697754,False,0.33709579706192017
visformer_small,55,ILSVRC2012_val_00002733.JPEG,final,14,stage3[3]+gap,7,7,low_score_extreme,0.15,0,True,-0.2566699981689453,-0.037490710616111755,False,0.25528764724731445
visformer_small,48,ILSVRC2012_val_00002311.JPEG,final,14,stage3[3]+gap,7,7,low_score_extreme,0.15,1,True,0.07348823547363281,0.03285861015319824,False,0.3379559814929962
visformer_small,49,ILSVRC2012_val_00002347.JPEG,final,14,stage3[3]+gap,7,7,low_score_extreme,0.15,1,True,0.5652637481689453,0.11722351610660553,False,0.2967236638069153
visformer_small,50,ILSVRC2012_val_00002464.JPEG,final,14,stage3[3]+gap,7,7,low_score_extreme,0.15,1,True,0.12557411193847656,0.04226928949356079,False,0.31130966544151306
visformer_small,51,ILSVRC2012_val_00002533.JPEG,final,14,stage3[3]+gap,7,7,low_score_extreme,0.15,1,True,0.1135869026184082,0.06474649906158447,False,0.35276272892951965
visformer_small,52,ILSVRC2012_val_00002583.JPEG,final,14,stage3[3]+gap,7,7,low_score_extreme,0.15,1,True,0.20215129852294922,0.0840044915676117,False,0.26029592752456665
visformer_small,53,ILSVRC2012_val_00002614.JPEG,final,14,stage3[3]+gap,7,7,low_score_extreme,0.15,1,True,0.17359304428100586,0.06715807318687439,False,0.220295712351799
visformer_small,54,ILSVRC2012_val_00002716.JPEG,final,14,stage3[3]+gap,7,7,low_score_extreme,0.15,1,True,-0.011228084564208984,-0.024719834327697754,False,0.33709579706192017
visformer_small,55,ILSVRC2012_val_00002733.JPEG,final,14,stage3[3]+gap,7,7,low_score_extreme,0.15,1,True,-0.2566699981689453,-0.037490710616111755,False,0.25528764724731445
visformer_small,48,ILSVRC2012_val_00002311.JPEG,final,14,stage3[3]+gap,7,7,low_score_extreme,0.15,2,True,0.07348823547363281,0.03285861015319824,False,0.3379559814929962
visformer_small,49,ILSVRC2012_val_00002347.JPEG,final,14,stage3[3]+gap,7,7,low_score_extreme,0.15,2,True,0.5652637481689453,0.11722351610660553,False,0.2967236638069153
visformer_small,50,ILSVRC2012_val_00002464.JPEG,final,14,stage3[3]+gap,7,7,low_score_extreme,0.15,2,True,0.12557411193847656,0.04226928949356079,False,0.31130966544151306
visformer_small,51,ILSVRC2012_val_00002533.JPEG,final,14,stage3[3]+gap,7,7,low_score_extreme,0.15,2,True,0.1135869026184082,0.06474649906158447,False,0.35276272892951965
visformer_small,52,ILSVRC2012_val_00002583.JPEG,final,14,stage3[3]+gap,7,7,low_score_extreme,0.15,2,True,0.20215129852294922,0.0840044915676117,False,0.26029592752456665
visformer_small,53,ILSVRC2012_val_00002614.JPEG,final,14,stage3[3]+gap,7,7,low_score_extreme,0.15,2,True,0.17359304428100586,0.06715807318687439,False,0.220295712351799
visformer_small,54,ILSVRC2012_val_00002716.JPEG,final,14,stage3[3]+gap,7,7,low_score_extreme,0.15,2,True,-0.011228084564208984,-0.024719834327697754,False,0.33709579706192017
visformer_small,55,ILSVRC2012_val_00002733.JPEG,final,14,stage3[3]+gap,7,7,low_score_extreme,0.15,2,True,-0.2566699981689453,-0.037490710616111755,False,0.25528764724731445
visformer_small,48,ILSVRC2012_val_00002311.JPEG,final,14,stage3[3]+gap,7,7,low_score_extreme,0.15,3,True,0.07348823547363281,0.03285861015319824,False,0.3379559814929962
visformer_small,49,ILSVRC2012_val_00002347.JPEG,final,14,stage3[3]+gap,7,7,low_score_extreme,0.15,3,True,0.5652637481689453,0.11722351610660553,False,0.2967236638069153
visformer_small,50,ILSVRC2012_val_00002464.JPEG,final,14,stage3[3]+gap,7,7,low_score_extreme,0.15,3,True,0.12557411193847656,0.04226928949356079,False,0.31130966544151306
visformer_small,51,ILSVRC2012_val_00002533.JPEG,final,14,stage3[3]+gap,7,7,low_score_extreme,0.15,3,True,0.1135869026184082,0.06474649906158447,False,0.35276272892951965
visformer_small,52,ILSVRC2012_val_00002583.JPEG,final,14,stage3[3]+gap,7,7,low_score_extreme,0.15,3,True,0.20215129852294922,0.0840044915676117,False,0.26029592752456665
visformer_small,53,ILSVRC2012_val_00002614.JPEG,final,14,stage3[3]+gap,7,7,low_score_extreme,0.15,3,True,0.17359304428100586,0.06715807318687439,False,0.220295712351799
visformer_small,54,ILSVRC2012_val_00002716.JPEG,final,14,stage3[3]+gap,7,7,low_score_extreme,0.15,3,True,-0.011228084564208984,-0.024719834327697754,False,0.33709579706192017
visformer_small,55,ILSVRC2012_val_00002733.JPEG,final,14,stage3[3]+gap,7,7,low_score_extreme,0.15,3,True,-0.2566699981689453,-0.037490710616111755,False,0.25528764724731445
visformer_small,48,ILSVRC2012_val_00002311.JPEG,final,14,stage3[3]+gap,7,7,random_uniform,0.15,0,True,-0.10242748260498047,-0.007834941148757935,False,0.5936763286590576
visformer_small,49,ILSVRC2012_val_00002347.JPEG,final,14,stage3[3]+gap,7,7,random_uniform,0.15,0,True,0.4270792007446289,0.0826416164636612,False,0.5772802829742432
visformer_small,50,ILSVRC2012_val_00002464.JPEG,final,14,stage3[3]+gap,7,7,random_uniform,0.15,0,True,0.03591346740722656,0.06244856119155884,False,0.5427935719490051
visformer_small,51,ILSVRC2012_val_00002533.JPEG,final,14,stage3[3]+gap,7,7,random_uniform,0.15,0,True,-0.04455423355102539,-0.015791594982147217,False,0.5462870001792908
visformer_small,52,ILSVRC2012_val_00002583.JPEG,final,14,stage3[3]+gap,7,7,random_uniform,0.15,0,True,0.011964797973632812,0.001444697380065918,False,0.5157163739204407
visformer_small,53,ILSVRC2012_val_00002614.JPEG,final,14,stage3[3]+gap,7,7,random_uniform,0.15,0,True,-0.05404996871948242,-0.006067007780075073,False,0.4169835150241852
visformer_small,54,ILSVRC2012_val_00002716.JPEG,final,14,stage3[3]+gap,7,7,random_uniform,0.15,0,True,-0.1052093505859375,-0.08174985647201538,False,0.587314248085022
visformer_small,55,ILSVRC2012_val_00002733.JPEG,final,14,stage3[3]+gap,7,7,random_uniform,0.15,0,True,-0.2832794189453125,-0.03693157434463501,False,0.4685620665550232
visformer_small,48,ILSVRC2012_val_00002311.JPEG,final,14,stage3[3]+gap,7,7,random_uniform,0.15,1,True,-0.06192207336425781,0.01879560947418213,False,0.5299870371818542
visformer_small,49,ILSVRC2012_val_00002347.JPEG,final,14,stage3[3]+gap,7,7,random_uniform,0.15,1,True,0.24196338653564453,0.040600165724754333,False,0.4561389684677124
visformer_small,50,ILSVRC2012_val_00002464.JPEG,final,14,stage3[3]+gap,7,7,random_uniform,0.15,1,True,-0.05138397216796875,-0.005029946565628052,False,0.5223097801208496
visformer_small,51,ILSVRC2012_val_00002533.JPEG,final,14,stage3[3]+gap,7,7,random_uniform,0.15,1,True,-0.10705280303955078,-0.03724479675292969,False,0.6260761618614197
visformer_small,52,ILSVRC2012_val_00002583.JPEG,final,14,stage3[3]+gap,7,7,random_uniform,0.15,1,True,-0.22792911529541016,-0.050504833459854126,False,0.5874028205871582
visformer_small,53,ILSVRC2012_val_00002614.JPEG,final,14,stage3[3]+gap,7,7,random_uniform,0.15,1,True,0.10486412048339844,0.0395808219909668,False,0.5861801505088806
visformer_small,54,ILSVRC2012_val_00002716.JPEG,final,14,stage3[3]+gap,7,7,random_uniform,0.15,1,True,0.3436250686645508,0.17397356033325195,False,0.5724064707756042
visformer_small,55,ILSVRC2012_val_00002733.JPEG,final,14,stage3[3]+gap,7,7,random_uniform,0.15,1,True,0.11072731018066406,0.017640501260757446,False,0.5056325197219849
visformer_small,48,ILSVRC2012_val_00002311.JPEG,final,14,stage3[3]+gap,7,7,random_uniform,0.15,2,True,-0.046329498291015625,-0.007469624280929565,False,0.5374311804771423
visformer_small,49,ILSVRC2012_val_00002347.JPEG,final,14,stage3[3]+gap,7,7,random_uniform,0.15,2,True,0.2607393264770508,0.04747733473777771,False,0.48199382424354553
visformer_small,50,ILSVRC2012_val_00002464.JPEG,final,14,stage3[3]+gap,7,7,random_uniform,0.15,2,True,0.05233001708984375,0.028749316930770874,False,0.5287670493125916
visformer_small,51,ILSVRC2012_val_00002533.JPEG,final,14,stage3[3]+gap,7,7,random_uniform,0.15,2,True,-0.4487466812133789,-0.15797170996665955,False,0.533532977104187
visformer_small,52,ILSVRC2012_val_00002583.JPEG,final,14,stage3[3]+gap,7,7,random_uniform,0.15,2,True,0.2216806411743164,0.074797123670578,False,0.41955459117889404
visformer_small,53,ILSVRC2012_val_00002614.JPEG,final,14,stage3[3]+gap,7,7,random_uniform,0.15,2,True,0.034426212310791016,0.01006123423576355,False,0.3981446921825409
visformer_small,54,ILSVRC2012_val_00002716.JPEG,final,14,stage3[3]+gap,7,7,random_uniform,0.15,2,True,-0.08907318115234375,-0.09222525358200073,False,0.5207082629203796
visformer_small,55,ILSVRC2012_val_00002733.JPEG,final,14,stage3[3]+gap,7,7,random_uniform,0.15,2,True,0.04596138000488281,0.006469413638114929,False,0.519741415977478
visformer_small,48,ILSVRC2012_val_00002311.JPEG,final,14,stage3[3]+gap,7,7,random_uniform,0.15,3,True,-0.10662841796875,0.01751554012298584,False,0.614448070526123
visformer_small,49,ILSVRC2012_val_00002347.JPEG,final,14,stage3[3]+gap,7,7,random_uniform,0.15,3,True,0.41072654724121094,0.07808734476566315,False,0.5806176662445068
visformer_small,50,ILSVRC2012_val_00002464.JPEG,final,14,stage3[3]+gap,7,7,random_uniform,0.15,3,True,0.06932640075683594,0.07042798399925232,False,0.5430673956871033
visformer_small,51,ILSVRC2012_val_00002533.JPEG,final,14,stage3[3]+gap,7,7,random_uniform,0.15,3,True,-0.29369211196899414,-0.10672101378440857,False,0.6196091175079346
visformer_small,52,ILSVRC2012_val_00002583.JPEG,final,14,stage3[3]+gap,7,7,random_uniform,0.15,3,True,0.1949930191040039,0.06117194890975952,False,0.488893061876297
visformer_small,53,ILSVRC2012_val_00002614.JPEG,final,14,stage3[3]+gap,7,7,random_uniform,0.15,3,True,0.03940391540527344,0.004114508628845215,False,0.46015989780426025
visformer_small,54,ILSVRC2012_val_00002716.JPEG,final,14,stage3[3]+gap,7,7,random_uniform,0.15,3,True,0.013500213623046875,-0.01432812213897705,False,0.47943902015686035
visformer_small,55,ILSVRC2012_val_00002733.JPEG,final,14,stage3[3]+gap,7,7,random_uniform,0.15,3,True,0.016576766967773438,-0.0013223588466644287,False,0.5594529509544373
visformer_small,48,ILSVRC2012_val_00002311.JPEG,final,14,stage3[3]+gap,7,7,score_deviation_extreme,0.15,0,True,0.07348823547363281,0.03285861015319824,False,0.3379559814929962
visformer_small,49,ILSVRC2012_val_00002347.JPEG,final,14,stage3[3]+gap,7,7,score_deviation_extreme,0.15,0,True,0.49995994567871094,0.10561175644397736,False,0.4257281720638275
visformer_small,50,ILSVRC2012_val_00002464.JPEG,final,14,stage3[3]+gap,7,7,score_deviation_extreme,0.15,0,True,0.12557411193847656,0.04226928949356079,False,0.31130966544151306
visformer_small,51,ILSVRC2012_val_00002533.JPEG,final,14,stage3[3]+gap,7,7,score_deviation_extreme,0.15,0,True,0.1135869026184082,0.06474649906158447,False,0.35276272892951965
visformer_small,52,ILSVRC2012_val_00002583.JPEG,final,14,stage3[3]+gap,7,7,score_deviation_extreme,0.15,0,True,0.20215129852294922,0.0840044915676117,False,0.26029592752456665
visformer_small,53,ILSVRC2012_val_00002614.JPEG,final,14,stage3[3]+gap,7,7,score_deviation_extreme,0.15,0,True,0.17359304428100586,0.06715807318687439,False,0.220295712351799
visformer_small,54,ILSVRC2012_val_00002716.JPEG,final,14,stage3[3]+gap,7,7,score_deviation_extreme,0.15,0,True,-0.011228084564208984,-0.024719834327697754,False,0.33709579706192017
visformer_small,55,ILSVRC2012_val_00002733.JPEG,final,14,stage3[3]+gap,7,7,score_deviation_extreme,0.15,0,True,-0.2566699981689453,-0.037490710616111755,False,0.25528764724731445
visformer_small,48,ILSVRC2012_val_00002311.JPEG,final,14,stage3[3]+gap,7,7,score_deviation_extreme,0.15,1,True,0.07348823547363281,0.03285861015319824,False,0.3379559814929962
visformer_small,49,ILSVRC2012_val_00002347.JPEG,final,14,stage3[3]+gap,7,7,score_deviation_extreme,0.15,1,True,0.49995994567871094,0.10561175644397736,False,0.4257281720638275
visformer_small,50,ILSVRC2012_val_00002464.JPEG,final,14,stage3[3]+gap,7,7,score_deviation_extreme,0.15,1,True,0.12557411193847656,0.04226928949356079,False,0.31130966544151306
visformer_small,51,ILSVRC2012_val_00002533.JPEG,final,14,stage3[3]+gap,7,7,score_deviation_extreme,0.15,1,True,0.1135869026184082,0.06474649906158447,False,0.35276272892951965
visformer_small,52,ILSVRC2012_val_00002583.JPEG,final,14,stage3[3]+gap,7,7,score_deviation_extreme,0.15,1,True,0.20215129852294922,0.0840044915676117,False,0.26029592752456665
visformer_small,53,ILSVRC2012_val_00002614.JPEG,final,14,stage3[3]+gap,7,7,score_deviation_extreme,0.15,1,True,0.17359304428100586,0.06715807318687439,False,0.220295712351799
visformer_small,54,ILSVRC2012_val_00002716.JPEG,final,14,stage3[3]+gap,7,7,score_deviation_extreme,0.15,1,True,-0.011228084564208984,-0.024719834327697754,False,0.33709579706192017
visformer_small,55,ILSVRC2012_val_00002733.JPEG,final,14,stage3[3]+gap,7,7,score_deviation_extreme,0.15,1,True,-0.2566699981689453,-0.037490710616111755,False,0.25528764724731445
visformer_small,48,ILSVRC2012_val_00002311.JPEG,final,14,stage3[3]+gap,7,7,score_deviation_extreme,0.15,2,True,0.07348823547363281,0.03285861015319824,False,0.3379559814929962
visformer_small,49,ILSVRC2012_val_00002347.JPEG,final,14,stage3[3]+gap,7,7,score_deviation_extreme,0.15,2,True,0.49995994567871094,0.10561175644397736,False,0.4257281720638275
visformer_small,50,ILSVRC2012_val_00002464.JPEG,final,14,stage3[3]+gap,7,7,score_deviation_extreme,0.15,2,True,0.12557411193847656,0.04226928949356079,False,0.31130966544151306
visformer_small,51,ILSVRC2012_val_00002533.JPEG,final,14,stage3[3]+gap,7,7,score_deviation_extreme,0.15,2,True,0.1135869026184082,0.06474649906158447,False,0.35276272892951965
visformer_small,52,ILSVRC2012_val_00002583.JPEG,final,14,stage3[3]+gap,7,7,score_deviation_extreme,0.15,2,True,0.20215129852294922,0.0840044915676117,False,0.26029592752456665
visformer_small,53,ILSVRC2012_val_00002614.JPEG,final,14,stage3[3]+gap,7,7,score_deviation_extreme,0.15,2,True,0.17359304428100586,0.06715807318687439,False,0.220295712351799
visformer_small,54,ILSVRC2012_val_00002716.JPEG,final,14,stage3[3]+gap,7,7,score_deviation_extreme,0.15,2,True,-0.011228084564208984,-0.024719834327697754,False,0.33709579706192017
visformer_small,55,ILSVRC2012_val_00002733.JPEG,final,14,stage3[3]+gap,7,7,score_deviation_extreme,0.15,2,True,-0.2566699981689453,-0.037490710616111755,False,0.25528764724731445
visformer_small,48,ILSVRC2012_val_00002311.JPEG,final,14,stage3[3]+gap,7,7,score_deviation_extreme,0.15,3,True,0.07348823547363281,0.03285861015319824,False,0.3379559814929962
visformer_small,49,ILSVRC2012_val_00002347.JPEG,final,14,stage3[3]+gap,7,7,score_deviation_extreme,0.15,3,True,0.49995994567871094,0.10561175644397736,False,0.4257281720638275
visformer_small,50,ILSVRC2012_val_00002464.JPEG,final,14,stage3[3]+gap,7,7,score_deviation_extreme,0.15,3,True,0.12557411193847656,0.04226928949356079,False,0.31130966544151306
visformer_small,51,ILSVRC2012_val_00002533.JPEG,final,14,stage3[3]+gap,7,7,score_deviation_extreme,0.15,3,True,0.1135869026184082,0.06474649906158447,False,0.35276272892951965
visformer_small,52,ILSVRC2012_val_00002583.JPEG,final,14,stage3[3]+gap,7,7,score_deviation_extreme,0.15,3,True,0.20215129852294922,0.0840044915676117,False,0.26029592752456665
visformer_small,53,ILSVRC2012_val_00002614.JPEG,final,14,stage3[3]+gap,7,7,score_deviation_extreme,0.15,3,True,0.17359304428100586,0.06715807318687439,False,0.220295712351799
visformer_small,54,ILSVRC2012_val_00002716.JPEG,final,14,stage3[3]+gap,7,7,score_deviation_extreme,0.15,3,True,-0.011228084564208984,-0.024719834327697754,False,0.33709579706192017
visformer_small,55,ILSVRC2012_val_00002733.JPEG,final,14,stage3[3]+gap,7,7,score_deviation_extreme,0.15,3,True,-0.2566699981689453,-0.037490710616111755,False,0.25528764724731445
visformer_small,56,ILSVRC2012_val_00002734.JPEG,early,0,feature_modules[0],28,28,high_score_extreme,0.15,0,True,0.24183034896850586,0.05504029989242554,False,0.7076401710510254
visformer_small,57,ILSVRC2012_val_00002815.JPEG,early,0,feature_modules[0],28,28,high_score_extreme,0.15,0,True,0.4162173271179199,0.19087326526641846,False,0.920883297920227
visformer_small,58,ILSVRC2012_val_00002932.JPEG,early,0,feature_modules[0],28,28,high_score_extreme,0.15,0,True,0.22162151336669922,0.19029837846755981,False,0.8123067021369934
visformer_small,59,ILSVRC2012_val_00003096.JPEG,early,0,feature_modules[0],28,28,high_score_extreme,0.15,0,True,-0.6400671005249023,-0.1699422299861908,False,0.9732449650764465
visformer_small,60,ILSVRC2012_val_00003145.JPEG,early,0,feature_modules[0],28,28,high_score_extreme,0.15,0,True,-0.686241626739502,-0.01683962345123291,False,0.7536092400550842
visformer_small,61,ILSVRC2012_val_00003190.JPEG,early,0,feature_modules[0],28,28,high_score_extreme,0.15,0,True,0.21581697463989258,0.04389667510986328,False,0.8454474806785583
visformer_small,62,ILSVRC2012_val_00003194.JPEG,early,0,feature_modules[0],28,28,high_score_extreme,0.15,0,True,0.4111671447753906,0.15471842885017395,False,0.8380414247512817
visformer_small,63,ILSVRC2012_val_00003317.JPEG,early,0,feature_modules[0],28,28,high_score_extreme,0.15,0,True,1.1168723106384277,0.48348942399024963,False,0.8653571605682373
visformer_small,56,ILSVRC2012_val_00002734.JPEG,early,0,feature_modules[0],28,28,high_score_extreme,0.15,1,True,0.24183034896850586,0.05504029989242554,False,0.7076401710510254
visformer_small,57,ILSVRC2012_val_00002815.JPEG,early,0,feature_modules[0],28,28,high_score_extreme,0.15,1,True,0.4162173271179199,0.19087326526641846,False,0.920883297920227
visformer_small,58,ILSVRC2012_val_00002932.JPEG,early,0,feature_modules[0],28,28,high_score_extreme,0.15,1,True,0.22162151336669922,0.19029837846755981,False,0.8123067021369934
visformer_small,59,ILSVRC2012_val_00003096.JPEG,early,0,feature_modules[0],28,28,high_score_extreme,0.15,1,True,-0.6400671005249023,-0.1699422299861908,False,0.9732449650764465
visformer_small,60,ILSVRC2012_val_00003145.JPEG,early,0,feature_modules[0],28,28,high_score_extreme,0.15,1,True,-0.686241626739502,-0.01683962345123291,False,0.7536092400550842
visformer_small,61,ILSVRC2012_val_00003190.JPEG,early,0,feature_modules[0],28,28,high_score_extreme,0.15,1,True,0.21581697463989258,0.04389667510986328,False,0.8454474806785583
visformer_small,62,ILSVRC2012_val_00003194.JPEG,early,0,feature_modules[0],28,28,high_score_extreme,0.15,1,True,0.4111671447753906,0.15471842885017395,False,0.8380414247512817
visformer_small,63,ILSVRC2012_val_00003317.JPEG,early,0,feature_modules[0],28,28,high_score_extreme,0.15,1,True,1.1168723106384277,0.48348942399024963,False,0.8653571605682373
visformer_small,56,ILSVRC2012_val_00002734.JPEG,early,0,feature_modules[0],28,28,high_score_extreme,0.15,2,True,0.24183034896850586,0.05504029989242554,False,0.7076401710510254
visformer_small,57,ILSVRC2012_val_00002815.JPEG,early,0,feature_modules[0],28,28,high_score_extreme,0.15,2,True,0.4162173271179199,0.19087326526641846,False,0.920883297920227
visformer_small,58,ILSVRC2012_val_00002932.JPEG,early,0,feature_modules[0],28,28,high_score_extreme,0.15,2,True,0.22162151336669922,0.19029837846755981,False,0.8123067021369934
visformer_small,59,ILSVRC2012_val_00003096.JPEG,early,0,feature_modules[0],28,28,high_score_extreme,0.15,2,True,-0.6400671005249023,-0.1699422299861908,False,0.9732449650764465
visformer_small,60,ILSVRC2012_val_00003145.JPEG,early,0,feature_modules[0],28,28,high_score_extreme,0.15,2,True,-0.686241626739502,-0.01683962345123291,False,0.7536092400550842
visformer_small,61,ILSVRC2012_val_00003190.JPEG,early,0,feature_modules[0],28,28,high_score_extreme,0.15,2,True,0.21581697463989258,0.04389667510986328,False,0.8454474806785583
visformer_small,62,ILSVRC2012_val_00003194.JPEG,early,0,feature_modules[0],28,28,high_score_extreme,0.15,2,True,0.4111671447753906,0.15471842885017395,False,0.8380414247512817
visformer_small,63,ILSVRC2012_val_00003317.JPEG,early,0,feature_modules[0],28,28,high_score_extreme,0.15,2,True,1.1168723106384277,0.48348942399024963,False,0.8653571605682373
visformer_small,56,ILSVRC2012_val_00002734.JPEG,early,0,feature_modules[0],28,28,high_score_extreme,0.15,3,True,0.24183034896850586,0.05504029989242554,False,0.7076401710510254
visformer_small,57,ILSVRC2012_val_00002815.JPEG,early,0,feature_modules[0],28,28,high_score_extreme,0.15,3,True,0.4162173271179199,0.19087326526641846,False,0.920883297920227
visformer_small,58,ILSVRC2012_val_00002932.JPEG,early,0,feature_modules[0],28,28,high_score_extreme,0.15,3,True,0.22162151336669922,0.19029837846755981,False,0.8123067021369934
visformer_small,59,ILSVRC2012_val_00003096.JPEG,early,0,feature_modules[0],28,28,high_score_extreme,0.15,3,True,-0.6400671005249023,-0.1699422299861908,False,0.9732449650764465
visformer_small,60,ILSVRC2012_val_00003145.JPEG,early,0,feature_modules[0],28,28,high_score_extreme,0.15,3,True,-0.686241626739502,-0.01683962345123291,False,0.7536092400550842
visformer_small,61,ILSVRC2012_val_00003190.JPEG,early,0,feature_modules[0],28,28,high_score_extreme,0.15,3,True,0.21581697463989258,0.04389667510986328,False,0.8454474806785583
visformer_small,62,ILSVRC2012_val_00003194.JPEG,early,0,feature_modules[0],28,28,high_score_extreme,0.15,3,True,0.4111671447753906,0.15471842885017395,False,0.8380414247512817
visformer_small,63,ILSVRC2012_val_00003317.JPEG,early,0,feature_modules[0],28,28,high_score_extreme,0.15,3,True,1.1168723106384277,0.48348942399024963,False,0.8653571605682373
visformer_small,56,ILSVRC2012_val_00002734.JPEG,early,0,feature_modules[0],28,28,low_score_extreme,0.15,0,True,0.3332180976867676,0.12328851222991943,False,0.30575865507125854
visformer_small,57,ILSVRC2012_val_00002815.JPEG,early,0,feature_modules[0],28,28,low_score_extreme,0.15,0,True,0.6495113372802734,0.3290007710456848,False,0.7383023500442505
visformer_small,58,ILSVRC2012_val_00002932.JPEG,early,0,feature_modules[0],28,28,low_score_extreme,0.15,0,True,0.8341021537780762,0.44777894020080566,False,0.4989623427391052
visformer_small,59,ILSVRC2012_val_00003096.JPEG,early,0,feature_modules[0],28,28,low_score_extreme,0.15,0,True,4.226675033569336,3.7743215560913086,True,0.6509286761283875
visformer_small,60,ILSVRC2012_val_00003145.JPEG,early,0,feature_modules[0],28,28,low_score_extreme,0.15,0,True,0.20553112030029297,0.06377771496772766,False,0.2814735472202301
visformer_small,61,ILSVRC2012_val_00003190.JPEG,early,0,feature_modules[0],28,28,low_score_extreme,0.15,0,True,0.3289618492126465,0.10638153553009033,False,-0.033206503838300705
visformer_small,62,ILSVRC2012_val_00003194.JPEG,early,0,feature_modules[0],28,28,low_score_extreme,0.15,0,True,0.4527468681335449,0.14029613137245178,False,0.4496803879737854
visformer_small,63,ILSVRC2012_val_00003317.JPEG,early,0,feature_modules[0],28,28,low_score_extreme,0.15,0,True,-0.11314201354980469,-0.01720277965068817,False,0.09106092900037766
visformer_small,56,ILSVRC2012_val_00002734.JPEG,early,0,feature_modules[0],28,28,low_score_extreme,0.15,1,True,0.3332180976867676,0.12328851222991943,False,0.30575865507125854
visformer_small,57,ILSVRC2012_val_00002815.JPEG,early,0,feature_modules[0],28,28,low_score_extreme,0.15,1,True,0.6495113372802734,0.3290007710456848,False,0.7383023500442505
visformer_small,58,ILSVRC2012_val_00002932.JPEG,early,0,feature_modules[0],28,28,low_score_extreme,0.15,1,True,0.8341021537780762,0.44777894020080566,False,0.4989623427391052
visformer_small,59,ILSVRC2012_val_00003096.JPEG,early,0,feature_modules[0],28,28,low_score_extreme,0.15,1,True,4.226675033569336,3.7743215560913086,True,0.6509286761283875
visformer_small,60,ILSVRC2012_val_00003145.JPEG,early,0,feature_modules[0],28,28,low_score_extreme,0.15,1,True,0.20553112030029297,0.06377771496772766,False,0.2814735472202301
visformer_small,61,ILSVRC2012_val_00003190.JPEG,early,0,feature_modules[0],28,28,low_score_extreme,0.15,1,True,0.3289618492126465,0.10638153553009033,False,-0.033206503838300705
visformer_small,62,ILSVRC2012_val_00003194.JPEG,early,0,feature_modules[0],28,28,low_score_extreme,0.15,1,True,0.4527468681335449,0.14029613137245178,False,0.4496803879737854
visformer_small,63,ILSVRC2012_val_00003317.JPEG,early,0,feature_modules[0],28,28,low_score_extreme,0.15,1,True,-0.11314201354980469,-0.01720277965068817,False,0.09106092900037766
visformer_small,56,ILSVRC2012_val_00002734.JPEG,early,0,feature_modules[0],28,28,low_score_extreme,0.15,2,True,0.3332180976867676,0.12328851222991943,False,0.30575865507125854
visformer_small,57,ILSVRC2012_val_00002815.JPEG,early,0,feature_modules[0],28,28,low_score_extreme,0.15,2,True,0.6495113372802734,0.3290007710456848,False,0.7383023500442505
visformer_small,58,ILSVRC2012_val_00002932.JPEG,early,0,feature_modules[0],28,28,low_score_extreme,0.15,2,True,0.8341021537780762,0.44777894020080566,False,0.4989623427391052
visformer_small,59,ILSVRC2012_val_00003096.JPEG,early,0,feature_modules[0],28,28,low_score_extreme,0.15,2,True,4.226675033569336,3.7743215560913086,True,0.6509286761283875
visformer_small,60,ILSVRC2012_val_00003145.JPEG,early,0,feature_modules[0],28,28,low_score_extreme,0.15,2,True,0.20553112030029297,0.06377771496772766,False,0.2814735472202301
visformer_small,61,ILSVRC2012_val_00003190.JPEG,early,0,feature_modules[0],28,28,low_score_extreme,0.15,2,True,0.3289618492126465,0.10638153553009033,False,-0.033206503838300705
visformer_small,62,ILSVRC2012_val_00003194.JPEG,early,0,feature_modules[0],28,28,low_score_extreme,0.15,2,True,0.4527468681335449,0.14029613137245178,False,0.4496803879737854
visformer_small,63,ILSVRC2012_val_00003317.JPEG,early,0,feature_modules[0],28,28,low_score_extreme,0.15,2,True,-0.11314201354980469,-0.01720277965068817,False,0.09106092900037766
visformer_small,56,ILSVRC2012_val_00002734.JPEG,early,0,feature_modules[0],28,28,low_score_extreme,0.15,3,True,0.3332180976867676,0.12328851222991943,False,0.30575865507125854
visformer_small,57,ILSVRC2012_val_00002815.JPEG,early,0,feature_modules[0],28,28,low_score_extreme,0.15,3,True,0.6495113372802734,0.3290007710456848,False,0.7383023500442505
visformer_small,58,ILSVRC2012_val_00002932.JPEG,early,0,feature_modules[0],28,28,low_score_extreme,0.15,3,True,0.8341021537780762,0.44777894020080566,False,0.4989623427391052
visformer_small,59,ILSVRC2012_val_00003096.JPEG,early,0,feature_modules[0],28,28,low_score_extreme,0.15,3,True,4.226675033569336,3.7743215560913086,True,0.6509286761283875
visformer_small,60,ILSVRC2012_val_00003145.JPEG,early,0,feature_modules[0],28,28,low_score_extreme,0.15,3,True,0.20553112030029297,0.06377771496772766,False,0.2814735472202301
visformer_small,61,ILSVRC2012_val_00003190.JPEG,early,0,feature_modules[0],28,28,low_score_extreme,0.15,3,True,0.3289618492126465,0.10638153553009033,False,-0.033206503838300705
visformer_small,62,ILSVRC2012_val_00003194.JPEG,early,0,feature_modules[0],28,28,low_score_extreme,0.15,3,True,0.4527468681335449,0.14029613137245178,False,0.4496803879737854
visformer_small,63,ILSVRC2012_val_00003317.JPEG,early,0,feature_modules[0],28,28,low_score_extreme,0.15,3,True,-0.11314201354980469,-0.01720277965068817,False,0.09106092900037766
visformer_small,56,ILSVRC2012_val_00002734.JPEG,early,0,feature_modules[0],28,28,random_uniform,0.15,0,True,3.410423755645752,3.6940534114837646,True,0.5468798279762268
visformer_small,57,ILSVRC2012_val_00002815.JPEG,early,0,feature_modules[0],28,28,random_uniform,0.15,0,True,0.8056936264038086,0.42151451110839844,False,0.8536416888237
visformer_small,58,ILSVRC2012_val_00002932.JPEG,early,0,feature_modules[0],28,28,random_uniform,0.15,0,True,0.7722301483154297,0.45785629749298096,False,0.6982660889625549
visformer_small,59,ILSVRC2012_val_00003096.JPEG,early,0,feature_modules[0],28,28,random_uniform,0.15,0,True,1.8805742263793945,1.0808324813842773,False,0.8738973736763
visformer_small,60,ILSVRC2012_val_00003145.JPEG,early,0,feature_modules[0],28,28,random_uniform,0.15,0,True,0.6818094253540039,0.448481023311615,False,0.5521451830863953
visformer_small,61,ILSVRC2012_val_00003190.JPEG,early,0,feature_modules[0],28,28,random_uniform,0.15,0,True,1.531867504119873,0.9290363192558289,False,0.6432226300239563
visformer_small,62,ILSVRC2012_val_00003194.JPEG,early,0,feature_modules[0],28,28,random_uniform,0.15,0,True,2.2971973419189453,1.55392587184906,False,0.6782460808753967
visformer_small,63,ILSVRC2012_val_00003317.JPEG,early,0,feature_modules[0],28,28,random_uniform,0.15,0,True,2.075535774230957,0.8778891563415527,False,0.6216995716094971
visformer_small,56,ILSVRC2012_val_00002734.JPEG,early,0,feature_modules[0],28,28,random_uniform,0.15,1,True,2.1809401512145996,2.2459230422973633,True,0.5398917198181152
visformer_small,57,ILSVRC2012_val_00002815.JPEG,early,0,feature_modules[0],28,28,random_uniform,0.15,1,True,0.23334217071533203,0.1484803557395935,False,0.8570014834403992
visformer_small,58,ILSVRC2012_val_00002932.JPEG,early,0,feature_modules[0],28,28,random_uniform,0.15,1,True,1.003115177154541,0.6388221979141235,False,0.6765091419219971
visformer_small,59,ILSVRC2012_val_00003096.JPEG,early,0,feature_modules[0],28,28,random_uniform,0.15,1,True,1.2686810493469238,0.703643798828125,False,0.8981412053108215
visformer_small,60,ILSVRC2012_val_00003145.JPEG,early,0,feature_modules[0],28,28,random_uniform,0.15,1,True,0.6899747848510742,0.6371762156486511,False,0.5648722052574158
visformer_small,61,ILSVRC2012_val_00003190.JPEG,early,0,feature_modules[0],28,28,random_uniform,0.15,1,True,0.9147920608520508,0.6223441958427429,False,0.6459664702415466
visformer_small,62,ILSVRC2012_val_00003194.JPEG,early,0,feature_modules[0],28,28,random_uniform,0.15,1,True,0.7603344917297363,0.3376166522502899,False,0.6617642045021057
visformer_small,63,ILSVRC2012_val_00003317.JPEG,early,0,feature_modules[0],28,28,random_uniform,0.15,1,True,1.3731060028076172,0.5479193925857544,False,0.6588452458381653
visformer_small,56,ILSVRC2012_val_00002734.JPEG,early,0,feature_modules[0],28,28,random_uniform,0.15,2,True,1.2902679443359375,1.2133824825286865,True,0.556452214717865
visformer_small,57,ILSVRC2012_val_00002815.JPEG,early,0,feature_modules[0],28,28,random_uniform,0.15,2,True,0.41903114318847656,0.13303989171981812,False,0.862481415271759
visformer_small,58,ILSVRC2012_val_00002932.JPEG,early,0,feature_modules[0],28,28,random_uniform,0.15,2,True,1.119065284729004,0.5913638472557068,False,0.6649646162986755
visformer_small,59,ILSVRC2012_val_00003096.JPEG,early,0,feature_modules[0],28,28,random_uniform,0.15,2,True,1.1500835418701172,0.6202074289321899,False,0.8896566033363342
visformer_small,60,ILSVRC2012_val_00003145.JPEG,early,0,feature_modules[0],28,28,random_uniform,0.15,2,True,1.0730476379394531,0.8543418049812317,False,0.5903778076171875
visformer_small,61,ILSVRC2012_val_00003190.JPEG,early,0,feature_modules[0],28,28,random_uniform,0.15,2,True,2.5186095237731934,1.7587110996246338,False,0.607698917388916
visformer_small,62,ILSVRC2012_val_00003194.JPEG,early,0,feature_modules[0],28,28,random_uniform,0.15,2,True,0.8188095092773438,0.34393444657325745,False,0.6785403490066528
visformer_small,63,ILSVRC2012_val_00003317.JPEG,early,0,feature_modules[0],28,28,random_uniform,0.15,2,True,1.2818479537963867,0.49223533272743225,False,0.6891036629676819
visformer_small,56,ILSVRC2012_val_00002734.JPEG,early,0,feature_modules[0],28,28,random_uniform,0.15,3,True,2.01340913772583,2.145413637161255,True,0.553132951259613
visformer_small,57,ILSVRC2012_val_00002815.JPEG,early,0,feature_modules[0],28,28,random_uniform,0.15,3,True,-0.16988134384155273,-0.04102879762649536,False,0.8560582399368286
visformer_small,58,ILSVRC2012_val_00002932.JPEG,early,0,feature_modules[0],28,28,random_uniform,0.15,3,True,1.217879295349121,0.8075914978981018,False,0.6854273080825806
visformer_small,59,ILSVRC2012_val_00003096.JPEG,early,0,feature_modules[0],28,28,random_uniform,0.15,3,True,0.8443136215209961,0.5085057020187378,False,0.8744087815284729
visformer_small,60,ILSVRC2012_val_00003145.JPEG,early,0,feature_modules[0],28,28,random_uniform,0.15,3,True,0.8903007507324219,0.8027599453926086,False,0.5505029559135437
visformer_small,61,ILSVRC2012_val_00003190.JPEG,early,0,feature_modules[0],28,28,random_uniform,0.15,3,True,0.6588048934936523,0.3539144992828369,False,0.6115484833717346
visformer_small,62,ILSVRC2012_val_00003194.JPEG,early,0,feature_modules[0],28,28,random_uniform,0.15,3,True,1.2587947845458984,0.5824848413467407,False,0.6503666639328003
visformer_small,63,ILSVRC2012_val_00003317.JPEG,early,0,feature_modules[0],28,28,random_uniform,0.15,3,True,1.449206829071045,0.5833890438079834,False,0.6606515049934387
visformer_small,56,ILSVRC2012_val_00002734.JPEG,early,0,feature_modules[0],28,28,score_deviation_extreme,0.15,0,True,0.6202421188354492,0.28650158643722534,False,0.3659653663635254
visformer_small,57,ILSVRC2012_val_00002815.JPEG,early,0,feature_modules[0],28,28,score_deviation_extreme,0.15,0,True,0.6647195816040039,0.39247316122055054,False,0.7601954340934753
visformer_small,58,ILSVRC2012_val_00002932.JPEG,early,0,feature_modules[0],28,28,score_deviation_extreme,0.15,0,True,0.8082542419433594,0.5349734425544739,False,0.5016788840293884
visformer_small,59,ILSVRC2012_val_00003096.JPEG,early,0,feature_modules[0],28,28,score_deviation_extreme,0.15,0,True,4.226675033569336,3.7743215560913086,True,0.6509286761283875
visformer_small,60,ILSVRC2012_val_00003145.JPEG,early,0,feature_modules[0],28,28,score_deviation_extreme,0.15,0,True,0.16367340087890625,0.05596053600311279,False,0.29229405522346497
visformer_small,61,ILSVRC2012_val_00003190.JPEG,early,0,feature_modules[0],28,28,score_deviation_extreme,0.15,0,True,0.3289618492126465,0.10638153553009033,False,-0.033206503838300705
visformer_small,62,ILSVRC2012_val_00003194.JPEG,early,0,feature_modules[0],28,28,score_deviation_extreme,0.15,0,True,0.3014097213745117,0.10004642605781555,False,0.5268081426620483
visformer_small,63,ILSVRC2012_val_00003317.JPEG,early,0,feature_modules[0],28,28,score_deviation_extreme,0.15,0,True,-0.11314201354980469,-0.01720277965068817,False,0.09106092900037766
visformer_small,56,ILSVRC2012_val_00002734.JPEG,early,0,feature_modules[0],28,28,score_deviation_extreme,0.15,1,True,0.6202421188354492,0.28650158643722534,False,0.3659653663635254
visformer_small,57,ILSVRC2012_val_00002815.JPEG,early,0,feature_modules[0],28,28,score_deviation_extreme,0.15,1,True,0.6647195816040039,0.39247316122055054,False,0.7601954340934753
visformer_small,58,ILSVRC2012_val_00002932.JPEG,early,0,feature_modules[0],28,28,score_deviation_extreme,0.15,1,True,0.8082542419433594,0.5349734425544739,False,0.5016788840293884
visformer_small,59,ILSVRC2012_val_00003096.JPEG,early,0,feature_modules[0],28,28,score_deviation_extreme,0.15,1,True,4.226675033569336,3.7743215560913086,True,0.6509286761283875
visformer_small,60,ILSVRC2012_val_00003145.JPEG,early,0,feature_modules[0],28,28,score_deviation_extreme,0.15,1,True,0.16367340087890625,0.05596053600311279,False,0.29229405522346497
visformer_small,61,ILSVRC2012_val_00003190.JPEG,early,0,feature_modules[0],28,28,score_deviation_extreme,0.15,1,True,0.3289618492126465,0.10638153553009033,False,-0.033206503838300705
visformer_small,62,ILSVRC2012_val_00003194.JPEG,early,0,feature_modules[0],28,28,score_deviation_extreme,0.15,1,True,0.3014097213745117,0.10004642605781555,False,0.5268081426620483
visformer_small,63,ILSVRC2012_val_00003317.JPEG,early,0,feature_modules[0],28,28,score_deviation_extreme,0.15,1,True,-0.11314201354980469,-0.01720277965068817,False,0.09106092900037766
visformer_small,56,ILSVRC2012_val_00002734.JPEG,early,0,feature_modules[0],28,28,score_deviation_extreme,0.15,2,True,0.6202421188354492,0.28650158643722534,False,0.3659653663635254
visformer_small,57,ILSVRC2012_val_00002815.JPEG,early,0,feature_modules[0],28,28,score_deviation_extreme,0.15,2,True,0.6647195816040039,0.39247316122055054,False,0.7601954340934753
visformer_small,58,ILSVRC2012_val_00002932.JPEG,early,0,feature_modules[0],28,28,score_deviation_extreme,0.15,2,True,0.8082542419433594,0.5349734425544739,False,0.5016788840293884
visformer_small,59,ILSVRC2012_val_00003096.JPEG,early,0,feature_modules[0],28,28,score_deviation_extreme,0.15,2,True,4.226675033569336,3.7743215560913086,True,0.6509286761283875
visformer_small,60,ILSVRC2012_val_00003145.JPEG,early,0,feature_modules[0],28,28,score_deviation_extreme,0.15,2,True,0.16367340087890625,0.05596053600311279,False,0.29229405522346497
visformer_small,61,ILSVRC2012_val_00003190.JPEG,early,0,feature_modules[0],28,28,score_deviation_extreme,0.15,2,True,0.3289618492126465,0.10638153553009033,False,-0.033206503838300705
visformer_small,62,ILSVRC2012_val_00003194.JPEG,early,0,feature_modules[0],28,28,score_deviation_extreme,0.15,2,True,0.3014097213745117,0.10004642605781555,False,0.5268081426620483
visformer_small,63,ILSVRC2012_val_00003317.JPEG,early,0,feature_modules[0],28,28,score_deviation_extreme,0.15,2,True,-0.11314201354980469,-0.01720277965068817,False,0.09106092900037766
visformer_small,56,ILSVRC2012_val_00002734.JPEG,early,0,feature_modules[0],28,28,score_deviation_extreme,0.15,3,True,0.6202421188354492,0.28650158643722534,False,0.3659653663635254
visformer_small,57,ILSVRC2012_val_00002815.JPEG,early,0,feature_modules[0],28,28,score_deviation_extreme,0.15,3,True,0.6647195816040039,0.39247316122055054,False,0.7601954340934753
visformer_small,58,ILSVRC2012_val_00002932.JPEG,early,0,feature_modules[0],28,28,score_deviation_extreme,0.15,3,True,0.8082542419433594,0.5349734425544739,False,0.5016788840293884
visformer_small,59,ILSVRC2012_val_00003096.JPEG,early,0,feature_modules[0],28,28,score_deviation_extreme,0.15,3,True,4.226675033569336,3.7743215560913086,True,0.6509286761283875
visformer_small,60,ILSVRC2012_val_00003145.JPEG,early,0,feature_modules[0],28,28,score_deviation_extreme,0.15,3,True,0.16367340087890625,0.05596053600311279,False,0.29229405522346497
visformer_small,61,ILSVRC2012_val_00003190.JPEG,early,0,feature_modules[0],28,28,score_deviation_extreme,0.15,3,True,0.3289618492126465,0.10638153553009033,False,-0.033206503838300705
visformer_small,62,ILSVRC2012_val_00003194.JPEG,early,0,feature_modules[0],28,28,score_deviation_extreme,0.15,3,True,0.3014097213745117,0.10004642605781555,False,0.5268081426620483
visformer_small,63,ILSVRC2012_val_00003317.JPEG,early,0,feature_modules[0],28,28,score_deviation_extreme,0.15,3,True,-0.11314201354980469,-0.01720277965068817,False,0.09106092900037766
visformer_small,56,ILSVRC2012_val_00002734.JPEG,mid,7,feature_modules[7],14,14,high_score_extreme,0.15,0,True,-0.17537403106689453,-0.09059962630271912,False,0.692674458026886
visformer_small,57,ILSVRC2012_val_00002815.JPEG,mid,7,feature_modules[7],14,14,high_score_extreme,0.15,0,True,0.5397443771362305,0.23393511772155762,False,0.6392061710357666
visformer_small,58,ILSVRC2012_val_00002932.JPEG,mid,7,feature_modules[7],14,14,high_score_extreme,0.15,0,True,0.13700199127197266,0.05003315210342407,False,0.6155740022659302
visformer_small,59,ILSVRC2012_val_00003096.JPEG,mid,7,feature_modules[7],14,14,high_score_extreme,0.15,0,True,-0.45830535888671875,-0.13336950540542603,False,0.7900729775428772
visformer_small,60,ILSVRC2012_val_00003145.JPEG,mid,7,feature_modules[7],14,14,high_score_extreme,0.15,0,True,-0.056941986083984375,-0.010076552629470825,False,0.5469083189964294
visformer_small,61,ILSVRC2012_val_00003190.JPEG,mid,7,feature_modules[7],14,14,high_score_extreme,0.15,0,True,-0.39133596420288086,-0.04578143358230591,False,0.643373966217041
visformer_small,62,ILSVRC2012_val_00003194.JPEG,mid,7,feature_modules[7],14,14,high_score_extreme,0.15,0,True,-0.19354820251464844,-0.041225701570510864,False,0.6621407270431519
visformer_small,63,ILSVRC2012_val_00003317.JPEG,mid,7,feature_modules[7],14,14,high_score_extreme,0.15,0,True,-0.669703483581543,-0.08006365597248077,False,0.6452102661132812
visformer_small,56,ILSVRC2012_val_00002734.JPEG,mid,7,feature_modules[7],14,14,high_score_extreme,0.15,1,True,-0.17537403106689453,-0.09059962630271912,False,0.692674458026886
visformer_small,57,ILSVRC2012_val_00002815.JPEG,mid,7,feature_modules[7],14,14,high_score_extreme,0.15,1,True,0.5397443771362305,0.23393511772155762,False,0.6392061710357666
visformer_small,58,ILSVRC2012_val_00002932.JPEG,mid,7,feature_modules[7],14,14,high_score_extreme,0.15,1,True,0.13700199127197266,0.05003315210342407,False,0.6155740022659302
visformer_small,59,ILSVRC2012_val_00003096.JPEG,mid,7,feature_modules[7],14,14,high_score_extreme,0.15,1,True,-0.45830535888671875,-0.13336950540542603,False,0.7900729775428772
visformer_small,60,ILSVRC2012_val_00003145.JPEG,mid,7,feature_modules[7],14,14,high_score_extreme,0.15,1,True,-0.056941986083984375,-0.010076552629470825,False,0.5469083189964294
visformer_small,61,ILSVRC2012_val_00003190.JPEG,mid,7,feature_modules[7],14,14,high_score_extreme,0.15,1,True,-0.39133596420288086,-0.04578143358230591,False,0.643373966217041
visformer_small,62,ILSVRC2012_val_00003194.JPEG,mid,7,feature_modules[7],14,14,high_score_extreme,0.15,1,True,-0.19354820251464844,-0.041225701570510864,False,0.6621407270431519
visformer_small,63,ILSVRC2012_val_00003317.JPEG,mid,7,feature_modules[7],14,14,high_score_extreme,0.15,1,True,-0.669703483581543,-0.08006365597248077,False,0.6452102661132812
visformer_small,56,ILSVRC2012_val_00002734.JPEG,mid,7,feature_modules[7],14,14,high_score_extreme,0.15,2,True,-0.17537403106689453,-0.09059962630271912,False,0.692674458026886
visformer_small,57,ILSVRC2012_val_00002815.JPEG,mid,7,feature_modules[7],14,14,high_score_extreme,0.15,2,True,0.5397443771362305,0.23393511772155762,False,0.6392061710357666
visformer_small,58,ILSVRC2012_val_00002932.JPEG,mid,7,feature_modules[7],14,14,high_score_extreme,0.15,2,True,0.13700199127197266,0.05003315210342407,False,0.6155740022659302
visformer_small,59,ILSVRC2012_val_00003096.JPEG,mid,7,feature_modules[7],14,14,high_score_extreme,0.15,2,True,-0.45830535888671875,-0.13336950540542603,False,0.7900729775428772
visformer_small,60,ILSVRC2012_val_00003145.JPEG,mid,7,feature_modules[7],14,14,high_score_extreme,0.15,2,True,-0.056941986083984375,-0.010076552629470825,False,0.5469083189964294
visformer_small,61,ILSVRC2012_val_00003190.JPEG,mid,7,feature_modules[7],14,14,high_score_extreme,0.15,2,True,-0.39133596420288086,-0.04578143358230591,False,0.643373966217041
visformer_small,62,ILSVRC2012_val_00003194.JPEG,mid,7,feature_modules[7],14,14,high_score_extreme,0.15,2,True,-0.19354820251464844,-0.041225701570510864,False,0.6621407270431519
visformer_small,63,ILSVRC2012_val_00003317.JPEG,mid,7,feature_modules[7],14,14,high_score_extreme,0.15,2,True,-0.669703483581543,-0.08006365597248077,False,0.6452102661132812
visformer_small,56,ILSVRC2012_val_00002734.JPEG,mid,7,feature_modules[7],14,14,high_score_extreme,0.15,3,True,-0.17537403106689453,-0.09059962630271912,False,0.692674458026886
visformer_small,57,ILSVRC2012_val_00002815.JPEG,mid,7,feature_modules[7],14,14,high_score_extreme,0.15,3,True,0.5397443771362305,0.23393511772155762,False,0.6392061710357666
visformer_small,58,ILSVRC2012_val_00002932.JPEG,mid,7,feature_modules[7],14,14,high_score_extreme,0.15,3,True,0.13700199127197266,0.05003315210342407,False,0.6155740022659302
visformer_small,59,ILSVRC2012_val_00003096.JPEG,mid,7,feature_modules[7],14,14,high_score_extreme,0.15,3,True,-0.45830535888671875,-0.13336950540542603,False,0.7900729775428772
visformer_small,60,ILSVRC2012_val_00003145.JPEG,mid,7,feature_modules[7],14,14,high_score_extreme,0.15,3,True,-0.056941986083984375,-0.010076552629470825,False,0.5469083189964294
visformer_small,61,ILSVRC2012_val_00003190.JPEG,mid,7,feature_modules[7],14,14,high_score_extreme,0.15,3,True,-0.39133596420288086,-0.04578143358230591,False,0.643373966217041
visformer_small,62,ILSVRC2012_val_00003194.JPEG,mid,7,feature_modules[7],14,14,high_score_extreme,0.15,3,True,-0.19354820251464844,-0.041225701570510864,False,0.6621407270431519
visformer_small,63,ILSVRC2012_val_00003317.JPEG,mid,7,feature_modules[7],14,14,high_score_extreme,0.15,3,True,-0.669703483581543,-0.08006365597248077,False,0.6452102661132812
visformer_small,56,ILSVRC2012_val_00002734.JPEG,mid,7,feature_modules[7],14,14,low_score_extreme,0.15,0,True,0.25112342834472656,0.1607988476753235,False,0.28525134921073914
visformer_small,57,ILSVRC2012_val_00002815.JPEG,mid,7,feature_modules[7],14,14,low_score_extreme,0.15,0,True,0.14551353454589844,0.21009033918380737,False,0.356059193611145
visformer_small,58,ILSVRC2012_val_00002932.JPEG,mid,7,feature_modules[7],14,14,low_score_extreme,0.15,0,True,-0.20759868621826172,-0.03237462043762207,False,0.3662319779396057
visformer_small,59,ILSVRC2012_val_00003096.JPEG,mid,7,feature_modules[7],14,14,low_score_extreme,0.15,0,True,-0.1556234359741211,0.05980592966079712,False,0.23269304633140564
visformer_small,60,ILSVRC2012_val_00003145.JPEG,mid,7,feature_modules[7],14,14,low_score_extreme,0.15,0,True,0.07466697692871094,0.021435946226119995,False,0.1808018535375595
visformer_small,61,ILSVRC2012_val_00003190.JPEG,mid,7,feature_modules[7],14,14,low_score_extreme,0.15,0,True,0.18326473236083984,0.07478100061416626,False,0.038232143968343735
visformer_small,62,ILSVRC2012_val_00003194.JPEG,mid,7,feature_modules[7],14,14,low_score_extreme,0.15,0,True,-0.038056373596191406,-0.009113729000091553,False,0.22125686705112457
visformer_small,63,ILSVRC2012_val_00003317.JPEG,mid,7,feature_modules[7],14,14,low_score_extreme,0.15,0,True,-0.2886390686035156,-0.040536701679229736,False,0.22645647823810577
visformer_small,56,ILSVRC2012_val_00002734.JPEG,mid,7,feature_modules[7],14,14,low_score_extreme,0.15,1,True,0.25112342834472656,0.1607988476753235,False,0.28525134921073914
visformer_small,57,ILSVRC2012_val_00002815.JPEG,mid,7,feature_modules[7],14,14,low_score_extreme,0.15,1,True,0.14551353454589844,0.21009033918380737,False,0.356059193611145
visformer_small,58,ILSVRC2012_val_00002932.JPEG,mid,7,feature_modules[7],14,14,low_score_extreme,0.15,1,True,-0.20759868621826172,-0.03237462043762207,False,0.3662319779396057
visformer_small,59,ILSVRC2012_val_00003096.JPEG,mid,7,feature_modules[7],14,14,low_score_extreme,0.15,1,True,-0.1556234359741211,0.05980592966079712,False,0.23269304633140564
visformer_small,60,ILSVRC2012_val_00003145.JPEG,mid,7,feature_modules[7],14,14,low_score_extreme,0.15,1,True,0.07466697692871094,0.021435946226119995,False,0.1808018535375595
visformer_small,61,ILSVRC2012_val_00003190.JPEG,mid,7,feature_modules[7],14,14,low_score_extreme,0.15,1,True,0.18326473236083984,0.07478100061416626,False,0.038232143968343735
visformer_small,62,ILSVRC2012_val_00003194.JPEG,mid,7,feature_modules[7],14,14,low_score_extreme,0.15,1,True,-0.038056373596191406,-0.009113729000091553,False,0.22125686705112457
visformer_small,63,ILSVRC2012_val_00003317.JPEG,mid,7,feature_modules[7],14,14,low_score_extreme,0.15,1,True,-0.2886390686035156,-0.040536701679229736,False,0.22645647823810577
visformer_small,56,ILSVRC2012_val_00002734.JPEG,mid,7,feature_modules[7],14,14,low_score_extreme,0.15,2,True,0.25112342834472656,0.1607988476753235,False,0.28525134921073914
visformer_small,57,ILSVRC2012_val_00002815.JPEG,mid,7,feature_modules[7],14,14,low_score_extreme,0.15,2,True,0.14551353454589844,0.21009033918380737,False,0.356059193611145
visformer_small,58,ILSVRC2012_val_00002932.JPEG,mid,7,feature_modules[7],14,14,low_score_extreme,0.15,2,True,-0.20759868621826172,-0.03237462043762207,False,0.3662319779396057
visformer_small,59,ILSVRC2012_val_00003096.JPEG,mid,7,feature_modules[7],14,14,low_score_extreme,0.15,2,True,-0.1556234359741211,0.05980592966079712,False,0.23269304633140564
visformer_small,60,ILSVRC2012_val_00003145.JPEG,mid,7,feature_modules[7],14,14,low_score_extreme,0.15,2,True,0.07466697692871094,0.021435946226119995,False,0.1808018535375595
visformer_small,61,ILSVRC2012_val_00003190.JPEG,mid,7,feature_modules[7],14,14,low_score_extreme,0.15,2,True,0.18326473236083984,0.07478100061416626,False,0.038232143968343735
visformer_small,62,ILSVRC2012_val_00003194.JPEG,mid,7,feature_modules[7],14,14,low_score_extreme,0.15,2,True,-0.038056373596191406,-0.009113729000091553,False,0.22125686705112457
visformer_small,63,ILSVRC2012_val_00003317.JPEG,mid,7,feature_modules[7],14,14,low_score_extreme,0.15,2,True,-0.2886390686035156,-0.040536701679229736,False,0.22645647823810577
visformer_small,56,ILSVRC2012_val_00002734.JPEG,mid,7,feature_modules[7],14,14,low_score_extreme,0.15,3,True,0.25112342834472656,0.1607988476753235,False,0.28525134921073914
visformer_small,57,ILSVRC2012_val_00002815.JPEG,mid,7,feature_modules[7],14,14,low_score_extreme,0.15,3,True,0.14551353454589844,0.21009033918380737,False,0.356059193611145
visformer_small,58,ILSVRC2012_val_00002932.JPEG,mid,7,feature_modules[7],14,14,low_score_extreme,0.15,3,True,-0.20759868621826172,-0.03237462043762207,False,0.3662319779396057
visformer_small,59,ILSVRC2012_val_00003096.JPEG,mid,7,feature_modules[7],14,14,low_score_extreme,0.15,3,True,-0.1556234359741211,0.05980592966079712,False,0.23269304633140564
visformer_small,60,ILSVRC2012_val_00003145.JPEG,mid,7,feature_modules[7],14,14,low_score_extreme,0.15,3,True,0.07466697692871094,0.021435946226119995,False,0.1808018535375595
visformer_small,61,ILSVRC2012_val_00003190.JPEG,mid,7,feature_modules[7],14,14,low_score_extreme,0.15,3,True,0.18326473236083984,0.07478100061416626,False,0.038232143968343735
visformer_small,62,ILSVRC2012_val_00003194.JPEG,mid,7,feature_modules[7],14,14,low_score_extreme,0.15,3,True,-0.038056373596191406,-0.009113729000091553,False,0.22125686705112457
visformer_small,63,ILSVRC2012_val_00003317.JPEG,mid,7,feature_modules[7],14,14,low_score_extreme,0.15,3,True,-0.2886390686035156,-0.040536701679229736,False,0.22645647823810577
visformer_small,56,ILSVRC2012_val_00002734.JPEG,mid,7,feature_modules[7],14,14,random_uniform,0.15,0,True,0.7582364082336426,0.9584088325500488,True,0.5225307941436768
visformer_small,57,ILSVRC2012_val_00002815.JPEG,mid,7,feature_modules[7],14,14,random_uniform,0.15,0,True,0.6730804443359375,0.36785566806793213,False,0.5012996792793274
visformer_small,58,ILSVRC2012_val_00002932.JPEG,mid,7,feature_modules[7],14,14,random_uniform,0.15,0,True,0.3297543525695801,0.20548015832901,False,0.5221529603004456
visformer_small,59,ILSVRC2012_val_00003096.JPEG,mid,7,feature_modules[7],14,14,random_uniform,0.15,0,True,-0.2566652297973633,-0.09660136699676514,False,0.6123173236846924
visformer_small,60,ILSVRC2012_val_00003145.JPEG,mid,7,feature_modules[7],14,14,random_uniform,0.15,0,True,0.08233928680419922,0.07962971925735474,False,0.3691541254520416
visformer_small,61,ILSVRC2012_val_00003190.JPEG,mid,7,feature_modules[7],14,14,random_uniform,0.15,0,True,-0.4778923988342285,-0.08554238080978394,False,0.4239236116409302
visformer_small,62,ILSVRC2012_val_00003194.JPEG,mid,7,feature_modules[7],14,14,random_uniform,0.15,0,True,-0.4063234329223633,-0.09303337335586548,False,0.4153771996498108
visformer_small,63,ILSVRC2012_val_00003317.JPEG,mid,7,feature_modules[7],14,14,random_uniform,0.15,0,True,0.029268264770507812,0.018215909600257874,False,0.4812873303890228
visformer_small,56,ILSVRC2012_val_00002734.JPEG,mid,7,feature_modules[7],14,14,random_uniform,0.15,1,True,-0.2928009033203125,-0.04239681363105774,False,0.4972553551197052
visformer_small,57,ILSVRC2012_val_00002815.JPEG,mid,7,feature_modules[7],14,14,random_uniform,0.15,1,True,0.25978708267211914,0.17985796928405762,False,0.5106652975082397
visformer_small,58,ILSVRC2012_val_00002932.JPEG,mid,7,feature_modules[7],14,14,random_uniform,0.15,1,True,0.1434764862060547,0.090934157371521,False,0.5011374354362488
visformer_small,59,ILSVRC2012_val_00003096.JPEG,mid,7,feature_modules[7],14,14,random_uniform,0.15,1,True,-0.12790489196777344,-0.04280480742454529,False,0.5873475670814514
visformer_small,60,ILSVRC2012_val_00003145.JPEG,mid,7,feature_modules[7],14,14,random_uniform,0.15,1,True,-0.13633489608764648,0.0012986958026885986,False,0.34652841091156006
visformer_small,61,ILSVRC2012_val_00003190.JPEG,mid,7,feature_modules[7],14,14,random_uniform,0.15,1,True,-0.7571072578430176,-0.19619862735271454,False,0.4097738265991211
visformer_small,62,ILSVRC2012_val_00003194.JPEG,mid,7,feature_modules[7],14,14,random_uniform,0.15,1,True,-0.038097381591796875,-0.008049488067626953,False,0.40657052397727966
visformer_small,63,ILSVRC2012_val_00003317.JPEG,mid,7,feature_modules[7],14,14,random_uniform,0.15,1,True,-0.0804443359375,-0.0012110769748687744,False,0.5045295357704163
visformer_small,56,ILSVRC2012_val_00002734.JPEG,mid,7,feature_modules[7],14,14,random_uniform,0.15,2,True,0.08834362030029297,0.10214197635650635,False,0.5297927260398865
visformer_small,57,ILSVRC2012_val_00002815.JPEG,mid,7,feature_modules[7],14,14,random_uniform,0.15,2,True,0.40600156784057617,0.21244537830352783,False,0.5014112591743469
visformer_small,58,ILSVRC2012_val_00002932.JPEG,mid,7,feature_modules[7],14,14,random_uniform,0.15,2,True,-0.09374809265136719,0.017843127250671387,False,0.48658862709999084
visformer_small,59,ILSVRC2012_val_00003096.JPEG,mid,7,feature_modules[7],14,14,random_uniform,0.15,2,True,-0.5235767364501953,-0.1402098834514618,False,0.6387405395507812
visformer_small,60,ILSVRC2012_val_00003145.JPEG,mid,7,feature_modules[7],14,14,random_uniform,0.15,2,True,0.1869039535522461,0.12386548519134521,False,0.3627007305622101
visformer_small,61,ILSVRC2012_val_00003190.JPEG,mid,7,feature_modules[7],14,14,random_uniform,0.15,2,True,0.026473522186279297,0.03211596608161926,False,0.4085610508918762
visformer_small,62,ILSVRC2012_val_00003194.JPEG,mid,7,feature_modules[7],14,14,random_uniform,0.15,2,True,-0.27083873748779297,-0.06391175091266632,False,0.4530155658721924
visformer_small,63,ILSVRC2012_val_00003317.JPEG,mid,7,feature_modules[7],14,14,random_uniform,0.15,2,True,-0.7234096527099609,-0.08954580128192902,False,0.5106015205383301
visformer_small,56,ILSVRC2012_val_00002734.JPEG,mid,7,feature_modules[7],14,14,random_uniform,0.15,3,True,0.3003416061401367,0.4085460901260376,False,0.5391772389411926
visformer_small,57,ILSVRC2012_val_00002815.JPEG,mid,7,feature_modules[7],14,14,random_uniform,0.15,3,True,0.3558197021484375,0.19900143146514893,False,0.5244338512420654
visformer_small,58,ILSVRC2012_val_00002932.JPEG,mid,7,feature_modules[7],14,14,random_uniform,0.15,3,True,0.3001441955566406,0.22747081518173218,False,0.5107311606407166
visformer_small,59,ILSVRC2012_val_00003096.JPEG,mid,7,feature_modules[7],14,14,random_uniform,0.15,3,True,-0.25696563720703125,-0.09335896372795105,False,0.6487832069396973
visformer_small,60,ILSVRC2012_val_00003145.JPEG,mid,7,feature_modules[7],14,14,random_uniform,0.15,3,True,0.12038421630859375,0.04833143949508667,False,0.37781035900115967
visformer_small,61,ILSVRC2012_val_00003190.JPEG,mid,7,feature_modules[7],14,14,random_uniform,0.15,3,True,-0.5250487327575684,-0.13581275939941406,False,0.44353431463241577
visformer_small,62,ILSVRC2012_val_00003194.JPEG,mid,7,feature_modules[7],14,14,random_uniform,0.15,3,True,-0.48279476165771484,-0.10183937847614288,False,0.4635213017463684
visformer_small,63,ILSVRC2012_val_00003317.JPEG,mid,7,feature_modules[7],14,14,random_uniform,0.15,3,True,-0.5783710479736328,-0.07106181234121323,False,0.5127629041671753
visformer_small,56,ILSVRC2012_val_00002734.JPEG,mid,7,feature_modules[7],14,14,score_deviation_extreme,0.15,0,True,0.25112342834472656,0.1607988476753235,False,0.28525134921073914
visformer_small,57,ILSVRC2012_val_00002815.JPEG,mid,7,feature_modules[7],14,14,score_deviation_extreme,0.15,0,True,-0.17797422409057617,0.09731495380401611,False,0.4930860102176666
visformer_small,58,ILSVRC2012_val_00002932.JPEG,mid,7,feature_modules[7],14,14,score_deviation_extreme,0.15,0,True,-0.1295623779296875,-0.014895319938659668,False,0.43878233432769775
visformer_small,59,ILSVRC2012_val_00003096.JPEG,mid,7,feature_modules[7],14,14,score_deviation_extreme,0.15,0,True,-0.1556234359741211,0.05980592966079712,False,0.23269304633140564
visformer_small,60,ILSVRC2012_val_00003145.JPEG,mid,7,feature_modules[7],14,14,score_deviation_extreme,0.15,0,True,0.2361907958984375,0.07785788178443909,False,0.2855176031589508
visformer_small,61,ILSVRC2012_val_00003190.JPEG,mid,7,feature_modules[7],14,14,score_deviation_extreme,0.15,0,True,0.18326473236083984,0.07478100061416626,False,0.038232143968343735
visformer_small,62,ILSVRC2012_val_00003194.JPEG,mid,7,feature_modules[7],14,14,score_deviation_extreme,0.15,0,True,-0.5880947113037109,-0.07953017950057983,False,0.47670823335647583
visformer_small,63,ILSVRC2012_val_00003317.JPEG,mid,7,feature_modules[7],14,14,score_deviation_extreme,0.15,0,True,-0.29445457458496094,-0.043646231293678284,False,0.31021788716316223
visformer_small,56,ILSVRC2012_val_00002734.JPEG,mid,7,feature_modules[7],14,14,score_deviation_extreme,0.15,1,True,0.25112342834472656,0.1607988476753235,False,0.28525134921073914
visformer_small,57,ILSVRC2012_val_00002815.JPEG,mid,7,feature_modules[7],14,14,score_deviation_extreme,0.15,1,True,-0.17797422409057617,0.09731495380401611,False,0.4930860102176666
visformer_small,58,ILSVRC2012_val_00002932.JPEG,mid,7,feature_modules[7],14,14,score_deviation_extreme,0.15,1,True,-0.1295623779296875,-0.014895319938659668,False,0.43878233432769775
visformer_small,59,ILSVRC2012_val_00003096.JPEG,mid,7,feature_modules[7],14,14,score_deviation_extreme,0.15,1,True,-0.1556234359741211,0.05980592966079712,False,0.23269304633140564
visformer_small,60,ILSVRC2012_val_00003145.JPEG,mid,7,feature_modules[7],14,14,score_deviation_extreme,0.15,1,True,0.2361907958984375,0.07785788178443909,False,0.2855176031589508
visformer_small,61,ILSVRC2012_val_00003190.JPEG,mid,7,feature_modules[7],14,14,score_deviation_extreme,0.15,1,True,0.18326473236083984,0.07478100061416626,False,0.038232143968343735
visformer_small,62,ILSVRC2012_val_00003194.JPEG,mid,7,feature_modules[7],14,14,score_deviation_extreme,0.15,1,True,-0.5880947113037109,-0.07953017950057983,False,0.47670823335647583
visformer_small,63,ILSVRC2012_val_00003317.JPEG,mid,7,feature_modules[7],14,14,score_deviation_extreme,0.15,1,True,-0.29445457458496094,-0.043646231293678284,False,0.31021788716316223
visformer_small,56,ILSVRC2012_val_00002734.JPEG,mid,7,feature_modules[7],14,14,score_deviation_extreme,0.15,2,True,0.25112342834472656,0.1607988476753235,False,0.28525134921073914
visformer_small,57,ILSVRC2012_val_00002815.JPEG,mid,7,feature_modules[7],14,14,score_deviation_extreme,0.15,2,True,-0.17797422409057617,0.09731495380401611,False,0.4930860102176666
visformer_small,58,ILSVRC2012_val_00002932.JPEG,mid,7,feature_modules[7],14,14,score_deviation_extreme,0.15,2,True,-0.1295623779296875,-0.014895319938659668,False,0.43878233432769775
visformer_small,59,ILSVRC2012_val_00003096.JPEG,mid,7,feature_modules[7],14,14,score_deviation_extreme,0.15,2,True,-0.1556234359741211,0.05980592966079712,False,0.23269304633140564
visformer_small,60,ILSVRC2012_val_00003145.JPEG,mid,7,feature_modules[7],14,14,score_deviation_extreme,0.15,2,True,0.2361907958984375,0.07785788178443909,False,0.2855176031589508
visformer_small,61,ILSVRC2012_val_00003190.JPEG,mid,7,feature_modules[7],14,14,score_deviation_extreme,0.15,2,True,0.18326473236083984,0.07478100061416626,False,0.038232143968343735
visformer_small,62,ILSVRC2012_val_00003194.JPEG,mid,7,feature_modules[7],14,14,score_deviation_extreme,0.15,2,True,-0.5880947113037109,-0.07953017950057983,False,0.47670823335647583
visformer_small,63,ILSVRC2012_val_00003317.JPEG,mid,7,feature_modules[7],14,14,score_deviation_extreme,0.15,2,True,-0.29445457458496094,-0.043646231293678284,False,0.31021788716316223
visformer_small,56,ILSVRC2012_val_00002734.JPEG,mid,7,feature_modules[7],14,14,score_deviation_extreme,0.15,3,True,0.25112342834472656,0.1607988476753235,False,0.28525134921073914
visformer_small,57,ILSVRC2012_val_00002815.JPEG,mid,7,feature_modules[7],14,14,score_deviation_extreme,0.15,3,True,-0.17797422409057617,0.09731495380401611,False,0.4930860102176666
visformer_small,58,ILSVRC2012_val_00002932.JPEG,mid,7,feature_modules[7],14,14,score_deviation_extreme,0.15,3,True,-0.1295623779296875,-0.014895319938659668,False,0.43878233432769775
visformer_small,59,ILSVRC2012_val_00003096.JPEG,mid,7,feature_modules[7],14,14,score_deviation_extreme,0.15,3,True,-0.1556234359741211,0.05980592966079712,False,0.23269304633140564
visformer_small,60,ILSVRC2012_val_00003145.JPEG,mid,7,feature_modules[7],14,14,score_deviation_extreme,0.15,3,True,0.2361907958984375,0.07785788178443909,False,0.2855176031589508
visformer_small,61,ILSVRC2012_val_00003190.JPEG,mid,7,feature_modules[7],14,14,score_deviation_extreme,0.15,3,True,0.18326473236083984,0.07478100061416626,False,0.038232143968343735
visformer_small,62,ILSVRC2012_val_00003194.JPEG,mid,7,feature_modules[7],14,14,score_deviation_extreme,0.15,3,True,-0.5880947113037109,-0.07953017950057983,False,0.47670823335647583
visformer_small,63,ILSVRC2012_val_00003317.JPEG,mid,7,feature_modules[7],14,14,score_deviation_extreme,0.15,3,True,-0.29445457458496094,-0.043646231293678284,False,0.31021788716316223
visformer_small,56,ILSVRC2012_val_00002734.JPEG,final,14,stage3[3]+gap,7,7,high_score_extreme,0.15,0,True,-0.0308685302734375,-0.012269794940948486,False,0.7174081206321716
visformer_small,57,ILSVRC2012_val_00002815.JPEG,final,14,stage3[3]+gap,7,7,high_score_extreme,0.15,0,True,0.3578014373779297,0.09365713596343994,False,0.720655083656311
visformer_small,58,ILSVRC2012_val_00002932.JPEG,final,14,stage3[3]+gap,7,7,high_score_extreme,0.15,0,True,-0.40324974060058594,-0.12219932675361633,False,0.7445558905601501
visformer_small,59,ILSVRC2012_val_00003096.JPEG,final,14,stage3[3]+gap,7,7,high_score_extreme,0.15,0,True,-0.024278640747070312,-0.03275057673454285,False,0.7477137446403503
visformer_small,60,ILSVRC2012_val_00003145.JPEG,final,14,stage3[3]+gap,7,7,high_score_extreme,0.15,0,True,-0.05202007293701172,-0.007509440183639526,False,0.7109137773513794
visformer_small,61,ILSVRC2012_val_00003190.JPEG,final,14,stage3[3]+gap,7,7,high_score_extreme,0.15,0,True,0.01041555404663086,-0.018902868032455444,False,0.7048917412757874
visformer_small,62,ILSVRC2012_val_00003194.JPEG,final,14,stage3[3]+gap,7,7,high_score_extreme,0.15,0,True,0.07562065124511719,0.013721764087677002,False,0.7042835354804993
visformer_small,63,ILSVRC2012_val_00003317.JPEG,final,14,stage3[3]+gap,7,7,high_score_extreme,0.15,0,True,-0.9670886993408203,-0.11081256717443466,False,0.6708587408065796
visformer_small,56,ILSVRC2012_val_00002734.JPEG,final,14,stage3[3]+gap,7,7,high_score_extreme,0.15,1,True,-0.0308685302734375,-0.012269794940948486,False,0.7174081206321716
visformer_small,57,ILSVRC2012_val_00002815.JPEG,final,14,stage3[3]+gap,7,7,high_score_extreme,0.15,1,True,0.3578014373779297,0.09365713596343994,False,0.720655083656311
visformer_small,58,ILSVRC2012_val_00002932.JPEG,final,14,stage3[3]+gap,7,7,high_score_extreme,0.15,1,True,-0.40324974060058594,-0.12219932675361633,False,0.7445558905601501
visformer_small,59,ILSVRC2012_val_00003096.JPEG,final,14,stage3[3]+gap,7,7,high_score_extreme,0.15,1,True,-0.024278640747070312,-0.03275057673454285,False,0.7477137446403503
visformer_small,60,ILSVRC2012_val_00003145.JPEG,final,14,stage3[3]+gap,7,7,high_score_extreme,0.15,1,True,-0.05202007293701172,-0.007509440183639526,False,0.7109137773513794
visformer_small,61,ILSVRC2012_val_00003190.JPEG,final,14,stage3[3]+gap,7,7,high_score_extreme,0.15,1,True,0.01041555404663086,-0.018902868032455444,False,0.7048917412757874
visformer_small,62,ILSVRC2012_val_00003194.JPEG,final,14,stage3[3]+gap,7,7,high_score_extreme,0.15,1,True,0.07562065124511719,0.013721764087677002,False,0.7042835354804993
visformer_small,63,ILSVRC2012_val_00003317.JPEG,final,14,stage3[3]+gap,7,7,high_score_extreme,0.15,1,True,-0.9670886993408203,-0.11081256717443466,False,0.6708587408065796
visformer_small,56,ILSVRC2012_val_00002734.JPEG,final,14,stage3[3]+gap,7,7,high_score_extreme,0.15,2,True,-0.0308685302734375,-0.012269794940948486,False,0.7174081206321716
visformer_small,57,ILSVRC2012_val_00002815.JPEG,final,14,stage3[3]+gap,7,7,high_score_extreme,0.15,2,True,0.3578014373779297,0.09365713596343994,False,0.720655083656311
visformer_small,58,ILSVRC2012_val_00002932.JPEG,final,14,stage3[3]+gap,7,7,high_score_extreme,0.15,2,True,-0.40324974060058594,-0.12219932675361633,False,0.7445558905601501
visformer_small,59,ILSVRC2012_val_00003096.JPEG,final,14,stage3[3]+gap,7,7,high_score_extreme,0.15,2,True,-0.024278640747070312,-0.03275057673454285,False,0.7477137446403503
visformer_small,60,ILSVRC2012_val_00003145.JPEG,final,14,stage3[3]+gap,7,7,high_score_extreme,0.15,2,True,-0.05202007293701172,-0.007509440183639526,False,0.7109137773513794
visformer_small,61,ILSVRC2012_val_00003190.JPEG,final,14,stage3[3]+gap,7,7,high_score_extreme,0.15,2,True,0.01041555404663086,-0.018902868032455444,False,0.7048917412757874
visformer_small,62,ILSVRC2012_val_00003194.JPEG,final,14,stage3[3]+gap,7,7,high_score_extreme,0.15,2,True,0.07562065124511719,0.013721764087677002,False,0.7042835354804993
visformer_small,63,ILSVRC2012_val_00003317.JPEG,final,14,stage3[3]+gap,7,7,high_score_extreme,0.15,2,True,-0.9670886993408203,-0.11081256717443466,False,0.6708587408065796
visformer_small,56,ILSVRC2012_val_00002734.JPEG,final,14,stage3[3]+gap,7,7,high_score_extreme,0.15,3,True,-0.0308685302734375,-0.012269794940948486,False,0.7174081206321716
visformer_small,57,ILSVRC2012_val_00002815.JPEG,final,14,stage3[3]+gap,7,7,high_score_extreme,0.15,3,True,0.3578014373779297,0.09365713596343994,False,0.720655083656311
visformer_small,58,ILSVRC2012_val_00002932.JPEG,final,14,stage3[3]+gap,7,7,high_score_extreme,0.15,3,True,-0.40324974060058594,-0.12219932675361633,False,0.7445558905601501
visformer_small,59,ILSVRC2012_val_00003096.JPEG,final,14,stage3[3]+gap,7,7,high_score_extreme,0.15,3,True,-0.024278640747070312,-0.03275057673454285,False,0.7477137446403503
visformer_small,60,ILSVRC2012_val_00003145.JPEG,final,14,stage3[3]+gap,7,7,high_score_extreme,0.15,3,True,-0.05202007293701172,-0.007509440183639526,False,0.7109137773513794
visformer_small,61,ILSVRC2012_val_00003190.JPEG,final,14,stage3[3]+gap,7,7,high_score_extreme,0.15,3,True,0.01041555404663086,-0.018902868032455444,False,0.7048917412757874
visformer_small,62,ILSVRC2012_val_00003194.JPEG,final,14,stage3[3]+gap,7,7,high_score_extreme,0.15,3,True,0.07562065124511719,0.013721764087677002,False,0.7042835354804993
visformer_small,63,ILSVRC2012_val_00003317.JPEG,final,14,stage3[3]+gap,7,7,high_score_extreme,0.15,3,True,-0.9670886993408203,-0.11081256717443466,False,0.6708587408065796
visformer_small,56,ILSVRC2012_val_00002734.JPEG,final,14,stage3[3]+gap,7,7,low_score_extreme,0.15,0,True,0.5863409042358398,0.3831040859222412,False,0.22935478389263153
visformer_small,57,ILSVRC2012_val_00002815.JPEG,final,14,stage3[3]+gap,7,7,low_score_extreme,0.15,0,True,0.3791685104370117,0.11747640371322632,False,0.3390274941921234
visformer_small,58,ILSVRC2012_val_00002932.JPEG,final,14,stage3[3]+gap,7,7,low_score_extreme,0.15,0,True,-0.09350872039794922,-0.00480613112449646,False,0.3055958151817322
visformer_small,59,ILSVRC2012_val_00003096.JPEG,final,14,stage3[3]+gap,7,7,low_score_extreme,0.15,0,True,0.07923221588134766,-0.0070209503173828125,False,0.34723779559135437
visformer_small,60,ILSVRC2012_val_00003145.JPEG,final,14,stage3[3]+gap,7,7,low_score_extreme,0.15,0,True,0.11718273162841797,0.04219791293144226,False,0.24452081322669983
visformer_small,61,ILSVRC2012_val_00003190.JPEG,final,14,stage3[3]+gap,7,7,low_score_extreme,0.15,0,True,0.1281590461730957,0.06011328101158142,False,0.3195682466030121
visformer_small,62,ILSVRC2012_val_00003194.JPEG,final,14,stage3[3]+gap,7,7,low_score_extreme,0.15,0,True,-0.058020591735839844,-0.01314234733581543,False,0.28994274139404297
visformer_small,63,ILSVRC2012_val_00003317.JPEG,final,14,stage3[3]+gap,7,7,low_score_extreme,0.15,0,True,-0.030010223388671875,-0.007404744625091553,False,0.2983906865119934
visformer_small,56,ILSVRC2012_val_00002734.JPEG,final,14,stage3[3]+gap,7,7,low_score_extreme,0.15,1,True,0.5863409042358398,0.3831040859222412,False,0.22935478389263153
visformer_small,57,ILSVRC2012_val_00002815.JPEG,final,14,stage3[3]+gap,7,7,low_score_extreme,0.15,1,True,0.3791685104370117,0.11747640371322632,False,0.3390274941921234
visformer_small,58,ILSVRC2012_val_00002932.JPEG,final,14,stage3[3]+gap,7,7,low_score_extreme,0.15,1,True,-0.09350872039794922,-0.00480613112449646,False,0.3055958151817322
visformer_small,59,ILSVRC2012_val_00003096.JPEG,final,14,stage3[3]+gap,7,7,low_score_extreme,0.15,1,True,0.07923221588134766,-0.0070209503173828125,False,0.34723779559135437
visformer_small,60,ILSVRC2012_val_00003145.JPEG,final,14,stage3[3]+gap,7,7,low_score_extreme,0.15,1,True,0.11718273162841797,0.04219791293144226,False,0.24452081322669983
visformer_small,61,ILSVRC2012_val_00003190.JPEG,final,14,stage3[3]+gap,7,7,low_score_extreme,0.15,1,True,0.1281590461730957,0.06011328101158142,False,0.3195682466030121
visformer_small,62,ILSVRC2012_val_00003194.JPEG,final,14,stage3[3]+gap,7,7,low_score_extreme,0.15,1,True,-0.058020591735839844,-0.01314234733581543,False,0.28994274139404297
visformer_small,63,ILSVRC2012_val_00003317.JPEG,final,14,stage3[3]+gap,7,7,low_score_extreme,0.15,1,True,-0.030010223388671875,-0.007404744625091553,False,0.2983906865119934
visformer_small,56,ILSVRC2012_val_00002734.JPEG,final,14,stage3[3]+gap,7,7,low_score_extreme,0.15,2,True,0.5863409042358398,0.3831040859222412,False,0.22935478389263153
visformer_small,57,ILSVRC2012_val_00002815.JPEG,final,14,stage3[3]+gap,7,7,low_score_extreme,0.15,2,True,0.3791685104370117,0.11747640371322632,False,0.3390274941921234
visformer_small,58,ILSVRC2012_val_00002932.JPEG,final,14,stage3[3]+gap,7,7,low_score_extreme,0.15,2,True,-0.09350872039794922,-0.00480613112449646,False,0.3055958151817322
visformer_small,59,ILSVRC2012_val_00003096.JPEG,final,14,stage3[3]+gap,7,7,low_score_extreme,0.15,2,True,0.07923221588134766,-0.0070209503173828125,False,0.34723779559135437
visformer_small,60,ILSVRC2012_val_00003145.JPEG,final,14,stage3[3]+gap,7,7,low_score_extreme,0.15,2,True,0.11718273162841797,0.04219791293144226,False,0.24452081322669983
visformer_small,61,ILSVRC2012_val_00003190.JPEG,final,14,stage3[3]+gap,7,7,low_score_extreme,0.15,2,True,0.1281590461730957,0.06011328101158142,False,0.3195682466030121
visformer_small,62,ILSVRC2012_val_00003194.JPEG,final,14,stage3[3]+gap,7,7,low_score_extreme,0.15,2,True,-0.058020591735839844,-0.01314234733581543,False,0.28994274139404297
visformer_small,63,ILSVRC2012_val_00003317.JPEG,final,14,stage3[3]+gap,7,7,low_score_extreme,0.15,2,True,-0.030010223388671875,-0.007404744625091553,False,0.2983906865119934
visformer_small,56,ILSVRC2012_val_00002734.JPEG,final,14,stage3[3]+gap,7,7,low_score_extreme,0.15,3,True,0.5863409042358398,0.3831040859222412,False,0.22935478389263153
visformer_small,57,ILSVRC2012_val_00002815.JPEG,final,14,stage3[3]+gap,7,7,low_score_extreme,0.15,3,True,0.3791685104370117,0.11747640371322632,False,0.3390274941921234
visformer_small,58,ILSVRC2012_val_00002932.JPEG,final,14,stage3[3]+gap,7,7,low_score_extreme,0.15,3,True,-0.09350872039794922,-0.00480613112449646,False,0.3055958151817322
visformer_small,59,ILSVRC2012_val_00003096.JPEG,final,14,stage3[3]+gap,7,7,low_score_extreme,0.15,3,True,0.07923221588134766,-0.0070209503173828125,False,0.34723779559135437
visformer_small,60,ILSVRC2012_val_00003145.JPEG,final,14,stage3[3]+gap,7,7,low_score_extreme,0.15,3,True,0.11718273162841797,0.04219791293144226,False,0.24452081322669983
visformer_small,61,ILSVRC2012_val_00003190.JPEG,final,14,stage3[3]+gap,7,7,low_score_extreme,0.15,3,True,0.1281590461730957,0.06011328101158142,False,0.3195682466030121
visformer_small,62,ILSVRC2012_val_00003194.JPEG,final,14,stage3[3]+gap,7,7,low_score_extreme,0.15,3,True,-0.058020591735839844,-0.01314234733581543,False,0.28994274139404297
visformer_small,63,ILSVRC2012_val_00003317.JPEG,final,14,stage3[3]+gap,7,7,low_score_extreme,0.15,3,True,-0.030010223388671875,-0.007404744625091553,False,0.2983906865119934
visformer_small,56,ILSVRC2012_val_00002734.JPEG,final,14,stage3[3]+gap,7,7,random_uniform,0.15,0,True,0.3831615447998047,0.32845866680145264,False,0.47622111439704895
visformer_small,57,ILSVRC2012_val_00002815.JPEG,final,14,stage3[3]+gap,7,7,random_uniform,0.15,0,True,0.3079404830932617,0.11108529567718506,False,0.6100661754608154
visformer_small,58,ILSVRC2012_val_00002932.JPEG,final,14,stage3[3]+gap,7,7,random_uniform,0.15,0,True,0.08483505249023438,0.028190523386001587,False,0.6482900977134705
visformer_small,59,ILSVRC2012_val_00003096.JPEG,final,14,stage3[3]+gap,7,7,random_uniform,0.15,0,True,0.21513986587524414,0.03192982077598572,False,0.5191366672515869
visformer_small,60,ILSVRC2012_val_00003145.JPEG,final,14,stage3[3]+gap,7,7,random_uniform,0.15,0,True,-0.12351083755493164,-0.029284119606018066,False,0.486990749835968
visformer_small,61,ILSVRC2012_val_00003190.JPEG,final,14,stage3[3]+gap,7,7,random_uniform,0.15,0,True,0.08872079849243164,0.03535488247871399,False,0.579201877117157
visformer_small,62,ILSVRC2012_val_00003194.JPEG,final,14,stage3[3]+gap,7,7,random_uniform,0.15,0,True,0.05076026916503906,0.007449209690093994,False,0.4870142936706543
visformer_small,63,ILSVRC2012_val_00003317.JPEG,final,14,stage3[3]+gap,7,7,random_uniform,0.15,0,True,-0.7617454528808594,-0.09516292065382004,False,0.6093709468841553
visformer_small,56,ILSVRC2012_val_00002734.JPEG,final,14,stage3[3]+gap,7,7,random_uniform,0.15,1,True,0.17370223999023438,0.1256682276725769,False,0.6177738904953003
visformer_small,57,ILSVRC2012_val_00002815.JPEG,final,14,stage3[3]+gap,7,7,random_uniform,0.15,1,True,0.058757781982421875,0.0065048933029174805,False,0.5706939697265625
visformer_small,58,ILSVRC2012_val_00002932.JPEG,final,14,stage3[3]+gap,7,7,random_uniform,0.15,1,True,-0.019620895385742188,-0.007804065942764282,False,0.6485497951507568
visformer_small,59,ILSVRC2012_val_00003096.JPEG,final,14,stage3[3]+gap,7,7,random_uniform,0.15,1,True,-0.1203460693359375,-0.05025246739387512,False,0.6739503741264343
visformer_small,60,ILSVRC2012_val_00003145.JPEG,final,14,stage3[3]+gap,7,7,random_uniform,0.15,1,True,-0.21670293807983398,-0.04192352294921875,False,0.5475132465362549
visformer_small,61,ILSVRC2012_val_00003190.JPEG,final,14,stage3[3]+gap,7,7,random_uniform,0.15,1,True,0.07866477966308594,0.05369266867637634,False,0.5499745607376099
visformer_small,62,ILSVRC2012_val_00003194.JPEG,final,14,stage3[3]+gap,7,7,random_uniform,0.15,1,True,-0.40886497497558594,-0.08634527027606964,False,0.5116485357284546
visformer_small,63,ILSVRC2012_val_00003317.JPEG,final,14,stage3[3]+gap,7,7,random_uniform,0.15,1,True,-0.25478363037109375,-0.03672444820404053,False,0.5252729654312134
visformer_small,56,ILSVRC2012_val_00002734.JPEG,final,14,stage3[3]+gap,7,7,random_uniform,0.15,2,True,0.02087545394897461,0.0024499893188476562,False,0.6399030685424805
visformer_small,57,ILSVRC2012_val_00002815.JPEG,final,14,stage3[3]+gap,7,7,random_uniform,0.15,2,True,0.16809749603271484,0.02796676754951477,False,0.5757641792297363
visformer_small,58,ILSVRC2012_val_00002932.JPEG,final,14,stage3[3]+gap,7,7,random_uniform,0.15,2,True,-0.06171226501464844,-0.026322513818740845,False,0.5313538312911987
visformer_small,59,ILSVRC2012_val_00003096.JPEG,final,14,stage3[3]+gap,7,7,random_uniform,0.15,2,True,-0.020137786865234375,-0.03773924708366394,False,0.7116101980209351
visformer_small,60,ILSVRC2012_val_00003145.JPEG,final,14,stage3[3]+gap,7,7,random_uniform,0.15,2,True,-0.07801246643066406,-0.007772952318191528,False,0.415269672870636
visformer_small,61,ILSVRC2012_val_00003190.JPEG,final,14,stage3[3]+gap,7,7,random_uniform,0.15,2,True,-0.18549299240112305,-0.06013420224189758,False,0.5527550578117371
visformer_small,62,ILSVRC2012_val_00003194.JPEG,final,14,stage3[3]+gap,7,7,random_uniform,0.15,2,True,-0.20268917083740234,-0.04958042502403259,False,0.46251463890075684
visformer_small,63,ILSVRC2012_val_00003317.JPEG,final,14,stage3[3]+gap,7,7,random_uniform,0.15,2,True,-0.26625728607177734,-0.04236805438995361,False,0.5095222592353821
visformer_small,56,ILSVRC2012_val_00002734.JPEG,final,14,stage3[3]+gap,7,7,random_uniform,0.15,3,True,-0.23229503631591797,-0.08033838868141174,False,0.5347143411636353
visformer_small,57,ILSVRC2012_val_00002815.JPEG,final,14,stage3[3]+gap,7,7,random_uniform,0.15,3,True,0.36127471923828125,0.11802637577056885,False,0.5990884304046631
visformer_small,58,ILSVRC2012_val_00002932.JPEG,final,14,stage3[3]+gap,7,7,random_uniform,0.15,3,True,-0.19253158569335938,-0.06036821007728577,False,0.4815373718738556
visformer_small,59,ILSVRC2012_val_00003096.JPEG,final,14,stage3[3]+gap,7,7,random_uniform,0.15,3,True,0.09369754791259766,0.02293229103088379,False,0.6262558698654175
visformer_small,60,ILSVRC2012_val_00003145.JPEG,final,14,stage3[3]+gap,7,7,random_uniform,0.15,3,True,-0.052471160888671875,-0.01008462905883789,False,0.5066754817962646
visformer_small,61,ILSVRC2012_val_00003190.JPEG,final,14,stage3[3]+gap,7,7,random_uniform,0.15,3,True,0.10757780075073242,0.016819536685943604,False,0.6245220899581909
visformer_small,62,ILSVRC2012_val_00003194.JPEG,final,14,stage3[3]+gap,7,7,random_uniform,0.15,3,True,-0.08797454833984375,-0.02080535888671875,False,0.5549417734146118
visformer_small,63,ILSVRC2012_val_00003317.JPEG,final,14,stage3[3]+gap,7,7,random_uniform,0.15,3,True,-0.6725835800170898,-0.08691425621509552,False,0.5507380366325378
visformer_small,56,ILSVRC2012_val_00002734.JPEG,final,14,stage3[3]+gap,7,7,score_deviation_extreme,0.15,0,True,0.5863409042358398,0.3831040859222412,False,0.22935478389263153
visformer_small,57,ILSVRC2012_val_00002815.JPEG,final,14,stage3[3]+gap,7,7,score_deviation_extreme,0.15,0,True,0.3791685104370117,0.11747640371322632,False,0.3390274941921234
visformer_small,58,ILSVRC2012_val_00002932.JPEG,final,14,stage3[3]+gap,7,7,score_deviation_extreme,0.15,0,True,-0.09350872039794922,-0.00480613112449646,False,0.3055958151817322
visformer_small,59,ILSVRC2012_val_00003096.JPEG,final,14,stage3[3]+gap,7,7,score_deviation_extreme,0.15,0,True,0.07923221588134766,-0.0070209503173828125,False,0.34723779559135437
visformer_small,60,ILSVRC2012_val_00003145.JPEG,final,14,stage3[3]+gap,7,7,score_deviation_extreme,0.15,0,True,0.06540298461914062,0.025221824645996094,False,0.30042409896850586
visformer_small,61,ILSVRC2012_val_00003190.JPEG,final,14,stage3[3]+gap,7,7,score_deviation_extreme,0.15,0,True,0.1281590461730957,0.06011328101158142,False,0.3195682466030121
visformer_small,62,ILSVRC2012_val_00003194.JPEG,final,14,stage3[3]+gap,7,7,score_deviation_extreme,0.15,0,True,-0.058020591735839844,-0.01314234733581543,False,0.28994274139404297
visformer_small,63,ILSVRC2012_val_00003317.JPEG,final,14,stage3[3]+gap,7,7,score_deviation_extreme,0.15,0,True,-0.030010223388671875,-0.007404744625091553,False,0.2983906865119934
visformer_small,56,ILSVRC2012_val_00002734.JPEG,final,14,stage3[3]+gap,7,7,score_deviation_extreme,0.15,1,True,0.5863409042358398,0.3831040859222412,False,0.22935478389263153
visformer_small,57,ILSVRC2012_val_00002815.JPEG,final,14,stage3[3]+gap,7,7,score_deviation_extreme,0.15,1,True,0.3791685104370117,0.11747640371322632,False,0.3390274941921234
visformer_small,58,ILSVRC2012_val_00002932.JPEG,final,14,stage3[3]+gap,7,7,score_deviation_extreme,0.15,1,True,-0.09350872039794922,-0.00480613112449646,False,0.3055958151817322
visformer_small,59,ILSVRC2012_val_00003096.JPEG,final,14,stage3[3]+gap,7,7,score_deviation_extreme,0.15,1,True,0.07923221588134766,-0.0070209503173828125,False,0.34723779559135437
visformer_small,60,ILSVRC2012_val_00003145.JPEG,final,14,stage3[3]+gap,7,7,score_deviation_extreme,0.15,1,True,0.06540298461914062,0.025221824645996094,False,0.30042409896850586
visformer_small,61,ILSVRC2012_val_00003190.JPEG,final,14,stage3[3]+gap,7,7,score_deviation_extreme,0.15,1,True,0.1281590461730957,0.06011328101158142,False,0.3195682466030121
visformer_small,62,ILSVRC2012_val_00003194.JPEG,final,14,stage3[3]+gap,7,7,score_deviation_extreme,0.15,1,True,-0.058020591735839844,-0.01314234733581543,False,0.28994274139404297
visformer_small,63,ILSVRC2012_val_00003317.JPEG,final,14,stage3[3]+gap,7,7,score_deviation_extreme,0.15,1,True,-0.030010223388671875,-0.007404744625091553,False,0.2983906865119934
visformer_small,56,ILSVRC2012_val_00002734.JPEG,final,14,stage3[3]+gap,7,7,score_deviation_extreme,0.15,2,True,0.5863409042358398,0.3831040859222412,False,0.22935478389263153
visformer_small,57,ILSVRC2012_val_00002815.JPEG,final,14,stage3[3]+gap,7,7,score_deviation_extreme,0.15,2,True,0.3791685104370117,0.11747640371322632,False,0.3390274941921234
visformer_small,58,ILSVRC2012_val_00002932.JPEG,final,14,stage3[3]+gap,7,7,score_deviation_extreme,0.15,2,True,-0.09350872039794922,-0.00480613112449646,False,0.3055958151817322
visformer_small,59,ILSVRC2012_val_00003096.JPEG,final,14,stage3[3]+gap,7,7,score_deviation_extreme,0.15,2,True,0.07923221588134766,-0.0070209503173828125,False,0.34723779559135437
visformer_small,60,ILSVRC2012_val_00003145.JPEG,final,14,stage3[3]+gap,7,7,score_deviation_extreme,0.15,2,True,0.06540298461914062,0.025221824645996094,False,0.30042409896850586
visformer_small,61,ILSVRC2012_val_00003190.JPEG,final,14,stage3[3]+gap,7,7,score_deviation_extreme,0.15,2,True,0.1281590461730957,0.06011328101158142,False,0.3195682466030121
visformer_small,62,ILSVRC2012_val_00003194.JPEG,final,14,stage3[3]+gap,7,7,score_deviation_extreme,0.15,2,True,-0.058020591735839844,-0.01314234733581543,False,0.28994274139404297
visformer_small,63,ILSVRC2012_val_00003317.JPEG,final,14,stage3[3]+gap,7,7,score_deviation_extreme,0.15,2,True,-0.030010223388671875,-0.007404744625091553,False,0.2983906865119934
visformer_small,56,ILSVRC2012_val_00002734.JPEG,final,14,stage3[3]+gap,7,7,score_deviation_extreme,0.15,3,True,0.5863409042358398,0.3831040859222412,False,0.22935478389263153
visformer_small,57,ILSVRC2012_val_00002815.JPEG,final,14,stage3[3]+gap,7,7,score_deviation_extreme,0.15,3,True,0.3791685104370117,0.11747640371322632,False,0.3390274941921234
visformer_small,58,ILSVRC2012_val_00002932.JPEG,final,14,stage3[3]+gap,7,7,score_deviation_extreme,0.15,3,True,-0.09350872039794922,-0.00480613112449646,False,0.3055958151817322
visformer_small,59,ILSVRC2012_val_00003096.JPEG,final,14,stage3[3]+gap,7,7,score_deviation_extreme,0.15,3,True,0.07923221588134766,-0.0070209503173828125,False,0.34723779559135437
visformer_small,60,ILSVRC2012_val_00003145.JPEG,final,14,stage3[3]+gap,7,7,score_deviation_extreme,0.15,3,True,0.06540298461914062,0.025221824645996094,False,0.30042409896850586
visformer_small,61,ILSVRC2012_val_00003190.JPEG,final,14,stage3[3]+gap,7,7,score_deviation_extreme,0.15,3,True,0.1281590461730957,0.06011328101158142,False,0.3195682466030121
visformer_small,62,ILSVRC2012_val_00003194.JPEG,final,14,stage3[3]+gap,7,7,score_deviation_extreme,0.15,3,True,-0.058020591735839844,-0.01314234733581543,False,0.28994274139404297
visformer_small,63,ILSVRC2012_val_00003317.JPEG,final,14,stage3[3]+gap,7,7,score_deviation_extreme,0.15,3,True,-0.030010223388671875,-0.007404744625091553,False,0.2983906865119934
