source_model,target_model,condition,sample_index,image_name,target_clean_correct,raw_target_gradient_cosine,processed_target_gradient_cosine,raw_target_sign_agreement,processed_target_sign_agreement,one_step_target_logit_drop,one_step_target_loss_increase
vit_base_patch16_224,cait_s24_224,uniform_opponent,0,ILSVRC2012_val_00031361.JPEG,True,0.0073409960605204105,0.009694555774331093,0.5101708769798279,0.5116722583770752,0.16226959228515625,0.027168184518814087
vit_base_patch16_224,cait_s24_224,uniform_opponent,1,ILSVRC2012_val_00031410.JPEG,True,0.009593846276402473,0.01093359850347042,0.5067362785339355,0.5085233449935913,-0.03599357604980469,-0.001191943883895874
vit_base_patch16_224,cait_s24_224,global_preserve_opponent,0,ILSVRC2012_val_00031361.JPEG,True,0.0008647274225950241,0.0016507180407643318,0.5088887214660645,0.5108750462532043,0.19529342651367188,0.02594693750143051
vit_base_patch16_224,cait_s24_224,global_preserve_opponent,1,ILSVRC2012_val_00031410.JPEG,True,0.014175104908645153,0.015307921916246414,0.5077660083770752,0.5091478228569031,-0.043590545654296875,-0.00417618453502655
vit_base_patch16_224,cait_s24_224,route_balance_opponent,0,ILSVRC2012_val_00031361.JPEG,True,0.007202839013189077,0.00963528361171484,0.5099782347679138,0.511306881904602,0.16588497161865234,0.027469784021377563
vit_base_patch16_224,cait_s24_224,route_balance_opponent,1,ILSVRC2012_val_00031410.JPEG,True,0.009274473413825035,0.010655914433300495,0.5063974857330322,0.5077726244926453,-0.024156570434570312,6.671249866485596e-05
vit_base_patch16_224,cait_s24_224,semantic_equivalent_opponent,0,ILSVRC2012_val_00031361.JPEG,True,0.0007808906957507133,0.0016090162098407745,0.5088621377944946,0.5109747052192688,0.18946361541748047,0.024669647216796875
vit_base_patch16_224,cait_s24_224,semantic_equivalent_opponent,1,ILSVRC2012_val_00031410.JPEG,True,0.01399078220129013,0.015159539878368378,0.5071216225624084,0.509200930595398,-0.058307647705078125,-0.00568312406539917
vit_base_patch16_224,cait_s24_224,shuffled_semantic_opponent,0,ILSVRC2012_val_00031361.JPEG,True,0.0006785765290260315,0.0014746962115168571,0.5088156461715698,0.5106359124183655,0.18252182006835938,0.024087518453598022
vit_base_patch16_224,cait_s24_224,shuffled_semantic_opponent,1,ILSVRC2012_val_00031410.JPEG,True,0.013704371638596058,0.014837251044809818,0.5072212219238281,0.5085565447807312,-0.08124351501464844,-0.00889827311038971
vit_base_patch16_224,cait_s24_224,semantic_equivalent_feature_gaussian,0,ILSVRC2012_val_00031361.JPEG,True,0.008663837797939777,0.009388532489538193,0.5164487957954407,0.5174917578697205,0.36472606658935547,0.04124842584133148
vit_base_patch16_224,cait_s24_224,semantic_equivalent_feature_gaussian,1,ILSVRC2012_val_00031410.JPEG,True,0.01053424458950758,0.01199452392756939,0.5172592401504517,0.5200892686843872,0.32715606689453125,0.05637393891811371
vit_base_patch16_224,cait_s24_224,uniform_opponent,2,ILSVRC2012_val_00031472.JPEG,True,0.013846281915903091,0.01397558581084013,0.5075201988220215,0.5074471235275269,0.18857383728027344,0.011345826089382172
vit_base_patch16_224,cait_s24_224,uniform_opponent,3,ILSVRC2012_val_00031495.JPEG,True,0.004800052847713232,0.0065437015146017075,0.5066632032394409,0.5082376599311829,0.25186920166015625,0.048895880579948425
vit_base_patch16_224,cait_s24_224,global_preserve_opponent,2,ILSVRC2012_val_00031472.JPEG,True,0.015064619481563568,0.015167446807026863,0.5075998902320862,0.5077660083770752,0.14326000213623047,0.007255218923091888
vit_base_patch16_224,cait_s24_224,global_preserve_opponent,3,ILSVRC2012_val_00031495.JPEG,True,0.02875084988772869,0.03002842329442501,0.5073075890541077,0.5082775354385376,0.19505882263183594,0.031059563159942627
vit_base_patch16_224,cait_s24_224,route_balance_opponent,2,ILSVRC2012_val_00031472.JPEG,True,0.013411780819296837,0.013491679914295673,0.5073208808898926,0.5076131820678711,0.20395469665527344,0.012501291930675507
vit_base_patch16_224,cait_s24_224,route_balance_opponent,3,ILSVRC2012_val_00031495.JPEG,True,0.006771574262529612,0.008517419919371605,0.5071016550064087,0.5085698366165161,0.25368404388427734,0.05005994439125061
vit_base_patch16_224,cait_s24_224,semantic_equivalent_opponent,2,ILSVRC2012_val_00031472.JPEG,True,0.014709582552313805,0.014749858528375626,0.5076663494110107,0.5081048011779785,0.17017269134521484,0.009602777659893036
vit_base_patch16_224,cait_s24_224,semantic_equivalent_opponent,3,ILSVRC2012_val_00031495.JPEG,True,0.027634765952825546,0.029018638655543327,0.5075600743293762,0.5086894035339355,0.20614910125732422,0.032084569334983826
vit_base_patch16_224,cait_s24_224,shuffled_semantic_opponent,2,ILSVRC2012_val_00031472.JPEG,True,0.015101892873644829,0.015220094472169876,0.5075268149375916,0.5077992081642151,0.143218994140625,0.007367663085460663
vit_base_patch16_224,cait_s24_224,shuffled_semantic_opponent,3,ILSVRC2012_val_00031495.JPEG,True,0.0294185783714056,0.030622679740190506,0.5069156289100647,0.5082908272743225,0.19611072540283203,0.03112933039665222
vit_base_patch16_224,cait_s24_224,semantic_equivalent_feature_gaussian,2,ILSVRC2012_val_00031472.JPEG,True,-0.007361555006355047,-0.006955879740417004,0.5104897618293762,0.5110676884651184,0.31288909912109375,0.05429639667272568
vit_base_patch16_224,cait_s24_224,semantic_equivalent_feature_gaussian,3,ILSVRC2012_val_00031495.JPEG,True,0.015039895661175251,0.01463661901652813,0.5161166191101074,0.5183886289596558,0.44026660919189453,0.07546484470367432
vit_base_patch16_224,cait_s24_224,uniform_opponent,4,ILSVRC2012_val_00031548.JPEG,True,0.0015507139032706618,0.002086648717522621,0.5102705359458923,0.5105761289596558,0.10682868957519531,0.0599125474691391
vit_base_patch16_224,cait_s24_224,uniform_opponent,5,ILSVRC2012_val_00031586.JPEG,True,0.04455993324518204,0.05065174400806427,0.5162893533706665,0.5165749788284302,0.09437179565429688,0.016865313053131104
vit_base_patch16_224,cait_s24_224,global_preserve_opponent,4,ILSVRC2012_val_00031548.JPEG,True,-0.005675284657627344,-0.004684561863541603,0.5181361436843872,0.5171329975128174,0.2731456756591797,0.15245719254016876
vit_base_patch16_224,cait_s24_224,global_preserve_opponent,5,ILSVRC2012_val_00031586.JPEG,True,0.047057874500751495,0.05317888781428337,0.5167477130889893,0.5169603228569031,0.09478187561035156,0.017347216606140137
vit_base_patch16_224,cait_s24_224,route_balance_opponent,4,ILSVRC2012_val_00031548.JPEG,True,0.0017421420197933912,0.0022248937748372555,0.5094534158706665,0.5093869566917419,0.1284475326538086,0.05658215284347534
vit_base_patch16_224,cait_s24_224,route_balance_opponent,5,ILSVRC2012_val_00031586.JPEG,True,0.04337562620639801,0.04934046044945717,0.5162428021430969,0.5162959694862366,0.09873008728027344,0.017082415521144867
vit_base_patch16_224,cait_s24_224,semantic_equivalent_opponent,4,ILSVRC2012_val_00031548.JPEG,True,-0.005621860735118389,-0.004652273841202259,0.5174120664596558,0.5171396732330322,0.2709932327270508,0.15613152086734772
vit_base_patch16_224,cait_s24_224,semantic_equivalent_opponent,5,ILSVRC2012_val_00031586.JPEG,True,0.045681893825531006,0.051699042320251465,0.5164355039596558,0.5168872475624084,0.07779598236083984,0.016273632645606995
vit_base_patch16_224,cait_s24_224,shuffled_semantic_opponent,4,ILSVRC2012_val_00031548.JPEG,True,-0.005947161465883255,-0.004956862423568964,0.5181029438972473,0.5174120664596558,0.28429508209228516,0.15915916860103607
vit_base_patch16_224,cait_s24_224,shuffled_semantic_opponent,5,ILSVRC2012_val_00031586.JPEG,True,0.04716067016124725,0.053270965814590454,0.5169005393981934,0.5168473720550537,0.09300708770751953,0.016961492598056793
vit_base_patch16_224,cait_s24_224,semantic_equivalent_feature_gaussian,4,ILSVRC2012_val_00031548.JPEG,True,0.005037324037402868,0.00498836487531662,0.5285594463348389,0.5291042327880859,0.32430458068847656,0.18658386170864105
vit_base_patch16_224,cait_s24_224,semantic_equivalent_feature_gaussian,5,ILSVRC2012_val_00031586.JPEG,True,0.04494425654411316,0.050428420305252075,0.5111009478569031,0.5117785334587097,0.21385860443115234,0.03886847198009491
vit_base_patch16_224,cait_s24_224,uniform_opponent,6,ILSVRC2012_val_00031588.JPEG,True,-0.006902294233441353,-0.006912942975759506,0.5020660758018494,0.501747190952301,-0.036217689514160156,0.00043318793177604675
vit_base_patch16_224,cait_s24_224,uniform_opponent,7,ILSVRC2012_val_00031593.JPEG,True,0.013498449698090553,0.018499746918678284,0.49760177731513977,0.4975021183490753,0.07415771484375,0.004570025950670242
vit_base_patch16_224,cait_s24_224,global_preserve_opponent,6,ILSVRC2012_val_00031588.JPEG,True,-0.0072236680425703526,-0.007229331880807877,0.5010363459587097,0.500996470451355,-0.03367805480957031,0.000230398029088974
vit_base_patch16_224,cait_s24_224,global_preserve_opponent,7,ILSVRC2012_val_00031593.JPEG,True,0.013916777446866035,0.019211964681744576,0.4972696006298065,0.4973825514316559,0.04666900634765625,0.0028876475989818573
vit_base_patch16_224,cait_s24_224,route_balance_opponent,6,ILSVRC2012_val_00031588.JPEG,True,-0.006783934310078621,-0.00684240972623229,0.5018268823623657,0.5018069744110107,-0.04811382293701172,-0.0006264597177505493
vit_base_patch16_224,cait_s24_224,route_balance_opponent,7,ILSVRC2012_val_00031593.JPEG,True,0.01494559831917286,0.021081792190670967,0.49720317125320435,0.49774792790412903,0.03256034851074219,0.0020192451775074005
vit_base_patch16_224,cait_s24_224,semantic_equivalent_opponent,6,ILSVRC2012_val_00031588.JPEG,True,-0.006994821596890688,-0.007042590528726578,0.5012090802192688,0.5007108449935913,-0.04467201232910156,-0.00042962655425071716
vit_base_patch16_224,cait_s24_224,semantic_equivalent_opponent,7,ILSVRC2012_val_00031593.JPEG,True,0.015359407290816307,0.021814223378896713,0.4969640076160431,0.49743568897247314,0.0041370391845703125,0.00041798874735832214
vit_base_patch16_224,cait_s24_224,shuffled_semantic_opponent,6,ILSVRC2012_val_00031588.JPEG,True,-0.0072243125177919865,-0.0072295181453228,0.5011492967605591,0.5008105039596558,-0.046982765197753906,-0.0003089793026447296
vit_base_patch16_224,cait_s24_224,shuffled_semantic_opponent,7,ILSVRC2012_val_00031593.JPEG,True,0.014169215224683285,0.01954537257552147,0.4971500337123871,0.49729618430137634,0.04239463806152344,0.0026030652225017548
vit_base_patch16_224,cait_s24_224,semantic_equivalent_feature_gaussian,6,ILSVRC2012_val_00031588.JPEG,True,-0.0018844236619770527,-0.002016012091189623,0.5010363459587097,0.5031622052192688,0.020349502563476562,0.004805110394954681
vit_base_patch16_224,cait_s24_224,semantic_equivalent_feature_gaussian,7,ILSVRC2012_val_00031593.JPEG,True,0.0009485122282058001,-0.0005531255155801773,0.5016608238220215,0.5027170777320862,0.014417648315429688,0.0008829124271869659
vit_base_patch16_224,cait_s24_224,uniform_opponent,8,ILSVRC2012_val_00031629.JPEG,True,0.009014786221086979,0.010026851668953896,0.5071415305137634,0.5076995491981506,-0.006328582763671875,-0.0002177804708480835
vit_base_patch16_224,cait_s24_224,uniform_opponent,9,ILSVRC2012_val_00031647.JPEG,True,0.002581327920779586,0.002271760255098343,0.5105960369110107,0.5097922086715698,0.043128013610839844,0.003716409206390381
vit_base_patch16_224,cait_s24_224,global_preserve_opponent,8,ILSVRC2012_val_00031629.JPEG,True,0.008511140011250973,0.009430916979908943,0.5070152878761292,0.5073673725128174,0.056517601013183594,0.006600409746170044
vit_base_patch16_224,cait_s24_224,global_preserve_opponent,9,ILSVRC2012_val_00031647.JPEG,True,0.0032805358059704304,0.003104614559561014,0.5105428695678711,0.5104631781578064,0.040576934814453125,0.003243871033191681
vit_base_patch16_224,cait_s24_224,route_balance_opponent,8,ILSVRC2012_val_00031629.JPEG,True,0.009095447137951851,0.010014113038778305,0.5063244104385376,0.5066632032394409,0.044475555419921875,0.005130290985107422
vit_base_patch16_224,cait_s24_224,route_balance_opponent,9,ILSVRC2012_val_00031647.JPEG,True,0.0025621771346777678,0.0022450427059084177,0.5103768110275269,0.509353756904602,0.043786048889160156,0.003786131739616394
vit_base_patch16_224,cait_s24_224,semantic_equivalent_opponent,8,ILSVRC2012_val_00031629.JPEG,True,0.0083999652415514,0.009222188033163548,0.5067894458770752,0.5064107775688171,0.06728839874267578,0.007959209382534027
vit_base_patch16_224,cait_s24_224,semantic_equivalent_opponent,9,ILSVRC2012_val_00031647.JPEG,True,0.0032988511957228184,0.0031170574948191643,0.5109016299247742,0.5108351707458496,0.045317649841308594,0.003602735698223114
vit_base_patch16_224,cait_s24_224,shuffled_semantic_opponent,8,ILSVRC2012_val_00031629.JPEG,True,0.008203668519854546,0.009097198024392128,0.5072876811027527,0.5073607563972473,0.07975006103515625,0.009573757648468018
vit_base_patch16_224,cait_s24_224,shuffled_semantic_opponent,9,ILSVRC2012_val_00031647.JPEG,True,0.0033747460693120956,0.0032092216424643993,0.510350227355957,0.5101509094238281,0.036385536193847656,0.0029454976320266724
vit_base_patch16_224,cait_s24_224,semantic_equivalent_feature_gaussian,8,ILSVRC2012_val_00031629.JPEG,True,-9.255949407815933e-06,0.0008970196358859539,0.5076729655265808,0.5082177519798279,0.0886383056640625,0.01171925663948059
vit_base_patch16_224,cait_s24_224,semantic_equivalent_feature_gaussian,9,ILSVRC2012_val_00031647.JPEG,True,0.0011206381022930145,0.0010437521850690246,0.5026041865348816,0.5031887888908386,-0.017724037170410156,-0.0004185140132904053
vit_base_patch16_224,cait_s24_224,uniform_opponent,10,ILSVRC2012_val_00031670.JPEG,True,0.011711479164659977,0.012825295329093933,0.5203882455825806,0.5205609798431396,0.37534046173095703,0.12303334474563599
vit_base_patch16_224,cait_s24_224,uniform_opponent,11,ILSVRC2012_val_00031686.JPEG,True,0.007790249772369862,0.008149754256010056,0.5263140201568604,0.5271511077880859,0.017844200134277344,0.01899784803390503
vit_base_patch16_224,cait_s24_224,global_preserve_opponent,10,ILSVRC2012_val_00031670.JPEG,True,0.013668311759829521,0.014737065881490707,0.5209994316101074,0.5221088528633118,0.42383480072021484,0.1437983214855194
vit_base_patch16_224,cait_s24_224,global_preserve_opponent,11,ILSVRC2012_val_00031686.JPEG,True,0.006442049518227577,0.006752773188054562,0.5264003872871399,0.527948260307312,-0.008901596069335938,0.018370836973190308
vit_base_patch16_224,cait_s24_224,route_balance_opponent,10,ILSVRC2012_val_00031670.JPEG,True,0.011516079306602478,0.012604383751749992,0.5205343961715698,0.5203417539596558,0.38562488555908203,0.12580975890159607
vit_base_patch16_224,cait_s24_224,route_balance_opponent,11,ILSVRC2012_val_00031686.JPEG,True,0.008011694997549057,0.00846759881824255,0.5257759094238281,0.5270913243293762,-0.004473686218261719,0.013685166835784912
vit_base_patch16_224,cait_s24_224,semantic_equivalent_opponent,10,ILSVRC2012_val_00031670.JPEG,True,0.013649608008563519,0.014695952646434307,0.5215441584587097,0.5219095349311829,0.4008970260620117,0.1421028971672058
vit_base_patch16_224,cait_s24_224,semantic_equivalent_opponent,11,ILSVRC2012_val_00031686.JPEG,True,0.006716429255902767,0.00713721290230751,0.5266993641853333,0.5278751850128174,0.011563301086425781,0.020144782960414886
vit_base_patch16_224,cait_s24_224,shuffled_semantic_opponent,10,ILSVRC2012_val_00031670.JPEG,True,0.013762649148702621,0.014847686514258385,0.5209861397743225,0.5219295024871826,0.4207448959350586,0.14271265268325806
vit_base_patch16_224,cait_s24_224,shuffled_semantic_opponent,11,ILSVRC2012_val_00031686.JPEG,True,0.006184195168316364,0.006587116047739983,0.5268322229385376,0.5278685688972473,-0.0062999725341796875,0.01850210130214691
vit_base_patch16_224,cait_s24_224,semantic_equivalent_feature_gaussian,10,ILSVRC2012_val_00031670.JPEG,True,0.008404962718486786,0.00965142622590065,0.5307849645614624,0.5303199291229248,0.25908851623535156,0.1202540397644043
vit_base_patch16_224,cait_s24_224,semantic_equivalent_feature_gaussian,11,ILSVRC2012_val_00031686.JPEG,True,0.01181491743773222,0.01195432711392641,0.528094470500946,0.529071033000946,0.021895408630371094,0.01644144207239151
vit_base_patch16_224,cait_s24_224,uniform_opponent,12,ILSVRC2012_val_00031762.JPEG,True,0.15635180473327637,0.16542884707450867,0.5391023755073547,0.5385177731513977,2.7111024856567383,2.355787754058838
vit_base_patch16_224,cait_s24_224,uniform_opponent,13,ILSVRC2012_val_00031783.JPEG,True,0.05097799748182297,0.05162936449050903,0.5237430930137634,0.5227000713348389,0.6768283843994141,0.2652261257171631
vit_base_patch16_224,cait_s24_224,global_preserve_opponent,12,ILSVRC2012_val_00031762.JPEG,True,0.14375612139701843,0.15530052781105042,0.5389628410339355,0.5407499074935913,2.4437007904052734,2.021700382232666
vit_base_patch16_224,cait_s24_224,global_preserve_opponent,13,ILSVRC2012_val_00031783.JPEG,True,0.04439963027834892,0.04479677230119705,0.5216770172119141,0.5206738710403442,0.6441211700439453,0.2562139332294464
vit_base_patch16_224,cait_s24_224,route_balance_opponent,12,ILSVRC2012_val_00031762.JPEG,True,0.15563984215259552,0.1647101193666458,0.538663923740387,0.5381723046302795,2.7467236518859863,2.323476791381836
vit_base_patch16_224,cait_s24_224,route_balance_opponent,13,ILSVRC2012_val_00031783.JPEG,True,0.05021562799811363,0.05095477029681206,0.5230920314788818,0.5228993892669678,0.6308307647705078,0.256193608045578
vit_base_patch16_224,cait_s24_224,semantic_equivalent_opponent,12,ILSVRC2012_val_00031762.JPEG,True,0.14449191093444824,0.1560521274805069,0.5394012928009033,0.5409757494926453,2.48726749420166,2.0843143463134766
vit_base_patch16_224,cait_s24_224,semantic_equivalent_opponent,13,ILSVRC2012_val_00031783.JPEG,True,0.04402463138103485,0.04443501681089401,0.5219759941101074,0.520919680595398,0.6183185577392578,0.2555367350578308
vit_base_patch16_224,cait_s24_224,shuffled_semantic_opponent,12,ILSVRC2012_val_00031762.JPEG,True,0.1437944769859314,0.15529555082321167,0.5391621589660645,0.540789783000946,2.4954452514648438,2.056152105331421
vit_base_patch16_224,cait_s24_224,shuffled_semantic_opponent,13,ILSVRC2012_val_00031783.JPEG,True,0.044214341789484024,0.044622983783483505,0.5218696594238281,0.5207602381706238,0.6326580047607422,0.258131742477417
vit_base_patch16_224,cait_s24_224,semantic_equivalent_feature_gaussian,12,ILSVRC2012_val_00031762.JPEG,True,0.19746598601341248,0.207312673330307,0.5567336082458496,0.5565941333770752,3.505916118621826,3.073669910430908
vit_base_patch16_224,cait_s24_224,semantic_equivalent_feature_gaussian,13,ILSVRC2012_val_00031783.JPEG,True,0.04565102979540825,0.046271175146102905,0.5278154015541077,0.5271975994110107,0.7983188629150391,0.3286595344543457
vit_base_patch16_224,cait_s24_224,uniform_opponent,14,ILSVRC2012_val_00031785.JPEG,True,0.0038224156014621258,0.0030536197591573,0.5132865905761719,0.512509286403656,0.0062808990478515625,0.01773054152727127
vit_base_patch16_224,cait_s24_224,uniform_opponent,15,ILSVRC2012_val_00031789.JPEG,True,0.003354305401444435,0.003297608345746994,0.5022919178009033,0.5028300285339355,-0.030966758728027344,-0.004184097051620483
vit_base_patch16_224,cait_s24_224,global_preserve_opponent,14,ILSVRC2012_val_00031785.JPEG,True,0.009193493984639645,0.008627479895949364,0.5136784911155701,0.5139309763908386,-0.011954307556152344,0.015104271471500397
vit_base_patch16_224,cait_s24_224,global_preserve_opponent,15,ILSVRC2012_val_00031789.JPEG,True,0.0036600586026906967,0.0035738549195230007,0.5021457672119141,0.5030758380889893,-0.052962303161621094,-0.007113859057426453
vit_base_patch16_224,cait_s24_224,route_balance_opponent,14,ILSVRC2012_val_00031785.JPEG,True,0.003931059502065182,0.003156420076265931,0.5134792327880859,0.5126421451568604,0.006497383117675781,0.017794907093048096
vit_base_patch16_224,cait_s24_224,route_balance_opponent,15,ILSVRC2012_val_00031789.JPEG,True,0.0032177078537642956,0.0031557921320199966,0.5018069744110107,0.5024912357330322,-0.040963172912597656,-0.005607619881629944
vit_base_patch16_224,cait_s24_224,semantic_equivalent_opponent,14,ILSVRC2012_val_00031785.JPEG,True,0.00920412689447403,0.008637683466076851,0.513671875,0.5138911008834839,-0.011862754821777344,0.015147686004638672
vit_base_patch16_224,cait_s24_224,semantic_equivalent_opponent,15,ILSVRC2012_val_00031789.JPEG,True,0.003486276138573885,0.0033950768411159515,0.501933217048645,0.5029894709587097,-0.038445472717285156,-0.005245670676231384
vit_base_patch16_224,cait_s24_224,shuffled_semantic_opponent,14,ILSVRC2012_val_00031785.JPEG,True,0.009221475571393967,0.008633607067167759,0.5137981176376343,0.5139508843421936,-0.008731842041015625,0.015245072543621063
vit_base_patch16_224,cait_s24_224,shuffled_semantic_opponent,15,ILSVRC2012_val_00031789.JPEG,True,0.0036910560447722673,0.003599031362682581,0.502364993095398,0.5030559301376343,-0.043450355529785156,-0.005918368697166443
vit_base_patch16_224,cait_s24_224,semantic_equivalent_feature_gaussian,14,ILSVRC2012_val_00031785.JPEG,True,0.01950143650174141,0.018348779529333115,0.5153061151504517,0.5156914591789246,0.01735401153564453,0.015803687274456024
vit_base_patch16_224,cait_s24_224,semantic_equivalent_feature_gaussian,15,ILSVRC2012_val_00031789.JPEG,True,0.004139754455536604,0.005670041311532259,0.507626473903656,0.5072942972183228,-0.058539390563964844,-0.00707361102104187
vit_base_patch16_224,cait_s24_224,uniform_opponent,16,ILSVRC2012_val_00031922.JPEG,True,0.0005355135072022676,0.0006250693695619702,0.5029363036155701,0.5022321343421936,0.08393573760986328,0.004507489502429962
vit_base_patch16_224,cait_s24_224,uniform_opponent,17,ILSVRC2012_val_00031927.JPEG,True,0.015988072380423546,0.016216572374105453,0.5110477805137634,0.5120974183082581,0.18146896362304688,0.030039623379707336
vit_base_patch16_224,cait_s24_224,global_preserve_opponent,16,ILSVRC2012_val_00031922.JPEG,True,0.0007872257265262306,0.0008484142017550766,0.503135621547699,0.5027104616165161,0.10381412506103516,0.005588896572589874
vit_base_patch16_224,cait_s24_224,global_preserve_opponent,17,ILSVRC2012_val_00031927.JPEG,True,0.01911921054124832,0.01907499134540558,0.511134147644043,0.5113400816917419,0.20027542114257812,0.03313706815242767
vit_base_patch16_224,cait_s24_224,route_balance_opponent,16,ILSVRC2012_val_00031922.JPEG,True,0.0006467528874054551,0.0007475966704078019,0.5027170777320862,0.5022985935211182,0.09683895111083984,0.005229528993368149
vit_base_patch16_224,cait_s24_224,route_balance_opponent,17,ILSVRC2012_val_00031927.JPEG,True,0.01522924192249775,0.01549562904983759,0.511140763759613,0.5114995241165161,0.1697063446044922,0.028860926628112793
vit_base_patch16_224,cait_s24_224,semantic_equivalent_opponent,16,ILSVRC2012_val_00031922.JPEG,True,0.0009209348354488611,0.0009944649646058679,0.5026772618293762,0.5024048686027527,0.12343502044677734,0.006701119244098663
vit_base_patch16_224,cait_s24_224,semantic_equivalent_opponent,17,ILSVRC2012_val_00031927.JPEG,True,0.018402384594082832,0.018414504826068878,0.5115261077880859,0.5115061402320862,0.22883033752441406,0.03543633222579956
vit_base_patch16_224,cait_s24_224,shuffled_semantic_opponent,16,ILSVRC2012_val_00031922.JPEG,True,0.0009781145490705967,0.0010361503809690475,0.5025045275688171,0.5026572942733765,0.10695552825927734,0.0057721249759197235
vit_base_patch16_224,cait_s24_224,shuffled_semantic_opponent,17,ILSVRC2012_val_00031927.JPEG,True,0.019078347831964493,0.019039474427700043,0.5113002061843872,0.5111873149871826,0.19603538513183594,0.033014245331287384
vit_base_patch16_224,cait_s24_224,semantic_equivalent_feature_gaussian,16,ILSVRC2012_val_00031922.JPEG,True,0.00026312097907066345,0.0005232552066445351,0.5051618218421936,0.5049691796302795,0.4372701644897461,0.028802089393138885
vit_base_patch16_224,cait_s24_224,semantic_equivalent_feature_gaussian,17,ILSVRC2012_val_00031927.JPEG,True,0.013777647167444229,0.01375553011894226,0.5119512677192688,0.5125425457954407,0.17679405212402344,0.03273692727088928
vit_base_patch16_224,cait_s24_224,uniform_opponent,18,ILSVRC2012_val_00032032.JPEG,True,0.035949647426605225,0.0343816801905632,0.5148610472679138,0.5147148966789246,0.6997976303100586,0.26484614610671997
vit_base_patch16_224,cait_s24_224,uniform_opponent,19,ILSVRC2012_val_00032039.JPEG,True,-0.004674569703638554,-0.004101749509572983,0.4972895383834839,0.4963129758834839,0.09221649169921875,0.00345013290643692
vit_base_patch16_224,cait_s24_224,global_preserve_opponent,18,ILSVRC2012_val_00032032.JPEG,True,0.0356065109372139,0.03400222212076187,0.5149939060211182,0.514083743095398,0.6435279846191406,0.25356757640838623
vit_base_patch16_224,cait_s24_224,global_preserve_opponent,19,ILSVRC2012_val_00032039.JPEG,True,-0.0049626948311924934,-0.0043745883740484715,0.49752870202064514,0.4963727593421936,0.06016254425048828,0.0015948861837387085
vit_base_patch16_224,cait_s24_224,route_balance_opponent,18,ILSVRC2012_val_00032032.JPEG,True,0.03576168417930603,0.03420932590961456,0.5149141550064087,0.5145819783210754,0.7202110290527344,0.268798828125
vit_base_patch16_224,cait_s24_224,route_balance_opponent,19,ILSVRC2012_val_00032039.JPEG,True,-0.004531621001660824,-0.003905844409018755,0.49734267592430115,0.4963129758834839,0.06169414520263672,0.0008193254470825195
vit_base_patch16_224,cait_s24_224,semantic_equivalent_opponent,18,ILSVRC2012_val_00032032.JPEG,True,0.03578289598226547,0.03416552022099495,0.5151400566101074,0.5139508843421936,0.6324291229248047,0.2504267692565918
vit_base_patch16_224,cait_s24_224,semantic_equivalent_opponent,19,ILSVRC2012_val_00032039.JPEG,True,-0.00476858951151371,-0.004129999317228794,0.4975021183490753,0.49591436982154846,0.025740623474121094,-0.0012072622776031494
vit_base_patch16_224,cait_s24_224,shuffled_semantic_opponent,18,ILSVRC2012_val_00032032.JPEG,True,0.03593936190009117,0.03430313616991043,0.5155519247055054,0.5140040516853333,0.6162281036376953,0.2476363331079483
vit_base_patch16_224,cait_s24_224,shuffled_semantic_opponent,19,ILSVRC2012_val_00032039.JPEG,True,-0.004912320524454117,-0.004314269870519638,0.49771469831466675,0.4961402416229248,0.07100296020507812,0.0027599111199378967
vit_base_patch16_224,cait_s24_224,semantic_equivalent_feature_gaussian,18,ILSVRC2012_val_00032032.JPEG,True,0.038715437054634094,0.03689858689904213,0.5178571343421936,0.5170599222183228,0.8034286499023438,0.315482497215271
vit_base_patch16_224,cait_s24_224,semantic_equivalent_feature_gaussian,19,ILSVRC2012_val_00032039.JPEG,True,-0.011529231444001198,-0.012270539999008179,0.5004982352256775,0.4984653890132904,-0.09318256378173828,-0.005948759615421295
vit_base_patch16_224,cait_s24_224,uniform_opponent,20,ILSVRC2012_val_00032046.JPEG,True,0.023101847618818283,0.02249893918633461,0.5196109414100647,0.5209329724311829,-0.005535125732421875,0.010961651802062988
vit_base_patch16_224,cait_s24_224,uniform_opponent,21,ILSVRC2012_val_00032097.JPEG,True,0.0066928439773619175,0.007213189732283354,0.5051552057266235,0.5058194994926453,-0.13355159759521484,-0.003074824810028076
vit_base_patch16_224,cait_s24_224,global_preserve_opponent,20,ILSVRC2012_val_00032046.JPEG,True,0.02544981613755226,0.024771306663751602,0.5231119990348816,0.5224543213844299,-0.01579761505126953,0.01089630275964737
vit_base_patch16_224,cait_s24_224,global_preserve_opponent,21,ILSVRC2012_val_00032097.JPEG,True,0.0044858092442154884,0.005110393278300762,0.5057663917541504,0.5053611397743225,-0.12937641143798828,-0.002694401890039444
vit_base_patch16_224,cait_s24_224,route_balance_opponent,20,ILSVRC2012_val_00032046.JPEG,True,0.02223776839673519,0.02167486771941185,0.5191459655761719,0.520321786403656,0.00226593017578125,0.009799733757972717
vit_base_patch16_224,cait_s24_224,route_balance_opponent,21,ILSVRC2012_val_00032097.JPEG,True,0.006476322188973427,0.006989717949181795,0.5047233700752258,0.5053478479385376,-0.13576507568359375,-0.0033241622149944305
vit_base_patch16_224,cait_s24_224,semantic_equivalent_opponent,20,ILSVRC2012_val_00032046.JPEG,True,0.0252371896058321,0.024555880576372147,0.5231584906578064,0.5226402878761292,0.012395858764648438,0.013460591435432434
vit_base_patch16_224,cait_s24_224,semantic_equivalent_opponent,21,ILSVRC2012_val_00032097.JPEG,True,0.004261788446456194,0.004877597559243441,0.505274772644043,0.5052680969238281,-0.1264963150024414,-0.002583041787147522
vit_base_patch16_224,cait_s24_224,shuffled_semantic_opponent,20,ILSVRC2012_val_00032046.JPEG,True,0.02589399926364422,0.025187082588672638,0.5233245491981506,0.5228130221366882,-0.008952140808105469,0.011619165539741516
vit_base_patch16_224,cait_s24_224,shuffled_semantic_opponent,21,ILSVRC2012_val_00032097.JPEG,True,0.004330388270318508,0.004957464523613453,0.5059324502944946,0.5054142475128174,-0.162445068359375,-0.0038733109831809998
vit_base_patch16_224,cait_s24_224,semantic_equivalent_feature_gaussian,20,ILSVRC2012_val_00032046.JPEG,True,0.00044048530980944633,0.0011106175370514393,0.519551157951355,0.5195046663284302,0.0042018890380859375,0.012131981551647186
vit_base_patch16_224,cait_s24_224,semantic_equivalent_feature_gaussian,21,ILSVRC2012_val_00032097.JPEG,True,-0.008800121024250984,-0.00881173275411129,0.5036936402320862,0.5030293464660645,-0.18877601623535156,-0.004371538758277893
vit_base_patch16_224,cait_s24_224,uniform_opponent,22,ILSVRC2012_val_00032098.JPEG,True,-0.0008700480684638023,-0.0016597304493188858,0.5020262002944946,0.501767098903656,-0.05975914001464844,-0.003961585462093353
vit_base_patch16_224,cait_s24_224,uniform_opponent,23,ILSVRC2012_val_00032102.JPEG,True,-0.006143244449049234,-0.00691455602645874,0.5046901702880859,0.5055537819862366,0.2453460693359375,0.01748926192522049
vit_base_patch16_224,cait_s24_224,global_preserve_opponent,22,ILSVRC2012_val_00032098.JPEG,True,-0.0004458613693714142,-0.0011139297857880592,0.5017073154449463,0.5016076564788818,-0.03352832794189453,-0.0021292641758918762
vit_base_patch16_224,cait_s24_224,global_preserve_opponent,23,ILSVRC2012_val_00032102.JPEG,True,-0.006622253451496363,-0.0071780988946557045,0.5051352381706238,0.5057331323623657,0.26747989654541016,0.01926598697900772
vit_base_patch16_224,cait_s24_224,route_balance_opponent,22,ILSVRC2012_val_00032098.JPEG,True,-0.0009443662129342556,-0.001744858454912901,0.5017338991165161,0.501727283000946,-0.07548713684082031,-0.0051839277148246765
vit_base_patch16_224,cait_s24_224,route_balance_opponent,23,ILSVRC2012_val_00032102.JPEG,True,-0.006172471679747105,-0.006807307247072458,0.5049359798431396,0.5057530999183655,0.22940921783447266,0.016246140003204346
vit_base_patch16_224,cait_s24_224,semantic_equivalent_opponent,22,ILSVRC2012_val_00032098.JPEG,True,-0.0005428898148238659,-0.0012362729758024216,0.5016209483146667,0.5020062923431396,-0.053890228271484375,-0.0035653039813041687
vit_base_patch16_224,cait_s24_224,semantic_equivalent_opponent,23,ILSVRC2012_val_00032102.JPEG,True,-0.006654809229075909,-0.0070703281089663506,0.5053411722183228,0.5058659911155701,0.25259876251220703,0.018079474568367004
vit_base_patch16_224,cait_s24_224,shuffled_semantic_opponent,22,ILSVRC2012_val_00032098.JPEG,True,-0.00015533482655882835,-0.0007563554681837559,0.5024314522743225,0.5016874074935913,-0.036850929260253906,-0.002425454556941986
vit_base_patch16_224,cait_s24_224,shuffled_semantic_opponent,23,ILSVRC2012_val_00032102.JPEG,True,-0.007090807426720858,-0.007682307157665491,0.5050355792045593,0.5061317682266235,0.26631832122802734,0.01915665715932846
vit_base_patch16_224,cait_s24_224,semantic_equivalent_feature_gaussian,22,ILSVRC2012_val_00032098.JPEG,True,0.0020039291121065617,0.0033949106000363827,0.5085698366165161,0.5098785758018494,0.012004852294921875,0.000771649181842804
vit_base_patch16_224,cait_s24_224,semantic_equivalent_feature_gaussian,23,ILSVRC2012_val_00032102.JPEG,True,0.014384719543159008,0.016970375552773476,0.5105030536651611,0.5108351707458496,0.25914955139160156,0.01855052262544632
vit_base_patch16_224,cait_s24_224,uniform_opponent,24,ILSVRC2012_val_00032120.JPEG,True,0.023430343717336655,0.024194642901420593,0.5098652839660645,0.5101907849311829,0.0738534927368164,0.01696399599313736
vit_base_patch16_224,cait_s24_224,uniform_opponent,25,ILSVRC2012_val_00032188.JPEG,True,0.0014785851817578077,0.0015964279882609844,0.5076663494110107,0.5080251097679138,0.4015779495239258,0.043610040098428726
vit_base_patch16_224,cait_s24_224,global_preserve_opponent,24,ILSVRC2012_val_00032120.JPEG,True,0.023980924859642982,0.024265019223093987,0.5076929330825806,0.5077527165412903,0.03161907196044922,0.01003999263048172
vit_base_patch16_224,cait_s24_224,global_preserve_opponent,25,ILSVRC2012_val_00032188.JPEG,True,0.007856903597712517,0.010497231036424637,0.509367048740387,0.5107421875,0.4724569320678711,0.04261710122227669
vit_base_patch16_224,cait_s24_224,route_balance_opponent,24,ILSVRC2012_val_00032120.JPEG,True,0.02202288992702961,0.02251248061656952,0.509539783000946,0.5089020133018494,0.07811832427978516,0.015590652823448181
vit_base_patch16_224,cait_s24_224,route_balance_opponent,25,ILSVRC2012_val_00032188.JPEG,True,0.0014992556534707546,0.0016204679850488901,0.5076331496238708,0.5077726244926453,0.4023571014404297,0.04385120049118996
vit_base_patch16_224,cait_s24_224,semantic_equivalent_opponent,24,ILSVRC2012_val_00032120.JPEG,True,0.020952444523572922,0.020900722593069077,0.5066698789596558,0.506437361240387,0.012547492980957031,0.007943890988826752
vit_base_patch16_224,cait_s24_224,semantic_equivalent_opponent,25,ILSVRC2012_val_00032188.JPEG,True,0.007959974929690361,0.010640137828886509,0.5094733238220215,0.5108750462532043,0.47396087646484375,0.04313589259982109
vit_base_patch16_224,cait_s24_224,shuffled_semantic_opponent,24,ILSVRC2012_val_00032120.JPEG,True,0.023873811587691307,0.024178698658943176,0.5081313848495483,0.5078456997871399,0.02794933319091797,0.009775139391422272
vit_base_patch16_224,cait_s24_224,shuffled_semantic_opponent,25,ILSVRC2012_val_00032188.JPEG,True,0.007943008095026016,0.010659174993634224,0.5093470811843872,0.5107488036155701,0.47508811950683594,0.04250011965632439
vit_base_patch16_224,cait_s24_224,semantic_equivalent_feature_gaussian,24,ILSVRC2012_val_00032120.JPEG,True,0.02154329977929592,0.02070602774620056,0.5107421875,0.510928213596344,0.09403610229492188,0.022918321192264557
vit_base_patch16_224,cait_s24_224,semantic_equivalent_feature_gaussian,25,ILSVRC2012_val_00032188.JPEG,True,0.0015715663321316242,0.0009765191935002804,0.511924684047699,0.5138711929321289,1.1586952209472656,0.22965024411678314
vit_base_patch16_224,cait_s24_224,uniform_opponent,26,ILSVRC2012_val_00032370.JPEG,True,0.002355121076107025,0.0020912522450089455,0.5010762214660645,0.502139151096344,0.13640213012695312,0.01775602251291275
vit_base_patch16_224,cait_s24_224,uniform_opponent,27,ILSVRC2012_val_00032435.JPEG,True,0.050967223942279816,0.05216194689273834,0.5199564099311829,0.5210392475128174,1.145735740661621,0.46515902876853943
vit_base_patch16_224,cait_s24_224,global_preserve_opponent,26,ILSVRC2012_val_00032370.JPEG,True,-0.004049038514494896,-0.0037472452968358994,0.5005049109458923,0.5001461505889893,0.03826618194580078,0.009851507842540741
vit_base_patch16_224,cait_s24_224,global_preserve_opponent,27,ILSVRC2012_val_00032435.JPEG,True,0.04908813536167145,0.05050162971019745,0.5207204222679138,0.5208930969238281,1.262746810913086,0.5301153063774109
vit_base_patch16_224,cait_s24_224,route_balance_opponent,26,ILSVRC2012_val_00032370.JPEG,True,0.0025254387874156237,0.0022826308850198984,0.5013552308082581,0.5020461082458496,0.14184951782226562,0.018208421766757965
vit_base_patch16_224,cait_s24_224,route_balance_opponent,27,ILSVRC2012_val_00032435.JPEG,True,0.050832599401474,0.05199594423174858,0.5196176171302795,0.5203749537467957,1.12579345703125,0.4570675790309906
vit_base_patch16_224,cait_s24_224,semantic_equivalent_opponent,26,ILSVRC2012_val_00032370.JPEG,True,-0.003969748970121145,-0.0036742952652275562,0.4999335706233978,0.5010961294174194,0.04207897186279297,0.010051876306533813
vit_base_patch16_224,cait_s24_224,semantic_equivalent_opponent,27,ILSVRC2012_val_00032435.JPEG,True,0.04949122667312622,0.05088336020708084,0.5206738710403442,0.5211256146430969,1.3182916641235352,0.5605434775352478
vit_base_patch16_224,cait_s24_224,shuffled_semantic_opponent,26,ILSVRC2012_val_00032370.JPEG,True,-0.004001390654593706,-0.003702223300933838,0.5006111860275269,0.5005580186843872,0.012933731079101562,0.007947050034999847
vit_base_patch16_224,cait_s24_224,shuffled_semantic_opponent,27,ILSVRC2012_val_00032435.JPEG,True,0.04945732653141022,0.050896260887384415,0.5210791230201721,0.5213050246238708,1.2616186141967773,0.5314543843269348
vit_base_patch16_224,cait_s24_224,semantic_equivalent_feature_gaussian,26,ILSVRC2012_val_00032370.JPEG,True,-0.0007976139895617962,-0.0008771538268774748,0.5035009980201721,0.503700315952301,-0.031818389892578125,0.009686984121799469
vit_base_patch16_224,cait_s24_224,semantic_equivalent_feature_gaussian,27,ILSVRC2012_val_00032435.JPEG,True,0.08792694658041,0.0894152894616127,0.5286591053009033,0.5276958346366882,1.7071256637573242,0.8512503504753113
vit_base_patch16_224,cait_s24_224,uniform_opponent,28,ILSVRC2012_val_00032552.JPEG,True,-0.004102394450455904,-0.0034321227576583624,0.5026572942733765,0.5037401914596558,-0.16224002838134766,0.001426883041858673
vit_base_patch16_224,cait_s24_224,uniform_opponent,29,ILSVRC2012_val_00032623.JPEG,True,0.09069240093231201,0.09285855293273926,0.5357740521430969,0.5354618430137634,0.6574735641479492,0.4013424813747406
vit_base_patch16_224,cait_s24_224,global_preserve_opponent,28,ILSVRC2012_val_00032552.JPEG,True,-0.010160756297409534,-0.008162451907992363,0.49644583463668823,0.4985716938972473,-0.13687992095947266,-0.010076947510242462
vit_base_patch16_224,cait_s24_224,global_preserve_opponent,29,ILSVRC2012_val_00032623.JPEG,True,0.08384925127029419,0.08648326992988586,0.5336880683898926,0.5328643321990967,0.607762336730957,0.3621022403240204
vit_base_patch16_224,cait_s24_224,route_balance_opponent,28,ILSVRC2012_val_00032552.JPEG,True,-0.004056929145008326,-0.003387609263882041,0.5028566122055054,0.5037335157394409,-0.16070842742919922,0.0015564262866973877
vit_base_patch16_224,cait_s24_224,route_balance_opponent,29,ILSVRC2012_val_00032623.JPEG,True,0.08969730138778687,0.09191592037677765,0.5348373651504517,0.5350432991981506,0.6534061431884766,0.3925808370113373
vit_base_patch16_224,cait_s24_224,semantic_equivalent_opponent,28,ILSVRC2012_val_00032552.JPEG,True,-0.00965494941920042,-0.007679326459765434,0.4969042241573334,0.49901679158210754,-0.10673236846923828,-0.007571302354335785
vit_base_patch16_224,cait_s24_224,semantic_equivalent_opponent,29,ILSVRC2012_val_00032623.JPEG,True,0.08235153555870056,0.085074283182621,0.5333691835403442,0.5325122475624084,0.5879306793212891,0.3479374349117279
vit_base_patch16_224,cait_s24_224,shuffled_semantic_opponent,28,ILSVRC2012_val_00032552.JPEG,True,-0.010488493368029594,-0.008443365804851055,0.49671822786331177,0.4986049234867096,-0.11139297485351562,-0.007799126207828522
vit_base_patch16_224,cait_s24_224,shuffled_semantic_opponent,29,ILSVRC2012_val_00032623.JPEG,True,0.08320043236017227,0.08588352799415588,0.5337478518486023,0.5327447652816772,0.6146965026855469,0.36616984009742737
vit_base_patch16_224,cait_s24_224,semantic_equivalent_feature_gaussian,28,ILSVRC2012_val_00032552.JPEG,True,0.010004391893744469,0.011994723230600357,0.5067096948623657,0.5080450177192688,-0.11957550048828125,-0.005960427224636078
vit_base_patch16_224,cait_s24_224,semantic_equivalent_feature_gaussian,29,ILSVRC2012_val_00032623.JPEG,True,0.10942088067531586,0.11183192580938339,0.5370628833770752,0.5378401279449463,0.8922014236450195,0.5376569032669067
vit_base_patch16_224,cait_s24_224,uniform_opponent,30,ILSVRC2012_val_00032646.JPEG,True,0.012466035783290863,0.014577485620975494,0.5133131146430969,0.5147281289100647,0.5445213317871094,0.3007235527038574
vit_base_patch16_224,cait_s24_224,uniform_opponent,31,ILSVRC2012_val_00032695.JPEG,True,0.005596100818365812,0.008527292869985104,0.5026174783706665,0.5041786432266235,0.047965049743652344,0.004017263650894165
vit_base_patch16_224,cait_s24_224,global_preserve_opponent,30,ILSVRC2012_val_00032646.JPEG,True,0.010472454130649567,0.012434680014848709,0.5139243006706238,0.514668345451355,0.5652980804443359,0.3065754771232605
vit_base_patch16_224,cait_s24_224,global_preserve_opponent,31,ILSVRC2012_val_00032695.JPEG,True,0.0059872521087527275,0.008931021206080914,0.5033748149871826,0.5052083134651184,0.04429054260253906,0.003891289234161377
vit_base_patch16_224,cait_s24_224,route_balance_opponent,30,ILSVRC2012_val_00032646.JPEG,True,0.012737669050693512,0.01486535370349884,0.513260006904602,0.5143627524375916,0.5448369979858398,0.3048064112663269
vit_base_patch16_224,cait_s24_224,route_balance_opponent,31,ILSVRC2012_val_00032695.JPEG,True,0.005406576208770275,0.008290177211165428,0.5023317933082581,0.5033880472183228,0.05104351043701172,0.004407741129398346
vit_base_patch16_224,cait_s24_224,semantic_equivalent_opponent,30,ILSVRC2012_val_00032646.JPEG,True,0.010708384215831757,0.012690374627709389,0.5139176845550537,0.5148144960403442,0.5786647796630859,0.31613099575042725
vit_base_patch16_224,cait_s24_224,semantic_equivalent_opponent,31,ILSVRC2012_val_00032695.JPEG,True,0.005978530738502741,0.008922409266233444,0.5030426383018494,0.5046502947807312,0.048526763916015625,0.004188030958175659
vit_base_patch16_224,cait_s24_224,shuffled_semantic_opponent,30,ILSVRC2012_val_00032646.JPEG,True,0.010420504957437515,0.012370450422167778,0.513877809047699,0.5151267647743225,0.5743408203125,0.3082262873649597
vit_base_patch16_224,cait_s24_224,shuffled_semantic_opponent,31,ILSVRC2012_val_00032695.JPEG,True,0.0060819280333817005,0.009028524160385132,0.5035209655761719,0.5050488710403442,0.050140380859375,0.004360087215900421
vit_base_patch16_224,cait_s24_224,semantic_equivalent_feature_gaussian,30,ILSVRC2012_val_00032646.JPEG,True,0.059937044978141785,0.06114201992750168,0.5214909911155701,0.5210127234458923,0.7982044219970703,0.5404592752456665
vit_base_patch16_224,cait_s24_224,semantic_equivalent_feature_gaussian,31,ILSVRC2012_val_00032695.JPEG,True,0.002369108609855175,0.0008752660360187292,0.5069953799247742,0.5063177347183228,0.046142578125,0.006024420261383057
vit_base_patch16_224,cait_s24_224,uniform_opponent,32,ILSVRC2012_val_00032723.JPEG,True,-0.016977306455373764,-0.01791202649474144,0.5019797086715698,0.5023915767669678,-0.008490562438964844,-0.00042895227670669556
vit_base_patch16_224,cait_s24_224,uniform_opponent,33,ILSVRC2012_val_00032911.JPEG,True,0.023037414997816086,0.022741910070180893,0.5115393996238708,0.5122236609458923,0.19837474822998047,0.06210511922836304
vit_base_patch16_224,cait_s24_224,global_preserve_opponent,32,ILSVRC2012_val_00032723.JPEG,True,-0.01766487956047058,-0.019163791090250015,0.5015212893486023,0.5018202662467957,-0.02074718475341797,-0.001088019460439682
vit_base_patch16_224,cait_s24_224,global_preserve_opponent,33,ILSVRC2012_val_00032911.JPEG,True,0.021631963551044464,0.021813958883285522,0.5120442509651184,0.5133728981018066,0.23483562469482422,0.06918385624885559
vit_base_patch16_224,cait_s24_224,route_balance_opponent,32,ILSVRC2012_val_00032723.JPEG,True,-0.01878061145544052,-0.0198015458881855,0.501554548740387,0.5029163956642151,0.013645172119140625,0.000800006091594696
vit_base_patch16_224,cait_s24_224,route_balance_opponent,33,ILSVRC2012_val_00032911.JPEG,True,0.021518567577004433,0.021073777228593826,0.5104764699935913,0.5110610723495483,0.21878623962402344,0.05863410234451294
vit_base_patch16_224,cait_s24_224,semantic_equivalent_opponent,32,ILSVRC2012_val_00032723.JPEG,True,-0.019198207184672356,-0.02080461010336876,0.5017936825752258,0.5020992755889893,-0.03633594512939453,-0.0019265636801719666
vit_base_patch16_224,cait_s24_224,semantic_equivalent_opponent,33,ILSVRC2012_val_00032911.JPEG,True,0.020711027085781097,0.020848307758569717,0.5112338066101074,0.5123631358146667,0.24273681640625,0.06624257564544678
vit_base_patch16_224,cait_s24_224,shuffled_semantic_opponent,32,ILSVRC2012_val_00032723.JPEG,True,-0.017275217920541763,-0.018750756978988647,0.5018135905265808,0.5019797086715698,-0.006030082702636719,-0.00015704333782196045
vit_base_patch16_224,cait_s24_224,shuffled_semantic_opponent,33,ILSVRC2012_val_00032911.JPEG,True,0.021698035299777985,0.0218842551112175,0.5121240019798279,0.5134792327880859,0.21831226348876953,0.06832408905029297
vit_base_patch16_224,cait_s24_224,semantic_equivalent_feature_gaussian,32,ILSVRC2012_val_00032723.JPEG,True,-0.015042190439999104,-0.016187209635972977,0.49822625517845154,0.4974755644798279,-0.06706905364990234,-0.0039406344294548035
vit_base_patch16_224,cait_s24_224,semantic_equivalent_feature_gaussian,33,ILSVRC2012_val_00032911.JPEG,True,0.01708989217877388,0.015274777077138424,0.5102572441101074,0.510157585144043,0.08000469207763672,0.036340489983558655
vit_base_patch16_224,cait_s24_224,uniform_opponent,34,ILSVRC2012_val_00032926.JPEG,True,-0.0036953636445105076,-0.003448482370004058,0.49994686245918274,0.4993954598903656,-0.006148338317871094,2.7723610401153564e-05
vit_base_patch16_224,cait_s24_224,uniform_opponent,35,ILSVRC2012_val_00032950.JPEG,True,-0.006292292382568121,-0.006725764833390713,0.49517032504081726,0.49495774507522583,-0.07130908966064453,-0.00416264683008194
vit_base_patch16_224,cait_s24_224,global_preserve_opponent,34,ILSVRC2012_val_00032926.JPEG,True,-0.005353911779820919,-0.005321812350302935,0.5004783272743225,0.49957484006881714,0.039786338806152344,0.003246411681175232
vit_base_patch16_224,cait_s24_224,global_preserve_opponent,35,ILSVRC2012_val_00032950.JPEG,True,-0.009033516980707645,-0.009280768223106861,0.494931161403656,0.49481824040412903,-0.025590896606445312,-0.002034522593021393
vit_base_patch16_224,cait_s24_224,route_balance_opponent,34,ILSVRC2012_val_00032926.JPEG,True,-0.0021344723645597696,-0.001960923196747899,0.5001993179321289,0.49932238459587097,-0.004242897033691406,0.00018944591283798218
vit_base_patch16_224,cait_s24_224,route_balance_opponent,35,ILSVRC2012_val_00032950.JPEG,True,-0.0054051377810537815,-0.005854900926351547,0.4950706958770752,0.4944528639316559,-0.05208778381347656,-0.002813197672367096
vit_base_patch16_224,cait_s24_224,semantic_equivalent_opponent,34,ILSVRC2012_val_00032926.JPEG,True,-0.0033799235243350267,-0.0034612035378813744,0.5006643533706665,0.49980735778808594,0.00695037841796875,0.0014809444546699524
vit_base_patch16_224,cait_s24_224,semantic_equivalent_opponent,35,ILSVRC2012_val_00032950.JPEG,True,-0.00890439935028553,-0.00916830264031887,0.49513712525367737,0.49490460753440857,-0.03122997283935547,-0.002305269241333008
vit_base_patch16_224,cait_s24_224,shuffled_semantic_opponent,34,ILSVRC2012_val_00032926.JPEG,True,-0.0053803762421011925,-0.005322339478880167,0.5003321766853333,0.4999335706233978,0.03534412384033203,0.0028802379965782166
vit_base_patch16_224,cait_s24_224,shuffled_semantic_opponent,35,ILSVRC2012_val_00032950.JPEG,True,-0.009117195382714272,-0.00933427456766367,0.49495774507522583,0.4950374662876129,-0.01171875,-0.001133650541305542
vit_base_patch16_224,cait_s24_224,semantic_equivalent_feature_gaussian,34,ILSVRC2012_val_00032926.JPEG,True,-0.0031009670346975327,-0.0017484892159700394,0.503507673740387,0.5031754970550537,0.27733516693115234,0.021117448806762695
vit_base_patch16_224,cait_s24_224,semantic_equivalent_feature_gaussian,35,ILSVRC2012_val_00032950.JPEG,True,-0.007508280221372843,-0.00710083544254303,0.5015013813972473,0.501348614692688,0.03160381317138672,0.0018064454197883606
vit_base_patch16_224,cait_s24_224,uniform_opponent,36,ILSVRC2012_val_00033014.JPEG,True,0.014105034992098808,0.01412978582084179,0.5123432278633118,0.5136386752128601,0.28607940673828125,0.16319939494132996
vit_base_patch16_224,cait_s24_224,uniform_opponent,37,ILSVRC2012_val_00033018.JPEG,True,0.05460663139820099,0.05639877915382385,0.5160302519798279,0.516202986240387,0.27663135528564453,0.11347503960132599
vit_base_patch16_224,cait_s24_224,global_preserve_opponent,36,ILSVRC2012_val_00033014.JPEG,True,0.011922020465135574,0.011834714561700821,0.5117719173431396,0.5127750039100647,0.28218555450439453,0.13906395435333252
vit_base_patch16_224,cait_s24_224,global_preserve_opponent,37,ILSVRC2012_val_00033018.JPEG,True,0.05273670330643654,0.05425244942307472,0.5151267647743225,0.5154256820678711,0.1987771987915039,0.09862266480922699
vit_base_patch16_224,cait_s24_224,route_balance_opponent,36,ILSVRC2012_val_00033014.JPEG,True,0.01485051866620779,0.014901119284331799,0.5119379758834839,0.5136386752128601,0.25372886657714844,0.14773210883140564
vit_base_patch16_224,cait_s24_224,route_balance_opponent,37,ILSVRC2012_val_00033018.JPEG,True,0.05379417538642883,0.05562528967857361,0.5149341225624084,0.5160900354385376,0.20424270629882812,0.10052235424518585
vit_base_patch16_224,cait_s24_224,semantic_equivalent_opponent,36,ILSVRC2012_val_00033014.JPEG,True,0.012819381430745125,0.012721694074571133,0.5114397406578064,0.5128680467605591,0.2837486267089844,0.14072826504707336
vit_base_patch16_224,cait_s24_224,semantic_equivalent_opponent,37,ILSVRC2012_val_00033018.JPEG,True,0.05220610648393631,0.05375554412603378,0.5149208307266235,0.5150138139724731,0.21928882598876953,0.10002143681049347
vit_base_patch16_224,cait_s24_224,shuffled_semantic_opponent,36,ILSVRC2012_val_00033014.JPEG,True,0.011295120231807232,0.011238353326916695,0.5117785334587097,0.5127816796302795,0.2841625213623047,0.13992616534233093
vit_base_patch16_224,cait_s24_224,shuffled_semantic_opponent,37,ILSVRC2012_val_00033018.JPEG,True,0.05246449634432793,0.05399329587817192,0.5153061151504517,0.5151865482330322,0.19455432891845703,0.09716330468654633
vit_base_patch16_224,cait_s24_224,semantic_equivalent_feature_gaussian,36,ILSVRC2012_val_00033014.JPEG,True,0.0011813472956418991,0.0011409504804760218,0.510157585144043,0.5118914842605591,0.24950599670410156,0.3355267345905304
vit_base_patch16_224,cait_s24_224,semantic_equivalent_feature_gaussian,37,ILSVRC2012_val_00033018.JPEG,True,0.05411883443593979,0.05613260343670845,0.5209861397743225,0.5212252736091614,0.22774314880371094,0.09080560505390167
vit_base_patch16_224,cait_s24_224,uniform_opponent,38,ILSVRC2012_val_00033076.JPEG,True,-0.005704031325876713,-0.0064703309908509254,0.5037136077880859,0.5033149719238281,0.06216621398925781,0.005902700126171112
vit_base_patch16_224,cait_s24_224,uniform_opponent,39,ILSVRC2012_val_00033149.JPEG,True,0.18446743488311768,0.1898171603679657,0.5273105502128601,0.5266860723495483,1.8364624977111816,1.8934619426727295
vit_base_patch16_224,cait_s24_224,global_preserve_opponent,38,ILSVRC2012_val_00033076.JPEG,True,-0.008354167453944683,-0.009169317781925201,0.5033349394798279,0.5032551884651184,0.034912109375,0.002533532679080963
vit_base_patch16_224,cait_s24_224,global_preserve_opponent,39,ILSVRC2012_val_00033149.JPEG,True,0.005403133109211922,0.009242653846740723,0.5012821555137634,0.5013153553009033,0.2702646255493164,0.12120985984802246
vit_base_patch16_224,cait_s24_224,route_balance_opponent,38,ILSVRC2012_val_00033076.JPEG,True,-0.005242455750703812,-0.005908395163714886,0.5036205649375916,0.5035607814788818,0.053872108459472656,0.005025409162044525
vit_base_patch16_224,cait_s24_224,route_balance_opponent,39,ILSVRC2012_val_00033149.JPEG,True,0.18286138772964478,0.1880602389574051,0.5269185900688171,0.5270381569862366,1.8614873886108398,1.9088456630706787
vit_base_patch16_224,cait_s24_224,semantic_equivalent_opponent,38,ILSVRC2012_val_00033076.JPEG,True,-0.007892237044870853,-0.008617600426077843,0.5035275816917419,0.5033482313156128,0.03922557830810547,0.003012053668498993
vit_base_patch16_224,cait_s24_224,semantic_equivalent_opponent,39,ILSVRC2012_val_00033149.JPEG,True,0.005403133109211922,0.009242655709385872,0.5012954473495483,0.5013153553009033,0.2702646255493164,0.12120985984802246
vit_base_patch16_224,cait_s24_224,shuffled_semantic_opponent,38,ILSVRC2012_val_00033076.JPEG,True,-0.008795948699116707,-0.009602307341992855,0.5033548474311829,0.5034877061843872,0.03240394592285156,0.0022028163075447083
vit_base_patch16_224,cait_s24_224,shuffled_semantic_opponent,39,ILSVRC2012_val_00033149.JPEG,True,0.005403133109211922,0.009242653846740723,0.5013087391853333,0.5013153553009033,0.2702646255493164,0.12120985984802246
vit_base_patch16_224,cait_s24_224,semantic_equivalent_feature_gaussian,38,ILSVRC2012_val_00033076.JPEG,True,-0.009230523370206356,-0.010816379450261593,0.4982661008834839,0.4983258843421936,0.13013458251953125,0.01438940316438675
vit_base_patch16_224,cait_s24_224,semantic_equivalent_feature_gaussian,39,ILSVRC2012_val_00033149.JPEG,True,-0.014831092208623886,-0.0033333338797092438,0.4945259392261505,0.4945259392261505,0.2506074905395508,0.13339656591415405
vit_base_patch16_224,cait_s24_224,uniform_opponent,40,ILSVRC2012_val_00033150.JPEG,True,-0.011763942427933216,-0.010159315541386604,0.5022786259651184,0.5030027627944946,0.01801300048828125,0.0010960064828395844
vit_base_patch16_224,cait_s24_224,uniform_opponent,41,ILSVRC2012_val_00033171.JPEG,True,0.006035753525793552,0.006310124881565571,0.5018401741981506,0.5014681816101074,-0.030628204345703125,-0.0011113733053207397
vit_base_patch16_224,cait_s24_224,global_preserve_opponent,40,ILSVRC2012_val_00033150.JPEG,True,-0.012048983946442604,-0.010293968953192234,0.5024513602256775,0.5030293464660645,0.04366302490234375,0.0025041326880455017
vit_base_patch16_224,cait_s24_224,global_preserve_opponent,41,ILSVRC2012_val_00033171.JPEG,True,0.005979262292385101,0.00623518880456686,0.5018069744110107,0.5016143321990967,-0.003909111022949219,0.00040677934885025024
vit_base_patch16_224,cait_s24_224,route_balance_opponent,40,ILSVRC2012_val_00033150.JPEG,True,-0.012321580201387405,-0.010729172267019749,0.5026307106018066,0.5029230713844299,0.04838752746582031,0.0028004050254821777
vit_base_patch16_224,cait_s24_224,route_balance_opponent,41,ILSVRC2012_val_00033171.JPEG,True,0.004886622540652752,0.005256429314613342,0.500577986240387,0.5010097622871399,-0.053653717041015625,-0.0024848803877830505
vit_base_patch16_224,cait_s24_224,semantic_equivalent_opponent,40,ILSVRC2012_val_00033150.JPEG,True,-0.012633082456886768,-0.010899310000240803,0.5033149719238281,0.5033748149871826,0.05751991271972656,0.003330536186695099
vit_base_patch16_224,cait_s24_224,semantic_equivalent_opponent,41,ILSVRC2012_val_00033171.JPEG,True,0.004865879192948341,0.005222112871706486,0.5012090802192688,0.5010097622871399,-0.05336284637451172,-0.002505198121070862
vit_base_patch16_224,cait_s24_224,shuffled_semantic_opponent,40,ILSVRC2012_val_00033150.JPEG,True,-0.012789894826710224,-0.011023431085050106,0.5028034448623657,0.5028566122055054,0.07085800170898438,0.00412340834736824
vit_base_patch16_224,cait_s24_224,shuffled_semantic_opponent,41,ILSVRC2012_val_00033171.JPEG,True,0.00616632541641593,0.006433463655412197,0.5018468499183655,0.5018069744110107,-0.009335517883300781,0.0001702830195426941
vit_base_patch16_224,cait_s24_224,semantic_equivalent_feature_gaussian,40,ILSVRC2012_val_00033150.JPEG,True,0.005222237668931484,0.0045178295113146305,0.49776121973991394,0.4982793927192688,-0.02878856658935547,-0.0013619475066661835
vit_base_patch16_224,cait_s24_224,semantic_equivalent_feature_gaussian,41,ILSVRC2012_val_00033171.JPEG,True,0.0016080228378996253,0.0012380967382341623,0.5058062076568604,0.5041520595550537,-0.011456489562988281,0.00031726062297821045
vit_base_patch16_224,cait_s24_224,uniform_opponent,42,ILSVRC2012_val_00033207.JPEG,True,0.0019562612287700176,0.0019406829960644245,0.5004583597183228,0.49950841069221497,0.0019750595092773438,0.004053249955177307
vit_base_patch16_224,cait_s24_224,uniform_opponent,43,ILSVRC2012_val_00033255.JPEG,True,0.04587024450302124,0.043998539447784424,0.5189599394798279,0.5195777416229248,1.018906593322754,0.46845918893814087
vit_base_patch16_224,cait_s24_224,global_preserve_opponent,42,ILSVRC2012_val_00033207.JPEG,True,0.001453593373298645,0.001873374218121171,0.5053411722183228,0.5038663744926453,0.08449935913085938,0.012028142809867859
vit_base_patch16_224,cait_s24_224,global_preserve_opponent,43,ILSVRC2012_val_00033255.JPEG,True,0.01808592677116394,0.018828745931386948,0.5107886791229248,0.5123166441917419,0.4133615493774414,0.0830669105052948
vit_base_patch16_224,cait_s24_224,route_balance_opponent,42,ILSVRC2012_val_00033207.JPEG,True,0.0017014890909194946,0.0016714353114366531,0.49978742003440857,0.4990101456642151,-0.03412151336669922,0.001957882195711136
vit_base_patch16_224,cait_s24_224,route_balance_opponent,43,ILSVRC2012_val_00033255.JPEG,True,0.045488305389881134,0.043596960604190826,0.5190396308898926,0.5198169350624084,1.0196771621704102,0.4674323797225952
vit_base_patch16_224,cait_s24_224,semantic_equivalent_opponent,42,ILSVRC2012_val_00033207.JPEG,True,0.0015241429209709167,0.001982748042792082,0.505467414855957,0.5045772194862366,0.10383033752441406,0.013692274689674377
vit_base_patch16_224,cait_s24_224,semantic_equivalent_opponent,43,ILSVRC2012_val_00033255.JPEG,True,0.017184868454933167,0.017922790721058846,0.510968029499054,0.5123631358146667,0.40868186950683594,0.08081915974617004
vit_base_patch16_224,cait_s24_224,shuffled_semantic_opponent,42,ILSVRC2012_val_00033207.JPEG,True,0.001530223060399294,0.0019696352537721395,0.5051751136779785,0.5041985511779785,0.10735225677490234,0.012879051268100739
vit_base_patch16_224,cait_s24_224,shuffled_semantic_opponent,43,ILSVRC2012_val_00033255.JPEG,True,0.018359029665589333,0.01913491263985634,0.5109016299247742,0.5125757455825806,0.41779136657714844,0.0837627500295639
vit_base_patch16_224,cait_s24_224,semantic_equivalent_feature_gaussian,42,ILSVRC2012_val_00033207.JPEG,True,0.005786668509244919,0.005337266251444817,0.5084435939788818,0.5113400816917419,0.3130941390991211,0.04724310338497162
vit_base_patch16_224,cait_s24_224,semantic_equivalent_feature_gaussian,43,ILSVRC2012_val_00033255.JPEG,True,0.007962983101606369,0.008747713640332222,0.5197238922119141,0.5211455821990967,0.7664880752563477,0.20393489301204681
vit_base_patch16_224,cait_s24_224,uniform_opponent,44,ILSVRC2012_val_00033340.JPEG,True,0.009043270722031593,0.009362667798995972,0.5038796663284302,0.5043911933898926,0.11903667449951172,0.007165633141994476
vit_base_patch16_224,cait_s24_224,uniform_opponent,45,ILSVRC2012_val_00033725.JPEG,True,0.015939190983772278,0.017287971451878548,0.510948121547699,0.5118383169174194,0.19055747985839844,0.16481107473373413
vit_base_patch16_224,cait_s24_224,global_preserve_opponent,44,ILSVRC2012_val_00033340.JPEG,True,0.008944511413574219,0.009271357208490372,0.5040457844734192,0.5047964453697205,0.10128402709960938,0.006045088171958923
vit_base_patch16_224,cait_s24_224,global_preserve_opponent,45,ILSVRC2012_val_00033725.JPEG,True,0.024842463433742523,0.02626655250787735,0.5101442933082581,0.5116855502128601,0.2531728744506836,0.22022485733032227
vit_base_patch16_224,cait_s24_224,route_balance_opponent,44,ILSVRC2012_val_00033340.JPEG,True,0.008678670041263103,0.008992484770715237,0.5036870241165161,0.5045772194862366,0.13652706146240234,0.008320361375808716
vit_base_patch16_224,cait_s24_224,route_balance_opponent,45,ILSVRC2012_val_00033725.JPEG,True,0.014473343268036842,0.015819989144802094,0.5099848508834839,0.5112205147743225,0.15475082397460938,0.14012271165847778
vit_base_patch16_224,cait_s24_224,semantic_equivalent_opponent,44,ILSVRC2012_val_00033340.JPEG,True,0.008575238287448883,0.008897136896848679,0.5037268996238708,0.5045772194862366,0.1060037612915039,0.006388261914253235
vit_base_patch16_224,cait_s24_224,semantic_equivalent_opponent,45,ILSVRC2012_val_00033725.JPEG,True,0.0235128290951252,0.024962835013866425,0.5100579261779785,0.5112138390541077,0.2075490951538086,0.1873563528060913
vit_base_patch16_224,cait_s24_224,shuffled_semantic_opponent,44,ILSVRC2012_val_00033340.JPEG,True,0.008921276777982712,0.00925102736800909,0.5042650103569031,0.5051552057266235,0.09075927734375,0.005420751869678497
vit_base_patch16_224,cait_s24_224,shuffled_semantic_opponent,45,ILSVRC2012_val_00033725.JPEG,True,0.02486513927578926,0.026338405907154083,0.5102306604385376,0.5119645595550537,0.23226356506347656,0.20456302165985107
vit_base_patch16_224,cait_s24_224,semantic_equivalent_feature_gaussian,44,ILSVRC2012_val_00033340.JPEG,True,0.003829753492027521,0.0038592047058045864,0.5062247514724731,0.5063709020614624,0.16147518157958984,0.009941831231117249
vit_base_patch16_224,cait_s24_224,semantic_equivalent_feature_gaussian,45,ILSVRC2012_val_00033725.JPEG,True,0.017292795702815056,0.01774558238685131,0.5168539881706238,0.5158774256706238,0.3179893493652344,0.25855445861816406
vit_base_patch16_224,cait_s24_224,uniform_opponent,46,ILSVRC2012_val_00033897.JPEG,True,0.0005121147260069847,0.0025740249548107386,0.5133197903633118,0.5165085792541504,0.8222074508666992,0.7927529215812683
vit_base_patch16_224,cait_s24_224,uniform_opponent,47,ILSVRC2012_val_00033960.JPEG,True,-0.00048681115731596947,0.0009399233385920525,0.4996146857738495,0.5004583597183228,0.04320335388183594,0.004490524530410767
vit_base_patch16_224,cait_s24_224,global_preserve_opponent,46,ILSVRC2012_val_00033897.JPEG,True,-5.005905404686928e-05,0.0019448134116828442,0.5135124325752258,0.5161166191101074,0.789637565612793,0.7477668523788452
vit_base_patch16_224,cait_s24_224,global_preserve_opponent,47,ILSVRC2012_val_00033960.JPEG,True,-0.0002793287858366966,0.0012447776971384883,0.5007241368293762,0.5002192258834839,0.013720512390136719,0.0028296522796154022
vit_base_patch16_224,cait_s24_224,route_balance_opponent,46,ILSVRC2012_val_00033897.JPEG,True,0.0012728027068078518,0.003518363693729043,0.5132533311843872,0.5161830186843872,0.8616113662719727,0.8272754549980164
vit_base_patch16_224,cait_s24_224,route_balance_opponent,47,ILSVRC2012_val_00033960.JPEG,True,-0.0010774866677820683,0.000330044305883348,0.4999734163284302,0.5003852844238281,0.05819416046142578,0.00509924441576004
vit_base_patch16_224,cait_s24_224,semantic_equivalent_opponent,46,ILSVRC2012_val_00033897.JPEG,True,0.0007201479747891426,0.0029367038514465094,0.5130473971366882,0.5166879296302795,0.8813228607177734,0.8270493149757385
vit_base_patch16_224,cait_s24_224,semantic_equivalent_opponent,47,ILSVRC2012_val_00033960.JPEG,True,-0.0008427017601206899,0.0006598522886633873,0.5003520846366882,0.5004251599311829,0.030364990234375,0.003653891384601593
vit_base_patch16_224,cait_s24_224,shuffled_semantic_opponent,46,ILSVRC2012_val_00033897.JPEG,True,-0.00018730387091636658,0.001819500932469964,0.5132400393486023,0.5162228941917419,0.810276985168457,0.7548213601112366
vit_base_patch16_224,cait_s24_224,shuffled_semantic_opponent,47,ILSVRC2012_val_00033960.JPEG,True,-0.000514571787789464,0.0009672637097537518,0.5003387928009033,0.500391960144043,0.03530597686767578,0.003924842923879623
vit_base_patch16_224,cait_s24_224,semantic_equivalent_feature_gaussian,46,ILSVRC2012_val_00033897.JPEG,True,-0.00018877582624554634,0.0007795896381139755,0.5120642185211182,0.514236569404602,1.3527870178222656,1.4825977087020874
vit_base_patch16_224,cait_s24_224,semantic_equivalent_feature_gaussian,47,ILSVRC2012_val_00033960.JPEG,True,0.0032689496874809265,0.0036520378198474646,0.502517819404602,0.5033615231513977,-0.07263469696044922,-0.0008074343204498291
vit_base_patch16_224,cait_s24_224,uniform_opponent,48,ILSVRC2012_val_00033997.JPEG,True,0.026414133608341217,0.02868899330496788,0.5252444744110107,0.5272640585899353,0.2947273254394531,0.04632319509983063
vit_base_patch16_224,cait_s24_224,uniform_opponent,49,ILSVRC2012_val_00034008.JPEG,True,0.0032157907262444496,0.00342773855663836,0.5088355541229248,0.5099316835403442,-0.0020494461059570312,0.044459372758865356
vit_base_patch16_224,cait_s24_224,global_preserve_opponent,48,ILSVRC2012_val_00033997.JPEG,True,0.027200743556022644,0.02950761839747429,0.5254437923431396,0.5278087854385376,0.2913656234741211,0.046914368867874146
vit_base_patch16_224,cait_s24_224,global_preserve_opponent,49,ILSVRC2012_val_00034008.JPEG,True,0.002645493485033512,0.0028627044521272182,0.5083439350128174,0.5093337893486023,-0.07460880279541016,0.023849502205848694
vit_base_patch16_224,cait_s24_224,route_balance_opponent,48,ILSVRC2012_val_00033997.JPEG,True,0.026215754449367523,0.028511669486761093,0.5253175497055054,0.527117908000946,0.2917461395263672,0.04611150920391083
vit_base_patch16_224,cait_s24_224,route_balance_opponent,49,ILSVRC2012_val_00034008.JPEG,True,0.0033566546626389027,0.0035959186498075724,0.5089551210403442,0.509539783000946,-0.015202522277832031,0.040705353021621704
vit_base_patch16_224,cait_s24_224,semantic_equivalent_opponent,48,ILSVRC2012_val_00033997.JPEG,True,0.027023784816265106,0.029346931725740433,0.5252909660339355,0.5277888774871826,0.3029308319091797,0.048430100083351135
vit_base_patch16_224,cait_s24_224,semantic_equivalent_opponent,49,ILSVRC2012_val_00034008.JPEG,True,0.0027819639071822166,0.0030240947380661964,0.5085499286651611,0.5090614557266235,-0.07071590423583984,0.02307252585887909
vit_base_patch16_224,cait_s24_224,shuffled_semantic_opponent,48,ILSVRC2012_val_00033997.JPEG,True,0.027117587625980377,0.029366206377744675,0.5255367755889893,0.5276692509651184,0.2993278503417969,0.047231778502464294
vit_base_patch16_224,cait_s24_224,shuffled_semantic_opponent,49,ILSVRC2012_val_00034008.JPEG,True,0.002643201733008027,0.002862009685486555,0.5087093710899353,0.5093005895614624,-0.08175373077392578,0.02102077007293701
vit_base_patch16_224,cait_s24_224,semantic_equivalent_feature_gaussian,48,ILSVRC2012_val_00033997.JPEG,True,0.048563290387392044,0.05063357204198837,0.5350034832954407,0.5382586717605591,0.3149585723876953,0.05486084520816803
vit_base_patch16_224,cait_s24_224,semantic_equivalent_feature_gaussian,49,ILSVRC2012_val_00034008.JPEG,True,0.0006093602278269827,0.0006319117383100092,0.5161564350128174,0.516993522644043,0.3147573471069336,0.17605958878993988
vit_base_patch16_224,cait_s24_224,uniform_opponent,50,ILSVRC2012_val_00034055.JPEG,True,0.011395551264286041,0.009437408298254013,0.5176844000816345,0.5188469886779785,0.20838356018066406,0.038503192365169525
vit_base_patch16_224,cait_s24_224,uniform_opponent,51,ILSVRC2012_val_00034168.JPEG,True,-0.005677369423210621,-0.005396452732384205,0.4994087517261505,0.4973493218421936,0.010997772216796875,0.001256994903087616
vit_base_patch16_224,cait_s24_224,global_preserve_opponent,50,ILSVRC2012_val_00034055.JPEG,True,0.00605044886469841,0.0026406566612422466,0.5140571594238281,0.5141037106513977,0.13045406341552734,0.03012499213218689
vit_base_patch16_224,cait_s24_224,global_preserve_opponent,51,ILSVRC2012_val_00034168.JPEG,True,-0.0059921639040112495,-0.005791390780359507,0.4997541904449463,0.4976150691509247,0.027283668518066406,0.0026251450181007385
vit_base_patch16_224,cait_s24_224,route_balance_opponent,50,ILSVRC2012_val_00034055.JPEG,True,0.01096783485263586,0.009142500348389149,0.5177043676376343,0.519325315952301,0.21556949615478516,0.03640742599964142
vit_base_patch16_224,cait_s24_224,route_balance_opponent,51,ILSVRC2012_val_00034168.JPEG,True,-0.005173464305698872,-0.004913876298815012,0.4990500211715698,0.49711015820503235,0.013684272766113281,0.0013497322797775269
vit_base_patch16_224,cait_s24_224,semantic_equivalent_opponent,50,ILSVRC2012_val_00034055.JPEG,True,0.005952635779976845,0.0026148040778934956,0.5146418213844299,0.5143362283706665,0.13296127319335938,0.029875993728637695
vit_base_patch16_224,cait_s24_224,semantic_equivalent_opponent,51,ILSVRC2012_val_00034168.JPEG,True,-0.00557582825422287,-0.005388904362916946,0.49879756569862366,0.49720317125320435,0.01661205291748047,0.0016933158040046692
vit_base_patch16_224,cait_s24_224,shuffled_semantic_opponent,50,ILSVRC2012_val_00034055.JPEG,True,0.005871621426194906,0.0025208937004208565,0.5143229365348816,0.514070451259613,0.13457870483398438,0.03012055903673172
vit_base_patch16_224,cait_s24_224,shuffled_semantic_opponent,51,ILSVRC2012_val_00034168.JPEG,True,-0.006004126742482185,-0.005769574083387852,0.49937552213668823,0.4975087642669678,0.033641815185546875,0.0029996708035469055
vit_base_patch16_224,cait_s24_224,semantic_equivalent_feature_gaussian,50,ILSVRC2012_val_00034055.JPEG,True,-0.0006302660331130028,-0.004614409990608692,0.5143827199935913,0.5142232775688171,0.12778759002685547,0.02112964540719986
vit_base_patch16_224,cait_s24_224,semantic_equivalent_feature_gaussian,51,ILSVRC2012_val_00034168.JPEG,True,0.014402941800653934,0.01490410789847374,0.4997076988220215,0.49864476919174194,0.0137786865234375,-0.0006249994039535522
vit_base_patch16_224,cait_s24_224,uniform_opponent,52,ILSVRC2012_val_00034182.JPEG,True,0.013989525847136974,0.015179257839918137,0.5102904438972473,0.5116323828697205,-0.057547569274902344,0.008731052279472351
vit_base_patch16_224,cait_s24_224,uniform_opponent,53,ILSVRC2012_val_00034217.JPEG,True,-0.009497402235865593,-0.008039630949497223,0.5029961466789246,0.5042118430137634,0.0950326919555664,0.007024340331554413
vit_base_patch16_224,cait_s24_224,global_preserve_opponent,52,ILSVRC2012_val_00034182.JPEG,True,0.013099048286676407,0.014352182857692242,0.5101907849311829,0.5100646018981934,-0.10631752014160156,0.0039997100830078125
vit_base_patch16_224,cait_s24_224,global_preserve_opponent,53,ILSVRC2012_val_00034217.JPEG,True,-0.009282856248319149,-0.00753936730325222,0.5029230713844299,0.5038132667541504,0.09123706817626953,0.0069412365555763245
vit_base_patch16_224,cait_s24_224,route_balance_opponent,52,ILSVRC2012_val_00034182.JPEG,True,0.013876358047127724,0.015063834376633167,0.510556161403656,0.5107089877128601,-0.10582733154296875,0.0038754716515541077
vit_base_patch16_224,cait_s24_224,route_balance_opponent,53,ILSVRC2012_val_00034217.JPEG,True,-0.007748504169285297,-0.00635475292801857,0.5035740733146667,0.5049226880073547,0.10256481170654297,0.007584519684314728
vit_base_patch16_224,cait_s24_224,semantic_equivalent_opponent,52,ILSVRC2012_val_00034182.JPEG,True,0.013268973678350449,0.014439795166254044,0.5103901028633118,0.5108285546302795,-0.11539554595947266,0.0028595775365829468
vit_base_patch16_224,cait_s24_224,semantic_equivalent_opponent,53,ILSVRC2012_val_00034217.JPEG,True,-0.007180445361882448,-0.005552317947149277,0.5028101205825806,0.5045307278633118,0.10837459564208984,0.008136622607707977
vit_base_patch16_224,cait_s24_224,shuffled_semantic_opponent,52,ILSVRC2012_val_00034182.JPEG,True,0.012982710264623165,0.014256691560149193,0.5102970600128174,0.5099183917045593,-0.09696292877197266,0.004644341766834259
vit_base_patch16_224,cait_s24_224,shuffled_semantic_opponent,53,ILSVRC2012_val_00034217.JPEG,True,-0.008908284828066826,-0.007089932914823294,0.503155529499054,0.5039660334587097,0.09231948852539062,0.006946004927158356
vit_base_patch16_224,cait_s24_224,semantic_equivalent_feature_gaussian,52,ILSVRC2012_val_00034182.JPEG,True,-0.005384872667491436,-0.005767092574387789,0.5069156289100647,0.5073607563972473,-0.03450202941894531,0.006226137280464172
vit_base_patch16_224,cait_s24_224,semantic_equivalent_feature_gaussian,53,ILSVRC2012_val_00034217.JPEG,True,0.0053594377823174,0.004620552994310856,0.5076464414596558,0.5073408484458923,0.07610130310058594,0.006860777735710144
vit_base_patch16_224,cait_s24_224,uniform_opponent,54,ILSVRC2012_val_00034225.JPEG,True,-0.006777398753911257,-0.006949118338525295,0.5085366368293762,0.5078789591789246,0.113616943359375,0.008933387696743011
vit_base_patch16_224,cait_s24_224,uniform_opponent,55,ILSVRC2012_val_00034230.JPEG,True,-0.0007112910971045494,-0.0014262679032981396,0.5051286220550537,0.5078722834587097,0.49808311462402344,0.032568663358688354
vit_base_patch16_224,cait_s24_224,global_preserve_opponent,54,ILSVRC2012_val_00034225.JPEG,True,-0.007228574715554714,-0.007405885495245457,0.5087624788284302,0.507586658000946,0.11944580078125,0.010855041444301605
vit_base_patch16_224,cait_s24_224,global_preserve_opponent,55,ILSVRC2012_val_00034230.JPEG,True,-0.00045068375766277313,-0.0011703870259225368,0.5064306855201721,0.508204460144043,0.5212259292602539,0.034533463418483734
vit_base_patch16_224,cait_s24_224,route_balance_opponent,54,ILSVRC2012_val_00034225.JPEG,True,-0.00563813466578722,-0.005820996593683958,0.5081977844238281,0.5079054832458496,0.10700225830078125,0.00879165530204773
vit_base_patch16_224,cait_s24_224,route_balance_opponent,55,ILSVRC2012_val_00034230.JPEG,True,-0.0008427058346569538,-0.0015571783296763897,0.5042384266853333,0.5075069069862366,0.5347871780395508,0.03574332594871521
vit_base_patch16_224,cait_s24_224,semantic_equivalent_opponent,54,ILSVRC2012_val_00034225.JPEG,True,-0.006097822450101376,-0.006281066220253706,0.5079719424247742,0.5083041191101074,0.06720161437988281,0.007698222994804382
vit_base_patch16_224,cait_s24_224,semantic_equivalent_opponent,55,ILSVRC2012_val_00034230.JPEG,True,-0.0005877655930817127,-0.0012990664690732956,0.5054807066917419,0.5079254508018494,0.5151405334472656,0.033424049615859985
vit_base_patch16_224,cait_s24_224,shuffled_semantic_opponent,54,ILSVRC2012_val_00034225.JPEG,True,-0.006693968549370766,-0.006862347479909658,0.5088820457458496,0.5076331496238708,0.08768272399902344,0.00913017988204956
vit_base_patch16_224,cait_s24_224,shuffled_semantic_opponent,55,ILSVRC2012_val_00034230.JPEG,True,-0.0006232103332877159,-0.0013747015036642551,0.5062779188156128,0.5085100531578064,0.515660285949707,0.03388585150241852
vit_base_patch16_224,cait_s24_224,semantic_equivalent_feature_gaussian,54,ILSVRC2012_val_00034225.JPEG,True,0.008031867444515228,0.007662104442715645,0.5103635191917419,0.5105628371238708,0.20612144470214844,0.01885388046503067
vit_base_patch16_224,cait_s24_224,semantic_equivalent_feature_gaussian,55,ILSVRC2012_val_00034230.JPEG,True,0.00814814679324627,0.00820021890103817,0.5024314522743225,0.5054209232330322,0.45063209533691406,0.028241761028766632
vit_base_patch16_224,cait_s24_224,uniform_opponent,56,ILSVRC2012_val_00034302.JPEG,True,-0.001536694704554975,-0.0004946617409586906,0.5017936825752258,0.5015744566917419,-0.04556560516357422,-0.0036935657262802124
vit_base_patch16_224,cait_s24_224,uniform_opponent,57,ILSVRC2012_val_00034356.JPEG,True,-0.007295364513993263,-0.007058546878397465,0.5121505856513977,0.5133131146430969,0.09668159484863281,0.007807951420545578
vit_base_patch16_224,cait_s24_224,global_preserve_opponent,56,ILSVRC2012_val_00034302.JPEG,True,-0.0012476127594709396,-0.0004899161285720766,0.5020992755889893,0.5028566122055054,-0.06765270233154297,-0.005435377359390259
vit_base_patch16_224,cait_s24_224,global_preserve_opponent,57,ILSVRC2012_val_00034356.JPEG,True,-0.004683155566453934,-0.004385997075587511,0.5130341053009033,0.5128281712532043,0.11634254455566406,0.009121652692556381
vit_base_patch16_224,cait_s24_224,route_balance_opponent,56,ILSVRC2012_val_00034302.JPEG,True,-0.0004542460374068469,0.0005982369184494019,0.5011559128761292,0.5018800497055054,-0.04313850402832031,-0.003498770296573639
vit_base_patch16_224,cait_s24_224,route_balance_opponent,57,ILSVRC2012_val_00034356.JPEG,True,-0.007659721653908491,-0.007434658240526915,0.5122767686843872,0.5130473971366882,0.07014942169189453,0.006024163216352463
vit_base_patch16_224,cait_s24_224,semantic_equivalent_opponent,56,ILSVRC2012_val_00034302.JPEG,True,-0.00048208178486675024,0.0002870519529096782,0.5017405152320862,0.502517819404602,-0.05034160614013672,-0.004188306629657745
vit_base_patch16_224,cait_s24_224,semantic_equivalent_opponent,57,ILSVRC2012_val_00034356.JPEG,True,-0.005153574049472809,-0.004868021700531244,0.5129544138908386,0.5129942893981934,0.12052726745605469,0.009442325681447983
vit_base_patch16_224,cait_s24_224,shuffled_semantic_opponent,56,ILSVRC2012_val_00034302.JPEG,True,-0.001681698951870203,-0.0009293887997046113,0.5014747977256775,0.502723753452301,-0.05756855010986328,-0.004746638238430023
vit_base_patch16_224,cait_s24_224,shuffled_semantic_opponent,57,ILSVRC2012_val_00034356.JPEG,True,-0.006185135804116726,-0.00596820842474699,0.5124096274375916,0.5127285122871399,0.1099691390991211,0.0086737759411335
vit_base_patch16_224,cait_s24_224,semantic_equivalent_feature_gaussian,56,ILSVRC2012_val_00034302.JPEG,True,0.007089842576533556,0.006855219602584839,0.4956552982330322,0.49493780732154846,-0.15148448944091797,-0.011097922921180725
vit_base_patch16_224,cait_s24_224,semantic_equivalent_feature_gaussian,57,ILSVRC2012_val_00034356.JPEG,True,0.0110063711181283,0.011477909050881863,0.5149474143981934,0.515399158000946,0.25973033905029297,0.021845225244760513
vit_base_patch16_224,cait_s24_224,uniform_opponent,58,ILSVRC2012_val_00034359.JPEG,True,0.0017689449014142156,0.002392522059381008,0.5025908946990967,0.5012223720550537,0.11965751647949219,0.004818253219127655
vit_base_patch16_224,cait_s24_224,uniform_opponent,59,ILSVRC2012_val_00034391.JPEG,True,0.0035368921235203743,0.0037313809152692556,0.4984786808490753,0.49782100319862366,0.026515960693359375,-0.000898800790309906
vit_base_patch16_224,cait_s24_224,global_preserve_opponent,58,ILSVRC2012_val_00034359.JPEG,True,0.0063415043987333775,0.006924374960362911,0.5015943646430969,0.5014681816101074,0.11723136901855469,0.007851682603359222
vit_base_patch16_224,cait_s24_224,global_preserve_opponent,59,ILSVRC2012_val_00034391.JPEG,True,-0.009061123244464397,-0.009270403534173965,0.496864378452301,0.49619340896606445,-0.07440662384033203,-0.00895833969116211
vit_base_patch16_224,cait_s24_224,route_balance_opponent,58,ILSVRC2012_val_00034359.JPEG,True,0.0018050819635391235,0.002537072403356433,0.5021989345550537,0.5026240944862366,0.11908340454101562,0.004600100219249725
vit_base_patch16_224,cait_s24_224,route_balance_opponent,59,ILSVRC2012_val_00034391.JPEG,True,0.004175580106675625,0.004337454214692116,0.4984986186027527,0.49720317125320435,0.01595306396484375,0.0012573450803756714
vit_base_patch16_224,cait_s24_224,semantic_equivalent_opponent,58,ILSVRC2012_val_00034359.JPEG,True,0.006234365981072187,0.006788915954530239,0.5015013813972473,0.5020129084587097,0.11980819702148438,0.007753133773803711
vit_base_patch16_224,cait_s24_224,semantic_equivalent_opponent,59,ILSVRC2012_val_00034391.JPEG,True,-0.009326471015810966,-0.009547285735607147,0.4970238208770752,0.49634620547294617,-0.03495979309082031,-0.006772473454475403
vit_base_patch16_224,cait_s24_224,shuffled_semantic_opponent,58,ILSVRC2012_val_00034359.JPEG,True,0.006307539995759726,0.006878476124256849,0.5016475319862366,0.5018601417541504,0.13641357421875,0.012598566710948944
vit_base_patch16_224,cait_s24_224,shuffled_semantic_opponent,59,ILSVRC2012_val_00034391.JPEG,True,-0.008943932130932808,-0.009158858098089695,0.4967580735683441,0.49611368775367737,-0.0680999755859375,-0.008542634546756744
vit_base_patch16_224,cait_s24_224,semantic_equivalent_feature_gaussian,58,ILSVRC2012_val_00034359.JPEG,True,0.0018486215267330408,0.0017208533827215433,0.4957483112812042,0.49529656767845154,0.011167526245117188,0.002929970622062683
vit_base_patch16_224,cait_s24_224,semantic_equivalent_feature_gaussian,59,ILSVRC2012_val_00034391.JPEG,True,-0.00019920896738767624,-0.0010243684519082308,0.4973958432674408,0.49865806102752686,0.12216377258300781,0.014466680586338043
vit_base_patch16_224,cait_s24_224,uniform_opponent,60,ILSVRC2012_val_00034406.JPEG,True,0.004112627822905779,0.005316277500241995,0.5050023794174194,0.5056667327880859,0.09499740600585938,0.0058391764760017395
vit_base_patch16_224,cait_s24_224,uniform_opponent,61,ILSVRC2012_val_00034438.JPEG,True,0.09137377142906189,0.08753246068954468,0.5096460580825806,0.5118914842605591,0.20436668395996094,0.26942649483680725
vit_base_patch16_224,cait_s24_224,global_preserve_opponent,60,ILSVRC2012_val_00034406.JPEG,True,0.004766614641994238,0.006033412180840969,0.5044775605201721,0.5056866407394409,0.09102630615234375,0.005610615015029907
vit_base_patch16_224,cait_s24_224,global_preserve_opponent,61,ILSVRC2012_val_00034438.JPEG,True,0.0732698142528534,0.07131042331457138,0.5084103941917419,0.5089352130889893,-0.021190643310546875,0.11654462665319443
vit_base_patch16_224,cait_s24_224,route_balance_opponent,60,ILSVRC2012_val_00034406.JPEG,True,0.003739643841981888,0.004776457790285349,0.5047831535339355,0.5055271983146667,0.08038139343261719,0.004953116178512573
vit_base_patch16_224,cait_s24_224,route_balance_opponent,61,ILSVRC2012_val_00034438.JPEG,True,0.09080345928668976,0.08729767799377441,0.5106093287467957,0.5119578838348389,0.1990203857421875,0.26156142354011536
vit_base_patch16_224,cait_s24_224,semantic_equivalent_opponent,60,ILSVRC2012_val_00034406.JPEG,True,0.004561412613838911,0.005682626739144325,0.5045240521430969,0.5055736899375916,0.07670402526855469,0.004714749753475189
vit_base_patch16_224,cait_s24_224,semantic_equivalent_opponent,61,ILSVRC2012_val_00034438.JPEG,True,0.07544839382171631,0.07345782220363617,0.5081180930137634,0.510350227355957,-0.0009565353393554688,0.12267204374074936
vit_base_patch16_224,cait_s24_224,shuffled_semantic_opponent,60,ILSVRC2012_val_00034406.JPEG,True,0.004874357953667641,0.0061193304136395454,0.5047499537467957,0.5055670738220215,0.08046245574951172,0.004952780902385712
vit_base_patch16_224,cait_s24_224,shuffled_semantic_opponent,61,ILSVRC2012_val_00034438.JPEG,True,0.07370063662528992,0.07175301015377045,0.508184552192688,0.509187638759613,-0.017403602600097656,0.11898893862962723
vit_base_patch16_224,cait_s24_224,semantic_equivalent_feature_gaussian,60,ILSVRC2012_val_00034406.JPEG,True,0.014647576957941055,0.014241237193346024,0.5102439522743225,0.5115659832954407,0.1012725830078125,0.0063639432191848755
vit_base_patch16_224,cait_s24_224,semantic_equivalent_feature_gaussian,61,ILSVRC2012_val_00034438.JPEG,True,0.0461907722055912,0.04679826647043228,0.5127484798431396,0.5141634941101074,0.1536426544189453,0.16223520040512085
vit_base_patch16_224,cait_s24_224,uniform_opponent,62,ILSVRC2012_val_00034459.JPEG,True,0.00936476793140173,0.00921688973903656,0.5105694532394409,0.5106093287467957,0.035307884216308594,0.0021705254912376404
vit_base_patch16_224,cait_s24_224,uniform_opponent,63,ILSVRC2012_val_00034548.JPEG,True,0.002005586866289377,0.0022550695575773716,0.5056667327880859,0.5063310265541077,-0.03089618682861328,-0.002189457416534424
vit_base_patch16_224,cait_s24_224,global_preserve_opponent,62,ILSVRC2012_val_00034459.JPEG,True,0.007752362173050642,0.007959596812725067,0.512715220451355,0.512715220451355,-0.016485214233398438,-0.0012796074151992798
vit_base_patch16_224,cait_s24_224,global_preserve_opponent,63,ILSVRC2012_val_00034548.JPEG,True,0.0016640787944197655,0.0019511645659804344,0.5060121417045593,0.5057066082954407,-0.06191444396972656,-0.004082717001438141
vit_base_patch16_224,cait_s24_224,route_balance_opponent,62,ILSVRC2012_val_00034459.JPEG,True,0.00935334526002407,0.009060175158083439,0.5102705359458923,0.5101708769798279,0.012357711791992188,0.0006573796272277832
vit_base_patch16_224,cait_s24_224,route_balance_opponent,63,ILSVRC2012_val_00034548.JPEG,True,0.002572141122072935,0.002832419006153941,0.5056401491165161,0.5058128833770752,-0.026372909545898438,-0.0017354115843772888
vit_base_patch16_224,cait_s24_224,semantic_equivalent_opponent,62,ILSVRC2012_val_00034459.JPEG,True,0.007559685036540031,0.007687059696763754,0.5120775103569031,0.511924684047699,-0.02883625030517578,-0.00197698175907135
vit_base_patch16_224,cait_s24_224,semantic_equivalent_opponent,63,ILSVRC2012_val_00034548.JPEG,True,0.0023203042801469564,0.0026252747047692537,0.5058062076568604,0.5060121417045593,-0.019947052001953125,-0.001383848488330841
vit_base_patch16_224,cait_s24_224,shuffled_semantic_opponent,62,ILSVRC2012_val_00034459.JPEG,True,0.008493028581142426,0.008715328760445118,0.5129145383834839,0.5125757455825806,-0.021310806274414062,-0.0015657246112823486
vit_base_patch16_224,cait_s24_224,shuffled_semantic_opponent,63,ILSVRC2012_val_00034548.JPEG,True,0.0016581641975790262,0.00196905923075974,0.5058925747871399,0.5060786008834839,-0.05886363983154297,-0.0038999244570732117
vit_base_patch16_224,cait_s24_224,semantic_equivalent_feature_gaussian,62,ILSVRC2012_val_00034459.JPEG,True,-0.005336003378033638,-0.004971190355718136,0.5059922337532043,0.5065968036651611,-0.025930404663085938,-0.0017971545457839966
vit_base_patch16_224,cait_s24_224,semantic_equivalent_feature_gaussian,63,ILSVRC2012_val_00034548.JPEG,True,0.0034648659639060497,0.003555464092642069,0.5058460831642151,0.5081380009651184,0.11707019805908203,0.00884225219488144
vit_base_patch16_224,pit_b_224,uniform_opponent,0,ILSVRC2012_val_00031361.JPEG,True,-0.01644151285290718,-0.014232094399631023,0.4948049485683441,0.49633291363716125,-0.42315673828125,-0.02189900353550911
vit_base_patch16_224,pit_b_224,uniform_opponent,1,ILSVRC2012_val_00031410.JPEG,True,0.00045382999815046787,-0.00012764940038323402,0.49926260113716125,0.4992825388908386,-0.11706352233886719,-0.00978129357099533
vit_base_patch16_224,pit_b_224,global_preserve_opponent,0,ILSVRC2012_val_00031361.JPEG,True,-0.009427828714251518,-0.007241161074489355,0.4951437711715698,0.49699723720550537,-0.3282356262207031,-0.01747627556324005
vit_base_patch16_224,pit_b_224,global_preserve_opponent,1,ILSVRC2012_val_00031410.JPEG,True,0.0012874077074229717,0.0007075925823301077,0.4985252022743225,0.498046875,-0.02550029754638672,-0.0021937042474746704
vit_base_patch16_224,pit_b_224,route_balance_opponent,0,ILSVRC2012_val_00031361.JPEG,True,-0.01649150252342224,-0.014324819669127464,0.4948115944862366,0.496206670999527,-0.4289989471435547,-0.022167660295963287
vit_base_patch16_224,pit_b_224,route_balance_opponent,1,ILSVRC2012_val_00031410.JPEG,True,0.0002622809261083603,-0.0002824063412845135,0.49937552213668823,0.49915629625320435,-0.0964202880859375,-0.007849618792533875
vit_base_patch16_224,pit_b_224,semantic_equivalent_opponent,0,ILSVRC2012_val_00031361.JPEG,True,-0.00944450031965971,-0.007296156138181686,0.4948248863220215,0.49692416191101074,-0.34087181091308594,-0.01842254400253296
vit_base_patch16_224,pit_b_224,semantic_equivalent_opponent,1,ILSVRC2012_val_00031410.JPEG,True,0.0010539654176682234,0.000509391538798809,0.49822625517845154,0.497860848903656,-0.015763282775878906,-0.0011498183012008667
vit_base_patch16_224,pit_b_224,shuffled_semantic_opponent,0,ILSVRC2012_val_00031361.JPEG,True,-0.009220672771334648,-0.00705356989055872,0.4947916567325592,0.49707695841789246,-0.3161945343017578,-0.017197664827108383
vit_base_patch16_224,pit_b_224,shuffled_semantic_opponent,1,ILSVRC2012_val_00031410.JPEG,True,0.0010699080303311348,0.00047353003174066544,0.4983258843421936,0.4979870915412903,-0.043506622314453125,-0.0038197562098503113
vit_base_patch16_224,pit_b_224,semantic_equivalent_feature_gaussian,0,ILSVRC2012_val_00031361.JPEG,True,-0.00565215852111578,-0.006960039027035236,0.49526333808898926,0.49566859006881714,-0.48071861267089844,-0.02956322208046913
vit_base_patch16_224,pit_b_224,semantic_equivalent_feature_gaussian,1,ILSVRC2012_val_00031410.JPEG,True,-0.007565343752503395,-0.008504798635840416,0.5010828375816345,0.5012422800064087,-0.08802509307861328,-0.007209800183773041
vit_base_patch16_224,pit_b_224,uniform_opponent,2,ILSVRC2012_val_00031472.JPEG,True,-0.0008118502446450293,-0.0008180614095181227,0.5034810900688171,0.5029562711715698,-0.01271820068359375,0.010697677731513977
vit_base_patch16_224,pit_b_224,uniform_opponent,3,ILSVRC2012_val_00031495.JPEG,True,0.019790470600128174,0.020407024770975113,0.5085299611091614,0.509161114692688,0.16409683227539062,0.06667682528495789
vit_base_patch16_224,pit_b_224,global_preserve_opponent,2,ILSVRC2012_val_00031472.JPEG,True,-0.00045493285870179534,-0.0003703644033521414,0.5020726919174194,0.5029961466789246,0.07749557495117188,0.01624371111392975
vit_base_patch16_224,pit_b_224,global_preserve_opponent,3,ILSVRC2012_val_00031495.JPEG,True,0.011472067795693874,0.010933253914117813,0.5061583518981934,0.5081645846366882,0.11185264587402344,0.04540736973285675
vit_base_patch16_224,pit_b_224,route_balance_opponent,2,ILSVRC2012_val_00031472.JPEG,True,-0.0011387607082724571,-0.0011898920638486743,0.503680408000946,0.5031090378761292,0.009642601013183594,0.008111253380775452
vit_base_patch16_224,pit_b_224,route_balance_opponent,3,ILSVRC2012_val_00031495.JPEG,True,0.020880945026874542,0.021620968356728554,0.5080516338348389,0.509200930595398,0.15823841094970703,0.06663103401660919
vit_base_patch16_224,pit_b_224,semantic_equivalent_opponent,2,ILSVRC2012_val_00031472.JPEG,True,-0.0008115973905660212,-0.000767012475989759,0.5029761791229248,0.5026572942733765,0.03223896026611328,0.008494213223457336
vit_base_patch16_224,pit_b_224,semantic_equivalent_opponent,3,ILSVRC2012_val_00031495.JPEG,True,0.010802479460835457,0.01026853732764721,0.5066764950752258,0.5082974433898926,0.10145282745361328,0.04214838147163391
vit_base_patch16_224,pit_b_224,shuffled_semantic_opponent,2,ILSVRC2012_val_00031472.JPEG,True,-0.0005243289051577449,-0.0004444100195541978,0.5020926594734192,0.502909779548645,0.0725698471069336,0.014940395951271057
vit_base_patch16_224,pit_b_224,shuffled_semantic_opponent,3,ILSVRC2012_val_00031495.JPEG,True,0.01118787843734026,0.010687777772545815,0.5058726668357849,0.5084568858146667,0.12044525146484375,0.04820142686367035
vit_base_patch16_224,pit_b_224,semantic_equivalent_feature_gaussian,2,ILSVRC2012_val_00031472.JPEG,True,0.0025549838319420815,0.0025128743145614862,0.5060520172119141,0.5059390664100647,0.25258922576904297,0.05677817761898041
vit_base_patch16_224,pit_b_224,semantic_equivalent_feature_gaussian,3,ILSVRC2012_val_00031495.JPEG,True,0.02169862762093544,0.024294374510645866,0.509373664855957,0.5099051594734192,0.2605247497558594,0.09755589067935944
vit_base_patch16_224,pit_b_224,uniform_opponent,4,ILSVRC2012_val_00031548.JPEG,True,-0.005710343364626169,-0.006904588080942631,0.49501752853393555,0.49408748745918274,-0.3633861541748047,-0.030650734901428223
vit_base_patch16_224,pit_b_224,uniform_opponent,5,ILSVRC2012_val_00031586.JPEG,True,0.00016277795657515526,0.001526608131825924,0.4990367293357849,0.4993622303009033,0.0003814697265625,0.0013216584920883179
vit_base_patch16_224,pit_b_224,global_preserve_opponent,4,ILSVRC2012_val_00031548.JPEG,True,-0.0044929105788469315,-0.005405650939792395,0.495004266500473,0.49337664246559143,-0.4181671142578125,-0.031140103936195374
vit_base_patch16_224,pit_b_224,global_preserve_opponent,5,ILSVRC2012_val_00031586.JPEG,True,0.0004715844988822937,0.0017787562683224678,0.49855175614356995,0.498817503452301,0.0036144256591796875,0.0015776604413986206
vit_base_patch16_224,pit_b_224,route_balance_opponent,4,ILSVRC2012_val_00031548.JPEG,True,-0.005748394876718521,-0.006934597156941891,0.4954626262187958,0.494027704000473,-0.3697957992553711,-0.031029269099235535
vit_base_patch16_224,pit_b_224,route_balance_opponent,5,ILSVRC2012_val_00031586.JPEG,True,0.0005329342093318701,0.0018485068576410413,0.49901679158210754,0.4993356764316559,0.008106231689453125,0.0022870004177093506
vit_base_patch16_224,pit_b_224,semantic_equivalent_opponent,4,ILSVRC2012_val_00031548.JPEG,True,-0.004279990680515766,-0.005200576968491077,0.49490460753440857,0.4932105541229248,-0.4117136001586914,-0.03101666271686554
vit_base_patch16_224,pit_b_224,semantic_equivalent_opponent,5,ILSVRC2012_val_00031586.JPEG,True,0.0007496599573642015,0.002006794326007366,0.49797379970550537,0.4987444281578064,-0.007785797119140625,0.00020150840282440186
vit_base_patch16_224,pit_b_224,shuffled_semantic_opponent,4,ILSVRC2012_val_00031548.JPEG,True,-0.004219168331474066,-0.005131665617227554,0.4946787357330322,0.4931374788284302,-0.4161863327026367,-0.03138106316328049
vit_base_patch16_224,pit_b_224,shuffled_semantic_opponent,5,ILSVRC2012_val_00031586.JPEG,True,0.00045688915997743607,0.0017637626733630896,0.49870455265045166,0.49853184819221497,0.0025930404663085938,0.0014922618865966797
vit_base_patch16_224,pit_b_224,semantic_equivalent_feature_gaussian,4,ILSVRC2012_val_00031548.JPEG,True,-0.006349773146212101,-0.007566291838884354,0.4960472583770752,0.49442628026008606,-0.3568248748779297,-0.02634313702583313
vit_base_patch16_224,pit_b_224,semantic_equivalent_feature_gaussian,5,ILSVRC2012_val_00031586.JPEG,True,0.012631353922188282,0.014136146754026413,0.5066831707954407,0.5075600743293762,0.14380645751953125,0.023825109004974365
vit_base_patch16_224,pit_b_224,uniform_opponent,6,ILSVRC2012_val_00031588.JPEG,True,0.0005186342168599367,0.00036662397906184196,0.502703845500946,0.5030758380889893,0.00696563720703125,0.0004915446043014526
vit_base_patch16_224,pit_b_224,uniform_opponent,7,ILSVRC2012_val_00031593.JPEG,True,0.005576740484684706,0.0017721082549542189,0.4956619441509247,0.49484482407569885,0.010943412780761719,0.003349199891090393
vit_base_patch16_224,pit_b_224,global_preserve_opponent,6,ILSVRC2012_val_00031588.JPEG,True,0.00044273026287555695,0.00025448668748140335,0.502949595451355,0.5032551884651184,0.008084297180175781,0.0005428940057754517
vit_base_patch16_224,pit_b_224,global_preserve_opponent,7,ILSVRC2012_val_00031593.JPEG,True,0.0047952053137123585,0.000844937632791698,0.49572837352752686,0.49521684646606445,0.014479637145996094,0.004136443138122559
vit_base_patch16_224,pit_b_224,route_balance_opponent,6,ILSVRC2012_val_00031588.JPEG,True,0.0003415844403207302,0.00013725017197430134,0.502703845500946,0.5031622052192688,0.009489059448242188,0.0007055550813674927
vit_base_patch16_224,pit_b_224,route_balance_opponent,7,ILSVRC2012_val_00031593.JPEG,True,0.006341308355331421,0.002683718455955386,0.49602067470550537,0.4951836168766022,0.020084381103515625,0.004906415939331055
vit_base_patch16_224,pit_b_224,semantic_equivalent_opponent,6,ILSVRC2012_val_00031588.JPEG,True,0.00033366295974701643,9.856000542640686e-05,0.502351701259613,0.5029961466789246,0.009979248046875,0.0006663128733634949
vit_base_patch16_224,pit_b_224,semantic_equivalent_opponent,7,ILSVRC2012_val_00031593.JPEG,True,0.005611096974462271,0.0018279484938830137,0.4958745241165161,0.49504411220550537,0.01549530029296875,0.004324093461036682
vit_base_patch16_224,pit_b_224,shuffled_semantic_opponent,6,ILSVRC2012_val_00031588.JPEG,True,0.0003792433999478817,0.0001957174390554428,0.5028499960899353,0.5028034448623657,0.009552001953125,0.0007035583257675171
vit_base_patch16_224,pit_b_224,shuffled_semantic_opponent,7,ILSVRC2012_val_00031593.JPEG,True,0.004682997241616249,0.0006787130841985345,0.4955822229385376,0.495210200548172,0.010926246643066406,0.003570958971977234
vit_base_patch16_224,pit_b_224,semantic_equivalent_feature_gaussian,6,ILSVRC2012_val_00031588.JPEG,True,0.005216393619775772,0.006029713898897171,0.5036006569862366,0.5049160122871399,0.02227306365966797,0.002305634319782257
vit_base_patch16_224,pit_b_224,semantic_equivalent_feature_gaussian,7,ILSVRC2012_val_00031593.JPEG,True,-0.0026464269030839205,-0.003227396635338664,0.49667835235595703,0.4956619441509247,-0.07117271423339844,-0.008641079068183899
vit_base_patch16_224,pit_b_224,uniform_opponent,8,ILSVRC2012_val_00031629.JPEG,True,0.0018182648345828056,0.0017121164128184319,0.5038996338844299,0.5035275816917419,-0.04948616027832031,-0.004772737622261047
vit_base_patch16_224,pit_b_224,uniform_opponent,9,ILSVRC2012_val_00031647.JPEG,True,-0.0009652730077505112,-0.0010508941486477852,0.501767098903656,0.5022653341293335,-0.12050437927246094,-0.013362206518650055
vit_base_patch16_224,pit_b_224,global_preserve_opponent,8,ILSVRC2012_val_00031629.JPEG,True,0.0013066837564110756,0.0011223000474274158,0.504092276096344,0.5044044852256775,-0.0382080078125,-0.003690063953399658
vit_base_patch16_224,pit_b_224,global_preserve_opponent,9,ILSVRC2012_val_00031647.JPEG,True,-0.0007053251611068845,-0.0009344591526314616,0.5017538070678711,0.5019664168357849,-0.11923885345458984,-0.013400331139564514
vit_base_patch16_224,pit_b_224,route_balance_opponent,8,ILSVRC2012_val_00031629.JPEG,True,0.001179063692688942,0.0010773567482829094,0.5039594173431396,0.5044177770614624,-0.05467414855957031,-0.005260735750198364
vit_base_patch16_224,pit_b_224,route_balance_opponent,9,ILSVRC2012_val_00031647.JPEG,True,-0.0009316776413470507,-0.000970333581790328,0.5015079975128174,0.5022521018981934,-0.1180715560913086,-0.013074934482574463
vit_base_patch16_224,pit_b_224,semantic_equivalent_opponent,8,ILSVRC2012_val_00031629.JPEG,True,0.0007354440167546272,0.0005689086392521858,0.5046104192733765,0.5049492716789246,-0.04792308807373047,-0.004655331373214722
vit_base_patch16_224,pit_b_224,semantic_equivalent_opponent,9,ILSVRC2012_val_00031647.JPEG,True,-0.0006866351468488574,-0.0008816000772640109,0.5011426210403442,0.5022587180137634,-0.12734031677246094,-0.014379598200321198
vit_base_patch16_224,pit_b_224,shuffled_semantic_opponent,8,ILSVRC2012_val_00031629.JPEG,True,0.0012819813564419746,0.0011003799736499786,0.5042583346366882,0.5047565698623657,-0.04889488220214844,-0.0048333629965782166
vit_base_patch16_224,pit_b_224,shuffled_semantic_opponent,9,ILSVRC2012_val_00031647.JPEG,True,-0.0007949016289785504,-0.0010060853091999888,0.5017737746238708,0.5020527839660645,-0.12383842468261719,-0.013946108520030975
vit_base_patch16_224,pit_b_224,semantic_equivalent_feature_gaussian,8,ILSVRC2012_val_00031629.JPEG,True,0.00698940409347415,0.007657917216420174,0.5084568858146667,0.5083506107330322,-0.014967918395996094,-0.0011742264032363892
vit_base_patch16_224,pit_b_224,semantic_equivalent_feature_gaussian,9,ILSVRC2012_val_00031647.JPEG,True,-0.013197613880038261,-0.013244284316897392,0.5004185438156128,0.4993290305137634,-0.11861705780029297,-0.012595660984516144
vit_base_patch16_224,pit_b_224,uniform_opponent,10,ILSVRC2012_val_00031670.JPEG,True,0.004201911389827728,0.004685672465711832,0.5019265413284302,0.5018999576568604,0.10759925842285156,0.027316853404045105
vit_base_patch16_224,pit_b_224,uniform_opponent,11,ILSVRC2012_val_00031686.JPEG,True,0.02612205222249031,0.028198707848787308,0.530645489692688,0.5316020846366882,0.13888931274414062,0.05355021357536316
vit_base_patch16_224,pit_b_224,global_preserve_opponent,10,ILSVRC2012_val_00031670.JPEG,True,0.003978066146373749,0.004208586178719997,0.5045174360275269,0.5037534832954407,0.13617706298828125,0.034705474972724915
vit_base_patch16_224,pit_b_224,global_preserve_opponent,11,ILSVRC2012_val_00031686.JPEG,True,0.02848551794886589,0.030501708388328552,0.5303598046302795,0.5315223932266235,0.14037036895751953,0.05295552313327789
vit_base_patch16_224,pit_b_224,route_balance_opponent,10,ILSVRC2012_val_00031670.JPEG,True,0.003772842464968562,0.004244863986968994,0.5019664168357849,0.5019996166229248,0.08257007598876953,0.023348942399024963
vit_base_patch16_224,pit_b_224,route_balance_opponent,11,ILSVRC2012_val_00031686.JPEG,True,0.025522524490952492,0.027588799595832825,0.5302136540412903,0.5312765836715698,0.11783409118652344,0.05010995268821716
vit_base_patch16_224,pit_b_224,semantic_equivalent_opponent,10,ILSVRC2012_val_00031670.JPEG,True,0.0034896722063422203,0.0036961757577955723,0.5042118430137634,0.5039926171302795,0.12046051025390625,0.030975177884101868
vit_base_patch16_224,pit_b_224,semantic_equivalent_opponent,11,ILSVRC2012_val_00031686.JPEG,True,0.0285353884100914,0.030527090653777122,0.5303664207458496,0.5314493179321289,0.14802169799804688,0.05481089651584625
vit_base_patch16_224,pit_b_224,shuffled_semantic_opponent,10,ILSVRC2012_val_00031670.JPEG,True,0.00404299097135663,0.0042509399354457855,0.5045838356018066,0.5039461255073547,0.13803482055664062,0.03433232009410858
vit_base_patch16_224,pit_b_224,shuffled_semantic_opponent,11,ILSVRC2012_val_00031686.JPEG,True,0.028434505686163902,0.03044847957789898,0.5302202701568604,0.5314160585403442,0.14335155487060547,0.053889527916908264
vit_base_patch16_224,pit_b_224,semantic_equivalent_feature_gaussian,10,ILSVRC2012_val_00031670.JPEG,True,-0.008983382023870945,-0.008588781580328941,0.4996612071990967,0.4990101456642151,-0.012883186340332031,0.009824983775615692
vit_base_patch16_224,pit_b_224,semantic_equivalent_feature_gaussian,11,ILSVRC2012_val_00031686.JPEG,True,0.027357593178749084,0.029778974130749702,0.5301272869110107,0.5318478941917419,0.1365518569946289,0.055244818329811096
vit_base_patch16_224,pit_b_224,uniform_opponent,12,ILSVRC2012_val_00031762.JPEG,True,0.11278124898672104,0.12053273618221283,0.5252976417541504,0.5270647406578064,3.0576014518737793,3.2011823654174805
vit_base_patch16_224,pit_b_224,uniform_opponent,13,ILSVRC2012_val_00031783.JPEG,True,0.024497415870428085,0.025998825207352638,0.5138911008834839,0.5145620703697205,0.06710147857666016,0.06454713642597198
vit_base_patch16_224,pit_b_224,global_preserve_opponent,12,ILSVRC2012_val_00031762.JPEG,True,0.09180288016796112,0.10155263543128967,0.5213183164596558,0.522666871547699,2.405604362487793,2.5354561805725098
vit_base_patch16_224,pit_b_224,global_preserve_opponent,13,ILSVRC2012_val_00031783.JPEG,True,0.018841134384274483,0.02041921205818653,0.5125292539596558,0.5129610300064087,0.08701705932617188,0.06354117393493652
vit_base_patch16_224,pit_b_224,route_balance_opponent,12,ILSVRC2012_val_00031762.JPEG,True,0.11288994550704956,0.12060222029685974,0.5252311825752258,0.5270780324935913,3.0572643280029297,3.1863861083984375
vit_base_patch16_224,pit_b_224,route_balance_opponent,13,ILSVRC2012_val_00031783.JPEG,True,0.02465207502245903,0.026125505566596985,0.5146484375,0.5148809552192688,0.06424617767333984,0.06600895524024963
vit_base_patch16_224,pit_b_224,semantic_equivalent_opponent,12,ILSVRC2012_val_00031762.JPEG,True,0.092267245054245,0.10198439657688141,0.5211455821990967,0.5225340127944946,2.3903651237487793,2.5259482860565186
vit_base_patch16_224,pit_b_224,semantic_equivalent_opponent,13,ILSVRC2012_val_00031783.JPEG,True,0.018744561821222305,0.02030155062675476,0.5123631358146667,0.512489378452301,0.091949462890625,0.06502968072891235
vit_base_patch16_224,pit_b_224,shuffled_semantic_opponent,12,ILSVRC2012_val_00031762.JPEG,True,0.09190908074378967,0.10164093226194382,0.521464467048645,0.5223745703697205,2.3995590209960938,2.530518054962158
vit_base_patch16_224,pit_b_224,shuffled_semantic_opponent,13,ILSVRC2012_val_00031783.JPEG,True,0.018868036568164825,0.02044759690761566,0.5124163031578064,0.5129677057266235,0.0898885726928711,0.06473183631896973
vit_base_patch16_224,pit_b_224,semantic_equivalent_feature_gaussian,12,ILSVRC2012_val_00031762.JPEG,True,0.1089930385351181,0.1180638000369072,0.5270248651504517,0.5273902416229248,3.202150344848633,3.357290506362915
vit_base_patch16_224,pit_b_224,semantic_equivalent_feature_gaussian,13,ILSVRC2012_val_00031783.JPEG,True,0.014342849142849445,0.01632465235888958,0.516023576259613,0.5167610049247742,0.07751274108886719,0.053418248891830444
vit_base_patch16_224,pit_b_224,uniform_opponent,14,ILSVRC2012_val_00031785.JPEG,True,0.01624656282365322,0.020460687577724457,0.5083705186843872,0.5103170275688171,0.10159778594970703,0.017077893018722534
vit_base_patch16_224,pit_b_224,uniform_opponent,15,ILSVRC2012_val_00031789.JPEG,True,0.014040420763194561,0.01526893675327301,0.5036538243293762,0.5038597583770752,0.10961627960205078,0.015191107988357544
vit_base_patch16_224,pit_b_224,global_preserve_opponent,14,ILSVRC2012_val_00031785.JPEG,True,0.012205325067043304,0.01624751091003418,0.5075401067733765,0.5088289380073547,0.10486412048339844,0.017226919531822205
vit_base_patch16_224,pit_b_224,global_preserve_opponent,15,ILSVRC2012_val_00031789.JPEG,True,0.013948759064078331,0.015176890417933464,0.5041055679321289,0.503507673740387,0.09353256225585938,0.012720763683319092
vit_base_patch16_224,pit_b_224,route_balance_opponent,14,ILSVRC2012_val_00031785.JPEG,True,0.01603551395237446,0.020259380340576172,0.5084701776504517,0.5103170275688171,0.1011190414428711,0.016989320516586304
vit_base_patch16_224,pit_b_224,route_balance_opponent,15,ILSVRC2012_val_00031789.JPEG,True,0.013939939439296722,0.01515982300043106,0.5037932991981506,0.5035740733146667,0.1081085205078125,0.014849945902824402
vit_base_patch16_224,pit_b_224,semantic_equivalent_opponent,14,ILSVRC2012_val_00031785.JPEG,True,0.011882632970809937,0.015912866219878197,0.5075467824935913,0.5088156461715698,0.10519981384277344,0.017328128218650818
vit_base_patch16_224,pit_b_224,semantic_equivalent_opponent,15,ILSVRC2012_val_00031789.JPEG,True,0.013855339027941227,0.0150755625218153,0.5038132667541504,0.5034744143486023,0.094970703125,0.012796491384506226
vit_base_patch16_224,pit_b_224,shuffled_semantic_opponent,14,ILSVRC2012_val_00031785.JPEG,True,0.011971218511462212,0.016014069318771362,0.5075533986091614,0.508808970451355,0.1024160385131836,0.016850396990776062
vit_base_patch16_224,pit_b_224,shuffled_semantic_opponent,15,ILSVRC2012_val_00031789.JPEG,True,0.013970877043902874,0.015200450085103512,0.5040324926376343,0.5033814311027527,0.1009368896484375,0.013964459300041199
vit_base_patch16_224,pit_b_224,semantic_equivalent_feature_gaussian,14,ILSVRC2012_val_00031785.JPEG,True,0.019529594108462334,0.02233986184000969,0.5125159621238708,0.5118117332458496,0.15548992156982422,0.0260256826877594
vit_base_patch16_224,pit_b_224,semantic_equivalent_feature_gaussian,15,ILSVRC2012_val_00031789.JPEG,True,-0.00903376005589962,-0.008249809965491295,0.5070485472679138,0.5076198577880859,0.08847999572753906,0.009374290704727173
vit_base_patch16_224,pit_b_224,uniform_opponent,16,ILSVRC2012_val_00031922.JPEG,True,0.011694483458995819,0.012053444050252438,0.5017006993293762,0.5014615058898926,0.026276588439941406,0.003728017210960388
vit_base_patch16_224,pit_b_224,uniform_opponent,17,ILSVRC2012_val_00031927.JPEG,True,0.007008494809269905,0.007658726070076227,0.506630003452301,0.5064041018486023,0.06746101379394531,0.0299624502658844
vit_base_patch16_224,pit_b_224,global_preserve_opponent,16,ILSVRC2012_val_00031922.JPEG,True,0.011435240507125854,0.011805638670921326,0.5017803907394409,0.5012223720550537,0.029129981994628906,0.0040177106857299805
vit_base_patch16_224,pit_b_224,global_preserve_opponent,17,ILSVRC2012_val_00031927.JPEG,True,0.010329211130738258,0.011136304587125778,0.5058128833770752,0.5071216225624084,0.09797859191894531,0.032777339220047
vit_base_patch16_224,pit_b_224,route_balance_opponent,16,ILSVRC2012_val_00031922.JPEG,True,0.011726094409823418,0.012120838277041912,0.5021191835403442,0.5014216899871826,0.027695655822753906,0.0036540180444717407
vit_base_patch16_224,pit_b_224,route_balance_opponent,17,ILSVRC2012_val_00031927.JPEG,True,0.006596660241484642,0.007200641557574272,0.5065768361091614,0.5067894458770752,0.06833553314208984,0.02844877541065216
vit_base_patch16_224,pit_b_224,semantic_equivalent_opponent,16,ILSVRC2012_val_00031922.JPEG,True,0.011485632508993149,0.01189382467418909,0.5019597411155701,0.5007573366165161,0.01884746551513672,0.0029437094926834106
vit_base_patch16_224,pit_b_224,semantic_equivalent_opponent,17,ILSVRC2012_val_00031927.JPEG,True,0.009983072057366371,0.010759109631180763,0.5061915516853333,0.5068891048431396,0.10400867462158203,0.0338171124458313
vit_base_patch16_224,pit_b_224,shuffled_semantic_opponent,16,ILSVRC2012_val_00031922.JPEG,True,0.011344881728291512,0.011708595789968967,0.501973032951355,0.5012223720550537,0.027959823608398438,0.004019290208816528
vit_base_patch16_224,pit_b_224,shuffled_semantic_opponent,17,ILSVRC2012_val_00031927.JPEG,True,0.010548034682869911,0.011343969963490963,0.5061915516853333,0.5073142647743225,0.11058330535888672,0.03454464673995972
vit_base_patch16_224,pit_b_224,semantic_equivalent_feature_gaussian,16,ILSVRC2012_val_00031922.JPEG,True,-0.0022165391128510237,-0.0015237040352076292,0.503514289855957,0.5031887888908386,0.08687210083007812,0.01432715356349945
vit_base_patch16_224,pit_b_224,semantic_equivalent_feature_gaussian,17,ILSVRC2012_val_00031927.JPEG,True,0.001097414642572403,0.00313997152261436,0.5057265162467957,0.5061583518981934,0.11999893188476562,0.03587061166763306
vit_base_patch16_224,pit_b_224,uniform_opponent,18,ILSVRC2012_val_00032032.JPEG,True,0.02726643905043602,0.028146132826805115,0.5123498439788818,0.5135323405265808,-0.012075424194335938,0.02686363458633423
vit_base_patch16_224,pit_b_224,uniform_opponent,19,ILSVRC2012_val_00032039.JPEG,True,0.007783149369060993,0.008705160580575466,0.49678465723991394,0.497840940952301,-0.11114978790283203,-0.021279513835906982
vit_base_patch16_224,pit_b_224,global_preserve_opponent,18,ILSVRC2012_val_00032032.JPEG,True,0.019951559603214264,0.021938294172286987,0.5114197731018066,0.5122369527816772,-0.03089427947998047,0.009365260601043701
vit_base_patch16_224,pit_b_224,global_preserve_opponent,19,ILSVRC2012_val_00032039.JPEG,True,0.007656969595700502,0.00850842334330082,0.4962930381298065,0.497860848903656,-0.10662078857421875,-0.02034805715084076
vit_base_patch16_224,pit_b_224,route_balance_opponent,18,ILSVRC2012_val_00032032.JPEG,True,0.027514051645994186,0.028353091329336166,0.5127484798431396,0.5135191082954407,-0.023807525634765625,0.023536741733551025
vit_base_patch16_224,pit_b_224,route_balance_opponent,19,ILSVRC2012_val_00032039.JPEG,True,0.00754606444388628,0.008421708829700947,0.49651890993118286,0.49777451157569885,-0.08919906616210938,-0.017857536673545837
vit_base_patch16_224,pit_b_224,semantic_equivalent_opponent,18,ILSVRC2012_val_00032032.JPEG,True,0.02004791423678398,0.022035233676433563,0.5112869143486023,0.512303352355957,-0.029645919799804688,0.011606097221374512
vit_base_patch16_224,pit_b_224,semantic_equivalent_opponent,19,ILSVRC2012_val_00032039.JPEG,True,0.007396921515464783,0.00820089876651764,0.49625319242477417,0.49797379970550537,-0.08729076385498047,-0.01753397285938263
vit_base_patch16_224,pit_b_224,shuffled_semantic_opponent,18,ILSVRC2012_val_00032032.JPEG,True,0.020186636596918106,0.022170502692461014,0.5110610723495483,0.5120243430137634,-0.052829742431640625,0.0018110275268554688
vit_base_patch16_224,pit_b_224,shuffled_semantic_opponent,19,ILSVRC2012_val_00032039.JPEG,True,0.007615367881953716,0.008487492799758911,0.4962930381298065,0.4980801045894623,-0.09683799743652344,-0.01927638053894043
vit_base_patch16_224,pit_b_224,semantic_equivalent_feature_gaussian,18,ILSVRC2012_val_00032032.JPEG,True,0.02419273555278778,0.02626967802643776,0.5161432027816772,0.5171130895614624,-0.1634521484375,-0.02379024028778076
vit_base_patch16_224,pit_b_224,semantic_equivalent_feature_gaussian,19,ILSVRC2012_val_00032039.JPEG,True,-0.003961804322898388,-0.0036725900135934353,0.4983724057674408,0.4981863796710968,-0.0755767822265625,-0.01732824742794037
vit_base_patch16_224,pit_b_224,uniform_opponent,20,ILSVRC2012_val_00032046.JPEG,True,0.005145576782524586,0.004510417580604553,0.5003587603569031,0.5011758804321289,-0.059375762939453125,-0.03358779847621918
vit_base_patch16_224,pit_b_224,uniform_opponent,21,ILSVRC2012_val_00032097.JPEG,True,-0.0003454323159530759,-0.0013903934741392732,0.5020461082458496,0.5018069744110107,-0.022134780883789062,-0.00559408962726593
vit_base_patch16_224,pit_b_224,global_preserve_opponent,20,ILSVRC2012_val_00032046.JPEG,True,0.008890237659215927,0.008309584110975266,0.5057066082954407,0.5050621628761292,-0.006833076477050781,-0.024561375379562378
vit_base_patch16_224,pit_b_224,global_preserve_opponent,21,ILSVRC2012_val_00032097.JPEG,True,0.0004973910981789231,-0.0005105134332552552,0.5024447441101074,0.5023716688156128,-0.01765155792236328,-0.0048324912786483765
vit_base_patch16_224,pit_b_224,route_balance_opponent,20,ILSVRC2012_val_00032046.JPEG,True,0.005009620450437069,0.0044140503741800785,0.5002126097679138,0.5012289881706238,-0.08011627197265625,-0.037246063351631165
vit_base_patch16_224,pit_b_224,route_balance_opponent,21,ILSVRC2012_val_00032097.JPEG,True,-0.0002915780059993267,-0.0013541365042328835,0.5018003582954407,0.5020793676376343,-0.023836135864257812,-0.005688115954399109
vit_base_patch16_224,pit_b_224,semantic_equivalent_opponent,20,ILSVRC2012_val_00032046.JPEG,True,0.008992909453809261,0.008448496460914612,0.5055936574935913,0.5049957633018494,0.0007486343383789062,-0.022382572293281555
vit_base_patch16_224,pit_b_224,semantic_equivalent_opponent,21,ILSVRC2012_val_00032097.JPEG,True,0.000539058877620846,-0.00048522569704800844,0.5025244355201721,0.5026506781578064,-0.0216064453125,-0.005077973008155823
vit_base_patch16_224,pit_b_224,shuffled_semantic_opponent,20,ILSVRC2012_val_00032046.JPEG,True,0.009068623185157776,0.00838384311646223,0.505294680595398,0.5048496127128601,-0.011096954345703125,-0.024299532175064087
vit_base_patch16_224,pit_b_224,shuffled_semantic_opponent,21,ILSVRC2012_val_00032097.JPEG,True,0.00041281338781118393,-0.0005872566252946854,0.5025045275688171,0.5020660758018494,-0.03054332733154297,-0.006572023034095764
vit_base_patch16_224,pit_b_224,semantic_equivalent_feature_gaussian,20,ILSVRC2012_val_00032046.JPEG,True,0.0022239680401980877,0.0025773094967007637,0.5004716515541077,0.5015943646430969,-0.0626211166381836,-0.030621707439422607
vit_base_patch16_224,pit_b_224,semantic_equivalent_feature_gaussian,21,ILSVRC2012_val_00032097.JPEG,True,0.00963130034506321,0.010040590539574623,0.5019398331642151,0.5015943646430969,-0.09186172485351562,-0.012650474905967712
vit_base_patch16_224,pit_b_224,uniform_opponent,22,ILSVRC2012_val_00032098.JPEG,True,-0.010813899338245392,-0.00920497439801693,0.4987178444862366,0.4990699291229248,-0.025742530822753906,-0.002658545970916748
vit_base_patch16_224,pit_b_224,uniform_opponent,23,ILSVRC2012_val_00032102.JPEG,True,0.008746273815631866,0.008456123992800713,0.5047565698623657,0.5038929581642151,0.062224388122558594,0.009796693921089172
vit_base_patch16_224,pit_b_224,global_preserve_opponent,22,ILSVRC2012_val_00032098.JPEG,True,-0.011012008413672447,-0.009540154598653316,0.4985584020614624,0.49893707036972046,-0.014754295349121094,-0.0014609545469284058
vit_base_patch16_224,pit_b_224,global_preserve_opponent,23,ILSVRC2012_val_00032102.JPEG,True,0.00996537134051323,0.009652619250118732,0.5042849183082581,0.5032751560211182,0.06393241882324219,0.010322749614715576
vit_base_patch16_224,pit_b_224,route_balance_opponent,22,ILSVRC2012_val_00032098.JPEG,True,-0.010433567687869072,-0.008908968418836594,0.499116450548172,0.49938881397247314,-0.019929885864257812,-0.002095252275466919
vit_base_patch16_224,pit_b_224,route_balance_opponent,23,ILSVRC2012_val_00032102.JPEG,True,0.010016861371695995,0.009667118079960346,0.5041653513908386,0.503507673740387,0.06068229675292969,0.00990922749042511
vit_base_patch16_224,pit_b_224,semantic_equivalent_opponent,22,ILSVRC2012_val_00032098.JPEG,True,-0.010614080354571342,-0.00921198446303606,0.49904337525367737,0.49904337525367737,-0.019521713256835938,-0.0018953979015350342
vit_base_patch16_224,pit_b_224,semantic_equivalent_opponent,23,ILSVRC2012_val_00032102.JPEG,True,0.011257555335760117,0.01088239811360836,0.5040789842605591,0.5029429793357849,0.06450748443603516,0.01027783751487732
vit_base_patch16_224,pit_b_224,shuffled_semantic_opponent,22,ILSVRC2012_val_00032098.JPEG,True,-0.011362740769982338,-0.010054550133645535,0.49867135286331177,0.49857833981513977,-0.026900291442871094,-0.002614825963973999
vit_base_patch16_224,pit_b_224,shuffled_semantic_opponent,23,ILSVRC2012_val_00032102.JPEG,True,0.010586455464363098,0.0102586280554533,0.5040524005889893,0.5038996338844299,0.07109642028808594,0.011333778500556946
vit_base_patch16_224,pit_b_224,semantic_equivalent_feature_gaussian,22,ILSVRC2012_val_00032098.JPEG,True,-0.005190820898860693,-0.00616053119301796,0.5006111860275269,0.49982061982154846,-0.03173637390136719,-0.0026838555932044983
vit_base_patch16_224,pit_b_224,semantic_equivalent_feature_gaussian,23,ILSVRC2012_val_00032102.JPEG,True,0.0049825394526124,0.006115280091762543,0.5092673897743225,0.5093072652816772,0.08454132080078125,0.012195587158203125
vit_base_patch16_224,pit_b_224,uniform_opponent,24,ILSVRC2012_val_00032120.JPEG,True,0.025004537776112556,0.02328410930931568,0.5042450428009033,0.5048363208770752,0.07593441009521484,0.014898091554641724
vit_base_patch16_224,pit_b_224,uniform_opponent,25,ILSVRC2012_val_00032188.JPEG,True,0.042603250592947006,0.03674397990107536,0.520733654499054,0.5203084945678711,0.2616243362426758,0.05315244197845459
vit_base_patch16_224,pit_b_224,global_preserve_opponent,24,ILSVRC2012_val_00032120.JPEG,True,0.02202090620994568,0.020444491878151894,0.5035209655761719,0.5030625462532043,0.06293296813964844,0.011943325400352478
vit_base_patch16_224,pit_b_224,global_preserve_opponent,25,ILSVRC2012_val_00032188.JPEG,True,0.050162285566329956,0.04459644481539726,0.5231518149375916,0.5229591727256775,0.24506187438964844,0.047197818756103516
vit_base_patch16_224,pit_b_224,route_balance_opponent,24,ILSVRC2012_val_00032120.JPEG,True,0.025269096717238426,0.023338355123996735,0.5045041441917419,0.5048496127128601,0.05998802185058594,0.012395843863487244
vit_base_patch16_224,pit_b_224,route_balance_opponent,25,ILSVRC2012_val_00032188.JPEG,True,0.042403534054756165,0.03655402734875679,0.5205675959587097,0.520321786403656,0.26407814025878906,0.0533667653799057
vit_base_patch16_224,pit_b_224,semantic_equivalent_opponent,24,ILSVRC2012_val_00032120.JPEG,True,0.021087123081088066,0.019439522176980972,0.5024713277816772,0.5032485723495483,0.0753335952758789,0.013310283422470093
vit_base_patch16_224,pit_b_224,semantic_equivalent_opponent,25,ILSVRC2012_val_00032188.JPEG,True,0.050251394510269165,0.04467929154634476,0.5233644247055054,0.5230920314788818,0.24237060546875,0.047196164727211
vit_base_patch16_224,pit_b_224,shuffled_semantic_opponent,24,ILSVRC2012_val_00032120.JPEG,True,0.022503390908241272,0.02099594660103321,0.5032817721366882,0.503341555595398,0.06731986999511719,0.012535244226455688
vit_base_patch16_224,pit_b_224,shuffled_semantic_opponent,25,ILSVRC2012_val_00032188.JPEG,True,0.04940999299287796,0.04375643655657768,0.5223612785339355,0.5227133631706238,0.23821258544921875,0.04559096693992615
vit_base_patch16_224,pit_b_224,semantic_equivalent_feature_gaussian,24,ILSVRC2012_val_00032120.JPEG,True,0.013283208943903446,0.012821715325117111,0.5033947229385376,0.5048163533210754,0.048091888427734375,0.011374682188034058
vit_base_patch16_224,pit_b_224,semantic_equivalent_feature_gaussian,25,ILSVRC2012_val_00032188.JPEG,True,0.0648222267627716,0.05518680810928345,0.5274234414100647,0.526181161403656,0.36543750762939453,0.08966806530952454
vit_base_patch16_224,pit_b_224,uniform_opponent,26,ILSVRC2012_val_00032370.JPEG,True,0.0011415123008191586,0.0009817718528211117,0.5000331997871399,0.4996744692325592,-0.1497507095336914,-0.013801157474517822
vit_base_patch16_224,pit_b_224,uniform_opponent,27,ILSVRC2012_val_00032435.JPEG,True,0.0054689496755599976,0.005707036703824997,0.5060188174247742,0.5062114596366882,0.17543315887451172,0.04458482563495636
vit_base_patch16_224,pit_b_224,global_preserve_opponent,26,ILSVRC2012_val_00032370.JPEG,True,-0.004393700044602156,-0.003950438462197781,0.49692416191101074,0.4962199628353119,-0.14669322967529297,-0.013926208019256592
vit_base_patch16_224,pit_b_224,global_preserve_opponent,27,ILSVRC2012_val_00032435.JPEG,True,0.006355589255690575,0.006627682130783796,0.5052680969238281,0.5068758130073547,0.20674514770507812,0.04741866886615753
vit_base_patch16_224,pit_b_224,route_balance_opponent,26,ILSVRC2012_val_00032370.JPEG,True,0.0009003498125821352,0.0006769641768187284,0.4998604953289032,0.49960803985595703,-0.15312957763671875,-0.013965219259262085
vit_base_patch16_224,pit_b_224,route_balance_opponent,27,ILSVRC2012_val_00032435.JPEG,True,0.005723395384848118,0.005929669365286827,0.5062247514724731,0.5059723258018494,0.16957569122314453,0.04412795603275299
vit_base_patch16_224,pit_b_224,semantic_equivalent_opponent,26,ILSVRC2012_val_00032370.JPEG,True,-0.004432661458849907,-0.004016542341560125,0.49692416191101074,0.49623990058898926,-0.15369510650634766,-0.014533601701259613
vit_base_patch16_224,pit_b_224,semantic_equivalent_opponent,27,ILSVRC2012_val_00032435.JPEG,True,0.006703048013150692,0.006948993541300297,0.5056600570678711,0.5067362785339355,0.1994953155517578,0.04544955492019653
vit_base_patch16_224,pit_b_224,shuffled_semantic_opponent,26,ILSVRC2012_val_00032370.JPEG,True,-0.004307166673243046,-0.003855169750750065,0.4969640076160431,0.49639269709587097,-0.14316654205322266,-0.013543292880058289
vit_base_patch16_224,pit_b_224,shuffled_semantic_opponent,27,ILSVRC2012_val_00032435.JPEG,True,0.006336648017168045,0.00660984730347991,0.5057464241981506,0.5065037608146667,0.19447898864746094,0.04416465759277344
vit_base_patch16_224,pit_b_224,semantic_equivalent_feature_gaussian,26,ILSVRC2012_val_00032370.JPEG,True,-0.0007845087675377727,-0.0012400089763104916,0.5019398331642151,0.5025776028633118,-0.15648174285888672,-0.01334940642118454
vit_base_patch16_224,pit_b_224,semantic_equivalent_feature_gaussian,27,ILSVRC2012_val_00032435.JPEG,True,0.00721350871026516,0.00797584280371666,0.5064572691917419,0.5056800246238708,0.2648277282714844,0.06876388192176819
vit_base_patch16_224,pit_b_224,uniform_opponent,28,ILSVRC2012_val_00032552.JPEG,True,0.05889783054590225,0.061493389308452606,0.5306587219238281,0.5315954685211182,1.1944446563720703,0.9048722982406616
vit_base_patch16_224,pit_b_224,uniform_opponent,29,ILSVRC2012_val_00032623.JPEG,True,0.03164412081241608,0.033501751720905304,0.5120044350624084,0.5116522908210754,0.22222423553466797,0.09230265021324158
vit_base_patch16_224,pit_b_224,global_preserve_opponent,28,ILSVRC2012_val_00032552.JPEG,True,0.004627009853720665,0.0049875397235155106,0.5097523331642151,0.510722279548645,0.044719696044921875,0.035495325922966
vit_base_patch16_224,pit_b_224,global_preserve_opponent,29,ILSVRC2012_val_00032623.JPEG,True,0.032835446298122406,0.034565217792987823,0.5121505856513977,0.5125225782394409,0.21207427978515625,0.09004154801368713
vit_base_patch16_224,pit_b_224,route_balance_opponent,28,ILSVRC2012_val_00032552.JPEG,True,0.058807455003261566,0.06141304969787598,0.5304062962532043,0.5317482352256775,1.181199073791504,0.8916345834732056
vit_base_patch16_224,pit_b_224,route_balance_opponent,29,ILSVRC2012_val_00032623.JPEG,True,0.032030537724494934,0.03384612128138542,0.5118383169174194,0.5119645595550537,0.2368021011352539,0.09785464406013489
vit_base_patch16_224,pit_b_224,semantic_equivalent_opponent,28,ILSVRC2012_val_00032552.JPEG,True,0.0043289680033922195,0.004705137573182583,0.5094268321990967,0.5107820630073547,0.04623985290527344,0.03585796058177948
vit_base_patch16_224,pit_b_224,semantic_equivalent_opponent,29,ILSVRC2012_val_00032623.JPEG,True,0.03307638317346573,0.03475899249315262,0.5123498439788818,0.5125823616981506,0.20922279357910156,0.08819764852523804
vit_base_patch16_224,pit_b_224,shuffled_semantic_opponent,28,ILSVRC2012_val_00032552.JPEG,True,0.005488703027367592,0.005835725460201502,0.5098121166229248,0.5110344886779785,0.05122852325439453,0.038521215319633484
vit_base_patch16_224,pit_b_224,shuffled_semantic_opponent,29,ILSVRC2012_val_00032623.JPEG,True,0.03282086178660393,0.034544095396995544,0.5123831033706665,0.5124428868293762,0.20179367065429688,0.08634978532791138
vit_base_patch16_224,pit_b_224,semantic_equivalent_feature_gaussian,28,ILSVRC2012_val_00032552.JPEG,True,0.021229654550552368,0.023278631269931793,0.5171595811843872,0.5189865231513977,0.2658061981201172,0.1123984158039093
vit_base_patch16_224,pit_b_224,semantic_equivalent_feature_gaussian,29,ILSVRC2012_val_00032623.JPEG,True,0.048690736293792725,0.05141746252775192,0.5164022445678711,0.517352283000946,0.30732059478759766,0.14967307448387146
vit_base_patch16_224,pit_b_224,uniform_opponent,30,ILSVRC2012_val_00032646.JPEG,True,0.02322271466255188,0.023119397461414337,0.5131337642669678,0.5127285122871399,0.7635250091552734,0.13107508420944214
vit_base_patch16_224,pit_b_224,uniform_opponent,31,ILSVRC2012_val_00032695.JPEG,True,-0.0014929617755115032,-0.0016095086466521025,0.5022521018981934,0.5027769207954407,-0.051166534423828125,-0.005751416087150574
vit_base_patch16_224,pit_b_224,global_preserve_opponent,30,ILSVRC2012_val_00032646.JPEG,True,0.020348817110061646,0.020262237638235092,0.5125225782394409,0.5124030113220215,0.7896919250488281,0.1348472535610199
vit_base_patch16_224,pit_b_224,global_preserve_opponent,31,ILSVRC2012_val_00032695.JPEG,True,-0.0015323716215789318,-0.0015837391838431358,0.5030891299247742,0.5031290054321289,-0.03704547882080078,-0.004241384565830231
vit_base_patch16_224,pit_b_224,route_balance_opponent,30,ILSVRC2012_val_00032646.JPEG,True,0.02344190701842308,0.023337412625551224,0.513107180595398,0.5130141973495483,0.7853183746337891,0.13774719834327698
vit_base_patch16_224,pit_b_224,route_balance_opponent,31,ILSVRC2012_val_00032695.JPEG,True,-0.0019843121990561485,-0.0021471534855663776,0.5023118853569031,0.5023982524871826,-0.048023223876953125,-0.005348809063434601
vit_base_patch16_224,pit_b_224,semantic_equivalent_opponent,30,ILSVRC2012_val_00032646.JPEG,True,0.02059062570333481,0.020505040884017944,0.512675404548645,0.511924684047699,0.7917070388793945,0.13587434589862823
vit_base_patch16_224,pit_b_224,semantic_equivalent_opponent,31,ILSVRC2012_val_00032695.JPEG,True,-0.0019573455210775137,-0.0020683561451733112,0.5022919178009033,0.5024247765541077,-0.05063343048095703,-0.00566110759973526
vit_base_patch16_224,pit_b_224,shuffled_semantic_opponent,30,ILSVRC2012_val_00032646.JPEG,True,0.0199882835149765,0.019906900823116302,0.512489378452301,0.5121439099311829,0.7847385406494141,0.13417452573776245
vit_base_patch16_224,pit_b_224,shuffled_semantic_opponent,31,ILSVRC2012_val_00032695.JPEG,True,-0.0014436354395002127,-0.001487654633820057,0.5029163956642151,0.5031024217605591,-0.04051971435546875,-0.004598438739776611
vit_base_patch16_224,pit_b_224,semantic_equivalent_feature_gaussian,30,ILSVRC2012_val_00032646.JPEG,True,0.060074664652347565,0.05993243306875229,0.5204746127128601,0.5216039419174194,1.2218151092529297,0.2770494818687439
vit_base_patch16_224,pit_b_224,semantic_equivalent_feature_gaussian,31,ILSVRC2012_val_00032695.JPEG,True,-0.0012763922568410635,-0.0009801151463761926,0.5053810477256775,0.5047300457954407,-0.046234130859375,-0.004864424467086792
vit_base_patch16_224,pit_b_224,uniform_opponent,32,ILSVRC2012_val_00032723.JPEG,True,0.004603132605552673,0.004816137254238129,0.5037534832954407,0.5039128661155701,-0.09649372100830078,-0.012274190783500671
vit_base_patch16_224,pit_b_224,uniform_opponent,33,ILSVRC2012_val_00032911.JPEG,True,0.00928637757897377,0.009501677006483078,0.5100247263908386,0.5100579261779785,0.12305259704589844,0.017101623117923737
vit_base_patch16_224,pit_b_224,global_preserve_opponent,32,ILSVRC2012_val_00032723.JPEG,True,0.007272370159626007,0.007517317775636911,0.5029363036155701,0.5043247938156128,-0.09081268310546875,-0.01153746247291565
vit_base_patch16_224,pit_b_224,global_preserve_opponent,33,ILSVRC2012_val_00032911.JPEG,True,0.0065407902002334595,0.006813711486756802,0.5092540979385376,0.5104498863220215,0.08564186096191406,0.012309126555919647
vit_base_patch16_224,pit_b_224,route_balance_opponent,32,ILSVRC2012_val_00032723.JPEG,True,0.00247783400118351,0.0026319215539842844,0.5037534832954407,0.5032684803009033,-0.09080219268798828,-0.011496245861053467
vit_base_patch16_224,pit_b_224,route_balance_opponent,33,ILSVRC2012_val_00032911.JPEG,True,0.0095621133223176,0.009714026935398579,0.5095065236091614,0.5096659660339355,0.13198471069335938,0.018386371433734894
vit_base_patch16_224,pit_b_224,semantic_equivalent_opponent,32,ILSVRC2012_val_00032723.JPEG,True,0.006095152348279953,0.006331278011202812,0.5026639699935913,0.5036471486091614,-0.08513927459716797,-0.010789409279823303
vit_base_patch16_224,pit_b_224,semantic_equivalent_opponent,33,ILSVRC2012_val_00032911.JPEG,True,0.006293909624218941,0.006551982834935188,0.5086960792541504,0.510330319404602,0.0964212417602539,0.01400822401046753
vit_base_patch16_224,pit_b_224,shuffled_semantic_opponent,32,ILSVRC2012_val_00032723.JPEG,True,0.00651690736413002,0.006724076345562935,0.5031223297119141,0.5044443607330322,-0.0950155258178711,-0.012047231197357178
vit_base_patch16_224,pit_b_224,shuffled_semantic_opponent,33,ILSVRC2012_val_00032911.JPEG,True,0.0065588620491325855,0.006835002917796373,0.5093470811843872,0.5109813213348389,0.09650611877441406,0.013796329498291016
vit_base_patch16_224,pit_b_224,semantic_equivalent_feature_gaussian,32,ILSVRC2012_val_00032723.JPEG,True,-0.0009732026373967528,-0.0008704940555617213,0.4973958432674408,0.4970703125,-0.06882953643798828,-0.009176909923553467
vit_base_patch16_224,pit_b_224,semantic_equivalent_feature_gaussian,33,ILSVRC2012_val_00032911.JPEG,True,0.0004805680364370346,-0.0008336442988365889,0.505859375,0.5072876811027527,0.2207050323486328,0.029736779630184174
vit_base_patch16_224,pit_b_224,uniform_opponent,34,ILSVRC2012_val_00032926.JPEG,True,0.013174902647733688,0.015743594616651535,0.5046170949935913,0.5043447017669678,-0.004532814025878906,0.0014375746250152588
vit_base_patch16_224,pit_b_224,uniform_opponent,35,ILSVRC2012_val_00032950.JPEG,True,-0.009273960255086422,-0.008705154061317444,0.4965587854385376,0.49621331691741943,0.057598114013671875,0.007133841514587402
vit_base_patch16_224,pit_b_224,global_preserve_opponent,34,ILSVRC2012_val_00032926.JPEG,True,0.01090242899954319,0.012591279111802578,0.5027569532394409,0.5023849606513977,-0.0053653717041015625,0.0017877817153930664
vit_base_patch16_224,pit_b_224,global_preserve_opponent,35,ILSVRC2012_val_00032950.JPEG,True,-0.010809618979692459,-0.010449768975377083,0.49586787819862366,0.4969640076160431,0.05665111541748047,0.006955385208129883
vit_base_patch16_224,pit_b_224,route_balance_opponent,34,ILSVRC2012_val_00032926.JPEG,True,0.01333367545157671,0.015939949080348015,0.5047632455825806,0.5049890875816345,0.00798797607421875,0.003248840570449829
vit_base_patch16_224,pit_b_224,route_balance_opponent,35,ILSVRC2012_val_00032950.JPEG,True,-0.008686583489179611,-0.00805854145437479,0.496299684047699,0.49560216069221497,0.038834571838378906,0.004769191145896912
vit_base_patch16_224,pit_b_224,semantic_equivalent_opponent,34,ILSVRC2012_val_00032926.JPEG,True,0.011361583136022091,0.013126164674758911,0.5034080147743225,0.5031489133834839,-0.0029230117797851562,0.0022174417972564697
vit_base_patch16_224,pit_b_224,semantic_equivalent_opponent,35,ILSVRC2012_val_00032950.JPEG,True,-0.01097519975155592,-0.010590855032205582,0.49627313017845154,0.4971300959587097,0.06320476531982422,0.00789979100227356
vit_base_patch16_224,pit_b_224,shuffled_semantic_opponent,34,ILSVRC2012_val_00032926.JPEG,True,0.010670896619558334,0.012333948165178299,0.502345085144043,0.5026240944862366,-0.0048809051513671875,0.002064153552055359
vit_base_patch16_224,pit_b_224,shuffled_semantic_opponent,35,ILSVRC2012_val_00032950.JPEG,True,-0.01052760798484087,-0.010203375481069088,0.4961203336715698,0.49707695841789246,0.06002235412597656,0.007317349314689636
vit_base_patch16_224,pit_b_224,semantic_equivalent_feature_gaussian,34,ILSVRC2012_val_00032926.JPEG,True,0.007709255442023277,0.007849258370697498,0.4990101456642151,0.4995681941509247,0.010481834411621094,0.0030313730239868164
vit_base_patch16_224,pit_b_224,semantic_equivalent_feature_gaussian,35,ILSVRC2012_val_00032950.JPEG,True,0.0024378367234021425,0.0036089455243200064,0.5020793676376343,0.5035209655761719,0.14390850067138672,0.01792101562023163
vit_base_patch16_224,pit_b_224,uniform_opponent,36,ILSVRC2012_val_00033014.JPEG,True,0.023719310760498047,0.022096438333392143,0.5069621801376343,0.5057464241981506,0.2614264488220215,0.21514678001403809
vit_base_patch16_224,pit_b_224,uniform_opponent,37,ILSVRC2012_val_00033018.JPEG,True,0.005761744920164347,0.00576524855569005,0.5038929581642151,0.5044509768486023,0.11584091186523438,0.019794762134552002
vit_base_patch16_224,pit_b_224,global_preserve_opponent,36,ILSVRC2012_val_00033014.JPEG,True,0.026747435331344604,0.024809375405311584,0.5052216053009033,0.5054142475128174,0.14969873428344727,0.1362919807434082
vit_base_patch16_224,pit_b_224,global_preserve_opponent,37,ILSVRC2012_val_00033018.JPEG,True,0.004846976138651371,0.004951242823153734,0.502949595451355,0.503328263759613,0.11345291137695312,0.018421858549118042
vit_base_patch16_224,pit_b_224,route_balance_opponent,36,ILSVRC2012_val_00033014.JPEG,True,0.023756368085741997,0.022245362401008606,0.5063841938972473,0.5061583518981934,0.22948932647705078,0.2098473310470581
vit_base_patch16_224,pit_b_224,route_balance_opponent,37,ILSVRC2012_val_00033018.JPEG,True,0.005620315670967102,0.005602259188890457,0.5036737322807312,0.5045373439788818,0.11693572998046875,0.019415348768234253
vit_base_patch16_224,pit_b_224,semantic_equivalent_opponent,36,ILSVRC2012_val_00033014.JPEG,True,0.027102936059236526,0.025233298540115356,0.5062048435211182,0.5057331323623657,0.15792036056518555,0.14579129219055176
vit_base_patch16_224,pit_b_224,semantic_equivalent_opponent,37,ILSVRC2012_val_00033018.JPEG,True,0.004679061472415924,0.004784038756042719,0.502743661403656,0.5031422972679138,0.104217529296875,0.016416087746620178
vit_base_patch16_224,pit_b_224,shuffled_semantic_opponent,36,ILSVRC2012_val_00033014.JPEG,True,0.026483137160539627,0.02452830784022808,0.5050555467605591,0.5053411722183228,0.13998746871948242,0.12526297569274902
vit_base_patch16_224,pit_b_224,shuffled_semantic_opponent,37,ILSVRC2012_val_00033018.JPEG,True,0.005089041776955128,0.0052011157386004925,0.5032086968421936,0.5035541653633118,0.11467361450195312,0.01845279335975647
vit_base_patch16_224,pit_b_224,semantic_equivalent_feature_gaussian,36,ILSVRC2012_val_00033014.JPEG,True,0.03827463090419769,0.03740774095058441,0.5098519921302795,0.5100579261779785,0.35333776473999023,0.4663428068161011
vit_base_patch16_224,pit_b_224,semantic_equivalent_feature_gaussian,37,ILSVRC2012_val_00033018.JPEG,True,0.014806758612394333,0.014890504069626331,0.5069754719734192,0.5073208808898926,0.17917823791503906,0.036017000675201416
vit_base_patch16_224,pit_b_224,uniform_opponent,38,ILSVRC2012_val_00033076.JPEG,True,0.021526917815208435,0.021384716033935547,0.5046370029449463,0.5052481889724731,0.1177206039428711,0.01136162132024765
vit_base_patch16_224,pit_b_224,uniform_opponent,39,ILSVRC2012_val_00033149.JPEG,True,0.016330674290657043,0.023263219743967056,0.5114663243293762,0.5125292539596558,0.3065195083618164,0.2823261618614197
vit_base_patch16_224,pit_b_224,global_preserve_opponent,38,ILSVRC2012_val_00033076.JPEG,True,0.021093033254146576,0.020843137055635452,0.5046436786651611,0.5052282810211182,0.11619758605957031,0.011145323514938354
vit_base_patch16_224,pit_b_224,global_preserve_opponent,39,ILSVRC2012_val_00033149.JPEG,True,-0.0036885517183691263,0.002893604338169098,0.5029628872871399,0.5066897869110107,0.09397077560424805,0.07073146104812622
vit_base_patch16_224,pit_b_224,route_balance_opponent,38,ILSVRC2012_val_00033076.JPEG,True,0.021383045241236687,0.021232325583696365,0.5043712854385376,0.5047898292541504,0.11748886108398438,0.011305473744869232
vit_base_patch16_224,pit_b_224,route_balance_opponent,39,ILSVRC2012_val_00033149.JPEG,True,0.016261549666523933,0.023340314626693726,0.5117253661155701,0.5125491619110107,0.3216409683227539,0.29819679260253906
vit_base_patch16_224,pit_b_224,semantic_equivalent_opponent,38,ILSVRC2012_val_00033076.JPEG,True,0.02094346471130848,0.020684117451310158,0.5046104192733765,0.5040988922119141,0.1089029312133789,0.010343439877033234
vit_base_patch16_224,pit_b_224,semantic_equivalent_opponent,39,ILSVRC2012_val_00033149.JPEG,True,-0.0036885517183691263,0.002893604338169098,0.5029761791229248,0.5066897869110107,0.09397077560424805,0.07073146104812622
vit_base_patch16_224,pit_b_224,shuffled_semantic_opponent,38,ILSVRC2012_val_00033076.JPEG,True,0.02048373967409134,0.02022343873977661,0.5044509768486023,0.5050090551376343,0.10879993438720703,0.01033639907836914
vit_base_patch16_224,pit_b_224,shuffled_semantic_opponent,39,ILSVRC2012_val_00033149.JPEG,True,-0.0036885517183691263,0.002893604803830385,0.5029363036155701,0.5066897869110107,0.09397077560424805,0.07073146104812622
vit_base_patch16_224,pit_b_224,semantic_equivalent_feature_gaussian,38,ILSVRC2012_val_00033076.JPEG,True,0.028954995796084404,0.03171462565660477,0.5107488036155701,0.5121505856513977,0.13728904724121094,0.013154342770576477
vit_base_patch16_224,pit_b_224,semantic_equivalent_feature_gaussian,39,ILSVRC2012_val_00033149.JPEG,True,0.015564319677650928,0.022051747888326645,0.5081512928009033,0.5116722583770752,0.2454061508178711,0.1277395486831665
vit_base_patch16_224,pit_b_224,uniform_opponent,40,ILSVRC2012_val_00033150.JPEG,True,0.007846598513424397,0.008539695292711258,0.49780771136283875,0.49695074558258057,-0.00067138671875,0.00019340217113494873
vit_base_patch16_224,pit_b_224,uniform_opponent,41,ILSVRC2012_val_00033171.JPEG,True,0.006646597292274237,0.00725374324247241,0.5025643110275269,0.5030426383018494,-0.04355621337890625,0.002234935760498047
vit_base_patch16_224,pit_b_224,global_preserve_opponent,40,ILSVRC2012_val_00033150.JPEG,True,0.008446285501122475,0.00905962847173214,0.49707695841789246,0.49701717495918274,-0.004916191101074219,-0.00029399991035461426
vit_base_patch16_224,pit_b_224,global_preserve_opponent,41,ILSVRC2012_val_00033171.JPEG,True,0.006532164290547371,0.007114320062100887,0.5025444030761719,0.5032551884651184,-0.043201446533203125,0.0017414689064025879
vit_base_patch16_224,pit_b_224,route_balance_opponent,40,ILSVRC2012_val_00033150.JPEG,True,0.007721731439232826,0.008476154878735542,0.4976150691509247,0.49718987941741943,-0.004374504089355469,-0.0003045126795768738
vit_base_patch16_224,pit_b_224,route_balance_opponent,41,ILSVRC2012_val_00033171.JPEG,True,0.0050902096554636955,0.005683989729732275,0.5028034448623657,0.5032618641853333,-0.056441307067871094,0.001370459794998169
vit_base_patch16_224,pit_b_224,semantic_equivalent_opponent,40,ILSVRC2012_val_00033150.JPEG,True,0.00834873877465725,0.009023211896419525,0.49744898080825806,0.49718987941741943,-0.005562782287597656,-0.0003806576132774353
vit_base_patch16_224,pit_b_224,semantic_equivalent_opponent,41,ILSVRC2012_val_00033171.JPEG,True,0.005015942268073559,0.005589388310909271,0.502703845500946,0.503115713596344,-0.058777809143066406,-0.0015132725238800049
vit_base_patch16_224,pit_b_224,shuffled_semantic_opponent,40,ILSVRC2012_val_00033150.JPEG,True,0.008357783779501915,0.008914727717638016,0.4970968961715698,0.49718987941741943,-0.0009326934814453125,0.000163152813911438
vit_base_patch16_224,pit_b_224,shuffled_semantic_opponent,41,ILSVRC2012_val_00033171.JPEG,True,0.0066974349319934845,0.007279947400093079,0.5024646520614624,0.5029828548431396,-0.046462059020996094,0.00044226646423339844
vit_base_patch16_224,pit_b_224,semantic_equivalent_feature_gaussian,40,ILSVRC2012_val_00033150.JPEG,True,0.009378978982567787,0.008959921076893806,0.4985252022743225,0.49808672070503235,-0.08034706115722656,-0.008471466600894928
vit_base_patch16_224,pit_b_224,semantic_equivalent_feature_gaussian,41,ILSVRC2012_val_00033171.JPEG,True,0.008114942349493504,0.008470920845866203,0.5026108026504517,0.5032286643981934,-0.046547889709472656,-0.02334931492805481
vit_base_patch16_224,pit_b_224,uniform_opponent,42,ILSVRC2012_val_00033207.JPEG,True,0.008123444393277168,0.007669855374842882,0.49962133169174194,0.5000929832458496,0.11557292938232422,0.016969934105873108
vit_base_patch16_224,pit_b_224,uniform_opponent,43,ILSVRC2012_val_00033255.JPEG,True,0.020787015557289124,0.02233715169131756,0.5024447441101074,0.5025709271430969,0.13216400146484375,0.036772243678569794
vit_base_patch16_224,pit_b_224,global_preserve_opponent,42,ILSVRC2012_val_00033207.JPEG,True,0.01061233226209879,0.009295312687754631,0.4996944069862366,0.4986846446990967,0.19363880157470703,0.02807028591632843
vit_base_patch16_224,pit_b_224,global_preserve_opponent,43,ILSVRC2012_val_00033255.JPEG,True,0.012845157645642757,0.016485115513205528,0.5014880895614624,0.5013286471366882,0.08994102478027344,0.02057494968175888
vit_base_patch16_224,pit_b_224,route_balance_opponent,42,ILSVRC2012_val_00033207.JPEG,True,0.00761107262223959,0.007179141044616699,0.49950841069221497,0.49972763657569885,0.11828327178955078,0.01766015589237213
vit_base_patch16_224,pit_b_224,route_balance_opponent,43,ILSVRC2012_val_00033255.JPEG,True,0.02107672393321991,0.022725814953446388,0.5022188425064087,0.5019863247871399,0.12254524230957031,0.03530896455049515
vit_base_patch16_224,pit_b_224,semantic_equivalent_opponent,42,ILSVRC2012_val_00033207.JPEG,True,0.010503842495381832,0.009158146567642689,0.4994751811027527,0.49906328320503235,0.1872262954711914,0.02744758129119873
vit_base_patch16_224,pit_b_224,semantic_equivalent_opponent,43,ILSVRC2012_val_00033255.JPEG,True,0.012643309310078621,0.016324905678629875,0.5012156963348389,0.5008038282394409,0.09025001525878906,0.02064279466867447
vit_base_patch16_224,pit_b_224,shuffled_semantic_opponent,42,ILSVRC2012_val_00033207.JPEG,True,0.010641000233590603,0.009334545582532883,0.4996744692325592,0.4993356764316559,0.19812679290771484,0.02896924316883087
vit_base_patch16_224,pit_b_224,shuffled_semantic_opponent,43,ILSVRC2012_val_00033255.JPEG,True,0.013015015050768852,0.0166856050491333,0.5014017224311829,0.5012156963348389,0.09196853637695312,0.021006979048252106
vit_base_patch16_224,pit_b_224,semantic_equivalent_feature_gaussian,42,ILSVRC2012_val_00033207.JPEG,True,-0.0006817986723035574,6.746058352291584e-05,0.49748221039772034,0.49655213952064514,0.25710010528564453,0.04187992215156555
vit_base_patch16_224,pit_b_224,semantic_equivalent_feature_gaussian,43,ILSVRC2012_val_00033255.JPEG,True,0.01510322093963623,0.018009506165981293,0.505467414855957,0.5050023794174194,0.37690067291259766,0.10758136957883835
vit_base_patch16_224,pit_b_224,uniform_opponent,44,ILSVRC2012_val_00033340.JPEG,True,0.002766862977296114,0.0031169340945780277,0.504510760307312,0.5041719675064087,0.08194255828857422,0.011655747890472412
vit_base_patch16_224,pit_b_224,uniform_opponent,45,ILSVRC2012_val_00033725.JPEG,True,-0.0004828700330108404,-0.000911856594029814,0.5024912357330322,0.503700315952301,0.04767417907714844,0.02666468918323517
vit_base_patch16_224,pit_b_224,global_preserve_opponent,44,ILSVRC2012_val_00033340.JPEG,True,0.0025309589691460133,0.0029234313406050205,0.5045706033706665,0.5039394497871399,0.08052921295166016,0.011619150638580322
vit_base_patch16_224,pit_b_224,global_preserve_opponent,45,ILSVRC2012_val_00033725.JPEG,True,0.00353529816493392,0.0032866434194147587,0.5027370452880859,0.5033748149871826,0.024160385131835938,0.026150912046432495
vit_base_patch16_224,pit_b_224,route_balance_opponent,44,ILSVRC2012_val_00033340.JPEG,True,0.003000663360580802,0.0033588034566491842,0.5045573115348816,0.5039461255073547,0.07857990264892578,0.011063113808631897
vit_base_patch16_224,pit_b_224,route_balance_opponent,45,ILSVRC2012_val_00033725.JPEG,True,-0.0014726334484294057,-0.0018727456917986274,0.5020062923431396,0.5020992755889893,0.053497314453125,0.023177623748779297
vit_base_patch16_224,pit_b_224,semantic_equivalent_opponent,44,ILSVRC2012_val_00033340.JPEG,True,0.002766006626188755,0.0031664762645959854,0.5041719675064087,0.5039328336715698,0.07095718383789062,0.01013636589050293
vit_base_patch16_224,pit_b_224,semantic_equivalent_opponent,45,ILSVRC2012_val_00033725.JPEG,True,0.002717815339565277,0.0024460095446556807,0.5023052096366882,0.5034877061843872,0.04871654510498047,0.028663992881774902
vit_base_patch16_224,pit_b_224,shuffled_semantic_opponent,44,ILSVRC2012_val_00033340.JPEG,True,0.00187113624997437,0.0022749314084649086,0.5052282810211182,0.5043646097183228,0.0799856185913086,0.011271461844444275
vit_base_patch16_224,pit_b_224,shuffled_semantic_opponent,45,ILSVRC2012_val_00033725.JPEG,True,0.003393986262381077,0.0031075903680175543,0.5026373863220215,0.5034810900688171,0.03224468231201172,0.033868417143821716
vit_base_patch16_224,pit_b_224,semantic_equivalent_feature_gaussian,44,ILSVRC2012_val_00033340.JPEG,True,0.011391881853342056,0.011160810478031635,0.5070551633834839,0.507586658000946,0.04337501525878906,0.005799040198326111
vit_base_patch16_224,pit_b_224,semantic_equivalent_feature_gaussian,45,ILSVRC2012_val_00033725.JPEG,True,-0.001799871912226081,-0.0019220588728785515,0.5019132494926453,0.5010297298431396,-0.07528972625732422,0.004410669207572937
vit_base_patch16_224,pit_b_224,uniform_opponent,46,ILSVRC2012_val_00033897.JPEG,True,-0.0001069031422957778,-8.101016283035278e-05,0.509200930595398,0.5100911259651184,0.3433198928833008,0.08355690538883209
vit_base_patch16_224,pit_b_224,uniform_opponent,47,ILSVRC2012_val_00033960.JPEG,True,0.011012250557541847,0.011349109932780266,0.5037600994110107,0.5044975280761719,-0.013007164001464844,-0.0013145357370376587
vit_base_patch16_224,pit_b_224,global_preserve_opponent,46,ILSVRC2012_val_00033897.JPEG,True,-0.00046941376058384776,-0.0004796898574568331,0.5084502696990967,0.5095663070678711,0.2798728942871094,0.06521427631378174
vit_base_patch16_224,pit_b_224,global_preserve_opponent,47,ILSVRC2012_val_00033960.JPEG,True,0.011444369331002235,0.01171647384762764,0.5035275816917419,0.5039793252944946,-0.0225677490234375,-0.002452448010444641
vit_base_patch16_224,pit_b_224,route_balance_opponent,46,ILSVRC2012_val_00033897.JPEG,True,0.00021256943000480533,0.0002507378230802715,0.5092806816101074,0.5097390413284302,0.35616397857666016,0.0919257402420044
vit_base_patch16_224,pit_b_224,route_balance_opponent,47,ILSVRC2012_val_00033960.JPEG,True,0.011181656271219254,0.011553250253200531,0.5032684803009033,0.5046635866165161,-0.014249801635742188,-0.00147286057472229
vit_base_patch16_224,pit_b_224,semantic_equivalent_opponent,46,ILSVRC2012_val_00033897.JPEG,True,-0.00015906448243185878,-0.00014953716890886426,0.5088621377944946,0.5089817047119141,0.30661582946777344,0.06606884300708771
vit_base_patch16_224,pit_b_224,semantic_equivalent_opponent,47,ILSVRC2012_val_00033960.JPEG,True,0.011584943160414696,0.01189117319881916,0.503341555595398,0.5041055679321289,-0.01396942138671875,-0.0014003366231918335
vit_base_patch16_224,pit_b_224,shuffled_semantic_opponent,46,ILSVRC2012_val_00033897.JPEG,True,-0.00045577704440802336,-0.0004669783520512283,0.5080051422119141,0.5092208981513977,0.28654003143310547,0.06378456950187683
vit_base_patch16_224,pit_b_224,shuffled_semantic_opponent,47,ILSVRC2012_val_00033960.JPEG,True,0.011343708261847496,0.01160925067961216,0.5033947229385376,0.5036604404449463,-0.01787853240966797,-0.0018887519836425781
vit_base_patch16_224,pit_b_224,semantic_equivalent_feature_gaussian,46,ILSVRC2012_val_00033897.JPEG,True,-0.0029036200139671564,-0.002273638965561986,0.5077726244926453,0.5088953375816345,0.3855133056640625,0.11632204055786133
vit_base_patch16_224,pit_b_224,semantic_equivalent_feature_gaussian,47,ILSVRC2012_val_00033960.JPEG,True,0.00650438666343689,0.007000908255577087,0.5047898292541504,0.5059523582458496,0.005138397216796875,0.0009715408086776733
vit_base_patch16_224,pit_b_224,uniform_opponent,48,ILSVRC2012_val_00033997.JPEG,True,0.020277762785553932,0.021276254206895828,0.5133463740348816,0.5143561363220215,0.12682723999023438,0.021177634596824646
vit_base_patch16_224,pit_b_224,uniform_opponent,49,ILSVRC2012_val_00034008.JPEG,True,0.01285935565829277,0.012693079188466072,0.5088820457458496,0.5091677308082581,-0.044348716735839844,0.01594403386116028
vit_base_patch16_224,pit_b_224,global_preserve_opponent,48,ILSVRC2012_val_00033997.JPEG,True,0.01983581855893135,0.020856285467743874,0.5135191082954407,0.5140771269798279,0.12708187103271484,0.02112521231174469
vit_base_patch16_224,pit_b_224,global_preserve_opponent,49,ILSVRC2012_val_00034008.JPEG,True,0.01311073824763298,0.01298166997730732,0.5089485049247742,0.5087159872055054,-0.03963470458984375,0.014489293098449707
vit_base_patch16_224,pit_b_224,route_balance_opponent,48,ILSVRC2012_val_00033997.JPEG,True,0.020248904824256897,0.02124975249171257,0.5135390162467957,0.5139442682266235,0.12493896484375,0.020973697304725647
vit_base_patch16_224,pit_b_224,route_balance_opponent,49,ILSVRC2012_val_00034008.JPEG,True,0.012503891251981258,0.012337537482380867,0.5089617967605591,0.5093072652816772,-0.042738914489746094,0.015332818031311035
vit_base_patch16_224,pit_b_224,semantic_equivalent_opponent,48,ILSVRC2012_val_00033997.JPEG,True,0.019817214459180832,0.020838040858507156,0.5131935477256775,0.5140571594238281,0.1227273941040039,0.02029550075531006
vit_base_patch16_224,pit_b_224,semantic_equivalent_opponent,49,ILSVRC2012_val_00034008.JPEG,True,0.012663241475820541,0.012531842105090618,0.5087026953697205,0.5086827874183655,-0.01750469207763672,0.0193922221660614
vit_base_patch16_224,pit_b_224,shuffled_semantic_opponent,48,ILSVRC2012_val_00033997.JPEG,True,0.019811470061540604,0.020858557894825935,0.5128414630889893,0.5139375925064087,0.13502883911132812,0.022611036896705627
vit_base_patch16_224,pit_b_224,shuffled_semantic_opponent,49,ILSVRC2012_val_00034008.JPEG,True,0.012897161766886711,0.012754924595355988,0.5086894035339355,0.508377194404602,-0.048575401306152344,0.011082768440246582
vit_base_patch16_224,pit_b_224,semantic_equivalent_feature_gaussian,48,ILSVRC2012_val_00033997.JPEG,True,0.01534111239016056,0.015552015975117683,0.5200361609458923,0.5199829936027527,0.1774606704711914,0.030077636241912842
vit_base_patch16_224,pit_b_224,semantic_equivalent_feature_gaussian,49,ILSVRC2012_val_00034008.JPEG,True,-0.0017649399815127254,-0.0014330027624964714,0.5098254084587097,0.5095331072807312,-0.030841827392578125,0.03258112072944641
vit_base_patch16_224,pit_b_224,uniform_opponent,50,ILSVRC2012_val_00034055.JPEG,True,-0.01899130828678608,-0.021489217877388,0.4976084232330322,0.4980003833770752,0.0908651351928711,0.0108400359749794
vit_base_patch16_224,pit_b_224,uniform_opponent,51,ILSVRC2012_val_00034168.JPEG,True,0.004197721369564533,0.004344201646745205,0.5015943646430969,0.4999202787876129,0.0034246444702148438,-7.746368646621704e-05
vit_base_patch16_224,pit_b_224,global_preserve_opponent,50,ILSVRC2012_val_00034055.JPEG,True,-0.024759480729699135,-0.02748117968440056,0.4973958432674408,0.4980933666229248,0.08019161224365234,0.009043179452419281
vit_base_patch16_224,pit_b_224,global_preserve_opponent,51,ILSVRC2012_val_00034168.JPEG,True,0.0038604929577559233,0.004015820100903511,0.5013020634651184,0.5000265836715698,0.011525154113769531,0.0013243257999420166
vit_base_patch16_224,pit_b_224,route_balance_opponent,50,ILSVRC2012_val_00034055.JPEG,True,-0.01872933655977249,-0.021130915731191635,0.49722975492477417,0.497933954000473,0.09190845489501953,0.010917328298091888
vit_base_patch16_224,pit_b_224,route_balance_opponent,51,ILSVRC2012_val_00034168.JPEG,True,0.004349380265921354,0.004477171692997217,0.5021922588348389,0.500398576259613,-0.0029191970825195312,-0.0007581338286399841
vit_base_patch16_224,pit_b_224,semantic_equivalent_opponent,50,ILSVRC2012_val_00034055.JPEG,True,-0.024733485653996468,-0.027416620403528214,0.4973294138908386,0.4985252022743225,0.07709789276123047,0.008814811706542969
vit_base_patch16_224,pit_b_224,semantic_equivalent_opponent,51,ILSVRC2012_val_00034168.JPEG,True,0.003991682082414627,0.004130640998482704,0.5017006993293762,0.5002524256706238,-0.005276679992675781,-0.0011573806405067444
vit_base_patch16_224,pit_b_224,shuffled_semantic_opponent,50,ILSVRC2012_val_00034055.JPEG,True,-0.024906165897846222,-0.02768513560295105,0.4972895383834839,0.4982196092605591,0.08130359649658203,0.009193003177642822
vit_base_patch16_224,pit_b_224,shuffled_semantic_opponent,51,ILSVRC2012_val_00034168.JPEG,True,0.003921096213161945,0.004060912877321243,0.5010961294174194,0.5002391338348389,0.004834175109863281,0.00019572675228118896
vit_base_patch16_224,pit_b_224,semantic_equivalent_feature_gaussian,50,ILSVRC2012_val_00034055.JPEG,True,0.0009323422564193606,-0.0010134503245353699,0.49890387058258057,0.4982129633426666,0.23712158203125,0.025972537696361542
vit_base_patch16_224,pit_b_224,semantic_equivalent_feature_gaussian,51,ILSVRC2012_val_00034168.JPEG,True,0.00019475817680358887,-0.00040117581374943256,0.5049093961715698,0.5035940408706665,0.09716606140136719,0.012255117297172546
vit_base_patch16_224,pit_b_224,uniform_opponent,52,ILSVRC2012_val_00034182.JPEG,True,-0.0005663359770551324,-0.0015243198722600937,0.4996612071990967,0.4984786808490753,-0.036594390869140625,-0.003307729959487915
vit_base_patch16_224,pit_b_224,uniform_opponent,53,ILSVRC2012_val_00034217.JPEG,True,0.0011997366091236472,0.0008453786722384393,0.5061516761779785,0.505653440952301,0.07827568054199219,0.011534154415130615
vit_base_patch16_224,pit_b_224,global_preserve_opponent,52,ILSVRC2012_val_00034182.JPEG,True,0.0009088795632123947,-3.577896859496832e-05,0.4994419515132904,0.4980003833770752,-0.050350189208984375,-0.00512048602104187
vit_base_patch16_224,pit_b_224,global_preserve_opponent,53,ILSVRC2012_val_00034217.JPEG,True,-0.0034531857818365097,-0.004005802795290947,0.5060918927192688,0.5057198405265808,0.07212352752685547,0.010580390691757202
vit_base_patch16_224,pit_b_224,route_balance_opponent,52,ILSVRC2012_val_00034182.JPEG,True,-0.001392211765050888,-0.002290815580636263,0.4990101456642151,0.49829933047294617,-0.046446800231933594,-0.0043621063232421875
vit_base_patch16_224,pit_b_224,route_balance_opponent,53,ILSVRC2012_val_00034217.JPEG,True,-0.0007442673668265343,-0.0013357638381421566,0.506251335144043,0.5054342150688171,0.055001258850097656,0.008020654320716858
vit_base_patch16_224,pit_b_224,semantic_equivalent_opponent,52,ILSVRC2012_val_00034182.JPEG,True,0.0009322382975369692,-4.334677942097187e-05,0.49904337525367737,0.4976748526096344,-0.04221820831298828,-0.004091173410415649
vit_base_patch16_224,pit_b_224,semantic_equivalent_opponent,53,ILSVRC2012_val_00034217.JPEG,True,-0.004342514090240002,-0.00509018637239933,0.5053943395614624,0.5054807066917419,0.036238670349121094,0.005122661590576172
vit_base_patch16_224,pit_b_224,shuffled_semantic_opponent,52,ILSVRC2012_val_00034182.JPEG,True,0.0008326924871653318,-8.965807501226664e-05,0.4994286894798279,0.49776121973991394,-0.042738914489746094,-0.004311725497245789
vit_base_patch16_224,pit_b_224,shuffled_semantic_opponent,53,ILSVRC2012_val_00034217.JPEG,True,-0.0034562372602522373,-0.0039420356042683125,0.5061516761779785,0.5057265162467957,0.0651082992553711,0.009528309106826782
vit_base_patch16_224,pit_b_224,semantic_equivalent_feature_gaussian,52,ILSVRC2012_val_00034182.JPEG,True,-0.0028338837437331676,-0.003203983884304762,0.4985849857330322,0.497860848903656,0.0019807815551757812,0.004234910011291504
vit_base_patch16_224,pit_b_224,semantic_equivalent_feature_gaussian,53,ILSVRC2012_val_00034217.JPEG,True,0.0003283225232735276,0.0006546251242980361,0.5104033946990967,0.5093404650688171,0.09574031829833984,0.014388874173164368
vit_base_patch16_224,pit_b_224,uniform_opponent,54,ILSVRC2012_val_00034225.JPEG,True,0.010804417543113232,0.011507843621075153,0.5106492042541504,0.5110676884651184,0.05053424835205078,0.014600291848182678
vit_base_patch16_224,pit_b_224,uniform_opponent,55,ILSVRC2012_val_00034230.JPEG,True,0.013800431042909622,0.013843792490661144,0.504902720451355,0.5047100782394409,-0.032828330993652344,-0.002734154462814331
vit_base_patch16_224,pit_b_224,global_preserve_opponent,54,ILSVRC2012_val_00034225.JPEG,True,0.011193810030817986,0.011896619573235512,0.5108351707458496,0.5111208558082581,0.049239158630371094,0.01447989046573639
vit_base_patch16_224,pit_b_224,global_preserve_opponent,55,ILSVRC2012_val_00034230.JPEG,True,0.014441538602113724,0.014193536713719368,0.5051419138908386,0.5050555467605591,-0.022507667541503906,-0.0013348311185836792
vit_base_patch16_224,pit_b_224,route_balance_opponent,54,ILSVRC2012_val_00034225.JPEG,True,0.009348593652248383,0.009958096779882908,0.5121572017669678,0.5121970772743225,0.04430103302001953,0.01601867377758026
vit_base_patch16_224,pit_b_224,route_balance_opponent,55,ILSVRC2012_val_00034230.JPEG,True,0.013181677088141441,0.013193907216191292,0.5047565698623657,0.5045838356018066,-0.020750045776367188,-0.0014542639255523682
vit_base_patch16_224,pit_b_224,semantic_equivalent_opponent,54,ILSVRC2012_val_00034225.JPEG,True,0.009739494882524014,0.010351525619626045,0.5116257667541504,0.512675404548645,0.059531211853027344,0.01881067454814911
vit_base_patch16_224,pit_b_224,semantic_equivalent_opponent,55,ILSVRC2012_val_00034230.JPEG,True,0.013807373121380806,0.013539357110857964,0.5053877234458923,0.504484236240387,-0.02237415313720703,-0.0012417733669281006
vit_base_patch16_224,pit_b_224,shuffled_semantic_opponent,54,ILSVRC2012_val_00034225.JPEG,True,0.01115339808166027,0.011859983205795288,0.5106757283210754,0.5112338066101074,0.05280017852783203,0.0167810320854187
vit_base_patch16_224,pit_b_224,shuffled_semantic_opponent,55,ILSVRC2012_val_00034230.JPEG,True,0.014707747846841812,0.01444109808653593,0.5052415728569031,0.5047765374183655,-0.023680686950683594,-0.0013034641742706299
vit_base_patch16_224,pit_b_224,semantic_equivalent_feature_gaussian,54,ILSVRC2012_val_00034225.JPEG,True,-0.006368108093738556,-0.005965478718280792,0.5153326988220215,0.5166746377944946,0.03912925720214844,0.016558706760406494
vit_base_patch16_224,pit_b_224,semantic_equivalent_feature_gaussian,55,ILSVRC2012_val_00034230.JPEG,True,0.0018047457560896873,0.0013268210459500551,0.49751541018486023,0.4964391887187958,-0.018172264099121094,-0.0017220675945281982
vit_base_patch16_224,pit_b_224,uniform_opponent,56,ILSVRC2012_val_00034302.JPEG,True,-0.00519439997151494,-0.004351950250566006,0.5005713105201721,0.5011094212532043,0.05385875701904297,0.006360985338687897
vit_base_patch16_224,pit_b_224,uniform_opponent,57,ILSVRC2012_val_00034356.JPEG,True,0.004923019092530012,0.004816696047782898,0.5079254508018494,0.5078523755073547,0.08599281311035156,0.011357381939888
vit_base_patch16_224,pit_b_224,global_preserve_opponent,56,ILSVRC2012_val_00034302.JPEG,True,-0.006806021556258202,-0.006145819090306759,0.5008636116981506,0.5017139911651611,0.055008888244628906,0.006482712924480438
vit_base_patch16_224,pit_b_224,global_preserve_opponent,57,ILSVRC2012_val_00034356.JPEG,True,0.0056587099097669125,0.005504958797246218,0.5071216225624084,0.5070750713348389,0.09846973419189453,0.013043299317359924
vit_base_patch16_224,pit_b_224,route_balance_opponent,56,ILSVRC2012_val_00034302.JPEG,True,-0.004808975383639336,-0.003938672132790089,0.5005182027816772,0.5015478730201721,0.05983734130859375,0.007089562714099884
vit_base_patch16_224,pit_b_224,route_balance_opponent,57,ILSVRC2012_val_00034356.JPEG,True,0.004850872792303562,0.004753611516207457,0.5082376599311829,0.5075600743293762,0.08747386932373047,0.011602431535720825
vit_base_patch16_224,pit_b_224,semantic_equivalent_opponent,56,ILSVRC2012_val_00034302.JPEG,True,-0.006527399178594351,-0.005849977023899555,0.5010363459587097,0.5024114847183228,0.06045818328857422,0.007137484848499298
vit_base_patch16_224,pit_b_224,semantic_equivalent_opponent,57,ILSVRC2012_val_00034356.JPEG,True,0.00559383537620306,0.005450660362839699,0.5070152878761292,0.5071083307266235,0.09652328491210938,0.012774914503097534
vit_base_patch16_224,pit_b_224,shuffled_semantic_opponent,56,ILSVRC2012_val_00034302.JPEG,True,-0.006785219069570303,-0.006098956800997257,0.500956654548645,0.501727283000946,0.05785179138183594,0.006832540035247803
vit_base_patch16_224,pit_b_224,shuffled_semantic_opponent,57,ILSVRC2012_val_00034356.JPEG,True,0.005501231644302607,0.0053981817327439785,0.506443977355957,0.5067894458770752,0.09178733825683594,0.012070327997207642
vit_base_patch16_224,pit_b_224,semantic_equivalent_feature_gaussian,56,ILSVRC2012_val_00034302.JPEG,True,0.0032038725912570953,0.003213143441826105,0.5036936402320862,0.5037600994110107,0.061326026916503906,0.007086716592311859
vit_base_patch16_224,pit_b_224,semantic_equivalent_feature_gaussian,57,ILSVRC2012_val_00034356.JPEG,True,0.0032273009419441223,0.0034295443911105394,0.5104432106018066,0.5092740058898926,0.29161930084228516,0.04275701940059662
vit_base_patch16_224,pit_b_224,uniform_opponent,58,ILSVRC2012_val_00034359.JPEG,True,0.0033899275586009026,0.003350580111145973,0.5029894709587097,0.5026705861091614,0.05187797546386719,-0.00291578471660614
vit_base_patch16_224,pit_b_224,uniform_opponent,59,ILSVRC2012_val_00034391.JPEG,True,-0.0013466462260112166,-0.0014618175337091088,0.5030957460403442,0.5038996338844299,0.08232688903808594,0.021243974566459656
vit_base_patch16_224,pit_b_224,global_preserve_opponent,58,ILSVRC2012_val_00034359.JPEG,True,0.0026677006389945745,0.002934192307293415,0.5025643110275269,0.5022653341293335,0.03293323516845703,-0.002281889319419861
vit_base_patch16_224,pit_b_224,global_preserve_opponent,59,ILSVRC2012_val_00034391.JPEG,True,-0.003127549309283495,-0.0017334414878860116,0.5006310939788818,0.5011293292045593,0.028608322143554688,0.01724173128604889
vit_base_patch16_224,pit_b_224,route_balance_opponent,58,ILSVRC2012_val_00034359.JPEG,True,0.0036038942635059357,0.0035661361180245876,0.5042052268981934,0.5032219886779785,0.030426025390625,-0.0050459206104278564
vit_base_patch16_224,pit_b_224,route_balance_opponent,59,ILSVRC2012_val_00034391.JPEG,True,-0.0007893366855569184,-0.000718920084182173,0.5041254758834839,0.503680408000946,0.1061105728149414,0.029906615614891052
vit_base_patch16_224,pit_b_224,semantic_equivalent_opponent,58,ILSVRC2012_val_00034359.JPEG,True,0.002402057871222496,0.0026097637601196766,0.5024314522743225,0.5019996166229248,0.020885467529296875,-0.004547059535980225
vit_base_patch16_224,pit_b_224,semantic_equivalent_opponent,59,ILSVRC2012_val_00034391.JPEG,True,-0.005046749487519264,-0.003486593719571829,0.500564694404602,0.500790536403656,-0.008492469787597656,0.0018540918827056885
vit_base_patch16_224,pit_b_224,shuffled_semantic_opponent,58,ILSVRC2012_val_00034359.JPEG,True,0.0026681898161768913,0.002939637051895261,0.5027636289596558,0.5021657347679138,0.035915374755859375,-0.0023026466369628906
vit_base_patch16_224,pit_b_224,shuffled_semantic_opponent,59,ILSVRC2012_val_00034391.JPEG,True,-0.002715413924306631,-0.0013591018505394459,0.5001660585403442,0.5011426210403442,0.037123680114746094,0.018552303314208984
vit_base_patch16_224,pit_b_224,semantic_equivalent_feature_gaussian,58,ILSVRC2012_val_00034359.JPEG,True,0.008860399015247822,0.010363886132836342,0.5026440024375916,0.5058194994926453,0.16237545013427734,0.031162232160568237
vit_base_patch16_224,pit_b_224,semantic_equivalent_feature_gaussian,59,ILSVRC2012_val_00034391.JPEG,True,-0.0077050840482115746,-0.009081896394491196,0.5000863671302795,0.4992227256298065,-0.006754875183105469,-0.003788977861404419
vit_base_patch16_224,pit_b_224,uniform_opponent,60,ILSVRC2012_val_00034406.JPEG,True,0.0031576119363307953,0.0038327639922499657,0.5103170275688171,0.5113002061843872,0.07235240936279297,0.008670836687088013
vit_base_patch16_224,pit_b_224,uniform_opponent,61,ILSVRC2012_val_00034438.JPEG,True,0.09802121669054031,0.08924837410449982,0.5166812539100647,0.5155253410339355,0.4522666931152344,0.26991403102874756
vit_base_patch16_224,pit_b_224,global_preserve_opponent,60,ILSVRC2012_val_00034406.JPEG,True,0.003424252150580287,0.004091068170964718,0.5102306604385376,0.5108019709587097,0.07370281219482422,0.008840709924697876
vit_base_patch16_224,pit_b_224,global_preserve_opponent,61,ILSVRC2012_val_00034438.JPEG,True,0.0640375167131424,0.05750070512294769,0.5133064985275269,0.5129544138908386,0.16597366333007812,0.07041315734386444
vit_base_patch16_224,pit_b_224,route_balance_opponent,60,ILSVRC2012_val_00034406.JPEG,True,0.00254839682020247,0.003285640385001898,0.5104697942733765,0.5111873149871826,0.06994342803955078,0.008356288075447083
vit_base_patch16_224,pit_b_224,route_balance_opponent,61,ILSVRC2012_val_00034438.JPEG,True,0.09901975840330124,0.09063602983951569,0.517352283000946,0.516415536403656,0.4849720001220703,0.2878498435020447
vit_base_patch16_224,pit_b_224,semantic_equivalent_opponent,60,ILSVRC2012_val_00034406.JPEG,True,0.0029372628778219223,0.0036609917879104614,0.5100646018981934,0.511114239692688,0.07283973693847656,0.008735567331314087
vit_base_patch16_224,pit_b_224,semantic_equivalent_opponent,61,ILSVRC2012_val_00034438.JPEG,True,0.06611368805170059,0.059527620673179626,0.5140372514724731,0.5134260654449463,0.15649700164794922,0.06665635108947754
vit_base_patch16_224,pit_b_224,shuffled_semantic_opponent,60,ILSVRC2012_val_00034406.JPEG,True,0.0035904119722545147,0.004293699283152819,0.5107288956642151,0.5110809803009033,0.0774545669555664,0.009301930665969849
vit_base_patch16_224,pit_b_224,shuffled_semantic_opponent,61,ILSVRC2012_val_00034438.JPEG,True,0.06444963812828064,0.057906944304704666,0.5132666230201721,0.5127683877944946,0.16931915283203125,0.07184876501560211
vit_base_patch16_224,pit_b_224,semantic_equivalent_feature_gaussian,60,ILSVRC2012_val_00034406.JPEG,True,0.0049387505277991295,0.006574475206434727,0.5113865733146667,0.5118848085403442,0.10434913635253906,0.012228146195411682
vit_base_patch16_224,pit_b_224,semantic_equivalent_feature_gaussian,61,ILSVRC2012_val_00034438.JPEG,True,0.050674427300691605,0.04798178747296333,0.5097390413284302,0.5092142224311829,0.1247720718383789,0.05563165247440338
vit_base_patch16_224,pit_b_224,uniform_opponent,62,ILSVRC2012_val_00034459.JPEG,True,0.0036585316993296146,0.005823726765811443,0.5033349394798279,0.50390625,0.0631256103515625,0.008107751607894897
vit_base_patch16_224,pit_b_224,uniform_opponent,63,ILSVRC2012_val_00034548.JPEG,True,0.0024876431562006474,0.0030609213281422853,0.5081911683082581,0.5076198577880859,0.030866622924804688,0.003772728145122528
vit_base_patch16_224,pit_b_224,global_preserve_opponent,62,ILSVRC2012_val_00034459.JPEG,True,0.003977709915488958,0.005803623702377081,0.5035408735275269,0.5034744143486023,0.08785343170166016,0.011491596698760986
vit_base_patch16_224,pit_b_224,global_preserve_opponent,63,ILSVRC2012_val_00034548.JPEG,True,0.002659075427800417,0.00324307382106781,0.5077394247055054,0.5074604153633118,0.018156051635742188,0.0023269206285476685
vit_base_patch16_224,pit_b_224,route_balance_opponent,62,ILSVRC2012_val_00034459.JPEG,True,0.003495448734611273,0.005807826295495033,0.5033814311027527,0.5044111609458923,0.05253028869628906,0.006848618388175964
vit_base_patch16_224,pit_b_224,route_balance_opponent,63,ILSVRC2012_val_00034548.JPEG,True,0.002154070418328047,0.0027014065999537706,0.5078589916229248,0.5074072480201721,0.025205612182617188,0.003108106553554535
vit_base_patch16_224,pit_b_224,semantic_equivalent_opponent,62,ILSVRC2012_val_00034459.JPEG,True,0.0037214490585029125,0.005723861046135426,0.503341555595398,0.5036936402320862,0.07144641876220703,0.009284183382987976
vit_base_patch16_224,pit_b_224,semantic_equivalent_opponent,63,ILSVRC2012_val_00034548.JPEG,True,0.0022821431048214436,0.002841911744326353,0.5081579685211182,0.5076862573623657,0.02275562286376953,0.002841837704181671
vit_base_patch16_224,pit_b_224,shuffled_semantic_opponent,62,ILSVRC2012_val_00034459.JPEG,True,0.004057440906763077,0.005907830782234669,0.5038597583770752,0.5036272406578064,0.08269500732421875,0.010824725031852722
vit_base_patch16_224,pit_b_224,shuffled_semantic_opponent,63,ILSVRC2012_val_00034548.JPEG,True,0.002753551583737135,0.0033414731733500957,0.5082443356513977,0.5075533986091614,0.023126602172851562,0.002840884029865265
vit_base_patch16_224,pit_b_224,semantic_equivalent_feature_gaussian,62,ILSVRC2012_val_00034459.JPEG,True,-0.011774701997637749,-0.013805130496621132,0.4970038831233978,0.4964657723903656,0.0242767333984375,0.0034912824630737305
vit_base_patch16_224,pit_b_224,semantic_equivalent_feature_gaussian,63,ILSVRC2012_val_00034548.JPEG,True,-0.00579564506188035,-0.005331398453563452,0.5095928907394409,0.5095463991165161,0.035327911376953125,0.004051044583320618
vit_base_patch16_224,visformer_small,uniform_opponent,0,ILSVRC2012_val_00031361.JPEG,True,0.015505176968872547,0.01800297573208809,0.5057862997055054,0.5072212219238281,0.3045072555541992,0.05713529884815216
vit_base_patch16_224,visformer_small,uniform_opponent,1,ILSVRC2012_val_00031410.JPEG,True,-0.0036461222916841507,-0.0031138896010816097,0.49810001254081726,0.4991297423839569,0.06514978408813477,0.02280902862548828
vit_base_patch16_224,visformer_small,global_preserve_opponent,0,ILSVRC2012_val_00031361.JPEG,True,0.010257763788104057,0.011997992172837257,0.5047034621238708,0.5055869817733765,0.25658702850341797,0.05034033954143524
vit_base_patch16_224,visformer_small,global_preserve_opponent,1,ILSVRC2012_val_00031410.JPEG,True,-0.006370835937559605,-0.006160872522741556,0.4984653890132904,0.49785423278808594,0.0016798973083496094,0.0025034844875335693
vit_base_patch16_224,visformer_small,route_balance_opponent,0,ILSVRC2012_val_00031361.JPEG,True,0.015642624348402023,0.018149148672819138,0.5059390664100647,0.5071614384651184,0.30163097381591797,0.056940317153930664
vit_base_patch16_224,visformer_small,route_balance_opponent,1,ILSVRC2012_val_00031410.JPEG,True,-0.0033564602490514517,-0.00282535282894969,0.49834582209587097,0.499229371547699,0.07769489288330078,0.026396214962005615
vit_base_patch16_224,visformer_small,semantic_equivalent_opponent,0,ILSVRC2012_val_00031361.JPEG,True,0.010348306968808174,0.012077391147613525,0.5046370029449463,0.5055936574935913,0.25603771209716797,0.04993216693401337
vit_base_patch16_224,visformer_small,semantic_equivalent_opponent,1,ILSVRC2012_val_00031410.JPEG,True,-0.006056233774870634,-0.005848963279277086,0.4984986186027527,0.4978276491165161,-0.010806083679199219,-0.0011387765407562256
vit_base_patch16_224,visformer_small,shuffled_semantic_opponent,0,ILSVRC2012_val_00031361.JPEG,True,0.010327785275876522,0.012062188237905502,0.5045639276504517,0.5057995915412903,0.25802135467529297,0.05060853064060211
vit_base_patch16_224,visformer_small,shuffled_semantic_opponent,1,ILSVRC2012_val_00031410.JPEG,True,-0.00628226064145565,-0.006049430463463068,0.4984653890132904,0.49827274680137634,-0.0010561943054199219,0.0012024939060211182
vit_base_patch16_224,visformer_small,semantic_equivalent_feature_gaussian,0,ILSVRC2012_val_00031361.JPEG,True,0.006587381474673748,0.00744155328720808,0.5063111186027527,0.5079254508018494,0.47150135040283203,0.09625157713890076
vit_base_patch16_224,visformer_small,semantic_equivalent_feature_gaussian,1,ILSVRC2012_val_00031410.JPEG,True,0.011525498703122139,0.012630706652998924,0.5026572942733765,0.5020859837532043,0.3123016357421875,0.10220235586166382
vit_base_patch16_224,visformer_small,uniform_opponent,2,ILSVRC2012_val_00031472.JPEG,True,-0.009443309158086777,-0.008207998238503933,0.4998339116573334,0.500996470451355,-0.03811836242675781,-0.007247418165206909
vit_base_patch16_224,visformer_small,uniform_opponent,3,ILSVRC2012_val_00031495.JPEG,True,0.004162608180195093,0.006953912787139416,0.5026772618293762,0.5022853016853333,0.041217803955078125,0.010282546281814575
vit_base_patch16_224,visformer_small,global_preserve_opponent,2,ILSVRC2012_val_00031472.JPEG,True,-0.008574193343520164,-0.007498105056583881,0.4998472034931183,0.5006643533706665,-0.003765106201171875,0.003325909376144409
vit_base_patch16_224,visformer_small,global_preserve_opponent,3,ILSVRC2012_val_00031495.JPEG,True,0.008586381562054157,0.00952920876443386,0.5013020634651184,0.5015146732330322,0.01165008544921875,0.004811972379684448
vit_base_patch16_224,visformer_small,route_balance_opponent,2,ILSVRC2012_val_00031472.JPEG,True,-0.010088043287396431,-0.008734230883419514,0.5000597834587097,0.5012156963348389,-0.024123191833496094,-0.0038758814334869385
vit_base_patch16_224,visformer_small,route_balance_opponent,3,ILSVRC2012_val_00031495.JPEG,True,0.004062461666762829,0.006803235970437527,0.5032352805137634,0.5018335580825806,0.02688884735107422,0.007500305771827698
vit_base_patch16_224,visformer_small,semantic_equivalent_opponent,2,ILSVRC2012_val_00031472.JPEG,True,-0.009217074140906334,-0.008020964451134205,0.4997807741165161,0.5007241368293762,-0.03485679626464844,-0.006780445575714111
vit_base_patch16_224,visformer_small,semantic_equivalent_opponent,3,ILSVRC2012_val_00031495.JPEG,True,0.00820336863398552,0.009217046201229095,0.5009034872055054,0.5011028051376343,0.012131690979003906,0.004915058612823486
vit_base_patch16_224,visformer_small,shuffled_semantic_opponent,2,ILSVRC2012_val_00031472.JPEG,True,-0.008369767107069492,-0.007319623604416847,0.4996412694454193,0.500750720500946,-0.011801719665527344,0.0005846917629241943
vit_base_patch16_224,visformer_small,shuffled_semantic_opponent,3,ILSVRC2012_val_00031495.JPEG,True,0.008588969707489014,0.00950950663536787,0.5010297298431396,0.5013286471366882,0.014934539794921875,0.005483940243721008
vit_base_patch16_224,visformer_small,semantic_equivalent_feature_gaussian,2,ILSVRC2012_val_00031472.JPEG,True,-0.0059565771371126175,-0.006852298509329557,0.5008105039596558,0.5008038282394409,0.020461082458496094,0.012226670980453491
vit_base_patch16_224,visformer_small,semantic_equivalent_feature_gaussian,3,ILSVRC2012_val_00031495.JPEG,True,0.008357534185051918,0.008209269493818283,0.5009831786155701,0.5011160969734192,0.03224658966064453,0.008496582508087158
vit_base_patch16_224,visformer_small,uniform_opponent,4,ILSVRC2012_val_00031548.JPEG,True,-0.0055923317559063435,-0.006187738850712776,0.5012156963348389,0.5002458095550537,0.07057428359985352,0.06660830974578857
vit_base_patch16_224,visformer_small,uniform_opponent,5,ILSVRC2012_val_00031586.JPEG,True,0.001763750333338976,0.004253418184816837,0.5029230713844299,0.5038597583770752,0.28875112533569336,0.1053348183631897
vit_base_patch16_224,visformer_small,global_preserve_opponent,4,ILSVRC2012_val_00031548.JPEG,True,0.00012138066813349724,0.0005628415383398533,0.49796050786972046,0.4975021183490753,-0.05637407302856445,0.019098401069641113
vit_base_patch16_224,visformer_small,global_preserve_opponent,5,ILSVRC2012_val_00031586.JPEG,True,0.0024438791442662477,0.004909816198050976,0.5030093789100647,0.5039793252944946,0.2890744209289551,0.1060342788696289
vit_base_patch16_224,visformer_small,route_balance_opponent,4,ILSVRC2012_val_00031548.JPEG,True,-0.005303861573338509,-0.006027910392731428,0.5015943646430969,0.5002657175064087,0.06637811660766602,0.06554919481277466
vit_base_patch16_224,visformer_small,route_balance_opponent,5,ILSVRC2012_val_00031586.JPEG,True,0.0018388517200946808,0.004297077190130949,0.5028898119926453,0.5039793252944946,0.27990102767944336,0.10218560695648193
vit_base_patch16_224,visformer_small,semantic_equivalent_opponent,4,ILSVRC2012_val_00031548.JPEG,True,6.420596037060022e-05,0.0005215725395828485,0.4977014362812042,0.4977080821990967,-0.07065725326538086,0.016480565071105957
vit_base_patch16_224,visformer_small,semantic_equivalent_opponent,5,ILSVRC2012_val_00031586.JPEG,True,0.002514033578336239,0.004948566667735577,0.5031887888908386,0.5041852593421936,0.2791600227355957,0.10304057598114014
vit_base_patch16_224,visformer_small,shuffled_semantic_opponent,4,ILSVRC2012_val_00031548.JPEG,True,2.5311484932899475e-05,0.0004605208523571491,0.4979405701160431,0.49744898080825806,-0.054533958435058594,0.019564926624298096
vit_base_patch16_224,visformer_small,shuffled_semantic_opponent,5,ILSVRC2012_val_00031586.JPEG,True,0.002531167585402727,0.004985512234270573,0.5028964877128601,0.5039328336715698,0.29393529891967773,0.10774937272071838
vit_base_patch16_224,visformer_small,semantic_equivalent_feature_gaussian,4,ILSVRC2012_val_00031548.JPEG,True,0.003780718194320798,0.004976316820830107,0.5027636289596558,0.5030957460403442,-0.008617877960205078,0.06474554538726807
vit_base_patch16_224,visformer_small,semantic_equivalent_feature_gaussian,5,ILSVRC2012_val_00031586.JPEG,True,0.012785403057932854,0.014814554713666439,0.5038996338844299,0.503514289855957,0.4351081848144531,0.17006906867027283
vit_base_patch16_224,visformer_small,uniform_opponent,6,ILSVRC2012_val_00031588.JPEG,True,-0.001036373432725668,-0.0017521108966320753,0.5019664168357849,0.5011957883834839,-0.04985761642456055,-0.01448008418083191
vit_base_patch16_224,visformer_small,uniform_opponent,7,ILSVRC2012_val_00031593.JPEG,True,-0.005958388093858957,-0.007131214253604412,0.5020328164100647,0.5027170777320862,-0.006497383117675781,0.006984502077102661
vit_base_patch16_224,visformer_small,global_preserve_opponent,6,ILSVRC2012_val_00031588.JPEG,True,-0.0012267546262592077,-0.001930719125084579,0.501162588596344,0.5008304119110107,-0.04837179183959961,-0.014211088418960571
vit_base_patch16_224,visformer_small,global_preserve_opponent,7,ILSVRC2012_val_00031593.JPEG,True,-0.005400166846811771,-0.006581190042197704,0.5020328164100647,0.5027835369110107,-0.009673118591308594,0.0061016082763671875
vit_base_patch16_224,visformer_small,route_balance_opponent,6,ILSVRC2012_val_00031588.JPEG,True,-0.0011115925153717399,-0.0018403393914923072,0.5022055506706238,0.5006443858146667,-0.04479026794433594,-0.01294177770614624
vit_base_patch16_224,visformer_small,route_balance_opponent,7,ILSVRC2012_val_00031593.JPEG,True,-0.005411983467638493,-0.0064311097376048565,0.502139151096344,0.5025776028633118,-0.004578590393066406,0.006573617458343506
vit_base_patch16_224,visformer_small,semantic_equivalent_opponent,6,ILSVRC2012_val_00031588.JPEG,True,-0.00132323382422328,-0.0020363624207675457,0.5014947652816772,0.5010496377944946,-0.040888309478759766,-0.012157797813415527
vit_base_patch16_224,visformer_small,semantic_equivalent_opponent,7,ILSVRC2012_val_00031593.JPEG,True,-0.004898005165159702,-0.005910919979214668,0.5019664168357849,0.5023982524871826,-0.012711524963378906,0.004655957221984863
vit_base_patch16_224,visformer_small,shuffled_semantic_opponent,6,ILSVRC2012_val_00031588.JPEG,True,-0.0011700900504365563,-0.001876483904197812,0.5011957883834839,0.5008569955825806,-0.042696475982666016,-0.012612104415893555
vit_base_patch16_224,visformer_small,shuffled_semantic_opponent,7,ILSVRC2012_val_00031593.JPEG,True,-0.005519213620573282,-0.006720022298395634,0.5019664168357849,0.5025643110275269,-0.011991500854492188,0.005246996879577637
vit_base_patch16_224,visformer_small,semantic_equivalent_feature_gaussian,6,ILSVRC2012_val_00031588.JPEG,True,-0.009729929268360138,-0.009857338853180408,0.493350088596344,0.49267247319221497,-0.10503816604614258,-0.03149208426475525
vit_base_patch16_224,visformer_small,semantic_equivalent_feature_gaussian,7,ILSVRC2012_val_00031593.JPEG,True,0.006030882243067026,0.006829334422945976,0.4973626136779785,0.49872449040412903,-0.0711212158203125,-0.019204407930374146
vit_base_patch16_224,visformer_small,uniform_opponent,8,ILSVRC2012_val_00031629.JPEG,True,-0.00047179555986076593,0.0004364686901681125,0.5032286643981934,0.5030160546302795,0.12087297439575195,0.03295305371284485
vit_base_patch16_224,visformer_small,uniform_opponent,9,ILSVRC2012_val_00031647.JPEG,True,0.006510043516755104,0.006615806370973587,0.5056202411651611,0.5055869817733765,0.08257102966308594,0.01332324743270874
vit_base_patch16_224,visformer_small,global_preserve_opponent,8,ILSVRC2012_val_00031629.JPEG,True,-0.001169364433735609,-0.0002557719126343727,0.5022786259651184,0.502537727355957,0.08698177337646484,0.02381068468093872
vit_base_patch16_224,visformer_small,global_preserve_opponent,9,ILSVRC2012_val_00031647.JPEG,True,0.005597059149295092,0.005634498316794634,0.5054076313972473,0.505274772644043,0.07643699645996094,0.012475907802581787
vit_base_patch16_224,visformer_small,route_balance_opponent,8,ILSVRC2012_val_00031629.JPEG,True,-0.0010898998007178307,-0.00020834652241319418,0.503155529499054,0.5028699040412903,0.11661195755004883,0.031700700521469116
vit_base_patch16_224,visformer_small,route_balance_opponent,9,ILSVRC2012_val_00031647.JPEG,True,0.006687811575829983,0.006805431097745895,0.5056002736091614,0.5050821304321289,0.07545852661132812,0.012190490961074829
vit_base_patch16_224,visformer_small,semantic_equivalent_opponent,8,ILSVRC2012_val_00031629.JPEG,True,-0.0017507364973425865,-0.000875493511557579,0.5024912357330322,0.5029628872871399,0.10460853576660156,0.028591811656951904
vit_base_patch16_224,visformer_small,semantic_equivalent_opponent,9,ILSVRC2012_val_00031647.JPEG,True,0.005733812227845192,0.005771889351308346,0.5050621628761292,0.5053279399871826,0.07733154296875,0.012583628296852112
vit_base_patch16_224,visformer_small,shuffled_semantic_opponent,8,ILSVRC2012_val_00031629.JPEG,True,-0.0009604222141206264,-3.612646833062172e-05,0.5023384094238281,0.5022122263908386,0.08002662658691406,0.02177518606185913
vit_base_patch16_224,visformer_small,shuffled_semantic_opponent,9,ILSVRC2012_val_00031647.JPEG,True,0.005528564564883709,0.005562093108892441,0.5053744316101074,0.5053744316101074,0.07571792602539062,0.012294769287109375
vit_base_patch16_224,visformer_small,semantic_equivalent_feature_gaussian,8,ILSVRC2012_val_00031629.JPEG,True,0.013810419477522373,0.014025872573256493,0.5025111436843872,0.502723753452301,0.12470197677612305,0.03801754117012024
vit_base_patch16_224,visformer_small,semantic_equivalent_feature_gaussian,9,ILSVRC2012_val_00031647.JPEG,True,0.007877377793192863,0.006957794539630413,0.5032751560211182,0.5027835369110107,0.0072116851806640625,0.0032771676778793335
vit_base_patch16_224,visformer_small,uniform_opponent,10,ILSVRC2012_val_00031670.JPEG,True,0.0260486900806427,0.026687080040574074,0.5083572268486023,0.5096194744110107,0.3269977569580078,0.11425769329071045
vit_base_patch16_224,visformer_small,uniform_opponent,11,ILSVRC2012_val_00031686.JPEG,True,0.010784252546727657,0.012779218144714832,0.5117719173431396,0.5106824040412903,0.0925588607788086,0.04726281762123108
vit_base_patch16_224,visformer_small,global_preserve_opponent,10,ILSVRC2012_val_00031670.JPEG,True,0.024248044937849045,0.02463443949818611,0.5079054832458496,0.5093337893486023,0.34650325775146484,0.10942572355270386
vit_base_patch16_224,visformer_small,global_preserve_opponent,11,ILSVRC2012_val_00031686.JPEG,True,0.013618756085634232,0.014883346855640411,0.512509286403656,0.511904776096344,0.1059579849243164,0.054344892501831055
vit_base_patch16_224,visformer_small,route_balance_opponent,10,ILSVRC2012_val_00031670.JPEG,True,0.026375841349363327,0.027040114626288414,0.5086362957954407,0.5095862746238708,0.32436370849609375,0.11173108220100403
vit_base_patch16_224,visformer_small,route_balance_opponent,11,ILSVRC2012_val_00031686.JPEG,True,0.009772752411663532,0.011784115806221962,0.5116456747055054,0.5108883380889893,0.09575176239013672,0.04855692386627197
vit_base_patch16_224,visformer_small,semantic_equivalent_opponent,10,ILSVRC2012_val_00031670.JPEG,True,0.024476008489727974,0.024887368083000183,0.5079320669174194,0.5092408061027527,0.3273334503173828,0.10434132814407349
vit_base_patch16_224,visformer_small,semantic_equivalent_opponent,11,ILSVRC2012_val_00031686.JPEG,True,0.012749097310006618,0.013972591608762741,0.5123432278633118,0.5114729404449463,0.10135459899902344,0.05273038148880005
vit_base_patch16_224,visformer_small,shuffled_semantic_opponent,10,ILSVRC2012_val_00031670.JPEG,True,0.024175673723220825,0.024584542959928513,0.5078125,0.5092076063156128,0.34845447540283203,0.10968372225761414
vit_base_patch16_224,visformer_small,shuffled_semantic_opponent,11,ILSVRC2012_val_00031686.JPEG,True,0.013240069150924683,0.014446621760725975,0.5127550959587097,0.5120110511779785,0.10667133331298828,0.05482634902000427
vit_base_patch16_224,visformer_small,semantic_equivalent_feature_gaussian,10,ILSVRC2012_val_00031670.JPEG,True,0.024234503507614136,0.026897920295596123,0.5080583095550537,0.5092540979385376,0.6955375671386719,0.27154770493507385
vit_base_patch16_224,visformer_small,semantic_equivalent_feature_gaussian,11,ILSVRC2012_val_00031686.JPEG,True,-0.004263543523848057,-0.005382673814892769,0.5095131993293762,0.5092142224311829,0.04125499725341797,0.03246626257896423
vit_base_patch16_224,visformer_small,uniform_opponent,12,ILSVRC2012_val_00031762.JPEG,True,0.10022741556167603,0.10033349692821503,0.5209329724311829,0.5223147869110107,0.9964537620544434,0.6760149002075195
vit_base_patch16_224,visformer_small,uniform_opponent,13,ILSVRC2012_val_00031783.JPEG,True,0.032758813351392746,0.03572225198149681,0.5139774680137634,0.5159903764724731,0.41133689880371094,0.18474921584129333
vit_base_patch16_224,visformer_small,global_preserve_opponent,12,ILSVRC2012_val_00031762.JPEG,True,0.08643830567598343,0.08831904828548431,0.5218165516853333,0.5221952199935913,0.9363470077514648,0.6180514097213745
vit_base_patch16_224,visformer_small,global_preserve_opponent,13,ILSVRC2012_val_00031783.JPEG,True,0.025585144758224487,0.02781520038843155,0.5118848085403442,0.5125956535339355,0.2767767906188965,0.1230146586894989
vit_base_patch16_224,visformer_small,route_balance_opponent,12,ILSVRC2012_val_00031762.JPEG,True,0.10004451870918274,0.10019367933273315,0.520693838596344,0.522088885307312,1.0099029541015625,0.6881811618804932
vit_base_patch16_224,visformer_small,route_balance_opponent,13,ILSVRC2012_val_00031783.JPEG,True,0.03270653262734413,0.035673484206199646,0.5142166018486023,0.5162560939788818,0.4200263023376465,0.19128188490867615
vit_base_patch16_224,visformer_small,semantic_equivalent_opponent,12,ILSVRC2012_val_00031762.JPEG,True,0.08666117489337921,0.08853855729103088,0.5218032598495483,0.5217036008834839,0.9142632484436035,0.6048260927200317
vit_base_patch16_224,visformer_small,semantic_equivalent_opponent,13,ILSVRC2012_val_00031783.JPEG,True,0.025313176214694977,0.027520224452018738,0.5112271308898926,0.5126023292541504,0.27288389205932617,0.12124469876289368
vit_base_patch16_224,visformer_small,shuffled_semantic_opponent,12,ILSVRC2012_val_00031762.JPEG,True,0.08660316467285156,0.08846752345561981,0.5218431353569031,0.5222483277320862,0.9377622604370117,0.6190294027328491
vit_base_patch16_224,visformer_small,shuffled_semantic_opponent,13,ILSVRC2012_val_00031783.JPEG,True,0.02555520460009575,0.027783386409282684,0.5117054581642151,0.5126288533210754,0.274627685546875,0.12175396084785461
vit_base_patch16_224,visformer_small,semantic_equivalent_feature_gaussian,12,ILSVRC2012_val_00031762.JPEG,True,0.09938819706439972,0.09992644935846329,0.5231518149375916,0.5228396058082581,0.9730839729309082,0.7212575674057007
vit_base_patch16_224,visformer_small,semantic_equivalent_feature_gaussian,13,ILSVRC2012_val_00031783.JPEG,True,0.028912853449583054,0.03238699585199356,0.5133463740348816,0.5148144960403442,0.32094383239746094,0.14809319376945496
vit_base_patch16_224,visformer_small,uniform_opponent,14,ILSVRC2012_val_00031785.JPEG,True,0.04057442396879196,0.04250234737992287,0.5076929330825806,0.5083506107330322,0.1789236068725586,0.06448882818222046
vit_base_patch16_224,visformer_small,uniform_opponent,15,ILSVRC2012_val_00031789.JPEG,True,-0.005805585533380508,-0.007248898036777973,0.501375138759613,0.5016209483146667,-0.026038169860839844,-0.009982407093048096
vit_base_patch16_224,visformer_small,global_preserve_opponent,14,ILSVRC2012_val_00031785.JPEG,True,0.034844014793634415,0.036933086812496185,0.5079652667045593,0.5079652667045593,0.17693567276000977,0.06226351857185364
vit_base_patch16_224,visformer_small,global_preserve_opponent,15,ILSVRC2012_val_00031789.JPEG,True,-0.005813958123326302,-0.007275578565895557,0.5016409158706665,0.5023052096366882,-0.019552230834960938,-0.006912887096405029
vit_base_patch16_224,visformer_small,route_balance_opponent,14,ILSVRC2012_val_00031785.JPEG,True,0.040790148079395294,0.042755819857120514,0.5078722834587097,0.508417010307312,0.18007755279541016,0.06478434801101685
vit_base_patch16_224,visformer_small,route_balance_opponent,15,ILSVRC2012_val_00031789.JPEG,True,-0.005835655611008406,-0.0072784824296832085,0.5011692047119141,0.5022122263908386,-0.01976633071899414,-0.007098555564880371
vit_base_patch16_224,visformer_small,semantic_equivalent_opponent,14,ILSVRC2012_val_00031785.JPEG,True,0.03467867523431778,0.036801520735025406,0.5078390836715698,0.5081247091293335,0.17780065536499023,0.0625598132610321
vit_base_patch16_224,visformer_small,semantic_equivalent_opponent,15,ILSVRC2012_val_00031789.JPEG,True,-0.005843990482389927,-0.0073048751801252365,0.5014681816101074,0.502139151096344,-0.01809072494506836,-0.006661474704742432
vit_base_patch16_224,visformer_small,shuffled_semantic_opponent,14,ILSVRC2012_val_00031785.JPEG,True,0.03461930900812149,0.03674076870083809,0.5076331496238708,0.5077859163284302,0.1690840721130371,0.059610217809677124
vit_base_patch16_224,visformer_small,shuffled_semantic_opponent,15,ILSVRC2012_val_00031789.JPEG,True,-0.005788683891296387,-0.007251591421663761,0.501727283000946,0.5019664168357849,-0.0218963623046875,-0.008026301860809326
vit_base_patch16_224,visformer_small,semantic_equivalent_feature_gaussian,14,ILSVRC2012_val_00031785.JPEG,True,0.04684889316558838,0.049925655126571655,0.5095530152320862,0.5095663070678711,0.24050521850585938,0.08368721604347229
vit_base_patch16_224,visformer_small,semantic_equivalent_feature_gaussian,15,ILSVRC2012_val_00031789.JPEG,True,0.008849553763866425,0.010873980820178986,0.5018202662467957,0.5018202662467957,-0.021129131317138672,-0.0007193684577941895
vit_base_patch16_224,visformer_small,uniform_opponent,16,ILSVRC2012_val_00031922.JPEG,True,0.004168258979916573,0.003148704534396529,0.4999734163284302,0.5007174611091614,-0.016870498657226562,-0.002492859959602356
vit_base_patch16_224,visformer_small,uniform_opponent,17,ILSVRC2012_val_00031927.JPEG,True,0.007514100521802902,0.007089804857969284,0.5047100782394409,0.5045240521430969,0.0265350341796875,0.02545490860939026
vit_base_patch16_224,visformer_small,global_preserve_opponent,16,ILSVRC2012_val_00031922.JPEG,True,0.004249433986842632,0.003197668818756938,0.500411868095398,0.5008105039596558,-0.02480792999267578,-0.0037745535373687744
vit_base_patch16_224,visformer_small,global_preserve_opponent,17,ILSVRC2012_val_00031927.JPEG,True,0.009422979317605495,0.008870516903698444,0.5039195418357849,0.5042450428009033,0.04291248321533203,0.02863210439682007
vit_base_patch16_224,visformer_small,route_balance_opponent,16,ILSVRC2012_val_00031922.JPEG,True,0.003925250377506018,0.0029171882197260857,0.500391960144043,0.5008370280265808,-0.027131080627441406,-0.004272252321243286
vit_base_patch16_224,visformer_small,route_balance_opponent,17,ILSVRC2012_val_00031927.JPEG,True,0.007174956612288952,0.0068754167295992374,0.5048828125,0.503700315952301,0.04634666442871094,0.031226366758346558
vit_base_patch16_224,visformer_small,semantic_equivalent_opponent,16,ILSVRC2012_val_00031922.JPEG,True,0.003996439278125763,0.002965569030493498,0.500750720500946,0.5004517436027527,-0.027067184448242188,-0.0041811466217041016
vit_base_patch16_224,visformer_small,semantic_equivalent_opponent,17,ILSVRC2012_val_00031927.JPEG,True,0.00930006243288517,0.008864769712090492,0.5038331747055054,0.5037733912467957,0.038982391357421875,0.028277873992919922
vit_base_patch16_224,visformer_small,shuffled_semantic_opponent,16,ILSVRC2012_val_00031922.JPEG,True,0.003989429213106632,0.002940103644505143,0.5002458095550537,0.5007573366165161,-0.02422046661376953,-0.003668278455734253
vit_base_patch16_224,visformer_small,shuffled_semantic_opponent,17,ILSVRC2012_val_00031927.JPEG,True,0.009355302900075912,0.008826244622468948,0.5037667155265808,0.5043314099311829,0.04587745666503906,0.030058294534683228
vit_base_patch16_224,visformer_small,semantic_equivalent_feature_gaussian,16,ILSVRC2012_val_00031922.JPEG,True,0.0031588999554514885,0.0028811516240239143,0.5010961294174194,0.5001993179321289,-0.034882545471191406,-0.00657692551612854
vit_base_patch16_224,visformer_small,semantic_equivalent_feature_gaussian,17,ILSVRC2012_val_00031927.JPEG,True,0.01260099932551384,0.013548485934734344,0.5088289380073547,0.5086495280265808,0.13091373443603516,0.059751957654953
vit_base_patch16_224,visformer_small,uniform_opponent,18,ILSVRC2012_val_00032032.JPEG,True,0.04043709486722946,0.04071105644106865,0.5073541402816772,0.5069156289100647,0.3276996612548828,0.13719195127487183
vit_base_patch16_224,visformer_small,uniform_opponent,19,ILSVRC2012_val_00032039.JPEG,True,-0.00935411173850298,-0.010044089518487453,0.4974755644798279,0.4979206621646881,0.23395824432373047,0.022420808672904968
vit_base_patch16_224,visformer_small,global_preserve_opponent,18,ILSVRC2012_val_00032032.JPEG,True,0.02822006121277809,0.028982503339648247,0.5042716264724731,0.5038929581642151,0.289764404296875,0.12305837869644165
vit_base_patch16_224,visformer_small,global_preserve_opponent,19,ILSVRC2012_val_00032039.JPEG,True,-0.009257588535547256,-0.009922247380018234,0.4975685477256775,0.49762171506881714,0.21931838989257812,0.02066408097743988
vit_base_patch16_224,visformer_small,route_balance_opponent,18,ILSVRC2012_val_00032032.JPEG,True,0.04077942669391632,0.04103200510144234,0.5074737071990967,0.5069289207458496,0.34683990478515625,0.14399081468582153
vit_base_patch16_224,visformer_small,route_balance_opponent,19,ILSVRC2012_val_00032039.JPEG,True,-0.009393441490828991,-0.010045710019767284,0.4977412819862366,0.49718987941741943,0.1957387924194336,0.018020398914813995
vit_base_patch16_224,visformer_small,semantic_equivalent_opponent,18,ILSVRC2012_val_00032032.JPEG,True,0.028408590704202652,0.029165830463171005,0.5040723085403442,0.5039859414100647,0.28281307220458984,0.12001341581344604
vit_base_patch16_224,visformer_small,semantic_equivalent_opponent,19,ILSVRC2012_val_00032039.JPEG,True,-0.009278787299990654,-0.009902019053697586,0.4974091053009033,0.4975220561027527,0.21023845672607422,0.01894073188304901
vit_base_patch16_224,visformer_small,shuffled_semantic_opponent,18,ILSVRC2012_val_00032032.JPEG,True,0.028206326067447662,0.028992202132940292,0.5043646097183228,0.5036139488220215,0.2614736557006836,0.11268803477287292
vit_base_patch16_224,visformer_small,shuffled_semantic_opponent,19,ILSVRC2012_val_00032039.JPEG,True,-0.009249209426343441,-0.009933274239301682,0.49799373745918274,0.49777451157569885,0.25887012481689453,0.02497410774230957
vit_base_patch16_224,visformer_small,semantic_equivalent_feature_gaussian,18,ILSVRC2012_val_00032032.JPEG,True,0.04316965863108635,0.04441947862505913,0.5123831033706665,0.5128082633018494,0.3348855972290039,0.14776858687400818
vit_base_patch16_224,visformer_small,semantic_equivalent_feature_gaussian,19,ILSVRC2012_val_00032039.JPEG,True,-0.002571812830865383,-0.002731617074459791,0.5010164380073547,0.5000331997871399,0.062061309814453125,0.005945414304733276
vit_base_patch16_224,visformer_small,uniform_opponent,20,ILSVRC2012_val_00032046.JPEG,True,0.014307267032563686,0.014070131815969944,0.5007639527320862,0.5004517436027527,0.004414558410644531,0.0077931880950927734
vit_base_patch16_224,visformer_small,uniform_opponent,21,ILSVRC2012_val_00032097.JPEG,True,0.015508050099015236,0.016072556376457214,0.505653440952301,0.5056667327880859,0.3522806167602539,0.08151327073574066
vit_base_patch16_224,visformer_small,global_preserve_opponent,20,ILSVRC2012_val_00032046.JPEG,True,0.0072828177362680435,0.006764549296349287,0.49921607971191406,0.4989171326160431,0.047493934631347656,0.018963217735290527
vit_base_patch16_224,visformer_small,global_preserve_opponent,21,ILSVRC2012_val_00032097.JPEG,True,0.016623983159661293,0.017201300710439682,0.5052282810211182,0.5056600570678711,0.32494354248046875,0.07406966388225555
vit_base_patch16_224,visformer_small,route_balance_opponent,20,ILSVRC2012_val_00032046.JPEG,True,0.014509514905512333,0.014282001182436943,0.5014814734458923,0.5005314350128174,0.007724761962890625,0.008550912141799927
vit_base_patch16_224,visformer_small,route_balance_opponent,21,ILSVRC2012_val_00032097.JPEG,True,0.015522203408181667,0.016098108142614365,0.5055404901504517,0.5055271983146667,0.3409843444824219,0.07910384237766266
vit_base_patch16_224,visformer_small,semantic_equivalent_opponent,20,ILSVRC2012_val_00032046.JPEG,True,0.007910777814686298,0.007406175602227449,0.4994751811027527,0.4996744692325592,0.046469688415527344,0.019175440073013306
vit_base_patch16_224,visformer_small,semantic_equivalent_opponent,21,ILSVRC2012_val_00032097.JPEG,True,0.016602614894509315,0.017192509025335312,0.5054408311843872,0.5055006146430969,0.31341075897216797,0.07128165662288666
vit_base_patch16_224,visformer_small,shuffled_semantic_opponent,20,ILSVRC2012_val_00032046.JPEG,True,0.007764763198792934,0.007293878588825464,0.4994419515132904,0.4987444281578064,0.04925346374511719,0.0198327898979187
vit_base_patch16_224,visformer_small,shuffled_semantic_opponent,21,ILSVRC2012_val_00032097.JPEG,True,0.01671135611832142,0.01729723811149597,0.5050488710403442,0.5053943395614624,0.3286867141723633,0.07456456124782562
vit_base_patch16_224,visformer_small,semantic_equivalent_feature_gaussian,20,ILSVRC2012_val_00032046.JPEG,True,0.011819845996797085,0.01386174000799656,0.5057132244110107,0.5049226880073547,0.07655906677246094,0.02510964870452881
vit_base_patch16_224,visformer_small,semantic_equivalent_feature_gaussian,21,ILSVRC2012_val_00032097.JPEG,True,0.015071101486682892,0.0167834609746933,0.5084435939788818,0.5079652667045593,0.4320964813232422,0.1049676388502121
vit_base_patch16_224,visformer_small,uniform_opponent,22,ILSVRC2012_val_00032098.JPEG,True,0.0025810194201767445,0.001747265225276351,0.500604510307312,0.4998007118701935,0.09047603607177734,0.023922592401504517
vit_base_patch16_224,visformer_small,uniform_opponent,23,ILSVRC2012_val_00032102.JPEG,True,0.007727204822003841,0.008760177530348301,0.5050422549247742,0.5047499537467957,0.06533622741699219,0.017385661602020264
vit_base_patch16_224,visformer_small,global_preserve_opponent,22,ILSVRC2012_val_00032098.JPEG,True,0.0021580203901976347,0.0012096408754587173,0.5008038282394409,0.500186026096344,0.05397510528564453,0.01582285761833191
vit_base_patch16_224,visformer_small,global_preserve_opponent,23,ILSVRC2012_val_00032102.JPEG,True,0.007655235473066568,0.008692232891917229,0.5046901702880859,0.5046104192733765,0.06858253479003906,0.01845651865005493
vit_base_patch16_224,visformer_small,route_balance_opponent,22,ILSVRC2012_val_00032098.JPEG,True,0.0029865908436477184,0.0021042353473603725,0.5010828375816345,0.4999734163284302,0.08429908752441406,0.022201567888259888
vit_base_patch16_224,visformer_small,route_balance_opponent,23,ILSVRC2012_val_00032102.JPEG,True,0.008248298428952694,0.009294841438531876,0.5048761963844299,0.5050023794174194,0.06981563568115234,0.018667757511138916
vit_base_patch16_224,visformer_small,semantic_equivalent_opponent,22,ILSVRC2012_val_00032098.JPEG,True,0.002565074246376753,0.0015666855033487082,0.5005447268486023,0.49985384941101074,0.04332160949707031,0.01202806830406189
vit_base_patch16_224,visformer_small,semantic_equivalent_opponent,23,ILSVRC2012_val_00032102.JPEG,True,0.008181938901543617,0.009227177128195763,0.5047366619110107,0.5051419138908386,0.06972217559814453,0.018816232681274414
vit_base_patch16_224,visformer_small,shuffled_semantic_opponent,22,ILSVRC2012_val_00032098.JPEG,True,0.002115625888109207,0.0011013444745913148,0.5006775856018066,0.4996279776096344,0.055767059326171875,0.016440093517303467
vit_base_patch16_224,visformer_small,shuffled_semantic_opponent,23,ILSVRC2012_val_00032102.JPEG,True,0.00793447159230709,0.008950884453952312,0.5047898292541504,0.5046635866165161,0.06787490844726562,0.0182877779006958
vit_base_patch16_224,visformer_small,semantic_equivalent_feature_gaussian,22,ILSVRC2012_val_00032098.JPEG,True,-0.0008768767584115267,-0.003928313497453928,0.4996279776096344,0.5000996589660645,0.1429886817932129,0.03836050629615784
vit_base_patch16_224,visformer_small,semantic_equivalent_feature_gaussian,23,ILSVRC2012_val_00032102.JPEG,True,0.008635357022285461,0.008986584842205048,0.5024447441101074,0.5016076564788818,0.060494422912597656,0.01673230528831482
vit_base_patch16_224,visformer_small,uniform_opponent,24,ILSVRC2012_val_00032120.JPEG,True,0.03509128838777542,0.03789057582616806,0.5038331747055054,0.5044244527816772,0.021889686584472656,0.007749155163764954
vit_base_patch16_224,visformer_small,uniform_opponent,25,ILSVRC2012_val_00032188.JPEG,True,0.03534992039203644,0.03501008078455925,0.5096194744110107,0.5090215802192688,1.3742318153381348,0.91021728515625
vit_base_patch16_224,visformer_small,global_preserve_opponent,24,ILSVRC2012_val_00032120.JPEG,True,0.04400751739740372,0.04978911951184273,0.5047831535339355,0.5047233700752258,0.07915115356445312,0.017630115151405334
vit_base_patch16_224,visformer_small,global_preserve_opponent,25,ILSVRC2012_val_00032188.JPEG,True,0.03090895339846611,0.03077123872935772,0.512130618095398,0.5120044350624084,1.3129987716674805,0.8033366203308105
vit_base_patch16_224,visformer_small,route_balance_opponent,24,ILSVRC2012_val_00032120.JPEG,True,0.03530391305685043,0.03808273747563362,0.5041719675064087,0.5036671161651611,0.017267227172851562,0.0067705512046813965
vit_base_patch16_224,visformer_small,route_balance_opponent,25,ILSVRC2012_val_00032188.JPEG,True,0.03520626202225685,0.03484995663166046,0.5096128582954407,0.5089684128761292,1.3612756729125977,0.9015661478042603
vit_base_patch16_224,visformer_small,semantic_equivalent_opponent,24,ILSVRC2012_val_00032120.JPEG,True,0.0432916022837162,0.04901214316487312,0.5045174360275269,0.5048163533210754,0.05152416229248047,0.013372913002967834
vit_base_patch16_224,visformer_small,semantic_equivalent_opponent,25,ILSVRC2012_val_00032188.JPEG,True,0.03061218187212944,0.030436985194683075,0.5121040344238281,0.5120442509651184,1.3157949447631836,0.8096786737442017
vit_base_patch16_224,visformer_small,shuffled_semantic_opponent,24,ILSVRC2012_val_00032120.JPEG,True,0.044049352407455444,0.04983210191130638,0.5049558877944946,0.5048031210899353,0.08266830444335938,0.018504738807678223
vit_base_patch16_224,visformer_small,shuffled_semantic_opponent,25,ILSVRC2012_val_00032188.JPEG,True,0.030312389135360718,0.030181366950273514,0.512110710144043,0.51171875,1.2948660850524902,0.7928258180618286
vit_base_patch16_224,visformer_small,semantic_equivalent_feature_gaussian,24,ILSVRC2012_val_00032120.JPEG,True,0.050755057483911514,0.05387895181775093,0.5065170526504517,0.5065170526504517,0.16296005249023438,0.034298211336135864
vit_base_patch16_224,visformer_small,semantic_equivalent_feature_gaussian,25,ILSVRC2012_val_00032188.JPEG,True,0.06677989661693573,0.06676216423511505,0.5194980502128601,0.5186011791229248,2.2648515701293945,1.6819511651992798
vit_base_patch16_224,visformer_small,uniform_opponent,26,ILSVRC2012_val_00032370.JPEG,True,-0.006441839970648289,-0.0066307056695222855,0.5017737746238708,0.5015212893486023,0.01092529296875,0.008113294839859009
vit_base_patch16_224,visformer_small,uniform_opponent,27,ILSVRC2012_val_00032435.JPEG,True,0.017068445682525635,0.01731102168560028,0.5032618641853333,0.5031622052192688,0.16657209396362305,0.09147059917449951
vit_base_patch16_224,visformer_small,global_preserve_opponent,26,ILSVRC2012_val_00032370.JPEG,True,-0.012345530092716217,-0.012648574076592922,0.4986248314380646,0.49960803985595703,0.009261131286621094,0.0077288150787353516
vit_base_patch16_224,visformer_small,global_preserve_opponent,27,ILSVRC2012_val_00032435.JPEG,True,0.015861021354794502,0.016079429537057877,0.5036139488220215,0.5039328336715698,0.1513667106628418,0.08384835720062256
vit_base_patch16_224,visformer_small,route_balance_opponent,26,ILSVRC2012_val_00032370.JPEG,True,-0.006204276345670223,-0.006440421100705862,0.5014017224311829,0.5012821555137634,0.013379096984863281,0.008659720420837402
vit_base_patch16_224,visformer_small,route_balance_opponent,27,ILSVRC2012_val_00032435.JPEG,True,0.01685486175119877,0.01709473505616188,0.502949595451355,0.5031223297119141,0.1621994972229004,0.0900987982749939
vit_base_patch16_224,visformer_small,semantic_equivalent_opponent,26,ILSVRC2012_val_00032370.JPEG,True,-0.011847594752907753,-0.012190134264528751,0.49927589297294617,0.49958810210227966,0.008925437927246094,0.007561519742012024
vit_base_patch16_224,visformer_small,semantic_equivalent_opponent,27,ILSVRC2012_val_00032435.JPEG,True,0.01584215834736824,0.016053617000579834,0.5037534832954407,0.5041919350624084,0.16411924362182617,0.0902053713798523
vit_base_patch16_224,visformer_small,shuffled_semantic_opponent,26,ILSVRC2012_val_00032370.JPEG,True,-0.012465281412005424,-0.012759072706103325,0.49853184819221497,0.49964791536331177,0.0021791458129882812,0.006227418780326843
vit_base_patch16_224,visformer_small,shuffled_semantic_opponent,27,ILSVRC2012_val_00032435.JPEG,True,0.015568207018077374,0.01581275835633278,0.503680408000946,0.5041188597679138,0.1591348648071289,0.08765685558319092
vit_base_patch16_224,visformer_small,semantic_equivalent_feature_gaussian,26,ILSVRC2012_val_00032370.JPEG,True,-0.01143239438533783,-0.012437378987669945,0.49335670471191406,0.4929049611091614,-0.07928943634033203,-0.0015975236892700195
vit_base_patch16_224,visformer_small,semantic_equivalent_feature_gaussian,27,ILSVRC2012_val_00032435.JPEG,True,0.015784703195095062,0.016284748911857605,0.5037268996238708,0.5032551884651184,0.10170936584472656,0.06535905599594116
vit_base_patch16_224,visformer_small,uniform_opponent,28,ILSVRC2012_val_00032552.JPEG,True,-0.02757764235138893,-0.030769605189561844,0.49490460753440857,0.4937553107738495,-0.057650089263916016,0.03842020034790039
vit_base_patch16_224,visformer_small,uniform_opponent,29,ILSVRC2012_val_00032623.JPEG,True,0.04740622639656067,0.049461930990219116,0.512303352355957,0.511512815952301,0.22320985794067383,0.14927160739898682
vit_base_patch16_224,visformer_small,global_preserve_opponent,28,ILSVRC2012_val_00032552.JPEG,True,0.0019160168012604117,-0.000861243112012744,0.4995349645614624,0.49904337525367737,-0.08005475997924805,-0.01502344012260437
vit_base_patch16_224,visformer_small,global_preserve_opponent,29,ILSVRC2012_val_00032623.JPEG,True,0.049063049256801605,0.051087383180856705,0.5104166865348816,0.510177493095398,0.2227306365966797,0.14770209789276123
vit_base_patch16_224,visformer_small,route_balance_opponent,28,ILSVRC2012_val_00032552.JPEG,True,-0.02759665437042713,-0.030824240297079086,0.4950507581233978,0.4938948154449463,-0.05406045913696289,0.03932538628578186
vit_base_patch16_224,visformer_small,route_balance_opponent,29,ILSVRC2012_val_00032623.JPEG,True,0.0470808744430542,0.049196407198905945,0.5119512677192688,0.5121837854385376,0.2262411117553711,0.1520022749900818
vit_base_patch16_224,visformer_small,semantic_equivalent_opponent,28,ILSVRC2012_val_00032552.JPEG,True,0.0023826651740819216,-0.00032694381661713123,0.49964791536331177,0.499116450548172,-0.0755457878112793,-0.014285296201705933
vit_base_patch16_224,visformer_small,semantic_equivalent_opponent,29,ILSVRC2012_val_00032623.JPEG,True,0.04826214909553528,0.050366707146167755,0.5098586082458496,0.5105960369110107,0.22575712203979492,0.14951807260513306
vit_base_patch16_224,visformer_small,shuffled_semantic_opponent,28,ILSVRC2012_val_00032552.JPEG,True,0.0020220999140292406,-0.0007926998659968376,0.4993821680545807,0.4990367293357849,-0.08053255081176758,-0.014995455741882324
vit_base_patch16_224,visformer_small,shuffled_semantic_opponent,29,ILSVRC2012_val_00032623.JPEG,True,0.04889559745788574,0.050927165895700455,0.5102107524871826,0.5100845098495483,0.2248058319091797,0.14882361888885498
vit_base_patch16_224,visformer_small,semantic_equivalent_feature_gaussian,28,ILSVRC2012_val_00032552.JPEG,True,-0.014082146808505058,-0.017196930944919586,0.4973360300064087,0.4973294138908386,-0.12724733352661133,-0.014871835708618164
vit_base_patch16_224,visformer_small,semantic_equivalent_feature_gaussian,29,ILSVRC2012_val_00032623.JPEG,True,0.05318848043680191,0.055711664259433746,0.5133662819862366,0.5143428444862366,0.2317514419555664,0.1535091996192932
vit_base_patch16_224,visformer_small,uniform_opponent,30,ILSVRC2012_val_00032646.JPEG,True,0.023450184613466263,0.024905314669013023,0.514236569404602,0.5136585831642151,0.19313526153564453,0.227882981300354
vit_base_patch16_224,visformer_small,uniform_opponent,31,ILSVRC2012_val_00032695.JPEG,True,-0.007339234463870525,-0.008712158538401127,0.4992825388908386,0.49768149852752686,-0.04083538055419922,-0.016333729028701782
vit_base_patch16_224,visformer_small,global_preserve_opponent,30,ILSVRC2012_val_00032646.JPEG,True,0.01782447099685669,0.01894199848175049,0.5133197903633118,0.5137449502944946,0.19672441482543945,0.22886431217193604
vit_base_patch16_224,visformer_small,global_preserve_opponent,31,ILSVRC2012_val_00032695.JPEG,True,-0.006625319831073284,-0.007863146252930164,0.49920281767845154,0.4979804456233978,-0.036643028259277344,-0.014333248138427734
vit_base_patch16_224,visformer_small,route_balance_opponent,30,ILSVRC2012_val_00032646.JPEG,True,0.024530135095119476,0.026050053536891937,0.5143694281578064,0.5137848258018494,0.1964874267578125,0.22857916355133057
vit_base_patch16_224,visformer_small,route_balance_opponent,31,ILSVRC2012_val_00032695.JPEG,True,-0.006782663054764271,-0.007981249131262302,0.5008835792541504,0.499136358499527,-0.03012847900390625,-0.011419951915740967
vit_base_patch16_224,visformer_small,semantic_equivalent_opponent,30,ILSVRC2012_val_00032646.JPEG,True,0.018679380416870117,0.01985820382833481,0.5133662819862366,0.5138379335403442,0.19250822067260742,0.22655177116394043
vit_base_patch16_224,visformer_small,semantic_equivalent_opponent,31,ILSVRC2012_val_00032695.JPEG,True,-0.00617033988237381,-0.007256160024553537,0.49968111515045166,0.49817973375320435,-0.032222747802734375,-0.01305815577507019
vit_base_patch16_224,visformer_small,shuffled_semantic_opponent,30,ILSVRC2012_val_00032646.JPEG,True,0.01724119484424591,0.018311399966478348,0.5131271481513977,0.514043927192688,0.19859647750854492,0.2305288314819336
vit_base_patch16_224,visformer_small,shuffled_semantic_opponent,31,ILSVRC2012_val_00032695.JPEG,True,-0.006757490802556276,-0.007998092100024223,0.498910516500473,0.4978741407394409,-0.038482666015625,-0.01472809910774231
vit_base_patch16_224,visformer_small,semantic_equivalent_feature_gaussian,30,ILSVRC2012_val_00032646.JPEG,True,0.06966634094715118,0.07225172221660614,0.5170997977256775,0.5168606638908386,0.2814464569091797,0.3096272945404053
vit_base_patch16_224,visformer_small,semantic_equivalent_feature_gaussian,31,ILSVRC2012_val_00032695.JPEG,True,-0.0005717184394598007,-0.0004890421405434608,0.5013087391853333,0.4992891550064087,-0.029491424560546875,-0.01792159676551819
vit_base_patch16_224,visformer_small,uniform_opponent,32,ILSVRC2012_val_00032723.JPEG,True,0.004543113987892866,0.004775563720613718,0.5049160122871399,0.5043579936027527,0.043140411376953125,0.014926016330718994
vit_base_patch16_224,visformer_small,uniform_opponent,33,ILSVRC2012_val_00032911.JPEG,True,0.03249690681695938,0.03370640054345131,0.510762095451355,0.5112736225128174,0.38748836517333984,0.2073410153388977
vit_base_patch16_224,visformer_small,global_preserve_opponent,32,ILSVRC2012_val_00032723.JPEG,True,0.0063369302079081535,0.006535815075039864,0.5042184591293335,0.5049425959587097,0.039910316467285156,0.01434868574142456
vit_base_patch16_224,visformer_small,global_preserve_opponent,33,ILSVRC2012_val_00032911.JPEG,True,0.03136952221393585,0.032554589211940765,0.5104166865348816,0.5102838277816772,0.37122535705566406,0.19340109825134277
vit_base_patch16_224,visformer_small,route_balance_opponent,32,ILSVRC2012_val_00032723.JPEG,True,0.004327563103288412,0.0048760236240923405,0.5054342150688171,0.5055869817733765,0.039872169494628906,0.0148715078830719
vit_base_patch16_224,visformer_small,route_balance_opponent,33,ILSVRC2012_val_00032911.JPEG,True,0.031034983694553375,0.032192327082157135,0.5107089877128601,0.5112404227256775,0.36460351943969727,0.19510376453399658
vit_base_patch16_224,visformer_small,semantic_equivalent_opponent,32,ILSVRC2012_val_00032723.JPEG,True,0.006804123520851135,0.007298783399164677,0.505274772644043,0.505673348903656,0.037613868713378906,0.01382264494895935
vit_base_patch16_224,visformer_small,semantic_equivalent_opponent,33,ILSVRC2012_val_00032911.JPEG,True,0.030771756544709206,0.03189925104379654,0.5098851919174194,0.5106691122055054,0.41005420684814453,0.2124294638633728
vit_base_patch16_224,visformer_small,shuffled_semantic_opponent,32,ILSVRC2012_val_00032723.JPEG,True,0.0058425250463187695,0.006129065062850714,0.5042716264724731,0.5050223469734192,0.039859771728515625,0.014392733573913574
vit_base_patch16_224,visformer_small,shuffled_semantic_opponent,33,ILSVRC2012_val_00032911.JPEG,True,0.03144655376672745,0.03261956572532654,0.5100047588348389,0.5102970600128174,0.38672971725463867,0.20054107904434204
vit_base_patch16_224,visformer_small,semantic_equivalent_feature_gaussian,32,ILSVRC2012_val_00032723.JPEG,True,0.012089136987924576,0.012652436271309853,0.5052016973495483,0.5050090551376343,0.06664466857910156,0.02299097180366516
vit_base_patch16_224,visformer_small,semantic_equivalent_feature_gaussian,33,ILSVRC2012_val_00032911.JPEG,True,0.022091463208198547,0.024213682860136032,0.5093603730201721,0.5095264911651611,0.18644380569458008,0.09693068265914917
vit_base_patch16_224,visformer_small,uniform_opponent,34,ILSVRC2012_val_00032926.JPEG,True,0.0039006397128105164,0.003118038410320878,0.5038597583770752,0.5039992332458496,0.00479888916015625,-0.000828966498374939
vit_base_patch16_224,visformer_small,uniform_opponent,35,ILSVRC2012_val_00032950.JPEG,True,-0.00861607026308775,-0.008138028904795647,0.499229371547699,0.4988839328289032,-0.10069942474365234,-0.019354015588760376
vit_base_patch16_224,visformer_small,global_preserve_opponent,34,ILSVRC2012_val_00032926.JPEG,True,0.0071596261113882065,0.006632030010223389,0.5037268996238708,0.5034478902816772,0.03487873077392578,0.005323082208633423
vit_base_patch16_224,visformer_small,global_preserve_opponent,35,ILSVRC2012_val_00032950.JPEG,True,-0.01061748806387186,-0.010279586538672447,0.4977545738220215,0.4974556267261505,-0.0785837173461914,-0.015478074550628662
vit_base_patch16_224,visformer_small,route_balance_opponent,34,ILSVRC2012_val_00032926.JPEG,True,0.0037957464810460806,0.002943261992186308,0.5039394497871399,0.5036072731018066,-0.019576072692871094,-0.00564807653427124
vit_base_patch16_224,visformer_small,route_balance_opponent,35,ILSVRC2012_val_00032950.JPEG,True,-0.007558248937129974,-0.007088027894496918,0.4994751811027527,0.49909651279449463,-0.08491706848144531,-0.01651550829410553
vit_base_patch16_224,visformer_small,semantic_equivalent_opponent,34,ILSVRC2012_val_00032926.JPEG,True,0.007186936214566231,0.006575190462172031,0.5035408735275269,0.5037335157394409,0.026556015014648438,0.0034872889518737793
vit_base_patch16_224,visformer_small,semantic_equivalent_opponent,35,ILSVRC2012_val_00032950.JPEG,True,-0.010098705999553204,-0.009796972386538982,0.49850526452064514,0.498139888048172,-0.07794380187988281,-0.01550111174583435
vit_base_patch16_224,visformer_small,shuffled_semantic_opponent,34,ILSVRC2012_val_00032926.JPEG,True,0.007048148196190596,0.0065501718781888485,0.5032618641853333,0.5035009980201721,0.03283214569091797,0.0049171000719070435
vit_base_patch16_224,visformer_small,shuffled_semantic_opponent,35,ILSVRC2012_val_00032950.JPEG,True,-0.010419214144349098,-0.01008446142077446,0.4975951313972473,0.49754199385643005,-0.07678699493408203,-0.01502344012260437
vit_base_patch16_224,visformer_small,semantic_equivalent_feature_gaussian,34,ILSVRC2012_val_00032926.JPEG,True,0.0016310138162225485,0.0029807600658386946,0.5013618469238281,0.5030226707458496,-0.1002359390258789,-0.020276203751564026
vit_base_patch16_224,visformer_small,semantic_equivalent_feature_gaussian,35,ILSVRC2012_val_00032950.JPEG,True,-0.005157380364835262,-0.005072949454188347,0.49982061982154846,0.4996146857738495,-0.029415130615234375,-0.005038335919380188
vit_base_patch16_224,visformer_small,uniform_opponent,36,ILSVRC2012_val_00033014.JPEG,True,0.03146315738558769,0.031952958554029465,0.5038597583770752,0.5036139488220215,0.12387228012084961,0.07665348052978516
vit_base_patch16_224,visformer_small,uniform_opponent,37,ILSVRC2012_val_00033018.JPEG,True,0.022626856341958046,0.02429153211414814,0.5073474645614624,0.5063244104385376,0.10037708282470703,0.022370293736457825
vit_base_patch16_224,visformer_small,global_preserve_opponent,36,ILSVRC2012_val_00033014.JPEG,True,0.029996801167726517,0.030512535944581032,0.5022521018981934,0.5023118853569031,0.11261129379272461,0.06859153509140015
vit_base_patch16_224,visformer_small,global_preserve_opponent,37,ILSVRC2012_val_00033018.JPEG,True,0.020612414926290512,0.022329114377498627,0.5077992081642151,0.5073673725128174,0.11698722839355469,0.024932488799095154
vit_base_patch16_224,visformer_small,route_balance_opponent,36,ILSVRC2012_val_00033014.JPEG,True,0.03207984194159508,0.03254413232207298,0.503494381904602,0.5037733912467957,0.1293797492980957,0.07803279161453247
vit_base_patch16_224,visformer_small,route_balance_opponent,37,ILSVRC2012_val_00033018.JPEG,True,0.02326304465532303,0.024962157011032104,0.507247805595398,0.506649911403656,0.11717796325683594,0.0252656489610672
vit_base_patch16_224,visformer_small,semantic_equivalent_opponent,36,ILSVRC2012_val_00033014.JPEG,True,0.031066127121448517,0.03153759986162186,0.5020262002944946,0.5024845600128174,0.11875629425048828,0.07281100749969482
vit_base_patch16_224,visformer_small,semantic_equivalent_opponent,37,ILSVRC2012_val_00033018.JPEG,True,0.021046660840511322,0.0227948147803545,0.5074338316917419,0.5070750713348389,0.1194601058959961,0.025192469358444214
vit_base_patch16_224,visformer_small,shuffled_semantic_opponent,36,ILSVRC2012_val_00033014.JPEG,True,0.029700959101319313,0.030227094888687134,0.5026307106018066,0.5027702450752258,0.11059236526489258,0.0675121545791626
vit_base_patch16_224,visformer_small,shuffled_semantic_opponent,37,ILSVRC2012_val_00033018.JPEG,True,0.02052009105682373,0.02225460484623909,0.5075932741165161,0.5071681141853333,0.11319732666015625,0.024398088455200195
vit_base_patch16_224,visformer_small,semantic_equivalent_feature_gaussian,36,ILSVRC2012_val_00033014.JPEG,True,0.02451569214463234,0.02515111304819584,0.5016608238220215,0.5016010403633118,0.11540937423706055,0.09207803010940552
vit_base_patch16_224,visformer_small,semantic_equivalent_feature_gaussian,37,ILSVRC2012_val_00033018.JPEG,True,0.027539893984794617,0.02911803498864174,0.5047698616981506,0.5045307278633118,0.08810806274414062,0.021254122257232666
vit_base_patch16_224,visformer_small,uniform_opponent,38,ILSVRC2012_val_00033076.JPEG,True,-0.012748360633850098,-0.014318492263555527,0.4996545612812042,0.5000265836715698,0.0063800811767578125,0.0009759962558746338
vit_base_patch16_224,visformer_small,uniform_opponent,39,ILSVRC2012_val_00033149.JPEG,True,0.01593819074332714,0.018424727022647858,0.5036072731018066,0.5019199252128601,0.1709761619567871,0.1297205686569214
vit_base_patch16_224,visformer_small,global_preserve_opponent,38,ILSVRC2012_val_00033076.JPEG,True,-0.01189576555043459,-0.013743385672569275,0.5004849433898926,0.4991297423839569,-0.011113166809082031,-0.003575921058654785
vit_base_patch16_224,visformer_small,global_preserve_opponent,39,ILSVRC2012_val_00033149.JPEG,True,0.006118291988968849,0.0049042366445064545,0.5010562539100647,0.4993489682674408,0.034070491790771484,0.03998500108718872
vit_base_patch16_224,visformer_small,route_balance_opponent,38,ILSVRC2012_val_00033076.JPEG,True,-0.01182679831981659,-0.013386105187237263,0.49966782331466675,0.4998339116573334,0.004395484924316406,0.0006068050861358643
vit_base_patch16_224,visformer_small,route_balance_opponent,39,ILSVRC2012_val_00033149.JPEG,True,0.016022801399230957,0.01841781474649906,0.5031887888908386,0.5011160969734192,0.1593003273010254,0.12376105785369873
vit_base_patch16_224,visformer_small,semantic_equivalent_opponent,38,ILSVRC2012_val_00033076.JPEG,True,-0.010985013097524643,-0.012824023142457008,0.5004251599311829,0.49907657504081726,-0.008716583251953125,-0.0027919113636016846
vit_base_patch16_224,visformer_small,semantic_equivalent_opponent,39,ILSVRC2012_val_00033149.JPEG,True,0.006118291988968849,0.0049042366445064545,0.5010297298431396,0.4993489682674408,0.034070491790771484,0.03998500108718872
vit_base_patch16_224,visformer_small,shuffled_semantic_opponent,38,ILSVRC2012_val_00033076.JPEG,True,-0.011889312416315079,-0.013754541054368019,0.5002391338348389,0.498817503452301,-0.009334564208984375,-0.003119558095932007
vit_base_patch16_224,visformer_small,shuffled_semantic_opponent,39,ILSVRC2012_val_00033149.JPEG,True,0.006118291988968849,0.004904234781861305,0.5010430216789246,0.4993489682674408,0.034070491790771484,0.03998500108718872
vit_base_patch16_224,visformer_small,semantic_equivalent_feature_gaussian,38,ILSVRC2012_val_00033076.JPEG,True,-0.007283706683665514,-0.007261156104505062,0.49671822786331177,0.4964990019798279,0.004733085632324219,-0.0007331967353820801
vit_base_patch16_224,visformer_small,semantic_equivalent_feature_gaussian,39,ILSVRC2012_val_00033149.JPEG,True,0.039998337626457214,0.04663769155740738,0.5086628198623657,0.5089817047119141,0.2091960906982422,0.14986193180084229
vit_base_patch16_224,visformer_small,uniform_opponent,40,ILSVRC2012_val_00033150.JPEG,True,-0.0005786186084151268,-0.0001453976146876812,0.5022587180137634,0.5032086968421936,0.02301025390625,0.008966177701950073
vit_base_patch16_224,visformer_small,uniform_opponent,41,ILSVRC2012_val_00033171.JPEG,True,0.003939666785299778,0.003862360492348671,0.5074936151504517,0.5066698789596558,-0.015460491180419922,0.0033376216888427734
vit_base_patch16_224,visformer_small,global_preserve_opponent,40,ILSVRC2012_val_00033150.JPEG,True,-0.00026439642533659935,0.00012784823775291443,0.5019664168357849,0.5030492544174194,0.022199153900146484,0.008579015731811523
vit_base_patch16_224,visformer_small,global_preserve_opponent,41,ILSVRC2012_val_00033171.JPEG,True,0.003864410798996687,0.0037959988694638014,0.5075135231018066,0.5070950388908386,-0.019538402557373047,0.0027567148208618164
vit_base_patch16_224,visformer_small,route_balance_opponent,40,ILSVRC2012_val_00033150.JPEG,True,-0.001309405779466033,-0.0008834893815219402,0.502517819404602,0.5035807490348816,0.03304719924926758,0.012002676725387573
vit_base_patch16_224,visformer_small,route_balance_opponent,41,ILSVRC2012_val_00033171.JPEG,True,0.0037152974400669336,0.003754107281565666,0.5080649256706238,0.5077394247055054,-0.018105506896972656,0.007017850875854492
vit_base_patch16_224,visformer_small,semantic_equivalent_opponent,40,ILSVRC2012_val_00033150.JPEG,True,-0.0009854510426521301,-0.0005869450978934765,0.5019930005073547,0.5026905536651611,0.02125835418701172,0.008051812648773193
vit_base_patch16_224,visformer_small,semantic_equivalent_opponent,41,ILSVRC2012_val_00033171.JPEG,True,0.003679076675325632,0.003727257251739502,0.5078058838844299,0.5077793002128601,-0.015722274780273438,0.005738377571105957
vit_base_patch16_224,visformer_small,shuffled_semantic_opponent,40,ILSVRC2012_val_00033150.JPEG,True,0.00010938802734017372,0.0004854397848248482,0.5020262002944946,0.5027170777320862,0.024757862091064453,0.00907638669013977
vit_base_patch16_224,visformer_small,shuffled_semantic_opponent,41,ILSVRC2012_val_00033171.JPEG,True,0.00395264383405447,0.003870331682264805,0.507606565952301,0.5068758130073547,-0.01741790771484375,0.0017845630645751953
vit_base_patch16_224,visformer_small,semantic_equivalent_feature_gaussian,40,ILSVRC2012_val_00033150.JPEG,True,0.00025410111993551254,0.0010278078261762857,0.5022321343421936,0.5023782849311829,0.04140758514404297,0.015006005764007568
vit_base_patch16_224,visformer_small,semantic_equivalent_feature_gaussian,41,ILSVRC2012_val_00033171.JPEG,True,0.0006191068096086383,0.001132954959757626,0.5030093789100647,0.5037335157394409,-0.025859355926513672,0.008634328842163086
vit_base_patch16_224,visformer_small,uniform_opponent,42,ILSVRC2012_val_00033207.JPEG,True,0.0029542455449700356,0.003951198421418667,0.49796050786972046,0.4969175159931183,-0.03837299346923828,-0.0016905367374420166
vit_base_patch16_224,visformer_small,uniform_opponent,43,ILSVRC2012_val_00033255.JPEG,True,0.030329659581184387,0.03227657079696655,0.5123100280761719,0.5131536722183228,0.4455742835998535,0.19803953170776367
vit_base_patch16_224,visformer_small,global_preserve_opponent,42,ILSVRC2012_val_00033207.JPEG,True,0.0019876929000020027,0.0021231919527053833,0.4995615482330322,0.49837905168533325,0.027304649353027344,0.00998985767364502
vit_base_patch16_224,visformer_small,global_preserve_opponent,43,ILSVRC2012_val_00033255.JPEG,True,0.026566212996840477,0.027646556496620178,0.509161114692688,0.5095065236091614,0.3809480667114258,0.15659022331237793
vit_base_patch16_224,visformer_small,route_balance_opponent,42,ILSVRC2012_val_00033207.JPEG,True,0.0029182112775743008,0.003920983523130417,0.497860848903656,0.4968975782394409,-0.006270408630371094,0.004571959376335144
vit_base_patch16_224,visformer_small,route_balance_opponent,43,ILSVRC2012_val_00033255.JPEG,True,0.030763845890760422,0.03277517110109329,0.5125491619110107,0.5130739808082581,0.4412260055541992,0.1956409215927124
vit_base_patch16_224,visformer_small,semantic_equivalent_opponent,42,ILSVRC2012_val_00033207.JPEG,True,0.0023674271069467068,0.0024908948689699173,0.49951502680778503,0.49877098202705383,0.04413795471191406,0.013621821999549866
vit_base_patch16_224,visformer_small,semantic_equivalent_opponent,43,ILSVRC2012_val_00033255.JPEG,True,0.026282846927642822,0.027361519634723663,0.5090348720550537,0.5096991658210754,0.3806629180908203,0.15564125776290894
vit_base_patch16_224,visformer_small,shuffled_semantic_opponent,42,ILSVRC2012_val_00033207.JPEG,True,0.002004672773182392,0.0021301396191120148,0.4994884729385376,0.49837905168533325,0.038590431213378906,0.011716634035110474
vit_base_patch16_224,visformer_small,shuffled_semantic_opponent,43,ILSVRC2012_val_00033255.JPEG,True,0.02667851746082306,0.02777089923620224,0.509181022644043,0.5098187923431396,0.38730907440185547,0.1594506800174713
vit_base_patch16_224,visformer_small,semantic_equivalent_feature_gaussian,42,ILSVRC2012_val_00033207.JPEG,True,0.00989106111228466,0.009877683594822884,0.5023982524871826,0.5032751560211182,0.13022136688232422,0.04664711654186249
vit_base_patch16_224,visformer_small,semantic_equivalent_feature_gaussian,43,ILSVRC2012_val_00033255.JPEG,True,0.03257863596081734,0.03767307102680206,0.5133396983146667,0.5127019286155701,0.6064105033874512,0.2982326149940491
vit_base_patch16_224,visformer_small,uniform_opponent,44,ILSVRC2012_val_00033340.JPEG,True,-0.004844962619245052,-0.005713814869523048,0.5021324753761292,0.5022454261779785,0.0025539398193359375,0.0004767477512359619
vit_base_patch16_224,visformer_small,uniform_opponent,45,ILSVRC2012_val_00033725.JPEG,True,0.006570517551153898,0.006836684420704842,0.501162588596344,0.5012289881706238,-0.04772663116455078,0.002897024154663086
vit_base_patch16_224,visformer_small,global_preserve_opponent,44,ILSVRC2012_val_00033340.JPEG,True,-0.0042546214535832405,-0.005124278366565704,0.501727283000946,0.5022653341293335,0.00046825408935546875,-0.00013706088066101074
vit_base_patch16_224,visformer_small,global_preserve_opponent,45,ILSVRC2012_val_00033725.JPEG,True,0.008253814652562141,0.009056705050170422,0.5017538070678711,0.5019265413284302,-0.08128833770751953,-0.007196694612503052
vit_base_patch16_224,visformer_small,route_balance_opponent,44,ILSVRC2012_val_00033340.JPEG,True,-0.00464167445898056,-0.005498237907886505,0.5022454261779785,0.5018601417541504,0.0011472702026367188,0.00041624903678894043
vit_base_patch16_224,visformer_small,route_balance_opponent,45,ILSVRC2012_val_00033725.JPEG,True,0.006104696542024612,0.006384699605405331,0.5006244778633118,0.5007041692733765,-0.05656909942626953,0.0009402036666870117
vit_base_patch16_224,visformer_small,semantic_equivalent_opponent,44,ILSVRC2012_val_00033340.JPEG,True,-0.004052371717989445,-0.004909825976938009,0.5018866658210754,0.5019930005073547,0.0007534027099609375,0.000355452299118042
vit_base_patch16_224,visformer_small,semantic_equivalent_opponent,45,ILSVRC2012_val_00033725.JPEG,True,0.008083021268248558,0.008914511650800705,0.5016276240348816,0.5016143321990967,-0.08784294128417969,-0.006207913160324097
vit_base_patch16_224,visformer_small,shuffled_semantic_opponent,44,ILSVRC2012_val_00033340.JPEG,True,-0.0036286034155637026,-0.004491227678954601,0.5018667578697205,0.5024380683898926,0.00325775146484375,0.0006458759307861328
vit_base_patch16_224,visformer_small,shuffled_semantic_opponent,45,ILSVRC2012_val_00033725.JPEG,True,0.008062919601798058,0.008842263370752335,0.5016541481018066,0.5020461082458496,-0.07466888427734375,-0.005441516637802124
vit_base_patch16_224,visformer_small,semantic_equivalent_feature_gaussian,44,ILSVRC2012_val_00033340.JPEG,True,0.001420512329787016,0.0008237079018726945,0.5000398755073547,0.4995615482330322,0.003070831298828125,0.0027911365032196045
vit_base_patch16_224,visformer_small,semantic_equivalent_feature_gaussian,45,ILSVRC2012_val_00033725.JPEG,True,0.005839775316417217,0.006228690501302481,0.5040524005889893,0.5049757957458496,-0.034539222717285156,0.040966182947158813
vit_base_patch16_224,visformer_small,uniform_opponent,46,ILSVRC2012_val_00033897.JPEG,True,0.054089825600385666,0.06056332588195801,0.5178305506706238,0.51953125,2.027026653289795,1.3258981704711914
vit_base_patch16_224,visformer_small,uniform_opponent,47,ILSVRC2012_val_00033960.JPEG,True,0.001176701858639717,0.0019559208303689957,0.4915364682674408,0.49070605635643005,-0.1623687744140625,-0.02834095060825348
vit_base_patch16_224,visformer_small,global_preserve_opponent,46,ILSVRC2012_val_00033897.JPEG,True,0.0528273768723011,0.05951782688498497,0.5179833769798279,0.5192721486091614,1.9701957702636719,1.259445309638977
vit_base_patch16_224,visformer_small,global_preserve_opponent,47,ILSVRC2012_val_00033960.JPEG,True,0.0008063996210694313,0.001590644009411335,0.4912375211715698,0.49042701721191406,-0.1719675064086914,-0.030121207237243652
vit_base_patch16_224,visformer_small,route_balance_opponent,46,ILSVRC2012_val_00033897.JPEG,True,0.05408655107021332,0.060576170682907104,0.5180298686027527,0.5192322731018066,2.0283961296081543,1.3272467851638794
vit_base_patch16_224,visformer_small,route_balance_opponent,47,ILSVRC2012_val_00033960.JPEG,True,0.0009668651036918163,0.0017687128856778145,0.49085885286331177,0.4905000925064087,-0.16780471801757812,-0.029396966099739075
vit_base_patch16_224,visformer_small,semantic_equivalent_opponent,46,ILSVRC2012_val_00033897.JPEG,True,0.05249648913741112,0.05922672152519226,0.5180896520614624,0.5192190408706665,1.9407014846801758,1.233134150505066
vit_base_patch16_224,visformer_small,semantic_equivalent_opponent,47,ILSVRC2012_val_00033960.JPEG,True,0.0006016446277499199,0.0014043990522623062,0.4905466139316559,0.49028751254081726,-0.17464637756347656,-0.030515387654304504
vit_base_patch16_224,visformer_small,shuffled_semantic_opponent,46,ILSVRC2012_val_00033897.JPEG,True,0.05246935412287712,0.059145621955394745,0.5180963277816772,0.5186343789100647,1.9441242218017578,1.2336108684539795
vit_base_patch16_224,visformer_small,shuffled_semantic_opponent,47,ILSVRC2012_val_00033960.JPEG,True,0.0011239685118198395,0.001894568558782339,0.4911046326160431,0.4905599057674408,-0.17550373077392578,-0.030693888664245605
vit_base_patch16_224,visformer_small,semantic_equivalent_feature_gaussian,46,ILSVRC2012_val_00033897.JPEG,True,0.055455032736063004,0.06395513564348221,0.5232049822807312,0.5261080861091614,2.35001802444458,1.6156740188598633
vit_base_patch16_224,visformer_small,semantic_equivalent_feature_gaussian,47,ILSVRC2012_val_00033960.JPEG,True,-0.007730790413916111,-0.007958623580634594,0.4943067133426666,0.49437978863716125,-0.13225555419921875,-0.022162973880767822
vit_base_patch16_224,visformer_small,uniform_opponent,48,ILSVRC2012_val_00033997.JPEG,True,0.018231235444545746,0.020781923085451126,0.5111806392669678,0.5111009478569031,0.16603946685791016,0.059000879526138306
vit_base_patch16_224,visformer_small,uniform_opponent,49,ILSVRC2012_val_00034008.JPEG,True,-0.001747411908581853,-0.001684485119767487,0.4998737871646881,0.49986714124679565,0.1397380828857422,0.0801924467086792
vit_base_patch16_224,visformer_small,global_preserve_opponent,48,ILSVRC2012_val_00033997.JPEG,True,0.018298152834177017,0.020803898572921753,0.5110211968421936,0.5118449926376343,0.16412115097045898,0.05719149112701416
vit_base_patch16_224,visformer_small,global_preserve_opponent,49,ILSVRC2012_val_00034008.JPEG,True,0.0006789268227294087,0.0008179717697203159,0.5014150142669678,0.5005580186843872,0.16771745681762695,0.0924496054649353
vit_base_patch16_224,visformer_small,route_balance_opponent,48,ILSVRC2012_val_00033997.JPEG,True,0.018278632313013077,0.02085428312420845,0.5116257667541504,0.5112470984458923,0.16975879669189453,0.05961102247238159
vit_base_patch16_224,visformer_small,route_balance_opponent,49,ILSVRC2012_val_00034008.JPEG,True,-0.0017769295955076814,-0.001683634938672185,0.5002192258834839,0.5002856850624084,0.1417255401611328,0.08146768808364868
vit_base_patch16_224,visformer_small,semantic_equivalent_opponent,48,ILSVRC2012_val_00033997.JPEG,True,0.018335577100515366,0.02086653746664524,0.5110942721366882,0.5120642185211182,0.17389154434204102,0.06028619408607483
vit_base_patch16_224,visformer_small,semantic_equivalent_opponent,49,ILSVRC2012_val_00034008.JPEG,True,0.0006660155486315489,0.0008301408961415291,0.5012887716293335,0.5003387928009033,0.1799020767211914,0.09674304723739624
vit_base_patch16_224,visformer_small,shuffled_semantic_opponent,48,ILSVRC2012_val_00033997.JPEG,True,0.018220243975520134,0.020727887749671936,0.5110743641853333,0.51171875,0.16193819046020508,0.05654597282409668
vit_base_patch16_224,visformer_small,shuffled_semantic_opponent,49,ILSVRC2012_val_00034008.JPEG,True,0.0007532722083851695,0.000899219186976552,0.5012755393981934,0.500577986240387,0.17686223983764648,0.0951421856880188
vit_base_patch16_224,visformer_small,semantic_equivalent_feature_gaussian,48,ILSVRC2012_val_00033997.JPEG,True,0.014408379793167114,0.015211164951324463,0.5088488459587097,0.509367048740387,0.11558151245117188,0.046200454235076904
vit_base_patch16_224,visformer_small,semantic_equivalent_feature_gaussian,49,ILSVRC2012_val_00034008.JPEG,True,-0.006003146525472403,-0.006682674400508404,0.49599409103393555,0.4966052770614624,0.14755678176879883,0.10647183656692505
vit_base_patch16_224,visformer_small,uniform_opponent,50,ILSVRC2012_val_00034055.JPEG,True,-0.019959338009357452,-0.020638804882764816,0.5012422800064087,0.5002923011779785,0.16281604766845703,0.07897734642028809
vit_base_patch16_224,visformer_small,uniform_opponent,51,ILSVRC2012_val_00034168.JPEG,True,-0.0002681724727153778,-0.00022664549760520458,0.5071415305137634,0.5086694955825806,0.008612632751464844,0.01167348027229309
vit_base_patch16_224,visformer_small,global_preserve_opponent,50,ILSVRC2012_val_00034055.JPEG,True,-0.014738012105226517,-0.01581766828894615,0.502517819404602,0.5011957883834839,0.15695953369140625,0.06495577096939087
vit_base_patch16_224,visformer_small,global_preserve_opponent,51,ILSVRC2012_val_00034168.JPEG,True,-0.0005146401235833764,-0.0005047343438491225,0.5063974857330322,0.5076729655265808,0.022269248962402344,0.01686084270477295
vit_base_patch16_224,visformer_small,route_balance_opponent,50,ILSVRC2012_val_00034055.JPEG,True,-0.01978132501244545,-0.020469622686505318,0.5009167790412903,0.5003055930137634,0.1652698516845703,0.07938012480735779
vit_base_patch16_224,visformer_small,route_balance_opponent,51,ILSVRC2012_val_00034168.JPEG,True,0.0003840512363240123,0.000458543305285275,0.5071946978569031,0.508975088596344,0.012979507446289062,0.011699080467224121
vit_base_patch16_224,visformer_small,semantic_equivalent_opponent,50,ILSVRC2012_val_00034055.JPEG,True,-0.01500280387699604,-0.016160927712917328,0.5022521018981934,0.5014283061027527,0.1559000015258789,0.0649462342262268
vit_base_patch16_224,visformer_small,semantic_equivalent_opponent,51,ILSVRC2012_val_00034168.JPEG,True,1.3369717635214329e-05,4.64774202555418e-05,0.5071946978569031,0.508204460144043,0.012365341186523438,0.011708736419677734
vit_base_patch16_224,visformer_small,shuffled_semantic_opponent,50,ILSVRC2012_val_00034055.JPEG,True,-0.014374107122421265,-0.015454643405973911,0.5022521018981934,0.5012954473495483,0.16344165802001953,0.06711584329605103
vit_base_patch16_224,visformer_small,shuffled_semantic_opponent,51,ILSVRC2012_val_00034168.JPEG,True,-0.0003794353688135743,-0.0003569481195881963,0.5066831707954407,0.5079652667045593,0.01961231231689453,0.01404029130935669
vit_base_patch16_224,visformer_small,semantic_equivalent_feature_gaussian,50,ILSVRC2012_val_00034055.JPEG,True,-0.015664629638195038,-0.017278969287872314,0.5014482140541077,0.5010895133018494,0.19292068481445312,0.0588853657245636
vit_base_patch16_224,visformer_small,semantic_equivalent_feature_gaussian,51,ILSVRC2012_val_00034168.JPEG,True,-0.028546830639243126,-0.03244476765394211,0.5052348971366882,0.5038397908210754,-0.08869361877441406,-0.014521241188049316
vit_base_patch16_224,visformer_small,uniform_opponent,52,ILSVRC2012_val_00034182.JPEG,True,0.00040183612145483494,0.0003764915745705366,0.5033615231513977,0.5043712854385376,-0.0686025619506836,-0.009756579995155334
vit_base_patch16_224,visformer_small,uniform_opponent,53,ILSVRC2012_val_00034217.JPEG,True,-0.0079688411206007,-0.009458803571760654,0.499813973903656,0.49897029995918274,-0.07815790176391602,-0.029861867427825928
vit_base_patch16_224,visformer_small,global_preserve_opponent,52,ILSVRC2012_val_00034182.JPEG,True,-0.00024837860837578773,-0.0004042191430926323,0.5043247938156128,0.5047300457954407,-0.10786151885986328,-0.016850963234901428
vit_base_patch16_224,visformer_small,global_preserve_opponent,53,ILSVRC2012_val_00034217.JPEG,True,-0.010513875633478165,-0.011812723241746426,0.5007108449935913,0.5001395344734192,-0.08572816848754883,-0.03339511156082153
vit_base_patch16_224,visformer_small,route_balance_opponent,52,ILSVRC2012_val_00034182.JPEG,True,0.00043945061042904854,0.0004579464439302683,0.5036936402320862,0.5035541653633118,-0.07036209106445312,-0.010441377758979797
vit_base_patch16_224,visformer_small,route_balance_opponent,53,ILSVRC2012_val_00034217.JPEG,True,-0.008451269939541817,-0.009931329637765884,0.49927589297294617,0.49864476919174194,-0.08470582962036133,-0.03258657455444336
vit_base_patch16_224,visformer_small,semantic_equivalent_opponent,52,ILSVRC2012_val_00034182.JPEG,True,-0.0004163207486271858,-0.0005750418640673161,0.5045240521430969,0.5050156712532043,-0.08752727508544922,-0.012954175472259521
vit_base_patch16_224,visformer_small,semantic_equivalent_opponent,53,ILSVRC2012_val_00034217.JPEG,True,-0.010144570842385292,-0.01135450229048729,0.49988043308258057,0.4992891550064087,-0.0742177963256836,-0.029990941286087036
vit_base_patch16_224,visformer_small,shuffled_semantic_opponent,52,ILSVRC2012_val_00034182.JPEG,True,-0.00027363887056708336,-0.0004343923646956682,0.5043911933898926,0.5049293041229248,-0.10184001922607422,-0.01598377525806427
vit_base_patch16_224,visformer_small,shuffled_semantic_opponent,53,ILSVRC2012_val_00034217.JPEG,True,-0.010477792471647263,-0.011825386434793472,0.5005049109458923,0.500225841999054,-0.08547353744506836,-0.03352347016334534
vit_base_patch16_224,visformer_small,semantic_equivalent_feature_gaussian,52,ILSVRC2012_val_00034182.JPEG,True,0.008032937534153461,0.00833865161985159,0.5043978691101074,0.5047499537467957,-0.08121204376220703,-0.006624653935432434
vit_base_patch16_224,visformer_small,semantic_equivalent_feature_gaussian,53,ILSVRC2012_val_00034217.JPEG,True,-0.0026200024876743555,-0.003337186062708497,0.4931175708770752,0.4930245578289032,-0.22166061401367188,-0.08106505870819092
vit_base_patch16_224,visformer_small,uniform_opponent,54,ILSVRC2012_val_00034225.JPEG,True,-0.008884658105671406,-0.008939268067479134,0.5039394497871399,0.5033748149871826,0.029868125915527344,0.010580718517303467
vit_base_patch16_224,visformer_small,uniform_opponent,55,ILSVRC2012_val_00034230.JPEG,True,0.009582916274666786,0.010416325181722641,0.5006111860275269,0.5010961294174194,-0.1790766716003418,-0.05492761731147766
vit_base_patch16_224,visformer_small,global_preserve_opponent,54,ILSVRC2012_val_00034225.JPEG,True,-0.009512736462056637,-0.0096488231793046,0.5041653513908386,0.5038132667541504,0.03186798095703125,0.010594099760055542
vit_base_patch16_224,visformer_small,global_preserve_opponent,55,ILSVRC2012_val_00034230.JPEG,True,0.008016647771000862,0.008594509214162827,0.5001461505889893,0.5016940236091614,-0.17365455627441406,-0.05387905240058899
vit_base_patch16_224,visformer_small,route_balance_opponent,54,ILSVRC2012_val_00034225.JPEG,True,-0.003936632536351681,-0.0037744445726275444,0.5036671161651611,0.5033482313156128,0.03870964050292969,0.012538790702819824
vit_base_patch16_224,visformer_small,route_balance_opponent,55,ILSVRC2012_val_00034230.JPEG,True,0.01002677995711565,0.010847121477127075,0.5002657175064087,0.5011426210403442,-0.18624258041381836,-0.05745035409927368
vit_base_patch16_224,visformer_small,semantic_equivalent_opponent,54,ILSVRC2012_val_00034225.JPEG,True,-0.0044175549410283566,-0.004319354891777039,0.5039594173431396,0.5032684803009033,0.03815460205078125,0.012535512447357178
vit_base_patch16_224,visformer_small,semantic_equivalent_opponent,55,ILSVRC2012_val_00034230.JPEG,True,0.008357114158570766,0.00893333274871111,0.5004716515541077,0.5019465088844299,-0.17223453521728516,-0.054274529218673706
vit_base_patch16_224,visformer_small,shuffled_semantic_opponent,54,ILSVRC2012_val_00034225.JPEG,True,-0.008918763138353825,-0.008991651237010956,0.5039793252944946,0.5035940408706665,0.032874107360839844,0.010984182357788086
vit_base_patch16_224,visformer_small,shuffled_semantic_opponent,55,ILSVRC2012_val_00034230.JPEG,True,0.008152960799634457,0.008750670589506626,0.5004451274871826,0.5013353228569031,-0.17816972732543945,-0.055052220821380615
vit_base_patch16_224,visformer_small,semantic_equivalent_feature_gaussian,54,ILSVRC2012_val_00034225.JPEG,True,-0.0013493818696588278,-0.001652425853535533,0.506085216999054,0.5059656500816345,0.05059242248535156,0.013671547174453735
vit_base_patch16_224,visformer_small,semantic_equivalent_feature_gaussian,55,ILSVRC2012_val_00034230.JPEG,True,-0.013673151843249798,-0.015515357255935669,0.49929580092430115,0.4988972246646881,-0.13021469116210938,-0.04480093717575073
vit_base_patch16_224,visformer_small,uniform_opponent,56,ILSVRC2012_val_00034302.JPEG,True,-0.009377650916576385,-0.010210119187831879,0.49579480290412903,0.49464550614356995,-0.07763957977294922,-0.013751044869422913
vit_base_patch16_224,visformer_small,uniform_opponent,57,ILSVRC2012_val_00034356.JPEG,True,-0.0029937955550849438,-0.0031499103643000126,0.5039660334587097,0.5027901530265808,0.049147605895996094,0.012945562601089478
vit_base_patch16_224,visformer_small,global_preserve_opponent,56,ILSVRC2012_val_00034302.JPEG,True,-0.007833343930542469,-0.008540000766515732,0.49462559819221497,0.4938150942325592,-0.12479209899902344,-0.023724764585494995
vit_base_patch16_224,visformer_small,global_preserve_opponent,57,ILSVRC2012_val_00034356.JPEG,True,-0.0026503668632358313,-0.002759736031293869,0.5030426383018494,0.5020262002944946,0.058739662170410156,0.015169531106948853
vit_base_patch16_224,visformer_small,route_balance_opponent,56,ILSVRC2012_val_00034302.JPEG,True,-0.00928158313035965,-0.010088551789522171,0.49644583463668823,0.49428677558898926,-0.09524059295654297,-0.017668917775154114
vit_base_patch16_224,visformer_small,route_balance_opponent,57,ILSVRC2012_val_00034356.JPEG,True,-0.003049886552616954,-0.003213491290807724,0.5036538243293762,0.5029628872871399,0.057579994201660156,0.014835834503173828
vit_base_patch16_224,visformer_small,semantic_equivalent_opponent,56,ILSVRC2012_val_00034302.JPEG,True,-0.00783077348023653,-0.008526206016540527,0.49523675441741943,0.49400776624679565,-0.1233224868774414,-0.02323468029499054
vit_base_patch16_224,visformer_small,semantic_equivalent_opponent,57,ILSVRC2012_val_00034356.JPEG,True,-0.0026896570343524218,-0.002806311007589102,0.5029761791229248,0.5020594000816345,0.055576324462890625,0.01433873176574707
vit_base_patch16_224,visformer_small,shuffled_semantic_opponent,56,ILSVRC2012_val_00034302.JPEG,True,-0.007587196305394173,-0.008300015702843666,0.494346559047699,0.49369552731513977,-0.12987709045410156,-0.02436843514442444
vit_base_patch16_224,visformer_small,shuffled_semantic_opponent,57,ILSVRC2012_val_00034356.JPEG,True,-0.0027270023711025715,-0.002862632740288973,0.5031622052192688,0.5020594000816345,0.058096885681152344,0.014875262975692749
vit_base_patch16_224,visformer_small,semantic_equivalent_feature_gaussian,56,ILSVRC2012_val_00034302.JPEG,True,-0.0026410650461912155,-0.0024668010883033276,0.4943864345550537,0.49497103691101074,-0.1356668472290039,-0.0227012038230896
vit_base_patch16_224,visformer_small,semantic_equivalent_feature_gaussian,57,ILSVRC2012_val_00034356.JPEG,True,0.0006273221224546432,0.0019273478537797928,0.5059258341789246,0.5067362785339355,0.20084381103515625,0.05012625455856323
vit_base_patch16_224,visformer_small,uniform_opponent,58,ILSVRC2012_val_00034359.JPEG,True,0.0003589402185752988,-0.00018669641576707363,0.49870455265045166,0.5001660585403442,0.09077644348144531,0.01210850477218628
vit_base_patch16_224,visformer_small,uniform_opponent,59,ILSVRC2012_val_00034391.JPEG,True,-0.008058297447860241,-0.01015784777700901,0.49805352091789246,0.4966650605201721,-0.2784099578857422,-0.020613431930541992
vit_base_patch16_224,visformer_small,global_preserve_opponent,58,ILSVRC2012_val_00034359.JPEG,True,6.238813512027264e-05,-0.0008422012906521559,0.5004052519798279,0.5004517436027527,0.12217521667480469,0.02100542187690735
vit_base_patch16_224,visformer_small,global_preserve_opponent,59,ILSVRC2012_val_00034391.JPEG,True,-0.009515096433460712,-0.009279877878725529,0.49754199385643005,0.4977080821990967,-0.04171562194824219,-0.00272330641746521
vit_base_patch16_224,visformer_small,route_balance_opponent,58,ILSVRC2012_val_00034359.JPEG,True,0.00018025597091764212,-0.00037291180342435837,0.49856504797935486,0.5000929832458496,0.06549072265625,0.005474269390106201
vit_base_patch16_224,visformer_small,route_balance_opponent,59,ILSVRC2012_val_00034391.JPEG,True,-0.007080706302076578,-0.009385920129716396,0.498139888048172,0.49756190180778503,-0.2008962631225586,-0.013010397553443909
vit_base_patch16_224,visformer_small,semantic_equivalent_opponent,58,ILSVRC2012_val_00034359.JPEG,True,-0.0003072472754865885,-0.0012240521609783173,0.5005381107330322,0.5011293292045593,0.10802173614501953,0.017642736434936523
vit_base_patch16_224,visformer_small,semantic_equivalent_opponent,59,ILSVRC2012_val_00034391.JPEG,True,-0.007784408517181873,-0.007451704703271389,0.498046875,0.4985119104385376,-0.012342453002929688,0.0018450170755386353
vit_base_patch16_224,visformer_small,shuffled_semantic_opponent,58,ILSVRC2012_val_00034359.JPEG,True,-6.730901077389717e-05,-0.0010078349150717258,0.5002856850624084,0.5004052519798279,0.11108207702636719,0.018807262182235718
vit_base_patch16_224,visformer_small,shuffled_semantic_opponent,59,ILSVRC2012_val_00034391.JPEG,True,-0.009764891117811203,-0.0095490962266922,0.49744898080825806,0.4974290430545807,-0.040146827697753906,-0.0017863065004348755
vit_base_patch16_224,visformer_small,semantic_equivalent_feature_gaussian,58,ILSVRC2012_val_00034359.JPEG,True,-0.0020653619430959225,-0.0016704315785318613,0.500019907951355,0.4995017647743225,0.1805257797241211,0.04554125666618347
vit_base_patch16_224,visformer_small,semantic_equivalent_feature_gaussian,59,ILSVRC2012_val_00034391.JPEG,True,-0.00861133448779583,-0.008065009489655495,0.49467208981513977,0.4934098720550537,-0.2534923553466797,-0.01796867698431015
vit_base_patch16_224,visformer_small,uniform_opponent,60,ILSVRC2012_val_00034406.JPEG,True,0.0018030881183221936,0.0025938358157873154,0.5000863671302795,0.5022521018981934,0.07630348205566406,0.02107885479927063
vit_base_patch16_224,visformer_small,uniform_opponent,61,ILSVRC2012_val_00034438.JPEG,True,0.13692964613437653,0.1316397488117218,0.511944591999054,0.5117719173431396,0.6982507705688477,0.4385201036930084
vit_base_patch16_224,visformer_small,global_preserve_opponent,60,ILSVRC2012_val_00034406.JPEG,True,0.002189340302720666,0.0030596177093684673,0.5000929832458496,0.501581072807312,0.066650390625,0.018270671367645264
vit_base_patch16_224,visformer_small,global_preserve_opponent,61,ILSVRC2012_val_00034438.JPEG,True,0.08643874526023865,0.08221873641014099,0.5092474222183228,0.5096393823623657,0.49215221405029297,0.29448798298835754
vit_base_patch16_224,visformer_small,route_balance_opponent,60,ILSVRC2012_val_00034406.JPEG,True,0.0020392790902405977,0.002938214223831892,0.500411868095398,0.5020461082458496,0.07851600646972656,0.021722078323364258
vit_base_patch16_224,visformer_small,route_balance_opponent,61,ILSVRC2012_val_00034438.JPEG,True,0.1368817687034607,0.13190823793411255,0.5120841264724731,0.5112670063972473,0.7241997718811035,0.4562405049800873
vit_base_patch16_224,visformer_small,semantic_equivalent_opponent,60,ILSVRC2012_val_00034406.JPEG,True,0.002488040830940008,0.0034622622188180685,0.4996877610683441,0.5016940236091614,0.08492612838745117,0.023445457220077515
vit_base_patch16_224,visformer_small,semantic_equivalent_opponent,61,ILSVRC2012_val_00034438.JPEG,True,0.08669135719537735,0.08223429322242737,0.5099649429321289,0.5100712180137634,0.5054588317871094,0.3008234202861786
vit_base_patch16_224,visformer_small,shuffled_semantic_opponent,60,ILSVRC2012_val_00034406.JPEG,True,0.0022402964532375336,0.0031827022321522236,0.49980735778808594,0.501727283000946,0.07546806335449219,0.020669937133789062
vit_base_patch16_224,visformer_small,shuffled_semantic_opponent,61,ILSVRC2012_val_00034438.JPEG,True,0.08688831329345703,0.08263146877288818,0.509353756904602,0.5098254084587097,0.4963831901550293,0.2956632077693939
vit_base_patch16_224,visformer_small,semantic_equivalent_feature_gaussian,60,ILSVRC2012_val_00034406.JPEG,True,0.010052800178527832,0.009420426562428474,0.5060321092605591,0.5060520172119141,-0.026833534240722656,-0.006960511207580566
vit_base_patch16_224,visformer_small,semantic_equivalent_feature_gaussian,61,ILSVRC2012_val_00034438.JPEG,True,0.07798606902360916,0.07884956896305084,0.5094135403633118,0.5098055005073547,0.6060042381286621,0.3739006817340851
vit_base_patch16_224,visformer_small,uniform_opponent,62,ILSVRC2012_val_00034459.JPEG,True,0.006843959912657738,0.007123740389943123,0.5009433627128601,0.5015943646430969,0.08555793762207031,0.020173966884613037
vit_base_patch16_224,visformer_small,uniform_opponent,63,ILSVRC2012_val_00034548.JPEG,True,0.005139102227985859,0.004892212338745594,0.4971300959587097,0.4971965253353119,0.043717384338378906,0.011239469051361084
vit_base_patch16_224,visformer_small,global_preserve_opponent,62,ILSVRC2012_val_00034459.JPEG,True,0.006817610468715429,0.0067614298313856125,0.5012156963348389,0.5016276240348816,0.08880329132080078,0.020107686519622803
vit_base_patch16_224,visformer_small,global_preserve_opponent,63,ILSVRC2012_val_00034548.JPEG,True,0.005252595525234938,0.005080126225948334,0.4971300959587097,0.49763497710227966,0.03151416778564453,0.008378148078918457
vit_base_patch16_224,visformer_small,route_balance_opponent,62,ILSVRC2012_val_00034459.JPEG,True,0.005765801295638084,0.006368238013237715,0.5003653764724731,0.5001062750816345,0.06991386413574219,0.016590088605880737
vit_base_patch16_224,visformer_small,route_balance_opponent,63,ILSVRC2012_val_00034548.JPEG,True,0.004732845351099968,0.00443960539996624,0.497276246547699,0.497183233499527,0.03960704803466797,0.009783893823623657
vit_base_patch16_224,visformer_small,semantic_equivalent_opponent,62,ILSVRC2012_val_00034459.JPEG,True,0.006033425685018301,0.006283027119934559,0.501375138759613,0.5020726919174194,0.07798004150390625,0.017833471298217773
vit_base_patch16_224,visformer_small,semantic_equivalent_opponent,63,ILSVRC2012_val_00034548.JPEG,True,0.0049453554674983025,0.004729036707431078,0.49722975492477417,0.49744898080825806,0.03182506561279297,0.008188217878341675
vit_base_patch16_224,visformer_small,shuffled_semantic_opponent,62,ILSVRC2012_val_00034459.JPEG,True,0.006954350974410772,0.006898204330354929,0.5015877485275269,0.5016874074935913,0.08780479431152344,0.019921720027923584
vit_base_patch16_224,visformer_small,shuffled_semantic_opponent,63,ILSVRC2012_val_00034548.JPEG,True,0.0052156345918774605,0.005036438815295696,0.497183233499527,0.4975021183490753,0.03534984588623047,0.009201258420944214
vit_base_patch16_224,visformer_small,semantic_equivalent_feature_gaussian,62,ILSVRC2012_val_00034459.JPEG,True,0.002148627769201994,0.0031250701285898685,0.5026772618293762,0.5031223297119141,0.1318655014038086,0.032595306634902954
vit_base_patch16_224,visformer_small,semantic_equivalent_feature_gaussian,63,ILSVRC2012_val_00034548.JPEG,True,0.0007638640236109495,0.000952601432800293,0.495024174451828,0.49503082036972046,0.004637718200683594,0.002400428056716919
