model,sample_index,image_name,layer,layer_index,feature_source,grid_h,grid_w,strategy,drop_ratio,repeat,clean_correct,route_logit_drop,route_loss_increase,route_prediction_changed,selected_score_mean
vit_base_patch16_224,0,ILSVRC2012_val_00000031.JPEG,early,0,feature_modules[0],14,14,high_score_extreme,0.15,0,True,-0.021773338317871094,-0.0020985305309295654,False,0.3326672911643982
vit_base_patch16_224,1,ILSVRC2012_val_00000081.JPEG,early,0,feature_modules[0],14,14,high_score_extreme,0.15,0,True,0.2836790084838867,0.017136968672275543,False,0.3127017915248871
vit_base_patch16_224,2,ILSVRC2012_val_00000102.JPEG,early,0,feature_modules[0],14,14,high_score_extreme,0.15,0,True,0.27765369415283203,0.056764230132102966,False,0.33356305956840515
vit_base_patch16_224,3,ILSVRC2012_val_00000117.JPEG,early,0,feature_modules[0],14,14,high_score_extreme,0.15,0,True,0.6830024719238281,0.10995545983314514,False,0.3345085680484772
vit_base_patch16_224,4,ILSVRC2012_val_00000120.JPEG,early,0,feature_modules[0],14,14,high_score_extreme,0.15,0,True,-0.3515758514404297,-0.05877390503883362,False,0.25753140449523926
vit_base_patch16_224,5,ILSVRC2012_val_00000138.JPEG,early,0,feature_modules[0],14,14,high_score_extreme,0.15,0,True,-0.14829063415527344,-0.015629515051841736,False,0.3107099235057831
vit_base_patch16_224,6,ILSVRC2012_val_00000166.JPEG,early,0,feature_modules[0],14,14,high_score_extreme,0.15,0,True,0.1294708251953125,0.013804778456687927,False,0.2832631766796112
vit_base_patch16_224,7,ILSVRC2012_val_00000262.JPEG,early,0,feature_modules[0],14,14,high_score_extreme,0.15,0,True,0.029287338256835938,0.002235919237136841,False,0.32276198267936707
vit_base_patch16_224,0,ILSVRC2012_val_00000031.JPEG,early,0,feature_modules[0],14,14,high_score_extreme,0.15,1,True,-0.021773338317871094,-0.0020985305309295654,False,0.3326672911643982
vit_base_patch16_224,1,ILSVRC2012_val_00000081.JPEG,early,0,feature_modules[0],14,14,high_score_extreme,0.15,1,True,0.2836790084838867,0.017136968672275543,False,0.3127017915248871
vit_base_patch16_224,2,ILSVRC2012_val_00000102.JPEG,early,0,feature_modules[0],14,14,high_score_extreme,0.15,1,True,0.27765369415283203,0.056764230132102966,False,0.33356305956840515
vit_base_patch16_224,3,ILSVRC2012_val_00000117.JPEG,early,0,feature_modules[0],14,14,high_score_extreme,0.15,1,True,0.6830024719238281,0.10995545983314514,False,0.3345085680484772
vit_base_patch16_224,4,ILSVRC2012_val_00000120.JPEG,early,0,feature_modules[0],14,14,high_score_extreme,0.15,1,True,-0.3515758514404297,-0.05877390503883362,False,0.25753140449523926
vit_base_patch16_224,5,ILSVRC2012_val_00000138.JPEG,early,0,feature_modules[0],14,14,high_score_extreme,0.15,1,True,-0.14829063415527344,-0.015629515051841736,False,0.3107099235057831
vit_base_patch16_224,6,ILSVRC2012_val_00000166.JPEG,early,0,feature_modules[0],14,14,high_score_extreme,0.15,1,True,0.1294708251953125,0.013804778456687927,False,0.2832631766796112
vit_base_patch16_224,7,ILSVRC2012_val_00000262.JPEG,early,0,feature_modules[0],14,14,high_score_extreme,0.15,1,True,0.029287338256835938,0.002235919237136841,False,0.32276198267936707
vit_base_patch16_224,0,ILSVRC2012_val_00000031.JPEG,early,0,feature_modules[0],14,14,high_score_extreme,0.15,2,True,-0.021773338317871094,-0.0020985305309295654,False,0.3326672911643982
vit_base_patch16_224,1,ILSVRC2012_val_00000081.JPEG,early,0,feature_modules[0],14,14,high_score_extreme,0.15,2,True,0.2836790084838867,0.017136968672275543,False,0.3127017915248871
vit_base_patch16_224,2,ILSVRC2012_val_00000102.JPEG,early,0,feature_modules[0],14,14,high_score_extreme,0.15,2,True,0.27765369415283203,0.056764230132102966,False,0.33356305956840515
vit_base_patch16_224,3,ILSVRC2012_val_00000117.JPEG,early,0,feature_modules[0],14,14,high_score_extreme,0.15,2,True,0.6830024719238281,0.10995545983314514,False,0.3345085680484772
vit_base_patch16_224,4,ILSVRC2012_val_00000120.JPEG,early,0,feature_modules[0],14,14,high_score_extreme,0.15,2,True,-0.3515758514404297,-0.05877390503883362,False,0.25753140449523926
vit_base_patch16_224,5,ILSVRC2012_val_00000138.JPEG,early,0,feature_modules[0],14,14,high_score_extreme,0.15,2,True,-0.14829063415527344,-0.015629515051841736,False,0.3107099235057831
vit_base_patch16_224,6,ILSVRC2012_val_00000166.JPEG,early,0,feature_modules[0],14,14,high_score_extreme,0.15,2,True,0.1294708251953125,0.013804778456687927,False,0.2832631766796112
vit_base_patch16_224,7,ILSVRC2012_val_00000262.JPEG,early,0,feature_modules[0],14,14,high_score_extreme,0.15,2,True,0.029287338256835938,0.002235919237136841,False,0.32276198267936707
vit_base_patch16_224,0,ILSVRC2012_val_00000031.JPEG,early,0,feature_modules[0],14,14,high_score_extreme,0.15,3,True,-0.021773338317871094,-0.0020985305309295654,False,0.3326672911643982
vit_base_patch16_224,1,ILSVRC2012_val_00000081.JPEG,early,0,feature_modules[0],14,14,high_score_extreme,0.15,3,True,0.2836790084838867,0.017136968672275543,False,0.3127017915248871
vit_base_patch16_224,2,ILSVRC2012_val_00000102.JPEG,early,0,feature_modules[0],14,14,high_score_extreme,0.15,3,True,0.27765369415283203,0.056764230132102966,False,0.33356305956840515
vit_base_patch16_224,3,ILSVRC2012_val_00000117.JPEG,early,0,feature_modules[0],14,14,high_score_extreme,0.15,3,True,0.6830024719238281,0.10995545983314514,False,0.3345085680484772
vit_base_patch16_224,4,ILSVRC2012_val_00000120.JPEG,early,0,feature_modules[0],14,14,high_score_extreme,0.15,3,True,-0.3515758514404297,-0.05877390503883362,False,0.25753140449523926
vit_base_patch16_224,5,ILSVRC2012_val_00000138.JPEG,early,0,feature_modules[0],14,14,high_score_extreme,0.15,3,True,-0.14829063415527344,-0.015629515051841736,False,0.3107099235057831
vit_base_patch16_224,6,ILSVRC2012_val_00000166.JPEG,early,0,feature_modules[0],14,14,high_score_extreme,0.15,3,True,0.1294708251953125,0.013804778456687927,False,0.2832631766796112
vit_base_patch16_224,7,ILSVRC2012_val_00000262.JPEG,early,0,feature_modules[0],14,14,high_score_extreme,0.15,3,True,0.029287338256835938,0.002235919237136841,False,0.32276198267936707
vit_base_patch16_224,0,ILSVRC2012_val_00000031.JPEG,early,0,feature_modules[0],14,14,low_score_extreme,0.15,0,True,0.10915756225585938,0.012031421065330505,False,0.2108411192893982
vit_base_patch16_224,1,ILSVRC2012_val_00000081.JPEG,early,0,feature_modules[0],14,14,low_score_extreme,0.15,0,True,-0.1979227066040039,0.0019515156745910645,False,0.23909102380275726
vit_base_patch16_224,2,ILSVRC2012_val_00000102.JPEG,early,0,feature_modules[0],14,14,low_score_extreme,0.15,0,True,1.117732048034668,0.541037380695343,False,0.24104157090187073
vit_base_patch16_224,3,ILSVRC2012_val_00000117.JPEG,early,0,feature_modules[0],14,14,low_score_extreme,0.15,0,True,0.8321380615234375,0.04214745759963989,False,0.2400517463684082
vit_base_patch16_224,4,ILSVRC2012_val_00000120.JPEG,early,0,feature_modules[0],14,14,low_score_extreme,0.15,0,True,-0.2747001647949219,-0.049472272396087646,False,0.1584739089012146
vit_base_patch16_224,5,ILSVRC2012_val_00000138.JPEG,early,0,feature_modules[0],14,14,low_score_extreme,0.15,0,True,0.09417438507080078,0.01564304530620575,False,0.21924221515655518
vit_base_patch16_224,6,ILSVRC2012_val_00000166.JPEG,early,0,feature_modules[0],14,14,low_score_extreme,0.15,0,True,0.01661396026611328,0.0014144256711006165,False,0.15373940765857697
vit_base_patch16_224,7,ILSVRC2012_val_00000262.JPEG,early,0,feature_modules[0],14,14,low_score_extreme,0.15,0,True,-0.15842819213867188,-0.012982450425624847,False,0.23760493099689484
vit_base_patch16_224,0,ILSVRC2012_val_00000031.JPEG,early,0,feature_modules[0],14,14,low_score_extreme,0.15,1,True,0.10915756225585938,0.012031421065330505,False,0.2108411192893982
vit_base_patch16_224,1,ILSVRC2012_val_00000081.JPEG,early,0,feature_modules[0],14,14,low_score_extreme,0.15,1,True,-0.1979227066040039,0.0019515156745910645,False,0.23909102380275726
vit_base_patch16_224,2,ILSVRC2012_val_00000102.JPEG,early,0,feature_modules[0],14,14,low_score_extreme,0.15,1,True,1.117732048034668,0.541037380695343,False,0.24104157090187073
vit_base_patch16_224,3,ILSVRC2012_val_00000117.JPEG,early,0,feature_modules[0],14,14,low_score_extreme,0.15,1,True,0.8321380615234375,0.04214745759963989,False,0.2400517463684082
vit_base_patch16_224,4,ILSVRC2012_val_00000120.JPEG,early,0,feature_modules[0],14,14,low_score_extreme,0.15,1,True,-0.2747001647949219,-0.049472272396087646,False,0.1584739089012146
vit_base_patch16_224,5,ILSVRC2012_val_00000138.JPEG,early,0,feature_modules[0],14,14,low_score_extreme,0.15,1,True,0.09417438507080078,0.01564304530620575,False,0.21924221515655518
vit_base_patch16_224,6,ILSVRC2012_val_00000166.JPEG,early,0,feature_modules[0],14,14,low_score_extreme,0.15,1,True,0.01661396026611328,0.0014144256711006165,False,0.15373940765857697
vit_base_patch16_224,7,ILSVRC2012_val_00000262.JPEG,early,0,feature_modules[0],14,14,low_score_extreme,0.15,1,True,-0.15842819213867188,-0.012982450425624847,False,0.23760493099689484
vit_base_patch16_224,0,ILSVRC2012_val_00000031.JPEG,early,0,feature_modules[0],14,14,low_score_extreme,0.15,2,True,0.10915756225585938,0.012031421065330505,False,0.2108411192893982
vit_base_patch16_224,1,ILSVRC2012_val_00000081.JPEG,early,0,feature_modules[0],14,14,low_score_extreme,0.15,2,True,-0.1979227066040039,0.0019515156745910645,False,0.23909102380275726
vit_base_patch16_224,2,ILSVRC2012_val_00000102.JPEG,early,0,feature_modules[0],14,14,low_score_extreme,0.15,2,True,1.117732048034668,0.541037380695343,False,0.24104157090187073
vit_base_patch16_224,3,ILSVRC2012_val_00000117.JPEG,early,0,feature_modules[0],14,14,low_score_extreme,0.15,2,True,0.8321380615234375,0.04214745759963989,False,0.2400517463684082
vit_base_patch16_224,4,ILSVRC2012_val_00000120.JPEG,early,0,feature_modules[0],14,14,low_score_extreme,0.15,2,True,-0.2747001647949219,-0.049472272396087646,False,0.1584739089012146
vit_base_patch16_224,5,ILSVRC2012_val_00000138.JPEG,early,0,feature_modules[0],14,14,low_score_extreme,0.15,2,True,0.09417438507080078,0.01564304530620575,False,0.21924221515655518
vit_base_patch16_224,6,ILSVRC2012_val_00000166.JPEG,early,0,feature_modules[0],14,14,low_score_extreme,0.15,2,True,0.01661396026611328,0.0014144256711006165,False,0.15373940765857697
vit_base_patch16_224,7,ILSVRC2012_val_00000262.JPEG,early,0,feature_modules[0],14,14,low_score_extreme,0.15,2,True,-0.15842819213867188,-0.012982450425624847,False,0.23760493099689484
vit_base_patch16_224,0,ILSVRC2012_val_00000031.JPEG,early,0,feature_modules[0],14,14,low_score_extreme,0.15,3,True,0.10915756225585938,0.012031421065330505,False,0.2108411192893982
vit_base_patch16_224,1,ILSVRC2012_val_00000081.JPEG,early,0,feature_modules[0],14,14,low_score_extreme,0.15,3,True,-0.1979227066040039,0.0019515156745910645,False,0.23909102380275726
vit_base_patch16_224,2,ILSVRC2012_val_00000102.JPEG,early,0,feature_modules[0],14,14,low_score_extreme,0.15,3,True,1.117732048034668,0.541037380695343,False,0.24104157090187073
vit_base_patch16_224,3,ILSVRC2012_val_00000117.JPEG,early,0,feature_modules[0],14,14,low_score_extreme,0.15,3,True,0.8321380615234375,0.04214745759963989,False,0.2400517463684082
vit_base_patch16_224,4,ILSVRC2012_val_00000120.JPEG,early,0,feature_modules[0],14,14,low_score_extreme,0.15,3,True,-0.2747001647949219,-0.049472272396087646,False,0.1584739089012146
vit_base_patch16_224,5,ILSVRC2012_val_00000138.JPEG,early,0,feature_modules[0],14,14,low_score_extreme,0.15,3,True,0.09417438507080078,0.01564304530620575,False,0.21924221515655518
vit_base_patch16_224,6,ILSVRC2012_val_00000166.JPEG,early,0,feature_modules[0],14,14,low_score_extreme,0.15,3,True,0.01661396026611328,0.0014144256711006165,False,0.15373940765857697
vit_base_patch16_224,7,ILSVRC2012_val_00000262.JPEG,early,0,feature_modules[0],14,14,low_score_extreme,0.15,3,True,-0.15842819213867188,-0.012982450425624847,False,0.23760493099689484
vit_base_patch16_224,0,ILSVRC2012_val_00000031.JPEG,early,0,feature_modules[0],14,14,random_uniform,0.15,0,True,0.00724029541015625,-0.00019281357526779175,False,0.2687603533267975
vit_base_patch16_224,1,ILSVRC2012_val_00000081.JPEG,early,0,feature_modules[0],14,14,random_uniform,0.15,0,True,-0.1587209701538086,-0.012085042893886566,False,0.2784007787704468
vit_base_patch16_224,2,ILSVRC2012_val_00000102.JPEG,early,0,feature_modules[0],14,14,random_uniform,0.15,0,True,1.8300271034240723,0.784601092338562,False,0.2866256833076477
vit_base_patch16_224,3,ILSVRC2012_val_00000117.JPEG,early,0,feature_modules[0],14,14,random_uniform,0.15,0,True,0.48505210876464844,0.0461297333240509,False,0.29848966002464294
vit_base_patch16_224,4,ILSVRC2012_val_00000120.JPEG,early,0,feature_modules[0],14,14,random_uniform,0.15,0,True,-0.29167842864990234,-0.050368502736091614,False,0.2043333500623703
vit_base_patch16_224,5,ILSVRC2012_val_00000138.JPEG,early,0,feature_modules[0],14,14,random_uniform,0.15,0,True,-0.0892343521118164,-0.008936807513237,False,0.26372838020324707
vit_base_patch16_224,6,ILSVRC2012_val_00000166.JPEG,early,0,feature_modules[0],14,14,random_uniform,0.15,0,True,-0.027736663818359375,-0.002955712378025055,False,0.2175615131855011
vit_base_patch16_224,7,ILSVRC2012_val_00000262.JPEG,early,0,feature_modules[0],14,14,random_uniform,0.15,0,True,0.09142875671386719,0.007150806486606598,False,0.27933529019355774
vit_base_patch16_224,0,ILSVRC2012_val_00000031.JPEG,early,0,feature_modules[0],14,14,random_uniform,0.15,1,True,-0.0004634857177734375,-0.0017947554588317871,False,0.26851487159729004
vit_base_patch16_224,1,ILSVRC2012_val_00000081.JPEG,early,0,feature_modules[0],14,14,random_uniform,0.15,1,True,-0.16188716888427734,-0.012733705341815948,False,0.27698320150375366
vit_base_patch16_224,2,ILSVRC2012_val_00000102.JPEG,early,0,feature_modules[0],14,14,random_uniform,0.15,1,True,2.004997730255127,1.0202326774597168,False,0.28916022181510925
vit_base_patch16_224,3,ILSVRC2012_val_00000117.JPEG,early,0,feature_modules[0],14,14,random_uniform,0.15,1,True,0.7060546875,0.08389374613761902,False,0.2839762568473816
vit_base_patch16_224,4,ILSVRC2012_val_00000120.JPEG,early,0,feature_modules[0],14,14,random_uniform,0.15,1,True,-0.23905467987060547,-0.043410539627075195,False,0.20702330768108368
vit_base_patch16_224,5,ILSVRC2012_val_00000138.JPEG,early,0,feature_modules[0],14,14,random_uniform,0.15,1,True,-0.08251571655273438,-0.00780893862247467,False,0.2646539509296417
vit_base_patch16_224,6,ILSVRC2012_val_00000166.JPEG,early,0,feature_modules[0],14,14,random_uniform,0.15,1,True,0.04064178466796875,0.0041558220982551575,False,0.2159864604473114
vit_base_patch16_224,7,ILSVRC2012_val_00000262.JPEG,early,0,feature_modules[0],14,14,random_uniform,0.15,1,True,-0.01080322265625,-0.00022771209478378296,False,0.2812771201133728
vit_base_patch16_224,0,ILSVRC2012_val_00000031.JPEG,early,0,feature_modules[0],14,14,random_uniform,0.15,2,True,0.04997444152832031,0.004691615700721741,False,0.2584907114505768
vit_base_patch16_224,1,ILSVRC2012_val_00000081.JPEG,early,0,feature_modules[0],14,14,random_uniform,0.15,2,True,-0.06743335723876953,-0.005589492619037628,False,0.27420106530189514
vit_base_patch16_224,2,ILSVRC2012_val_00000102.JPEG,early,0,feature_modules[0],14,14,random_uniform,0.15,2,True,1.6439409255981445,0.5532069206237793,False,0.2767642140388489
vit_base_patch16_224,3,ILSVRC2012_val_00000117.JPEG,early,0,feature_modules[0],14,14,random_uniform,0.15,2,True,0.40448951721191406,0.0662611722946167,False,0.2957236170768738
vit_base_patch16_224,4,ILSVRC2012_val_00000120.JPEG,early,0,feature_modules[0],14,14,random_uniform,0.15,2,True,-0.3176136016845703,-0.05428105592727661,False,0.19210420548915863
vit_base_patch16_224,5,ILSVRC2012_val_00000138.JPEG,early,0,feature_modules[0],14,14,random_uniform,0.15,2,True,-0.08621025085449219,-0.009519591927528381,False,0.26561835408210754
vit_base_patch16_224,6,ILSVRC2012_val_00000166.JPEG,early,0,feature_modules[0],14,14,random_uniform,0.15,2,True,0.06575965881347656,0.006557099521160126,False,0.22490465641021729
vit_base_patch16_224,7,ILSVRC2012_val_00000262.JPEG,early,0,feature_modules[0],14,14,random_uniform,0.15,2,True,-0.0041332244873046875,0.0010045990347862244,False,0.27385735511779785
vit_base_patch16_224,0,ILSVRC2012_val_00000031.JPEG,early,0,feature_modules[0],14,14,random_uniform,0.15,3,True,0.04479694366455078,0.0055932700634002686,False,0.2869657278060913
vit_base_patch16_224,1,ILSVRC2012_val_00000081.JPEG,early,0,feature_modules[0],14,14,random_uniform,0.15,3,True,-0.5965738296508789,-0.031290728598833084,False,0.27439215779304504
vit_base_patch16_224,2,ILSVRC2012_val_00000102.JPEG,early,0,feature_modules[0],14,14,random_uniform,0.15,3,True,0.5796365737915039,0.10273638367652893,False,0.2900133430957794
vit_base_patch16_224,3,ILSVRC2012_val_00000117.JPEG,early,0,feature_modules[0],14,14,random_uniform,0.15,3,True,0.2994871139526367,0.029284387826919556,False,0.287242591381073
vit_base_patch16_224,4,ILSVRC2012_val_00000120.JPEG,early,0,feature_modules[0],14,14,random_uniform,0.15,3,True,-0.27396583557128906,-0.048179954290390015,False,0.1936519294977188
vit_base_patch16_224,5,ILSVRC2012_val_00000138.JPEG,early,0,feature_modules[0],14,14,random_uniform,0.15,3,True,-0.08216667175292969,-0.008988484740257263,False,0.2578223943710327
vit_base_patch16_224,6,ILSVRC2012_val_00000166.JPEG,early,0,feature_modules[0],14,14,random_uniform,0.15,3,True,0.0289154052734375,0.0032546892762184143,False,0.21435540914535522
vit_base_patch16_224,7,ILSVRC2012_val_00000262.JPEG,early,0,feature_modules[0],14,14,random_uniform,0.15,3,True,0.0458984375,0.004116952419281006,False,0.27673614025115967
vit_base_patch16_224,0,ILSVRC2012_val_00000031.JPEG,early,0,feature_modules[0],14,14,score_deviation_extreme,0.15,0,True,0.021714210510253906,0.0025310218334198,False,0.29692724347114563
vit_base_patch16_224,1,ILSVRC2012_val_00000081.JPEG,early,0,feature_modules[0],14,14,score_deviation_extreme,0.15,0,True,0.32024097442626953,0.0196504145860672,False,0.28971216082572937
vit_base_patch16_224,2,ILSVRC2012_val_00000102.JPEG,early,0,feature_modules[0],14,14,score_deviation_extreme,0.15,0,True,0.6166505813598633,0.16364385187625885,False,0.31835463643074036
vit_base_patch16_224,3,ILSVRC2012_val_00000117.JPEG,early,0,feature_modules[0],14,14,score_deviation_extreme,0.15,0,True,1.1878204345703125,0.19191649556159973,False,0.2718486487865448
vit_base_patch16_224,4,ILSVRC2012_val_00000120.JPEG,early,0,feature_modules[0],14,14,score_deviation_extreme,0.15,0,True,-0.3705101013183594,-0.060722678899765015,False,0.2213398814201355
vit_base_patch16_224,5,ILSVRC2012_val_00000138.JPEG,early,0,feature_modules[0],14,14,score_deviation_extreme,0.15,0,True,-0.12676715850830078,-0.012672722339630127,False,0.30028948187828064
vit_base_patch16_224,6,ILSVRC2012_val_00000166.JPEG,early,0,feature_modules[0],14,14,score_deviation_extreme,0.15,0,True,0.12538909912109375,0.013545989990234375,False,0.27014774084091187
vit_base_patch16_224,7,ILSVRC2012_val_00000262.JPEG,early,0,feature_modules[0],14,14,score_deviation_extreme,0.15,0,True,0.06624126434326172,0.005804978311061859,False,0.2879377007484436
vit_base_patch16_224,0,ILSVRC2012_val_00000031.JPEG,early,0,feature_modules[0],14,14,score_deviation_extreme,0.15,1,True,0.021714210510253906,0.0025310218334198,False,0.29692724347114563
vit_base_patch16_224,1,ILSVRC2012_val_00000081.JPEG,early,0,feature_modules[0],14,14,score_deviation_extreme,0.15,1,True,0.32024097442626953,0.0196504145860672,False,0.28971216082572937
vit_base_patch16_224,2,ILSVRC2012_val_00000102.JPEG,early,0,feature_modules[0],14,14,score_deviation_extreme,0.15,1,True,0.6166505813598633,0.16364385187625885,False,0.31835463643074036
vit_base_patch16_224,3,ILSVRC2012_val_00000117.JPEG,early,0,feature_modules[0],14,14,score_deviation_extreme,0.15,1,True,1.1878204345703125,0.19191649556159973,False,0.2718486487865448
vit_base_patch16_224,4,ILSVRC2012_val_00000120.JPEG,early,0,feature_modules[0],14,14,score_deviation_extreme,0.15,1,True,-0.3705101013183594,-0.060722678899765015,False,0.2213398814201355
vit_base_patch16_224,5,ILSVRC2012_val_00000138.JPEG,early,0,feature_modules[0],14,14,score_deviation_extreme,0.15,1,True,-0.12676715850830078,-0.012672722339630127,False,0.30028948187828064
vit_base_patch16_224,6,ILSVRC2012_val_00000166.JPEG,early,0,feature_modules[0],14,14,score_deviation_extreme,0.15,1,True,0.12538909912109375,0.013545989990234375,False,0.27014774084091187
vit_base_patch16_224,7,ILSVRC2012_val_00000262.JPEG,early,0,feature_modules[0],14,14,score_deviation_extreme,0.15,1,True,0.06624126434326172,0.005804978311061859,False,0.2879377007484436
vit_base_patch16_224,0,ILSVRC2012_val_00000031.JPEG,early,0,feature_modules[0],14,14,score_deviation_extreme,0.15,2,True,0.021714210510253906,0.0025310218334198,False,0.29692724347114563
vit_base_patch16_224,1,ILSVRC2012_val_00000081.JPEG,early,0,feature_modules[0],14,14,score_deviation_extreme,0.15,2,True,0.32024097442626953,0.0196504145860672,False,0.28971216082572937
vit_base_patch16_224,2,ILSVRC2012_val_00000102.JPEG,early,0,feature_modules[0],14,14,score_deviation_extreme,0.15,2,True,0.6166505813598633,0.16364385187625885,False,0.31835463643074036
vit_base_patch16_224,3,ILSVRC2012_val_00000117.JPEG,early,0,feature_modules[0],14,14,score_deviation_extreme,0.15,2,True,1.1878204345703125,0.19191649556159973,False,0.2718486487865448
vit_base_patch16_224,4,ILSVRC2012_val_00000120.JPEG,early,0,feature_modules[0],14,14,score_deviation_extreme,0.15,2,True,-0.3705101013183594,-0.060722678899765015,False,0.2213398814201355
vit_base_patch16_224,5,ILSVRC2012_val_00000138.JPEG,early,0,feature_modules[0],14,14,score_deviation_extreme,0.15,2,True,-0.12676715850830078,-0.012672722339630127,False,0.30028948187828064
vit_base_patch16_224,6,ILSVRC2012_val_00000166.JPEG,early,0,feature_modules[0],14,14,score_deviation_extreme,0.15,2,True,0.12538909912109375,0.013545989990234375,False,0.27014774084091187
vit_base_patch16_224,7,ILSVRC2012_val_00000262.JPEG,early,0,feature_modules[0],14,14,score_deviation_extreme,0.15,2,True,0.06624126434326172,0.005804978311061859,False,0.2879377007484436
vit_base_patch16_224,0,ILSVRC2012_val_00000031.JPEG,early,0,feature_modules[0],14,14,score_deviation_extreme,0.15,3,True,0.021714210510253906,0.0025310218334198,False,0.29692724347114563
vit_base_patch16_224,1,ILSVRC2012_val_00000081.JPEG,early,0,feature_modules[0],14,14,score_deviation_extreme,0.15,3,True,0.32024097442626953,0.0196504145860672,False,0.28971216082572937
vit_base_patch16_224,2,ILSVRC2012_val_00000102.JPEG,early,0,feature_modules[0],14,14,score_deviation_extreme,0.15,3,True,0.6166505813598633,0.16364385187625885,False,0.31835463643074036
vit_base_patch16_224,3,ILSVRC2012_val_00000117.JPEG,early,0,feature_modules[0],14,14,score_deviation_extreme,0.15,3,True,1.1878204345703125,0.19191649556159973,False,0.2718486487865448
vit_base_patch16_224,4,ILSVRC2012_val_00000120.JPEG,early,0,feature_modules[0],14,14,score_deviation_extreme,0.15,3,True,-0.3705101013183594,-0.060722678899765015,False,0.2213398814201355
vit_base_patch16_224,5,ILSVRC2012_val_00000138.JPEG,early,0,feature_modules[0],14,14,score_deviation_extreme,0.15,3,True,-0.12676715850830078,-0.012672722339630127,False,0.30028948187828064
vit_base_patch16_224,6,ILSVRC2012_val_00000166.JPEG,early,0,feature_modules[0],14,14,score_deviation_extreme,0.15,3,True,0.12538909912109375,0.013545989990234375,False,0.27014774084091187
vit_base_patch16_224,7,ILSVRC2012_val_00000262.JPEG,early,0,feature_modules[0],14,14,score_deviation_extreme,0.15,3,True,0.06624126434326172,0.005804978311061859,False,0.2879377007484436
vit_base_patch16_224,0,ILSVRC2012_val_00000031.JPEG,mid,6,feature_modules[6],14,14,high_score_extreme,0.15,0,True,-0.10973453521728516,-0.012109026312828064,False,0.12298758327960968
vit_base_patch16_224,1,ILSVRC2012_val_00000081.JPEG,mid,6,feature_modules[6],14,14,high_score_extreme,0.15,0,True,-0.038214683532714844,-0.005764693021774292,False,0.12687252461910248
vit_base_patch16_224,2,ILSVRC2012_val_00000102.JPEG,mid,6,feature_modules[6],14,14,high_score_extreme,0.15,0,True,0.5425987243652344,0.07594841718673706,False,0.13653148710727692
vit_base_patch16_224,3,ILSVRC2012_val_00000117.JPEG,mid,6,feature_modules[6],14,14,high_score_extreme,0.15,0,True,0.6646795272827148,0.10666659474372864,False,0.11100597679615021
vit_base_patch16_224,4,ILSVRC2012_val_00000120.JPEG,mid,6,feature_modules[6],14,14,high_score_extreme,0.15,0,True,0.016513824462890625,-0.004963621497154236,False,0.11296169459819794
vit_base_patch16_224,5,ILSVRC2012_val_00000138.JPEG,mid,6,feature_modules[6],14,14,high_score_extreme,0.15,0,True,-0.22443580627441406,-0.02201663702726364,False,0.13297933340072632
vit_base_patch16_224,6,ILSVRC2012_val_00000166.JPEG,mid,6,feature_modules[6],14,14,high_score_extreme,0.15,0,True,0.02575397491455078,0.002198144793510437,False,0.14758257567882538
vit_base_patch16_224,7,ILSVRC2012_val_00000262.JPEG,mid,6,feature_modules[6],14,14,high_score_extreme,0.15,0,True,-0.32802486419677734,-0.023292385041713715,False,0.08275085687637329
vit_base_patch16_224,0,ILSVRC2012_val_00000031.JPEG,mid,6,feature_modules[6],14,14,high_score_extreme,0.15,1,True,-0.10973453521728516,-0.012109026312828064,False,0.12298758327960968
vit_base_patch16_224,1,ILSVRC2012_val_00000081.JPEG,mid,6,feature_modules[6],14,14,high_score_extreme,0.15,1,True,-0.038214683532714844,-0.005764693021774292,False,0.12687252461910248
vit_base_patch16_224,2,ILSVRC2012_val_00000102.JPEG,mid,6,feature_modules[6],14,14,high_score_extreme,0.15,1,True,0.5425987243652344,0.07594841718673706,False,0.13653148710727692
vit_base_patch16_224,3,ILSVRC2012_val_00000117.JPEG,mid,6,feature_modules[6],14,14,high_score_extreme,0.15,1,True,0.6646795272827148,0.10666659474372864,False,0.11100597679615021
vit_base_patch16_224,4,ILSVRC2012_val_00000120.JPEG,mid,6,feature_modules[6],14,14,high_score_extreme,0.15,1,True,0.016513824462890625,-0.004963621497154236,False,0.11296169459819794
vit_base_patch16_224,5,ILSVRC2012_val_00000138.JPEG,mid,6,feature_modules[6],14,14,high_score_extreme,0.15,1,True,-0.22443580627441406,-0.02201663702726364,False,0.13297933340072632
vit_base_patch16_224,6,ILSVRC2012_val_00000166.JPEG,mid,6,feature_modules[6],14,14,high_score_extreme,0.15,1,True,0.02575397491455078,0.002198144793510437,False,0.14758257567882538
vit_base_patch16_224,7,ILSVRC2012_val_00000262.JPEG,mid,6,feature_modules[6],14,14,high_score_extreme,0.15,1,True,-0.32802486419677734,-0.023292385041713715,False,0.08275085687637329
vit_base_patch16_224,0,ILSVRC2012_val_00000031.JPEG,mid,6,feature_modules[6],14,14,high_score_extreme,0.15,2,True,-0.10973453521728516,-0.012109026312828064,False,0.12298758327960968
vit_base_patch16_224,1,ILSVRC2012_val_00000081.JPEG,mid,6,feature_modules[6],14,14,high_score_extreme,0.15,2,True,-0.038214683532714844,-0.005764693021774292,False,0.12687252461910248
vit_base_patch16_224,2,ILSVRC2012_val_00000102.JPEG,mid,6,feature_modules[6],14,14,high_score_extreme,0.15,2,True,0.5425987243652344,0.07594841718673706,False,0.13653148710727692
vit_base_patch16_224,3,ILSVRC2012_val_00000117.JPEG,mid,6,feature_modules[6],14,14,high_score_extreme,0.15,2,True,0.6646795272827148,0.10666659474372864,False,0.11100597679615021
vit_base_patch16_224,4,ILSVRC2012_val_00000120.JPEG,mid,6,feature_modules[6],14,14,high_score_extreme,0.15,2,True,0.016513824462890625,-0.004963621497154236,False,0.11296169459819794
vit_base_patch16_224,5,ILSVRC2012_val_00000138.JPEG,mid,6,feature_modules[6],14,14,high_score_extreme,0.15,2,True,-0.22443580627441406,-0.02201663702726364,False,0.13297933340072632
vit_base_patch16_224,6,ILSVRC2012_val_00000166.JPEG,mid,6,feature_modules[6],14,14,high_score_extreme,0.15,2,True,0.02575397491455078,0.002198144793510437,False,0.14758257567882538
vit_base_patch16_224,7,ILSVRC2012_val_00000262.JPEG,mid,6,feature_modules[6],14,14,high_score_extreme,0.15,2,True,-0.32802486419677734,-0.023292385041713715,False,0.08275085687637329
vit_base_patch16_224,0,ILSVRC2012_val_00000031.JPEG,mid,6,feature_modules[6],14,14,high_score_extreme,0.15,3,True,-0.10973453521728516,-0.012109026312828064,False,0.12298758327960968
vit_base_patch16_224,1,ILSVRC2012_val_00000081.JPEG,mid,6,feature_modules[6],14,14,high_score_extreme,0.15,3,True,-0.038214683532714844,-0.005764693021774292,False,0.12687252461910248
vit_base_patch16_224,2,ILSVRC2012_val_00000102.JPEG,mid,6,feature_modules[6],14,14,high_score_extreme,0.15,3,True,0.5425987243652344,0.07594841718673706,False,0.13653148710727692
vit_base_patch16_224,3,ILSVRC2012_val_00000117.JPEG,mid,6,feature_modules[6],14,14,high_score_extreme,0.15,3,True,0.6646795272827148,0.10666659474372864,False,0.11100597679615021
vit_base_patch16_224,4,ILSVRC2012_val_00000120.JPEG,mid,6,feature_modules[6],14,14,high_score_extreme,0.15,3,True,0.016513824462890625,-0.004963621497154236,False,0.11296169459819794
vit_base_patch16_224,5,ILSVRC2012_val_00000138.JPEG,mid,6,feature_modules[6],14,14,high_score_extreme,0.15,3,True,-0.22443580627441406,-0.02201663702726364,False,0.13297933340072632
vit_base_patch16_224,6,ILSVRC2012_val_00000166.JPEG,mid,6,feature_modules[6],14,14,high_score_extreme,0.15,3,True,0.02575397491455078,0.002198144793510437,False,0.14758257567882538
vit_base_patch16_224,7,ILSVRC2012_val_00000262.JPEG,mid,6,feature_modules[6],14,14,high_score_extreme,0.15,3,True,-0.32802486419677734,-0.023292385041713715,False,0.08275085687637329
vit_base_patch16_224,0,ILSVRC2012_val_00000031.JPEG,mid,6,feature_modules[6],14,14,low_score_extreme,0.15,0,True,0.013340950012207031,0.0014620423316955566,False,-0.00358026335015893
vit_base_patch16_224,1,ILSVRC2012_val_00000081.JPEG,mid,6,feature_modules[6],14,14,low_score_extreme,0.15,0,True,-0.4179534912109375,-0.026389602571725845,False,0.0001236469397554174
vit_base_patch16_224,2,ILSVRC2012_val_00000102.JPEG,mid,6,feature_modules[6],14,14,low_score_extreme,0.15,0,True,1.6001009941101074,0.6998584270477295,False,0.0008368991548195481
vit_base_patch16_224,3,ILSVRC2012_val_00000117.JPEG,mid,6,feature_modules[6],14,14,low_score_extreme,0.15,0,True,0.3807716369628906,0.010179609060287476,False,-0.023890256881713867
vit_base_patch16_224,4,ILSVRC2012_val_00000120.JPEG,mid,6,feature_modules[6],14,14,low_score_extreme,0.15,0,True,-0.24156665802001953,-0.0433536022901535,False,0.0060224635526537895
vit_base_patch16_224,5,ILSVRC2012_val_00000138.JPEG,mid,6,feature_modules[6],14,14,low_score_extreme,0.15,0,True,-0.18709278106689453,-0.019997335970401764,False,0.024321893230080605
vit_base_patch16_224,6,ILSVRC2012_val_00000166.JPEG,mid,6,feature_modules[6],14,14,low_score_extreme,0.15,0,True,0.0001468658447265625,-4.895031452178955e-05,False,0.04314031824469566
vit_base_patch16_224,7,ILSVRC2012_val_00000262.JPEG,mid,6,feature_modules[6],14,14,low_score_extreme,0.15,0,True,0.06747055053710938,0.007235124707221985,False,-0.02867903746664524
vit_base_patch16_224,0,ILSVRC2012_val_00000031.JPEG,mid,6,feature_modules[6],14,14,low_score_extreme,0.15,1,True,0.013340950012207031,0.0014620423316955566,False,-0.00358026335015893
vit_base_patch16_224,1,ILSVRC2012_val_00000081.JPEG,mid,6,feature_modules[6],14,14,low_score_extreme,0.15,1,True,-0.4179534912109375,-0.026389602571725845,False,0.0001236469397554174
vit_base_patch16_224,2,ILSVRC2012_val_00000102.JPEG,mid,6,feature_modules[6],14,14,low_score_extreme,0.15,1,True,1.6001009941101074,0.6998584270477295,False,0.0008368991548195481
vit_base_patch16_224,3,ILSVRC2012_val_00000117.JPEG,mid,6,feature_modules[6],14,14,low_score_extreme,0.15,1,True,0.3807716369628906,0.010179609060287476,False,-0.023890256881713867
vit_base_patch16_224,4,ILSVRC2012_val_00000120.JPEG,mid,6,feature_modules[6],14,14,low_score_extreme,0.15,1,True,-0.24156665802001953,-0.0433536022901535,False,0.0060224635526537895
vit_base_patch16_224,5,ILSVRC2012_val_00000138.JPEG,mid,6,feature_modules[6],14,14,low_score_extreme,0.15,1,True,-0.18709278106689453,-0.019997335970401764,False,0.024321893230080605
vit_base_patch16_224,6,ILSVRC2012_val_00000166.JPEG,mid,6,feature_modules[6],14,14,low_score_extreme,0.15,1,True,0.0001468658447265625,-4.895031452178955e-05,False,0.04314031824469566
vit_base_patch16_224,7,ILSVRC2012_val_00000262.JPEG,mid,6,feature_modules[6],14,14,low_score_extreme,0.15,1,True,0.06747055053710938,0.007235124707221985,False,-0.02867903746664524
vit_base_patch16_224,0,ILSVRC2012_val_00000031.JPEG,mid,6,feature_modules[6],14,14,low_score_extreme,0.15,2,True,0.013340950012207031,0.0014620423316955566,False,-0.00358026335015893
vit_base_patch16_224,1,ILSVRC2012_val_00000081.JPEG,mid,6,feature_modules[6],14,14,low_score_extreme,0.15,2,True,-0.4179534912109375,-0.026389602571725845,False,0.0001236469397554174
vit_base_patch16_224,2,ILSVRC2012_val_00000102.JPEG,mid,6,feature_modules[6],14,14,low_score_extreme,0.15,2,True,1.6001009941101074,0.6998584270477295,False,0.0008368991548195481
vit_base_patch16_224,3,ILSVRC2012_val_00000117.JPEG,mid,6,feature_modules[6],14,14,low_score_extreme,0.15,2,True,0.3807716369628906,0.010179609060287476,False,-0.023890256881713867
vit_base_patch16_224,4,ILSVRC2012_val_00000120.JPEG,mid,6,feature_modules[6],14,14,low_score_extreme,0.15,2,True,-0.24156665802001953,-0.0433536022901535,False,0.0060224635526537895
vit_base_patch16_224,5,ILSVRC2012_val_00000138.JPEG,mid,6,feature_modules[6],14,14,low_score_extreme,0.15,2,True,-0.18709278106689453,-0.019997335970401764,False,0.024321893230080605
vit_base_patch16_224,6,ILSVRC2012_val_00000166.JPEG,mid,6,feature_modules[6],14,14,low_score_extreme,0.15,2,True,0.0001468658447265625,-4.895031452178955e-05,False,0.04314031824469566
vit_base_patch16_224,7,ILSVRC2012_val_00000262.JPEG,mid,6,feature_modules[6],14,14,low_score_extreme,0.15,2,True,0.06747055053710938,0.007235124707221985,False,-0.02867903746664524
vit_base_patch16_224,0,ILSVRC2012_val_00000031.JPEG,mid,6,feature_modules[6],14,14,low_score_extreme,0.15,3,True,0.013340950012207031,0.0014620423316955566,False,-0.00358026335015893
vit_base_patch16_224,1,ILSVRC2012_val_00000081.JPEG,mid,6,feature_modules[6],14,14,low_score_extreme,0.15,3,True,-0.4179534912109375,-0.026389602571725845,False,0.0001236469397554174
vit_base_patch16_224,2,ILSVRC2012_val_00000102.JPEG,mid,6,feature_modules[6],14,14,low_score_extreme,0.15,3,True,1.6001009941101074,0.6998584270477295,False,0.0008368991548195481
vit_base_patch16_224,3,ILSVRC2012_val_00000117.JPEG,mid,6,feature_modules[6],14,14,low_score_extreme,0.15,3,True,0.3807716369628906,0.010179609060287476,False,-0.023890256881713867
vit_base_patch16_224,4,ILSVRC2012_val_00000120.JPEG,mid,6,feature_modules[6],14,14,low_score_extreme,0.15,3,True,-0.24156665802001953,-0.0433536022901535,False,0.0060224635526537895
vit_base_patch16_224,5,ILSVRC2012_val_00000138.JPEG,mid,6,feature_modules[6],14,14,low_score_extreme,0.15,3,True,-0.18709278106689453,-0.019997335970401764,False,0.024321893230080605
vit_base_patch16_224,6,ILSVRC2012_val_00000166.JPEG,mid,6,feature_modules[6],14,14,low_score_extreme,0.15,3,True,0.0001468658447265625,-4.895031452178955e-05,False,0.04314031824469566
vit_base_patch16_224,7,ILSVRC2012_val_00000262.JPEG,mid,6,feature_modules[6],14,14,low_score_extreme,0.15,3,True,0.06747055053710938,0.007235124707221985,False,-0.02867903746664524
vit_base_patch16_224,0,ILSVRC2012_val_00000031.JPEG,mid,6,feature_modules[6],14,14,random_uniform,0.15,0,True,-0.03772258758544922,-0.0048924461007118225,False,0.044344451278448105
vit_base_patch16_224,1,ILSVRC2012_val_00000081.JPEG,mid,6,feature_modules[6],14,14,random_uniform,0.15,0,True,-0.558802604675293,-0.031711723655462265,False,0.05385749042034149
vit_base_patch16_224,2,ILSVRC2012_val_00000102.JPEG,mid,6,feature_modules[6],14,14,random_uniform,0.15,0,True,0.5415420532226562,0.08519549667835236,False,0.057760730385780334
vit_base_patch16_224,3,ILSVRC2012_val_00000117.JPEG,mid,6,feature_modules[6],14,14,random_uniform,0.15,0,True,0.9021997451782227,0.08048662543296814,False,0.0334806889295578
vit_base_patch16_224,4,ILSVRC2012_val_00000120.JPEG,mid,6,feature_modules[6],14,14,random_uniform,0.15,0,True,-0.23133277893066406,-0.04328368604183197,False,0.05547929182648659
vit_base_patch16_224,5,ILSVRC2012_val_00000138.JPEG,mid,6,feature_modules[6],14,14,random_uniform,0.15,0,True,-0.020862579345703125,-0.0009339004755020142,False,0.07801204174757004
vit_base_patch16_224,6,ILSVRC2012_val_00000166.JPEG,mid,6,feature_modules[6],14,14,random_uniform,0.15,0,True,0.08594322204589844,0.008992254734039307,False,0.0890260860323906
vit_base_patch16_224,7,ILSVRC2012_val_00000262.JPEG,mid,6,feature_modules[6],14,14,random_uniform,0.15,0,True,-0.035668373107910156,-0.0006183087825775146,False,0.024102456867694855
vit_base_patch16_224,0,ILSVRC2012_val_00000031.JPEG,mid,6,feature_modules[6],14,14,random_uniform,0.15,1,True,0.08318138122558594,0.00899428129196167,False,0.053769249469041824
vit_base_patch16_224,1,ILSVRC2012_val_00000081.JPEG,mid,6,feature_modules[6],14,14,random_uniform,0.15,1,True,-0.16380977630615234,-0.012735281139612198,False,0.05576258525252342
vit_base_patch16_224,2,ILSVRC2012_val_00000102.JPEG,mid,6,feature_modules[6],14,14,random_uniform,0.15,1,True,0.7686071395874023,0.14076949656009674,False,0.06389991194009781
vit_base_patch16_224,3,ILSVRC2012_val_00000117.JPEG,mid,6,feature_modules[6],14,14,random_uniform,0.15,1,True,0.8448143005371094,0.1339227557182312,False,0.034782592207193375
vit_base_patch16_224,4,ILSVRC2012_val_00000120.JPEG,mid,6,feature_modules[6],14,14,random_uniform,0.15,1,True,-0.3526954650878906,-0.059068530797958374,False,0.05520908161997795
vit_base_patch16_224,5,ILSVRC2012_val_00000138.JPEG,mid,6,feature_modules[6],14,14,random_uniform,0.15,1,True,-0.0788431167602539,-0.0081520676612854,False,0.07434092462062836
vit_base_patch16_224,6,ILSVRC2012_val_00000166.JPEG,mid,6,feature_modules[6],14,14,random_uniform,0.15,1,True,0.07082366943359375,0.007783882319927216,False,0.08260822296142578
vit_base_patch16_224,7,ILSVRC2012_val_00000262.JPEG,mid,6,feature_modules[6],14,14,random_uniform,0.15,1,True,-0.04383659362792969,0.003947891294956207,False,0.016897188499569893
vit_base_patch16_224,0,ILSVRC2012_val_00000031.JPEG,mid,6,feature_modules[6],14,14,random_uniform,0.15,2,True,0.06772232055664062,0.007353201508522034,False,0.05683979392051697
vit_base_patch16_224,1,ILSVRC2012_val_00000081.JPEG,mid,6,feature_modules[6],14,14,random_uniform,0.15,2,True,-0.20921802520751953,-0.014323871582746506,False,0.051484838128089905
vit_base_patch16_224,2,ILSVRC2012_val_00000102.JPEG,mid,6,feature_modules[6],14,14,random_uniform,0.15,2,True,0.8858423233032227,0.22278021275997162,False,0.0700288936495781
vit_base_patch16_224,3,ILSVRC2012_val_00000117.JPEG,mid,6,feature_modules[6],14,14,random_uniform,0.15,2,True,1.0198993682861328,0.16566535830497742,False,0.04158572852611542
vit_base_patch16_224,4,ILSVRC2012_val_00000120.JPEG,mid,6,feature_modules[6],14,14,random_uniform,0.15,2,True,-0.121185302734375,-0.027607083320617676,False,0.05602041631937027
vit_base_patch16_224,5,ILSVRC2012_val_00000138.JPEG,mid,6,feature_modules[6],14,14,random_uniform,0.15,2,True,0.01965618133544922,0.006281152367591858,False,0.07478548586368561
vit_base_patch16_224,6,ILSVRC2012_val_00000166.JPEG,mid,6,feature_modules[6],14,14,random_uniform,0.15,2,True,0.03727149963378906,0.003445163369178772,False,0.09130346029996872
vit_base_patch16_224,7,ILSVRC2012_val_00000262.JPEG,mid,6,feature_modules[6],14,14,random_uniform,0.15,2,True,0.04838752746582031,0.006014004349708557,False,0.026747724041342735
vit_base_patch16_224,0,ILSVRC2012_val_00000031.JPEG,mid,6,feature_modules[6],14,14,random_uniform,0.15,3,True,-0.04130268096923828,-0.005252383649349213,False,0.06420814245939255
vit_base_patch16_224,1,ILSVRC2012_val_00000081.JPEG,mid,6,feature_modules[6],14,14,random_uniform,0.15,3,True,-0.3819446563720703,-0.0203724205493927,False,0.052383653819561005
vit_base_patch16_224,2,ILSVRC2012_val_00000102.JPEG,mid,6,feature_modules[6],14,14,random_uniform,0.15,3,True,0.38798999786376953,0.0994558185338974,False,0.054680224508047104
vit_base_patch16_224,3,ILSVRC2012_val_00000117.JPEG,mid,6,feature_modules[6],14,14,random_uniform,0.15,3,True,0.3770627975463867,-0.004491537809371948,False,0.038638100028038025
vit_base_patch16_224,4,ILSVRC2012_val_00000120.JPEG,mid,6,feature_modules[6],14,14,random_uniform,0.15,3,True,-0.23917484283447266,-0.04447390139102936,False,0.053007397800683975
vit_base_patch16_224,5,ILSVRC2012_val_00000138.JPEG,mid,6,feature_modules[6],14,14,random_uniform,0.15,3,True,-0.0045413970947265625,0.0030041486024856567,False,0.08063528686761856
vit_base_patch16_224,6,ILSVRC2012_val_00000166.JPEG,mid,6,feature_modules[6],14,14,random_uniform,0.15,3,True,0.07080268859863281,0.007438845932483673,False,0.1052030473947525
vit_base_patch16_224,7,ILSVRC2012_val_00000262.JPEG,mid,6,feature_modules[6],14,14,random_uniform,0.15,3,True,-0.015540122985839844,-0.0026446059346199036,False,0.02050565555691719
vit_base_patch16_224,0,ILSVRC2012_val_00000031.JPEG,mid,6,feature_modules[6],14,14,score_deviation_extreme,0.15,0,True,-0.10306739807128906,-0.01081480085849762,False,0.093681700527668
vit_base_patch16_224,1,ILSVRC2012_val_00000081.JPEG,mid,6,feature_modules[6],14,14,score_deviation_extreme,0.15,0,True,0.1581888198852539,0.006518051028251648,False,0.08100802451372147
vit_base_patch16_224,2,ILSVRC2012_val_00000102.JPEG,mid,6,feature_modules[6],14,14,score_deviation_extreme,0.15,0,True,0.7881784439086914,0.1638384312391281,False,0.11557622253894806
vit_base_patch16_224,3,ILSVRC2012_val_00000117.JPEG,mid,6,feature_modules[6],14,14,score_deviation_extreme,0.15,0,True,0.6316728591918945,0.09369739890098572,False,0.07329601794481277
vit_base_patch16_224,4,ILSVRC2012_val_00000120.JPEG,mid,6,feature_modules[6],14,14,score_deviation_extreme,0.15,0,True,-0.07851696014404297,-0.020523011684417725,False,0.07767290621995926
vit_base_patch16_224,5,ILSVRC2012_val_00000138.JPEG,mid,6,feature_modules[6],14,14,score_deviation_extreme,0.15,0,True,-0.059815406799316406,-0.005749300122261047,False,0.08949316293001175
vit_base_patch16_224,6,ILSVRC2012_val_00000166.JPEG,mid,6,feature_modules[6],14,14,score_deviation_extreme,0.15,0,True,0.039348602294921875,0.0037233680486679077,False,0.1336541473865509
vit_base_patch16_224,7,ILSVRC2012_val_00000262.JPEG,mid,6,feature_modules[6],14,14,score_deviation_extreme,0.15,0,True,-0.06574821472167969,-0.0063636451959609985,False,0.058986034244298935
vit_base_patch16_224,0,ILSVRC2012_val_00000031.JPEG,mid,6,feature_modules[6],14,14,score_deviation_extreme,0.15,1,True,-0.10306739807128906,-0.01081480085849762,False,0.093681700527668
vit_base_patch16_224,1,ILSVRC2012_val_00000081.JPEG,mid,6,feature_modules[6],14,14,score_deviation_extreme,0.15,1,True,0.1581888198852539,0.006518051028251648,False,0.08100802451372147
vit_base_patch16_224,2,ILSVRC2012_val_00000102.JPEG,mid,6,feature_modules[6],14,14,score_deviation_extreme,0.15,1,True,0.7881784439086914,0.1638384312391281,False,0.11557622253894806
vit_base_patch16_224,3,ILSVRC2012_val_00000117.JPEG,mid,6,feature_modules[6],14,14,score_deviation_extreme,0.15,1,True,0.6316728591918945,0.09369739890098572,False,0.07329601794481277
vit_base_patch16_224,4,ILSVRC2012_val_00000120.JPEG,mid,6,feature_modules[6],14,14,score_deviation_extreme,0.15,1,True,-0.07851696014404297,-0.020523011684417725,False,0.07767290621995926
vit_base_patch16_224,5,ILSVRC2012_val_00000138.JPEG,mid,6,feature_modules[6],14,14,score_deviation_extreme,0.15,1,True,-0.059815406799316406,-0.005749300122261047,False,0.08949316293001175
vit_base_patch16_224,6,ILSVRC2012_val_00000166.JPEG,mid,6,feature_modules[6],14,14,score_deviation_extreme,0.15,1,True,0.039348602294921875,0.0037233680486679077,False,0.1336541473865509
vit_base_patch16_224,7,ILSVRC2012_val_00000262.JPEG,mid,6,feature_modules[6],14,14,score_deviation_extreme,0.15,1,True,-0.06574821472167969,-0.0063636451959609985,False,0.058986034244298935
vit_base_patch16_224,0,ILSVRC2012_val_00000031.JPEG,mid,6,feature_modules[6],14,14,score_deviation_extreme,0.15,2,True,-0.10306739807128906,-0.01081480085849762,False,0.093681700527668
vit_base_patch16_224,1,ILSVRC2012_val_00000081.JPEG,mid,6,feature_modules[6],14,14,score_deviation_extreme,0.15,2,True,0.1581888198852539,0.006518051028251648,False,0.08100802451372147
vit_base_patch16_224,2,ILSVRC2012_val_00000102.JPEG,mid,6,feature_modules[6],14,14,score_deviation_extreme,0.15,2,True,0.7881784439086914,0.1638384312391281,False,0.11557622253894806
vit_base_patch16_224,3,ILSVRC2012_val_00000117.JPEG,mid,6,feature_modules[6],14,14,score_deviation_extreme,0.15,2,True,0.6316728591918945,0.09369739890098572,False,0.07329601794481277
vit_base_patch16_224,4,ILSVRC2012_val_00000120.JPEG,mid,6,feature_modules[6],14,14,score_deviation_extreme,0.15,2,True,-0.07851696014404297,-0.020523011684417725,False,0.07767290621995926
vit_base_patch16_224,5,ILSVRC2012_val_00000138.JPEG,mid,6,feature_modules[6],14,14,score_deviation_extreme,0.15,2,True,-0.059815406799316406,-0.005749300122261047,False,0.08949316293001175
vit_base_patch16_224,6,ILSVRC2012_val_00000166.JPEG,mid,6,feature_modules[6],14,14,score_deviation_extreme,0.15,2,True,0.039348602294921875,0.0037233680486679077,False,0.1336541473865509
vit_base_patch16_224,7,ILSVRC2012_val_00000262.JPEG,mid,6,feature_modules[6],14,14,score_deviation_extreme,0.15,2,True,-0.06574821472167969,-0.0063636451959609985,False,0.058986034244298935
vit_base_patch16_224,0,ILSVRC2012_val_00000031.JPEG,mid,6,feature_modules[6],14,14,score_deviation_extreme,0.15,3,True,-0.10306739807128906,-0.01081480085849762,False,0.093681700527668
vit_base_patch16_224,1,ILSVRC2012_val_00000081.JPEG,mid,6,feature_modules[6],14,14,score_deviation_extreme,0.15,3,True,0.1581888198852539,0.006518051028251648,False,0.08100802451372147
vit_base_patch16_224,2,ILSVRC2012_val_00000102.JPEG,mid,6,feature_modules[6],14,14,score_deviation_extreme,0.15,3,True,0.7881784439086914,0.1638384312391281,False,0.11557622253894806
vit_base_patch16_224,3,ILSVRC2012_val_00000117.JPEG,mid,6,feature_modules[6],14,14,score_deviation_extreme,0.15,3,True,0.6316728591918945,0.09369739890098572,False,0.07329601794481277
vit_base_patch16_224,4,ILSVRC2012_val_00000120.JPEG,mid,6,feature_modules[6],14,14,score_deviation_extreme,0.15,3,True,-0.07851696014404297,-0.020523011684417725,False,0.07767290621995926
vit_base_patch16_224,5,ILSVRC2012_val_00000138.JPEG,mid,6,feature_modules[6],14,14,score_deviation_extreme,0.15,3,True,-0.059815406799316406,-0.005749300122261047,False,0.08949316293001175
vit_base_patch16_224,6,ILSVRC2012_val_00000166.JPEG,mid,6,feature_modules[6],14,14,score_deviation_extreme,0.15,3,True,0.039348602294921875,0.0037233680486679077,False,0.1336541473865509
vit_base_patch16_224,7,ILSVRC2012_val_00000262.JPEG,mid,6,feature_modules[6],14,14,score_deviation_extreme,0.15,3,True,-0.06574821472167969,-0.0063636451959609985,False,0.058986034244298935
vit_base_patch16_224,0,ILSVRC2012_val_00000031.JPEG,final,11,blocks[11],14,14,high_score_extreme,0.15,0,True,-0.5262079238891602,-0.042376138269901276,False,0.9039075970649719
vit_base_patch16_224,1,ILSVRC2012_val_00000081.JPEG,final,11,blocks[11],14,14,high_score_extreme,0.15,0,True,-0.1499643325805664,-0.013503994792699814,False,0.8843311667442322
vit_base_patch16_224,2,ILSVRC2012_val_00000102.JPEG,final,11,blocks[11],14,14,high_score_extreme,0.15,0,True,1.3354406356811523,0.32853102684020996,False,0.828129768371582
vit_base_patch16_224,3,ILSVRC2012_val_00000117.JPEG,final,11,blocks[11],14,14,high_score_extreme,0.15,0,True,0.6646728515625,0.07948699593544006,False,0.8946124911308289
vit_base_patch16_224,4,ILSVRC2012_val_00000120.JPEG,final,11,blocks[11],14,14,high_score_extreme,0.15,0,True,-0.2709789276123047,-0.04924406111240387,False,0.8954275846481323
vit_base_patch16_224,5,ILSVRC2012_val_00000138.JPEG,final,11,blocks[11],14,14,high_score_extreme,0.15,0,True,0.05008888244628906,0.00785796344280243,False,0.888850212097168
vit_base_patch16_224,6,ILSVRC2012_val_00000166.JPEG,final,11,blocks[11],14,14,high_score_extreme,0.15,0,True,0.07421493530273438,0.008126042783260345,False,0.8926541805267334
vit_base_patch16_224,7,ILSVRC2012_val_00000262.JPEG,final,11,blocks[11],14,14,high_score_extreme,0.15,0,True,-0.1377887725830078,0.006515763700008392,False,0.8926709890365601
vit_base_patch16_224,0,ILSVRC2012_val_00000031.JPEG,final,11,blocks[11],14,14,high_score_extreme,0.15,1,True,-0.5262079238891602,-0.042376138269901276,False,0.9039075970649719
vit_base_patch16_224,1,ILSVRC2012_val_00000081.JPEG,final,11,blocks[11],14,14,high_score_extreme,0.15,1,True,-0.1499643325805664,-0.013503994792699814,False,0.8843311667442322
vit_base_patch16_224,2,ILSVRC2012_val_00000102.JPEG,final,11,blocks[11],14,14,high_score_extreme,0.15,1,True,1.3354406356811523,0.32853102684020996,False,0.828129768371582
vit_base_patch16_224,3,ILSVRC2012_val_00000117.JPEG,final,11,blocks[11],14,14,high_score_extreme,0.15,1,True,0.6646728515625,0.07948699593544006,False,0.8946124911308289
vit_base_patch16_224,4,ILSVRC2012_val_00000120.JPEG,final,11,blocks[11],14,14,high_score_extreme,0.15,1,True,-0.2709789276123047,-0.04924406111240387,False,0.8954275846481323
vit_base_patch16_224,5,ILSVRC2012_val_00000138.JPEG,final,11,blocks[11],14,14,high_score_extreme,0.15,1,True,0.05008888244628906,0.00785796344280243,False,0.888850212097168
vit_base_patch16_224,6,ILSVRC2012_val_00000166.JPEG,final,11,blocks[11],14,14,high_score_extreme,0.15,1,True,0.07421493530273438,0.008126042783260345,False,0.8926541805267334
vit_base_patch16_224,7,ILSVRC2012_val_00000262.JPEG,final,11,blocks[11],14,14,high_score_extreme,0.15,1,True,-0.1377887725830078,0.006515763700008392,False,0.8926709890365601
vit_base_patch16_224,0,ILSVRC2012_val_00000031.JPEG,final,11,blocks[11],14,14,high_score_extreme,0.15,2,True,-0.5262079238891602,-0.042376138269901276,False,0.9039075970649719
vit_base_patch16_224,1,ILSVRC2012_val_00000081.JPEG,final,11,blocks[11],14,14,high_score_extreme,0.15,2,True,-0.1499643325805664,-0.013503994792699814,False,0.8843311667442322
vit_base_patch16_224,2,ILSVRC2012_val_00000102.JPEG,final,11,blocks[11],14,14,high_score_extreme,0.15,2,True,1.3354406356811523,0.32853102684020996,False,0.828129768371582
vit_base_patch16_224,3,ILSVRC2012_val_00000117.JPEG,final,11,blocks[11],14,14,high_score_extreme,0.15,2,True,0.6646728515625,0.07948699593544006,False,0.8946124911308289
vit_base_patch16_224,4,ILSVRC2012_val_00000120.JPEG,final,11,blocks[11],14,14,high_score_extreme,0.15,2,True,-0.2709789276123047,-0.04924406111240387,False,0.8954275846481323
vit_base_patch16_224,5,ILSVRC2012_val_00000138.JPEG,final,11,blocks[11],14,14,high_score_extreme,0.15,2,True,0.05008888244628906,0.00785796344280243,False,0.888850212097168
vit_base_patch16_224,6,ILSVRC2012_val_00000166.JPEG,final,11,blocks[11],14,14,high_score_extreme,0.15,2,True,0.07421493530273438,0.008126042783260345,False,0.8926541805267334
vit_base_patch16_224,7,ILSVRC2012_val_00000262.JPEG,final,11,blocks[11],14,14,high_score_extreme,0.15,2,True,-0.1377887725830078,0.006515763700008392,False,0.8926709890365601
vit_base_patch16_224,0,ILSVRC2012_val_00000031.JPEG,final,11,blocks[11],14,14,high_score_extreme,0.15,3,True,-0.5262079238891602,-0.042376138269901276,False,0.9039075970649719
vit_base_patch16_224,1,ILSVRC2012_val_00000081.JPEG,final,11,blocks[11],14,14,high_score_extreme,0.15,3,True,-0.1499643325805664,-0.013503994792699814,False,0.8843311667442322
vit_base_patch16_224,2,ILSVRC2012_val_00000102.JPEG,final,11,blocks[11],14,14,high_score_extreme,0.15,3,True,1.3354406356811523,0.32853102684020996,False,0.828129768371582
vit_base_patch16_224,3,ILSVRC2012_val_00000117.JPEG,final,11,blocks[11],14,14,high_score_extreme,0.15,3,True,0.6646728515625,0.07948699593544006,False,0.8946124911308289
vit_base_patch16_224,4,ILSVRC2012_val_00000120.JPEG,final,11,blocks[11],14,14,high_score_extreme,0.15,3,True,-0.2709789276123047,-0.04924406111240387,False,0.8954275846481323
vit_base_patch16_224,5,ILSVRC2012_val_00000138.JPEG,final,11,blocks[11],14,14,high_score_extreme,0.15,3,True,0.05008888244628906,0.00785796344280243,False,0.888850212097168
vit_base_patch16_224,6,ILSVRC2012_val_00000166.JPEG,final,11,blocks[11],14,14,high_score_extreme,0.15,3,True,0.07421493530273438,0.008126042783260345,False,0.8926541805267334
vit_base_patch16_224,7,ILSVRC2012_val_00000262.JPEG,final,11,blocks[11],14,14,high_score_extreme,0.15,3,True,-0.1377887725830078,0.006515763700008392,False,0.8926709890365601
vit_base_patch16_224,0,ILSVRC2012_val_00000031.JPEG,final,11,blocks[11],14,14,low_score_extreme,0.15,0,True,0.008122444152832031,0.0014694035053253174,False,0.6847029328346252
vit_base_patch16_224,1,ILSVRC2012_val_00000081.JPEG,final,11,blocks[11],14,14,low_score_extreme,0.15,0,True,-0.01907825469970703,-0.0004013553261756897,False,0.6498239040374756
vit_base_patch16_224,2,ILSVRC2012_val_00000102.JPEG,final,11,blocks[11],14,14,low_score_extreme,0.15,0,True,0.3481178283691406,0.04100814461708069,False,0.4159448444843292
vit_base_patch16_224,3,ILSVRC2012_val_00000117.JPEG,final,11,blocks[11],14,14,low_score_extreme,0.15,0,True,0.48924732208251953,0.04085606336593628,False,0.5715429186820984
vit_base_patch16_224,4,ILSVRC2012_val_00000120.JPEG,final,11,blocks[11],14,14,low_score_extreme,0.15,0,True,-0.427520751953125,-0.06698284298181534,False,0.7255941033363342
vit_base_patch16_224,5,ILSVRC2012_val_00000138.JPEG,final,11,blocks[11],14,14,low_score_extreme,0.15,0,True,0.04086589813232422,0.00921158492565155,False,0.720765233039856
vit_base_patch16_224,6,ILSVRC2012_val_00000166.JPEG,final,11,blocks[11],14,14,low_score_extreme,0.15,0,True,0.06017017364501953,0.0063323527574539185,False,0.7388935685157776
vit_base_patch16_224,7,ILSVRC2012_val_00000262.JPEG,final,11,blocks[11],14,14,low_score_extreme,0.15,0,True,0.061852455139160156,0.005727700889110565,False,0.6336706280708313
vit_base_patch16_224,0,ILSVRC2012_val_00000031.JPEG,final,11,blocks[11],14,14,low_score_extreme,0.15,1,True,0.008122444152832031,0.0014694035053253174,False,0.6847029328346252
vit_base_patch16_224,1,ILSVRC2012_val_00000081.JPEG,final,11,blocks[11],14,14,low_score_extreme,0.15,1,True,-0.01907825469970703,-0.0004013553261756897,False,0.6498239040374756
vit_base_patch16_224,2,ILSVRC2012_val_00000102.JPEG,final,11,blocks[11],14,14,low_score_extreme,0.15,1,True,0.3481178283691406,0.04100814461708069,False,0.4159448444843292
vit_base_patch16_224,3,ILSVRC2012_val_00000117.JPEG,final,11,blocks[11],14,14,low_score_extreme,0.15,1,True,0.48924732208251953,0.04085606336593628,False,0.5715429186820984
vit_base_patch16_224,4,ILSVRC2012_val_00000120.JPEG,final,11,blocks[11],14,14,low_score_extreme,0.15,1,True,-0.427520751953125,-0.06698284298181534,False,0.7255941033363342
vit_base_patch16_224,5,ILSVRC2012_val_00000138.JPEG,final,11,blocks[11],14,14,low_score_extreme,0.15,1,True,0.04086589813232422,0.00921158492565155,False,0.720765233039856
vit_base_patch16_224,6,ILSVRC2012_val_00000166.JPEG,final,11,blocks[11],14,14,low_score_extreme,0.15,1,True,0.06017017364501953,0.0063323527574539185,False,0.7388935685157776
vit_base_patch16_224,7,ILSVRC2012_val_00000262.JPEG,final,11,blocks[11],14,14,low_score_extreme,0.15,1,True,0.061852455139160156,0.005727700889110565,False,0.6336706280708313
vit_base_patch16_224,0,ILSVRC2012_val_00000031.JPEG,final,11,blocks[11],14,14,low_score_extreme,0.15,2,True,0.008122444152832031,0.0014694035053253174,False,0.6847029328346252
vit_base_patch16_224,1,ILSVRC2012_val_00000081.JPEG,final,11,blocks[11],14,14,low_score_extreme,0.15,2,True,-0.01907825469970703,-0.0004013553261756897,False,0.6498239040374756
vit_base_patch16_224,2,ILSVRC2012_val_00000102.JPEG,final,11,blocks[11],14,14,low_score_extreme,0.15,2,True,0.3481178283691406,0.04100814461708069,False,0.4159448444843292
vit_base_patch16_224,3,ILSVRC2012_val_00000117.JPEG,final,11,blocks[11],14,14,low_score_extreme,0.15,2,True,0.48924732208251953,0.04085606336593628,False,0.5715429186820984
vit_base_patch16_224,4,ILSVRC2012_val_00000120.JPEG,final,11,blocks[11],14,14,low_score_extreme,0.15,2,True,-0.427520751953125,-0.06698284298181534,False,0.7255941033363342
vit_base_patch16_224,5,ILSVRC2012_val_00000138.JPEG,final,11,blocks[11],14,14,low_score_extreme,0.15,2,True,0.04086589813232422,0.00921158492565155,False,0.720765233039856
vit_base_patch16_224,6,ILSVRC2012_val_00000166.JPEG,final,11,blocks[11],14,14,low_score_extreme,0.15,2,True,0.06017017364501953,0.0063323527574539185,False,0.7388935685157776
vit_base_patch16_224,7,ILSVRC2012_val_00000262.JPEG,final,11,blocks[11],14,14,low_score_extreme,0.15,2,True,0.061852455139160156,0.005727700889110565,False,0.6336706280708313
vit_base_patch16_224,0,ILSVRC2012_val_00000031.JPEG,final,11,blocks[11],14,14,low_score_extreme,0.15,3,True,0.008122444152832031,0.0014694035053253174,False,0.6847029328346252
vit_base_patch16_224,1,ILSVRC2012_val_00000081.JPEG,final,11,blocks[11],14,14,low_score_extreme,0.15,3,True,-0.01907825469970703,-0.0004013553261756897,False,0.6498239040374756
vit_base_patch16_224,2,ILSVRC2012_val_00000102.JPEG,final,11,blocks[11],14,14,low_score_extreme,0.15,3,True,0.3481178283691406,0.04100814461708069,False,0.4159448444843292
vit_base_patch16_224,3,ILSVRC2012_val_00000117.JPEG,final,11,blocks[11],14,14,low_score_extreme,0.15,3,True,0.48924732208251953,0.04085606336593628,False,0.5715429186820984
vit_base_patch16_224,4,ILSVRC2012_val_00000120.JPEG,final,11,blocks[11],14,14,low_score_extreme,0.15,3,True,-0.427520751953125,-0.06698284298181534,False,0.7255941033363342
vit_base_patch16_224,5,ILSVRC2012_val_00000138.JPEG,final,11,blocks[11],14,14,low_score_extreme,0.15,3,True,0.04086589813232422,0.00921158492565155,False,0.720765233039856
vit_base_patch16_224,6,ILSVRC2012_val_00000166.JPEG,final,11,blocks[11],14,14,low_score_extreme,0.15,3,True,0.06017017364501953,0.0063323527574539185,False,0.7388935685157776
vit_base_patch16_224,7,ILSVRC2012_val_00000262.JPEG,final,11,blocks[11],14,14,low_score_extreme,0.15,3,True,0.061852455139160156,0.005727700889110565,False,0.6336706280708313
vit_base_patch16_224,0,ILSVRC2012_val_00000031.JPEG,final,11,blocks[11],14,14,random_uniform,0.15,0,True,-0.026238441467285156,-0.0004693642258644104,False,0.8013550043106079
vit_base_patch16_224,1,ILSVRC2012_val_00000081.JPEG,final,11,blocks[11],14,14,random_uniform,0.15,0,True,-0.5163202285766602,-0.029266387224197388,False,0.8070842027664185
vit_base_patch16_224,2,ILSVRC2012_val_00000102.JPEG,final,11,blocks[11],14,14,random_uniform,0.15,0,True,0.8137521743774414,0.19687052071094513,False,0.6644327640533447
vit_base_patch16_224,3,ILSVRC2012_val_00000117.JPEG,final,11,blocks[11],14,14,random_uniform,0.15,0,True,0.3802366256713867,0.09837809205055237,False,0.798772394657135
vit_base_patch16_224,4,ILSVRC2012_val_00000120.JPEG,final,11,blocks[11],14,14,random_uniform,0.15,0,True,-0.3637218475341797,-0.06020700931549072,False,0.8273397088050842
vit_base_patch16_224,5,ILSVRC2012_val_00000138.JPEG,final,11,blocks[11],14,14,random_uniform,0.15,0,True,-0.1564788818359375,-0.016385123133659363,False,0.8390939831733704
vit_base_patch16_224,6,ILSVRC2012_val_00000166.JPEG,final,11,blocks[11],14,14,random_uniform,0.15,0,True,0.056758880615234375,0.005757279694080353,False,0.8487920761108398
vit_base_patch16_224,7,ILSVRC2012_val_00000262.JPEG,final,11,blocks[11],14,14,random_uniform,0.15,0,True,-0.008762359619140625,-1.946091651916504e-05,False,0.7860909104347229
vit_base_patch16_224,0,ILSVRC2012_val_00000031.JPEG,final,11,blocks[11],14,14,random_uniform,0.15,1,True,-0.14927101135253906,-0.017144933342933655,False,0.8083248138427734
vit_base_patch16_224,1,ILSVRC2012_val_00000081.JPEG,final,11,blocks[11],14,14,random_uniform,0.15,1,True,-0.42957401275634766,-0.025148995220661163,False,0.8001258969306946
vit_base_patch16_224,2,ILSVRC2012_val_00000102.JPEG,final,11,blocks[11],14,14,random_uniform,0.15,1,True,0.8584995269775391,0.2102879136800766,False,0.6934407353401184
vit_base_patch16_224,3,ILSVRC2012_val_00000117.JPEG,final,11,blocks[11],14,14,random_uniform,0.15,1,True,0.8351593017578125,0.1017540991306305,False,0.7543863654136658
vit_base_patch16_224,4,ILSVRC2012_val_00000120.JPEG,final,11,blocks[11],14,14,random_uniform,0.15,1,True,-0.16135406494140625,-0.03339526057243347,False,0.8433557748794556
vit_base_patch16_224,5,ILSVRC2012_val_00000138.JPEG,final,11,blocks[11],14,14,random_uniform,0.15,1,True,-0.18406963348388672,-0.02074124664068222,False,0.8430383801460266
vit_base_patch16_224,6,ILSVRC2012_val_00000166.JPEG,final,11,blocks[11],14,14,random_uniform,0.15,1,True,0.042407989501953125,0.004160918295383453,False,0.8465391397476196
vit_base_patch16_224,7,ILSVRC2012_val_00000262.JPEG,final,11,blocks[11],14,14,random_uniform,0.15,1,True,0.15206050872802734,0.015542186796665192,False,0.7809112668037415
vit_base_patch16_224,0,ILSVRC2012_val_00000031.JPEG,final,11,blocks[11],14,14,random_uniform,0.15,2,True,0.08445549011230469,0.013005331158638,False,0.8081937432289124
vit_base_patch16_224,1,ILSVRC2012_val_00000081.JPEG,final,11,blocks[11],14,14,random_uniform,0.15,2,True,-0.3753490447998047,-0.021570924669504166,False,0.7935805320739746
vit_base_patch16_224,2,ILSVRC2012_val_00000102.JPEG,final,11,blocks[11],14,14,random_uniform,0.15,2,True,0.6347150802612305,0.1097165197134018,False,0.6339636445045471
vit_base_patch16_224,3,ILSVRC2012_val_00000117.JPEG,final,11,blocks[11],14,14,random_uniform,0.15,2,True,0.4816761016845703,-0.023637115955352783,False,0.7772544026374817
vit_base_patch16_224,4,ILSVRC2012_val_00000120.JPEG,final,11,blocks[11],14,14,random_uniform,0.15,2,True,-0.2335672378540039,-0.04266136884689331,False,0.8382437825202942
vit_base_patch16_224,5,ILSVRC2012_val_00000138.JPEG,final,11,blocks[11],14,14,random_uniform,0.15,2,True,-0.10235023498535156,-0.010296836495399475,False,0.8376291990280151
vit_base_patch16_224,6,ILSVRC2012_val_00000166.JPEG,final,11,blocks[11],14,14,random_uniform,0.15,2,True,0.04960155487060547,0.005048073828220367,False,0.8469691872596741
vit_base_patch16_224,7,ILSVRC2012_val_00000262.JPEG,final,11,blocks[11],14,14,random_uniform,0.15,2,True,0.15859127044677734,0.022750504314899445,False,0.7783014178276062
vit_base_patch16_224,0,ILSVRC2012_val_00000031.JPEG,final,11,blocks[11],14,14,random_uniform,0.15,3,True,0.10552501678466797,0.01467481255531311,False,0.8115656971931458
vit_base_patch16_224,1,ILSVRC2012_val_00000081.JPEG,final,11,blocks[11],14,14,random_uniform,0.15,3,True,-0.5430183410644531,-0.02966582402586937,False,0.814167320728302
vit_base_patch16_224,2,ILSVRC2012_val_00000102.JPEG,final,11,blocks[11],14,14,random_uniform,0.15,3,True,0.9557018280029297,0.23660878837108612,False,0.6861839890480042
vit_base_patch16_224,3,ILSVRC2012_val_00000117.JPEG,final,11,blocks[11],14,14,random_uniform,0.15,3,True,0.7988290786743164,0.15357264876365662,False,0.8270891308784485
vit_base_patch16_224,4,ILSVRC2012_val_00000120.JPEG,final,11,blocks[11],14,14,random_uniform,0.15,3,True,-0.2937335968017578,-0.051403701305389404,False,0.8310738801956177
vit_base_patch16_224,5,ILSVRC2012_val_00000138.JPEG,final,11,blocks[11],14,14,random_uniform,0.15,3,True,-0.0181732177734375,-0.0008016675710678101,False,0.8350290656089783
vit_base_patch16_224,6,ILSVRC2012_val_00000166.JPEG,final,11,blocks[11],14,14,random_uniform,0.15,3,True,0.04357624053955078,0.0040197670459747314,False,0.8542644381523132
vit_base_patch16_224,7,ILSVRC2012_val_00000262.JPEG,final,11,blocks[11],14,14,random_uniform,0.15,3,True,0.00157928466796875,-0.0015225782990455627,False,0.7710082530975342
vit_base_patch16_224,0,ILSVRC2012_val_00000031.JPEG,final,11,blocks[11],14,14,score_deviation_extreme,0.15,0,True,-0.05251789093017578,-0.006719209253787994,False,0.7875369191169739
vit_base_patch16_224,1,ILSVRC2012_val_00000081.JPEG,final,11,blocks[11],14,14,score_deviation_extreme,0.15,0,True,-0.01907825469970703,-0.0004013553261756897,False,0.6498239040374756
vit_base_patch16_224,2,ILSVRC2012_val_00000102.JPEG,final,11,blocks[11],14,14,score_deviation_extreme,0.15,0,True,0.3481178283691406,0.04100814461708069,False,0.4159448444843292
vit_base_patch16_224,3,ILSVRC2012_val_00000117.JPEG,final,11,blocks[11],14,14,score_deviation_extreme,0.15,0,True,0.48924732208251953,0.04085606336593628,False,0.5715429186820984
vit_base_patch16_224,4,ILSVRC2012_val_00000120.JPEG,final,11,blocks[11],14,14,score_deviation_extreme,0.15,0,True,-0.4057474136352539,-0.06478437781333923,False,0.7420900464057922
vit_base_patch16_224,5,ILSVRC2012_val_00000138.JPEG,final,11,blocks[11],14,14,score_deviation_extreme,0.15,0,True,0.04086589813232422,0.00921158492565155,False,0.720765233039856
vit_base_patch16_224,6,ILSVRC2012_val_00000166.JPEG,final,11,blocks[11],14,14,score_deviation_extreme,0.15,0,True,0.06017017364501953,0.0063323527574539185,False,0.7388935685157776
vit_base_patch16_224,7,ILSVRC2012_val_00000262.JPEG,final,11,blocks[11],14,14,score_deviation_extreme,0.15,0,True,0.061852455139160156,0.005727700889110565,False,0.6336706280708313
vit_base_patch16_224,0,ILSVRC2012_val_00000031.JPEG,final,11,blocks[11],14,14,score_deviation_extreme,0.15,1,True,-0.05251789093017578,-0.006719209253787994,False,0.7875369191169739
vit_base_patch16_224,1,ILSVRC2012_val_00000081.JPEG,final,11,blocks[11],14,14,score_deviation_extreme,0.15,1,True,-0.01907825469970703,-0.0004013553261756897,False,0.6498239040374756
vit_base_patch16_224,2,ILSVRC2012_val_00000102.JPEG,final,11,blocks[11],14,14,score_deviation_extreme,0.15,1,True,0.3481178283691406,0.04100814461708069,False,0.4159448444843292
vit_base_patch16_224,3,ILSVRC2012_val_00000117.JPEG,final,11,blocks[11],14,14,score_deviation_extreme,0.15,1,True,0.48924732208251953,0.04085606336593628,False,0.5715429186820984
vit_base_patch16_224,4,ILSVRC2012_val_00000120.JPEG,final,11,blocks[11],14,14,score_deviation_extreme,0.15,1,True,-0.4057474136352539,-0.06478437781333923,False,0.7420900464057922
vit_base_patch16_224,5,ILSVRC2012_val_00000138.JPEG,final,11,blocks[11],14,14,score_deviation_extreme,0.15,1,True,0.04086589813232422,0.00921158492565155,False,0.720765233039856
vit_base_patch16_224,6,ILSVRC2012_val_00000166.JPEG,final,11,blocks[11],14,14,score_deviation_extreme,0.15,1,True,0.06017017364501953,0.0063323527574539185,False,0.7388935685157776
vit_base_patch16_224,7,ILSVRC2012_val_00000262.JPEG,final,11,blocks[11],14,14,score_deviation_extreme,0.15,1,True,0.061852455139160156,0.005727700889110565,False,0.6336706280708313
vit_base_patch16_224,0,ILSVRC2012_val_00000031.JPEG,final,11,blocks[11],14,14,score_deviation_extreme,0.15,2,True,-0.05251789093017578,-0.006719209253787994,False,0.7875369191169739
vit_base_patch16_224,1,ILSVRC2012_val_00000081.JPEG,final,11,blocks[11],14,14,score_deviation_extreme,0.15,2,True,-0.01907825469970703,-0.0004013553261756897,False,0.6498239040374756
vit_base_patch16_224,2,ILSVRC2012_val_00000102.JPEG,final,11,blocks[11],14,14,score_deviation_extreme,0.15,2,True,0.3481178283691406,0.04100814461708069,False,0.4159448444843292
vit_base_patch16_224,3,ILSVRC2012_val_00000117.JPEG,final,11,blocks[11],14,14,score_deviation_extreme,0.15,2,True,0.48924732208251953,0.04085606336593628,False,0.5715429186820984
vit_base_patch16_224,4,ILSVRC2012_val_00000120.JPEG,final,11,blocks[11],14,14,score_deviation_extreme,0.15,2,True,-0.4057474136352539,-0.06478437781333923,False,0.7420900464057922
vit_base_patch16_224,5,ILSVRC2012_val_00000138.JPEG,final,11,blocks[11],14,14,score_deviation_extreme,0.15,2,True,0.04086589813232422,0.00921158492565155,False,0.720765233039856
vit_base_patch16_224,6,ILSVRC2012_val_00000166.JPEG,final,11,blocks[11],14,14,score_deviation_extreme,0.15,2,True,0.06017017364501953,0.0063323527574539185,False,0.7388935685157776
vit_base_patch16_224,7,ILSVRC2012_val_00000262.JPEG,final,11,blocks[11],14,14,score_deviation_extreme,0.15,2,True,0.061852455139160156,0.005727700889110565,False,0.6336706280708313
vit_base_patch16_224,0,ILSVRC2012_val_00000031.JPEG,final,11,blocks[11],14,14,score_deviation_extreme,0.15,3,True,-0.05251789093017578,-0.006719209253787994,False,0.7875369191169739
vit_base_patch16_224,1,ILSVRC2012_val_00000081.JPEG,final,11,blocks[11],14,14,score_deviation_extreme,0.15,3,True,-0.01907825469970703,-0.0004013553261756897,False,0.6498239040374756
vit_base_patch16_224,2,ILSVRC2012_val_00000102.JPEG,final,11,blocks[11],14,14,score_deviation_extreme,0.15,3,True,0.3481178283691406,0.04100814461708069,False,0.4159448444843292
vit_base_patch16_224,3,ILSVRC2012_val_00000117.JPEG,final,11,blocks[11],14,14,score_deviation_extreme,0.15,3,True,0.48924732208251953,0.04085606336593628,False,0.5715429186820984
vit_base_patch16_224,4,ILSVRC2012_val_00000120.JPEG,final,11,blocks[11],14,14,score_deviation_extreme,0.15,3,True,-0.4057474136352539,-0.06478437781333923,False,0.7420900464057922
vit_base_patch16_224,5,ILSVRC2012_val_00000138.JPEG,final,11,blocks[11],14,14,score_deviation_extreme,0.15,3,True,0.04086589813232422,0.00921158492565155,False,0.720765233039856
vit_base_patch16_224,6,ILSVRC2012_val_00000166.JPEG,final,11,blocks[11],14,14,score_deviation_extreme,0.15,3,True,0.06017017364501953,0.0063323527574539185,False,0.7388935685157776
vit_base_patch16_224,7,ILSVRC2012_val_00000262.JPEG,final,11,blocks[11],14,14,score_deviation_extreme,0.15,3,True,0.061852455139160156,0.005727700889110565,False,0.6336706280708313
vit_base_patch16_224,8,ILSVRC2012_val_00000299.JPEG,early,0,feature_modules[0],14,14,high_score_extreme,0.15,0,True,0.0043811798095703125,-0.09336710721254349,False,0.29232585430145264
vit_base_patch16_224,9,ILSVRC2012_val_00000410.JPEG,early,0,feature_modules[0],14,14,high_score_extreme,0.15,0,True,-0.14514923095703125,-0.00041397660970687866,False,0.31692275404930115
vit_base_patch16_224,10,ILSVRC2012_val_00000499.JPEG,early,0,feature_modules[0],14,14,high_score_extreme,0.15,0,True,0.09017753601074219,0.010190896689891815,False,0.3227039873600006
vit_base_patch16_224,11,ILSVRC2012_val_00000526.JPEG,early,0,feature_modules[0],14,14,high_score_extreme,0.15,0,True,0.10227203369140625,0.0195060595870018,False,0.31579509377479553
vit_base_patch16_224,12,ILSVRC2012_val_00000537.JPEG,early,0,feature_modules[0],14,14,high_score_extreme,0.15,0,True,-0.11763477325439453,-0.013597540557384491,False,0.3087855875492096
vit_base_patch16_224,13,ILSVRC2012_val_00000548.JPEG,early,0,feature_modules[0],14,14,high_score_extreme,0.15,0,True,0.4932241439819336,0.06027466803789139,False,0.29027533531188965
vit_base_patch16_224,14,ILSVRC2012_val_00000575.JPEG,early,0,feature_modules[0],14,14,high_score_extreme,0.15,0,False,-0.15822839736938477,-0.10708379745483398,True,0.30822351574897766
vit_base_patch16_224,15,ILSVRC2012_val_00000602.JPEG,early,0,feature_modules[0],14,14,high_score_extreme,0.15,0,True,0.08135700225830078,0.007904194295406342,False,0.2897312641143799
vit_base_patch16_224,8,ILSVRC2012_val_00000299.JPEG,early,0,feature_modules[0],14,14,high_score_extreme,0.15,1,True,0.0043811798095703125,-0.09336710721254349,False,0.29232585430145264
vit_base_patch16_224,9,ILSVRC2012_val_00000410.JPEG,early,0,feature_modules[0],14,14,high_score_extreme,0.15,1,True,-0.14514923095703125,-0.00041397660970687866,False,0.31692275404930115
vit_base_patch16_224,10,ILSVRC2012_val_00000499.JPEG,early,0,feature_modules[0],14,14,high_score_extreme,0.15,1,True,0.09017753601074219,0.010190896689891815,False,0.3227039873600006
vit_base_patch16_224,11,ILSVRC2012_val_00000526.JPEG,early,0,feature_modules[0],14,14,high_score_extreme,0.15,1,True,0.10227203369140625,0.0195060595870018,False,0.31579509377479553
vit_base_patch16_224,12,ILSVRC2012_val_00000537.JPEG,early,0,feature_modules[0],14,14,high_score_extreme,0.15,1,True,-0.11763477325439453,-0.013597540557384491,False,0.3087855875492096
vit_base_patch16_224,13,ILSVRC2012_val_00000548.JPEG,early,0,feature_modules[0],14,14,high_score_extreme,0.15,1,True,0.4932241439819336,0.06027466803789139,False,0.29027533531188965
vit_base_patch16_224,14,ILSVRC2012_val_00000575.JPEG,early,0,feature_modules[0],14,14,high_score_extreme,0.15,1,False,-0.15822839736938477,-0.10708379745483398,True,0.30822351574897766
vit_base_patch16_224,15,ILSVRC2012_val_00000602.JPEG,early,0,feature_modules[0],14,14,high_score_extreme,0.15,1,True,0.08135700225830078,0.007904194295406342,False,0.2897312641143799
vit_base_patch16_224,8,ILSVRC2012_val_00000299.JPEG,early,0,feature_modules[0],14,14,high_score_extreme,0.15,2,True,0.0043811798095703125,-0.09336710721254349,False,0.29232585430145264
vit_base_patch16_224,9,ILSVRC2012_val_00000410.JPEG,early,0,feature_modules[0],14,14,high_score_extreme,0.15,2,True,-0.14514923095703125,-0.00041397660970687866,False,0.31692275404930115
vit_base_patch16_224,10,ILSVRC2012_val_00000499.JPEG,early,0,feature_modules[0],14,14,high_score_extreme,0.15,2,True,0.09017753601074219,0.010190896689891815,False,0.3227039873600006
vit_base_patch16_224,11,ILSVRC2012_val_00000526.JPEG,early,0,feature_modules[0],14,14,high_score_extreme,0.15,2,True,0.10227203369140625,0.0195060595870018,False,0.31579509377479553
vit_base_patch16_224,12,ILSVRC2012_val_00000537.JPEG,early,0,feature_modules[0],14,14,high_score_extreme,0.15,2,True,-0.11763477325439453,-0.013597540557384491,False,0.3087855875492096
vit_base_patch16_224,13,ILSVRC2012_val_00000548.JPEG,early,0,feature_modules[0],14,14,high_score_extreme,0.15,2,True,0.4932241439819336,0.06027466803789139,False,0.29027533531188965
vit_base_patch16_224,14,ILSVRC2012_val_00000575.JPEG,early,0,feature_modules[0],14,14,high_score_extreme,0.15,2,False,-0.15822839736938477,-0.10708379745483398,True,0.30822351574897766
vit_base_patch16_224,15,ILSVRC2012_val_00000602.JPEG,early,0,feature_modules[0],14,14,high_score_extreme,0.15,2,True,0.08135700225830078,0.007904194295406342,False,0.2897312641143799
vit_base_patch16_224,8,ILSVRC2012_val_00000299.JPEG,early,0,feature_modules[0],14,14,high_score_extreme,0.15,3,True,0.0043811798095703125,-0.09336710721254349,False,0.29232585430145264
vit_base_patch16_224,9,ILSVRC2012_val_00000410.JPEG,early,0,feature_modules[0],14,14,high_score_extreme,0.15,3,True,-0.14514923095703125,-0.00041397660970687866,False,0.31692275404930115
vit_base_patch16_224,10,ILSVRC2012_val_00000499.JPEG,early,0,feature_modules[0],14,14,high_score_extreme,0.15,3,True,0.09017753601074219,0.010190896689891815,False,0.3227039873600006
vit_base_patch16_224,11,ILSVRC2012_val_00000526.JPEG,early,0,feature_modules[0],14,14,high_score_extreme,0.15,3,True,0.10227203369140625,0.0195060595870018,False,0.31579509377479553
vit_base_patch16_224,12,ILSVRC2012_val_00000537.JPEG,early,0,feature_modules[0],14,14,high_score_extreme,0.15,3,True,-0.11763477325439453,-0.013597540557384491,False,0.3087855875492096
vit_base_patch16_224,13,ILSVRC2012_val_00000548.JPEG,early,0,feature_modules[0],14,14,high_score_extreme,0.15,3,True,0.4932241439819336,0.06027466803789139,False,0.29027533531188965
vit_base_patch16_224,14,ILSVRC2012_val_00000575.JPEG,early,0,feature_modules[0],14,14,high_score_extreme,0.15,3,False,-0.15822839736938477,-0.10708379745483398,True,0.30822351574897766
vit_base_patch16_224,15,ILSVRC2012_val_00000602.JPEG,early,0,feature_modules[0],14,14,high_score_extreme,0.15,3,True,0.08135700225830078,0.007904194295406342,False,0.2897312641143799
vit_base_patch16_224,8,ILSVRC2012_val_00000299.JPEG,early,0,feature_modules[0],14,14,low_score_extreme,0.15,0,True,-0.18737220764160156,-0.09513431042432785,False,0.23489995300769806
vit_base_patch16_224,9,ILSVRC2012_val_00000410.JPEG,early,0,feature_modules[0],14,14,low_score_extreme,0.15,0,True,0.3852424621582031,0.03728369623422623,False,0.22039535641670227
vit_base_patch16_224,10,ILSVRC2012_val_00000499.JPEG,early,0,feature_modules[0],14,14,low_score_extreme,0.15,0,True,0.10025405883789062,0.011270225048065186,False,0.23384732007980347
vit_base_patch16_224,11,ILSVRC2012_val_00000526.JPEG,early,0,feature_modules[0],14,14,low_score_extreme,0.15,0,True,0.20407390594482422,0.018016859889030457,False,0.21752804517745972
vit_base_patch16_224,12,ILSVRC2012_val_00000537.JPEG,early,0,feature_modules[0],14,14,low_score_extreme,0.15,0,True,0.09672355651855469,0.01727399230003357,False,0.19718413054943085
vit_base_patch16_224,13,ILSVRC2012_val_00000548.JPEG,early,0,feature_modules[0],14,14,low_score_extreme,0.15,0,True,1.3602824211120605,0.3300548493862152,False,0.24800267815589905
vit_base_patch16_224,14,ILSVRC2012_val_00000575.JPEG,early,0,feature_modules[0],14,14,low_score_extreme,0.15,0,False,0.0674433708190918,0.18356889486312866,False,0.22443372011184692
vit_base_patch16_224,15,ILSVRC2012_val_00000602.JPEG,early,0,feature_modules[0],14,14,low_score_extreme,0.15,0,True,0.4971656799316406,0.061816148459911346,False,0.20350845158100128
vit_base_patch16_224,8,ILSVRC2012_val_00000299.JPEG,early,0,feature_modules[0],14,14,low_score_extreme,0.15,1,True,-0.18737220764160156,-0.09513431042432785,False,0.23489995300769806
vit_base_patch16_224,9,ILSVRC2012_val_00000410.JPEG,early,0,feature_modules[0],14,14,low_score_extreme,0.15,1,True,0.3852424621582031,0.03728369623422623,False,0.22039535641670227
vit_base_patch16_224,10,ILSVRC2012_val_00000499.JPEG,early,0,feature_modules[0],14,14,low_score_extreme,0.15,1,True,0.10025405883789062,0.011270225048065186,False,0.23384732007980347
vit_base_patch16_224,11,ILSVRC2012_val_00000526.JPEG,early,0,feature_modules[0],14,14,low_score_extreme,0.15,1,True,0.20407390594482422,0.018016859889030457,False,0.21752804517745972
vit_base_patch16_224,12,ILSVRC2012_val_00000537.JPEG,early,0,feature_modules[0],14,14,low_score_extreme,0.15,1,True,0.09672355651855469,0.01727399230003357,False,0.19718413054943085
vit_base_patch16_224,13,ILSVRC2012_val_00000548.JPEG,early,0,feature_modules[0],14,14,low_score_extreme,0.15,1,True,1.3602824211120605,0.3300548493862152,False,0.24800267815589905
vit_base_patch16_224,14,ILSVRC2012_val_00000575.JPEG,early,0,feature_modules[0],14,14,low_score_extreme,0.15,1,False,0.0674433708190918,0.18356889486312866,False,0.22443372011184692
vit_base_patch16_224,15,ILSVRC2012_val_00000602.JPEG,early,0,feature_modules[0],14,14,low_score_extreme,0.15,1,True,0.4971656799316406,0.061816148459911346,False,0.20350845158100128
vit_base_patch16_224,8,ILSVRC2012_val_00000299.JPEG,early,0,feature_modules[0],14,14,low_score_extreme,0.15,2,True,-0.18737220764160156,-0.09513431042432785,False,0.23489995300769806
vit_base_patch16_224,9,ILSVRC2012_val_00000410.JPEG,early,0,feature_modules[0],14,14,low_score_extreme,0.15,2,True,0.3852424621582031,0.03728369623422623,False,0.22039535641670227
vit_base_patch16_224,10,ILSVRC2012_val_00000499.JPEG,early,0,feature_modules[0],14,14,low_score_extreme,0.15,2,True,0.10025405883789062,0.011270225048065186,False,0.23384732007980347
vit_base_patch16_224,11,ILSVRC2012_val_00000526.JPEG,early,0,feature_modules[0],14,14,low_score_extreme,0.15,2,True,0.20407390594482422,0.018016859889030457,False,0.21752804517745972
vit_base_patch16_224,12,ILSVRC2012_val_00000537.JPEG,early,0,feature_modules[0],14,14,low_score_extreme,0.15,2,True,0.09672355651855469,0.01727399230003357,False,0.19718413054943085
vit_base_patch16_224,13,ILSVRC2012_val_00000548.JPEG,early,0,feature_modules[0],14,14,low_score_extreme,0.15,2,True,1.3602824211120605,0.3300548493862152,False,0.24800267815589905
vit_base_patch16_224,14,ILSVRC2012_val_00000575.JPEG,early,0,feature_modules[0],14,14,low_score_extreme,0.15,2,False,0.0674433708190918,0.18356889486312866,False,0.22443372011184692
vit_base_patch16_224,15,ILSVRC2012_val_00000602.JPEG,early,0,feature_modules[0],14,14,low_score_extreme,0.15,2,True,0.4971656799316406,0.061816148459911346,False,0.20350845158100128
vit_base_patch16_224,8,ILSVRC2012_val_00000299.JPEG,early,0,feature_modules[0],14,14,low_score_extreme,0.15,3,True,-0.18737220764160156,-0.09513431042432785,False,0.23489995300769806
vit_base_patch16_224,9,ILSVRC2012_val_00000410.JPEG,early,0,feature_modules[0],14,14,low_score_extreme,0.15,3,True,0.3852424621582031,0.03728369623422623,False,0.22039535641670227
vit_base_patch16_224,10,ILSVRC2012_val_00000499.JPEG,early,0,feature_modules[0],14,14,low_score_extreme,0.15,3,True,0.10025405883789062,0.011270225048065186,False,0.23384732007980347
vit_base_patch16_224,11,ILSVRC2012_val_00000526.JPEG,early,0,feature_modules[0],14,14,low_score_extreme,0.15,3,True,0.20407390594482422,0.018016859889030457,False,0.21752804517745972
vit_base_patch16_224,12,ILSVRC2012_val_00000537.JPEG,early,0,feature_modules[0],14,14,low_score_extreme,0.15,3,True,0.09672355651855469,0.01727399230003357,False,0.19718413054943085
vit_base_patch16_224,13,ILSVRC2012_val_00000548.JPEG,early,0,feature_modules[0],14,14,low_score_extreme,0.15,3,True,1.3602824211120605,0.3300548493862152,False,0.24800267815589905
vit_base_patch16_224,14,ILSVRC2012_val_00000575.JPEG,early,0,feature_modules[0],14,14,low_score_extreme,0.15,3,False,0.0674433708190918,0.18356889486312866,False,0.22443372011184692
vit_base_patch16_224,15,ILSVRC2012_val_00000602.JPEG,early,0,feature_modules[0],14,14,low_score_extreme,0.15,3,True,0.4971656799316406,0.061816148459911346,False,0.20350845158100128
vit_base_patch16_224,8,ILSVRC2012_val_00000299.JPEG,early,0,feature_modules[0],14,14,random_uniform,0.15,0,True,-0.18781661987304688,-0.04870447516441345,False,0.2575042247772217
vit_base_patch16_224,9,ILSVRC2012_val_00000410.JPEG,early,0,feature_modules[0],14,14,random_uniform,0.15,0,True,0.006545066833496094,-0.0027534887194633484,False,0.2731918692588806
vit_base_patch16_224,10,ILSVRC2012_val_00000499.JPEG,early,0,feature_modules[0],14,14,random_uniform,0.15,0,True,-0.050502777099609375,-0.004226215183734894,False,0.2710813879966736
vit_base_patch16_224,11,ILSVRC2012_val_00000526.JPEG,early,0,feature_modules[0],14,14,random_uniform,0.15,0,True,0.29402732849121094,0.061586491763591766,False,0.2620384693145752
vit_base_patch16_224,12,ILSVRC2012_val_00000537.JPEG,early,0,feature_modules[0],14,14,random_uniform,0.15,0,True,0.06471538543701172,0.03067658841609955,False,0.25010570883750916
vit_base_patch16_224,13,ILSVRC2012_val_00000548.JPEG,early,0,feature_modules[0],14,14,random_uniform,0.15,0,True,0.5066499710083008,0.07056177407503128,False,0.27569448947906494
vit_base_patch16_224,14,ILSVRC2012_val_00000575.JPEG,early,0,feature_modules[0],14,14,random_uniform,0.15,0,False,0.16127920150756836,0.10697656869888306,False,0.26526060700416565
vit_base_patch16_224,15,ILSVRC2012_val_00000602.JPEG,early,0,feature_modules[0],14,14,random_uniform,0.15,0,True,-0.05547618865966797,-0.007127732038497925,False,0.23616978526115417
vit_base_patch16_224,8,ILSVRC2012_val_00000299.JPEG,early,0,feature_modules[0],14,14,random_uniform,0.15,1,True,0.15680313110351562,-0.05127492547035217,False,0.26021456718444824
vit_base_patch16_224,9,ILSVRC2012_val_00000410.JPEG,early,0,feature_modules[0],14,14,random_uniform,0.15,1,True,-0.046382904052734375,-0.003393121063709259,False,0.27176693081855774
vit_base_patch16_224,10,ILSVRC2012_val_00000499.JPEG,early,0,feature_modules[0],14,14,random_uniform,0.15,1,True,0.03393745422363281,0.004309810698032379,False,0.27414947748184204
vit_base_patch16_224,11,ILSVRC2012_val_00000526.JPEG,early,0,feature_modules[0],14,14,random_uniform,0.15,1,True,0.16733741760253906,0.034641824662685394,False,0.2653769850730896
vit_base_patch16_224,12,ILSVRC2012_val_00000537.JPEG,early,0,feature_modules[0],14,14,random_uniform,0.15,1,True,0.2066211700439453,0.027629584074020386,False,0.2481367439031601
vit_base_patch16_224,13,ILSVRC2012_val_00000548.JPEG,early,0,feature_modules[0],14,14,random_uniform,0.15,1,True,0.8804893493652344,0.15122371912002563,False,0.27088406682014465
vit_base_patch16_224,14,ILSVRC2012_val_00000575.JPEG,early,0,feature_modules[0],14,14,random_uniform,0.15,1,False,0.29204654693603516,0.24400633573532104,False,0.26739826798439026
vit_base_patch16_224,15,ILSVRC2012_val_00000602.JPEG,early,0,feature_modules[0],14,14,random_uniform,0.15,1,True,0.015952110290527344,0.0016959309577941895,False,0.2452569156885147
vit_base_patch16_224,8,ILSVRC2012_val_00000299.JPEG,early,0,feature_modules[0],14,14,random_uniform,0.15,2,True,-0.09247970581054688,0.01441781222820282,False,0.25602486729621887
vit_base_patch16_224,9,ILSVRC2012_val_00000410.JPEG,early,0,feature_modules[0],14,14,random_uniform,0.15,2,True,0.0863943099975586,0.018590189516544342,False,0.2709445655345917
vit_base_patch16_224,10,ILSVRC2012_val_00000499.JPEG,early,0,feature_modules[0],14,14,random_uniform,0.15,2,True,-0.04366588592529297,-0.004294566810131073,False,0.2763335704803467
vit_base_patch16_224,11,ILSVRC2012_val_00000526.JPEG,early,0,feature_modules[0],14,14,random_uniform,0.15,2,True,0.27892017364501953,0.043512485921382904,False,0.25874051451683044
vit_base_patch16_224,12,ILSVRC2012_val_00000537.JPEG,early,0,feature_modules[0],14,14,random_uniform,0.15,2,True,0.089569091796875,0.0147484689950943,False,0.2490648329257965
vit_base_patch16_224,13,ILSVRC2012_val_00000548.JPEG,early,0,feature_modules[0],14,14,random_uniform,0.15,2,True,0.45500755310058594,0.07564250379800797,False,0.2773953676223755
vit_base_patch16_224,14,ILSVRC2012_val_00000575.JPEG,early,0,feature_modules[0],14,14,random_uniform,0.15,2,False,0.07512331008911133,0.09207314252853394,False,0.26122599840164185
vit_base_patch16_224,15,ILSVRC2012_val_00000602.JPEG,early,0,feature_modules[0],14,14,random_uniform,0.15,2,True,0.18850135803222656,0.0330919548869133,False,0.24560973048210144
vit_base_patch16_224,8,ILSVRC2012_val_00000299.JPEG,early,0,feature_modules[0],14,14,random_uniform,0.15,3,True,-0.2330913543701172,-0.10624007880687714,False,0.26124945282936096
vit_base_patch16_224,9,ILSVRC2012_val_00000410.JPEG,early,0,feature_modules[0],14,14,random_uniform,0.15,3,True,0.09905719757080078,0.0069260746240615845,False,0.27444952726364136
vit_base_patch16_224,10,ILSVRC2012_val_00000499.JPEG,early,0,feature_modules[0],14,14,random_uniform,0.15,3,True,0.06961822509765625,0.008166201412677765,False,0.2807058095932007
vit_base_patch16_224,11,ILSVRC2012_val_00000526.JPEG,early,0,feature_modules[0],14,14,random_uniform,0.15,3,True,0.3377037048339844,0.05371985584497452,False,0.26676779985427856
vit_base_patch16_224,12,ILSVRC2012_val_00000537.JPEG,early,0,feature_modules[0],14,14,random_uniform,0.15,3,True,-0.005434989929199219,0.004574596881866455,False,0.24991485476493835
vit_base_patch16_224,13,ILSVRC2012_val_00000548.JPEG,early,0,feature_modules[0],14,14,random_uniform,0.15,3,True,0.4860715866088867,0.08076847344636917,False,0.2718978822231293
vit_base_patch16_224,14,ILSVRC2012_val_00000575.JPEG,early,0,feature_modules[0],14,14,random_uniform,0.15,3,False,0.14112043380737305,0.10015898942947388,False,0.26200711727142334
vit_base_patch16_224,15,ILSVRC2012_val_00000602.JPEG,early,0,feature_modules[0],14,14,random_uniform,0.15,3,True,0.13892555236816406,0.018624477088451385,False,0.24382296204566956
vit_base_patch16_224,8,ILSVRC2012_val_00000299.JPEG,early,0,feature_modules[0],14,14,score_deviation_extreme,0.15,0,True,0.07459640502929688,-0.06172165274620056,False,0.2794978618621826
vit_base_patch16_224,9,ILSVRC2012_val_00000410.JPEG,early,0,feature_modules[0],14,14,score_deviation_extreme,0.15,0,True,0.20193862915039062,0.018728837370872498,False,0.2433326691389084
vit_base_patch16_224,10,ILSVRC2012_val_00000499.JPEG,early,0,feature_modules[0],14,14,score_deviation_extreme,0.15,0,True,0.003444671630859375,0.0005524307489395142,False,0.2786506712436676
vit_base_patch16_224,11,ILSVRC2012_val_00000526.JPEG,early,0,feature_modules[0],14,14,score_deviation_extreme,0.15,0,True,0.20017623901367188,0.034322164952754974,False,0.2650832235813141
vit_base_patch16_224,12,ILSVRC2012_val_00000537.JPEG,early,0,feature_modules[0],14,14,score_deviation_extreme,0.15,0,True,-0.17820072174072266,-0.019637972116470337,False,0.2623339295387268
vit_base_patch16_224,13,ILSVRC2012_val_00000548.JPEG,early,0,feature_modules[0],14,14,score_deviation_extreme,0.15,0,True,1.2446565628051758,0.38055622577667236,False,0.2528201639652252
vit_base_patch16_224,14,ILSVRC2012_val_00000575.JPEG,early,0,feature_modules[0],14,14,score_deviation_extreme,0.15,0,False,0.08198308944702148,0.15720897912979126,False,0.2701855003833771
vit_base_patch16_224,15,ILSVRC2012_val_00000602.JPEG,early,0,feature_modules[0],14,14,score_deviation_extreme,0.15,0,True,0.38979148864746094,0.045578159391880035,False,0.25593674182891846
vit_base_patch16_224,8,ILSVRC2012_val_00000299.JPEG,early,0,feature_modules[0],14,14,score_deviation_extreme,0.15,1,True,0.07459640502929688,-0.06172165274620056,False,0.2794978618621826
vit_base_patch16_224,9,ILSVRC2012_val_00000410.JPEG,early,0,feature_modules[0],14,14,score_deviation_extreme,0.15,1,True,0.20193862915039062,0.018728837370872498,False,0.2433326691389084
vit_base_patch16_224,10,ILSVRC2012_val_00000499.JPEG,early,0,feature_modules[0],14,14,score_deviation_extreme,0.15,1,True,0.003444671630859375,0.0005524307489395142,False,0.2786506712436676
vit_base_patch16_224,11,ILSVRC2012_val_00000526.JPEG,early,0,feature_modules[0],14,14,score_deviation_extreme,0.15,1,True,0.20017623901367188,0.034322164952754974,False,0.2650832235813141
vit_base_patch16_224,12,ILSVRC2012_val_00000537.JPEG,early,0,feature_modules[0],14,14,score_deviation_extreme,0.15,1,True,-0.17820072174072266,-0.019637972116470337,False,0.2623339295387268
vit_base_patch16_224,13,ILSVRC2012_val_00000548.JPEG,early,0,feature_modules[0],14,14,score_deviation_extreme,0.15,1,True,1.2446565628051758,0.38055622577667236,False,0.2528201639652252
vit_base_patch16_224,14,ILSVRC2012_val_00000575.JPEG,early,0,feature_modules[0],14,14,score_deviation_extreme,0.15,1,False,0.08198308944702148,0.15720897912979126,False,0.2701855003833771
vit_base_patch16_224,15,ILSVRC2012_val_00000602.JPEG,early,0,feature_modules[0],14,14,score_deviation_extreme,0.15,1,True,0.38979148864746094,0.045578159391880035,False,0.25593674182891846
vit_base_patch16_224,8,ILSVRC2012_val_00000299.JPEG,early,0,feature_modules[0],14,14,score_deviation_extreme,0.15,2,True,0.07459640502929688,-0.06172165274620056,False,0.2794978618621826
vit_base_patch16_224,9,ILSVRC2012_val_00000410.JPEG,early,0,feature_modules[0],14,14,score_deviation_extreme,0.15,2,True,0.20193862915039062,0.018728837370872498,False,0.2433326691389084
vit_base_patch16_224,10,ILSVRC2012_val_00000499.JPEG,early,0,feature_modules[0],14,14,score_deviation_extreme,0.15,2,True,0.003444671630859375,0.0005524307489395142,False,0.2786506712436676
vit_base_patch16_224,11,ILSVRC2012_val_00000526.JPEG,early,0,feature_modules[0],14,14,score_deviation_extreme,0.15,2,True,0.20017623901367188,0.034322164952754974,False,0.2650832235813141
vit_base_patch16_224,12,ILSVRC2012_val_00000537.JPEG,early,0,feature_modules[0],14,14,score_deviation_extreme,0.15,2,True,-0.17820072174072266,-0.019637972116470337,False,0.2623339295387268
vit_base_patch16_224,13,ILSVRC2012_val_00000548.JPEG,early,0,feature_modules[0],14,14,score_deviation_extreme,0.15,2,True,1.2446565628051758,0.38055622577667236,False,0.2528201639652252
vit_base_patch16_224,14,ILSVRC2012_val_00000575.JPEG,early,0,feature_modules[0],14,14,score_deviation_extreme,0.15,2,False,0.08198308944702148,0.15720897912979126,False,0.2701855003833771
vit_base_patch16_224,15,ILSVRC2012_val_00000602.JPEG,early,0,feature_modules[0],14,14,score_deviation_extreme,0.15,2,True,0.38979148864746094,0.045578159391880035,False,0.25593674182891846
vit_base_patch16_224,8,ILSVRC2012_val_00000299.JPEG,early,0,feature_modules[0],14,14,score_deviation_extreme,0.15,3,True,0.07459640502929688,-0.06172165274620056,False,0.2794978618621826
vit_base_patch16_224,9,ILSVRC2012_val_00000410.JPEG,early,0,feature_modules[0],14,14,score_deviation_extreme,0.15,3,True,0.20193862915039062,0.018728837370872498,False,0.2433326691389084
vit_base_patch16_224,10,ILSVRC2012_val_00000499.JPEG,early,0,feature_modules[0],14,14,score_deviation_extreme,0.15,3,True,0.003444671630859375,0.0005524307489395142,False,0.2786506712436676
vit_base_patch16_224,11,ILSVRC2012_val_00000526.JPEG,early,0,feature_modules[0],14,14,score_deviation_extreme,0.15,3,True,0.20017623901367188,0.034322164952754974,False,0.2650832235813141
vit_base_patch16_224,12,ILSVRC2012_val_00000537.JPEG,early,0,feature_modules[0],14,14,score_deviation_extreme,0.15,3,True,-0.17820072174072266,-0.019637972116470337,False,0.2623339295387268
vit_base_patch16_224,13,ILSVRC2012_val_00000548.JPEG,early,0,feature_modules[0],14,14,score_deviation_extreme,0.15,3,True,1.2446565628051758,0.38055622577667236,False,0.2528201639652252
vit_base_patch16_224,14,ILSVRC2012_val_00000575.JPEG,early,0,feature_modules[0],14,14,score_deviation_extreme,0.15,3,False,0.08198308944702148,0.15720897912979126,False,0.2701855003833771
vit_base_patch16_224,15,ILSVRC2012_val_00000602.JPEG,early,0,feature_modules[0],14,14,score_deviation_extreme,0.15,3,True,0.38979148864746094,0.045578159391880035,False,0.25593674182891846
vit_base_patch16_224,8,ILSVRC2012_val_00000299.JPEG,mid,6,feature_modules[6],14,14,high_score_extreme,0.15,0,True,-0.23699378967285156,-0.08024606108665466,False,0.12288220226764679
vit_base_patch16_224,9,ILSVRC2012_val_00000410.JPEG,mid,6,feature_modules[6],14,14,high_score_extreme,0.15,0,True,0.00812530517578125,0.001955874264240265,False,0.10001539438962936
vit_base_patch16_224,10,ILSVRC2012_val_00000499.JPEG,mid,6,feature_modules[6],14,14,high_score_extreme,0.15,0,True,0.009038925170898438,0.0014595761895179749,False,0.11880739778280258
vit_base_patch16_224,11,ILSVRC2012_val_00000526.JPEG,mid,6,feature_modules[6],14,14,high_score_extreme,0.15,0,True,0.3473234176635742,0.07676955312490463,False,0.12047672271728516
vit_base_patch16_224,12,ILSVRC2012_val_00000537.JPEG,mid,6,feature_modules[6],14,14,high_score_extreme,0.15,0,True,0.08470535278320312,0.016570255160331726,False,0.10398506373167038
vit_base_patch16_224,13,ILSVRC2012_val_00000548.JPEG,mid,6,feature_modules[6],14,14,high_score_extreme,0.15,0,True,0.6725559234619141,0.0906558707356453,False,0.1996784657239914
vit_base_patch16_224,14,ILSVRC2012_val_00000575.JPEG,mid,6,feature_modules[6],14,14,high_score_extreme,0.15,0,False,0.22559022903442383,0.25939100980758667,False,0.11420132219791412
vit_base_patch16_224,15,ILSVRC2012_val_00000602.JPEG,mid,6,feature_modules[6],14,14,high_score_extreme,0.15,0,True,0.8816699981689453,0.2197951078414917,False,0.09896869957447052
vit_base_patch16_224,8,ILSVRC2012_val_00000299.JPEG,mid,6,feature_modules[6],14,14,high_score_extreme,0.15,1,True,-0.23699378967285156,-0.08024606108665466,False,0.12288220226764679
vit_base_patch16_224,9,ILSVRC2012_val_00000410.JPEG,mid,6,feature_modules[6],14,14,high_score_extreme,0.15,1,True,0.00812530517578125,0.001955874264240265,False,0.10001539438962936
vit_base_patch16_224,10,ILSVRC2012_val_00000499.JPEG,mid,6,feature_modules[6],14,14,high_score_extreme,0.15,1,True,0.009038925170898438,0.0014595761895179749,False,0.11880739778280258
vit_base_patch16_224,11,ILSVRC2012_val_00000526.JPEG,mid,6,feature_modules[6],14,14,high_score_extreme,0.15,1,True,0.3473234176635742,0.07676955312490463,False,0.12047672271728516
vit_base_patch16_224,12,ILSVRC2012_val_00000537.JPEG,mid,6,feature_modules[6],14,14,high_score_extreme,0.15,1,True,0.08470535278320312,0.016570255160331726,False,0.10398506373167038
vit_base_patch16_224,13,ILSVRC2012_val_00000548.JPEG,mid,6,feature_modules[6],14,14,high_score_extreme,0.15,1,True,0.6725559234619141,0.0906558707356453,False,0.1996784657239914
vit_base_patch16_224,14,ILSVRC2012_val_00000575.JPEG,mid,6,feature_modules[6],14,14,high_score_extreme,0.15,1,False,0.22559022903442383,0.25939100980758667,False,0.11420132219791412
vit_base_patch16_224,15,ILSVRC2012_val_00000602.JPEG,mid,6,feature_modules[6],14,14,high_score_extreme,0.15,1,True,0.8816699981689453,0.2197951078414917,False,0.09896869957447052
vit_base_patch16_224,8,ILSVRC2012_val_00000299.JPEG,mid,6,feature_modules[6],14,14,high_score_extreme,0.15,2,True,-0.23699378967285156,-0.08024606108665466,False,0.12288220226764679
vit_base_patch16_224,9,ILSVRC2012_val_00000410.JPEG,mid,6,feature_modules[6],14,14,high_score_extreme,0.15,2,True,0.00812530517578125,0.001955874264240265,False,0.10001539438962936
vit_base_patch16_224,10,ILSVRC2012_val_00000499.JPEG,mid,6,feature_modules[6],14,14,high_score_extreme,0.15,2,True,0.009038925170898438,0.0014595761895179749,False,0.11880739778280258
vit_base_patch16_224,11,ILSVRC2012_val_00000526.JPEG,mid,6,feature_modules[6],14,14,high_score_extreme,0.15,2,True,0.3473234176635742,0.07676955312490463,False,0.12047672271728516
vit_base_patch16_224,12,ILSVRC2012_val_00000537.JPEG,mid,6,feature_modules[6],14,14,high_score_extreme,0.15,2,True,0.08470535278320312,0.016570255160331726,False,0.10398506373167038
vit_base_patch16_224,13,ILSVRC2012_val_00000548.JPEG,mid,6,feature_modules[6],14,14,high_score_extreme,0.15,2,True,0.6725559234619141,0.0906558707356453,False,0.1996784657239914
vit_base_patch16_224,14,ILSVRC2012_val_00000575.JPEG,mid,6,feature_modules[6],14,14,high_score_extreme,0.15,2,False,0.22559022903442383,0.25939100980758667,False,0.11420132219791412
vit_base_patch16_224,15,ILSVRC2012_val_00000602.JPEG,mid,6,feature_modules[6],14,14,high_score_extreme,0.15,2,True,0.8816699981689453,0.2197951078414917,False,0.09896869957447052
vit_base_patch16_224,8,ILSVRC2012_val_00000299.JPEG,mid,6,feature_modules[6],14,14,high_score_extreme,0.15,3,True,-0.23699378967285156,-0.08024606108665466,False,0.12288220226764679
vit_base_patch16_224,9,ILSVRC2012_val_00000410.JPEG,mid,6,feature_modules[6],14,14,high_score_extreme,0.15,3,True,0.00812530517578125,0.001955874264240265,False,0.10001539438962936
vit_base_patch16_224,10,ILSVRC2012_val_00000499.JPEG,mid,6,feature_modules[6],14,14,high_score_extreme,0.15,3,True,0.009038925170898438,0.0014595761895179749,False,0.11880739778280258
vit_base_patch16_224,11,ILSVRC2012_val_00000526.JPEG,mid,6,feature_modules[6],14,14,high_score_extreme,0.15,3,True,0.3473234176635742,0.07676955312490463,False,0.12047672271728516
vit_base_patch16_224,12,ILSVRC2012_val_00000537.JPEG,mid,6,feature_modules[6],14,14,high_score_extreme,0.15,3,True,0.08470535278320312,0.016570255160331726,False,0.10398506373167038
vit_base_patch16_224,13,ILSVRC2012_val_00000548.JPEG,mid,6,feature_modules[6],14,14,high_score_extreme,0.15,3,True,0.6725559234619141,0.0906558707356453,False,0.1996784657239914
vit_base_patch16_224,14,ILSVRC2012_val_00000575.JPEG,mid,6,feature_modules[6],14,14,high_score_extreme,0.15,3,False,0.22559022903442383,0.25939100980758667,False,0.11420132219791412
vit_base_patch16_224,15,ILSVRC2012_val_00000602.JPEG,mid,6,feature_modules[6],14,14,high_score_extreme,0.15,3,True,0.8816699981689453,0.2197951078414917,False,0.09896869957447052
vit_base_patch16_224,8,ILSVRC2012_val_00000299.JPEG,mid,6,feature_modules[6],14,14,low_score_extreme,0.15,0,True,-0.2729682922363281,-0.11647241562604904,False,0.0035355507861822844
vit_base_patch16_224,9,ILSVRC2012_val_00000410.JPEG,mid,6,feature_modules[6],14,14,low_score_extreme,0.15,0,True,-0.024402618408203125,-0.0029895007610321045,False,0.004589785821735859
vit_base_patch16_224,10,ILSVRC2012_val_00000499.JPEG,mid,6,feature_modules[6],14,14,low_score_extreme,0.15,0,True,-0.03760719299316406,-0.003018796443939209,False,0.02444779872894287
vit_base_patch16_224,11,ILSVRC2012_val_00000526.JPEG,mid,6,feature_modules[6],14,14,low_score_extreme,0.15,0,True,0.07929325103759766,-0.0044280290603637695,False,0.009050230495631695
vit_base_patch16_224,12,ILSVRC2012_val_00000537.JPEG,mid,6,feature_modules[6],14,14,low_score_extreme,0.15,0,True,0.04133796691894531,0.008341088891029358,False,-0.011897381395101547
vit_base_patch16_224,13,ILSVRC2012_val_00000548.JPEG,mid,6,feature_modules[6],14,14,low_score_extreme,0.15,0,True,0.3281087875366211,0.055417709052562714,False,0.062163855880498886
vit_base_patch16_224,14,ILSVRC2012_val_00000575.JPEG,mid,6,feature_modules[6],14,14,low_score_extreme,0.15,0,False,0.24370050430297852,0.23970216512680054,False,-0.0017450399463996291
vit_base_patch16_224,15,ILSVRC2012_val_00000602.JPEG,mid,6,feature_modules[6],14,14,low_score_extreme,0.15,0,True,0.5938129425048828,0.07849841564893723,False,-0.0035620408598333597
vit_base_patch16_224,8,ILSVRC2012_val_00000299.JPEG,mid,6,feature_modules[6],14,14,low_score_extreme,0.15,1,True,-0.2729682922363281,-0.11647241562604904,False,0.0035355507861822844
vit_base_patch16_224,9,ILSVRC2012_val_00000410.JPEG,mid,6,feature_modules[6],14,14,low_score_extreme,0.15,1,True,-0.024402618408203125,-0.0029895007610321045,False,0.004589785821735859
vit_base_patch16_224,10,ILSVRC2012_val_00000499.JPEG,mid,6,feature_modules[6],14,14,low_score_extreme,0.15,1,True,-0.03760719299316406,-0.003018796443939209,False,0.02444779872894287
vit_base_patch16_224,11,ILSVRC2012_val_00000526.JPEG,mid,6,feature_modules[6],14,14,low_score_extreme,0.15,1,True,0.07929325103759766,-0.0044280290603637695,False,0.009050230495631695
vit_base_patch16_224,12,ILSVRC2012_val_00000537.JPEG,mid,6,feature_modules[6],14,14,low_score_extreme,0.15,1,True,0.04133796691894531,0.008341088891029358,False,-0.011897381395101547
vit_base_patch16_224,13,ILSVRC2012_val_00000548.JPEG,mid,6,feature_modules[6],14,14,low_score_extreme,0.15,1,True,0.3281087875366211,0.055417709052562714,False,0.062163855880498886
vit_base_patch16_224,14,ILSVRC2012_val_00000575.JPEG,mid,6,feature_modules[6],14,14,low_score_extreme,0.15,1,False,0.24370050430297852,0.23970216512680054,False,-0.0017450399463996291
vit_base_patch16_224,15,ILSVRC2012_val_00000602.JPEG,mid,6,feature_modules[6],14,14,low_score_extreme,0.15,1,True,0.5938129425048828,0.07849841564893723,False,-0.0035620408598333597
vit_base_patch16_224,8,ILSVRC2012_val_00000299.JPEG,mid,6,feature_modules[6],14,14,low_score_extreme,0.15,2,True,-0.2729682922363281,-0.11647241562604904,False,0.0035355507861822844
vit_base_patch16_224,9,ILSVRC2012_val_00000410.JPEG,mid,6,feature_modules[6],14,14,low_score_extreme,0.15,2,True,-0.024402618408203125,-0.0029895007610321045,False,0.004589785821735859
vit_base_patch16_224,10,ILSVRC2012_val_00000499.JPEG,mid,6,feature_modules[6],14,14,low_score_extreme,0.15,2,True,-0.03760719299316406,-0.003018796443939209,False,0.02444779872894287
vit_base_patch16_224,11,ILSVRC2012_val_00000526.JPEG,mid,6,feature_modules[6],14,14,low_score_extreme,0.15,2,True,0.07929325103759766,-0.0044280290603637695,False,0.009050230495631695
vit_base_patch16_224,12,ILSVRC2012_val_00000537.JPEG,mid,6,feature_modules[6],14,14,low_score_extreme,0.15,2,True,0.04133796691894531,0.008341088891029358,False,-0.011897381395101547
vit_base_patch16_224,13,ILSVRC2012_val_00000548.JPEG,mid,6,feature_modules[6],14,14,low_score_extreme,0.15,2,True,0.3281087875366211,0.055417709052562714,False,0.062163855880498886
vit_base_patch16_224,14,ILSVRC2012_val_00000575.JPEG,mid,6,feature_modules[6],14,14,low_score_extreme,0.15,2,False,0.24370050430297852,0.23970216512680054,False,-0.0017450399463996291
vit_base_patch16_224,15,ILSVRC2012_val_00000602.JPEG,mid,6,feature_modules[6],14,14,low_score_extreme,0.15,2,True,0.5938129425048828,0.07849841564893723,False,-0.0035620408598333597
vit_base_patch16_224,8,ILSVRC2012_val_00000299.JPEG,mid,6,feature_modules[6],14,14,low_score_extreme,0.15,3,True,-0.2729682922363281,-0.11647241562604904,False,0.0035355507861822844
vit_base_patch16_224,9,ILSVRC2012_val_00000410.JPEG,mid,6,feature_modules[6],14,14,low_score_extreme,0.15,3,True,-0.024402618408203125,-0.0029895007610321045,False,0.004589785821735859
vit_base_patch16_224,10,ILSVRC2012_val_00000499.JPEG,mid,6,feature_modules[6],14,14,low_score_extreme,0.15,3,True,-0.03760719299316406,-0.003018796443939209,False,0.02444779872894287
vit_base_patch16_224,11,ILSVRC2012_val_00000526.JPEG,mid,6,feature_modules[6],14,14,low_score_extreme,0.15,3,True,0.07929325103759766,-0.0044280290603637695,False,0.009050230495631695
vit_base_patch16_224,12,ILSVRC2012_val_00000537.JPEG,mid,6,feature_modules[6],14,14,low_score_extreme,0.15,3,True,0.04133796691894531,0.008341088891029358,False,-0.011897381395101547
vit_base_patch16_224,13,ILSVRC2012_val_00000548.JPEG,mid,6,feature_modules[6],14,14,low_score_extreme,0.15,3,True,0.3281087875366211,0.055417709052562714,False,0.062163855880498886
vit_base_patch16_224,14,ILSVRC2012_val_00000575.JPEG,mid,6,feature_modules[6],14,14,low_score_extreme,0.15,3,False,0.24370050430297852,0.23970216512680054,False,-0.0017450399463996291
vit_base_patch16_224,15,ILSVRC2012_val_00000602.JPEG,mid,6,feature_modules[6],14,14,low_score_extreme,0.15,3,True,0.5938129425048828,0.07849841564893723,False,-0.0035620408598333597
vit_base_patch16_224,8,ILSVRC2012_val_00000299.JPEG,mid,6,feature_modules[6],14,14,random_uniform,0.15,0,True,0.0026493072509765625,-0.08966873586177826,False,0.06063011288642883
vit_base_patch16_224,9,ILSVRC2012_val_00000410.JPEG,mid,6,feature_modules[6],14,14,random_uniform,0.15,0,True,0.10305595397949219,0.007424943149089813,False,0.058170385658741
vit_base_patch16_224,10,ILSVRC2012_val_00000499.JPEG,mid,6,feature_modules[6],14,14,random_uniform,0.15,0,True,0.002101898193359375,0.0010598450899124146,False,0.06972413510084152
vit_base_patch16_224,11,ILSVRC2012_val_00000526.JPEG,mid,6,feature_modules[6],14,14,random_uniform,0.15,0,True,0.1722087860107422,0.03956226259469986,False,0.06415147334337234
vit_base_patch16_224,12,ILSVRC2012_val_00000537.JPEG,mid,6,feature_modules[6],14,14,random_uniform,0.15,0,True,0.18396377563476562,0.05265510082244873,False,0.03741592913866043
vit_base_patch16_224,13,ILSVRC2012_val_00000548.JPEG,mid,6,feature_modules[6],14,14,random_uniform,0.15,0,True,0.8043375015258789,0.13729965686798096,False,0.12420234829187393
vit_base_patch16_224,14,ILSVRC2012_val_00000575.JPEG,mid,6,feature_modules[6],14,14,random_uniform,0.15,0,False,0.15956783294677734,0.20590251684188843,False,0.0446561761200428
vit_base_patch16_224,15,ILSVRC2012_val_00000602.JPEG,mid,6,feature_modules[6],14,14,random_uniform,0.15,0,True,0.03296089172363281,0.002941310405731201,False,0.05083120986819267
vit_base_patch16_224,8,ILSVRC2012_val_00000299.JPEG,mid,6,feature_modules[6],14,14,random_uniform,0.15,1,True,-0.06340599060058594,-0.08813314884901047,False,0.06400945782661438
vit_base_patch16_224,9,ILSVRC2012_val_00000410.JPEG,mid,6,feature_modules[6],14,14,random_uniform,0.15,1,True,-0.0010404586791992188,-0.0026180222630500793,False,0.050659164786338806
vit_base_patch16_224,10,ILSVRC2012_val_00000499.JPEG,mid,6,feature_modules[6],14,14,random_uniform,0.15,1,True,0.01709747314453125,0.0026149675250053406,False,0.06180547550320625
vit_base_patch16_224,11,ILSVRC2012_val_00000526.JPEG,mid,6,feature_modules[6],14,14,random_uniform,0.15,1,True,0.33699703216552734,0.053071029484272,False,0.06808175146579742
vit_base_patch16_224,12,ILSVRC2012_val_00000537.JPEG,mid,6,feature_modules[6],14,14,random_uniform,0.15,1,True,-0.03309059143066406,-0.0024348050355911255,False,0.04271433502435684
vit_base_patch16_224,13,ILSVRC2012_val_00000548.JPEG,mid,6,feature_modules[6],14,14,random_uniform,0.15,1,True,0.6478252410888672,0.09036479145288467,False,0.11323205381631851
vit_base_patch16_224,14,ILSVRC2012_val_00000575.JPEG,mid,6,feature_modules[6],14,14,random_uniform,0.15,1,False,0.2988572120666504,0.18440717458724976,False,0.03920486941933632
vit_base_patch16_224,15,ILSVRC2012_val_00000602.JPEG,mid,6,feature_modules[6],14,14,random_uniform,0.15,1,True,0.1898193359375,0.020133323967456818,False,0.05474865809082985
vit_base_patch16_224,8,ILSVRC2012_val_00000299.JPEG,mid,6,feature_modules[6],14,14,random_uniform,0.15,2,True,-0.19477462768554688,-0.06763210892677307,False,0.05206611379981041
vit_base_patch16_224,9,ILSVRC2012_val_00000410.JPEG,mid,6,feature_modules[6],14,14,random_uniform,0.15,2,True,0.11412620544433594,0.008696697652339935,False,0.05634910985827446
vit_base_patch16_224,10,ILSVRC2012_val_00000499.JPEG,mid,6,feature_modules[6],14,14,random_uniform,0.15,2,True,-0.07934379577636719,-0.007651567459106445,False,0.063028484582901
vit_base_patch16_224,11,ILSVRC2012_val_00000526.JPEG,mid,6,feature_modules[6],14,14,random_uniform,0.15,2,True,0.3823366165161133,0.03944247215986252,False,0.05350952968001366
vit_base_patch16_224,12,ILSVRC2012_val_00000537.JPEG,mid,6,feature_modules[6],14,14,random_uniform,0.15,2,True,-0.182342529296875,-0.01963423192501068,False,0.04237527400255203
vit_base_patch16_224,13,ILSVRC2012_val_00000548.JPEG,mid,6,feature_modules[6],14,14,random_uniform,0.15,2,True,0.5452394485473633,0.08179397135972977,False,0.11696528643369675
vit_base_patch16_224,14,ILSVRC2012_val_00000575.JPEG,mid,6,feature_modules[6],14,14,random_uniform,0.15,2,False,0.31615209579467773,0.25481194257736206,False,0.0523616187274456
vit_base_patch16_224,15,ILSVRC2012_val_00000602.JPEG,mid,6,feature_modules[6],14,14,random_uniform,0.15,2,True,0.4514808654785156,0.06676491349935532,False,0.03351851925253868
vit_base_patch16_224,8,ILSVRC2012_val_00000299.JPEG,mid,6,feature_modules[6],14,14,random_uniform,0.15,3,True,-0.16405677795410156,-0.09084544330835342,False,0.059464480727910995
vit_base_patch16_224,9,ILSVRC2012_val_00000410.JPEG,mid,6,feature_modules[6],14,14,random_uniform,0.15,3,True,0.19316482543945312,0.011521771550178528,False,0.05666608363389969
vit_base_patch16_224,10,ILSVRC2012_val_00000499.JPEG,mid,6,feature_modules[6],14,14,random_uniform,0.15,3,True,-0.09695243835449219,-0.008898548781871796,False,0.06521127372980118
vit_base_patch16_224,11,ILSVRC2012_val_00000526.JPEG,mid,6,feature_modules[6],14,14,random_uniform,0.15,3,True,0.3045005798339844,0.037377797067165375,False,0.04904484748840332
vit_base_patch16_224,12,ILSVRC2012_val_00000537.JPEG,mid,6,feature_modules[6],14,14,random_uniform,0.15,3,True,0.1402873992919922,0.017955437302589417,False,0.033500898629426956
vit_base_patch16_224,13,ILSVRC2012_val_00000548.JPEG,mid,6,feature_modules[6],14,14,random_uniform,0.15,3,True,0.514683723449707,0.0830363854765892,False,0.13017398118972778
vit_base_patch16_224,14,ILSVRC2012_val_00000575.JPEG,mid,6,feature_modules[6],14,14,random_uniform,0.15,3,False,0.17356109619140625,0.12775331735610962,False,0.05101395398378372
vit_base_patch16_224,15,ILSVRC2012_val_00000602.JPEG,mid,6,feature_modules[6],14,14,random_uniform,0.15,3,True,0.06782913208007812,0.01808847486972809,False,0.040151447057724
vit_base_patch16_224,8,ILSVRC2012_val_00000299.JPEG,mid,6,feature_modules[6],14,14,score_deviation_extreme,0.15,0,True,-0.23468589782714844,-0.07762382924556732,False,0.09474305063486099
vit_base_patch16_224,9,ILSVRC2012_val_00000410.JPEG,mid,6,feature_modules[6],14,14,score_deviation_extreme,0.15,0,True,0.06186103820800781,0.004800908267498016,False,0.06021701171994209
vit_base_patch16_224,10,ILSVRC2012_val_00000499.JPEG,mid,6,feature_modules[6],14,14,score_deviation_extreme,0.15,0,True,0.022434234619140625,0.0029608160257339478,False,0.09371796995401382
vit_base_patch16_224,11,ILSVRC2012_val_00000526.JPEG,mid,6,feature_modules[6],14,14,score_deviation_extreme,0.15,0,True,0.11792182922363281,0.010124996304512024,False,0.06999586522579193
vit_base_patch16_224,12,ILSVRC2012_val_00000537.JPEG,mid,6,feature_modules[6],14,14,score_deviation_extreme,0.15,0,True,0.0027322769165039062,0.0035928338766098022,False,0.07167523354291916
vit_base_patch16_224,13,ILSVRC2012_val_00000548.JPEG,mid,6,feature_modules[6],14,14,score_deviation_extreme,0.15,0,True,0.815892219543457,0.11942259222269058,False,0.19509956240653992
vit_base_patch16_224,14,ILSVRC2012_val_00000575.JPEG,mid,6,feature_modules[6],14,14,score_deviation_extreme,0.15,0,False,0.22763872146606445,0.22441691160202026,False,0.07554399222135544
vit_base_patch16_224,15,ILSVRC2012_val_00000602.JPEG,mid,6,feature_modules[6],14,14,score_deviation_extreme,0.15,0,True,0.11857032775878906,0.020475223660469055,False,0.057945024222135544
vit_base_patch16_224,8,ILSVRC2012_val_00000299.JPEG,mid,6,feature_modules[6],14,14,score_deviation_extreme,0.15,1,True,-0.23468589782714844,-0.07762382924556732,False,0.09474305063486099
vit_base_patch16_224,9,ILSVRC2012_val_00000410.JPEG,mid,6,feature_modules[6],14,14,score_deviation_extreme,0.15,1,True,0.06186103820800781,0.004800908267498016,False,0.06021701171994209
vit_base_patch16_224,10,ILSVRC2012_val_00000499.JPEG,mid,6,feature_modules[6],14,14,score_deviation_extreme,0.15,1,True,0.022434234619140625,0.0029608160257339478,False,0.09371796995401382
vit_base_patch16_224,11,ILSVRC2012_val_00000526.JPEG,mid,6,feature_modules[6],14,14,score_deviation_extreme,0.15,1,True,0.11792182922363281,0.010124996304512024,False,0.06999586522579193
vit_base_patch16_224,12,ILSVRC2012_val_00000537.JPEG,mid,6,feature_modules[6],14,14,score_deviation_extreme,0.15,1,True,0.0027322769165039062,0.0035928338766098022,False,0.07167523354291916
vit_base_patch16_224,13,ILSVRC2012_val_00000548.JPEG,mid,6,feature_modules[6],14,14,score_deviation_extreme,0.15,1,True,0.815892219543457,0.11942259222269058,False,0.19509956240653992
vit_base_patch16_224,14,ILSVRC2012_val_00000575.JPEG,mid,6,feature_modules[6],14,14,score_deviation_extreme,0.15,1,False,0.22763872146606445,0.22441691160202026,False,0.07554399222135544
vit_base_patch16_224,15,ILSVRC2012_val_00000602.JPEG,mid,6,feature_modules[6],14,14,score_deviation_extreme,0.15,1,True,0.11857032775878906,0.020475223660469055,False,0.057945024222135544
vit_base_patch16_224,8,ILSVRC2012_val_00000299.JPEG,mid,6,feature_modules[6],14,14,score_deviation_extreme,0.15,2,True,-0.23468589782714844,-0.07762382924556732,False,0.09474305063486099
vit_base_patch16_224,9,ILSVRC2012_val_00000410.JPEG,mid,6,feature_modules[6],14,14,score_deviation_extreme,0.15,2,True,0.06186103820800781,0.004800908267498016,False,0.06021701171994209
vit_base_patch16_224,10,ILSVRC2012_val_00000499.JPEG,mid,6,feature_modules[6],14,14,score_deviation_extreme,0.15,2,True,0.022434234619140625,0.0029608160257339478,False,0.09371796995401382
vit_base_patch16_224,11,ILSVRC2012_val_00000526.JPEG,mid,6,feature_modules[6],14,14,score_deviation_extreme,0.15,2,True,0.11792182922363281,0.010124996304512024,False,0.06999586522579193
vit_base_patch16_224,12,ILSVRC2012_val_00000537.JPEG,mid,6,feature_modules[6],14,14,score_deviation_extreme,0.15,2,True,0.0027322769165039062,0.0035928338766098022,False,0.07167523354291916
vit_base_patch16_224,13,ILSVRC2012_val_00000548.JPEG,mid,6,feature_modules[6],14,14,score_deviation_extreme,0.15,2,True,0.815892219543457,0.11942259222269058,False,0.19509956240653992
vit_base_patch16_224,14,ILSVRC2012_val_00000575.JPEG,mid,6,feature_modules[6],14,14,score_deviation_extreme,0.15,2,False,0.22763872146606445,0.22441691160202026,False,0.07554399222135544
vit_base_patch16_224,15,ILSVRC2012_val_00000602.JPEG,mid,6,feature_modules[6],14,14,score_deviation_extreme,0.15,2,True,0.11857032775878906,0.020475223660469055,False,0.057945024222135544
vit_base_patch16_224,8,ILSVRC2012_val_00000299.JPEG,mid,6,feature_modules[6],14,14,score_deviation_extreme,0.15,3,True,-0.23468589782714844,-0.07762382924556732,False,0.09474305063486099
vit_base_patch16_224,9,ILSVRC2012_val_00000410.JPEG,mid,6,feature_modules[6],14,14,score_deviation_extreme,0.15,3,True,0.06186103820800781,0.004800908267498016,False,0.06021701171994209
vit_base_patch16_224,10,ILSVRC2012_val_00000499.JPEG,mid,6,feature_modules[6],14,14,score_deviation_extreme,0.15,3,True,0.022434234619140625,0.0029608160257339478,False,0.09371796995401382
vit_base_patch16_224,11,ILSVRC2012_val_00000526.JPEG,mid,6,feature_modules[6],14,14,score_deviation_extreme,0.15,3,True,0.11792182922363281,0.010124996304512024,False,0.06999586522579193
vit_base_patch16_224,12,ILSVRC2012_val_00000537.JPEG,mid,6,feature_modules[6],14,14,score_deviation_extreme,0.15,3,True,0.0027322769165039062,0.0035928338766098022,False,0.07167523354291916
vit_base_patch16_224,13,ILSVRC2012_val_00000548.JPEG,mid,6,feature_modules[6],14,14,score_deviation_extreme,0.15,3,True,0.815892219543457,0.11942259222269058,False,0.19509956240653992
vit_base_patch16_224,14,ILSVRC2012_val_00000575.JPEG,mid,6,feature_modules[6],14,14,score_deviation_extreme,0.15,3,False,0.22763872146606445,0.22441691160202026,False,0.07554399222135544
vit_base_patch16_224,15,ILSVRC2012_val_00000602.JPEG,mid,6,feature_modules[6],14,14,score_deviation_extreme,0.15,3,True,0.11857032775878906,0.020475223660469055,False,0.057945024222135544
vit_base_patch16_224,8,ILSVRC2012_val_00000299.JPEG,final,11,blocks[11],14,14,high_score_extreme,0.15,0,True,0.013612747192382812,0.07404004037380219,False,0.8474025130271912
vit_base_patch16_224,9,ILSVRC2012_val_00000410.JPEG,final,11,blocks[11],14,14,high_score_extreme,0.15,0,True,0.131256103515625,0.0134681835770607,False,0.8710026741027832
vit_base_patch16_224,10,ILSVRC2012_val_00000499.JPEG,final,11,blocks[11],14,14,high_score_extreme,0.15,0,True,-0.04407501220703125,-0.004212267696857452,False,0.911984920501709
vit_base_patch16_224,11,ILSVRC2012_val_00000526.JPEG,final,11,blocks[11],14,14,high_score_extreme,0.15,0,True,0.10445880889892578,0.015616089105606079,False,0.8358739018440247
vit_base_patch16_224,12,ILSVRC2012_val_00000537.JPEG,final,11,blocks[11],14,14,high_score_extreme,0.15,0,True,-0.26042652130126953,-0.02136160433292389,False,0.8818627595901489
vit_base_patch16_224,13,ILSVRC2012_val_00000548.JPEG,final,11,blocks[11],14,14,high_score_extreme,0.15,0,True,0.5359001159667969,0.10172089189291,False,0.9195834398269653
vit_base_patch16_224,14,ILSVRC2012_val_00000575.JPEG,final,11,blocks[11],14,14,high_score_extreme,0.15,0,False,0.4300384521484375,0.4089204668998718,False,0.885901689529419
vit_base_patch16_224,15,ILSVRC2012_val_00000602.JPEG,final,11,blocks[11],14,14,high_score_extreme,0.15,0,True,0.016412734985351562,0.018929578363895416,False,0.8741701245307922
vit_base_patch16_224,8,ILSVRC2012_val_00000299.JPEG,final,11,blocks[11],14,14,high_score_extreme,0.15,1,True,0.013612747192382812,0.07404004037380219,False,0.8474025130271912
vit_base_patch16_224,9,ILSVRC2012_val_00000410.JPEG,final,11,blocks[11],14,14,high_score_extreme,0.15,1,True,0.131256103515625,0.0134681835770607,False,0.8710026741027832
vit_base_patch16_224,10,ILSVRC2012_val_00000499.JPEG,final,11,blocks[11],14,14,high_score_extreme,0.15,1,True,-0.04407501220703125,-0.004212267696857452,False,0.911984920501709
vit_base_patch16_224,11,ILSVRC2012_val_00000526.JPEG,final,11,blocks[11],14,14,high_score_extreme,0.15,1,True,0.10445880889892578,0.015616089105606079,False,0.8358739018440247
vit_base_patch16_224,12,ILSVRC2012_val_00000537.JPEG,final,11,blocks[11],14,14,high_score_extreme,0.15,1,True,-0.26042652130126953,-0.02136160433292389,False,0.8818627595901489
vit_base_patch16_224,13,ILSVRC2012_val_00000548.JPEG,final,11,blocks[11],14,14,high_score_extreme,0.15,1,True,0.5359001159667969,0.10172089189291,False,0.9195834398269653
vit_base_patch16_224,14,ILSVRC2012_val_00000575.JPEG,final,11,blocks[11],14,14,high_score_extreme,0.15,1,False,0.4300384521484375,0.4089204668998718,False,0.885901689529419
vit_base_patch16_224,15,ILSVRC2012_val_00000602.JPEG,final,11,blocks[11],14,14,high_score_extreme,0.15,1,True,0.016412734985351562,0.018929578363895416,False,0.8741701245307922
vit_base_patch16_224,8,ILSVRC2012_val_00000299.JPEG,final,11,blocks[11],14,14,high_score_extreme,0.15,2,True,0.013612747192382812,0.07404004037380219,False,0.8474025130271912
vit_base_patch16_224,9,ILSVRC2012_val_00000410.JPEG,final,11,blocks[11],14,14,high_score_extreme,0.15,2,True,0.131256103515625,0.0134681835770607,False,0.8710026741027832
vit_base_patch16_224,10,ILSVRC2012_val_00000499.JPEG,final,11,blocks[11],14,14,high_score_extreme,0.15,2,True,-0.04407501220703125,-0.004212267696857452,False,0.911984920501709
vit_base_patch16_224,11,ILSVRC2012_val_00000526.JPEG,final,11,blocks[11],14,14,high_score_extreme,0.15,2,True,0.10445880889892578,0.015616089105606079,False,0.8358739018440247
vit_base_patch16_224,12,ILSVRC2012_val_00000537.JPEG,final,11,blocks[11],14,14,high_score_extreme,0.15,2,True,-0.26042652130126953,-0.02136160433292389,False,0.8818627595901489
vit_base_patch16_224,13,ILSVRC2012_val_00000548.JPEG,final,11,blocks[11],14,14,high_score_extreme,0.15,2,True,0.5359001159667969,0.10172089189291,False,0.9195834398269653
vit_base_patch16_224,14,ILSVRC2012_val_00000575.JPEG,final,11,blocks[11],14,14,high_score_extreme,0.15,2,False,0.4300384521484375,0.4089204668998718,False,0.885901689529419
vit_base_patch16_224,15,ILSVRC2012_val_00000602.JPEG,final,11,blocks[11],14,14,high_score_extreme,0.15,2,True,0.016412734985351562,0.018929578363895416,False,0.8741701245307922
vit_base_patch16_224,8,ILSVRC2012_val_00000299.JPEG,final,11,blocks[11],14,14,high_score_extreme,0.15,3,True,0.013612747192382812,0.07404004037380219,False,0.8474025130271912
vit_base_patch16_224,9,ILSVRC2012_val_00000410.JPEG,final,11,blocks[11],14,14,high_score_extreme,0.15,3,True,0.131256103515625,0.0134681835770607,False,0.8710026741027832
vit_base_patch16_224,10,ILSVRC2012_val_00000499.JPEG,final,11,blocks[11],14,14,high_score_extreme,0.15,3,True,-0.04407501220703125,-0.004212267696857452,False,0.911984920501709
vit_base_patch16_224,11,ILSVRC2012_val_00000526.JPEG,final,11,blocks[11],14,14,high_score_extreme,0.15,3,True,0.10445880889892578,0.015616089105606079,False,0.8358739018440247
vit_base_patch16_224,12,ILSVRC2012_val_00000537.JPEG,final,11,blocks[11],14,14,high_score_extreme,0.15,3,True,-0.26042652130126953,-0.02136160433292389,False,0.8818627595901489
vit_base_patch16_224,13,ILSVRC2012_val_00000548.JPEG,final,11,blocks[11],14,14,high_score_extreme,0.15,3,True,0.5359001159667969,0.10172089189291,False,0.9195834398269653
vit_base_patch16_224,14,ILSVRC2012_val_00000575.JPEG,final,11,blocks[11],14,14,high_score_extreme,0.15,3,False,0.4300384521484375,0.4089204668998718,False,0.885901689529419
vit_base_patch16_224,15,ILSVRC2012_val_00000602.JPEG,final,11,blocks[11],14,14,high_score_extreme,0.15,3,True,0.016412734985351562,0.018929578363895416,False,0.8741701245307922
vit_base_patch16_224,8,ILSVRC2012_val_00000299.JPEG,final,11,blocks[11],14,14,low_score_extreme,0.15,0,True,-0.1788625717163086,-0.11100038141012192,False,0.6845631003379822
vit_base_patch16_224,9,ILSVRC2012_val_00000410.JPEG,final,11,blocks[11],14,14,low_score_extreme,0.15,0,True,0.11447715759277344,0.0078003183007240295,False,0.5133271813392639
vit_base_patch16_224,10,ILSVRC2012_val_00000499.JPEG,final,11,blocks[11],14,14,low_score_extreme,0.15,0,True,0.07330131530761719,0.00808820128440857,False,0.6894946694374084
vit_base_patch16_224,11,ILSVRC2012_val_00000526.JPEG,final,11,blocks[11],14,14,low_score_extreme,0.15,0,True,0.2437877655029297,0.011996075510978699,False,0.5704371929168701
vit_base_patch16_224,12,ILSVRC2012_val_00000537.JPEG,final,11,blocks[11],14,14,low_score_extreme,0.15,0,True,-0.1072072982788086,-0.011366695165634155,False,0.5181633830070496
vit_base_patch16_224,13,ILSVRC2012_val_00000548.JPEG,final,11,blocks[11],14,14,low_score_extreme,0.15,0,True,0.6309108734130859,0.09694498032331467,False,0.7136476039886475
vit_base_patch16_224,14,ILSVRC2012_val_00000575.JPEG,final,11,blocks[11],14,14,low_score_extreme,0.15,0,False,0.45534467697143555,0.4438984990119934,False,0.6306004524230957
vit_base_patch16_224,15,ILSVRC2012_val_00000602.JPEG,final,11,blocks[11],14,14,low_score_extreme,0.15,0,True,0.004273414611816406,0.0018709897994995117,False,0.46868109703063965
vit_base_patch16_224,8,ILSVRC2012_val_00000299.JPEG,final,11,blocks[11],14,14,low_score_extreme,0.15,1,True,-0.1788625717163086,-0.11100038141012192,False,0.6845631003379822
vit_base_patch16_224,9,ILSVRC2012_val_00000410.JPEG,final,11,blocks[11],14,14,low_score_extreme,0.15,1,True,0.11447715759277344,0.0078003183007240295,False,0.5133271813392639
vit_base_patch16_224,10,ILSVRC2012_val_00000499.JPEG,final,11,blocks[11],14,14,low_score_extreme,0.15,1,True,0.07330131530761719,0.00808820128440857,False,0.6894946694374084
vit_base_patch16_224,11,ILSVRC2012_val_00000526.JPEG,final,11,blocks[11],14,14,low_score_extreme,0.15,1,True,0.2437877655029297,0.011996075510978699,False,0.5704371929168701
vit_base_patch16_224,12,ILSVRC2012_val_00000537.JPEG,final,11,blocks[11],14,14,low_score_extreme,0.15,1,True,-0.1072072982788086,-0.011366695165634155,False,0.5181633830070496
vit_base_patch16_224,13,ILSVRC2012_val_00000548.JPEG,final,11,blocks[11],14,14,low_score_extreme,0.15,1,True,0.6309108734130859,0.09694498032331467,False,0.7136476039886475
vit_base_patch16_224,14,ILSVRC2012_val_00000575.JPEG,final,11,blocks[11],14,14,low_score_extreme,0.15,1,False,0.45534467697143555,0.4438984990119934,False,0.6306004524230957
vit_base_patch16_224,15,ILSVRC2012_val_00000602.JPEG,final,11,blocks[11],14,14,low_score_extreme,0.15,1,True,0.004273414611816406,0.0018709897994995117,False,0.46868109703063965
vit_base_patch16_224,8,ILSVRC2012_val_00000299.JPEG,final,11,blocks[11],14,14,low_score_extreme,0.15,2,True,-0.1788625717163086,-0.11100038141012192,False,0.6845631003379822
vit_base_patch16_224,9,ILSVRC2012_val_00000410.JPEG,final,11,blocks[11],14,14,low_score_extreme,0.15,2,True,0.11447715759277344,0.0078003183007240295,False,0.5133271813392639
vit_base_patch16_224,10,ILSVRC2012_val_00000499.JPEG,final,11,blocks[11],14,14,low_score_extreme,0.15,2,True,0.07330131530761719,0.00808820128440857,False,0.6894946694374084
vit_base_patch16_224,11,ILSVRC2012_val_00000526.JPEG,final,11,blocks[11],14,14,low_score_extreme,0.15,2,True,0.2437877655029297,0.011996075510978699,False,0.5704371929168701
vit_base_patch16_224,12,ILSVRC2012_val_00000537.JPEG,final,11,blocks[11],14,14,low_score_extreme,0.15,2,True,-0.1072072982788086,-0.011366695165634155,False,0.5181633830070496
vit_base_patch16_224,13,ILSVRC2012_val_00000548.JPEG,final,11,blocks[11],14,14,low_score_extreme,0.15,2,True,0.6309108734130859,0.09694498032331467,False,0.7136476039886475
vit_base_patch16_224,14,ILSVRC2012_val_00000575.JPEG,final,11,blocks[11],14,14,low_score_extreme,0.15,2,False,0.45534467697143555,0.4438984990119934,False,0.6306004524230957
vit_base_patch16_224,15,ILSVRC2012_val_00000602.JPEG,final,11,blocks[11],14,14,low_score_extreme,0.15,2,True,0.004273414611816406,0.0018709897994995117,False,0.46868109703063965
vit_base_patch16_224,8,ILSVRC2012_val_00000299.JPEG,final,11,blocks[11],14,14,low_score_extreme,0.15,3,True,-0.1788625717163086,-0.11100038141012192,False,0.6845631003379822
vit_base_patch16_224,9,ILSVRC2012_val_00000410.JPEG,final,11,blocks[11],14,14,low_score_extreme,0.15,3,True,0.11447715759277344,0.0078003183007240295,False,0.5133271813392639
vit_base_patch16_224,10,ILSVRC2012_val_00000499.JPEG,final,11,blocks[11],14,14,low_score_extreme,0.15,3,True,0.07330131530761719,0.00808820128440857,False,0.6894946694374084
vit_base_patch16_224,11,ILSVRC2012_val_00000526.JPEG,final,11,blocks[11],14,14,low_score_extreme,0.15,3,True,0.2437877655029297,0.011996075510978699,False,0.5704371929168701
vit_base_patch16_224,12,ILSVRC2012_val_00000537.JPEG,final,11,blocks[11],14,14,low_score_extreme,0.15,3,True,-0.1072072982788086,-0.011366695165634155,False,0.5181633830070496
vit_base_patch16_224,13,ILSVRC2012_val_00000548.JPEG,final,11,blocks[11],14,14,low_score_extreme,0.15,3,True,0.6309108734130859,0.09694498032331467,False,0.7136476039886475
vit_base_patch16_224,14,ILSVRC2012_val_00000575.JPEG,final,11,blocks[11],14,14,low_score_extreme,0.15,3,False,0.45534467697143555,0.4438984990119934,False,0.6306004524230957
vit_base_patch16_224,15,ILSVRC2012_val_00000602.JPEG,final,11,blocks[11],14,14,low_score_extreme,0.15,3,True,0.004273414611816406,0.0018709897994995117,False,0.46868109703063965
vit_base_patch16_224,8,ILSVRC2012_val_00000299.JPEG,final,11,blocks[11],14,14,random_uniform,0.15,0,True,0.005805015563964844,-0.07513120770454407,False,0.7970868349075317
vit_base_patch16_224,9,ILSVRC2012_val_00000410.JPEG,final,11,blocks[11],14,14,random_uniform,0.15,0,True,0.05156135559082031,0.005220279097557068,False,0.7421441078186035
vit_base_patch16_224,10,ILSVRC2012_val_00000499.JPEG,final,11,blocks[11],14,14,random_uniform,0.15,0,True,-0.05431938171386719,-0.004810824990272522,False,0.8606033325195312
vit_base_patch16_224,11,ILSVRC2012_val_00000526.JPEG,final,11,blocks[11],14,14,random_uniform,0.15,0,True,0.5882415771484375,0.060750387609004974,False,0.7578025460243225
vit_base_patch16_224,12,ILSVRC2012_val_00000537.JPEG,final,11,blocks[11],14,14,random_uniform,0.15,0,True,0.020795822143554688,0.006290659308433533,False,0.749765932559967
vit_base_patch16_224,13,ILSVRC2012_val_00000548.JPEG,final,11,blocks[11],14,14,random_uniform,0.15,0,True,0.6183624267578125,0.10495773702859879,False,0.8550867438316345
vit_base_patch16_224,14,ILSVRC2012_val_00000575.JPEG,final,11,blocks[11],14,14,random_uniform,0.15,0,False,0.3419365882873535,0.20967882871627808,False,0.7762112021446228
vit_base_patch16_224,15,ILSVRC2012_val_00000602.JPEG,final,11,blocks[11],14,14,random_uniform,0.15,0,True,0.19328689575195312,0.019952356815338135,False,0.7385318875312805
vit_base_patch16_224,8,ILSVRC2012_val_00000299.JPEG,final,11,blocks[11],14,14,random_uniform,0.15,1,True,0.09807395935058594,-0.059992820024490356,False,0.7956046462059021
vit_base_patch16_224,9,ILSVRC2012_val_00000410.JPEG,final,11,blocks[11],14,14,random_uniform,0.15,1,True,0.15728187561035156,0.015508957207202911,False,0.7664669156074524
vit_base_patch16_224,10,ILSVRC2012_val_00000499.JPEG,final,11,blocks[11],14,14,random_uniform,0.15,1,True,0.042758941650390625,0.00520218163728714,False,0.8585441708564758
vit_base_patch16_224,11,ILSVRC2012_val_00000526.JPEG,final,11,blocks[11],14,14,random_uniform,0.15,1,True,0.11470794677734375,0.004842333495616913,False,0.7607504725456238
vit_base_patch16_224,12,ILSVRC2012_val_00000537.JPEG,final,11,blocks[11],14,14,random_uniform,0.15,1,True,0.3389720916748047,0.08886115252971649,False,0.7567600607872009
vit_base_patch16_224,13,ILSVRC2012_val_00000548.JPEG,final,11,blocks[11],14,14,random_uniform,0.15,1,True,0.6079511642456055,0.07780789583921432,False,0.8599816560745239
vit_base_patch16_224,14,ILSVRC2012_val_00000575.JPEG,final,11,blocks[11],14,14,random_uniform,0.15,1,False,-0.03534650802612305,0.014661848545074463,False,0.7917272448539734
vit_base_patch16_224,15,ILSVRC2012_val_00000602.JPEG,final,11,blocks[11],14,14,random_uniform,0.15,1,True,0.05324363708496094,0.013059273362159729,False,0.7345432639122009
vit_base_patch16_224,8,ILSVRC2012_val_00000299.JPEG,final,11,blocks[11],14,14,random_uniform,0.15,2,True,-0.11758232116699219,-0.060023337602615356,False,0.7924402356147766
vit_base_patch16_224,9,ILSVRC2012_val_00000410.JPEG,final,11,blocks[11],14,14,random_uniform,0.15,2,True,0.14104080200195312,0.011723063886165619,False,0.7581046223640442
vit_base_patch16_224,10,ILSVRC2012_val_00000499.JPEG,final,11,blocks[11],14,14,random_uniform,0.15,2,True,-0.09700965881347656,-0.009163767099380493,False,0.8390037417411804
vit_base_patch16_224,11,ILSVRC2012_val_00000526.JPEG,final,11,blocks[11],14,14,random_uniform,0.15,2,True,0.13210296630859375,0.017495721578598022,False,0.7381277680397034
vit_base_patch16_224,12,ILSVRC2012_val_00000537.JPEG,final,11,blocks[11],14,14,random_uniform,0.15,2,True,-0.06803035736083984,-0.004413872957229614,False,0.7508429288864136
vit_base_patch16_224,13,ILSVRC2012_val_00000548.JPEG,final,11,blocks[11],14,14,random_uniform,0.15,2,True,0.41164684295654297,0.06752427667379379,False,0.8347591757774353
vit_base_patch16_224,14,ILSVRC2012_val_00000575.JPEG,final,11,blocks[11],14,14,random_uniform,0.15,2,False,0.3541884422302246,0.40991324186325073,False,0.7882335186004639
vit_base_patch16_224,15,ILSVRC2012_val_00000602.JPEG,final,11,blocks[11],14,14,random_uniform,0.15,2,True,0.2755565643310547,0.039559222757816315,False,0.7386035323143005
vit_base_patch16_224,8,ILSVRC2012_val_00000299.JPEG,final,11,blocks[11],14,14,random_uniform,0.15,3,True,-0.17308425903320312,-0.08234742283821106,False,0.7821248769760132
vit_base_patch16_224,9,ILSVRC2012_val_00000410.JPEG,final,11,blocks[11],14,14,random_uniform,0.15,3,True,0.08579540252685547,0.005120575428009033,False,0.7295588850975037
vit_base_patch16_224,10,ILSVRC2012_val_00000499.JPEG,final,11,blocks[11],14,14,random_uniform,0.15,3,True,0.03070831298828125,0.0035018250346183777,False,0.8605291247367859
vit_base_patch16_224,11,ILSVRC2012_val_00000526.JPEG,final,11,blocks[11],14,14,random_uniform,0.15,3,True,0.3378124237060547,0.03629588335752487,False,0.7584821581840515
vit_base_patch16_224,12,ILSVRC2012_val_00000537.JPEG,final,11,blocks[11],14,14,random_uniform,0.15,3,True,-0.06452083587646484,-0.007745109498500824,False,0.7262541651725769
vit_base_patch16_224,13,ILSVRC2012_val_00000548.JPEG,final,11,blocks[11],14,14,random_uniform,0.15,3,True,0.834773063659668,0.1271880567073822,False,0.8494900465011597
vit_base_patch16_224,14,ILSVRC2012_val_00000575.JPEG,final,11,blocks[11],14,14,random_uniform,0.15,3,False,0.5957632064819336,0.6407985091209412,False,0.7752857208251953
vit_base_patch16_224,15,ILSVRC2012_val_00000602.JPEG,final,11,blocks[11],14,14,random_uniform,0.15,3,True,0.3441963195800781,0.04646474868059158,False,0.7293830513954163
vit_base_patch16_224,8,ILSVRC2012_val_00000299.JPEG,final,11,blocks[11],14,14,score_deviation_extreme,0.15,0,True,-0.13389015197753906,-0.10591196268796921,False,0.6887938976287842
vit_base_patch16_224,9,ILSVRC2012_val_00000410.JPEG,final,11,blocks[11],14,14,score_deviation_extreme,0.15,0,True,0.11447715759277344,0.0078003183007240295,False,0.5133271813392639
vit_base_patch16_224,10,ILSVRC2012_val_00000499.JPEG,final,11,blocks[11],14,14,score_deviation_extreme,0.15,0,True,0.07330131530761719,0.00808820128440857,False,0.6894946694374084
vit_base_patch16_224,11,ILSVRC2012_val_00000526.JPEG,final,11,blocks[11],14,14,score_deviation_extreme,0.15,0,True,0.2437877655029297,0.011996075510978699,False,0.5704371929168701
vit_base_patch16_224,12,ILSVRC2012_val_00000537.JPEG,final,11,blocks[11],14,14,score_deviation_extreme,0.15,0,True,-0.1072072982788086,-0.011366695165634155,False,0.5181633830070496
vit_base_patch16_224,13,ILSVRC2012_val_00000548.JPEG,final,11,blocks[11],14,14,score_deviation_extreme,0.15,0,True,0.6309108734130859,0.09694498032331467,False,0.7136476039886475
vit_base_patch16_224,14,ILSVRC2012_val_00000575.JPEG,final,11,blocks[11],14,14,score_deviation_extreme,0.15,0,False,0.45534467697143555,0.4438984990119934,False,0.6306004524230957
vit_base_patch16_224,15,ILSVRC2012_val_00000602.JPEG,final,11,blocks[11],14,14,score_deviation_extreme,0.15,0,True,0.004273414611816406,0.0018709897994995117,False,0.46868109703063965
vit_base_patch16_224,8,ILSVRC2012_val_00000299.JPEG,final,11,blocks[11],14,14,score_deviation_extreme,0.15,1,True,-0.13389015197753906,-0.10591196268796921,False,0.6887938976287842
vit_base_patch16_224,9,ILSVRC2012_val_00000410.JPEG,final,11,blocks[11],14,14,score_deviation_extreme,0.15,1,True,0.11447715759277344,0.0078003183007240295,False,0.5133271813392639
vit_base_patch16_224,10,ILSVRC2012_val_00000499.JPEG,final,11,blocks[11],14,14,score_deviation_extreme,0.15,1,True,0.07330131530761719,0.00808820128440857,False,0.6894946694374084
vit_base_patch16_224,11,ILSVRC2012_val_00000526.JPEG,final,11,blocks[11],14,14,score_deviation_extreme,0.15,1,True,0.2437877655029297,0.011996075510978699,False,0.5704371929168701
vit_base_patch16_224,12,ILSVRC2012_val_00000537.JPEG,final,11,blocks[11],14,14,score_deviation_extreme,0.15,1,True,-0.1072072982788086,-0.011366695165634155,False,0.5181633830070496
vit_base_patch16_224,13,ILSVRC2012_val_00000548.JPEG,final,11,blocks[11],14,14,score_deviation_extreme,0.15,1,True,0.6309108734130859,0.09694498032331467,False,0.7136476039886475
vit_base_patch16_224,14,ILSVRC2012_val_00000575.JPEG,final,11,blocks[11],14,14,score_deviation_extreme,0.15,1,False,0.45534467697143555,0.4438984990119934,False,0.6306004524230957
vit_base_patch16_224,15,ILSVRC2012_val_00000602.JPEG,final,11,blocks[11],14,14,score_deviation_extreme,0.15,1,True,0.004273414611816406,0.0018709897994995117,False,0.46868109703063965
vit_base_patch16_224,8,ILSVRC2012_val_00000299.JPEG,final,11,blocks[11],14,14,score_deviation_extreme,0.15,2,True,-0.13389015197753906,-0.10591196268796921,False,0.6887938976287842
vit_base_patch16_224,9,ILSVRC2012_val_00000410.JPEG,final,11,blocks[11],14,14,score_deviation_extreme,0.15,2,True,0.11447715759277344,0.0078003183007240295,False,0.5133271813392639
vit_base_patch16_224,10,ILSVRC2012_val_00000499.JPEG,final,11,blocks[11],14,14,score_deviation_extreme,0.15,2,True,0.07330131530761719,0.00808820128440857,False,0.6894946694374084
vit_base_patch16_224,11,ILSVRC2012_val_00000526.JPEG,final,11,blocks[11],14,14,score_deviation_extreme,0.15,2,True,0.2437877655029297,0.011996075510978699,False,0.5704371929168701
vit_base_patch16_224,12,ILSVRC2012_val_00000537.JPEG,final,11,blocks[11],14,14,score_deviation_extreme,0.15,2,True,-0.1072072982788086,-0.011366695165634155,False,0.5181633830070496
vit_base_patch16_224,13,ILSVRC2012_val_00000548.JPEG,final,11,blocks[11],14,14,score_deviation_extreme,0.15,2,True,0.6309108734130859,0.09694498032331467,False,0.7136476039886475
vit_base_patch16_224,14,ILSVRC2012_val_00000575.JPEG,final,11,blocks[11],14,14,score_deviation_extreme,0.15,2,False,0.45534467697143555,0.4438984990119934,False,0.6306004524230957
vit_base_patch16_224,15,ILSVRC2012_val_00000602.JPEG,final,11,blocks[11],14,14,score_deviation_extreme,0.15,2,True,0.004273414611816406,0.0018709897994995117,False,0.46868109703063965
vit_base_patch16_224,8,ILSVRC2012_val_00000299.JPEG,final,11,blocks[11],14,14,score_deviation_extreme,0.15,3,True,-0.13389015197753906,-0.10591196268796921,False,0.6887938976287842
vit_base_patch16_224,9,ILSVRC2012_val_00000410.JPEG,final,11,blocks[11],14,14,score_deviation_extreme,0.15,3,True,0.11447715759277344,0.0078003183007240295,False,0.5133271813392639
vit_base_patch16_224,10,ILSVRC2012_val_00000499.JPEG,final,11,blocks[11],14,14,score_deviation_extreme,0.15,3,True,0.07330131530761719,0.00808820128440857,False,0.6894946694374084
vit_base_patch16_224,11,ILSVRC2012_val_00000526.JPEG,final,11,blocks[11],14,14,score_deviation_extreme,0.15,3,True,0.2437877655029297,0.011996075510978699,False,0.5704371929168701
vit_base_patch16_224,12,ILSVRC2012_val_00000537.JPEG,final,11,blocks[11],14,14,score_deviation_extreme,0.15,3,True,-0.1072072982788086,-0.011366695165634155,False,0.5181633830070496
vit_base_patch16_224,13,ILSVRC2012_val_00000548.JPEG,final,11,blocks[11],14,14,score_deviation_extreme,0.15,3,True,0.6309108734130859,0.09694498032331467,False,0.7136476039886475
vit_base_patch16_224,14,ILSVRC2012_val_00000575.JPEG,final,11,blocks[11],14,14,score_deviation_extreme,0.15,3,False,0.45534467697143555,0.4438984990119934,False,0.6306004524230957
vit_base_patch16_224,15,ILSVRC2012_val_00000602.JPEG,final,11,blocks[11],14,14,score_deviation_extreme,0.15,3,True,0.004273414611816406,0.0018709897994995117,False,0.46868109703063965
vit_base_patch16_224,16,ILSVRC2012_val_00000695.JPEG,early,0,feature_modules[0],14,14,high_score_extreme,0.15,0,True,-0.26379966735839844,-0.03312598913908005,False,0.2908354103565216
vit_base_patch16_224,17,ILSVRC2012_val_00000724.JPEG,early,0,feature_modules[0],14,14,high_score_extreme,0.15,0,True,0.8375120162963867,0.0945410281419754,False,0.28155794739723206
vit_base_patch16_224,18,ILSVRC2012_val_00000781.JPEG,early,0,feature_modules[0],14,14,high_score_extreme,0.15,0,True,0.0856180191040039,0.009336203336715698,False,0.3193003535270691
vit_base_patch16_224,19,ILSVRC2012_val_00000809.JPEG,early,0,feature_modules[0],14,14,high_score_extreme,0.15,0,True,0.18674850463867188,0.05338636040687561,False,0.32316169142723083
vit_base_patch16_224,20,ILSVRC2012_val_00000871.JPEG,early,0,feature_modules[0],14,14,high_score_extreme,0.15,0,True,-0.10686016082763672,-0.004764094948768616,False,0.28924500942230225
vit_base_patch16_224,21,ILSVRC2012_val_00000890.JPEG,early,0,feature_modules[0],14,14,high_score_extreme,0.15,0,True,-0.016805648803710938,0.0017744451761245728,False,0.29725638031959534
vit_base_patch16_224,22,ILSVRC2012_val_00000989.JPEG,early,0,feature_modules[0],14,14,high_score_extreme,0.15,0,True,0.31403541564941406,0.02849426120519638,False,0.32958540320396423
vit_base_patch16_224,23,ILSVRC2012_val_00001094.JPEG,early,0,feature_modules[0],14,14,high_score_extreme,0.15,0,True,-0.10116958618164062,0.033718377351760864,False,0.3111783266067505
vit_base_patch16_224,16,ILSVRC2012_val_00000695.JPEG,early,0,feature_modules[0],14,14,high_score_extreme,0.15,1,True,-0.26379966735839844,-0.03312598913908005,False,0.2908354103565216
vit_base_patch16_224,17,ILSVRC2012_val_00000724.JPEG,early,0,feature_modules[0],14,14,high_score_extreme,0.15,1,True,0.8375120162963867,0.0945410281419754,False,0.28155794739723206
vit_base_patch16_224,18,ILSVRC2012_val_00000781.JPEG,early,0,feature_modules[0],14,14,high_score_extreme,0.15,1,True,0.0856180191040039,0.009336203336715698,False,0.3193003535270691
vit_base_patch16_224,19,ILSVRC2012_val_00000809.JPEG,early,0,feature_modules[0],14,14,high_score_extreme,0.15,1,True,0.18674850463867188,0.05338636040687561,False,0.32316169142723083
vit_base_patch16_224,20,ILSVRC2012_val_00000871.JPEG,early,0,feature_modules[0],14,14,high_score_extreme,0.15,1,True,-0.10686016082763672,-0.004764094948768616,False,0.28924500942230225
vit_base_patch16_224,21,ILSVRC2012_val_00000890.JPEG,early,0,feature_modules[0],14,14,high_score_extreme,0.15,1,True,-0.016805648803710938,0.0017744451761245728,False,0.29725638031959534
vit_base_patch16_224,22,ILSVRC2012_val_00000989.JPEG,early,0,feature_modules[0],14,14,high_score_extreme,0.15,1,True,0.31403541564941406,0.02849426120519638,False,0.32958540320396423
vit_base_patch16_224,23,ILSVRC2012_val_00001094.JPEG,early,0,feature_modules[0],14,14,high_score_extreme,0.15,1,True,-0.10116958618164062,0.033718377351760864,False,0.3111783266067505
vit_base_patch16_224,16,ILSVRC2012_val_00000695.JPEG,early,0,feature_modules[0],14,14,high_score_extreme,0.15,2,True,-0.26379966735839844,-0.03312598913908005,False,0.2908354103565216
vit_base_patch16_224,17,ILSVRC2012_val_00000724.JPEG,early,0,feature_modules[0],14,14,high_score_extreme,0.15,2,True,0.8375120162963867,0.0945410281419754,False,0.28155794739723206
vit_base_patch16_224,18,ILSVRC2012_val_00000781.JPEG,early,0,feature_modules[0],14,14,high_score_extreme,0.15,2,True,0.0856180191040039,0.009336203336715698,False,0.3193003535270691
vit_base_patch16_224,19,ILSVRC2012_val_00000809.JPEG,early,0,feature_modules[0],14,14,high_score_extreme,0.15,2,True,0.18674850463867188,0.05338636040687561,False,0.32316169142723083
vit_base_patch16_224,20,ILSVRC2012_val_00000871.JPEG,early,0,feature_modules[0],14,14,high_score_extreme,0.15,2,True,-0.10686016082763672,-0.004764094948768616,False,0.28924500942230225
vit_base_patch16_224,21,ILSVRC2012_val_00000890.JPEG,early,0,feature_modules[0],14,14,high_score_extreme,0.15,2,True,-0.016805648803710938,0.0017744451761245728,False,0.29725638031959534
vit_base_patch16_224,22,ILSVRC2012_val_00000989.JPEG,early,0,feature_modules[0],14,14,high_score_extreme,0.15,2,True,0.31403541564941406,0.02849426120519638,False,0.32958540320396423
vit_base_patch16_224,23,ILSVRC2012_val_00001094.JPEG,early,0,feature_modules[0],14,14,high_score_extreme,0.15,2,True,-0.10116958618164062,0.033718377351760864,False,0.3111783266067505
vit_base_patch16_224,16,ILSVRC2012_val_00000695.JPEG,early,0,feature_modules[0],14,14,high_score_extreme,0.15,3,True,-0.26379966735839844,-0.03312598913908005,False,0.2908354103565216
vit_base_patch16_224,17,ILSVRC2012_val_00000724.JPEG,early,0,feature_modules[0],14,14,high_score_extreme,0.15,3,True,0.8375120162963867,0.0945410281419754,False,0.28155794739723206
vit_base_patch16_224,18,ILSVRC2012_val_00000781.JPEG,early,0,feature_modules[0],14,14,high_score_extreme,0.15,3,True,0.0856180191040039,0.009336203336715698,False,0.3193003535270691
vit_base_patch16_224,19,ILSVRC2012_val_00000809.JPEG,early,0,feature_modules[0],14,14,high_score_extreme,0.15,3,True,0.18674850463867188,0.05338636040687561,False,0.32316169142723083
vit_base_patch16_224,20,ILSVRC2012_val_00000871.JPEG,early,0,feature_modules[0],14,14,high_score_extreme,0.15,3,True,-0.10686016082763672,-0.004764094948768616,False,0.28924500942230225
vit_base_patch16_224,21,ILSVRC2012_val_00000890.JPEG,early,0,feature_modules[0],14,14,high_score_extreme,0.15,3,True,-0.016805648803710938,0.0017744451761245728,False,0.29725638031959534
vit_base_patch16_224,22,ILSVRC2012_val_00000989.JPEG,early,0,feature_modules[0],14,14,high_score_extreme,0.15,3,True,0.31403541564941406,0.02849426120519638,False,0.32958540320396423
vit_base_patch16_224,23,ILSVRC2012_val_00001094.JPEG,early,0,feature_modules[0],14,14,high_score_extreme,0.15,3,True,-0.10116958618164062,0.033718377351760864,False,0.3111783266067505
vit_base_patch16_224,16,ILSVRC2012_val_00000695.JPEG,early,0,feature_modules[0],14,14,low_score_extreme,0.15,0,True,0.1187286376953125,0.05301138758659363,False,0.19218048453330994
vit_base_patch16_224,17,ILSVRC2012_val_00000724.JPEG,early,0,feature_modules[0],14,14,low_score_extreme,0.15,0,True,-0.11781883239746094,0.011592909693717957,False,0.18528172373771667
vit_base_patch16_224,18,ILSVRC2012_val_00000781.JPEG,early,0,feature_modules[0],14,14,low_score_extreme,0.15,0,True,-0.14829063415527344,-0.012769460678100586,False,0.22340896725654602
vit_base_patch16_224,19,ILSVRC2012_val_00000809.JPEG,early,0,feature_modules[0],14,14,low_score_extreme,0.15,0,True,0.2846078872680664,-0.044888898730278015,False,0.20632214844226837
vit_base_patch16_224,20,ILSVRC2012_val_00000871.JPEG,early,0,feature_modules[0],14,14,low_score_extreme,0.15,0,True,-0.1409311294555664,-0.021555915474891663,False,0.18098236620426178
vit_base_patch16_224,21,ILSVRC2012_val_00000890.JPEG,early,0,feature_modules[0],14,14,low_score_extreme,0.15,0,True,-0.07803726196289062,-0.007141232490539551,False,0.21411198377609253
vit_base_patch16_224,22,ILSVRC2012_val_00000989.JPEG,early,0,feature_modules[0],14,14,low_score_extreme,0.15,0,True,0.7228212356567383,0.07855973392724991,False,0.20447073876857758
vit_base_patch16_224,23,ILSVRC2012_val_00001094.JPEG,early,0,feature_modules[0],14,14,low_score_extreme,0.15,0,True,0.07448101043701172,0.016629904508590698,False,0.21888160705566406
vit_base_patch16_224,16,ILSVRC2012_val_00000695.JPEG,early,0,feature_modules[0],14,14,low_score_extreme,0.15,1,True,0.1187286376953125,0.05301138758659363,False,0.19218048453330994
vit_base_patch16_224,17,ILSVRC2012_val_00000724.JPEG,early,0,feature_modules[0],14,14,low_score_extreme,0.15,1,True,-0.11781883239746094,0.011592909693717957,False,0.18528172373771667
vit_base_patch16_224,18,ILSVRC2012_val_00000781.JPEG,early,0,feature_modules[0],14,14,low_score_extreme,0.15,1,True,-0.14829063415527344,-0.012769460678100586,False,0.22340896725654602
vit_base_patch16_224,19,ILSVRC2012_val_00000809.JPEG,early,0,feature_modules[0],14,14,low_score_extreme,0.15,1,True,0.2846078872680664,-0.044888898730278015,False,0.20632214844226837
vit_base_patch16_224,20,ILSVRC2012_val_00000871.JPEG,early,0,feature_modules[0],14,14,low_score_extreme,0.15,1,True,-0.1409311294555664,-0.021555915474891663,False,0.18098236620426178
vit_base_patch16_224,21,ILSVRC2012_val_00000890.JPEG,early,0,feature_modules[0],14,14,low_score_extreme,0.15,1,True,-0.07803726196289062,-0.007141232490539551,False,0.21411198377609253
vit_base_patch16_224,22,ILSVRC2012_val_00000989.JPEG,early,0,feature_modules[0],14,14,low_score_extreme,0.15,1,True,0.7228212356567383,0.07855973392724991,False,0.20447073876857758
vit_base_patch16_224,23,ILSVRC2012_val_00001094.JPEG,early,0,feature_modules[0],14,14,low_score_extreme,0.15,1,True,0.07448101043701172,0.016629904508590698,False,0.21888160705566406
vit_base_patch16_224,16,ILSVRC2012_val_00000695.JPEG,early,0,feature_modules[0],14,14,low_score_extreme,0.15,2,True,0.1187286376953125,0.05301138758659363,False,0.19218048453330994
vit_base_patch16_224,17,ILSVRC2012_val_00000724.JPEG,early,0,feature_modules[0],14,14,low_score_extreme,0.15,2,True,-0.11781883239746094,0.011592909693717957,False,0.18528172373771667
vit_base_patch16_224,18,ILSVRC2012_val_00000781.JPEG,early,0,feature_modules[0],14,14,low_score_extreme,0.15,2,True,-0.14829063415527344,-0.012769460678100586,False,0.22340896725654602
vit_base_patch16_224,19,ILSVRC2012_val_00000809.JPEG,early,0,feature_modules[0],14,14,low_score_extreme,0.15,2,True,0.2846078872680664,-0.044888898730278015,False,0.20632214844226837
vit_base_patch16_224,20,ILSVRC2012_val_00000871.JPEG,early,0,feature_modules[0],14,14,low_score_extreme,0.15,2,True,-0.1409311294555664,-0.021555915474891663,False,0.18098236620426178
vit_base_patch16_224,21,ILSVRC2012_val_00000890.JPEG,early,0,feature_modules[0],14,14,low_score_extreme,0.15,2,True,-0.07803726196289062,-0.007141232490539551,False,0.21411198377609253
vit_base_patch16_224,22,ILSVRC2012_val_00000989.JPEG,early,0,feature_modules[0],14,14,low_score_extreme,0.15,2,True,0.7228212356567383,0.07855973392724991,False,0.20447073876857758
vit_base_patch16_224,23,ILSVRC2012_val_00001094.JPEG,early,0,feature_modules[0],14,14,low_score_extreme,0.15,2,True,0.07448101043701172,0.016629904508590698,False,0.21888160705566406
vit_base_patch16_224,16,ILSVRC2012_val_00000695.JPEG,early,0,feature_modules[0],14,14,low_score_extreme,0.15,3,True,0.1187286376953125,0.05301138758659363,False,0.19218048453330994
vit_base_patch16_224,17,ILSVRC2012_val_00000724.JPEG,early,0,feature_modules[0],14,14,low_score_extreme,0.15,3,True,-0.11781883239746094,0.011592909693717957,False,0.18528172373771667
vit_base_patch16_224,18,ILSVRC2012_val_00000781.JPEG,early,0,feature_modules[0],14,14,low_score_extreme,0.15,3,True,-0.14829063415527344,-0.012769460678100586,False,0.22340896725654602
vit_base_patch16_224,19,ILSVRC2012_val_00000809.JPEG,early,0,feature_modules[0],14,14,low_score_extreme,0.15,3,True,0.2846078872680664,-0.044888898730278015,False,0.20632214844226837
vit_base_patch16_224,20,ILSVRC2012_val_00000871.JPEG,early,0,feature_modules[0],14,14,low_score_extreme,0.15,3,True,-0.1409311294555664,-0.021555915474891663,False,0.18098236620426178
vit_base_patch16_224,21,ILSVRC2012_val_00000890.JPEG,early,0,feature_modules[0],14,14,low_score_extreme,0.15,3,True,-0.07803726196289062,-0.007141232490539551,False,0.21411198377609253
vit_base_patch16_224,22,ILSVRC2012_val_00000989.JPEG,early,0,feature_modules[0],14,14,low_score_extreme,0.15,3,True,0.7228212356567383,0.07855973392724991,False,0.20447073876857758
vit_base_patch16_224,23,ILSVRC2012_val_00001094.JPEG,early,0,feature_modules[0],14,14,low_score_extreme,0.15,3,True,0.07448101043701172,0.016629904508590698,False,0.21888160705566406
vit_base_patch16_224,16,ILSVRC2012_val_00000695.JPEG,early,0,feature_modules[0],14,14,random_uniform,0.15,0,True,-0.08242034912109375,-0.012309685349464417,False,0.23974020779132843
vit_base_patch16_224,17,ILSVRC2012_val_00000724.JPEG,early,0,feature_modules[0],14,14,random_uniform,0.15,0,True,0.3386697769165039,0.0549028217792511,False,0.23924235999584198
vit_base_patch16_224,18,ILSVRC2012_val_00000781.JPEG,early,0,feature_modules[0],14,14,random_uniform,0.15,0,True,-0.1630687713623047,-0.013666369020938873,False,0.2664256989955902
vit_base_patch16_224,19,ILSVRC2012_val_00000809.JPEG,early,0,feature_modules[0],14,14,random_uniform,0.15,0,True,0.11597156524658203,0.05813673138618469,False,0.2821695804595947
vit_base_patch16_224,20,ILSVRC2012_val_00000871.JPEG,early,0,feature_modules[0],14,14,random_uniform,0.15,0,True,-0.22162437438964844,-0.05236630141735077,False,0.2335393726825714
vit_base_patch16_224,21,ILSVRC2012_val_00000890.JPEG,early,0,feature_modules[0],14,14,random_uniform,0.15,0,True,-0.088775634765625,-0.013510674238204956,False,0.25572681427001953
vit_base_patch16_224,22,ILSVRC2012_val_00000989.JPEG,early,0,feature_modules[0],14,14,random_uniform,0.15,0,True,0.20103931427001953,0.01686307042837143,False,0.2820310890674591
vit_base_patch16_224,23,ILSVRC2012_val_00001094.JPEG,early,0,feature_modules[0],14,14,random_uniform,0.15,0,True,-0.1702442169189453,-0.03546936810016632,False,0.25489142537117004
vit_base_patch16_224,16,ILSVRC2012_val_00000695.JPEG,early,0,feature_modules[0],14,14,random_uniform,0.15,1,True,-0.14055442810058594,-0.019391536712646484,False,0.23336350917816162
vit_base_patch16_224,17,ILSVRC2012_val_00000724.JPEG,early,0,feature_modules[0],14,14,random_uniform,0.15,1,True,0.3699369430541992,0.039648085832595825,False,0.23593592643737793
vit_base_patch16_224,18,ILSVRC2012_val_00000781.JPEG,early,0,feature_modules[0],14,14,random_uniform,0.15,1,True,-0.34564781188964844,-0.02779144048690796,False,0.26705655455589294
vit_base_patch16_224,19,ILSVRC2012_val_00000809.JPEG,early,0,feature_modules[0],14,14,random_uniform,0.15,1,True,0.04654502868652344,-0.032500505447387695,False,0.26965367794036865
vit_base_patch16_224,20,ILSVRC2012_val_00000871.JPEG,early,0,feature_modules[0],14,14,random_uniform,0.15,1,True,-0.38054370880126953,-0.06301460415124893,False,0.2280379682779312
vit_base_patch16_224,21,ILSVRC2012_val_00000890.JPEG,early,0,feature_modules[0],14,14,random_uniform,0.15,1,True,-0.08594322204589844,-0.00250987708568573,False,0.25931239128112793
vit_base_patch16_224,22,ILSVRC2012_val_00000989.JPEG,early,0,feature_modules[0],14,14,random_uniform,0.15,1,True,0.5577726364135742,0.056270040571689606,False,0.28256693482398987
vit_base_patch16_224,23,ILSVRC2012_val_00001094.JPEG,early,0,feature_modules[0],14,14,random_uniform,0.15,1,True,0.07051467895507812,0.021260470151901245,False,0.26491326093673706
vit_base_patch16_224,16,ILSVRC2012_val_00000695.JPEG,early,0,feature_modules[0],14,14,random_uniform,0.15,2,True,-0.1875591278076172,-0.025012284517288208,False,0.23851527273654938
vit_base_patch16_224,17,ILSVRC2012_val_00000724.JPEG,early,0,feature_modules[0],14,14,random_uniform,0.15,2,True,0.23900413513183594,0.03850632905960083,False,0.23328280448913574
vit_base_patch16_224,18,ILSVRC2012_val_00000781.JPEG,early,0,feature_modules[0],14,14,random_uniform,0.15,2,True,-0.32677459716796875,-0.025834590196609497,False,0.26383620500564575
vit_base_patch16_224,19,ILSVRC2012_val_00000809.JPEG,early,0,feature_modules[0],14,14,random_uniform,0.15,2,True,0.23934173583984375,-0.03173503279685974,False,0.2595411241054535
vit_base_patch16_224,20,ILSVRC2012_val_00000871.JPEG,early,0,feature_modules[0],14,14,random_uniform,0.15,2,True,-0.06667709350585938,-0.0035738199949264526,False,0.23863540589809418
vit_base_patch16_224,21,ILSVRC2012_val_00000890.JPEG,early,0,feature_modules[0],14,14,random_uniform,0.15,2,True,-0.040798187255859375,-0.0036154836416244507,False,0.24974234402179718
vit_base_patch16_224,22,ILSVRC2012_val_00000989.JPEG,early,0,feature_modules[0],14,14,random_uniform,0.15,2,True,0.5068445205688477,0.04991791397333145,False,0.2655273377895355
vit_base_patch16_224,23,ILSVRC2012_val_00001094.JPEG,early,0,feature_modules[0],14,14,random_uniform,0.15,2,True,-0.04397010803222656,0.03156489133834839,False,0.2593926787376404
vit_base_patch16_224,16,ILSVRC2012_val_00000695.JPEG,early,0,feature_modules[0],14,14,random_uniform,0.15,3,True,0.057193756103515625,0.011588811874389648,False,0.24858973920345306
vit_base_patch16_224,17,ILSVRC2012_val_00000724.JPEG,early,0,feature_modules[0],14,14,random_uniform,0.15,3,True,0.2631502151489258,0.04069645702838898,False,0.23276522755622864
vit_base_patch16_224,18,ILSVRC2012_val_00000781.JPEG,early,0,feature_modules[0],14,14,random_uniform,0.15,3,True,-0.18401241302490234,-0.014337286353111267,False,0.27206891775131226
vit_base_patch16_224,19,ILSVRC2012_val_00000809.JPEG,early,0,feature_modules[0],14,14,random_uniform,0.15,3,True,0.113250732421875,0.19803330302238464,False,0.27922841906547546
vit_base_patch16_224,20,ILSVRC2012_val_00000871.JPEG,early,0,feature_modules[0],14,14,random_uniform,0.15,3,True,-0.09352588653564453,-0.007532984018325806,False,0.22169484198093414
vit_base_patch16_224,21,ILSVRC2012_val_00000890.JPEG,early,0,feature_modules[0],14,14,random_uniform,0.15,3,True,-0.038806915283203125,0.002457261085510254,False,0.258088618516922
vit_base_patch16_224,22,ILSVRC2012_val_00000989.JPEG,early,0,feature_modules[0],14,14,random_uniform,0.15,3,True,0.25017261505126953,0.019736267626285553,False,0.28221189975738525
vit_base_patch16_224,23,ILSVRC2012_val_00001094.JPEG,early,0,feature_modules[0],14,14,random_uniform,0.15,3,True,-0.007867813110351562,0.017564058303833008,False,0.2609052360057831
vit_base_patch16_224,16,ILSVRC2012_val_00000695.JPEG,early,0,feature_modules[0],14,14,score_deviation_extreme,0.15,0,True,-0.4627189636230469,-0.05317310988903046,False,0.2434685230255127
vit_base_patch16_224,17,ILSVRC2012_val_00000724.JPEG,early,0,feature_modules[0],14,14,score_deviation_extreme,0.15,0,True,0.3365755081176758,0.04441717267036438,False,0.22424665093421936
vit_base_patch16_224,18,ILSVRC2012_val_00000781.JPEG,early,0,feature_modules[0],14,14,score_deviation_extreme,0.15,0,True,-0.14626693725585938,-0.012567825615406036,False,0.2878941595554352
vit_base_patch16_224,19,ILSVRC2012_val_00000809.JPEG,early,0,feature_modules[0],14,14,score_deviation_extreme,0.15,0,True,0.3189115524291992,-0.045374512672424316,False,0.2297057807445526
vit_base_patch16_224,20,ILSVRC2012_val_00000871.JPEG,early,0,feature_modules[0],14,14,score_deviation_extreme,0.15,0,True,-0.025388717651367188,-0.0013668239116668701,False,0.22775141894817352
vit_base_patch16_224,21,ILSVRC2012_val_00000890.JPEG,early,0,feature_modules[0],14,14,score_deviation_extreme,0.15,0,True,-0.12195301055908203,-0.0036305636167526245,False,0.2556387484073639
vit_base_patch16_224,22,ILSVRC2012_val_00000989.JPEG,early,0,feature_modules[0],14,14,score_deviation_extreme,0.15,0,True,0.7228212356567383,0.07855973392724991,False,0.20447073876857758
vit_base_patch16_224,23,ILSVRC2012_val_00001094.JPEG,early,0,feature_modules[0],14,14,score_deviation_extreme,0.15,0,True,-0.1356801986694336,0.002614229917526245,False,0.2889755964279175
vit_base_patch16_224,16,ILSVRC2012_val_00000695.JPEG,early,0,feature_modules[0],14,14,score_deviation_extreme,0.15,1,True,-0.4627189636230469,-0.05317310988903046,False,0.2434685230255127
vit_base_patch16_224,17,ILSVRC2012_val_00000724.JPEG,early,0,feature_modules[0],14,14,score_deviation_extreme,0.15,1,True,0.3365755081176758,0.04441717267036438,False,0.22424665093421936
vit_base_patch16_224,18,ILSVRC2012_val_00000781.JPEG,early,0,feature_modules[0],14,14,score_deviation_extreme,0.15,1,True,-0.14626693725585938,-0.012567825615406036,False,0.2878941595554352
vit_base_patch16_224,19,ILSVRC2012_val_00000809.JPEG,early,0,feature_modules[0],14,14,score_deviation_extreme,0.15,1,True,0.3189115524291992,-0.045374512672424316,False,0.2297057807445526
vit_base_patch16_224,20,ILSVRC2012_val_00000871.JPEG,early,0,feature_modules[0],14,14,score_deviation_extreme,0.15,1,True,-0.025388717651367188,-0.0013668239116668701,False,0.22775141894817352
vit_base_patch16_224,21,ILSVRC2012_val_00000890.JPEG,early,0,feature_modules[0],14,14,score_deviation_extreme,0.15,1,True,-0.12195301055908203,-0.0036305636167526245,False,0.2556387484073639
vit_base_patch16_224,22,ILSVRC2012_val_00000989.JPEG,early,0,feature_modules[0],14,14,score_deviation_extreme,0.15,1,True,0.7228212356567383,0.07855973392724991,False,0.20447073876857758
vit_base_patch16_224,23,ILSVRC2012_val_00001094.JPEG,early,0,feature_modules[0],14,14,score_deviation_extreme,0.15,1,True,-0.1356801986694336,0.002614229917526245,False,0.2889755964279175
vit_base_patch16_224,16,ILSVRC2012_val_00000695.JPEG,early,0,feature_modules[0],14,14,score_deviation_extreme,0.15,2,True,-0.4627189636230469,-0.05317310988903046,False,0.2434685230255127
vit_base_patch16_224,17,ILSVRC2012_val_00000724.JPEG,early,0,feature_modules[0],14,14,score_deviation_extreme,0.15,2,True,0.3365755081176758,0.04441717267036438,False,0.22424665093421936
vit_base_patch16_224,18,ILSVRC2012_val_00000781.JPEG,early,0,feature_modules[0],14,14,score_deviation_extreme,0.15,2,True,-0.14626693725585938,-0.012567825615406036,False,0.2878941595554352
vit_base_patch16_224,19,ILSVRC2012_val_00000809.JPEG,early,0,feature_modules[0],14,14,score_deviation_extreme,0.15,2,True,0.3189115524291992,-0.045374512672424316,False,0.2297057807445526
vit_base_patch16_224,20,ILSVRC2012_val_00000871.JPEG,early,0,feature_modules[0],14,14,score_deviation_extreme,0.15,2,True,-0.025388717651367188,-0.0013668239116668701,False,0.22775141894817352
vit_base_patch16_224,21,ILSVRC2012_val_00000890.JPEG,early,0,feature_modules[0],14,14,score_deviation_extreme,0.15,2,True,-0.12195301055908203,-0.0036305636167526245,False,0.2556387484073639
vit_base_patch16_224,22,ILSVRC2012_val_00000989.JPEG,early,0,feature_modules[0],14,14,score_deviation_extreme,0.15,2,True,0.7228212356567383,0.07855973392724991,False,0.20447073876857758
vit_base_patch16_224,23,ILSVRC2012_val_00001094.JPEG,early,0,feature_modules[0],14,14,score_deviation_extreme,0.15,2,True,-0.1356801986694336,0.002614229917526245,False,0.2889755964279175
vit_base_patch16_224,16,ILSVRC2012_val_00000695.JPEG,early,0,feature_modules[0],14,14,score_deviation_extreme,0.15,3,True,-0.4627189636230469,-0.05317310988903046,False,0.2434685230255127
vit_base_patch16_224,17,ILSVRC2012_val_00000724.JPEG,early,0,feature_modules[0],14,14,score_deviation_extreme,0.15,3,True,0.3365755081176758,0.04441717267036438,False,0.22424665093421936
vit_base_patch16_224,18,ILSVRC2012_val_00000781.JPEG,early,0,feature_modules[0],14,14,score_deviation_extreme,0.15,3,True,-0.14626693725585938,-0.012567825615406036,False,0.2878941595554352
vit_base_patch16_224,19,ILSVRC2012_val_00000809.JPEG,early,0,feature_modules[0],14,14,score_deviation_extreme,0.15,3,True,0.3189115524291992,-0.045374512672424316,False,0.2297057807445526
vit_base_patch16_224,20,ILSVRC2012_val_00000871.JPEG,early,0,feature_modules[0],14,14,score_deviation_extreme,0.15,3,True,-0.025388717651367188,-0.0013668239116668701,False,0.22775141894817352
vit_base_patch16_224,21,ILSVRC2012_val_00000890.JPEG,early,0,feature_modules[0],14,14,score_deviation_extreme,0.15,3,True,-0.12195301055908203,-0.0036305636167526245,False,0.2556387484073639
vit_base_patch16_224,22,ILSVRC2012_val_00000989.JPEG,early,0,feature_modules[0],14,14,score_deviation_extreme,0.15,3,True,0.7228212356567383,0.07855973392724991,False,0.20447073876857758
vit_base_patch16_224,23,ILSVRC2012_val_00001094.JPEG,early,0,feature_modules[0],14,14,score_deviation_extreme,0.15,3,True,-0.1356801986694336,0.002614229917526245,False,0.2889755964279175
vit_base_patch16_224,16,ILSVRC2012_val_00000695.JPEG,mid,6,feature_modules[6],14,14,high_score_extreme,0.15,0,True,-0.18334484100341797,-0.023842766880989075,False,0.12338991463184357
vit_base_patch16_224,17,ILSVRC2012_val_00000724.JPEG,mid,6,feature_modules[6],14,14,high_score_extreme,0.15,0,True,0.13020610809326172,0.03572416305541992,False,0.1396460086107254
vit_base_patch16_224,18,ILSVRC2012_val_00000781.JPEG,mid,6,feature_modules[6],14,14,high_score_extreme,0.15,0,True,0.009016036987304688,0.002540178596973419,False,0.13107237219810486
vit_base_patch16_224,19,ILSVRC2012_val_00000809.JPEG,mid,6,feature_modules[6],14,14,high_score_extreme,0.15,0,True,0.01895427703857422,0.036323219537734985,False,0.09544921666383743
vit_base_patch16_224,20,ILSVRC2012_val_00000871.JPEG,mid,6,feature_modules[6],14,14,high_score_extreme,0.15,0,True,-0.20618343353271484,0.015583515167236328,False,0.12450770288705826
vit_base_patch16_224,21,ILSVRC2012_val_00000890.JPEG,mid,6,feature_modules[6],14,14,high_score_extreme,0.15,0,True,0.12262630462646484,0.01336902379989624,False,0.1320262998342514
vit_base_patch16_224,22,ILSVRC2012_val_00000989.JPEG,mid,6,feature_modules[6],14,14,high_score_extreme,0.15,0,True,0.12370491027832031,0.009786143898963928,False,0.15107686817646027
vit_base_patch16_224,23,ILSVRC2012_val_00001094.JPEG,mid,6,feature_modules[6],14,14,high_score_extreme,0.15,0,True,0.10289382934570312,0.10298886895179749,False,0.11051177233457565
vit_base_patch16_224,16,ILSVRC2012_val_00000695.JPEG,mid,6,feature_modules[6],14,14,high_score_extreme,0.15,1,True,-0.18334484100341797,-0.023842766880989075,False,0.12338991463184357
vit_base_patch16_224,17,ILSVRC2012_val_00000724.JPEG,mid,6,feature_modules[6],14,14,high_score_extreme,0.15,1,True,0.13020610809326172,0.03572416305541992,False,0.1396460086107254
vit_base_patch16_224,18,ILSVRC2012_val_00000781.JPEG,mid,6,feature_modules[6],14,14,high_score_extreme,0.15,1,True,0.009016036987304688,0.002540178596973419,False,0.13107237219810486
vit_base_patch16_224,19,ILSVRC2012_val_00000809.JPEG,mid,6,feature_modules[6],14,14,high_score_extreme,0.15,1,True,0.01895427703857422,0.036323219537734985,False,0.09544921666383743
vit_base_patch16_224,20,ILSVRC2012_val_00000871.JPEG,mid,6,feature_modules[6],14,14,high_score_extreme,0.15,1,True,-0.20618343353271484,0.015583515167236328,False,0.12450770288705826
vit_base_patch16_224,21,ILSVRC2012_val_00000890.JPEG,mid,6,feature_modules[6],14,14,high_score_extreme,0.15,1,True,0.12262630462646484,0.01336902379989624,False,0.1320262998342514
vit_base_patch16_224,22,ILSVRC2012_val_00000989.JPEG,mid,6,feature_modules[6],14,14,high_score_extreme,0.15,1,True,0.12370491027832031,0.009786143898963928,False,0.15107686817646027
vit_base_patch16_224,23,ILSVRC2012_val_00001094.JPEG,mid,6,feature_modules[6],14,14,high_score_extreme,0.15,1,True,0.10289382934570312,0.10298886895179749,False,0.11051177233457565
vit_base_patch16_224,16,ILSVRC2012_val_00000695.JPEG,mid,6,feature_modules[6],14,14,high_score_extreme,0.15,2,True,-0.18334484100341797,-0.023842766880989075,False,0.12338991463184357
vit_base_patch16_224,17,ILSVRC2012_val_00000724.JPEG,mid,6,feature_modules[6],14,14,high_score_extreme,0.15,2,True,0.13020610809326172,0.03572416305541992,False,0.1396460086107254
vit_base_patch16_224,18,ILSVRC2012_val_00000781.JPEG,mid,6,feature_modules[6],14,14,high_score_extreme,0.15,2,True,0.009016036987304688,0.002540178596973419,False,0.13107237219810486
vit_base_patch16_224,19,ILSVRC2012_val_00000809.JPEG,mid,6,feature_modules[6],14,14,high_score_extreme,0.15,2,True,0.01895427703857422,0.036323219537734985,False,0.09544921666383743
vit_base_patch16_224,20,ILSVRC2012_val_00000871.JPEG,mid,6,feature_modules[6],14,14,high_score_extreme,0.15,2,True,-0.20618343353271484,0.015583515167236328,False,0.12450770288705826
vit_base_patch16_224,21,ILSVRC2012_val_00000890.JPEG,mid,6,feature_modules[6],14,14,high_score_extreme,0.15,2,True,0.12262630462646484,0.01336902379989624,False,0.1320262998342514
vit_base_patch16_224,22,ILSVRC2012_val_00000989.JPEG,mid,6,feature_modules[6],14,14,high_score_extreme,0.15,2,True,0.12370491027832031,0.009786143898963928,False,0.15107686817646027
vit_base_patch16_224,23,ILSVRC2012_val_00001094.JPEG,mid,6,feature_modules[6],14,14,high_score_extreme,0.15,2,True,0.10289382934570312,0.10298886895179749,False,0.11051177233457565
vit_base_patch16_224,16,ILSVRC2012_val_00000695.JPEG,mid,6,feature_modules[6],14,14,high_score_extreme,0.15,3,True,-0.18334484100341797,-0.023842766880989075,False,0.12338991463184357
vit_base_patch16_224,17,ILSVRC2012_val_00000724.JPEG,mid,6,feature_modules[6],14,14,high_score_extreme,0.15,3,True,0.13020610809326172,0.03572416305541992,False,0.1396460086107254
vit_base_patch16_224,18,ILSVRC2012_val_00000781.JPEG,mid,6,feature_modules[6],14,14,high_score_extreme,0.15,3,True,0.009016036987304688,0.002540178596973419,False,0.13107237219810486
vit_base_patch16_224,19,ILSVRC2012_val_00000809.JPEG,mid,6,feature_modules[6],14,14,high_score_extreme,0.15,3,True,0.01895427703857422,0.036323219537734985,False,0.09544921666383743
vit_base_patch16_224,20,ILSVRC2012_val_00000871.JPEG,mid,6,feature_modules[6],14,14,high_score_extreme,0.15,3,True,-0.20618343353271484,0.015583515167236328,False,0.12450770288705826
vit_base_patch16_224,21,ILSVRC2012_val_00000890.JPEG,mid,6,feature_modules[6],14,14,high_score_extreme,0.15,3,True,0.12262630462646484,0.01336902379989624,False,0.1320262998342514
vit_base_patch16_224,22,ILSVRC2012_val_00000989.JPEG,mid,6,feature_modules[6],14,14,high_score_extreme,0.15,3,True,0.12370491027832031,0.009786143898963928,False,0.15107686817646027
vit_base_patch16_224,23,ILSVRC2012_val_00001094.JPEG,mid,6,feature_modules[6],14,14,high_score_extreme,0.15,3,True,0.10289382934570312,0.10298886895179749,False,0.11051177233457565
vit_base_patch16_224,16,ILSVRC2012_val_00000695.JPEG,mid,6,feature_modules[6],14,14,low_score_extreme,0.15,0,True,0.3711261749267578,0.060713306069374084,False,-0.001984171336516738
vit_base_patch16_224,17,ILSVRC2012_val_00000724.JPEG,mid,6,feature_modules[6],14,14,low_score_extreme,0.15,0,True,0.22858715057373047,0.0190281942486763,False,0.0036997341085225344
vit_base_patch16_224,18,ILSVRC2012_val_00000781.JPEG,mid,6,feature_modules[6],14,14,low_score_extreme,0.15,0,True,-0.1632680892944336,-0.01389312744140625,False,0.009222972206771374
vit_base_patch16_224,19,ILSVRC2012_val_00000809.JPEG,mid,6,feature_modules[6],14,14,low_score_extreme,0.15,0,True,0.5468664169311523,0.4882340729236603,False,-0.02440633624792099
vit_base_patch16_224,20,ILSVRC2012_val_00000871.JPEG,mid,6,feature_modules[6],14,14,low_score_extreme,0.15,0,True,-0.06629753112792969,-0.0017794668674468994,False,0.023260045796632767
vit_base_patch16_224,21,ILSVRC2012_val_00000890.JPEG,mid,6,feature_modules[6],14,14,low_score_extreme,0.15,0,True,-0.12859535217285156,-0.0065957605838775635,False,0.02029556967318058
vit_base_patch16_224,22,ILSVRC2012_val_00000989.JPEG,mid,6,feature_modules[6],14,14,low_score_extreme,0.15,0,True,0.4486055374145508,0.04129766672849655,False,0.014649758115410805
vit_base_patch16_224,23,ILSVRC2012_val_00001094.JPEG,mid,6,feature_modules[6],14,14,low_score_extreme,0.15,0,True,-0.052349090576171875,-0.024696215987205505,False,-0.004896136000752449
vit_base_patch16_224,16,ILSVRC2012_val_00000695.JPEG,mid,6,feature_modules[6],14,14,low_score_extreme,0.15,1,True,0.3711261749267578,0.060713306069374084,False,-0.001984171336516738
vit_base_patch16_224,17,ILSVRC2012_val_00000724.JPEG,mid,6,feature_modules[6],14,14,low_score_extreme,0.15,1,True,0.22858715057373047,0.0190281942486763,False,0.0036997341085225344
vit_base_patch16_224,18,ILSVRC2012_val_00000781.JPEG,mid,6,feature_modules[6],14,14,low_score_extreme,0.15,1,True,-0.1632680892944336,-0.01389312744140625,False,0.009222972206771374
vit_base_patch16_224,19,ILSVRC2012_val_00000809.JPEG,mid,6,feature_modules[6],14,14,low_score_extreme,0.15,1,True,0.5468664169311523,0.4882340729236603,False,-0.02440633624792099
vit_base_patch16_224,20,ILSVRC2012_val_00000871.JPEG,mid,6,feature_modules[6],14,14,low_score_extreme,0.15,1,True,-0.06629753112792969,-0.0017794668674468994,False,0.023260045796632767
vit_base_patch16_224,21,ILSVRC2012_val_00000890.JPEG,mid,6,feature_modules[6],14,14,low_score_extreme,0.15,1,True,-0.12859535217285156,-0.0065957605838775635,False,0.02029556967318058
vit_base_patch16_224,22,ILSVRC2012_val_00000989.JPEG,mid,6,feature_modules[6],14,14,low_score_extreme,0.15,1,True,0.4486055374145508,0.04129766672849655,False,0.014649758115410805
vit_base_patch16_224,23,ILSVRC2012_val_00001094.JPEG,mid,6,feature_modules[6],14,14,low_score_extreme,0.15,1,True,-0.052349090576171875,-0.024696215987205505,False,-0.004896136000752449
vit_base_patch16_224,16,ILSVRC2012_val_00000695.JPEG,mid,6,feature_modules[6],14,14,low_score_extreme,0.15,2,True,0.3711261749267578,0.060713306069374084,False,-0.001984171336516738
vit_base_patch16_224,17,ILSVRC2012_val_00000724.JPEG,mid,6,feature_modules[6],14,14,low_score_extreme,0.15,2,True,0.22858715057373047,0.0190281942486763,False,0.0036997341085225344
vit_base_patch16_224,18,ILSVRC2012_val_00000781.JPEG,mid,6,feature_modules[6],14,14,low_score_extreme,0.15,2,True,-0.1632680892944336,-0.01389312744140625,False,0.009222972206771374
vit_base_patch16_224,19,ILSVRC2012_val_00000809.JPEG,mid,6,feature_modules[6],14,14,low_score_extreme,0.15,2,True,0.5468664169311523,0.4882340729236603,False,-0.02440633624792099
vit_base_patch16_224,20,ILSVRC2012_val_00000871.JPEG,mid,6,feature_modules[6],14,14,low_score_extreme,0.15,2,True,-0.06629753112792969,-0.0017794668674468994,False,0.023260045796632767
vit_base_patch16_224,21,ILSVRC2012_val_00000890.JPEG,mid,6,feature_modules[6],14,14,low_score_extreme,0.15,2,True,-0.12859535217285156,-0.0065957605838775635,False,0.02029556967318058
vit_base_patch16_224,22,ILSVRC2012_val_00000989.JPEG,mid,6,feature_modules[6],14,14,low_score_extreme,0.15,2,True,0.4486055374145508,0.04129766672849655,False,0.014649758115410805
vit_base_patch16_224,23,ILSVRC2012_val_00001094.JPEG,mid,6,feature_modules[6],14,14,low_score_extreme,0.15,2,True,-0.052349090576171875,-0.024696215987205505,False,-0.004896136000752449
vit_base_patch16_224,16,ILSVRC2012_val_00000695.JPEG,mid,6,feature_modules[6],14,14,low_score_extreme,0.15,3,True,0.3711261749267578,0.060713306069374084,False,-0.001984171336516738
vit_base_patch16_224,17,ILSVRC2012_val_00000724.JPEG,mid,6,feature_modules[6],14,14,low_score_extreme,0.15,3,True,0.22858715057373047,0.0190281942486763,False,0.0036997341085225344
vit_base_patch16_224,18,ILSVRC2012_val_00000781.JPEG,mid,6,feature_modules[6],14,14,low_score_extreme,0.15,3,True,-0.1632680892944336,-0.01389312744140625,False,0.009222972206771374
vit_base_patch16_224,19,ILSVRC2012_val_00000809.JPEG,mid,6,feature_modules[6],14,14,low_score_extreme,0.15,3,True,0.5468664169311523,0.4882340729236603,False,-0.02440633624792099
vit_base_patch16_224,20,ILSVRC2012_val_00000871.JPEG,mid,6,feature_modules[6],14,14,low_score_extreme,0.15,3,True,-0.06629753112792969,-0.0017794668674468994,False,0.023260045796632767
vit_base_patch16_224,21,ILSVRC2012_val_00000890.JPEG,mid,6,feature_modules[6],14,14,low_score_extreme,0.15,3,True,-0.12859535217285156,-0.0065957605838775635,False,0.02029556967318058
vit_base_patch16_224,22,ILSVRC2012_val_00000989.JPEG,mid,6,feature_modules[6],14,14,low_score_extreme,0.15,3,True,0.4486055374145508,0.04129766672849655,False,0.014649758115410805
vit_base_patch16_224,23,ILSVRC2012_val_00001094.JPEG,mid,6,feature_modules[6],14,14,low_score_extreme,0.15,3,True,-0.052349090576171875,-0.024696215987205505,False,-0.004896136000752449
vit_base_patch16_224,16,ILSVRC2012_val_00000695.JPEG,mid,6,feature_modules[6],14,14,random_uniform,0.15,0,True,-0.18354320526123047,-0.025853857398033142,False,0.0480661541223526
vit_base_patch16_224,17,ILSVRC2012_val_00000724.JPEG,mid,6,feature_modules[6],14,14,random_uniform,0.15,0,True,0.2850456237792969,0.026595190167427063,False,0.06647949665784836
vit_base_patch16_224,18,ILSVRC2012_val_00000781.JPEG,mid,6,feature_modules[6],14,14,random_uniform,0.15,0,True,-0.011044502258300781,-0.0006525367498397827,False,0.05814454331994057
vit_base_patch16_224,19,ILSVRC2012_val_00000809.JPEG,mid,6,feature_modules[6],14,14,random_uniform,0.15,0,True,0.21602439880371094,-0.037084102630615234,False,0.030326727777719498
vit_base_patch16_224,20,ILSVRC2012_val_00000871.JPEG,mid,6,feature_modules[6],14,14,random_uniform,0.15,0,True,-0.22072887420654297,-0.03302130103111267,False,0.06207163259387016
vit_base_patch16_224,21,ILSVRC2012_val_00000890.JPEG,mid,6,feature_modules[6],14,14,random_uniform,0.15,0,True,-0.01630115509033203,0.008019492030143738,False,0.06485386192798615
vit_base_patch16_224,22,ILSVRC2012_val_00000989.JPEG,mid,6,feature_modules[6],14,14,random_uniform,0.15,0,True,0.48770713806152344,0.04642873257398605,False,0.06273635476827621
vit_base_patch16_224,23,ILSVRC2012_val_00001094.JPEG,mid,6,feature_modules[6],14,14,random_uniform,0.15,0,True,-0.25238037109375,-0.004628702998161316,False,0.04321868717670441
vit_base_patch16_224,16,ILSVRC2012_val_00000695.JPEG,mid,6,feature_modules[6],14,14,random_uniform,0.15,1,True,-0.2506723403930664,-0.03210262954235077,False,0.05490347370505333
vit_base_patch16_224,17,ILSVRC2012_val_00000724.JPEG,mid,6,feature_modules[6],14,14,random_uniform,0.15,1,True,0.22142410278320312,0.032431766390800476,False,0.0707048773765564
vit_base_patch16_224,18,ILSVRC2012_val_00000781.JPEG,mid,6,feature_modules[6],14,14,random_uniform,0.15,1,True,-0.2738227844238281,-0.022763699293136597,False,0.06532320380210876
vit_base_patch16_224,19,ILSVRC2012_val_00000809.JPEG,mid,6,feature_modules[6],14,14,random_uniform,0.15,1,True,0.1048583984375,0.06673914194107056,False,0.02014779858291149
vit_base_patch16_224,20,ILSVRC2012_val_00000871.JPEG,mid,6,feature_modules[6],14,14,random_uniform,0.15,1,True,-0.38140106201171875,-0.07938362658023834,False,0.0650884136557579
vit_base_patch16_224,21,ILSVRC2012_val_00000890.JPEG,mid,6,feature_modules[6],14,14,random_uniform,0.15,1,True,-0.06560230255126953,-0.010856017470359802,False,0.06705714762210846
vit_base_patch16_224,22,ILSVRC2012_val_00000989.JPEG,mid,6,feature_modules[6],14,14,random_uniform,0.15,1,True,0.25632190704345703,0.02270449697971344,False,0.07565386593341827
vit_base_patch16_224,23,ILSVRC2012_val_00001094.JPEG,mid,6,feature_modules[6],14,14,random_uniform,0.15,1,True,0.20450687408447266,0.041191428899765015,False,0.0384761281311512
vit_base_patch16_224,16,ILSVRC2012_val_00000695.JPEG,mid,6,feature_modules[6],14,14,random_uniform,0.15,2,True,-0.42752742767333984,-0.04871313273906708,False,0.048637401312589645
vit_base_patch16_224,17,ILSVRC2012_val_00000724.JPEG,mid,6,feature_modules[6],14,14,random_uniform,0.15,2,True,0.13253498077392578,0.028059035539627075,False,0.06488306075334549
vit_base_patch16_224,18,ILSVRC2012_val_00000781.JPEG,mid,6,feature_modules[6],14,14,random_uniform,0.15,2,True,-0.16589641571044922,-0.013775862753391266,False,0.06450378149747849
vit_base_patch16_224,19,ILSVRC2012_val_00000809.JPEG,mid,6,feature_modules[6],14,14,random_uniform,0.15,2,True,0.2550163269042969,0.21158942580223083,False,0.02841166965663433
vit_base_patch16_224,20,ILSVRC2012_val_00000871.JPEG,mid,6,feature_modules[6],14,14,random_uniform,0.15,2,True,-0.07737922668457031,0.009599030017852783,False,0.06014158949255943
vit_base_patch16_224,21,ILSVRC2012_val_00000890.JPEG,mid,6,feature_modules[6],14,14,random_uniform,0.15,2,True,0.06736564636230469,0.017949432134628296,False,0.06432538479566574
vit_base_patch16_224,22,ILSVRC2012_val_00000989.JPEG,mid,6,feature_modules[6],14,14,random_uniform,0.15,2,True,0.2052774429321289,0.016335241496562958,False,0.0946362242102623
vit_base_patch16_224,23,ILSVRC2012_val_00001094.JPEG,mid,6,feature_modules[6],14,14,random_uniform,0.15,2,True,0.028062820434570312,-0.01048193871974945,False,0.04641285911202431
vit_base_patch16_224,16,ILSVRC2012_val_00000695.JPEG,mid,6,feature_modules[6],14,14,random_uniform,0.15,3,True,-0.05160713195800781,-0.009041011333465576,False,0.04651534929871559
vit_base_patch16_224,17,ILSVRC2012_val_00000724.JPEG,mid,6,feature_modules[6],14,14,random_uniform,0.15,3,True,0.3158607482910156,0.03355158865451813,False,0.04767327383160591
vit_base_patch16_224,18,ILSVRC2012_val_00000781.JPEG,mid,6,feature_modules[6],14,14,random_uniform,0.15,3,True,-0.024057388305664062,-0.0010868683457374573,False,0.04819950833916664
vit_base_patch16_224,19,ILSVRC2012_val_00000809.JPEG,mid,6,feature_modules[6],14,14,random_uniform,0.15,3,True,0.1360759735107422,0.1603318750858307,False,0.018887314945459366
vit_base_patch16_224,20,ILSVRC2012_val_00000871.JPEG,mid,6,feature_modules[6],14,14,random_uniform,0.15,3,True,-0.20509815216064453,-0.036444291472435,False,0.06568610668182373
vit_base_patch16_224,21,ILSVRC2012_val_00000890.JPEG,mid,6,feature_modules[6],14,14,random_uniform,0.15,3,True,-0.013090133666992188,0.004248514771461487,False,0.05882684886455536
vit_base_patch16_224,22,ILSVRC2012_val_00000989.JPEG,mid,6,feature_modules[6],14,14,random_uniform,0.15,3,True,0.39103221893310547,0.03411056846380234,False,0.06062055006623268
vit_base_patch16_224,23,ILSVRC2012_val_00001094.JPEG,mid,6,feature_modules[6],14,14,random_uniform,0.15,3,True,-0.2125406265258789,-0.01728983223438263,False,0.04045075550675392
vit_base_patch16_224,16,ILSVRC2012_val_00000695.JPEG,mid,6,feature_modules[6],14,14,score_deviation_extreme,0.15,0,True,-0.10771560668945312,-0.01594969630241394,False,0.09744494408369064
vit_base_patch16_224,17,ILSVRC2012_val_00000724.JPEG,mid,6,feature_modules[6],14,14,score_deviation_extreme,0.15,0,True,0.3665122985839844,0.04427400231361389,False,0.1072169691324234
vit_base_patch16_224,18,ILSVRC2012_val_00000781.JPEG,mid,6,feature_modules[6],14,14,score_deviation_extreme,0.15,0,True,0.0048274993896484375,0.0007977038621902466,False,0.10815656185150146
vit_base_patch16_224,19,ILSVRC2012_val_00000809.JPEG,mid,6,feature_modules[6],14,14,score_deviation_extreme,0.15,0,True,0.28449249267578125,0.17269596457481384,False,0.05076969042420387
vit_base_patch16_224,20,ILSVRC2012_val_00000871.JPEG,mid,6,feature_modules[6],14,14,score_deviation_extreme,0.15,0,True,-0.1305551528930664,0.03172871470451355,False,0.10407610237598419
vit_base_patch16_224,21,ILSVRC2012_val_00000890.JPEG,mid,6,feature_modules[6],14,14,score_deviation_extreme,0.15,0,True,0.07992362976074219,0.006347060203552246,False,0.11359681934118271
vit_base_patch16_224,22,ILSVRC2012_val_00000989.JPEG,mid,6,feature_modules[6],14,14,score_deviation_extreme,0.15,0,True,0.2276134490966797,0.018574438989162445,False,0.118458092212677
vit_base_patch16_224,23,ILSVRC2012_val_00001094.JPEG,mid,6,feature_modules[6],14,14,score_deviation_extreme,0.15,0,True,0.1780242919921875,0.1279267966747284,False,0.07781777530908585
vit_base_patch16_224,16,ILSVRC2012_val_00000695.JPEG,mid,6,feature_modules[6],14,14,score_deviation_extreme,0.15,1,True,-0.10771560668945312,-0.01594969630241394,False,0.09744494408369064
vit_base_patch16_224,17,ILSVRC2012_val_00000724.JPEG,mid,6,feature_modules[6],14,14,score_deviation_extreme,0.15,1,True,0.3665122985839844,0.04427400231361389,False,0.1072169691324234
vit_base_patch16_224,18,ILSVRC2012_val_00000781.JPEG,mid,6,feature_modules[6],14,14,score_deviation_extreme,0.15,1,True,0.0048274993896484375,0.0007977038621902466,False,0.10815656185150146
vit_base_patch16_224,19,ILSVRC2012_val_00000809.JPEG,mid,6,feature_modules[6],14,14,score_deviation_extreme,0.15,1,True,0.28449249267578125,0.17269596457481384,False,0.05076969042420387
vit_base_patch16_224,20,ILSVRC2012_val_00000871.JPEG,mid,6,feature_modules[6],14,14,score_deviation_extreme,0.15,1,True,-0.1305551528930664,0.03172871470451355,False,0.10407610237598419
vit_base_patch16_224,21,ILSVRC2012_val_00000890.JPEG,mid,6,feature_modules[6],14,14,score_deviation_extreme,0.15,1,True,0.07992362976074219,0.006347060203552246,False,0.11359681934118271
vit_base_patch16_224,22,ILSVRC2012_val_00000989.JPEG,mid,6,feature_modules[6],14,14,score_deviation_extreme,0.15,1,True,0.2276134490966797,0.018574438989162445,False,0.118458092212677
vit_base_patch16_224,23,ILSVRC2012_val_00001094.JPEG,mid,6,feature_modules[6],14,14,score_deviation_extreme,0.15,1,True,0.1780242919921875,0.1279267966747284,False,0.07781777530908585
vit_base_patch16_224,16,ILSVRC2012_val_00000695.JPEG,mid,6,feature_modules[6],14,14,score_deviation_extreme,0.15,2,True,-0.10771560668945312,-0.01594969630241394,False,0.09744494408369064
vit_base_patch16_224,17,ILSVRC2012_val_00000724.JPEG,mid,6,feature_modules[6],14,14,score_deviation_extreme,0.15,2,True,0.3665122985839844,0.04427400231361389,False,0.1072169691324234
vit_base_patch16_224,18,ILSVRC2012_val_00000781.JPEG,mid,6,feature_modules[6],14,14,score_deviation_extreme,0.15,2,True,0.0048274993896484375,0.0007977038621902466,False,0.10815656185150146
vit_base_patch16_224,19,ILSVRC2012_val_00000809.JPEG,mid,6,feature_modules[6],14,14,score_deviation_extreme,0.15,2,True,0.28449249267578125,0.17269596457481384,False,0.05076969042420387
vit_base_patch16_224,20,ILSVRC2012_val_00000871.JPEG,mid,6,feature_modules[6],14,14,score_deviation_extreme,0.15,2,True,-0.1305551528930664,0.03172871470451355,False,0.10407610237598419
vit_base_patch16_224,21,ILSVRC2012_val_00000890.JPEG,mid,6,feature_modules[6],14,14,score_deviation_extreme,0.15,2,True,0.07992362976074219,0.006347060203552246,False,0.11359681934118271
vit_base_patch16_224,22,ILSVRC2012_val_00000989.JPEG,mid,6,feature_modules[6],14,14,score_deviation_extreme,0.15,2,True,0.2276134490966797,0.018574438989162445,False,0.118458092212677
vit_base_patch16_224,23,ILSVRC2012_val_00001094.JPEG,mid,6,feature_modules[6],14,14,score_deviation_extreme,0.15,2,True,0.1780242919921875,0.1279267966747284,False,0.07781777530908585
vit_base_patch16_224,16,ILSVRC2012_val_00000695.JPEG,mid,6,feature_modules[6],14,14,score_deviation_extreme,0.15,3,True,-0.10771560668945312,-0.01594969630241394,False,0.09744494408369064
vit_base_patch16_224,17,ILSVRC2012_val_00000724.JPEG,mid,6,feature_modules[6],14,14,score_deviation_extreme,0.15,3,True,0.3665122985839844,0.04427400231361389,False,0.1072169691324234
vit_base_patch16_224,18,ILSVRC2012_val_00000781.JPEG,mid,6,feature_modules[6],14,14,score_deviation_extreme,0.15,3,True,0.0048274993896484375,0.0007977038621902466,False,0.10815656185150146
vit_base_patch16_224,19,ILSVRC2012_val_00000809.JPEG,mid,6,feature_modules[6],14,14,score_deviation_extreme,0.15,3,True,0.28449249267578125,0.17269596457481384,False,0.05076969042420387
vit_base_patch16_224,20,ILSVRC2012_val_00000871.JPEG,mid,6,feature_modules[6],14,14,score_deviation_extreme,0.15,3,True,-0.1305551528930664,0.03172871470451355,False,0.10407610237598419
vit_base_patch16_224,21,ILSVRC2012_val_00000890.JPEG,mid,6,feature_modules[6],14,14,score_deviation_extreme,0.15,3,True,0.07992362976074219,0.006347060203552246,False,0.11359681934118271
vit_base_patch16_224,22,ILSVRC2012_val_00000989.JPEG,mid,6,feature_modules[6],14,14,score_deviation_extreme,0.15,3,True,0.2276134490966797,0.018574438989162445,False,0.118458092212677
vit_base_patch16_224,23,ILSVRC2012_val_00001094.JPEG,mid,6,feature_modules[6],14,14,score_deviation_extreme,0.15,3,True,0.1780242919921875,0.1279267966747284,False,0.07781777530908585
vit_base_patch16_224,16,ILSVRC2012_val_00000695.JPEG,final,11,blocks[11],14,14,high_score_extreme,0.15,0,True,-0.516510009765625,-0.05676952749490738,False,0.8973734378814697
vit_base_patch16_224,17,ILSVRC2012_val_00000724.JPEG,final,11,blocks[11],14,14,high_score_extreme,0.15,0,True,0.5397100448608398,0.09382802248001099,False,0.9011876583099365
vit_base_patch16_224,18,ILSVRC2012_val_00000781.JPEG,final,11,blocks[11],14,14,high_score_extreme,0.15,0,True,-0.3010368347167969,-0.024868085980415344,False,0.920886218547821
vit_base_patch16_224,19,ILSVRC2012_val_00000809.JPEG,final,11,blocks[11],14,14,high_score_extreme,0.15,0,True,0.24552536010742188,0.15450134873390198,False,0.8164892792701721
vit_base_patch16_224,20,ILSVRC2012_val_00000871.JPEG,final,11,blocks[11],14,14,high_score_extreme,0.15,0,True,-0.3754281997680664,-0.012724265456199646,False,0.9103285074234009
vit_base_patch16_224,21,ILSVRC2012_val_00000890.JPEG,final,11,blocks[11],14,14,high_score_extreme,0.15,0,True,-0.07864093780517578,-0.006538689136505127,False,0.9042899012565613
vit_base_patch16_224,22,ILSVRC2012_val_00000989.JPEG,final,11,blocks[11],14,14,high_score_extreme,0.15,0,True,0.7017507553100586,0.07569732517004013,False,0.8992871046066284
vit_base_patch16_224,23,ILSVRC2012_val_00001094.JPEG,final,11,blocks[11],14,14,high_score_extreme,0.15,0,True,0.07626152038574219,0.06133869290351868,False,0.8809176683425903
vit_base_patch16_224,16,ILSVRC2012_val_00000695.JPEG,final,11,blocks[11],14,14,high_score_extreme,0.15,1,True,-0.516510009765625,-0.05676952749490738,False,0.8973734378814697
vit_base_patch16_224,17,ILSVRC2012_val_00000724.JPEG,final,11,blocks[11],14,14,high_score_extreme,0.15,1,True,0.5397100448608398,0.09382802248001099,False,0.9011876583099365
vit_base_patch16_224,18,ILSVRC2012_val_00000781.JPEG,final,11,blocks[11],14,14,high_score_extreme,0.15,1,True,-0.3010368347167969,-0.024868085980415344,False,0.920886218547821
vit_base_patch16_224,19,ILSVRC2012_val_00000809.JPEG,final,11,blocks[11],14,14,high_score_extreme,0.15,1,True,0.24552536010742188,0.15450134873390198,False,0.8164892792701721
vit_base_patch16_224,20,ILSVRC2012_val_00000871.JPEG,final,11,blocks[11],14,14,high_score_extreme,0.15,1,True,-0.3754281997680664,-0.012724265456199646,False,0.9103285074234009
vit_base_patch16_224,21,ILSVRC2012_val_00000890.JPEG,final,11,blocks[11],14,14,high_score_extreme,0.15,1,True,-0.07864093780517578,-0.006538689136505127,False,0.9042899012565613
vit_base_patch16_224,22,ILSVRC2012_val_00000989.JPEG,final,11,blocks[11],14,14,high_score_extreme,0.15,1,True,0.7017507553100586,0.07569732517004013,False,0.8992871046066284
vit_base_patch16_224,23,ILSVRC2012_val_00001094.JPEG,final,11,blocks[11],14,14,high_score_extreme,0.15,1,True,0.07626152038574219,0.06133869290351868,False,0.8809176683425903
vit_base_patch16_224,16,ILSVRC2012_val_00000695.JPEG,final,11,blocks[11],14,14,high_score_extreme,0.15,2,True,-0.516510009765625,-0.05676952749490738,False,0.8973734378814697
vit_base_patch16_224,17,ILSVRC2012_val_00000724.JPEG,final,11,blocks[11],14,14,high_score_extreme,0.15,2,True,0.5397100448608398,0.09382802248001099,False,0.9011876583099365
vit_base_patch16_224,18,ILSVRC2012_val_00000781.JPEG,final,11,blocks[11],14,14,high_score_extreme,0.15,2,True,-0.3010368347167969,-0.024868085980415344,False,0.920886218547821
vit_base_patch16_224,19,ILSVRC2012_val_00000809.JPEG,final,11,blocks[11],14,14,high_score_extreme,0.15,2,True,0.24552536010742188,0.15450134873390198,False,0.8164892792701721
vit_base_patch16_224,20,ILSVRC2012_val_00000871.JPEG,final,11,blocks[11],14,14,high_score_extreme,0.15,2,True,-0.3754281997680664,-0.012724265456199646,False,0.9103285074234009
vit_base_patch16_224,21,ILSVRC2012_val_00000890.JPEG,final,11,blocks[11],14,14,high_score_extreme,0.15,2,True,-0.07864093780517578,-0.006538689136505127,False,0.9042899012565613
vit_base_patch16_224,22,ILSVRC2012_val_00000989.JPEG,final,11,blocks[11],14,14,high_score_extreme,0.15,2,True,0.7017507553100586,0.07569732517004013,False,0.8992871046066284
vit_base_patch16_224,23,ILSVRC2012_val_00001094.JPEG,final,11,blocks[11],14,14,high_score_extreme,0.15,2,True,0.07626152038574219,0.06133869290351868,False,0.8809176683425903
vit_base_patch16_224,16,ILSVRC2012_val_00000695.JPEG,final,11,blocks[11],14,14,high_score_extreme,0.15,3,True,-0.516510009765625,-0.05676952749490738,False,0.8973734378814697
vit_base_patch16_224,17,ILSVRC2012_val_00000724.JPEG,final,11,blocks[11],14,14,high_score_extreme,0.15,3,True,0.5397100448608398,0.09382802248001099,False,0.9011876583099365
vit_base_patch16_224,18,ILSVRC2012_val_00000781.JPEG,final,11,blocks[11],14,14,high_score_extreme,0.15,3,True,-0.3010368347167969,-0.024868085980415344,False,0.920886218547821
vit_base_patch16_224,19,ILSVRC2012_val_00000809.JPEG,final,11,blocks[11],14,14,high_score_extreme,0.15,3,True,0.24552536010742188,0.15450134873390198,False,0.8164892792701721
vit_base_patch16_224,20,ILSVRC2012_val_00000871.JPEG,final,11,blocks[11],14,14,high_score_extreme,0.15,3,True,-0.3754281997680664,-0.012724265456199646,False,0.9103285074234009
vit_base_patch16_224,21,ILSVRC2012_val_00000890.JPEG,final,11,blocks[11],14,14,high_score_extreme,0.15,3,True,-0.07864093780517578,-0.006538689136505127,False,0.9042899012565613
vit_base_patch16_224,22,ILSVRC2012_val_00000989.JPEG,final,11,blocks[11],14,14,high_score_extreme,0.15,3,True,0.7017507553100586,0.07569732517004013,False,0.8992871046066284
vit_base_patch16_224,23,ILSVRC2012_val_00001094.JPEG,final,11,blocks[11],14,14,high_score_extreme,0.15,3,True,0.07626152038574219,0.06133869290351868,False,0.8809176683425903
vit_base_patch16_224,16,ILSVRC2012_val_00000695.JPEG,final,11,blocks[11],14,14,low_score_extreme,0.15,0,True,0.1384258270263672,0.020813092589378357,False,0.6028315424919128
vit_base_patch16_224,17,ILSVRC2012_val_00000724.JPEG,final,11,blocks[11],14,14,low_score_extreme,0.15,0,True,-0.008053779602050781,-0.000609181821346283,False,0.5574106574058533
vit_base_patch16_224,18,ILSVRC2012_val_00000781.JPEG,final,11,blocks[11],14,14,low_score_extreme,0.15,0,True,-0.11242866516113281,-0.010240741074085236,False,0.7698980569839478
vit_base_patch16_224,19,ILSVRC2012_val_00000809.JPEG,final,11,blocks[11],14,14,low_score_extreme,0.15,0,True,0.21487998962402344,-0.011389076709747314,False,0.4945177435874939
vit_base_patch16_224,20,ILSVRC2012_val_00000871.JPEG,final,11,blocks[11],14,14,low_score_extreme,0.15,0,True,0.15162277221679688,-0.02804863452911377,False,0.725899338722229
vit_base_patch16_224,21,ILSVRC2012_val_00000890.JPEG,final,11,blocks[11],14,14,low_score_extreme,0.15,0,True,-0.14633560180664062,-0.015080824494361877,False,0.5980122089385986
vit_base_patch16_224,22,ILSVRC2012_val_00000989.JPEG,final,11,blocks[11],14,14,low_score_extreme,0.15,0,True,0.26881885528564453,0.021993540227413177,False,0.6765670776367188
vit_base_patch16_224,23,ILSVRC2012_val_00001094.JPEG,final,11,blocks[11],14,14,low_score_extreme,0.15,0,True,-0.1293811798095703,-0.003745436668395996,False,0.6113060116767883
vit_base_patch16_224,16,ILSVRC2012_val_00000695.JPEG,final,11,blocks[11],14,14,low_score_extreme,0.15,1,True,0.1384258270263672,0.020813092589378357,False,0.6028315424919128
vit_base_patch16_224,17,ILSVRC2012_val_00000724.JPEG,final,11,blocks[11],14,14,low_score_extreme,0.15,1,True,-0.008053779602050781,-0.000609181821346283,False,0.5574106574058533
vit_base_patch16_224,18,ILSVRC2012_val_00000781.JPEG,final,11,blocks[11],14,14,low_score_extreme,0.15,1,True,-0.11242866516113281,-0.010240741074085236,False,0.7698980569839478
vit_base_patch16_224,19,ILSVRC2012_val_00000809.JPEG,final,11,blocks[11],14,14,low_score_extreme,0.15,1,True,0.21487998962402344,-0.011389076709747314,False,0.4945177435874939
vit_base_patch16_224,20,ILSVRC2012_val_00000871.JPEG,final,11,blocks[11],14,14,low_score_extreme,0.15,1,True,0.15162277221679688,-0.02804863452911377,False,0.725899338722229
vit_base_patch16_224,21,ILSVRC2012_val_00000890.JPEG,final,11,blocks[11],14,14,low_score_extreme,0.15,1,True,-0.14633560180664062,-0.015080824494361877,False,0.5980122089385986
vit_base_patch16_224,22,ILSVRC2012_val_00000989.JPEG,final,11,blocks[11],14,14,low_score_extreme,0.15,1,True,0.26881885528564453,0.021993540227413177,False,0.6765670776367188
vit_base_patch16_224,23,ILSVRC2012_val_00001094.JPEG,final,11,blocks[11],14,14,low_score_extreme,0.15,1,True,-0.1293811798095703,-0.003745436668395996,False,0.6113060116767883
vit_base_patch16_224,16,ILSVRC2012_val_00000695.JPEG,final,11,blocks[11],14,14,low_score_extreme,0.15,2,True,0.1384258270263672,0.020813092589378357,False,0.6028315424919128
vit_base_patch16_224,17,ILSVRC2012_val_00000724.JPEG,final,11,blocks[11],14,14,low_score_extreme,0.15,2,True,-0.008053779602050781,-0.000609181821346283,False,0.5574106574058533
vit_base_patch16_224,18,ILSVRC2012_val_00000781.JPEG,final,11,blocks[11],14,14,low_score_extreme,0.15,2,True,-0.11242866516113281,-0.010240741074085236,False,0.7698980569839478
vit_base_patch16_224,19,ILSVRC2012_val_00000809.JPEG,final,11,blocks[11],14,14,low_score_extreme,0.15,2,True,0.21487998962402344,-0.011389076709747314,False,0.4945177435874939
vit_base_patch16_224,20,ILSVRC2012_val_00000871.JPEG,final,11,blocks[11],14,14,low_score_extreme,0.15,2,True,0.15162277221679688,-0.02804863452911377,False,0.725899338722229
vit_base_patch16_224,21,ILSVRC2012_val_00000890.JPEG,final,11,blocks[11],14,14,low_score_extreme,0.15,2,True,-0.14633560180664062,-0.015080824494361877,False,0.5980122089385986
vit_base_patch16_224,22,ILSVRC2012_val_00000989.JPEG,final,11,blocks[11],14,14,low_score_extreme,0.15,2,True,0.26881885528564453,0.021993540227413177,False,0.6765670776367188
vit_base_patch16_224,23,ILSVRC2012_val_00001094.JPEG,final,11,blocks[11],14,14,low_score_extreme,0.15,2,True,-0.1293811798095703,-0.003745436668395996,False,0.6113060116767883
vit_base_patch16_224,16,ILSVRC2012_val_00000695.JPEG,final,11,blocks[11],14,14,low_score_extreme,0.15,3,True,0.1384258270263672,0.020813092589378357,False,0.6028315424919128
vit_base_patch16_224,17,ILSVRC2012_val_00000724.JPEG,final,11,blocks[11],14,14,low_score_extreme,0.15,3,True,-0.008053779602050781,-0.000609181821346283,False,0.5574106574058533
vit_base_patch16_224,18,ILSVRC2012_val_00000781.JPEG,final,11,blocks[11],14,14,low_score_extreme,0.15,3,True,-0.11242866516113281,-0.010240741074085236,False,0.7698980569839478
vit_base_patch16_224,19,ILSVRC2012_val_00000809.JPEG,final,11,blocks[11],14,14,low_score_extreme,0.15,3,True,0.21487998962402344,-0.011389076709747314,False,0.4945177435874939
vit_base_patch16_224,20,ILSVRC2012_val_00000871.JPEG,final,11,blocks[11],14,14,low_score_extreme,0.15,3,True,0.15162277221679688,-0.02804863452911377,False,0.725899338722229
vit_base_patch16_224,21,ILSVRC2012_val_00000890.JPEG,final,11,blocks[11],14,14,low_score_extreme,0.15,3,True,-0.14633560180664062,-0.015080824494361877,False,0.5980122089385986
vit_base_patch16_224,22,ILSVRC2012_val_00000989.JPEG,final,11,blocks[11],14,14,low_score_extreme,0.15,3,True,0.26881885528564453,0.021993540227413177,False,0.6765670776367188
vit_base_patch16_224,23,ILSVRC2012_val_00001094.JPEG,final,11,blocks[11],14,14,low_score_extreme,0.15,3,True,-0.1293811798095703,-0.003745436668395996,False,0.6113060116767883
vit_base_patch16_224,16,ILSVRC2012_val_00000695.JPEG,final,11,blocks[11],14,14,random_uniform,0.15,0,True,0.13161182403564453,0.01661902666091919,False,0.7409045696258545
vit_base_patch16_224,17,ILSVRC2012_val_00000724.JPEG,final,11,blocks[11],14,14,random_uniform,0.15,0,True,0.4152402877807617,0.04270811378955841,False,0.8191463351249695
vit_base_patch16_224,18,ILSVRC2012_val_00000781.JPEG,final,11,blocks[11],14,14,random_uniform,0.15,0,True,-0.05411529541015625,-0.00452384352684021,False,0.8632175922393799
vit_base_patch16_224,19,ILSVRC2012_val_00000809.JPEG,final,11,blocks[11],14,14,random_uniform,0.15,0,True,0.3832550048828125,0.21765980124473572,False,0.71152263879776
vit_base_patch16_224,20,ILSVRC2012_val_00000871.JPEG,final,11,blocks[11],14,14,random_uniform,0.15,0,True,-0.4322042465209961,-0.05578447878360748,False,0.8453011512756348
vit_base_patch16_224,21,ILSVRC2012_val_00000890.JPEG,final,11,blocks[11],14,14,random_uniform,0.15,0,True,-0.11658287048339844,-0.010979995131492615,False,0.7756832838058472
vit_base_patch16_224,22,ILSVRC2012_val_00000989.JPEG,final,11,blocks[11],14,14,random_uniform,0.15,0,True,0.3016538619995117,0.025799497961997986,False,0.8541284799575806
vit_base_patch16_224,23,ILSVRC2012_val_00001094.JPEG,final,11,blocks[11],14,14,random_uniform,0.15,0,True,-0.15912723541259766,-0.018093019723892212,False,0.7636083960533142
vit_base_patch16_224,16,ILSVRC2012_val_00000695.JPEG,final,11,blocks[11],14,14,random_uniform,0.15,1,True,-0.1259164810180664,-0.016870111227035522,False,0.7658143043518066
vit_base_patch16_224,17,ILSVRC2012_val_00000724.JPEG,final,11,blocks[11],14,14,random_uniform,0.15,1,True,0.1966695785522461,0.017576463520526886,False,0.7549075484275818
vit_base_patch16_224,18,ILSVRC2012_val_00000781.JPEG,final,11,blocks[11],14,14,random_uniform,0.15,1,True,-0.13729286193847656,-0.012379743158817291,False,0.8636310696601868
vit_base_patch16_224,19,ILSVRC2012_val_00000809.JPEG,final,11,blocks[11],14,14,random_uniform,0.15,1,True,0.3641490936279297,0.1883206069469452,False,0.7125231027603149
vit_base_patch16_224,20,ILSVRC2012_val_00000871.JPEG,final,11,blocks[11],14,14,random_uniform,0.15,1,True,-0.4465360641479492,-0.03745990991592407,False,0.8601575493812561
vit_base_patch16_224,21,ILSVRC2012_val_00000890.JPEG,final,11,blocks[11],14,14,random_uniform,0.15,1,True,-0.1381816864013672,-0.012706056237220764,False,0.7640408873558044
vit_base_patch16_224,22,ILSVRC2012_val_00000989.JPEG,final,11,blocks[11],14,14,random_uniform,0.15,1,True,0.2135324478149414,0.01615913212299347,False,0.8213094472885132
vit_base_patch16_224,23,ILSVRC2012_val_00001094.JPEG,final,11,blocks[11],14,14,random_uniform,0.15,1,True,-0.20528411865234375,-0.036726295948028564,False,0.772684633731842
vit_base_patch16_224,16,ILSVRC2012_val_00000695.JPEG,final,11,blocks[11],14,14,random_uniform,0.15,2,True,0.22504043579101562,0.037288352847099304,False,0.7400521636009216
vit_base_patch16_224,17,ILSVRC2012_val_00000724.JPEG,final,11,blocks[11],14,14,random_uniform,0.15,2,True,0.45215892791748047,0.053856268525123596,False,0.7665632963180542
vit_base_patch16_224,18,ILSVRC2012_val_00000781.JPEG,final,11,blocks[11],14,14,random_uniform,0.15,2,True,-0.05483818054199219,-0.004615575075149536,False,0.8694177865982056
vit_base_patch16_224,19,ILSVRC2012_val_00000809.JPEG,final,11,blocks[11],14,14,random_uniform,0.15,2,True,0.2338247299194336,0.23611924052238464,False,0.6872315406799316
vit_base_patch16_224,20,ILSVRC2012_val_00000871.JPEG,final,11,blocks[11],14,14,random_uniform,0.15,2,True,-0.25168609619140625,-0.04326842725276947,False,0.8436717391014099
vit_base_patch16_224,21,ILSVRC2012_val_00000890.JPEG,final,11,blocks[11],14,14,random_uniform,0.15,2,True,0.0018596649169921875,0.005171597003936768,False,0.7778829336166382
vit_base_patch16_224,22,ILSVRC2012_val_00000989.JPEG,final,11,blocks[11],14,14,random_uniform,0.15,2,True,0.2456502914428711,0.02217322587966919,False,0.8495957851409912
vit_base_patch16_224,23,ILSVRC2012_val_00001094.JPEG,final,11,blocks[11],14,14,random_uniform,0.15,2,True,0.019315719604492188,0.01465219259262085,False,0.7913476824760437
vit_base_patch16_224,16,ILSVRC2012_val_00000695.JPEG,final,11,blocks[11],14,14,random_uniform,0.15,3,True,0.0281982421875,-0.0016127973794937134,False,0.7861042022705078
vit_base_patch16_224,17,ILSVRC2012_val_00000724.JPEG,final,11,blocks[11],14,14,random_uniform,0.15,3,True,0.2064199447631836,0.015589378774166107,False,0.8099797964096069
vit_base_patch16_224,18,ILSVRC2012_val_00000781.JPEG,final,11,blocks[11],14,14,random_uniform,0.15,3,True,-0.08458423614501953,-0.006167300045490265,False,0.862930417060852
vit_base_patch16_224,19,ILSVRC2012_val_00000809.JPEG,final,11,blocks[11],14,14,random_uniform,0.15,3,True,-0.029923439025878906,-0.0338844358921051,False,0.6999077200889587
vit_base_patch16_224,20,ILSVRC2012_val_00000871.JPEG,final,11,blocks[11],14,14,random_uniform,0.15,3,True,-0.15346336364746094,-0.013533726334571838,False,0.8543583154678345
vit_base_patch16_224,21,ILSVRC2012_val_00000890.JPEG,final,11,blocks[11],14,14,random_uniform,0.15,3,True,-0.057788848876953125,-0.004417195916175842,False,0.7868949174880981
vit_base_patch16_224,22,ILSVRC2012_val_00000989.JPEG,final,11,blocks[11],14,14,random_uniform,0.15,3,True,0.014774322509765625,-0.000735059380531311,False,0.852096676826477
vit_base_patch16_224,23,ILSVRC2012_val_00001094.JPEG,final,11,blocks[11],14,14,random_uniform,0.15,3,True,0.38897705078125,0.24424880743026733,False,0.7794225811958313
vit_base_patch16_224,16,ILSVRC2012_val_00000695.JPEG,final,11,blocks[11],14,14,score_deviation_extreme,0.15,0,True,-0.04473876953125,-0.006672263145446777,False,0.678948163986206
vit_base_patch16_224,17,ILSVRC2012_val_00000724.JPEG,final,11,blocks[11],14,14,score_deviation_extreme,0.15,0,True,-0.008053779602050781,-0.000609181821346283,False,0.5574106574058533
vit_base_patch16_224,18,ILSVRC2012_val_00000781.JPEG,final,11,blocks[11],14,14,score_deviation_extreme,0.15,0,True,-0.025903701782226562,-0.0029909759759902954,False,0.7897403836250305
vit_base_patch16_224,19,ILSVRC2012_val_00000809.JPEG,final,11,blocks[11],14,14,score_deviation_extreme,0.15,0,True,0.21487998962402344,-0.011389076709747314,False,0.4945177435874939
vit_base_patch16_224,20,ILSVRC2012_val_00000871.JPEG,final,11,blocks[11],14,14,score_deviation_extreme,0.15,0,True,0.15162277221679688,-0.02804863452911377,False,0.725899338722229
vit_base_patch16_224,21,ILSVRC2012_val_00000890.JPEG,final,11,blocks[11],14,14,score_deviation_extreme,0.15,0,True,-0.14633560180664062,-0.015080824494361877,False,0.5980122089385986
vit_base_patch16_224,22,ILSVRC2012_val_00000989.JPEG,final,11,blocks[11],14,14,score_deviation_extreme,0.15,0,True,0.26881885528564453,0.021993540227413177,False,0.6765670776367188
vit_base_patch16_224,23,ILSVRC2012_val_00001094.JPEG,final,11,blocks[11],14,14,score_deviation_extreme,0.15,0,True,-0.10102653503417969,0.0006554126739501953,False,0.6199968457221985
vit_base_patch16_224,16,ILSVRC2012_val_00000695.JPEG,final,11,blocks[11],14,14,score_deviation_extreme,0.15,1,True,-0.04473876953125,-0.006672263145446777,False,0.678948163986206
vit_base_patch16_224,17,ILSVRC2012_val_00000724.JPEG,final,11,blocks[11],14,14,score_deviation_extreme,0.15,1,True,-0.008053779602050781,-0.000609181821346283,False,0.5574106574058533
vit_base_patch16_224,18,ILSVRC2012_val_00000781.JPEG,final,11,blocks[11],14,14,score_deviation_extreme,0.15,1,True,-0.025903701782226562,-0.0029909759759902954,False,0.7897403836250305
vit_base_patch16_224,19,ILSVRC2012_val_00000809.JPEG,final,11,blocks[11],14,14,score_deviation_extreme,0.15,1,True,0.21487998962402344,-0.011389076709747314,False,0.4945177435874939
vit_base_patch16_224,20,ILSVRC2012_val_00000871.JPEG,final,11,blocks[11],14,14,score_deviation_extreme,0.15,1,True,0.15162277221679688,-0.02804863452911377,False,0.725899338722229
vit_base_patch16_224,21,ILSVRC2012_val_00000890.JPEG,final,11,blocks[11],14,14,score_deviation_extreme,0.15,1,True,-0.14633560180664062,-0.015080824494361877,False,0.5980122089385986
vit_base_patch16_224,22,ILSVRC2012_val_00000989.JPEG,final,11,blocks[11],14,14,score_deviation_extreme,0.15,1,True,0.26881885528564453,0.021993540227413177,False,0.6765670776367188
vit_base_patch16_224,23,ILSVRC2012_val_00001094.JPEG,final,11,blocks[11],14,14,score_deviation_extreme,0.15,1,True,-0.10102653503417969,0.0006554126739501953,False,0.6199968457221985
vit_base_patch16_224,16,ILSVRC2012_val_00000695.JPEG,final,11,blocks[11],14,14,score_deviation_extreme,0.15,2,True,-0.04473876953125,-0.006672263145446777,False,0.678948163986206
vit_base_patch16_224,17,ILSVRC2012_val_00000724.JPEG,final,11,blocks[11],14,14,score_deviation_extreme,0.15,2,True,-0.008053779602050781,-0.000609181821346283,False,0.5574106574058533
vit_base_patch16_224,18,ILSVRC2012_val_00000781.JPEG,final,11,blocks[11],14,14,score_deviation_extreme,0.15,2,True,-0.025903701782226562,-0.0029909759759902954,False,0.7897403836250305
vit_base_patch16_224,19,ILSVRC2012_val_00000809.JPEG,final,11,blocks[11],14,14,score_deviation_extreme,0.15,2,True,0.21487998962402344,-0.011389076709747314,False,0.4945177435874939
vit_base_patch16_224,20,ILSVRC2012_val_00000871.JPEG,final,11,blocks[11],14,14,score_deviation_extreme,0.15,2,True,0.15162277221679688,-0.02804863452911377,False,0.725899338722229
vit_base_patch16_224,21,ILSVRC2012_val_00000890.JPEG,final,11,blocks[11],14,14,score_deviation_extreme,0.15,2,True,-0.14633560180664062,-0.015080824494361877,False,0.5980122089385986
vit_base_patch16_224,22,ILSVRC2012_val_00000989.JPEG,final,11,blocks[11],14,14,score_deviation_extreme,0.15,2,True,0.26881885528564453,0.021993540227413177,False,0.6765670776367188
vit_base_patch16_224,23,ILSVRC2012_val_00001094.JPEG,final,11,blocks[11],14,14,score_deviation_extreme,0.15,2,True,-0.10102653503417969,0.0006554126739501953,False,0.6199968457221985
vit_base_patch16_224,16,ILSVRC2012_val_00000695.JPEG,final,11,blocks[11],14,14,score_deviation_extreme,0.15,3,True,-0.04473876953125,-0.006672263145446777,False,0.678948163986206
vit_base_patch16_224,17,ILSVRC2012_val_00000724.JPEG,final,11,blocks[11],14,14,score_deviation_extreme,0.15,3,True,-0.008053779602050781,-0.000609181821346283,False,0.5574106574058533
vit_base_patch16_224,18,ILSVRC2012_val_00000781.JPEG,final,11,blocks[11],14,14,score_deviation_extreme,0.15,3,True,-0.025903701782226562,-0.0029909759759902954,False,0.7897403836250305
vit_base_patch16_224,19,ILSVRC2012_val_00000809.JPEG,final,11,blocks[11],14,14,score_deviation_extreme,0.15,3,True,0.21487998962402344,-0.011389076709747314,False,0.4945177435874939
vit_base_patch16_224,20,ILSVRC2012_val_00000871.JPEG,final,11,blocks[11],14,14,score_deviation_extreme,0.15,3,True,0.15162277221679688,-0.02804863452911377,False,0.725899338722229
vit_base_patch16_224,21,ILSVRC2012_val_00000890.JPEG,final,11,blocks[11],14,14,score_deviation_extreme,0.15,3,True,-0.14633560180664062,-0.015080824494361877,False,0.5980122089385986
vit_base_patch16_224,22,ILSVRC2012_val_00000989.JPEG,final,11,blocks[11],14,14,score_deviation_extreme,0.15,3,True,0.26881885528564453,0.021993540227413177,False,0.6765670776367188
vit_base_patch16_224,23,ILSVRC2012_val_00001094.JPEG,final,11,blocks[11],14,14,score_deviation_extreme,0.15,3,True,-0.10102653503417969,0.0006554126739501953,False,0.6199968457221985
vit_base_patch16_224,24,ILSVRC2012_val_00001115.JPEG,early,0,feature_modules[0],14,14,high_score_extreme,0.15,0,True,-0.16223716735839844,-0.017181262373924255,False,0.28837499022483826
vit_base_patch16_224,25,ILSVRC2012_val_00001343.JPEG,early,0,feature_modules[0],14,14,high_score_extreme,0.15,0,True,-0.5076923370361328,-0.08573439717292786,False,0.3097849488258362
vit_base_patch16_224,26,ILSVRC2012_val_00001379.JPEG,early,0,feature_modules[0],14,14,high_score_extreme,0.15,0,True,-0.10256195068359375,-0.004112213850021362,False,0.29922038316726685
vit_base_patch16_224,27,ILSVRC2012_val_00001425.JPEG,early,0,feature_modules[0],14,14,high_score_extreme,0.15,0,True,-0.11732673645019531,-0.004406429827213287,False,0.31684306263923645
vit_base_patch16_224,28,ILSVRC2012_val_00001434.JPEG,early,0,feature_modules[0],14,14,high_score_extreme,0.15,0,True,0.26213932037353516,0.035856395959854126,False,0.30807870626449585
vit_base_patch16_224,29,ILSVRC2012_val_00001435.JPEG,early,0,feature_modules[0],14,14,high_score_extreme,0.15,0,True,0.05209636688232422,0.006401091814041138,False,0.31855928897857666
vit_base_patch16_224,30,ILSVRC2012_val_00001512.JPEG,early,0,feature_modules[0],14,14,high_score_extreme,0.15,0,True,-0.3206014633178711,-0.03729905188083649,False,0.333659827709198
vit_base_patch16_224,31,ILSVRC2012_val_00001537.JPEG,early,0,feature_modules[0],14,14,high_score_extreme,0.15,0,True,-0.004917144775390625,0.0008977800607681274,False,0.33011823892593384
vit_base_patch16_224,24,ILSVRC2012_val_00001115.JPEG,early,0,feature_modules[0],14,14,high_score_extreme,0.15,1,True,-0.16223716735839844,-0.017181262373924255,False,0.28837499022483826
vit_base_patch16_224,25,ILSVRC2012_val_00001343.JPEG,early,0,feature_modules[0],14,14,high_score_extreme,0.15,1,True,-0.5076923370361328,-0.08573439717292786,False,0.3097849488258362
vit_base_patch16_224,26,ILSVRC2012_val_00001379.JPEG,early,0,feature_modules[0],14,14,high_score_extreme,0.15,1,True,-0.10256195068359375,-0.004112213850021362,False,0.29922038316726685
vit_base_patch16_224,27,ILSVRC2012_val_00001425.JPEG,early,0,feature_modules[0],14,14,high_score_extreme,0.15,1,True,-0.11732673645019531,-0.004406429827213287,False,0.31684306263923645
vit_base_patch16_224,28,ILSVRC2012_val_00001434.JPEG,early,0,feature_modules[0],14,14,high_score_extreme,0.15,1,True,0.26213932037353516,0.035856395959854126,False,0.30807870626449585
vit_base_patch16_224,29,ILSVRC2012_val_00001435.JPEG,early,0,feature_modules[0],14,14,high_score_extreme,0.15,1,True,0.05209636688232422,0.006401091814041138,False,0.31855928897857666
vit_base_patch16_224,30,ILSVRC2012_val_00001512.JPEG,early,0,feature_modules[0],14,14,high_score_extreme,0.15,1,True,-0.3206014633178711,-0.03729905188083649,False,0.333659827709198
vit_base_patch16_224,31,ILSVRC2012_val_00001537.JPEG,early,0,feature_modules[0],14,14,high_score_extreme,0.15,1,True,-0.004917144775390625,0.0008977800607681274,False,0.33011823892593384
vit_base_patch16_224,24,ILSVRC2012_val_00001115.JPEG,early,0,feature_modules[0],14,14,high_score_extreme,0.15,2,True,-0.16223716735839844,-0.017181262373924255,False,0.28837499022483826
vit_base_patch16_224,25,ILSVRC2012_val_00001343.JPEG,early,0,feature_modules[0],14,14,high_score_extreme,0.15,2,True,-0.5076923370361328,-0.08573439717292786,False,0.3097849488258362
vit_base_patch16_224,26,ILSVRC2012_val_00001379.JPEG,early,0,feature_modules[0],14,14,high_score_extreme,0.15,2,True,-0.10256195068359375,-0.004112213850021362,False,0.29922038316726685
vit_base_patch16_224,27,ILSVRC2012_val_00001425.JPEG,early,0,feature_modules[0],14,14,high_score_extreme,0.15,2,True,-0.11732673645019531,-0.004406429827213287,False,0.31684306263923645
vit_base_patch16_224,28,ILSVRC2012_val_00001434.JPEG,early,0,feature_modules[0],14,14,high_score_extreme,0.15,2,True,0.26213932037353516,0.035856395959854126,False,0.30807870626449585
vit_base_patch16_224,29,ILSVRC2012_val_00001435.JPEG,early,0,feature_modules[0],14,14,high_score_extreme,0.15,2,True,0.05209636688232422,0.006401091814041138,False,0.31855928897857666
vit_base_patch16_224,30,ILSVRC2012_val_00001512.JPEG,early,0,feature_modules[0],14,14,high_score_extreme,0.15,2,True,-0.3206014633178711,-0.03729905188083649,False,0.333659827709198
vit_base_patch16_224,31,ILSVRC2012_val_00001537.JPEG,early,0,feature_modules[0],14,14,high_score_extreme,0.15,2,True,-0.004917144775390625,0.0008977800607681274,False,0.33011823892593384
vit_base_patch16_224,24,ILSVRC2012_val_00001115.JPEG,early,0,feature_modules[0],14,14,high_score_extreme,0.15,3,True,-0.16223716735839844,-0.017181262373924255,False,0.28837499022483826
vit_base_patch16_224,25,ILSVRC2012_val_00001343.JPEG,early,0,feature_modules[0],14,14,high_score_extreme,0.15,3,True,-0.5076923370361328,-0.08573439717292786,False,0.3097849488258362
vit_base_patch16_224,26,ILSVRC2012_val_00001379.JPEG,early,0,feature_modules[0],14,14,high_score_extreme,0.15,3,True,-0.10256195068359375,-0.004112213850021362,False,0.29922038316726685
vit_base_patch16_224,27,ILSVRC2012_val_00001425.JPEG,early,0,feature_modules[0],14,14,high_score_extreme,0.15,3,True,-0.11732673645019531,-0.004406429827213287,False,0.31684306263923645
vit_base_patch16_224,28,ILSVRC2012_val_00001434.JPEG,early,0,feature_modules[0],14,14,high_score_extreme,0.15,3,True,0.26213932037353516,0.035856395959854126,False,0.30807870626449585
vit_base_patch16_224,29,ILSVRC2012_val_00001435.JPEG,early,0,feature_modules[0],14,14,high_score_extreme,0.15,3,True,0.05209636688232422,0.006401091814041138,False,0.31855928897857666
vit_base_patch16_224,30,ILSVRC2012_val_00001512.JPEG,early,0,feature_modules[0],14,14,high_score_extreme,0.15,3,True,-0.3206014633178711,-0.03729905188083649,False,0.333659827709198
vit_base_patch16_224,31,ILSVRC2012_val_00001537.JPEG,early,0,feature_modules[0],14,14,high_score_extreme,0.15,3,True,-0.004917144775390625,0.0008977800607681274,False,0.33011823892593384
vit_base_patch16_224,24,ILSVRC2012_val_00001115.JPEG,early,0,feature_modules[0],14,14,low_score_extreme,0.15,0,True,0.23287296295166016,0.03832286596298218,False,0.20240238308906555
vit_base_patch16_224,25,ILSVRC2012_val_00001343.JPEG,early,0,feature_modules[0],14,14,low_score_extreme,0.15,0,True,-0.19128894805908203,-0.002751469612121582,False,0.1937747448682785
vit_base_patch16_224,26,ILSVRC2012_val_00001379.JPEG,early,0,feature_modules[0],14,14,low_score_extreme,0.15,0,True,0.4179859161376953,0.08641275763511658,False,0.2052338868379593
vit_base_patch16_224,27,ILSVRC2012_val_00001425.JPEG,early,0,feature_modules[0],14,14,low_score_extreme,0.15,0,True,0.8043146133422852,0.21317940950393677,False,0.20257450640201569
vit_base_patch16_224,28,ILSVRC2012_val_00001434.JPEG,early,0,feature_modules[0],14,14,low_score_extreme,0.15,0,True,0.9413461685180664,0.14846357703208923,False,0.22499695420265198
vit_base_patch16_224,29,ILSVRC2012_val_00001435.JPEG,early,0,feature_modules[0],14,14,low_score_extreme,0.15,0,True,0.17766952514648438,0.02259799838066101,False,0.23140808939933777
vit_base_patch16_224,30,ILSVRC2012_val_00001512.JPEG,early,0,feature_modules[0],14,14,low_score_extreme,0.15,0,True,-0.08598995208740234,-0.0009878575801849365,False,0.21105486154556274
vit_base_patch16_224,31,ILSVRC2012_val_00001537.JPEG,early,0,feature_modules[0],14,14,low_score_extreme,0.15,0,True,-0.14589881896972656,-0.026435479521751404,False,0.20123274624347687
vit_base_patch16_224,24,ILSVRC2012_val_00001115.JPEG,early,0,feature_modules[0],14,14,low_score_extreme,0.15,1,True,0.23287296295166016,0.03832286596298218,False,0.20240238308906555
vit_base_patch16_224,25,ILSVRC2012_val_00001343.JPEG,early,0,feature_modules[0],14,14,low_score_extreme,0.15,1,True,-0.19128894805908203,-0.002751469612121582,False,0.1937747448682785
vit_base_patch16_224,26,ILSVRC2012_val_00001379.JPEG,early,0,feature_modules[0],14,14,low_score_extreme,0.15,1,True,0.4179859161376953,0.08641275763511658,False,0.2052338868379593
vit_base_patch16_224,27,ILSVRC2012_val_00001425.JPEG,early,0,feature_modules[0],14,14,low_score_extreme,0.15,1,True,0.8043146133422852,0.21317940950393677,False,0.20257450640201569
vit_base_patch16_224,28,ILSVRC2012_val_00001434.JPEG,early,0,feature_modules[0],14,14,low_score_extreme,0.15,1,True,0.9413461685180664,0.14846357703208923,False,0.22499695420265198
vit_base_patch16_224,29,ILSVRC2012_val_00001435.JPEG,early,0,feature_modules[0],14,14,low_score_extreme,0.15,1,True,0.17766952514648438,0.02259799838066101,False,0.23140808939933777
vit_base_patch16_224,30,ILSVRC2012_val_00001512.JPEG,early,0,feature_modules[0],14,14,low_score_extreme,0.15,1,True,-0.08598995208740234,-0.0009878575801849365,False,0.21105486154556274
vit_base_patch16_224,31,ILSVRC2012_val_00001537.JPEG,early,0,feature_modules[0],14,14,low_score_extreme,0.15,1,True,-0.14589881896972656,-0.026435479521751404,False,0.20123274624347687
vit_base_patch16_224,24,ILSVRC2012_val_00001115.JPEG,early,0,feature_modules[0],14,14,low_score_extreme,0.15,2,True,0.23287296295166016,0.03832286596298218,False,0.20240238308906555
vit_base_patch16_224,25,ILSVRC2012_val_00001343.JPEG,early,0,feature_modules[0],14,14,low_score_extreme,0.15,2,True,-0.19128894805908203,-0.002751469612121582,False,0.1937747448682785
vit_base_patch16_224,26,ILSVRC2012_val_00001379.JPEG,early,0,feature_modules[0],14,14,low_score_extreme,0.15,2,True,0.4179859161376953,0.08641275763511658,False,0.2052338868379593
vit_base_patch16_224,27,ILSVRC2012_val_00001425.JPEG,early,0,feature_modules[0],14,14,low_score_extreme,0.15,2,True,0.8043146133422852,0.21317940950393677,False,0.20257450640201569
vit_base_patch16_224,28,ILSVRC2012_val_00001434.JPEG,early,0,feature_modules[0],14,14,low_score_extreme,0.15,2,True,0.9413461685180664,0.14846357703208923,False,0.22499695420265198
vit_base_patch16_224,29,ILSVRC2012_val_00001435.JPEG,early,0,feature_modules[0],14,14,low_score_extreme,0.15,2,True,0.17766952514648438,0.02259799838066101,False,0.23140808939933777
vit_base_patch16_224,30,ILSVRC2012_val_00001512.JPEG,early,0,feature_modules[0],14,14,low_score_extreme,0.15,2,True,-0.08598995208740234,-0.0009878575801849365,False,0.21105486154556274
vit_base_patch16_224,31,ILSVRC2012_val_00001537.JPEG,early,0,feature_modules[0],14,14,low_score_extreme,0.15,2,True,-0.14589881896972656,-0.026435479521751404,False,0.20123274624347687
vit_base_patch16_224,24,ILSVRC2012_val_00001115.JPEG,early,0,feature_modules[0],14,14,low_score_extreme,0.15,3,True,0.23287296295166016,0.03832286596298218,False,0.20240238308906555
vit_base_patch16_224,25,ILSVRC2012_val_00001343.JPEG,early,0,feature_modules[0],14,14,low_score_extreme,0.15,3,True,-0.19128894805908203,-0.002751469612121582,False,0.1937747448682785
vit_base_patch16_224,26,ILSVRC2012_val_00001379.JPEG,early,0,feature_modules[0],14,14,low_score_extreme,0.15,3,True,0.4179859161376953,0.08641275763511658,False,0.2052338868379593
vit_base_patch16_224,27,ILSVRC2012_val_00001425.JPEG,early,0,feature_modules[0],14,14,low_score_extreme,0.15,3,True,0.8043146133422852,0.21317940950393677,False,0.20257450640201569
vit_base_patch16_224,28,ILSVRC2012_val_00001434.JPEG,early,0,feature_modules[0],14,14,low_score_extreme,0.15,3,True,0.9413461685180664,0.14846357703208923,False,0.22499695420265198
vit_base_patch16_224,29,ILSVRC2012_val_00001435.JPEG,early,0,feature_modules[0],14,14,low_score_extreme,0.15,3,True,0.17766952514648438,0.02259799838066101,False,0.23140808939933777
vit_base_patch16_224,30,ILSVRC2012_val_00001512.JPEG,early,0,feature_modules[0],14,14,low_score_extreme,0.15,3,True,-0.08598995208740234,-0.0009878575801849365,False,0.21105486154556274
vit_base_patch16_224,31,ILSVRC2012_val_00001537.JPEG,early,0,feature_modules[0],14,14,low_score_extreme,0.15,3,True,-0.14589881896972656,-0.026435479521751404,False,0.20123274624347687
vit_base_patch16_224,24,ILSVRC2012_val_00001115.JPEG,early,0,feature_modules[0],14,14,random_uniform,0.15,0,True,0.0975799560546875,0.019865423440933228,False,0.23734015226364136
vit_base_patch16_224,25,ILSVRC2012_val_00001343.JPEG,early,0,feature_modules[0],14,14,random_uniform,0.15,0,True,-0.6241254806518555,-0.12148027122020721,False,0.2541675865650177
vit_base_patch16_224,26,ILSVRC2012_val_00001379.JPEG,early,0,feature_modules[0],14,14,random_uniform,0.15,0,True,0.25159358978271484,0.056133270263671875,False,0.2660239040851593
vit_base_patch16_224,27,ILSVRC2012_val_00001425.JPEG,early,0,feature_modules[0],14,14,random_uniform,0.15,0,True,0.49370574951171875,0.10332266986370087,False,0.2717101275920868
vit_base_patch16_224,28,ILSVRC2012_val_00001434.JPEG,early,0,feature_modules[0],14,14,random_uniform,0.15,0,True,0.17366313934326172,0.019016936421394348,False,0.2595062851905823
vit_base_patch16_224,29,ILSVRC2012_val_00001435.JPEG,early,0,feature_modules[0],14,14,random_uniform,0.15,0,True,0.049485206604003906,0.005926698446273804,False,0.2826913297176361
vit_base_patch16_224,30,ILSVRC2012_val_00001512.JPEG,early,0,feature_modules[0],14,14,random_uniform,0.15,0,True,-0.22183799743652344,-0.014604613184928894,False,0.2579285204410553
vit_base_patch16_224,31,ILSVRC2012_val_00001537.JPEG,early,0,feature_modules[0],14,14,random_uniform,0.15,0,True,-0.016762733459472656,-0.004355087876319885,False,0.26672154664993286
vit_base_patch16_224,24,ILSVRC2012_val_00001115.JPEG,early,0,feature_modules[0],14,14,random_uniform,0.15,1,True,-0.16162490844726562,-0.007654041051864624,False,0.25282666087150574
vit_base_patch16_224,25,ILSVRC2012_val_00001343.JPEG,early,0,feature_modules[0],14,14,random_uniform,0.15,1,True,0.12828731536865234,0.1369205117225647,False,0.24024181067943573
vit_base_patch16_224,26,ILSVRC2012_val_00001379.JPEG,early,0,feature_modules[0],14,14,random_uniform,0.15,1,True,0.6687450408935547,0.1662742644548416,False,0.2513425350189209
vit_base_patch16_224,27,ILSVRC2012_val_00001425.JPEG,early,0,feature_modules[0],14,14,random_uniform,0.15,1,True,0.9671821594238281,0.2074190378189087,False,0.27568528056144714
vit_base_patch16_224,28,ILSVRC2012_val_00001434.JPEG,early,0,feature_modules[0],14,14,random_uniform,0.15,1,True,0.1287069320678711,0.009400680661201477,False,0.26712074875831604
vit_base_patch16_224,29,ILSVRC2012_val_00001435.JPEG,early,0,feature_modules[0],14,14,random_uniform,0.15,1,True,0.15646839141845703,0.020889192819595337,False,0.27536073327064514
vit_base_patch16_224,30,ILSVRC2012_val_00001512.JPEG,early,0,feature_modules[0],14,14,random_uniform,0.15,1,True,-0.35520172119140625,-0.03505651652812958,False,0.2712528109550476
vit_base_patch16_224,31,ILSVRC2012_val_00001537.JPEG,early,0,feature_modules[0],14,14,random_uniform,0.15,1,True,0.1266002655029297,0.0296156108379364,False,0.279047429561615
vit_base_patch16_224,24,ILSVRC2012_val_00001115.JPEG,early,0,feature_modules[0],14,14,random_uniform,0.15,2,True,-0.1782970428466797,-0.015453606843948364,False,0.2410799115896225
vit_base_patch16_224,25,ILSVRC2012_val_00001343.JPEG,early,0,feature_modules[0],14,14,random_uniform,0.15,2,True,-0.775486946105957,-0.12227734923362732,False,0.24865411221981049
vit_base_patch16_224,26,ILSVRC2012_val_00001379.JPEG,early,0,feature_modules[0],14,14,random_uniform,0.15,2,True,0.2923316955566406,0.054562196135520935,False,0.2613323926925659
vit_base_patch16_224,27,ILSVRC2012_val_00001425.JPEG,early,0,feature_modules[0],14,14,random_uniform,0.15,2,True,0.7303295135498047,0.19889327883720398,False,0.26579272747039795
vit_base_patch16_224,28,ILSVRC2012_val_00001434.JPEG,early,0,feature_modules[0],14,14,random_uniform,0.15,2,True,0.4111948013305664,0.054250627756118774,False,0.26017510890960693
vit_base_patch16_224,29,ILSVRC2012_val_00001435.JPEG,early,0,feature_modules[0],14,14,random_uniform,0.15,2,True,0.1048431396484375,0.012425139546394348,False,0.2700379490852356
vit_base_patch16_224,30,ILSVRC2012_val_00001512.JPEG,early,0,feature_modules[0],14,14,random_uniform,0.15,2,True,-0.28141117095947266,-0.015666157007217407,False,0.26491793990135193
vit_base_patch16_224,31,ILSVRC2012_val_00001537.JPEG,early,0,feature_modules[0],14,14,random_uniform,0.15,2,True,0.019796371459960938,0.011734962463378906,False,0.26857617497444153
vit_base_patch16_224,24,ILSVRC2012_val_00001115.JPEG,early,0,feature_modules[0],14,14,random_uniform,0.15,3,True,0.06082916259765625,0.02092587947845459,False,0.2394043505191803
vit_base_patch16_224,25,ILSVRC2012_val_00001343.JPEG,early,0,feature_modules[0],14,14,random_uniform,0.15,3,True,-0.032120704650878906,0.05546879768371582,False,0.24498727917671204
vit_base_patch16_224,26,ILSVRC2012_val_00001379.JPEG,early,0,feature_modules[0],14,14,random_uniform,0.15,3,True,-0.06404399871826172,-0.004462435841560364,False,0.26204606890678406
vit_base_patch16_224,27,ILSVRC2012_val_00001425.JPEG,early,0,feature_modules[0],14,14,random_uniform,0.15,3,True,0.5400466918945312,0.11247535049915314,False,0.268173485994339
vit_base_patch16_224,28,ILSVRC2012_val_00001434.JPEG,early,0,feature_modules[0],14,14,random_uniform,0.15,3,True,0.5774917602539062,0.08386217057704926,False,0.2659432590007782
vit_base_patch16_224,29,ILSVRC2012_val_00001435.JPEG,early,0,feature_modules[0],14,14,random_uniform,0.15,3,True,0.219818115234375,0.028720110654830933,False,0.26502731442451477
vit_base_patch16_224,30,ILSVRC2012_val_00001512.JPEG,early,0,feature_modules[0],14,14,random_uniform,0.15,3,True,-0.2941751480102539,-0.016206473112106323,False,0.2659893035888672
vit_base_patch16_224,31,ILSVRC2012_val_00001537.JPEG,early,0,feature_modules[0],14,14,random_uniform,0.15,3,True,-0.06165504455566406,-0.0022556036710739136,False,0.2679476737976074
vit_base_patch16_224,24,ILSVRC2012_val_00001115.JPEG,early,0,feature_modules[0],14,14,score_deviation_extreme,0.15,0,True,0.07802772521972656,0.015130311250686646,False,0.26098549365997314
vit_base_patch16_224,25,ILSVRC2012_val_00001343.JPEG,early,0,feature_modules[0],14,14,score_deviation_extreme,0.15,0,True,-0.34788990020751953,-0.06581884622573853,False,0.29207003116607666
vit_base_patch16_224,26,ILSVRC2012_val_00001379.JPEG,early,0,feature_modules[0],14,14,score_deviation_extreme,0.15,0,True,0.4924297332763672,0.10815379023551941,False,0.22364501655101776
vit_base_patch16_224,27,ILSVRC2012_val_00001425.JPEG,early,0,feature_modules[0],14,14,score_deviation_extreme,0.15,0,True,0.8094844818115234,0.19477760791778564,False,0.23178111016750336
vit_base_patch16_224,28,ILSVRC2012_val_00001434.JPEG,early,0,feature_modules[0],14,14,score_deviation_extreme,0.15,0,True,0.6165742874145508,0.08607211709022522,False,0.2629282474517822
vit_base_patch16_224,29,ILSVRC2012_val_00001435.JPEG,early,0,feature_modules[0],14,14,score_deviation_extreme,0.15,0,True,0.18330097198486328,0.02397388219833374,False,0.28233209252357483
vit_base_patch16_224,30,ILSVRC2012_val_00001512.JPEG,early,0,feature_modules[0],14,14,score_deviation_extreme,0.15,0,True,-0.3302793502807617,-0.037855684757232666,False,0.32854244112968445
vit_base_patch16_224,31,ILSVRC2012_val_00001537.JPEG,early,0,feature_modules[0],14,14,score_deviation_extreme,0.15,0,True,-0.21180152893066406,-0.030221611261367798,False,0.2535181939601898
vit_base_patch16_224,24,ILSVRC2012_val_00001115.JPEG,early,0,feature_modules[0],14,14,score_deviation_extreme,0.15,1,True,0.07802772521972656,0.015130311250686646,False,0.26098549365997314
vit_base_patch16_224,25,ILSVRC2012_val_00001343.JPEG,early,0,feature_modules[0],14,14,score_deviation_extreme,0.15,1,True,-0.34788990020751953,-0.06581884622573853,False,0.29207003116607666
vit_base_patch16_224,26,ILSVRC2012_val_00001379.JPEG,early,0,feature_modules[0],14,14,score_deviation_extreme,0.15,1,True,0.4924297332763672,0.10815379023551941,False,0.22364501655101776
vit_base_patch16_224,27,ILSVRC2012_val_00001425.JPEG,early,0,feature_modules[0],14,14,score_deviation_extreme,0.15,1,True,0.8094844818115234,0.19477760791778564,False,0.23178111016750336
vit_base_patch16_224,28,ILSVRC2012_val_00001434.JPEG,early,0,feature_modules[0],14,14,score_deviation_extreme,0.15,1,True,0.6165742874145508,0.08607211709022522,False,0.2629282474517822
vit_base_patch16_224,29,ILSVRC2012_val_00001435.JPEG,early,0,feature_modules[0],14,14,score_deviation_extreme,0.15,1,True,0.18330097198486328,0.02397388219833374,False,0.28233209252357483
vit_base_patch16_224,30,ILSVRC2012_val_00001512.JPEG,early,0,feature_modules[0],14,14,score_deviation_extreme,0.15,1,True,-0.3302793502807617,-0.037855684757232666,False,0.32854244112968445
vit_base_patch16_224,31,ILSVRC2012_val_00001537.JPEG,early,0,feature_modules[0],14,14,score_deviation_extreme,0.15,1,True,-0.21180152893066406,-0.030221611261367798,False,0.2535181939601898
vit_base_patch16_224,24,ILSVRC2012_val_00001115.JPEG,early,0,feature_modules[0],14,14,score_deviation_extreme,0.15,2,True,0.07802772521972656,0.015130311250686646,False,0.26098549365997314
vit_base_patch16_224,25,ILSVRC2012_val_00001343.JPEG,early,0,feature_modules[0],14,14,score_deviation_extreme,0.15,2,True,-0.34788990020751953,-0.06581884622573853,False,0.29207003116607666
vit_base_patch16_224,26,ILSVRC2012_val_00001379.JPEG,early,0,feature_modules[0],14,14,score_deviation_extreme,0.15,2,True,0.4924297332763672,0.10815379023551941,False,0.22364501655101776
vit_base_patch16_224,27,ILSVRC2012_val_00001425.JPEG,early,0,feature_modules[0],14,14,score_deviation_extreme,0.15,2,True,0.8094844818115234,0.19477760791778564,False,0.23178111016750336
vit_base_patch16_224,28,ILSVRC2012_val_00001434.JPEG,early,0,feature_modules[0],14,14,score_deviation_extreme,0.15,2,True,0.6165742874145508,0.08607211709022522,False,0.2629282474517822
vit_base_patch16_224,29,ILSVRC2012_val_00001435.JPEG,early,0,feature_modules[0],14,14,score_deviation_extreme,0.15,2,True,0.18330097198486328,0.02397388219833374,False,0.28233209252357483
vit_base_patch16_224,30,ILSVRC2012_val_00001512.JPEG,early,0,feature_modules[0],14,14,score_deviation_extreme,0.15,2,True,-0.3302793502807617,-0.037855684757232666,False,0.32854244112968445
vit_base_patch16_224,31,ILSVRC2012_val_00001537.JPEG,early,0,feature_modules[0],14,14,score_deviation_extreme,0.15,2,True,-0.21180152893066406,-0.030221611261367798,False,0.2535181939601898
vit_base_patch16_224,24,ILSVRC2012_val_00001115.JPEG,early,0,feature_modules[0],14,14,score_deviation_extreme,0.15,3,True,0.07802772521972656,0.015130311250686646,False,0.26098549365997314
vit_base_patch16_224,25,ILSVRC2012_val_00001343.JPEG,early,0,feature_modules[0],14,14,score_deviation_extreme,0.15,3,True,-0.34788990020751953,-0.06581884622573853,False,0.29207003116607666
vit_base_patch16_224,26,ILSVRC2012_val_00001379.JPEG,early,0,feature_modules[0],14,14,score_deviation_extreme,0.15,3,True,0.4924297332763672,0.10815379023551941,False,0.22364501655101776
vit_base_patch16_224,27,ILSVRC2012_val_00001425.JPEG,early,0,feature_modules[0],14,14,score_deviation_extreme,0.15,3,True,0.8094844818115234,0.19477760791778564,False,0.23178111016750336
vit_base_patch16_224,28,ILSVRC2012_val_00001434.JPEG,early,0,feature_modules[0],14,14,score_deviation_extreme,0.15,3,True,0.6165742874145508,0.08607211709022522,False,0.2629282474517822
vit_base_patch16_224,29,ILSVRC2012_val_00001435.JPEG,early,0,feature_modules[0],14,14,score_deviation_extreme,0.15,3,True,0.18330097198486328,0.02397388219833374,False,0.28233209252357483
vit_base_patch16_224,30,ILSVRC2012_val_00001512.JPEG,early,0,feature_modules[0],14,14,score_deviation_extreme,0.15,3,True,-0.3302793502807617,-0.037855684757232666,False,0.32854244112968445
vit_base_patch16_224,31,ILSVRC2012_val_00001537.JPEG,early,0,feature_modules[0],14,14,score_deviation_extreme,0.15,3,True,-0.21180152893066406,-0.030221611261367798,False,0.2535181939601898
vit_base_patch16_224,24,ILSVRC2012_val_00001115.JPEG,mid,6,feature_modules[6],14,14,high_score_extreme,0.15,0,True,-0.20696163177490234,-0.024046972393989563,False,0.10199899226427078
vit_base_patch16_224,25,ILSVRC2012_val_00001343.JPEG,mid,6,feature_modules[6],14,14,high_score_extreme,0.15,0,True,0.18941497802734375,0.16044816374778748,False,0.1218326985836029
vit_base_patch16_224,26,ILSVRC2012_val_00001379.JPEG,mid,6,feature_modules[6],14,14,high_score_extreme,0.15,0,True,0.20719051361083984,0.029842063784599304,False,0.11809858679771423
vit_base_patch16_224,27,ILSVRC2012_val_00001425.JPEG,mid,6,feature_modules[6],14,14,high_score_extreme,0.15,0,True,0.8892288208007812,0.19316652417182922,False,0.12703603506088257
vit_base_patch16_224,28,ILSVRC2012_val_00001434.JPEG,mid,6,feature_modules[6],14,14,high_score_extreme,0.15,0,True,0.11329936981201172,0.010818421840667725,False,0.13759617507457733
vit_base_patch16_224,29,ILSVRC2012_val_00001435.JPEG,mid,6,feature_modules[6],14,14,high_score_extreme,0.15,0,True,0.12340164184570312,0.015168607234954834,False,0.13730739057064056
vit_base_patch16_224,30,ILSVRC2012_val_00001512.JPEG,mid,6,feature_modules[6],14,14,high_score_extreme,0.15,0,True,-0.35956478118896484,-0.028539150953292847,False,0.10127346217632294
vit_base_patch16_224,31,ILSVRC2012_val_00001537.JPEG,mid,6,feature_modules[6],14,14,high_score_extreme,0.15,0,True,-0.07191276550292969,-0.010375171899795532,False,0.1474129855632782
vit_base_patch16_224,24,ILSVRC2012_val_00001115.JPEG,mid,6,feature_modules[6],14,14,high_score_extreme,0.15,1,True,-0.20696163177490234,-0.024046972393989563,False,0.10199899226427078
vit_base_patch16_224,25,ILSVRC2012_val_00001343.JPEG,mid,6,feature_modules[6],14,14,high_score_extreme,0.15,1,True,0.18941497802734375,0.16044816374778748,False,0.1218326985836029
vit_base_patch16_224,26,ILSVRC2012_val_00001379.JPEG,mid,6,feature_modules[6],14,14,high_score_extreme,0.15,1,True,0.20719051361083984,0.029842063784599304,False,0.11809858679771423
vit_base_patch16_224,27,ILSVRC2012_val_00001425.JPEG,mid,6,feature_modules[6],14,14,high_score_extreme,0.15,1,True,0.8892288208007812,0.19316652417182922,False,0.12703603506088257
vit_base_patch16_224,28,ILSVRC2012_val_00001434.JPEG,mid,6,feature_modules[6],14,14,high_score_extreme,0.15,1,True,0.11329936981201172,0.010818421840667725,False,0.13759617507457733
vit_base_patch16_224,29,ILSVRC2012_val_00001435.JPEG,mid,6,feature_modules[6],14,14,high_score_extreme,0.15,1,True,0.12340164184570312,0.015168607234954834,False,0.13730739057064056
vit_base_patch16_224,30,ILSVRC2012_val_00001512.JPEG,mid,6,feature_modules[6],14,14,high_score_extreme,0.15,1,True,-0.35956478118896484,-0.028539150953292847,False,0.10127346217632294
vit_base_patch16_224,31,ILSVRC2012_val_00001537.JPEG,mid,6,feature_modules[6],14,14,high_score_extreme,0.15,1,True,-0.07191276550292969,-0.010375171899795532,False,0.1474129855632782
vit_base_patch16_224,24,ILSVRC2012_val_00001115.JPEG,mid,6,feature_modules[6],14,14,high_score_extreme,0.15,2,True,-0.20696163177490234,-0.024046972393989563,False,0.10199899226427078
vit_base_patch16_224,25,ILSVRC2012_val_00001343.JPEG,mid,6,feature_modules[6],14,14,high_score_extreme,0.15,2,True,0.18941497802734375,0.16044816374778748,False,0.1218326985836029
vit_base_patch16_224,26,ILSVRC2012_val_00001379.JPEG,mid,6,feature_modules[6],14,14,high_score_extreme,0.15,2,True,0.20719051361083984,0.029842063784599304,False,0.11809858679771423
vit_base_patch16_224,27,ILSVRC2012_val_00001425.JPEG,mid,6,feature_modules[6],14,14,high_score_extreme,0.15,2,True,0.8892288208007812,0.19316652417182922,False,0.12703603506088257
vit_base_patch16_224,28,ILSVRC2012_val_00001434.JPEG,mid,6,feature_modules[6],14,14,high_score_extreme,0.15,2,True,0.11329936981201172,0.010818421840667725,False,0.13759617507457733
vit_base_patch16_224,29,ILSVRC2012_val_00001435.JPEG,mid,6,feature_modules[6],14,14,high_score_extreme,0.15,2,True,0.12340164184570312,0.015168607234954834,False,0.13730739057064056
vit_base_patch16_224,30,ILSVRC2012_val_00001512.JPEG,mid,6,feature_modules[6],14,14,high_score_extreme,0.15,2,True,-0.35956478118896484,-0.028539150953292847,False,0.10127346217632294
vit_base_patch16_224,31,ILSVRC2012_val_00001537.JPEG,mid,6,feature_modules[6],14,14,high_score_extreme,0.15,2,True,-0.07191276550292969,-0.010375171899795532,False,0.1474129855632782
vit_base_patch16_224,24,ILSVRC2012_val_00001115.JPEG,mid,6,feature_modules[6],14,14,high_score_extreme,0.15,3,True,-0.20696163177490234,-0.024046972393989563,False,0.10199899226427078
vit_base_patch16_224,25,ILSVRC2012_val_00001343.JPEG,mid,6,feature_modules[6],14,14,high_score_extreme,0.15,3,True,0.18941497802734375,0.16044816374778748,False,0.1218326985836029
vit_base_patch16_224,26,ILSVRC2012_val_00001379.JPEG,mid,6,feature_modules[6],14,14,high_score_extreme,0.15,3,True,0.20719051361083984,0.029842063784599304,False,0.11809858679771423
vit_base_patch16_224,27,ILSVRC2012_val_00001425.JPEG,mid,6,feature_modules[6],14,14,high_score_extreme,0.15,3,True,0.8892288208007812,0.19316652417182922,False,0.12703603506088257
vit_base_patch16_224,28,ILSVRC2012_val_00001434.JPEG,mid,6,feature_modules[6],14,14,high_score_extreme,0.15,3,True,0.11329936981201172,0.010818421840667725,False,0.13759617507457733
vit_base_patch16_224,29,ILSVRC2012_val_00001435.JPEG,mid,6,feature_modules[6],14,14,high_score_extreme,0.15,3,True,0.12340164184570312,0.015168607234954834,False,0.13730739057064056
vit_base_patch16_224,30,ILSVRC2012_val_00001512.JPEG,mid,6,feature_modules[6],14,14,high_score_extreme,0.15,3,True,-0.35956478118896484,-0.028539150953292847,False,0.10127346217632294
vit_base_patch16_224,31,ILSVRC2012_val_00001537.JPEG,mid,6,feature_modules[6],14,14,high_score_extreme,0.15,3,True,-0.07191276550292969,-0.010375171899795532,False,0.1474129855632782
vit_base_patch16_224,24,ILSVRC2012_val_00001115.JPEG,mid,6,feature_modules[6],14,14,low_score_extreme,0.15,0,True,-0.23766708374023438,-0.03151568025350571,False,-0.013848261907696724
vit_base_patch16_224,25,ILSVRC2012_val_00001343.JPEG,mid,6,feature_modules[6],14,14,low_score_extreme,0.15,0,True,-0.2185983657836914,-0.028246641159057617,False,0.015142488293349743
vit_base_patch16_224,26,ILSVRC2012_val_00001379.JPEG,mid,6,feature_modules[6],14,14,low_score_extreme,0.15,0,True,0.10975456237792969,0.03879110515117645,False,-0.024205245077610016
vit_base_patch16_224,27,ILSVRC2012_val_00001425.JPEG,mid,6,feature_modules[6],14,14,low_score_extreme,0.15,0,True,0.8895492553710938,0.21460312604904175,False,0.0017214209074154496
vit_base_patch16_224,28,ILSVRC2012_val_00001434.JPEG,mid,6,feature_modules[6],14,14,low_score_extreme,0.15,0,True,0.02732372283935547,0.006451740860939026,False,-0.014021684415638447
vit_base_patch16_224,29,ILSVRC2012_val_00001435.JPEG,mid,6,feature_modules[6],14,14,low_score_extreme,0.15,0,True,0.2127676010131836,0.027934715151786804,False,0.008617190644145012
vit_base_patch16_224,30,ILSVRC2012_val_00001512.JPEG,mid,6,feature_modules[6],14,14,low_score_extreme,0.15,0,True,0.2142324447631836,0.05347937345504761,False,-0.03171316534280777
vit_base_patch16_224,31,ILSVRC2012_val_00001537.JPEG,mid,6,feature_modules[6],14,14,low_score_extreme,0.15,0,True,0.07082271575927734,0.024415507912635803,False,0.027320154011249542
vit_base_patch16_224,24,ILSVRC2012_val_00001115.JPEG,mid,6,feature_modules[6],14,14,low_score_extreme,0.15,1,True,-0.23766708374023438,-0.03151568025350571,False,-0.013848261907696724
vit_base_patch16_224,25,ILSVRC2012_val_00001343.JPEG,mid,6,feature_modules[6],14,14,low_score_extreme,0.15,1,True,-0.2185983657836914,-0.028246641159057617,False,0.015142488293349743
vit_base_patch16_224,26,ILSVRC2012_val_00001379.JPEG,mid,6,feature_modules[6],14,14,low_score_extreme,0.15,1,True,0.10975456237792969,0.03879110515117645,False,-0.024205245077610016
vit_base_patch16_224,27,ILSVRC2012_val_00001425.JPEG,mid,6,feature_modules[6],14,14,low_score_extreme,0.15,1,True,0.8895492553710938,0.21460312604904175,False,0.0017214209074154496
vit_base_patch16_224,28,ILSVRC2012_val_00001434.JPEG,mid,6,feature_modules[6],14,14,low_score_extreme,0.15,1,True,0.02732372283935547,0.006451740860939026,False,-0.014021684415638447
vit_base_patch16_224,29,ILSVRC2012_val_00001435.JPEG,mid,6,feature_modules[6],14,14,low_score_extreme,0.15,1,True,0.2127676010131836,0.027934715151786804,False,0.008617190644145012
vit_base_patch16_224,30,ILSVRC2012_val_00001512.JPEG,mid,6,feature_modules[6],14,14,low_score_extreme,0.15,1,True,0.2142324447631836,0.05347937345504761,False,-0.03171316534280777
vit_base_patch16_224,31,ILSVRC2012_val_00001537.JPEG,mid,6,feature_modules[6],14,14,low_score_extreme,0.15,1,True,0.07082271575927734,0.024415507912635803,False,0.027320154011249542
vit_base_patch16_224,24,ILSVRC2012_val_00001115.JPEG,mid,6,feature_modules[6],14,14,low_score_extreme,0.15,2,True,-0.23766708374023438,-0.03151568025350571,False,-0.013848261907696724
vit_base_patch16_224,25,ILSVRC2012_val_00001343.JPEG,mid,6,feature_modules[6],14,14,low_score_extreme,0.15,2,True,-0.2185983657836914,-0.028246641159057617,False,0.015142488293349743
vit_base_patch16_224,26,ILSVRC2012_val_00001379.JPEG,mid,6,feature_modules[6],14,14,low_score_extreme,0.15,2,True,0.10975456237792969,0.03879110515117645,False,-0.024205245077610016
vit_base_patch16_224,27,ILSVRC2012_val_00001425.JPEG,mid,6,feature_modules[6],14,14,low_score_extreme,0.15,2,True,0.8895492553710938,0.21460312604904175,False,0.0017214209074154496
vit_base_patch16_224,28,ILSVRC2012_val_00001434.JPEG,mid,6,feature_modules[6],14,14,low_score_extreme,0.15,2,True,0.02732372283935547,0.006451740860939026,False,-0.014021684415638447
vit_base_patch16_224,29,ILSVRC2012_val_00001435.JPEG,mid,6,feature_modules[6],14,14,low_score_extreme,0.15,2,True,0.2127676010131836,0.027934715151786804,False,0.008617190644145012
vit_base_patch16_224,30,ILSVRC2012_val_00001512.JPEG,mid,6,feature_modules[6],14,14,low_score_extreme,0.15,2,True,0.2142324447631836,0.05347937345504761,False,-0.03171316534280777
vit_base_patch16_224,31,ILSVRC2012_val_00001537.JPEG,mid,6,feature_modules[6],14,14,low_score_extreme,0.15,2,True,0.07082271575927734,0.024415507912635803,False,0.027320154011249542
vit_base_patch16_224,24,ILSVRC2012_val_00001115.JPEG,mid,6,feature_modules[6],14,14,low_score_extreme,0.15,3,True,-0.23766708374023438,-0.03151568025350571,False,-0.013848261907696724
vit_base_patch16_224,25,ILSVRC2012_val_00001343.JPEG,mid,6,feature_modules[6],14,14,low_score_extreme,0.15,3,True,-0.2185983657836914,-0.028246641159057617,False,0.015142488293349743
vit_base_patch16_224,26,ILSVRC2012_val_00001379.JPEG,mid,6,feature_modules[6],14,14,low_score_extreme,0.15,3,True,0.10975456237792969,0.03879110515117645,False,-0.024205245077610016
vit_base_patch16_224,27,ILSVRC2012_val_00001425.JPEG,mid,6,feature_modules[6],14,14,low_score_extreme,0.15,3,True,0.8895492553710938,0.21460312604904175,False,0.0017214209074154496
vit_base_patch16_224,28,ILSVRC2012_val_00001434.JPEG,mid,6,feature_modules[6],14,14,low_score_extreme,0.15,3,True,0.02732372283935547,0.006451740860939026,False,-0.014021684415638447
vit_base_patch16_224,29,ILSVRC2012_val_00001435.JPEG,mid,6,feature_modules[6],14,14,low_score_extreme,0.15,3,True,0.2127676010131836,0.027934715151786804,False,0.008617190644145012
vit_base_patch16_224,30,ILSVRC2012_val_00001512.JPEG,mid,6,feature_modules[6],14,14,low_score_extreme,0.15,3,True,0.2142324447631836,0.05347937345504761,False,-0.03171316534280777
vit_base_patch16_224,31,ILSVRC2012_val_00001537.JPEG,mid,6,feature_modules[6],14,14,low_score_extreme,0.15,3,True,0.07082271575927734,0.024415507912635803,False,0.027320154011249542
vit_base_patch16_224,24,ILSVRC2012_val_00001115.JPEG,mid,6,feature_modules[6],14,14,random_uniform,0.15,0,True,0.04885292053222656,0.005873098969459534,False,0.037164755165576935
vit_base_patch16_224,25,ILSVRC2012_val_00001343.JPEG,mid,6,feature_modules[6],14,14,random_uniform,0.15,0,True,-0.3243684768676758,-0.07311668992042542,False,0.06685174256563187
vit_base_patch16_224,26,ILSVRC2012_val_00001379.JPEG,mid,6,feature_modules[6],14,14,random_uniform,0.15,0,True,0.12894725799560547,0.030244499444961548,False,0.059751298278570175
vit_base_patch16_224,27,ILSVRC2012_val_00001425.JPEG,mid,6,feature_modules[6],14,14,random_uniform,0.15,0,True,0.6899423599243164,0.18607670068740845,False,0.04902854934334755
vit_base_patch16_224,28,ILSVRC2012_val_00001434.JPEG,mid,6,feature_modules[6],14,14,random_uniform,0.15,0,True,0.1314105987548828,0.008995667099952698,False,0.04830038547515869
vit_base_patch16_224,29,ILSVRC2012_val_00001435.JPEG,mid,6,feature_modules[6],14,14,random_uniform,0.15,0,True,0.09070396423339844,0.011135846376419067,False,0.06046208739280701
vit_base_patch16_224,30,ILSVRC2012_val_00001512.JPEG,mid,6,feature_modules[6],14,14,random_uniform,0.15,0,True,0.020570755004882812,0.012188181281089783,False,0.027091342955827713
vit_base_patch16_224,31,ILSVRC2012_val_00001537.JPEG,mid,6,feature_modules[6],14,14,random_uniform,0.15,0,True,-0.13165283203125,-0.0196215957403183,False,0.07725957781076431
vit_base_patch16_224,24,ILSVRC2012_val_00001115.JPEG,mid,6,feature_modules[6],14,14,random_uniform,0.15,1,True,-0.17737388610839844,-0.010315671563148499,False,0.044053010642528534
vit_base_patch16_224,25,ILSVRC2012_val_00001343.JPEG,mid,6,feature_modules[6],14,14,random_uniform,0.15,1,True,-0.14395523071289062,-0.008718997240066528,False,0.06361161172389984
vit_base_patch16_224,26,ILSVRC2012_val_00001379.JPEG,mid,6,feature_modules[6],14,14,random_uniform,0.15,1,True,0.3248481750488281,0.05884957313537598,False,0.039453037083148956
vit_base_patch16_224,27,ILSVRC2012_val_00001425.JPEG,mid,6,feature_modules[6],14,14,random_uniform,0.15,1,True,0.5241603851318359,0.10441124439239502,False,0.03256896138191223
vit_base_patch16_224,28,ILSVRC2012_val_00001434.JPEG,mid,6,feature_modules[6],14,14,random_uniform,0.15,1,True,0.2170248031616211,0.021658137440681458,False,0.04836554825305939
vit_base_patch16_224,29,ILSVRC2012_val_00001435.JPEG,mid,6,feature_modules[6],14,14,random_uniform,0.15,1,True,0.1846160888671875,0.025088369846343994,False,0.057939834892749786
vit_base_patch16_224,30,ILSVRC2012_val_00001512.JPEG,mid,6,feature_modules[6],14,14,random_uniform,0.15,1,True,-0.31489086151123047,-0.02322438359260559,False,0.044693946838378906
vit_base_patch16_224,31,ILSVRC2012_val_00001537.JPEG,mid,6,feature_modules[6],14,14,random_uniform,0.15,1,True,0.09653472900390625,0.024104371666908264,False,0.07411853224039078
vit_base_patch16_224,24,ILSVRC2012_val_00001115.JPEG,mid,6,feature_modules[6],14,14,random_uniform,0.15,2,True,-0.13658523559570312,-0.008936196565628052,False,0.04639207571744919
vit_base_patch16_224,25,ILSVRC2012_val_00001343.JPEG,mid,6,feature_modules[6],14,14,random_uniform,0.15,2,True,-0.1566171646118164,-0.031172975897789,False,0.06195284053683281
vit_base_patch16_224,26,ILSVRC2012_val_00001379.JPEG,mid,6,feature_modules[6],14,14,random_uniform,0.15,2,True,0.05689239501953125,0.02232252061367035,False,0.057543836534023285
vit_base_patch16_224,27,ILSVRC2012_val_00001425.JPEG,mid,6,feature_modules[6],14,14,random_uniform,0.15,2,True,0.7546043395996094,0.19523781538009644,False,0.038858454674482346
vit_base_patch16_224,28,ILSVRC2012_val_00001434.JPEG,mid,6,feature_modules[6],14,14,random_uniform,0.15,2,True,0.05214977264404297,0.0028018727898597717,False,0.05530044808983803
vit_base_patch16_224,29,ILSVRC2012_val_00001435.JPEG,mid,6,feature_modules[6],14,14,random_uniform,0.15,2,True,0.19646072387695312,0.025311186909675598,False,0.08210749179124832
vit_base_patch16_224,30,ILSVRC2012_val_00001512.JPEG,mid,6,feature_modules[6],14,14,random_uniform,0.15,2,True,-0.14098834991455078,-0.010373339056968689,False,0.040030863136053085
vit_base_patch16_224,31,ILSVRC2012_val_00001537.JPEG,mid,6,feature_modules[6],14,14,random_uniform,0.15,2,True,-0.04127788543701172,0.00029715895652770996,False,0.08850598335266113
vit_base_patch16_224,24,ILSVRC2012_val_00001115.JPEG,mid,6,feature_modules[6],14,14,random_uniform,0.15,3,True,0.3198833465576172,0.11610139906406403,False,0.030901210382580757
vit_base_patch16_224,25,ILSVRC2012_val_00001343.JPEG,mid,6,feature_modules[6],14,14,random_uniform,0.15,3,True,0.13471031188964844,0.10182952880859375,False,0.06906464695930481
vit_base_patch16_224,26,ILSVRC2012_val_00001379.JPEG,mid,6,feature_modules[6],14,14,random_uniform,0.15,3,True,0.5983991622924805,0.155791237950325,False,0.04419827461242676
vit_base_patch16_224,27,ILSVRC2012_val_00001425.JPEG,mid,6,feature_modules[6],14,14,random_uniform,0.15,3,True,0.773468017578125,0.1844257116317749,False,0.0428902730345726
vit_base_patch16_224,28,ILSVRC2012_val_00001434.JPEG,mid,6,feature_modules[6],14,14,random_uniform,0.15,3,True,0.1185464859008789,0.011107221245765686,False,0.04587506875395775
vit_base_patch16_224,29,ILSVRC2012_val_00001435.JPEG,mid,6,feature_modules[6],14,14,random_uniform,0.15,3,True,0.0716257095336914,0.009383976459503174,False,0.07661870867013931
vit_base_patch16_224,30,ILSVRC2012_val_00001512.JPEG,mid,6,feature_modules[6],14,14,random_uniform,0.15,3,True,-0.22793102264404297,-0.015581533312797546,False,0.04565464332699776
vit_base_patch16_224,31,ILSVRC2012_val_00001537.JPEG,mid,6,feature_modules[6],14,14,random_uniform,0.15,3,True,-0.11261367797851562,-0.010072246193885803,False,0.09211158007383347
vit_base_patch16_224,24,ILSVRC2012_val_00001115.JPEG,mid,6,feature_modules[6],14,14,score_deviation_extreme,0.15,0,True,-0.0547332763671875,-0.0075005292892456055,False,0.058410290628671646
vit_base_patch16_224,25,ILSVRC2012_val_00001343.JPEG,mid,6,feature_modules[6],14,14,score_deviation_extreme,0.15,0,True,-0.07363510131835938,0.03282526135444641,False,0.06669540703296661
vit_base_patch16_224,26,ILSVRC2012_val_00001379.JPEG,mid,6,feature_modules[6],14,14,score_deviation_extreme,0.15,0,True,0.04287147521972656,0.01739497482776642,False,0.01668492704629898
vit_base_patch16_224,27,ILSVRC2012_val_00001425.JPEG,mid,6,feature_modules[6],14,14,score_deviation_extreme,0.15,0,True,0.8655300140380859,0.20376819372177124,False,0.1088944599032402
vit_base_patch16_224,28,ILSVRC2012_val_00001434.JPEG,mid,6,feature_modules[6],14,14,score_deviation_extreme,0.15,0,True,0.16113758087158203,0.017768755555152893,False,0.07937262207269669
vit_base_patch16_224,29,ILSVRC2012_val_00001435.JPEG,mid,6,feature_modules[6],14,14,score_deviation_extreme,0.15,0,True,0.22362232208251953,0.029300019145011902,False,0.08176123350858688
vit_base_patch16_224,30,ILSVRC2012_val_00001512.JPEG,mid,6,feature_modules[6],14,14,score_deviation_extreme,0.15,0,True,0.052596092224121094,0.020261645317077637,False,0.02030881680548191
vit_base_patch16_224,31,ILSVRC2012_val_00001537.JPEG,mid,6,feature_modules[6],14,14,score_deviation_extreme,0.15,0,True,0.035330772399902344,0.011853933334350586,False,0.13513153791427612
vit_base_patch16_224,24,ILSVRC2012_val_00001115.JPEG,mid,6,feature_modules[6],14,14,score_deviation_extreme,0.15,1,True,-0.0547332763671875,-0.0075005292892456055,False,0.058410290628671646
vit_base_patch16_224,25,ILSVRC2012_val_00001343.JPEG,mid,6,feature_modules[6],14,14,score_deviation_extreme,0.15,1,True,-0.07363510131835938,0.03282526135444641,False,0.06669540703296661
vit_base_patch16_224,26,ILSVRC2012_val_00001379.JPEG,mid,6,feature_modules[6],14,14,score_deviation_extreme,0.15,1,True,0.04287147521972656,0.01739497482776642,False,0.01668492704629898
vit_base_patch16_224,27,ILSVRC2012_val_00001425.JPEG,mid,6,feature_modules[6],14,14,score_deviation_extreme,0.15,1,True,0.8655300140380859,0.20376819372177124,False,0.1088944599032402
vit_base_patch16_224,28,ILSVRC2012_val_00001434.JPEG,mid,6,feature_modules[6],14,14,score_deviation_extreme,0.15,1,True,0.16113758087158203,0.017768755555152893,False,0.07937262207269669
vit_base_patch16_224,29,ILSVRC2012_val_00001435.JPEG,mid,6,feature_modules[6],14,14,score_deviation_extreme,0.15,1,True,0.22362232208251953,0.029300019145011902,False,0.08176123350858688
vit_base_patch16_224,30,ILSVRC2012_val_00001512.JPEG,mid,6,feature_modules[6],14,14,score_deviation_extreme,0.15,1,True,0.052596092224121094,0.020261645317077637,False,0.02030881680548191
vit_base_patch16_224,31,ILSVRC2012_val_00001537.JPEG,mid,6,feature_modules[6],14,14,score_deviation_extreme,0.15,1,True,0.035330772399902344,0.011853933334350586,False,0.13513153791427612
vit_base_patch16_224,24,ILSVRC2012_val_00001115.JPEG,mid,6,feature_modules[6],14,14,score_deviation_extreme,0.15,2,True,-0.0547332763671875,-0.0075005292892456055,False,0.058410290628671646
vit_base_patch16_224,25,ILSVRC2012_val_00001343.JPEG,mid,6,feature_modules[6],14,14,score_deviation_extreme,0.15,2,True,-0.07363510131835938,0.03282526135444641,False,0.06669540703296661
vit_base_patch16_224,26,ILSVRC2012_val_00001379.JPEG,mid,6,feature_modules[6],14,14,score_deviation_extreme,0.15,2,True,0.04287147521972656,0.01739497482776642,False,0.01668492704629898
vit_base_patch16_224,27,ILSVRC2012_val_00001425.JPEG,mid,6,feature_modules[6],14,14,score_deviation_extreme,0.15,2,True,0.8655300140380859,0.20376819372177124,False,0.1088944599032402
vit_base_patch16_224,28,ILSVRC2012_val_00001434.JPEG,mid,6,feature_modules[6],14,14,score_deviation_extreme,0.15,2,True,0.16113758087158203,0.017768755555152893,False,0.07937262207269669
vit_base_patch16_224,29,ILSVRC2012_val_00001435.JPEG,mid,6,feature_modules[6],14,14,score_deviation_extreme,0.15,2,True,0.22362232208251953,0.029300019145011902,False,0.08176123350858688
vit_base_patch16_224,30,ILSVRC2012_val_00001512.JPEG,mid,6,feature_modules[6],14,14,score_deviation_extreme,0.15,2,True,0.052596092224121094,0.020261645317077637,False,0.02030881680548191
vit_base_patch16_224,31,ILSVRC2012_val_00001537.JPEG,mid,6,feature_modules[6],14,14,score_deviation_extreme,0.15,2,True,0.035330772399902344,0.011853933334350586,False,0.13513153791427612
vit_base_patch16_224,24,ILSVRC2012_val_00001115.JPEG,mid,6,feature_modules[6],14,14,score_deviation_extreme,0.15,3,True,-0.0547332763671875,-0.0075005292892456055,False,0.058410290628671646
vit_base_patch16_224,25,ILSVRC2012_val_00001343.JPEG,mid,6,feature_modules[6],14,14,score_deviation_extreme,0.15,3,True,-0.07363510131835938,0.03282526135444641,False,0.06669540703296661
vit_base_patch16_224,26,ILSVRC2012_val_00001379.JPEG,mid,6,feature_modules[6],14,14,score_deviation_extreme,0.15,3,True,0.04287147521972656,0.01739497482776642,False,0.01668492704629898
vit_base_patch16_224,27,ILSVRC2012_val_00001425.JPEG,mid,6,feature_modules[6],14,14,score_deviation_extreme,0.15,3,True,0.8655300140380859,0.20376819372177124,False,0.1088944599032402
vit_base_patch16_224,28,ILSVRC2012_val_00001434.JPEG,mid,6,feature_modules[6],14,14,score_deviation_extreme,0.15,3,True,0.16113758087158203,0.017768755555152893,False,0.07937262207269669
vit_base_patch16_224,29,ILSVRC2012_val_00001435.JPEG,mid,6,feature_modules[6],14,14,score_deviation_extreme,0.15,3,True,0.22362232208251953,0.029300019145011902,False,0.08176123350858688
vit_base_patch16_224,30,ILSVRC2012_val_00001512.JPEG,mid,6,feature_modules[6],14,14,score_deviation_extreme,0.15,3,True,0.052596092224121094,0.020261645317077637,False,0.02030881680548191
vit_base_patch16_224,31,ILSVRC2012_val_00001537.JPEG,mid,6,feature_modules[6],14,14,score_deviation_extreme,0.15,3,True,0.035330772399902344,0.011853933334350586,False,0.13513153791427612
vit_base_patch16_224,24,ILSVRC2012_val_00001115.JPEG,final,11,blocks[11],14,14,high_score_extreme,0.15,0,True,-0.025130271911621094,0.0066138505935668945,False,0.8869902491569519
vit_base_patch16_224,25,ILSVRC2012_val_00001343.JPEG,final,11,blocks[11],14,14,high_score_extreme,0.15,0,True,-0.3117685317993164,-0.032007887959480286,False,0.8685641884803772
vit_base_patch16_224,26,ILSVRC2012_val_00001379.JPEG,final,11,blocks[11],14,14,high_score_extreme,0.15,0,True,0.05164146423339844,0.0001217275857925415,False,0.8758476376533508
vit_base_patch16_224,27,ILSVRC2012_val_00001425.JPEG,final,11,blocks[11],14,14,high_score_extreme,0.15,0,True,0.2418804168701172,0.0642450749874115,False,0.8723488450050354
vit_base_patch16_224,28,ILSVRC2012_val_00001434.JPEG,final,11,blocks[11],14,14,high_score_extreme,0.15,0,True,0.5461492538452148,0.07439745962619781,False,0.9062731266021729
vit_base_patch16_224,29,ILSVRC2012_val_00001435.JPEG,final,11,blocks[11],14,14,high_score_extreme,0.15,0,True,0.21081066131591797,0.027893349528312683,False,0.9043713808059692
vit_base_patch16_224,30,ILSVRC2012_val_00001512.JPEG,final,11,blocks[11],14,14,high_score_extreme,0.15,0,True,-0.37027645111083984,-0.020969703793525696,False,0.90073561668396
vit_base_patch16_224,31,ILSVRC2012_val_00001537.JPEG,final,11,blocks[11],14,14,high_score_extreme,0.15,0,True,0.0071468353271484375,0.004828333854675293,False,0.906476616859436
vit_base_patch16_224,24,ILSVRC2012_val_00001115.JPEG,final,11,blocks[11],14,14,high_score_extreme,0.15,1,True,-0.025130271911621094,0.0066138505935668945,False,0.8869902491569519
vit_base_patch16_224,25,ILSVRC2012_val_00001343.JPEG,final,11,blocks[11],14,14,high_score_extreme,0.15,1,True,-0.3117685317993164,-0.032007887959480286,False,0.8685641884803772
vit_base_patch16_224,26,ILSVRC2012_val_00001379.JPEG,final,11,blocks[11],14,14,high_score_extreme,0.15,1,True,0.05164146423339844,0.0001217275857925415,False,0.8758476376533508
vit_base_patch16_224,27,ILSVRC2012_val_00001425.JPEG,final,11,blocks[11],14,14,high_score_extreme,0.15,1,True,0.2418804168701172,0.0642450749874115,False,0.8723488450050354
vit_base_patch16_224,28,ILSVRC2012_val_00001434.JPEG,final,11,blocks[11],14,14,high_score_extreme,0.15,1,True,0.5461492538452148,0.07439745962619781,False,0.9062731266021729
vit_base_patch16_224,29,ILSVRC2012_val_00001435.JPEG,final,11,blocks[11],14,14,high_score_extreme,0.15,1,True,0.21081066131591797,0.027893349528312683,False,0.9043713808059692
vit_base_patch16_224,30,ILSVRC2012_val_00001512.JPEG,final,11,blocks[11],14,14,high_score_extreme,0.15,1,True,-0.37027645111083984,-0.020969703793525696,False,0.90073561668396
vit_base_patch16_224,31,ILSVRC2012_val_00001537.JPEG,final,11,blocks[11],14,14,high_score_extreme,0.15,1,True,0.0071468353271484375,0.004828333854675293,False,0.906476616859436
vit_base_patch16_224,24,ILSVRC2012_val_00001115.JPEG,final,11,blocks[11],14,14,high_score_extreme,0.15,2,True,-0.025130271911621094,0.0066138505935668945,False,0.8869902491569519
vit_base_patch16_224,25,ILSVRC2012_val_00001343.JPEG,final,11,blocks[11],14,14,high_score_extreme,0.15,2,True,-0.3117685317993164,-0.032007887959480286,False,0.8685641884803772
vit_base_patch16_224,26,ILSVRC2012_val_00001379.JPEG,final,11,blocks[11],14,14,high_score_extreme,0.15,2,True,0.05164146423339844,0.0001217275857925415,False,0.8758476376533508
vit_base_patch16_224,27,ILSVRC2012_val_00001425.JPEG,final,11,blocks[11],14,14,high_score_extreme,0.15,2,True,0.2418804168701172,0.0642450749874115,False,0.8723488450050354
vit_base_patch16_224,28,ILSVRC2012_val_00001434.JPEG,final,11,blocks[11],14,14,high_score_extreme,0.15,2,True,0.5461492538452148,0.07439745962619781,False,0.9062731266021729
vit_base_patch16_224,29,ILSVRC2012_val_00001435.JPEG,final,11,blocks[11],14,14,high_score_extreme,0.15,2,True,0.21081066131591797,0.027893349528312683,False,0.9043713808059692
vit_base_patch16_224,30,ILSVRC2012_val_00001512.JPEG,final,11,blocks[11],14,14,high_score_extreme,0.15,2,True,-0.37027645111083984,-0.020969703793525696,False,0.90073561668396
vit_base_patch16_224,31,ILSVRC2012_val_00001537.JPEG,final,11,blocks[11],14,14,high_score_extreme,0.15,2,True,0.0071468353271484375,0.004828333854675293,False,0.906476616859436
vit_base_patch16_224,24,ILSVRC2012_val_00001115.JPEG,final,11,blocks[11],14,14,high_score_extreme,0.15,3,True,-0.025130271911621094,0.0066138505935668945,False,0.8869902491569519
vit_base_patch16_224,25,ILSVRC2012_val_00001343.JPEG,final,11,blocks[11],14,14,high_score_extreme,0.15,3,True,-0.3117685317993164,-0.032007887959480286,False,0.8685641884803772
vit_base_patch16_224,26,ILSVRC2012_val_00001379.JPEG,final,11,blocks[11],14,14,high_score_extreme,0.15,3,True,0.05164146423339844,0.0001217275857925415,False,0.8758476376533508
vit_base_patch16_224,27,ILSVRC2012_val_00001425.JPEG,final,11,blocks[11],14,14,high_score_extreme,0.15,3,True,0.2418804168701172,0.0642450749874115,False,0.8723488450050354
vit_base_patch16_224,28,ILSVRC2012_val_00001434.JPEG,final,11,blocks[11],14,14,high_score_extreme,0.15,3,True,0.5461492538452148,0.07439745962619781,False,0.9062731266021729
vit_base_patch16_224,29,ILSVRC2012_val_00001435.JPEG,final,11,blocks[11],14,14,high_score_extreme,0.15,3,True,0.21081066131591797,0.027893349528312683,False,0.9043713808059692
vit_base_patch16_224,30,ILSVRC2012_val_00001512.JPEG,final,11,blocks[11],14,14,high_score_extreme,0.15,3,True,-0.37027645111083984,-0.020969703793525696,False,0.90073561668396
vit_base_patch16_224,31,ILSVRC2012_val_00001537.JPEG,final,11,blocks[11],14,14,high_score_extreme,0.15,3,True,0.0071468353271484375,0.004828333854675293,False,0.906476616859436
vit_base_patch16_224,24,ILSVRC2012_val_00001115.JPEG,final,11,blocks[11],14,14,low_score_extreme,0.15,0,True,-0.0413665771484375,-0.005654171109199524,False,0.7151815295219421
vit_base_patch16_224,25,ILSVRC2012_val_00001343.JPEG,final,11,blocks[11],14,14,low_score_extreme,0.15,0,True,-0.5244665145874023,-0.07659855484962463,False,0.33261245489120483
vit_base_patch16_224,26,ILSVRC2012_val_00001379.JPEG,final,11,blocks[11],14,14,low_score_extreme,0.15,0,True,-0.16802978515625,-0.0038743317127227783,False,0.4133707284927368
vit_base_patch16_224,27,ILSVRC2012_val_00001425.JPEG,final,11,blocks[11],14,14,low_score_extreme,0.15,0,True,1.0067033767700195,0.2768170237541199,False,0.44438979029655457
vit_base_patch16_224,28,ILSVRC2012_val_00001434.JPEG,final,11,blocks[11],14,14,low_score_extreme,0.15,0,True,0.31536197662353516,0.041479647159576416,False,0.5147433876991272
vit_base_patch16_224,29,ILSVRC2012_val_00001435.JPEG,final,11,blocks[11],14,14,low_score_extreme,0.15,0,True,0.08870315551757812,0.010680601000785828,False,0.6186851859092712
vit_base_patch16_224,30,ILSVRC2012_val_00001512.JPEG,final,11,blocks[11],14,14,low_score_extreme,0.15,0,True,-0.20817279815673828,-0.02803516387939453,False,0.6480380296707153
vit_base_patch16_224,31,ILSVRC2012_val_00001537.JPEG,final,11,blocks[11],14,14,low_score_extreme,0.15,0,True,0.07844161987304688,0.009985655546188354,False,0.6235522627830505
vit_base_patch16_224,24,ILSVRC2012_val_00001115.JPEG,final,11,blocks[11],14,14,low_score_extreme,0.15,1,True,-0.0413665771484375,-0.005654171109199524,False,0.7151815295219421
vit_base_patch16_224,25,ILSVRC2012_val_00001343.JPEG,final,11,blocks[11],14,14,low_score_extreme,0.15,1,True,-0.5244665145874023,-0.07659855484962463,False,0.33261245489120483
vit_base_patch16_224,26,ILSVRC2012_val_00001379.JPEG,final,11,blocks[11],14,14,low_score_extreme,0.15,1,True,-0.16802978515625,-0.0038743317127227783,False,0.4133707284927368
vit_base_patch16_224,27,ILSVRC2012_val_00001425.JPEG,final,11,blocks[11],14,14,low_score_extreme,0.15,1,True,1.0067033767700195,0.2768170237541199,False,0.44438979029655457
vit_base_patch16_224,28,ILSVRC2012_val_00001434.JPEG,final,11,blocks[11],14,14,low_score_extreme,0.15,1,True,0.31536197662353516,0.041479647159576416,False,0.5147433876991272
vit_base_patch16_224,29,ILSVRC2012_val_00001435.JPEG,final,11,blocks[11],14,14,low_score_extreme,0.15,1,True,0.08870315551757812,0.010680601000785828,False,0.6186851859092712
vit_base_patch16_224,30,ILSVRC2012_val_00001512.JPEG,final,11,blocks[11],14,14,low_score_extreme,0.15,1,True,-0.20817279815673828,-0.02803516387939453,False,0.6480380296707153
vit_base_patch16_224,31,ILSVRC2012_val_00001537.JPEG,final,11,blocks[11],14,14,low_score_extreme,0.15,1,True,0.07844161987304688,0.009985655546188354,False,0.6235522627830505
vit_base_patch16_224,24,ILSVRC2012_val_00001115.JPEG,final,11,blocks[11],14,14,low_score_extreme,0.15,2,True,-0.0413665771484375,-0.005654171109199524,False,0.7151815295219421
vit_base_patch16_224,25,ILSVRC2012_val_00001343.JPEG,final,11,blocks[11],14,14,low_score_extreme,0.15,2,True,-0.5244665145874023,-0.07659855484962463,False,0.33261245489120483
vit_base_patch16_224,26,ILSVRC2012_val_00001379.JPEG,final,11,blocks[11],14,14,low_score_extreme,0.15,2,True,-0.16802978515625,-0.0038743317127227783,False,0.4133707284927368
vit_base_patch16_224,27,ILSVRC2012_val_00001425.JPEG,final,11,blocks[11],14,14,low_score_extreme,0.15,2,True,1.0067033767700195,0.2768170237541199,False,0.44438979029655457
vit_base_patch16_224,28,ILSVRC2012_val_00001434.JPEG,final,11,blocks[11],14,14,low_score_extreme,0.15,2,True,0.31536197662353516,0.041479647159576416,False,0.5147433876991272
vit_base_patch16_224,29,ILSVRC2012_val_00001435.JPEG,final,11,blocks[11],14,14,low_score_extreme,0.15,2,True,0.08870315551757812,0.010680601000785828,False,0.6186851859092712
vit_base_patch16_224,30,ILSVRC2012_val_00001512.JPEG,final,11,blocks[11],14,14,low_score_extreme,0.15,2,True,-0.20817279815673828,-0.02803516387939453,False,0.6480380296707153
vit_base_patch16_224,31,ILSVRC2012_val_00001537.JPEG,final,11,blocks[11],14,14,low_score_extreme,0.15,2,True,0.07844161987304688,0.009985655546188354,False,0.6235522627830505
vit_base_patch16_224,24,ILSVRC2012_val_00001115.JPEG,final,11,blocks[11],14,14,low_score_extreme,0.15,3,True,-0.0413665771484375,-0.005654171109199524,False,0.7151815295219421
vit_base_patch16_224,25,ILSVRC2012_val_00001343.JPEG,final,11,blocks[11],14,14,low_score_extreme,0.15,3,True,-0.5244665145874023,-0.07659855484962463,False,0.33261245489120483
vit_base_patch16_224,26,ILSVRC2012_val_00001379.JPEG,final,11,blocks[11],14,14,low_score_extreme,0.15,3,True,-0.16802978515625,-0.0038743317127227783,False,0.4133707284927368
vit_base_patch16_224,27,ILSVRC2012_val_00001425.JPEG,final,11,blocks[11],14,14,low_score_extreme,0.15,3,True,1.0067033767700195,0.2768170237541199,False,0.44438979029655457
vit_base_patch16_224,28,ILSVRC2012_val_00001434.JPEG,final,11,blocks[11],14,14,low_score_extreme,0.15,3,True,0.31536197662353516,0.041479647159576416,False,0.5147433876991272
vit_base_patch16_224,29,ILSVRC2012_val_00001435.JPEG,final,11,blocks[11],14,14,low_score_extreme,0.15,3,True,0.08870315551757812,0.010680601000785828,False,0.6186851859092712
vit_base_patch16_224,30,ILSVRC2012_val_00001512.JPEG,final,11,blocks[11],14,14,low_score_extreme,0.15,3,True,-0.20817279815673828,-0.02803516387939453,False,0.6480380296707153
vit_base_patch16_224,31,ILSVRC2012_val_00001537.JPEG,final,11,blocks[11],14,14,low_score_extreme,0.15,3,True,0.07844161987304688,0.009985655546188354,False,0.6235522627830505
vit_base_patch16_224,24,ILSVRC2012_val_00001115.JPEG,final,11,blocks[11],14,14,random_uniform,0.15,0,True,-0.05271148681640625,-0.004949524998664856,False,0.8354207873344421
vit_base_patch16_224,25,ILSVRC2012_val_00001343.JPEG,final,11,blocks[11],14,14,random_uniform,0.15,0,True,-0.1710519790649414,-0.041824743151664734,False,0.6345524191856384
vit_base_patch16_224,26,ILSVRC2012_val_00001379.JPEG,final,11,blocks[11],14,14,random_uniform,0.15,0,True,0.07169818878173828,0.011881992220878601,False,0.711457371711731
vit_base_patch16_224,27,ILSVRC2012_val_00001425.JPEG,final,11,blocks[11],14,14,random_uniform,0.15,0,True,0.6259326934814453,0.1383078396320343,False,0.6580135822296143
vit_base_patch16_224,28,ILSVRC2012_val_00001434.JPEG,final,11,blocks[11],14,14,random_uniform,0.15,0,True,0.12818145751953125,0.01304653286933899,False,0.7498997449874878
vit_base_patch16_224,29,ILSVRC2012_val_00001435.JPEG,final,11,blocks[11],14,14,random_uniform,0.15,0,True,0.1230916976928711,0.015077799558639526,False,0.7606531381607056
vit_base_patch16_224,30,ILSVRC2012_val_00001512.JPEG,final,11,blocks[11],14,14,random_uniform,0.15,0,True,-0.22800922393798828,-0.009639129042625427,False,0.8200238943099976
vit_base_patch16_224,31,ILSVRC2012_val_00001537.JPEG,final,11,blocks[11],14,14,random_uniform,0.15,0,True,-0.0267486572265625,0.004133701324462891,False,0.8054163455963135
vit_base_patch16_224,24,ILSVRC2012_val_00001115.JPEG,final,11,blocks[11],14,14,random_uniform,0.15,1,True,0.21622371673583984,0.049224063754081726,False,0.8308660984039307
vit_base_patch16_224,25,ILSVRC2012_val_00001343.JPEG,final,11,blocks[11],14,14,random_uniform,0.15,1,True,-0.20157718658447266,-0.03759162127971649,False,0.6504987478256226
vit_base_patch16_224,26,ILSVRC2012_val_00001379.JPEG,final,11,blocks[11],14,14,random_uniform,0.15,1,True,0.004886627197265625,0.021982163190841675,False,0.6644562482833862
vit_base_patch16_224,27,ILSVRC2012_val_00001425.JPEG,final,11,blocks[11],14,14,random_uniform,0.15,1,True,1.137624740600586,0.31019994616508484,False,0.6510234475135803
vit_base_patch16_224,28,ILSVRC2012_val_00001434.JPEG,final,11,blocks[11],14,14,random_uniform,0.15,1,True,0.28615856170654297,0.031489044427871704,False,0.7754750847816467
vit_base_patch16_224,29,ILSVRC2012_val_00001435.JPEG,final,11,blocks[11],14,14,random_uniform,0.15,1,True,0.09734439849853516,0.01170511543750763,False,0.774398684501648
vit_base_patch16_224,30,ILSVRC2012_val_00001512.JPEG,final,11,blocks[11],14,14,random_uniform,0.15,1,True,-0.3359384536743164,-0.03195393085479736,False,0.8289471864700317
vit_base_patch16_224,31,ILSVRC2012_val_00001537.JPEG,final,11,blocks[11],14,14,random_uniform,0.15,1,True,-0.027301788330078125,-0.0022855550050735474,False,0.8119518160820007
vit_base_patch16_224,24,ILSVRC2012_val_00001115.JPEG,final,11,blocks[11],14,14,random_uniform,0.15,2,True,0.3191699981689453,0.0699598640203476,False,0.8088645935058594
vit_base_patch16_224,25,ILSVRC2012_val_00001343.JPEG,final,11,blocks[11],14,14,random_uniform,0.15,2,True,0.044646263122558594,0.08189496397972107,False,0.7163588404655457
vit_base_patch16_224,26,ILSVRC2012_val_00001379.JPEG,final,11,blocks[11],14,14,random_uniform,0.15,2,True,0.6959972381591797,0.17182020843029022,False,0.7074703574180603
vit_base_patch16_224,27,ILSVRC2012_val_00001425.JPEG,final,11,blocks[11],14,14,random_uniform,0.15,2,True,0.9435310363769531,0.2558128237724304,False,0.6591212749481201
vit_base_patch16_224,28,ILSVRC2012_val_00001434.JPEG,final,11,blocks[11],14,14,random_uniform,0.15,2,True,0.04259204864501953,0.005491755902767181,False,0.803741455078125
vit_base_patch16_224,29,ILSVRC2012_val_00001435.JPEG,final,11,blocks[11],14,14,random_uniform,0.15,2,True,0.09720993041992188,0.012158036231994629,False,0.7825595140457153
vit_base_patch16_224,30,ILSVRC2012_val_00001512.JPEG,final,11,blocks[11],14,14,random_uniform,0.15,2,True,-0.2673463821411133,-0.022634774446487427,False,0.8318532705307007
vit_base_patch16_224,31,ILSVRC2012_val_00001537.JPEG,final,11,blocks[11],14,14,random_uniform,0.15,2,True,-0.13807201385498047,-0.020182356238365173,False,0.8132656812667847
vit_base_patch16_224,24,ILSVRC2012_val_00001115.JPEG,final,11,blocks[11],14,14,random_uniform,0.15,3,True,0.04253959655761719,0.007665112614631653,False,0.8230211734771729
vit_base_patch16_224,25,ILSVRC2012_val_00001343.JPEG,final,11,blocks[11],14,14,random_uniform,0.15,3,True,0.5206689834594727,0.4216805100440979,False,0.6974890232086182
vit_base_patch16_224,26,ILSVRC2012_val_00001379.JPEG,final,11,blocks[11],14,14,random_uniform,0.15,3,True,0.20178985595703125,0.034346386790275574,False,0.674895167350769
vit_base_patch16_224,27,ILSVRC2012_val_00001425.JPEG,final,11,blocks[11],14,14,random_uniform,0.15,3,True,0.8292121887207031,0.19847151637077332,False,0.6756076216697693
vit_base_patch16_224,28,ILSVRC2012_val_00001434.JPEG,final,11,blocks[11],14,14,random_uniform,0.15,3,True,0.14315128326416016,0.021967411041259766,False,0.7740625739097595
vit_base_patch16_224,29,ILSVRC2012_val_00001435.JPEG,final,11,blocks[11],14,14,random_uniform,0.15,3,True,0.2012929916381836,0.02680094540119171,False,0.7674508690834045
vit_base_patch16_224,30,ILSVRC2012_val_00001512.JPEG,final,11,blocks[11],14,14,random_uniform,0.15,3,True,-0.24594402313232422,-0.02491050958633423,False,0.8156264424324036
vit_base_patch16_224,31,ILSVRC2012_val_00001537.JPEG,final,11,blocks[11],14,14,random_uniform,0.15,3,True,-0.040950775146484375,0.007016122341156006,False,0.8315492868423462
vit_base_patch16_224,24,ILSVRC2012_val_00001115.JPEG,final,11,blocks[11],14,14,score_deviation_extreme,0.15,0,True,0.04893684387207031,0.009075641632080078,False,0.719770610332489
vit_base_patch16_224,25,ILSVRC2012_val_00001343.JPEG,final,11,blocks[11],14,14,score_deviation_extreme,0.15,0,True,-0.5244665145874023,-0.07659855484962463,False,0.33261245489120483
vit_base_patch16_224,26,ILSVRC2012_val_00001379.JPEG,final,11,blocks[11],14,14,score_deviation_extreme,0.15,0,True,-0.16802978515625,-0.0038743317127227783,False,0.4133707284927368
vit_base_patch16_224,27,ILSVRC2012_val_00001425.JPEG,final,11,blocks[11],14,14,score_deviation_extreme,0.15,0,True,0.7445554733276367,0.18917787075042725,False,0.7714677453041077
vit_base_patch16_224,28,ILSVRC2012_val_00001434.JPEG,final,11,blocks[11],14,14,score_deviation_extreme,0.15,0,True,0.31536197662353516,0.041479647159576416,False,0.5147433876991272
vit_base_patch16_224,29,ILSVRC2012_val_00001435.JPEG,final,11,blocks[11],14,14,score_deviation_extreme,0.15,0,True,0.2143716812133789,0.02816493809223175,False,0.8184942007064819
vit_base_patch16_224,30,ILSVRC2012_val_00001512.JPEG,final,11,blocks[11],14,14,score_deviation_extreme,0.15,0,True,-0.20817279815673828,-0.02803516387939453,False,0.6480380296707153
vit_base_patch16_224,31,ILSVRC2012_val_00001537.JPEG,final,11,blocks[11],14,14,score_deviation_extreme,0.15,0,True,0.07844161987304688,0.009985655546188354,False,0.6235522627830505
vit_base_patch16_224,24,ILSVRC2012_val_00001115.JPEG,final,11,blocks[11],14,14,score_deviation_extreme,0.15,1,True,0.04893684387207031,0.009075641632080078,False,0.719770610332489
vit_base_patch16_224,25,ILSVRC2012_val_00001343.JPEG,final,11,blocks[11],14,14,score_deviation_extreme,0.15,1,True,-0.5244665145874023,-0.07659855484962463,False,0.33261245489120483
vit_base_patch16_224,26,ILSVRC2012_val_00001379.JPEG,final,11,blocks[11],14,14,score_deviation_extreme,0.15,1,True,-0.16802978515625,-0.0038743317127227783,False,0.4133707284927368
vit_base_patch16_224,27,ILSVRC2012_val_00001425.JPEG,final,11,blocks[11],14,14,score_deviation_extreme,0.15,1,True,0.7445554733276367,0.18917787075042725,False,0.7714677453041077
vit_base_patch16_224,28,ILSVRC2012_val_00001434.JPEG,final,11,blocks[11],14,14,score_deviation_extreme,0.15,1,True,0.31536197662353516,0.041479647159576416,False,0.5147433876991272
vit_base_patch16_224,29,ILSVRC2012_val_00001435.JPEG,final,11,blocks[11],14,14,score_deviation_extreme,0.15,1,True,0.2143716812133789,0.02816493809223175,False,0.8184942007064819
vit_base_patch16_224,30,ILSVRC2012_val_00001512.JPEG,final,11,blocks[11],14,14,score_deviation_extreme,0.15,1,True,-0.20817279815673828,-0.02803516387939453,False,0.6480380296707153
vit_base_patch16_224,31,ILSVRC2012_val_00001537.JPEG,final,11,blocks[11],14,14,score_deviation_extreme,0.15,1,True,0.07844161987304688,0.009985655546188354,False,0.6235522627830505
vit_base_patch16_224,24,ILSVRC2012_val_00001115.JPEG,final,11,blocks[11],14,14,score_deviation_extreme,0.15,2,True,0.04893684387207031,0.009075641632080078,False,0.719770610332489
vit_base_patch16_224,25,ILSVRC2012_val_00001343.JPEG,final,11,blocks[11],14,14,score_deviation_extreme,0.15,2,True,-0.5244665145874023,-0.07659855484962463,False,0.33261245489120483
vit_base_patch16_224,26,ILSVRC2012_val_00001379.JPEG,final,11,blocks[11],14,14,score_deviation_extreme,0.15,2,True,-0.16802978515625,-0.0038743317127227783,False,0.4133707284927368
vit_base_patch16_224,27,ILSVRC2012_val_00001425.JPEG,final,11,blocks[11],14,14,score_deviation_extreme,0.15,2,True,0.7445554733276367,0.18917787075042725,False,0.7714677453041077
vit_base_patch16_224,28,ILSVRC2012_val_00001434.JPEG,final,11,blocks[11],14,14,score_deviation_extreme,0.15,2,True,0.31536197662353516,0.041479647159576416,False,0.5147433876991272
vit_base_patch16_224,29,ILSVRC2012_val_00001435.JPEG,final,11,blocks[11],14,14,score_deviation_extreme,0.15,2,True,0.2143716812133789,0.02816493809223175,False,0.8184942007064819
vit_base_patch16_224,30,ILSVRC2012_val_00001512.JPEG,final,11,blocks[11],14,14,score_deviation_extreme,0.15,2,True,-0.20817279815673828,-0.02803516387939453,False,0.6480380296707153
vit_base_patch16_224,31,ILSVRC2012_val_00001537.JPEG,final,11,blocks[11],14,14,score_deviation_extreme,0.15,2,True,0.07844161987304688,0.009985655546188354,False,0.6235522627830505
vit_base_patch16_224,24,ILSVRC2012_val_00001115.JPEG,final,11,blocks[11],14,14,score_deviation_extreme,0.15,3,True,0.04893684387207031,0.009075641632080078,False,0.719770610332489
vit_base_patch16_224,25,ILSVRC2012_val_00001343.JPEG,final,11,blocks[11],14,14,score_deviation_extreme,0.15,3,True,-0.5244665145874023,-0.07659855484962463,False,0.33261245489120483
vit_base_patch16_224,26,ILSVRC2012_val_00001379.JPEG,final,11,blocks[11],14,14,score_deviation_extreme,0.15,3,True,-0.16802978515625,-0.0038743317127227783,False,0.4133707284927368
vit_base_patch16_224,27,ILSVRC2012_val_00001425.JPEG,final,11,blocks[11],14,14,score_deviation_extreme,0.15,3,True,0.7445554733276367,0.18917787075042725,False,0.7714677453041077
vit_base_patch16_224,28,ILSVRC2012_val_00001434.JPEG,final,11,blocks[11],14,14,score_deviation_extreme,0.15,3,True,0.31536197662353516,0.041479647159576416,False,0.5147433876991272
vit_base_patch16_224,29,ILSVRC2012_val_00001435.JPEG,final,11,blocks[11],14,14,score_deviation_extreme,0.15,3,True,0.2143716812133789,0.02816493809223175,False,0.8184942007064819
vit_base_patch16_224,30,ILSVRC2012_val_00001512.JPEG,final,11,blocks[11],14,14,score_deviation_extreme,0.15,3,True,-0.20817279815673828,-0.02803516387939453,False,0.6480380296707153
vit_base_patch16_224,31,ILSVRC2012_val_00001537.JPEG,final,11,blocks[11],14,14,score_deviation_extreme,0.15,3,True,0.07844161987304688,0.009985655546188354,False,0.6235522627830505
vit_base_patch16_224,32,ILSVRC2012_val_00001570.JPEG,early,0,feature_modules[0],14,14,high_score_extreme,0.15,0,True,-0.35553455352783203,-0.052459970116615295,False,0.3235311210155487
vit_base_patch16_224,33,ILSVRC2012_val_00001638.JPEG,early,0,feature_modules[0],14,14,high_score_extreme,0.15,0,True,0.22060012817382812,0.02831229567527771,False,0.33972036838531494
vit_base_patch16_224,34,ILSVRC2012_val_00001642.JPEG,early,0,feature_modules[0],14,14,high_score_extreme,0.15,0,True,-0.013843536376953125,-0.005864858627319336,False,0.31640103459358215
vit_base_patch16_224,35,ILSVRC2012_val_00001645.JPEG,early,0,feature_modules[0],14,14,high_score_extreme,0.15,0,True,0.3650388717651367,0.04950982332229614,False,0.30969125032424927
vit_base_patch16_224,36,ILSVRC2012_val_00001648.JPEG,early,0,feature_modules[0],14,14,high_score_extreme,0.15,0,True,-0.2606534957885742,-0.043718501925468445,False,0.21778689324855804
vit_base_patch16_224,37,ILSVRC2012_val_00001655.JPEG,early,0,feature_modules[0],14,14,high_score_extreme,0.15,0,True,-0.15517044067382812,-0.021280065178871155,False,0.31447634100914
vit_base_patch16_224,38,ILSVRC2012_val_00001659.JPEG,early,0,feature_modules[0],14,14,high_score_extreme,0.15,0,True,0.1707935333251953,0.021922580897808075,False,0.32542431354522705
vit_base_patch16_224,39,ILSVRC2012_val_00001689.JPEG,early,0,feature_modules[0],14,14,high_score_extreme,0.15,0,True,0.1524362564086914,0.024457350373268127,False,0.3358033299446106
vit_base_patch16_224,32,ILSVRC2012_val_00001570.JPEG,early,0,feature_modules[0],14,14,high_score_extreme,0.15,1,True,-0.35553455352783203,-0.052459970116615295,False,0.3235311210155487
vit_base_patch16_224,33,ILSVRC2012_val_00001638.JPEG,early,0,feature_modules[0],14,14,high_score_extreme,0.15,1,True,0.22060012817382812,0.02831229567527771,False,0.33972036838531494
vit_base_patch16_224,34,ILSVRC2012_val_00001642.JPEG,early,0,feature_modules[0],14,14,high_score_extreme,0.15,1,True,-0.013843536376953125,-0.005864858627319336,False,0.31640103459358215
vit_base_patch16_224,35,ILSVRC2012_val_00001645.JPEG,early,0,feature_modules[0],14,14,high_score_extreme,0.15,1,True,0.3650388717651367,0.04950982332229614,False,0.30969125032424927
vit_base_patch16_224,36,ILSVRC2012_val_00001648.JPEG,early,0,feature_modules[0],14,14,high_score_extreme,0.15,1,True,-0.2606534957885742,-0.043718501925468445,False,0.21778689324855804
vit_base_patch16_224,37,ILSVRC2012_val_00001655.JPEG,early,0,feature_modules[0],14,14,high_score_extreme,0.15,1,True,-0.15517044067382812,-0.021280065178871155,False,0.31447634100914
vit_base_patch16_224,38,ILSVRC2012_val_00001659.JPEG,early,0,feature_modules[0],14,14,high_score_extreme,0.15,1,True,0.1707935333251953,0.021922580897808075,False,0.32542431354522705
vit_base_patch16_224,39,ILSVRC2012_val_00001689.JPEG,early,0,feature_modules[0],14,14,high_score_extreme,0.15,1,True,0.1524362564086914,0.024457350373268127,False,0.3358033299446106
vit_base_patch16_224,32,ILSVRC2012_val_00001570.JPEG,early,0,feature_modules[0],14,14,high_score_extreme,0.15,2,True,-0.35553455352783203,-0.052459970116615295,False,0.3235311210155487
vit_base_patch16_224,33,ILSVRC2012_val_00001638.JPEG,early,0,feature_modules[0],14,14,high_score_extreme,0.15,2,True,0.22060012817382812,0.02831229567527771,False,0.33972036838531494
vit_base_patch16_224,34,ILSVRC2012_val_00001642.JPEG,early,0,feature_modules[0],14,14,high_score_extreme,0.15,2,True,-0.013843536376953125,-0.005864858627319336,False,0.31640103459358215
vit_base_patch16_224,35,ILSVRC2012_val_00001645.JPEG,early,0,feature_modules[0],14,14,high_score_extreme,0.15,2,True,0.3650388717651367,0.04950982332229614,False,0.30969125032424927
vit_base_patch16_224,36,ILSVRC2012_val_00001648.JPEG,early,0,feature_modules[0],14,14,high_score_extreme,0.15,2,True,-0.2606534957885742,-0.043718501925468445,False,0.21778689324855804
vit_base_patch16_224,37,ILSVRC2012_val_00001655.JPEG,early,0,feature_modules[0],14,14,high_score_extreme,0.15,2,True,-0.15517044067382812,-0.021280065178871155,False,0.31447634100914
vit_base_patch16_224,38,ILSVRC2012_val_00001659.JPEG,early,0,feature_modules[0],14,14,high_score_extreme,0.15,2,True,0.1707935333251953,0.021922580897808075,False,0.32542431354522705
vit_base_patch16_224,39,ILSVRC2012_val_00001689.JPEG,early,0,feature_modules[0],14,14,high_score_extreme,0.15,2,True,0.1524362564086914,0.024457350373268127,False,0.3358033299446106
vit_base_patch16_224,32,ILSVRC2012_val_00001570.JPEG,early,0,feature_modules[0],14,14,high_score_extreme,0.15,3,True,-0.35553455352783203,-0.052459970116615295,False,0.3235311210155487
vit_base_patch16_224,33,ILSVRC2012_val_00001638.JPEG,early,0,feature_modules[0],14,14,high_score_extreme,0.15,3,True,0.22060012817382812,0.02831229567527771,False,0.33972036838531494
vit_base_patch16_224,34,ILSVRC2012_val_00001642.JPEG,early,0,feature_modules[0],14,14,high_score_extreme,0.15,3,True,-0.013843536376953125,-0.005864858627319336,False,0.31640103459358215
vit_base_patch16_224,35,ILSVRC2012_val_00001645.JPEG,early,0,feature_modules[0],14,14,high_score_extreme,0.15,3,True,0.3650388717651367,0.04950982332229614,False,0.30969125032424927
vit_base_patch16_224,36,ILSVRC2012_val_00001648.JPEG,early,0,feature_modules[0],14,14,high_score_extreme,0.15,3,True,-0.2606534957885742,-0.043718501925468445,False,0.21778689324855804
vit_base_patch16_224,37,ILSVRC2012_val_00001655.JPEG,early,0,feature_modules[0],14,14,high_score_extreme,0.15,3,True,-0.15517044067382812,-0.021280065178871155,False,0.31447634100914
vit_base_patch16_224,38,ILSVRC2012_val_00001659.JPEG,early,0,feature_modules[0],14,14,high_score_extreme,0.15,3,True,0.1707935333251953,0.021922580897808075,False,0.32542431354522705
vit_base_patch16_224,39,ILSVRC2012_val_00001689.JPEG,early,0,feature_modules[0],14,14,high_score_extreme,0.15,3,True,0.1524362564086914,0.024457350373268127,False,0.3358033299446106
vit_base_patch16_224,32,ILSVRC2012_val_00001570.JPEG,early,0,feature_modules[0],14,14,low_score_extreme,0.15,0,True,-0.2033863067626953,-0.007399633526802063,False,0.22873608767986298
vit_base_patch16_224,33,ILSVRC2012_val_00001638.JPEG,early,0,feature_modules[0],14,14,low_score_extreme,0.15,0,True,0.19481277465820312,0.10634765028953552,False,0.2024061530828476
vit_base_patch16_224,34,ILSVRC2012_val_00001642.JPEG,early,0,feature_modules[0],14,14,low_score_extreme,0.15,0,True,-0.28720951080322266,-0.09096767008304596,False,0.1951436996459961
vit_base_patch16_224,35,ILSVRC2012_val_00001645.JPEG,early,0,feature_modules[0],14,14,low_score_extreme,0.15,0,True,0.5122842788696289,0.18732568621635437,False,0.1863822638988495
vit_base_patch16_224,36,ILSVRC2012_val_00001648.JPEG,early,0,feature_modules[0],14,14,low_score_extreme,0.15,0,True,-0.22828006744384766,-0.03864564001560211,False,0.12928389012813568
vit_base_patch16_224,37,ILSVRC2012_val_00001655.JPEG,early,0,feature_modules[0],14,14,low_score_extreme,0.15,0,True,-0.051238059997558594,0.002713218331336975,False,0.2486027032136917
vit_base_patch16_224,38,ILSVRC2012_val_00001659.JPEG,early,0,feature_modules[0],14,14,low_score_extreme,0.15,0,True,3.4993538856506348,2.823507070541382,True,0.20674318075180054
vit_base_patch16_224,39,ILSVRC2012_val_00001689.JPEG,early,0,feature_modules[0],14,14,low_score_extreme,0.15,0,True,-0.05629920959472656,-0.0064830482006073,False,0.2231980711221695
vit_base_patch16_224,32,ILSVRC2012_val_00001570.JPEG,early,0,feature_modules[0],14,14,low_score_extreme,0.15,1,True,-0.2033863067626953,-0.007399633526802063,False,0.22873608767986298
vit_base_patch16_224,33,ILSVRC2012_val_00001638.JPEG,early,0,feature_modules[0],14,14,low_score_extreme,0.15,1,True,0.19481277465820312,0.10634765028953552,False,0.2024061530828476
vit_base_patch16_224,34,ILSVRC2012_val_00001642.JPEG,early,0,feature_modules[0],14,14,low_score_extreme,0.15,1,True,-0.28720951080322266,-0.09096767008304596,False,0.1951436996459961
vit_base_patch16_224,35,ILSVRC2012_val_00001645.JPEG,early,0,feature_modules[0],14,14,low_score_extreme,0.15,1,True,0.5122842788696289,0.18732568621635437,False,0.1863822638988495
vit_base_patch16_224,36,ILSVRC2012_val_00001648.JPEG,early,0,feature_modules[0],14,14,low_score_extreme,0.15,1,True,-0.22828006744384766,-0.03864564001560211,False,0.12928389012813568
vit_base_patch16_224,37,ILSVRC2012_val_00001655.JPEG,early,0,feature_modules[0],14,14,low_score_extreme,0.15,1,True,-0.051238059997558594,0.002713218331336975,False,0.2486027032136917
vit_base_patch16_224,38,ILSVRC2012_val_00001659.JPEG,early,0,feature_modules[0],14,14,low_score_extreme,0.15,1,True,3.4993538856506348,2.823507070541382,True,0.20674318075180054
vit_base_patch16_224,39,ILSVRC2012_val_00001689.JPEG,early,0,feature_modules[0],14,14,low_score_extreme,0.15,1,True,-0.05629920959472656,-0.0064830482006073,False,0.2231980711221695
vit_base_patch16_224,32,ILSVRC2012_val_00001570.JPEG,early,0,feature_modules[0],14,14,low_score_extreme,0.15,2,True,-0.2033863067626953,-0.007399633526802063,False,0.22873608767986298
vit_base_patch16_224,33,ILSVRC2012_val_00001638.JPEG,early,0,feature_modules[0],14,14,low_score_extreme,0.15,2,True,0.19481277465820312,0.10634765028953552,False,0.2024061530828476
vit_base_patch16_224,34,ILSVRC2012_val_00001642.JPEG,early,0,feature_modules[0],14,14,low_score_extreme,0.15,2,True,-0.28720951080322266,-0.09096767008304596,False,0.1951436996459961
vit_base_patch16_224,35,ILSVRC2012_val_00001645.JPEG,early,0,feature_modules[0],14,14,low_score_extreme,0.15,2,True,0.5122842788696289,0.18732568621635437,False,0.1863822638988495
vit_base_patch16_224,36,ILSVRC2012_val_00001648.JPEG,early,0,feature_modules[0],14,14,low_score_extreme,0.15,2,True,-0.22828006744384766,-0.03864564001560211,False,0.12928389012813568
vit_base_patch16_224,37,ILSVRC2012_val_00001655.JPEG,early,0,feature_modules[0],14,14,low_score_extreme,0.15,2,True,-0.051238059997558594,0.002713218331336975,False,0.2486027032136917
vit_base_patch16_224,38,ILSVRC2012_val_00001659.JPEG,early,0,feature_modules[0],14,14,low_score_extreme,0.15,2,True,3.4993538856506348,2.823507070541382,True,0.20674318075180054
vit_base_patch16_224,39,ILSVRC2012_val_00001689.JPEG,early,0,feature_modules[0],14,14,low_score_extreme,0.15,2,True,-0.05629920959472656,-0.0064830482006073,False,0.2231980711221695
vit_base_patch16_224,32,ILSVRC2012_val_00001570.JPEG,early,0,feature_modules[0],14,14,low_score_extreme,0.15,3,True,-0.2033863067626953,-0.007399633526802063,False,0.22873608767986298
vit_base_patch16_224,33,ILSVRC2012_val_00001638.JPEG,early,0,feature_modules[0],14,14,low_score_extreme,0.15,3,True,0.19481277465820312,0.10634765028953552,False,0.2024061530828476
vit_base_patch16_224,34,ILSVRC2012_val_00001642.JPEG,early,0,feature_modules[0],14,14,low_score_extreme,0.15,3,True,-0.28720951080322266,-0.09096767008304596,False,0.1951436996459961
vit_base_patch16_224,35,ILSVRC2012_val_00001645.JPEG,early,0,feature_modules[0],14,14,low_score_extreme,0.15,3,True,0.5122842788696289,0.18732568621635437,False,0.1863822638988495
vit_base_patch16_224,36,ILSVRC2012_val_00001648.JPEG,early,0,feature_modules[0],14,14,low_score_extreme,0.15,3,True,-0.22828006744384766,-0.03864564001560211,False,0.12928389012813568
vit_base_patch16_224,37,ILSVRC2012_val_00001655.JPEG,early,0,feature_modules[0],14,14,low_score_extreme,0.15,3,True,-0.051238059997558594,0.002713218331336975,False,0.2486027032136917
vit_base_patch16_224,38,ILSVRC2012_val_00001659.JPEG,early,0,feature_modules[0],14,14,low_score_extreme,0.15,3,True,3.4993538856506348,2.823507070541382,True,0.20674318075180054
vit_base_patch16_224,39,ILSVRC2012_val_00001689.JPEG,early,0,feature_modules[0],14,14,low_score_extreme,0.15,3,True,-0.05629920959472656,-0.0064830482006073,False,0.2231980711221695
vit_base_patch16_224,32,ILSVRC2012_val_00001570.JPEG,early,0,feature_modules[0],14,14,random_uniform,0.15,0,True,-0.26540660858154297,-0.03831686079502106,False,0.2883811891078949
vit_base_patch16_224,33,ILSVRC2012_val_00001638.JPEG,early,0,feature_modules[0],14,14,random_uniform,0.15,0,True,0.09762287139892578,0.011862128973007202,False,0.27370747923851013
vit_base_patch16_224,34,ILSVRC2012_val_00001642.JPEG,early,0,feature_modules[0],14,14,random_uniform,0.15,0,True,-0.20463180541992188,-0.10188865661621094,False,0.26948824524879456
vit_base_patch16_224,35,ILSVRC2012_val_00001645.JPEG,early,0,feature_modules[0],14,14,random_uniform,0.15,0,True,0.48807811737060547,0.13330751657485962,False,0.24813570082187653
vit_base_patch16_224,36,ILSVRC2012_val_00001648.JPEG,early,0,feature_modules[0],14,14,random_uniform,0.15,0,True,-0.20741558074951172,-0.035360708832740784,False,0.1572389155626297
vit_base_patch16_224,37,ILSVRC2012_val_00001655.JPEG,early,0,feature_modules[0],14,14,random_uniform,0.15,0,True,0.12102222442626953,0.011549532413482666,False,0.2874782085418701
vit_base_patch16_224,38,ILSVRC2012_val_00001659.JPEG,early,0,feature_modules[0],14,14,random_uniform,0.15,0,True,0.19882583618164062,0.02320987731218338,False,0.27848565578460693
vit_base_patch16_224,39,ILSVRC2012_val_00001689.JPEG,early,0,feature_modules[0],14,14,random_uniform,0.15,0,True,0.20358848571777344,0.02799856662750244,False,0.2762444019317627
vit_base_patch16_224,32,ILSVRC2012_val_00001570.JPEG,early,0,feature_modules[0],14,14,random_uniform,0.15,1,True,-0.14857864379882812,-0.02331717312335968,False,0.28389760851860046
vit_base_patch16_224,33,ILSVRC2012_val_00001638.JPEG,early,0,feature_modules[0],14,14,random_uniform,0.15,1,True,0.07983779907226562,0.019690662622451782,False,0.27063319087028503
vit_base_patch16_224,34,ILSVRC2012_val_00001642.JPEG,early,0,feature_modules[0],14,14,random_uniform,0.15,1,True,-0.329681396484375,-0.09639862179756165,False,0.2550290822982788
vit_base_patch16_224,35,ILSVRC2012_val_00001645.JPEG,early,0,feature_modules[0],14,14,random_uniform,0.15,1,True,0.6224527359008789,0.137875497341156,False,0.25681450963020325
vit_base_patch16_224,36,ILSVRC2012_val_00001648.JPEG,early,0,feature_modules[0],14,14,random_uniform,0.15,1,True,-0.21386432647705078,-0.04064251482486725,False,0.1676284819841385
vit_base_patch16_224,37,ILSVRC2012_val_00001655.JPEG,early,0,feature_modules[0],14,14,random_uniform,0.15,1,True,-0.0220489501953125,-0.0017262846231460571,False,0.2846531569957733
vit_base_patch16_224,38,ILSVRC2012_val_00001659.JPEG,early,0,feature_modules[0],14,14,random_uniform,0.15,1,True,0.6432218551635742,0.11878196150064468,False,0.2620984613895416
vit_base_patch16_224,39,ILSVRC2012_val_00001689.JPEG,early,0,feature_modules[0],14,14,random_uniform,0.15,1,True,0.14585399627685547,0.022735759615898132,False,0.2823890149593353
vit_base_patch16_224,32,ILSVRC2012_val_00001570.JPEG,early,0,feature_modules[0],14,14,random_uniform,0.15,2,True,-0.26573848724365234,-0.04037918150424957,False,0.2769371271133423
vit_base_patch16_224,33,ILSVRC2012_val_00001638.JPEG,early,0,feature_modules[0],14,14,random_uniform,0.15,2,True,0.02149200439453125,0.014405637979507446,False,0.2872261106967926
vit_base_patch16_224,34,ILSVRC2012_val_00001642.JPEG,early,0,feature_modules[0],14,14,random_uniform,0.15,2,True,-0.2729320526123047,-0.11351203918457031,False,0.25291988253593445
vit_base_patch16_224,35,ILSVRC2012_val_00001645.JPEG,early,0,feature_modules[0],14,14,random_uniform,0.15,2,True,0.4966306686401367,0.1487010419368744,False,0.24147897958755493
vit_base_patch16_224,36,ILSVRC2012_val_00001648.JPEG,early,0,feature_modules[0],14,14,random_uniform,0.15,2,True,-0.19418907165527344,-0.0340844988822937,False,0.1579563468694687
vit_base_patch16_224,37,ILSVRC2012_val_00001655.JPEG,early,0,feature_modules[0],14,14,random_uniform,0.15,2,True,0.01719951629638672,-0.0005096793174743652,False,0.2856629490852356
vit_base_patch16_224,38,ILSVRC2012_val_00001659.JPEG,early,0,feature_modules[0],14,14,random_uniform,0.15,2,True,0.3344860076904297,0.04666434973478317,False,0.27985256910324097
vit_base_patch16_224,39,ILSVRC2012_val_00001689.JPEG,early,0,feature_modules[0],14,14,random_uniform,0.15,2,True,0.18781566619873047,0.02742484211921692,False,0.28632238507270813
vit_base_patch16_224,32,ILSVRC2012_val_00001570.JPEG,early,0,feature_modules[0],14,14,random_uniform,0.15,3,True,-0.1746053695678711,-0.029933884739875793,False,0.28429487347602844
vit_base_patch16_224,33,ILSVRC2012_val_00001638.JPEG,early,0,feature_modules[0],14,14,random_uniform,0.15,3,True,0.09444999694824219,0.040039777755737305,False,0.29012420773506165
vit_base_patch16_224,34,ILSVRC2012_val_00001642.JPEG,early,0,feature_modules[0],14,14,random_uniform,0.15,3,True,-0.315643310546875,-0.13398677110671997,False,0.2599939703941345
vit_base_patch16_224,35,ILSVRC2012_val_00001645.JPEG,early,0,feature_modules[0],14,14,random_uniform,0.15,3,True,0.5381650924682617,0.16374531388282776,False,0.24024419486522675
vit_base_patch16_224,36,ILSVRC2012_val_00001648.JPEG,early,0,feature_modules[0],14,14,random_uniform,0.15,3,True,-0.11916732788085938,-0.019271746277809143,False,0.1644338071346283
vit_base_patch16_224,37,ILSVRC2012_val_00001655.JPEG,early,0,feature_modules[0],14,14,random_uniform,0.15,3,True,-0.11951732635498047,-0.016090966761112213,False,0.28460693359375
vit_base_patch16_224,38,ILSVRC2012_val_00001659.JPEG,early,0,feature_modules[0],14,14,random_uniform,0.15,3,True,0.2676887512207031,0.028912045061588287,False,0.2847770154476166
vit_base_patch16_224,39,ILSVRC2012_val_00001689.JPEG,early,0,feature_modules[0],14,14,random_uniform,0.15,3,True,0.05949592590332031,0.012544050812721252,False,0.27261215448379517
vit_base_patch16_224,32,ILSVRC2012_val_00001570.JPEG,early,0,feature_modules[0],14,14,score_deviation_extreme,0.15,0,True,-0.2033863067626953,-0.007399633526802063,False,0.22873608767986298
vit_base_patch16_224,33,ILSVRC2012_val_00001638.JPEG,early,0,feature_modules[0],14,14,score_deviation_extreme,0.15,0,True,0.16654682159423828,0.07310864329338074,False,0.21572011709213257
vit_base_patch16_224,34,ILSVRC2012_val_00001642.JPEG,early,0,feature_modules[0],14,14,score_deviation_extreme,0.15,0,True,0.04366493225097656,-0.014865458011627197,False,0.2568119764328003
vit_base_patch16_224,35,ILSVRC2012_val_00001645.JPEG,early,0,feature_modules[0],14,14,score_deviation_extreme,0.15,0,True,0.22262001037597656,0.03329196572303772,False,0.2646010220050812
vit_base_patch16_224,36,ILSVRC2012_val_00001648.JPEG,early,0,feature_modules[0],14,14,score_deviation_extreme,0.15,0,True,-0.3094520568847656,-0.05257497727870941,False,0.21262088418006897
vit_base_patch16_224,37,ILSVRC2012_val_00001655.JPEG,early,0,feature_modules[0],14,14,score_deviation_extreme,0.15,0,True,-0.1041707992553711,-0.00861155241727829,False,0.26942500472068787
vit_base_patch16_224,38,ILSVRC2012_val_00001659.JPEG,early,0,feature_modules[0],14,14,score_deviation_extreme,0.15,0,True,2.0338873863220215,1.0988750457763672,True,0.24262049794197083
vit_base_patch16_224,39,ILSVRC2012_val_00001689.JPEG,early,0,feature_modules[0],14,14,score_deviation_extreme,0.15,0,True,-0.0946502685546875,-0.011668980121612549,False,0.2919274568557739
vit_base_patch16_224,32,ILSVRC2012_val_00001570.JPEG,early,0,feature_modules[0],14,14,score_deviation_extreme,0.15,1,True,-0.2033863067626953,-0.007399633526802063,False,0.22873608767986298
vit_base_patch16_224,33,ILSVRC2012_val_00001638.JPEG,early,0,feature_modules[0],14,14,score_deviation_extreme,0.15,1,True,0.16654682159423828,0.07310864329338074,False,0.21572011709213257
vit_base_patch16_224,34,ILSVRC2012_val_00001642.JPEG,early,0,feature_modules[0],14,14,score_deviation_extreme,0.15,1,True,0.04366493225097656,-0.014865458011627197,False,0.2568119764328003
vit_base_patch16_224,35,ILSVRC2012_val_00001645.JPEG,early,0,feature_modules[0],14,14,score_deviation_extreme,0.15,1,True,0.22262001037597656,0.03329196572303772,False,0.2646010220050812
vit_base_patch16_224,36,ILSVRC2012_val_00001648.JPEG,early,0,feature_modules[0],14,14,score_deviation_extreme,0.15,1,True,-0.3094520568847656,-0.05257497727870941,False,0.21262088418006897
vit_base_patch16_224,37,ILSVRC2012_val_00001655.JPEG,early,0,feature_modules[0],14,14,score_deviation_extreme,0.15,1,True,-0.1041707992553711,-0.00861155241727829,False,0.26942500472068787
vit_base_patch16_224,38,ILSVRC2012_val_00001659.JPEG,early,0,feature_modules[0],14,14,score_deviation_extreme,0.15,1,True,2.0338873863220215,1.0988750457763672,True,0.24262049794197083
vit_base_patch16_224,39,ILSVRC2012_val_00001689.JPEG,early,0,feature_modules[0],14,14,score_deviation_extreme,0.15,1,True,-0.0946502685546875,-0.011668980121612549,False,0.2919274568557739
vit_base_patch16_224,32,ILSVRC2012_val_00001570.JPEG,early,0,feature_modules[0],14,14,score_deviation_extreme,0.15,2,True,-0.2033863067626953,-0.007399633526802063,False,0.22873608767986298
vit_base_patch16_224,33,ILSVRC2012_val_00001638.JPEG,early,0,feature_modules[0],14,14,score_deviation_extreme,0.15,2,True,0.16654682159423828,0.07310864329338074,False,0.21572011709213257
vit_base_patch16_224,34,ILSVRC2012_val_00001642.JPEG,early,0,feature_modules[0],14,14,score_deviation_extreme,0.15,2,True,0.04366493225097656,-0.014865458011627197,False,0.2568119764328003
vit_base_patch16_224,35,ILSVRC2012_val_00001645.JPEG,early,0,feature_modules[0],14,14,score_deviation_extreme,0.15,2,True,0.22262001037597656,0.03329196572303772,False,0.2646010220050812
vit_base_patch16_224,36,ILSVRC2012_val_00001648.JPEG,early,0,feature_modules[0],14,14,score_deviation_extreme,0.15,2,True,-0.3094520568847656,-0.05257497727870941,False,0.21262088418006897
vit_base_patch16_224,37,ILSVRC2012_val_00001655.JPEG,early,0,feature_modules[0],14,14,score_deviation_extreme,0.15,2,True,-0.1041707992553711,-0.00861155241727829,False,0.26942500472068787
vit_base_patch16_224,38,ILSVRC2012_val_00001659.JPEG,early,0,feature_modules[0],14,14,score_deviation_extreme,0.15,2,True,2.0338873863220215,1.0988750457763672,True,0.24262049794197083
vit_base_patch16_224,39,ILSVRC2012_val_00001689.JPEG,early,0,feature_modules[0],14,14,score_deviation_extreme,0.15,2,True,-0.0946502685546875,-0.011668980121612549,False,0.2919274568557739
vit_base_patch16_224,32,ILSVRC2012_val_00001570.JPEG,early,0,feature_modules[0],14,14,score_deviation_extreme,0.15,3,True,-0.2033863067626953,-0.007399633526802063,False,0.22873608767986298
vit_base_patch16_224,33,ILSVRC2012_val_00001638.JPEG,early,0,feature_modules[0],14,14,score_deviation_extreme,0.15,3,True,0.16654682159423828,0.07310864329338074,False,0.21572011709213257
vit_base_patch16_224,34,ILSVRC2012_val_00001642.JPEG,early,0,feature_modules[0],14,14,score_deviation_extreme,0.15,3,True,0.04366493225097656,-0.014865458011627197,False,0.2568119764328003
vit_base_patch16_224,35,ILSVRC2012_val_00001645.JPEG,early,0,feature_modules[0],14,14,score_deviation_extreme,0.15,3,True,0.22262001037597656,0.03329196572303772,False,0.2646010220050812
vit_base_patch16_224,36,ILSVRC2012_val_00001648.JPEG,early,0,feature_modules[0],14,14,score_deviation_extreme,0.15,3,True,-0.3094520568847656,-0.05257497727870941,False,0.21262088418006897
vit_base_patch16_224,37,ILSVRC2012_val_00001655.JPEG,early,0,feature_modules[0],14,14,score_deviation_extreme,0.15,3,True,-0.1041707992553711,-0.00861155241727829,False,0.26942500472068787
vit_base_patch16_224,38,ILSVRC2012_val_00001659.JPEG,early,0,feature_modules[0],14,14,score_deviation_extreme,0.15,3,True,2.0338873863220215,1.0988750457763672,True,0.24262049794197083
vit_base_patch16_224,39,ILSVRC2012_val_00001689.JPEG,early,0,feature_modules[0],14,14,score_deviation_extreme,0.15,3,True,-0.0946502685546875,-0.011668980121612549,False,0.2919274568557739
vit_base_patch16_224,32,ILSVRC2012_val_00001570.JPEG,mid,6,feature_modules[6],14,14,high_score_extreme,0.15,0,True,-0.2522563934326172,-0.0349203497171402,False,0.1510622352361679
vit_base_patch16_224,33,ILSVRC2012_val_00001638.JPEG,mid,6,feature_modules[6],14,14,high_score_extreme,0.15,0,True,0.4567604064941406,0.10216227173805237,False,0.13121172785758972
vit_base_patch16_224,34,ILSVRC2012_val_00001642.JPEG,mid,6,feature_modules[6],14,14,high_score_extreme,0.15,0,True,-0.1264781951904297,-0.08277001976966858,False,0.11280816048383713
vit_base_patch16_224,35,ILSVRC2012_val_00001645.JPEG,mid,6,feature_modules[6],14,14,high_score_extreme,0.15,0,True,0.4400196075439453,0.1327795535326004,False,0.13460806012153625
vit_base_patch16_224,36,ILSVRC2012_val_00001648.JPEG,mid,6,feature_modules[6],14,14,high_score_extreme,0.15,0,True,-0.27208805084228516,-0.04501229524612427,False,0.1545836329460144
vit_base_patch16_224,37,ILSVRC2012_val_00001655.JPEG,mid,6,feature_modules[6],14,14,high_score_extreme,0.15,0,True,-0.13958072662353516,-0.016688868403434753,False,0.10454442352056503
vit_base_patch16_224,38,ILSVRC2012_val_00001659.JPEG,mid,6,feature_modules[6],14,14,high_score_extreme,0.15,0,True,0.21956348419189453,0.029288537800312042,False,0.13618968427181244
vit_base_patch16_224,39,ILSVRC2012_val_00001689.JPEG,mid,6,feature_modules[6],14,14,high_score_extreme,0.15,0,True,0.1592884063720703,0.024204641580581665,False,0.1569667011499405
vit_base_patch16_224,32,ILSVRC2012_val_00001570.JPEG,mid,6,feature_modules[6],14,14,high_score_extreme,0.15,1,True,-0.2522563934326172,-0.0349203497171402,False,0.1510622352361679
vit_base_patch16_224,33,ILSVRC2012_val_00001638.JPEG,mid,6,feature_modules[6],14,14,high_score_extreme,0.15,1,True,0.4567604064941406,0.10216227173805237,False,0.13121172785758972
vit_base_patch16_224,34,ILSVRC2012_val_00001642.JPEG,mid,6,feature_modules[6],14,14,high_score_extreme,0.15,1,True,-0.1264781951904297,-0.08277001976966858,False,0.11280816048383713
vit_base_patch16_224,35,ILSVRC2012_val_00001645.JPEG,mid,6,feature_modules[6],14,14,high_score_extreme,0.15,1,True,0.4400196075439453,0.1327795535326004,False,0.13460806012153625
vit_base_patch16_224,36,ILSVRC2012_val_00001648.JPEG,mid,6,feature_modules[6],14,14,high_score_extreme,0.15,1,True,-0.27208805084228516,-0.04501229524612427,False,0.1545836329460144
vit_base_patch16_224,37,ILSVRC2012_val_00001655.JPEG,mid,6,feature_modules[6],14,14,high_score_extreme,0.15,1,True,-0.13958072662353516,-0.016688868403434753,False,0.10454442352056503
vit_base_patch16_224,38,ILSVRC2012_val_00001659.JPEG,mid,6,feature_modules[6],14,14,high_score_extreme,0.15,1,True,0.21956348419189453,0.029288537800312042,False,0.13618968427181244
vit_base_patch16_224,39,ILSVRC2012_val_00001689.JPEG,mid,6,feature_modules[6],14,14,high_score_extreme,0.15,1,True,0.1592884063720703,0.024204641580581665,False,0.1569667011499405
vit_base_patch16_224,32,ILSVRC2012_val_00001570.JPEG,mid,6,feature_modules[6],14,14,high_score_extreme,0.15,2,True,-0.2522563934326172,-0.0349203497171402,False,0.1510622352361679
vit_base_patch16_224,33,ILSVRC2012_val_00001638.JPEG,mid,6,feature_modules[6],14,14,high_score_extreme,0.15,2,True,0.4567604064941406,0.10216227173805237,False,0.13121172785758972
vit_base_patch16_224,34,ILSVRC2012_val_00001642.JPEG,mid,6,feature_modules[6],14,14,high_score_extreme,0.15,2,True,-0.1264781951904297,-0.08277001976966858,False,0.11280816048383713
vit_base_patch16_224,35,ILSVRC2012_val_00001645.JPEG,mid,6,feature_modules[6],14,14,high_score_extreme,0.15,2,True,0.4400196075439453,0.1327795535326004,False,0.13460806012153625
vit_base_patch16_224,36,ILSVRC2012_val_00001648.JPEG,mid,6,feature_modules[6],14,14,high_score_extreme,0.15,2,True,-0.27208805084228516,-0.04501229524612427,False,0.1545836329460144
vit_base_patch16_224,37,ILSVRC2012_val_00001655.JPEG,mid,6,feature_modules[6],14,14,high_score_extreme,0.15,2,True,-0.13958072662353516,-0.016688868403434753,False,0.10454442352056503
vit_base_patch16_224,38,ILSVRC2012_val_00001659.JPEG,mid,6,feature_modules[6],14,14,high_score_extreme,0.15,2,True,0.21956348419189453,0.029288537800312042,False,0.13618968427181244
vit_base_patch16_224,39,ILSVRC2012_val_00001689.JPEG,mid,6,feature_modules[6],14,14,high_score_extreme,0.15,2,True,0.1592884063720703,0.024204641580581665,False,0.1569667011499405
vit_base_patch16_224,32,ILSVRC2012_val_00001570.JPEG,mid,6,feature_modules[6],14,14,high_score_extreme,0.15,3,True,-0.2522563934326172,-0.0349203497171402,False,0.1510622352361679
vit_base_patch16_224,33,ILSVRC2012_val_00001638.JPEG,mid,6,feature_modules[6],14,14,high_score_extreme,0.15,3,True,0.4567604064941406,0.10216227173805237,False,0.13121172785758972
vit_base_patch16_224,34,ILSVRC2012_val_00001642.JPEG,mid,6,feature_modules[6],14,14,high_score_extreme,0.15,3,True,-0.1264781951904297,-0.08277001976966858,False,0.11280816048383713
vit_base_patch16_224,35,ILSVRC2012_val_00001645.JPEG,mid,6,feature_modules[6],14,14,high_score_extreme,0.15,3,True,0.4400196075439453,0.1327795535326004,False,0.13460806012153625
vit_base_patch16_224,36,ILSVRC2012_val_00001648.JPEG,mid,6,feature_modules[6],14,14,high_score_extreme,0.15,3,True,-0.27208805084228516,-0.04501229524612427,False,0.1545836329460144
vit_base_patch16_224,37,ILSVRC2012_val_00001655.JPEG,mid,6,feature_modules[6],14,14,high_score_extreme,0.15,3,True,-0.13958072662353516,-0.016688868403434753,False,0.10454442352056503
vit_base_patch16_224,38,ILSVRC2012_val_00001659.JPEG,mid,6,feature_modules[6],14,14,high_score_extreme,0.15,3,True,0.21956348419189453,0.029288537800312042,False,0.13618968427181244
vit_base_patch16_224,39,ILSVRC2012_val_00001689.JPEG,mid,6,feature_modules[6],14,14,high_score_extreme,0.15,3,True,0.1592884063720703,0.024204641580581665,False,0.1569667011499405
vit_base_patch16_224,32,ILSVRC2012_val_00001570.JPEG,mid,6,feature_modules[6],14,14,low_score_extreme,0.15,0,True,-0.2644186019897461,-0.043316446244716644,False,0.026340080425143242
vit_base_patch16_224,33,ILSVRC2012_val_00001638.JPEG,mid,6,feature_modules[6],14,14,low_score_extreme,0.15,0,True,0.01997089385986328,0.02819463610649109,False,0.0057206894271075726
vit_base_patch16_224,34,ILSVRC2012_val_00001642.JPEG,mid,6,feature_modules[6],14,14,low_score_extreme,0.15,0,True,-0.01604175567626953,-0.0468887984752655,False,-0.0025749197229743004
vit_base_patch16_224,35,ILSVRC2012_val_00001645.JPEG,mid,6,feature_modules[6],14,14,low_score_extreme,0.15,0,True,0.43560218811035156,0.13522738218307495,False,0.00518182385712862
vit_base_patch16_224,36,ILSVRC2012_val_00001648.JPEG,mid,6,feature_modules[6],14,14,low_score_extreme,0.15,0,True,-0.24762535095214844,-0.04448305070400238,False,0.04521286487579346
vit_base_patch16_224,37,ILSVRC2012_val_00001655.JPEG,mid,6,feature_modules[6],14,14,low_score_extreme,0.15,0,True,-0.10584354400634766,-0.016737818717956543,False,-0.0022583198733627796
vit_base_patch16_224,38,ILSVRC2012_val_00001659.JPEG,mid,6,feature_modules[6],14,14,low_score_extreme,0.15,0,True,0.3645153045654297,0.06639803200960159,False,0.01728716678917408
vit_base_patch16_224,39,ILSVRC2012_val_00001689.JPEG,mid,6,feature_modules[6],14,14,low_score_extreme,0.15,0,True,-0.12862014770507812,-0.01729215681552887,False,0.01629539765417576
vit_base_patch16_224,32,ILSVRC2012_val_00001570.JPEG,mid,6,feature_modules[6],14,14,low_score_extreme,0.15,1,True,-0.2644186019897461,-0.043316446244716644,False,0.026340080425143242
vit_base_patch16_224,33,ILSVRC2012_val_00001638.JPEG,mid,6,feature_modules[6],14,14,low_score_extreme,0.15,1,True,0.01997089385986328,0.02819463610649109,False,0.0057206894271075726
vit_base_patch16_224,34,ILSVRC2012_val_00001642.JPEG,mid,6,feature_modules[6],14,14,low_score_extreme,0.15,1,True,-0.01604175567626953,-0.0468887984752655,False,-0.0025749197229743004
vit_base_patch16_224,35,ILSVRC2012_val_00001645.JPEG,mid,6,feature_modules[6],14,14,low_score_extreme,0.15,1,True,0.43560218811035156,0.13522738218307495,False,0.00518182385712862
vit_base_patch16_224,36,ILSVRC2012_val_00001648.JPEG,mid,6,feature_modules[6],14,14,low_score_extreme,0.15,1,True,-0.24762535095214844,-0.04448305070400238,False,0.04521286487579346
vit_base_patch16_224,37,ILSVRC2012_val_00001655.JPEG,mid,6,feature_modules[6],14,14,low_score_extreme,0.15,1,True,-0.10584354400634766,-0.016737818717956543,False,-0.0022583198733627796
vit_base_patch16_224,38,ILSVRC2012_val_00001659.JPEG,mid,6,feature_modules[6],14,14,low_score_extreme,0.15,1,True,0.3645153045654297,0.06639803200960159,False,0.01728716678917408
vit_base_patch16_224,39,ILSVRC2012_val_00001689.JPEG,mid,6,feature_modules[6],14,14,low_score_extreme,0.15,1,True,-0.12862014770507812,-0.01729215681552887,False,0.01629539765417576
vit_base_patch16_224,32,ILSVRC2012_val_00001570.JPEG,mid,6,feature_modules[6],14,14,low_score_extreme,0.15,2,True,-0.2644186019897461,-0.043316446244716644,False,0.026340080425143242
vit_base_patch16_224,33,ILSVRC2012_val_00001638.JPEG,mid,6,feature_modules[6],14,14,low_score_extreme,0.15,2,True,0.01997089385986328,0.02819463610649109,False,0.0057206894271075726
vit_base_patch16_224,34,ILSVRC2012_val_00001642.JPEG,mid,6,feature_modules[6],14,14,low_score_extreme,0.15,2,True,-0.01604175567626953,-0.0468887984752655,False,-0.0025749197229743004
vit_base_patch16_224,35,ILSVRC2012_val_00001645.JPEG,mid,6,feature_modules[6],14,14,low_score_extreme,0.15,2,True,0.43560218811035156,0.13522738218307495,False,0.00518182385712862
vit_base_patch16_224,36,ILSVRC2012_val_00001648.JPEG,mid,6,feature_modules[6],14,14,low_score_extreme,0.15,2,True,-0.24762535095214844,-0.04448305070400238,False,0.04521286487579346
vit_base_patch16_224,37,ILSVRC2012_val_00001655.JPEG,mid,6,feature_modules[6],14,14,low_score_extreme,0.15,2,True,-0.10584354400634766,-0.016737818717956543,False,-0.0022583198733627796
vit_base_patch16_224,38,ILSVRC2012_val_00001659.JPEG,mid,6,feature_modules[6],14,14,low_score_extreme,0.15,2,True,0.3645153045654297,0.06639803200960159,False,0.01728716678917408
vit_base_patch16_224,39,ILSVRC2012_val_00001689.JPEG,mid,6,feature_modules[6],14,14,low_score_extreme,0.15,2,True,-0.12862014770507812,-0.01729215681552887,False,0.01629539765417576
vit_base_patch16_224,32,ILSVRC2012_val_00001570.JPEG,mid,6,feature_modules[6],14,14,low_score_extreme,0.15,3,True,-0.2644186019897461,-0.043316446244716644,False,0.026340080425143242
vit_base_patch16_224,33,ILSVRC2012_val_00001638.JPEG,mid,6,feature_modules[6],14,14,low_score_extreme,0.15,3,True,0.01997089385986328,0.02819463610649109,False,0.0057206894271075726
vit_base_patch16_224,34,ILSVRC2012_val_00001642.JPEG,mid,6,feature_modules[6],14,14,low_score_extreme,0.15,3,True,-0.01604175567626953,-0.0468887984752655,False,-0.0025749197229743004
vit_base_patch16_224,35,ILSVRC2012_val_00001645.JPEG,mid,6,feature_modules[6],14,14,low_score_extreme,0.15,3,True,0.43560218811035156,0.13522738218307495,False,0.00518182385712862
vit_base_patch16_224,36,ILSVRC2012_val_00001648.JPEG,mid,6,feature_modules[6],14,14,low_score_extreme,0.15,3,True,-0.24762535095214844,-0.04448305070400238,False,0.04521286487579346
vit_base_patch16_224,37,ILSVRC2012_val_00001655.JPEG,mid,6,feature_modules[6],14,14,low_score_extreme,0.15,3,True,-0.10584354400634766,-0.016737818717956543,False,-0.0022583198733627796
vit_base_patch16_224,38,ILSVRC2012_val_00001659.JPEG,mid,6,feature_modules[6],14,14,low_score_extreme,0.15,3,True,0.3645153045654297,0.06639803200960159,False,0.01728716678917408
vit_base_patch16_224,39,ILSVRC2012_val_00001689.JPEG,mid,6,feature_modules[6],14,14,low_score_extreme,0.15,3,True,-0.12862014770507812,-0.01729215681552887,False,0.01629539765417576
vit_base_patch16_224,32,ILSVRC2012_val_00001570.JPEG,mid,6,feature_modules[6],14,14,random_uniform,0.15,0,True,0.06170654296875,0.01700490713119507,False,0.07618627697229385
vit_base_patch16_224,33,ILSVRC2012_val_00001638.JPEG,mid,6,feature_modules[6],14,14,random_uniform,0.15,0,True,0.15312671661376953,0.03423401713371277,False,0.06858715415000916
vit_base_patch16_224,34,ILSVRC2012_val_00001642.JPEG,mid,6,feature_modules[6],14,14,random_uniform,0.15,0,True,-0.48149871826171875,-0.15358665585517883,False,0.053553950041532516
vit_base_patch16_224,35,ILSVRC2012_val_00001645.JPEG,mid,6,feature_modules[6],14,14,random_uniform,0.15,0,True,0.6530609130859375,0.19770705699920654,False,0.0488399900496006
vit_base_patch16_224,36,ILSVRC2012_val_00001648.JPEG,mid,6,feature_modules[6],14,14,random_uniform,0.15,0,True,-0.10144519805908203,-0.018084809184074402,False,0.10079672187566757
vit_base_patch16_224,37,ILSVRC2012_val_00001655.JPEG,mid,6,feature_modules[6],14,14,random_uniform,0.15,0,True,0.11792564392089844,0.01457911729812622,False,0.04446616768836975
vit_base_patch16_224,38,ILSVRC2012_val_00001659.JPEG,mid,6,feature_modules[6],14,14,random_uniform,0.15,0,True,0.4804039001464844,0.06777650862932205,False,0.06258729845285416
vit_base_patch16_224,39,ILSVRC2012_val_00001689.JPEG,mid,6,feature_modules[6],14,14,random_uniform,0.15,0,True,0.08343029022216797,0.019342973828315735,False,0.07522446662187576
vit_base_patch16_224,32,ILSVRC2012_val_00001570.JPEG,mid,6,feature_modules[6],14,14,random_uniform,0.15,1,True,-0.1410846710205078,-0.029479101300239563,False,0.09484421461820602
vit_base_patch16_224,33,ILSVRC2012_val_00001638.JPEG,mid,6,feature_modules[6],14,14,random_uniform,0.15,1,True,0.046034812927246094,-0.0005574822425842285,False,0.05627989023923874
vit_base_patch16_224,34,ILSVRC2012_val_00001642.JPEG,mid,6,feature_modules[6],14,14,random_uniform,0.15,1,True,-0.20782852172851562,-0.07851776480674744,False,0.051211487501859665
vit_base_patch16_224,35,ILSVRC2012_val_00001645.JPEG,mid,6,feature_modules[6],14,14,random_uniform,0.15,1,True,0.5759077072143555,0.16423439979553223,False,0.057527072727680206
vit_base_patch16_224,36,ILSVRC2012_val_00001648.JPEG,mid,6,feature_modules[6],14,14,random_uniform,0.15,1,True,-0.3487691879272461,-0.05882236361503601,False,0.09941578656435013
vit_base_patch16_224,37,ILSVRC2012_val_00001655.JPEG,mid,6,feature_modules[6],14,14,random_uniform,0.15,1,True,0.1283740997314453,0.016772806644439697,False,0.04286465793848038
vit_base_patch16_224,38,ILSVRC2012_val_00001659.JPEG,mid,6,feature_modules[6],14,14,random_uniform,0.15,1,True,0.35494041442871094,0.056022994220256805,False,0.05979177728295326
vit_base_patch16_224,39,ILSVRC2012_val_00001689.JPEG,mid,6,feature_modules[6],14,14,random_uniform,0.15,1,True,0.061942100524902344,0.01923803985118866,False,0.06257720291614532
vit_base_patch16_224,32,ILSVRC2012_val_00001570.JPEG,mid,6,feature_modules[6],14,14,random_uniform,0.15,2,True,-0.347412109375,-0.05243594944477081,False,0.09507003426551819
vit_base_patch16_224,33,ILSVRC2012_val_00001638.JPEG,mid,6,feature_modules[6],14,14,random_uniform,0.15,2,True,-0.0001678466796875,-0.0025286078453063965,False,0.06831510365009308
vit_base_patch16_224,34,ILSVRC2012_val_00001642.JPEG,mid,6,feature_modules[6],14,14,random_uniform,0.15,2,True,-0.3412599563598633,-0.13001418113708496,False,0.05099031701683998
vit_base_patch16_224,35,ILSVRC2012_val_00001645.JPEG,mid,6,feature_modules[6],14,14,random_uniform,0.15,2,True,0.3668251037597656,0.08174934983253479,False,0.0627787858247757
vit_base_patch16_224,36,ILSVRC2012_val_00001648.JPEG,mid,6,feature_modules[6],14,14,random_uniform,0.15,2,True,-0.2095499038696289,-0.03750905394554138,False,0.1011122390627861
vit_base_patch16_224,37,ILSVRC2012_val_00001655.JPEG,mid,6,feature_modules[6],14,14,random_uniform,0.15,2,True,0.013991355895996094,-0.0012838542461395264,False,0.03729809448122978
vit_base_patch16_224,38,ILSVRC2012_val_00001659.JPEG,mid,6,feature_modules[6],14,14,random_uniform,0.15,2,True,0.4559965133666992,0.07706785947084427,False,0.056663401424884796
vit_base_patch16_224,39,ILSVRC2012_val_00001689.JPEG,mid,6,feature_modules[6],14,14,random_uniform,0.15,2,True,0.07577800750732422,0.011061161756515503,False,0.06330269575119019
vit_base_patch16_224,32,ILSVRC2012_val_00001570.JPEG,mid,6,feature_modules[6],14,14,random_uniform,0.15,3,True,-0.1883869171142578,-0.03506240248680115,False,0.06880844384431839
vit_base_patch16_224,33,ILSVRC2012_val_00001638.JPEG,mid,6,feature_modules[6],14,14,random_uniform,0.15,3,True,-0.1502513885498047,-0.03098417818546295,False,0.059456583112478256
vit_base_patch16_224,34,ILSVRC2012_val_00001642.JPEG,mid,6,feature_modules[6],14,14,random_uniform,0.15,3,True,-0.23046493530273438,-0.12596395611763,False,0.05385640636086464
vit_base_patch16_224,35,ILSVRC2012_val_00001645.JPEG,mid,6,feature_modules[6],14,14,random_uniform,0.15,3,True,0.45378589630126953,0.1043408215045929,False,0.05269202962517738
vit_base_patch16_224,36,ILSVRC2012_val_00001648.JPEG,mid,6,feature_modules[6],14,14,random_uniform,0.15,3,True,-0.10127735137939453,-0.020693182945251465,False,0.09240026026964188
vit_base_patch16_224,37,ILSVRC2012_val_00001655.JPEG,mid,6,feature_modules[6],14,14,random_uniform,0.15,3,True,-0.14654541015625,-0.01952476054430008,False,0.04616425931453705
vit_base_patch16_224,38,ILSVRC2012_val_00001659.JPEG,mid,6,feature_modules[6],14,14,random_uniform,0.15,3,True,0.6378145217895508,0.11033935099840164,False,0.058338429778814316
vit_base_patch16_224,39,ILSVRC2012_val_00001689.JPEG,mid,6,feature_modules[6],14,14,random_uniform,0.15,3,True,0.21258544921875,0.032098352909088135,False,0.06617226451635361
vit_base_patch16_224,32,ILSVRC2012_val_00001570.JPEG,mid,6,feature_modules[6],14,14,score_deviation_extreme,0.15,0,True,-0.23369121551513672,-0.032858505845069885,False,0.13934190571308136
vit_base_patch16_224,33,ILSVRC2012_val_00001638.JPEG,mid,6,feature_modules[6],14,14,score_deviation_extreme,0.15,0,True,0.19420909881591797,0.037612199783325195,False,0.09630681574344635
vit_base_patch16_224,34,ILSVRC2012_val_00001642.JPEG,mid,6,feature_modules[6],14,14,score_deviation_extreme,0.15,0,True,0.040801048278808594,-0.02871611714363098,False,0.08222289383411407
vit_base_patch16_224,35,ILSVRC2012_val_00001645.JPEG,mid,6,feature_modules[6],14,14,score_deviation_extreme,0.15,0,True,0.44779014587402344,0.1128646582365036,False,0.1140383780002594
vit_base_patch16_224,36,ILSVRC2012_val_00001648.JPEG,mid,6,feature_modules[6],14,14,score_deviation_extreme,0.15,0,True,-0.34763526916503906,-0.06010855734348297,False,0.10104072839021683
vit_base_patch16_224,37,ILSVRC2012_val_00001655.JPEG,mid,6,feature_modules[6],14,14,score_deviation_extreme,0.15,0,True,-0.12746715545654297,-0.017070375382900238,False,0.07463528960943222
vit_base_patch16_224,38,ILSVRC2012_val_00001659.JPEG,mid,6,feature_modules[6],14,14,score_deviation_extreme,0.15,0,True,0.16100502014160156,0.021405719220638275,False,0.1253177523612976
vit_base_patch16_224,39,ILSVRC2012_val_00001689.JPEG,mid,6,feature_modules[6],14,14,score_deviation_extreme,0.15,0,True,0.049941062927246094,0.006955996155738831,False,0.13879640400409698
vit_base_patch16_224,32,ILSVRC2012_val_00001570.JPEG,mid,6,feature_modules[6],14,14,score_deviation_extreme,0.15,1,True,-0.23369121551513672,-0.032858505845069885,False,0.13934190571308136
vit_base_patch16_224,33,ILSVRC2012_val_00001638.JPEG,mid,6,feature_modules[6],14,14,score_deviation_extreme,0.15,1,True,0.19420909881591797,0.037612199783325195,False,0.09630681574344635
vit_base_patch16_224,34,ILSVRC2012_val_00001642.JPEG,mid,6,feature_modules[6],14,14,score_deviation_extreme,0.15,1,True,0.040801048278808594,-0.02871611714363098,False,0.08222289383411407
vit_base_patch16_224,35,ILSVRC2012_val_00001645.JPEG,mid,6,feature_modules[6],14,14,score_deviation_extreme,0.15,1,True,0.44779014587402344,0.1128646582365036,False,0.1140383780002594
vit_base_patch16_224,36,ILSVRC2012_val_00001648.JPEG,mid,6,feature_modules[6],14,14,score_deviation_extreme,0.15,1,True,-0.34763526916503906,-0.06010855734348297,False,0.10104072839021683
vit_base_patch16_224,37,ILSVRC2012_val_00001655.JPEG,mid,6,feature_modules[6],14,14,score_deviation_extreme,0.15,1,True,-0.12746715545654297,-0.017070375382900238,False,0.07463528960943222
vit_base_patch16_224,38,ILSVRC2012_val_00001659.JPEG,mid,6,feature_modules[6],14,14,score_deviation_extreme,0.15,1,True,0.16100502014160156,0.021405719220638275,False,0.1253177523612976
vit_base_patch16_224,39,ILSVRC2012_val_00001689.JPEG,mid,6,feature_modules[6],14,14,score_deviation_extreme,0.15,1,True,0.049941062927246094,0.006955996155738831,False,0.13879640400409698
vit_base_patch16_224,32,ILSVRC2012_val_00001570.JPEG,mid,6,feature_modules[6],14,14,score_deviation_extreme,0.15,2,True,-0.23369121551513672,-0.032858505845069885,False,0.13934190571308136
vit_base_patch16_224,33,ILSVRC2012_val_00001638.JPEG,mid,6,feature_modules[6],14,14,score_deviation_extreme,0.15,2,True,0.19420909881591797,0.037612199783325195,False,0.09630681574344635
vit_base_patch16_224,34,ILSVRC2012_val_00001642.JPEG,mid,6,feature_modules[6],14,14,score_deviation_extreme,0.15,2,True,0.040801048278808594,-0.02871611714363098,False,0.08222289383411407
vit_base_patch16_224,35,ILSVRC2012_val_00001645.JPEG,mid,6,feature_modules[6],14,14,score_deviation_extreme,0.15,2,True,0.44779014587402344,0.1128646582365036,False,0.1140383780002594
vit_base_patch16_224,36,ILSVRC2012_val_00001648.JPEG,mid,6,feature_modules[6],14,14,score_deviation_extreme,0.15,2,True,-0.34763526916503906,-0.06010855734348297,False,0.10104072839021683
vit_base_patch16_224,37,ILSVRC2012_val_00001655.JPEG,mid,6,feature_modules[6],14,14,score_deviation_extreme,0.15,2,True,-0.12746715545654297,-0.017070375382900238,False,0.07463528960943222
vit_base_patch16_224,38,ILSVRC2012_val_00001659.JPEG,mid,6,feature_modules[6],14,14,score_deviation_extreme,0.15,2,True,0.16100502014160156,0.021405719220638275,False,0.1253177523612976
vit_base_patch16_224,39,ILSVRC2012_val_00001689.JPEG,mid,6,feature_modules[6],14,14,score_deviation_extreme,0.15,2,True,0.049941062927246094,0.006955996155738831,False,0.13879640400409698
vit_base_patch16_224,32,ILSVRC2012_val_00001570.JPEG,mid,6,feature_modules[6],14,14,score_deviation_extreme,0.15,3,True,-0.23369121551513672,-0.032858505845069885,False,0.13934190571308136
vit_base_patch16_224,33,ILSVRC2012_val_00001638.JPEG,mid,6,feature_modules[6],14,14,score_deviation_extreme,0.15,3,True,0.19420909881591797,0.037612199783325195,False,0.09630681574344635
vit_base_patch16_224,34,ILSVRC2012_val_00001642.JPEG,mid,6,feature_modules[6],14,14,score_deviation_extreme,0.15,3,True,0.040801048278808594,-0.02871611714363098,False,0.08222289383411407
vit_base_patch16_224,35,ILSVRC2012_val_00001645.JPEG,mid,6,feature_modules[6],14,14,score_deviation_extreme,0.15,3,True,0.44779014587402344,0.1128646582365036,False,0.1140383780002594
vit_base_patch16_224,36,ILSVRC2012_val_00001648.JPEG,mid,6,feature_modules[6],14,14,score_deviation_extreme,0.15,3,True,-0.34763526916503906,-0.06010855734348297,False,0.10104072839021683
vit_base_patch16_224,37,ILSVRC2012_val_00001655.JPEG,mid,6,feature_modules[6],14,14,score_deviation_extreme,0.15,3,True,-0.12746715545654297,-0.017070375382900238,False,0.07463528960943222
vit_base_patch16_224,38,ILSVRC2012_val_00001659.JPEG,mid,6,feature_modules[6],14,14,score_deviation_extreme,0.15,3,True,0.16100502014160156,0.021405719220638275,False,0.1253177523612976
vit_base_patch16_224,39,ILSVRC2012_val_00001689.JPEG,mid,6,feature_modules[6],14,14,score_deviation_extreme,0.15,3,True,0.049941062927246094,0.006955996155738831,False,0.13879640400409698
vit_base_patch16_224,32,ILSVRC2012_val_00001570.JPEG,final,11,blocks[11],14,14,high_score_extreme,0.15,0,True,-0.3441295623779297,-0.03877578675746918,False,0.904244065284729
vit_base_patch16_224,33,ILSVRC2012_val_00001638.JPEG,final,11,blocks[11],14,14,high_score_extreme,0.15,0,True,0.09691333770751953,0.06098005175590515,False,0.9057402610778809
vit_base_patch16_224,34,ILSVRC2012_val_00001642.JPEG,final,11,blocks[11],14,14,high_score_extreme,0.15,0,True,-0.16077804565429688,-0.08583632111549377,False,0.8638973832130432
vit_base_patch16_224,35,ILSVRC2012_val_00001645.JPEG,final,11,blocks[11],14,14,high_score_extreme,0.15,0,True,0.3704051971435547,0.07553379237651825,False,0.8863839507102966
vit_base_patch16_224,36,ILSVRC2012_val_00001648.JPEG,final,11,blocks[11],14,14,high_score_extreme,0.15,0,True,-0.26404571533203125,-0.04692968726158142,False,0.9122851490974426
vit_base_patch16_224,37,ILSVRC2012_val_00001655.JPEG,final,11,blocks[11],14,14,high_score_extreme,0.15,0,True,-0.055359840393066406,-0.009731598198413849,False,0.8784045577049255
vit_base_patch16_224,38,ILSVRC2012_val_00001659.JPEG,final,11,blocks[11],14,14,high_score_extreme,0.15,0,True,1.0243377685546875,0.2156204879283905,False,0.8060861825942993
vit_base_patch16_224,39,ILSVRC2012_val_00001689.JPEG,final,11,blocks[11],14,14,high_score_extreme,0.15,0,True,0.1672077178955078,0.038347482681274414,False,0.8721091151237488
vit_base_patch16_224,32,ILSVRC2012_val_00001570.JPEG,final,11,blocks[11],14,14,high_score_extreme,0.15,1,True,-0.3441295623779297,-0.03877578675746918,False,0.904244065284729
vit_base_patch16_224,33,ILSVRC2012_val_00001638.JPEG,final,11,blocks[11],14,14,high_score_extreme,0.15,1,True,0.09691333770751953,0.06098005175590515,False,0.9057402610778809
vit_base_patch16_224,34,ILSVRC2012_val_00001642.JPEG,final,11,blocks[11],14,14,high_score_extreme,0.15,1,True,-0.16077804565429688,-0.08583632111549377,False,0.8638973832130432
vit_base_patch16_224,35,ILSVRC2012_val_00001645.JPEG,final,11,blocks[11],14,14,high_score_extreme,0.15,1,True,0.3704051971435547,0.07553379237651825,False,0.8863839507102966
vit_base_patch16_224,36,ILSVRC2012_val_00001648.JPEG,final,11,blocks[11],14,14,high_score_extreme,0.15,1,True,-0.26404571533203125,-0.04692968726158142,False,0.9122851490974426
vit_base_patch16_224,37,ILSVRC2012_val_00001655.JPEG,final,11,blocks[11],14,14,high_score_extreme,0.15,1,True,-0.055359840393066406,-0.009731598198413849,False,0.8784045577049255
vit_base_patch16_224,38,ILSVRC2012_val_00001659.JPEG,final,11,blocks[11],14,14,high_score_extreme,0.15,1,True,1.0243377685546875,0.2156204879283905,False,0.8060861825942993
vit_base_patch16_224,39,ILSVRC2012_val_00001689.JPEG,final,11,blocks[11],14,14,high_score_extreme,0.15,1,True,0.1672077178955078,0.038347482681274414,False,0.8721091151237488
vit_base_patch16_224,32,ILSVRC2012_val_00001570.JPEG,final,11,blocks[11],14,14,high_score_extreme,0.15,2,True,-0.3441295623779297,-0.03877578675746918,False,0.904244065284729
vit_base_patch16_224,33,ILSVRC2012_val_00001638.JPEG,final,11,blocks[11],14,14,high_score_extreme,0.15,2,True,0.09691333770751953,0.06098005175590515,False,0.9057402610778809
vit_base_patch16_224,34,ILSVRC2012_val_00001642.JPEG,final,11,blocks[11],14,14,high_score_extreme,0.15,2,True,-0.16077804565429688,-0.08583632111549377,False,0.8638973832130432
vit_base_patch16_224,35,ILSVRC2012_val_00001645.JPEG,final,11,blocks[11],14,14,high_score_extreme,0.15,2,True,0.3704051971435547,0.07553379237651825,False,0.8863839507102966
vit_base_patch16_224,36,ILSVRC2012_val_00001648.JPEG,final,11,blocks[11],14,14,high_score_extreme,0.15,2,True,-0.26404571533203125,-0.04692968726158142,False,0.9122851490974426
vit_base_patch16_224,37,ILSVRC2012_val_00001655.JPEG,final,11,blocks[11],14,14,high_score_extreme,0.15,2,True,-0.055359840393066406,-0.009731598198413849,False,0.8784045577049255
vit_base_patch16_224,38,ILSVRC2012_val_00001659.JPEG,final,11,blocks[11],14,14,high_score_extreme,0.15,2,True,1.0243377685546875,0.2156204879283905,False,0.8060861825942993
vit_base_patch16_224,39,ILSVRC2012_val_00001689.JPEG,final,11,blocks[11],14,14,high_score_extreme,0.15,2,True,0.1672077178955078,0.038347482681274414,False,0.8721091151237488
vit_base_patch16_224,32,ILSVRC2012_val_00001570.JPEG,final,11,blocks[11],14,14,high_score_extreme,0.15,3,True,-0.3441295623779297,-0.03877578675746918,False,0.904244065284729
vit_base_patch16_224,33,ILSVRC2012_val_00001638.JPEG,final,11,blocks[11],14,14,high_score_extreme,0.15,3,True,0.09691333770751953,0.06098005175590515,False,0.9057402610778809
vit_base_patch16_224,34,ILSVRC2012_val_00001642.JPEG,final,11,blocks[11],14,14,high_score_extreme,0.15,3,True,-0.16077804565429688,-0.08583632111549377,False,0.8638973832130432
vit_base_patch16_224,35,ILSVRC2012_val_00001645.JPEG,final,11,blocks[11],14,14,high_score_extreme,0.15,3,True,0.3704051971435547,0.07553379237651825,False,0.8863839507102966
vit_base_patch16_224,36,ILSVRC2012_val_00001648.JPEG,final,11,blocks[11],14,14,high_score_extreme,0.15,3,True,-0.26404571533203125,-0.04692968726158142,False,0.9122851490974426
vit_base_patch16_224,37,ILSVRC2012_val_00001655.JPEG,final,11,blocks[11],14,14,high_score_extreme,0.15,3,True,-0.055359840393066406,-0.009731598198413849,False,0.8784045577049255
vit_base_patch16_224,38,ILSVRC2012_val_00001659.JPEG,final,11,blocks[11],14,14,high_score_extreme,0.15,3,True,1.0243377685546875,0.2156204879283905,False,0.8060861825942993
vit_base_patch16_224,39,ILSVRC2012_val_00001689.JPEG,final,11,blocks[11],14,14,high_score_extreme,0.15,3,True,0.1672077178955078,0.038347482681274414,False,0.8721091151237488
vit_base_patch16_224,32,ILSVRC2012_val_00001570.JPEG,final,11,blocks[11],14,14,low_score_extreme,0.15,0,True,-0.276275634765625,-0.044211916625499725,False,0.6116346120834351
vit_base_patch16_224,33,ILSVRC2012_val_00001638.JPEG,final,11,blocks[11],14,14,low_score_extreme,0.15,0,True,0.18294620513916016,0.04263707995414734,False,0.5591807961463928
vit_base_patch16_224,34,ILSVRC2012_val_00001642.JPEG,final,11,blocks[11],14,14,low_score_extreme,0.15,0,True,-0.047400474548339844,-0.02781054377555847,False,0.5247214436531067
vit_base_patch16_224,35,ILSVRC2012_val_00001645.JPEG,final,11,blocks[11],14,14,low_score_extreme,0.15,0,True,0.5661544799804688,0.10041743516921997,False,0.4604819118976593
vit_base_patch16_224,36,ILSVRC2012_val_00001648.JPEG,final,11,blocks[11],14,14,low_score_extreme,0.15,0,True,-0.38374805450439453,-0.06572872400283813,False,0.6739181876182556
vit_base_patch16_224,37,ILSVRC2012_val_00001655.JPEG,final,11,blocks[11],14,14,low_score_extreme,0.15,0,True,-0.2127838134765625,-0.027017764747142792,False,0.7189751863479614
vit_base_patch16_224,38,ILSVRC2012_val_00001659.JPEG,final,11,blocks[11],14,14,low_score_extreme,0.15,0,True,0.47541332244873047,0.08127646893262863,False,0.5908088684082031
vit_base_patch16_224,39,ILSVRC2012_val_00001689.JPEG,final,11,blocks[11],14,14,low_score_extreme,0.15,0,True,0.1631002426147461,0.02413816750049591,False,0.5302260518074036
vit_base_patch16_224,32,ILSVRC2012_val_00001570.JPEG,final,11,blocks[11],14,14,low_score_extreme,0.15,1,True,-0.276275634765625,-0.044211916625499725,False,0.6116346120834351
vit_base_patch16_224,33,ILSVRC2012_val_00001638.JPEG,final,11,blocks[11],14,14,low_score_extreme,0.15,1,True,0.18294620513916016,0.04263707995414734,False,0.5591807961463928
vit_base_patch16_224,34,ILSVRC2012_val_00001642.JPEG,final,11,blocks[11],14,14,low_score_extreme,0.15,1,True,-0.047400474548339844,-0.02781054377555847,False,0.5247214436531067
vit_base_patch16_224,35,ILSVRC2012_val_00001645.JPEG,final,11,blocks[11],14,14,low_score_extreme,0.15,1,True,0.5661544799804688,0.10041743516921997,False,0.4604819118976593
vit_base_patch16_224,36,ILSVRC2012_val_00001648.JPEG,final,11,blocks[11],14,14,low_score_extreme,0.15,1,True,-0.38374805450439453,-0.06572872400283813,False,0.6739181876182556
vit_base_patch16_224,37,ILSVRC2012_val_00001655.JPEG,final,11,blocks[11],14,14,low_score_extreme,0.15,1,True,-0.2127838134765625,-0.027017764747142792,False,0.7189751863479614
vit_base_patch16_224,38,ILSVRC2012_val_00001659.JPEG,final,11,blocks[11],14,14,low_score_extreme,0.15,1,True,0.47541332244873047,0.08127646893262863,False,0.5908088684082031
vit_base_patch16_224,39,ILSVRC2012_val_00001689.JPEG,final,11,blocks[11],14,14,low_score_extreme,0.15,1,True,0.1631002426147461,0.02413816750049591,False,0.5302260518074036
vit_base_patch16_224,32,ILSVRC2012_val_00001570.JPEG,final,11,blocks[11],14,14,low_score_extreme,0.15,2,True,-0.276275634765625,-0.044211916625499725,False,0.6116346120834351
vit_base_patch16_224,33,ILSVRC2012_val_00001638.JPEG,final,11,blocks[11],14,14,low_score_extreme,0.15,2,True,0.18294620513916016,0.04263707995414734,False,0.5591807961463928
vit_base_patch16_224,34,ILSVRC2012_val_00001642.JPEG,final,11,blocks[11],14,14,low_score_extreme,0.15,2,True,-0.047400474548339844,-0.02781054377555847,False,0.5247214436531067
vit_base_patch16_224,35,ILSVRC2012_val_00001645.JPEG,final,11,blocks[11],14,14,low_score_extreme,0.15,2,True,0.5661544799804688,0.10041743516921997,False,0.4604819118976593
vit_base_patch16_224,36,ILSVRC2012_val_00001648.JPEG,final,11,blocks[11],14,14,low_score_extreme,0.15,2,True,-0.38374805450439453,-0.06572872400283813,False,0.6739181876182556
vit_base_patch16_224,37,ILSVRC2012_val_00001655.JPEG,final,11,blocks[11],14,14,low_score_extreme,0.15,2,True,-0.2127838134765625,-0.027017764747142792,False,0.7189751863479614
vit_base_patch16_224,38,ILSVRC2012_val_00001659.JPEG,final,11,blocks[11],14,14,low_score_extreme,0.15,2,True,0.47541332244873047,0.08127646893262863,False,0.5908088684082031
vit_base_patch16_224,39,ILSVRC2012_val_00001689.JPEG,final,11,blocks[11],14,14,low_score_extreme,0.15,2,True,0.1631002426147461,0.02413816750049591,False,0.5302260518074036
vit_base_patch16_224,32,ILSVRC2012_val_00001570.JPEG,final,11,blocks[11],14,14,low_score_extreme,0.15,3,True,-0.276275634765625,-0.044211916625499725,False,0.6116346120834351
vit_base_patch16_224,33,ILSVRC2012_val_00001638.JPEG,final,11,blocks[11],14,14,low_score_extreme,0.15,3,True,0.18294620513916016,0.04263707995414734,False,0.5591807961463928
vit_base_patch16_224,34,ILSVRC2012_val_00001642.JPEG,final,11,blocks[11],14,14,low_score_extreme,0.15,3,True,-0.047400474548339844,-0.02781054377555847,False,0.5247214436531067
vit_base_patch16_224,35,ILSVRC2012_val_00001645.JPEG,final,11,blocks[11],14,14,low_score_extreme,0.15,3,True,0.5661544799804688,0.10041743516921997,False,0.4604819118976593
vit_base_patch16_224,36,ILSVRC2012_val_00001648.JPEG,final,11,blocks[11],14,14,low_score_extreme,0.15,3,True,-0.38374805450439453,-0.06572872400283813,False,0.6739181876182556
vit_base_patch16_224,37,ILSVRC2012_val_00001655.JPEG,final,11,blocks[11],14,14,low_score_extreme,0.15,3,True,-0.2127838134765625,-0.027017764747142792,False,0.7189751863479614
vit_base_patch16_224,38,ILSVRC2012_val_00001659.JPEG,final,11,blocks[11],14,14,low_score_extreme,0.15,3,True,0.47541332244873047,0.08127646893262863,False,0.5908088684082031
vit_base_patch16_224,39,ILSVRC2012_val_00001689.JPEG,final,11,blocks[11],14,14,low_score_extreme,0.15,3,True,0.1631002426147461,0.02413816750049591,False,0.5302260518074036
vit_base_patch16_224,32,ILSVRC2012_val_00001570.JPEG,final,11,blocks[11],14,14,random_uniform,0.15,0,True,-0.10866737365722656,-0.017664998769760132,False,0.7807313203811646
vit_base_patch16_224,33,ILSVRC2012_val_00001638.JPEG,final,11,blocks[11],14,14,random_uniform,0.15,0,True,0.033219337463378906,-0.0003445446491241455,False,0.7361779808998108
vit_base_patch16_224,34,ILSVRC2012_val_00001642.JPEG,final,11,blocks[11],14,14,random_uniform,0.15,0,True,-0.14080810546875,-0.06869220733642578,False,0.7582653760910034
vit_base_patch16_224,35,ILSVRC2012_val_00001645.JPEG,final,11,blocks[11],14,14,random_uniform,0.15,0,True,0.559687614440918,0.19501081109046936,False,0.7063124775886536
vit_base_patch16_224,36,ILSVRC2012_val_00001648.JPEG,final,11,blocks[11],14,14,random_uniform,0.15,0,True,-0.21631526947021484,-0.03958502411842346,False,0.8457115888595581
vit_base_patch16_224,37,ILSVRC2012_val_00001655.JPEG,final,11,blocks[11],14,14,random_uniform,0.15,0,True,-0.11472415924072266,-0.016681917011737823,False,0.8353806138038635
vit_base_patch16_224,38,ILSVRC2012_val_00001659.JPEG,final,11,blocks[11],14,14,random_uniform,0.15,0,True,0.5760354995727539,0.09509915858507156,False,0.7203785181045532
vit_base_patch16_224,39,ILSVRC2012_val_00001689.JPEG,final,11,blocks[11],14,14,random_uniform,0.15,0,True,-0.039809226989746094,-0.0013397634029388428,False,0.7901854515075684
vit_base_patch16_224,32,ILSVRC2012_val_00001570.JPEG,final,11,blocks[11],14,14,random_uniform,0.15,1,True,-0.15718460083007812,-0.010430306196212769,False,0.804443895816803
vit_base_patch16_224,33,ILSVRC2012_val_00001638.JPEG,final,11,blocks[11],14,14,random_uniform,0.15,1,True,0.12034130096435547,0.009125053882598877,False,0.7709414958953857
vit_base_patch16_224,34,ILSVRC2012_val_00001642.JPEG,final,11,blocks[11],14,14,random_uniform,0.15,1,True,-0.2845649719238281,-0.11268459260463715,False,0.7051565647125244
vit_base_patch16_224,35,ILSVRC2012_val_00001645.JPEG,final,11,blocks[11],14,14,random_uniform,0.15,1,True,0.5300350189208984,0.16775119304656982,False,0.6337429285049438
vit_base_patch16_224,36,ILSVRC2012_val_00001648.JPEG,final,11,blocks[11],14,14,random_uniform,0.15,1,True,-0.16439533233642578,-0.03174634277820587,False,0.8658618330955505
vit_base_patch16_224,37,ILSVRC2012_val_00001655.JPEG,final,11,blocks[11],14,14,random_uniform,0.15,1,True,0.1235189437866211,0.015172064304351807,False,0.8295850157737732
vit_base_patch16_224,38,ILSVRC2012_val_00001659.JPEG,final,11,blocks[11],14,14,random_uniform,0.15,1,True,0.4309425354003906,0.06771891564130783,False,0.6863967180252075
vit_base_patch16_224,39,ILSVRC2012_val_00001689.JPEG,final,11,blocks[11],14,14,random_uniform,0.15,1,True,0.038707733154296875,0.005155891180038452,False,0.7930258512496948
vit_base_patch16_224,32,ILSVRC2012_val_00001570.JPEG,final,11,blocks[11],14,14,random_uniform,0.15,2,True,-0.1782217025756836,-0.022457942366600037,False,0.7708163857460022
vit_base_patch16_224,33,ILSVRC2012_val_00001638.JPEG,final,11,blocks[11],14,14,random_uniform,0.15,2,True,-0.045447349548339844,-0.005922794342041016,False,0.7626020312309265
vit_base_patch16_224,34,ILSVRC2012_val_00001642.JPEG,final,11,blocks[11],14,14,random_uniform,0.15,2,True,-0.24139881134033203,-0.12098459899425507,False,0.7358813881874084
vit_base_patch16_224,35,ILSVRC2012_val_00001645.JPEG,final,11,blocks[11],14,14,random_uniform,0.15,2,True,0.4001493453979492,0.12310804426670074,False,0.722363293170929
vit_base_patch16_224,36,ILSVRC2012_val_00001648.JPEG,final,11,blocks[11],14,14,random_uniform,0.15,2,True,-0.2204580307006836,-0.03974512219429016,False,0.8281481266021729
vit_base_patch16_224,37,ILSVRC2012_val_00001655.JPEG,final,11,blocks[11],14,14,random_uniform,0.15,2,True,-0.0774221420288086,-0.013587988913059235,False,0.8304835557937622
vit_base_patch16_224,38,ILSVRC2012_val_00001659.JPEG,final,11,blocks[11],14,14,random_uniform,0.15,2,True,0.444488525390625,0.06884806603193283,False,0.7071303129196167
vit_base_patch16_224,39,ILSVRC2012_val_00001689.JPEG,final,11,blocks[11],14,14,random_uniform,0.15,2,True,-0.04658222198486328,-0.009975165128707886,False,0.7765121459960938
vit_base_patch16_224,32,ILSVRC2012_val_00001570.JPEG,final,11,blocks[11],14,14,random_uniform,0.15,3,True,-0.1459035873413086,-0.03131456673145294,False,0.77122563123703
vit_base_patch16_224,33,ILSVRC2012_val_00001638.JPEG,final,11,blocks[11],14,14,random_uniform,0.15,3,True,0.046120643615722656,0.03049546480178833,False,0.8054259419441223
vit_base_patch16_224,34,ILSVRC2012_val_00001642.JPEG,final,11,blocks[11],14,14,random_uniform,0.15,3,True,-0.33741188049316406,-0.11658281087875366,False,0.7698769569396973
vit_base_patch16_224,35,ILSVRC2012_val_00001645.JPEG,final,11,blocks[11],14,14,random_uniform,0.15,3,True,0.4131298065185547,0.08457061648368835,False,0.6976280212402344
vit_base_patch16_224,36,ILSVRC2012_val_00001648.JPEG,final,11,blocks[11],14,14,random_uniform,0.15,3,True,-0.13892078399658203,-0.025357812643051147,False,0.846588134765625
vit_base_patch16_224,37,ILSVRC2012_val_00001655.JPEG,final,11,blocks[11],14,14,random_uniform,0.15,3,True,0.08041000366210938,0.009640529751777649,False,0.828397274017334
vit_base_patch16_224,38,ILSVRC2012_val_00001659.JPEG,final,11,blocks[11],14,14,random_uniform,0.15,3,True,0.4528656005859375,0.07467395812273026,False,0.7226634621620178
vit_base_patch16_224,39,ILSVRC2012_val_00001689.JPEG,final,11,blocks[11],14,14,random_uniform,0.15,3,True,0.01865100860595703,0.00208185613155365,False,0.7491683959960938
vit_base_patch16_224,32,ILSVRC2012_val_00001570.JPEG,final,11,blocks[11],14,14,score_deviation_extreme,0.15,0,True,-0.276275634765625,-0.044211916625499725,False,0.6116346120834351
vit_base_patch16_224,33,ILSVRC2012_val_00001638.JPEG,final,11,blocks[11],14,14,score_deviation_extreme,0.15,0,True,0.18294620513916016,0.04263707995414734,False,0.5591807961463928
vit_base_patch16_224,34,ILSVRC2012_val_00001642.JPEG,final,11,blocks[11],14,14,score_deviation_extreme,0.15,0,True,-0.047400474548339844,-0.02781054377555847,False,0.5247214436531067
vit_base_patch16_224,35,ILSVRC2012_val_00001645.JPEG,final,11,blocks[11],14,14,score_deviation_extreme,0.15,0,True,0.3145103454589844,0.04847675561904907,False,0.6479734778404236
vit_base_patch16_224,36,ILSVRC2012_val_00001648.JPEG,final,11,blocks[11],14,14,score_deviation_extreme,0.15,0,True,-0.38374805450439453,-0.06572872400283813,False,0.6739181876182556
vit_base_patch16_224,37,ILSVRC2012_val_00001655.JPEG,final,11,blocks[11],14,14,score_deviation_extreme,0.15,0,True,-0.2127838134765625,-0.027017764747142792,False,0.7189751863479614
vit_base_patch16_224,38,ILSVRC2012_val_00001659.JPEG,final,11,blocks[11],14,14,score_deviation_extreme,0.15,0,True,0.655787467956543,0.10187488049268723,False,0.6740770936012268
vit_base_patch16_224,39,ILSVRC2012_val_00001689.JPEG,final,11,blocks[11],14,14,score_deviation_extreme,0.15,0,True,0.1631002426147461,0.02413816750049591,False,0.5302260518074036
vit_base_patch16_224,32,ILSVRC2012_val_00001570.JPEG,final,11,blocks[11],14,14,score_deviation_extreme,0.15,1,True,-0.276275634765625,-0.044211916625499725,False,0.6116346120834351
vit_base_patch16_224,33,ILSVRC2012_val_00001638.JPEG,final,11,blocks[11],14,14,score_deviation_extreme,0.15,1,True,0.18294620513916016,0.04263707995414734,False,0.5591807961463928
vit_base_patch16_224,34,ILSVRC2012_val_00001642.JPEG,final,11,blocks[11],14,14,score_deviation_extreme,0.15,1,True,-0.047400474548339844,-0.02781054377555847,False,0.5247214436531067
vit_base_patch16_224,35,ILSVRC2012_val_00001645.JPEG,final,11,blocks[11],14,14,score_deviation_extreme,0.15,1,True,0.3145103454589844,0.04847675561904907,False,0.6479734778404236
vit_base_patch16_224,36,ILSVRC2012_val_00001648.JPEG,final,11,blocks[11],14,14,score_deviation_extreme,0.15,1,True,-0.38374805450439453,-0.06572872400283813,False,0.6739181876182556
vit_base_patch16_224,37,ILSVRC2012_val_00001655.JPEG,final,11,blocks[11],14,14,score_deviation_extreme,0.15,1,True,-0.2127838134765625,-0.027017764747142792,False,0.7189751863479614
vit_base_patch16_224,38,ILSVRC2012_val_00001659.JPEG,final,11,blocks[11],14,14,score_deviation_extreme,0.15,1,True,0.655787467956543,0.10187488049268723,False,0.6740770936012268
vit_base_patch16_224,39,ILSVRC2012_val_00001689.JPEG,final,11,blocks[11],14,14,score_deviation_extreme,0.15,1,True,0.1631002426147461,0.02413816750049591,False,0.5302260518074036
vit_base_patch16_224,32,ILSVRC2012_val_00001570.JPEG,final,11,blocks[11],14,14,score_deviation_extreme,0.15,2,True,-0.276275634765625,-0.044211916625499725,False,0.6116346120834351
vit_base_patch16_224,33,ILSVRC2012_val_00001638.JPEG,final,11,blocks[11],14,14,score_deviation_extreme,0.15,2,True,0.18294620513916016,0.04263707995414734,False,0.5591807961463928
vit_base_patch16_224,34,ILSVRC2012_val_00001642.JPEG,final,11,blocks[11],14,14,score_deviation_extreme,0.15,2,True,-0.047400474548339844,-0.02781054377555847,False,0.5247214436531067
vit_base_patch16_224,35,ILSVRC2012_val_00001645.JPEG,final,11,blocks[11],14,14,score_deviation_extreme,0.15,2,True,0.3145103454589844,0.04847675561904907,False,0.6479734778404236
vit_base_patch16_224,36,ILSVRC2012_val_00001648.JPEG,final,11,blocks[11],14,14,score_deviation_extreme,0.15,2,True,-0.38374805450439453,-0.06572872400283813,False,0.6739181876182556
vit_base_patch16_224,37,ILSVRC2012_val_00001655.JPEG,final,11,blocks[11],14,14,score_deviation_extreme,0.15,2,True,-0.2127838134765625,-0.027017764747142792,False,0.7189751863479614
vit_base_patch16_224,38,ILSVRC2012_val_00001659.JPEG,final,11,blocks[11],14,14,score_deviation_extreme,0.15,2,True,0.655787467956543,0.10187488049268723,False,0.6740770936012268
vit_base_patch16_224,39,ILSVRC2012_val_00001689.JPEG,final,11,blocks[11],14,14,score_deviation_extreme,0.15,2,True,0.1631002426147461,0.02413816750049591,False,0.5302260518074036
vit_base_patch16_224,32,ILSVRC2012_val_00001570.JPEG,final,11,blocks[11],14,14,score_deviation_extreme,0.15,3,True,-0.276275634765625,-0.044211916625499725,False,0.6116346120834351
vit_base_patch16_224,33,ILSVRC2012_val_00001638.JPEG,final,11,blocks[11],14,14,score_deviation_extreme,0.15,3,True,0.18294620513916016,0.04263707995414734,False,0.5591807961463928
vit_base_patch16_224,34,ILSVRC2012_val_00001642.JPEG,final,11,blocks[11],14,14,score_deviation_extreme,0.15,3,True,-0.047400474548339844,-0.02781054377555847,False,0.5247214436531067
vit_base_patch16_224,35,ILSVRC2012_val_00001645.JPEG,final,11,blocks[11],14,14,score_deviation_extreme,0.15,3,True,0.3145103454589844,0.04847675561904907,False,0.6479734778404236
vit_base_patch16_224,36,ILSVRC2012_val_00001648.JPEG,final,11,blocks[11],14,14,score_deviation_extreme,0.15,3,True,-0.38374805450439453,-0.06572872400283813,False,0.6739181876182556
vit_base_patch16_224,37,ILSVRC2012_val_00001655.JPEG,final,11,blocks[11],14,14,score_deviation_extreme,0.15,3,True,-0.2127838134765625,-0.027017764747142792,False,0.7189751863479614
vit_base_patch16_224,38,ILSVRC2012_val_00001659.JPEG,final,11,blocks[11],14,14,score_deviation_extreme,0.15,3,True,0.655787467956543,0.10187488049268723,False,0.6740770936012268
vit_base_patch16_224,39,ILSVRC2012_val_00001689.JPEG,final,11,blocks[11],14,14,score_deviation_extreme,0.15,3,True,0.1631002426147461,0.02413816750049591,False,0.5302260518074036
vit_base_patch16_224,40,ILSVRC2012_val_00001753.JPEG,early,0,feature_modules[0],14,14,high_score_extreme,0.15,0,True,-0.04660797119140625,-0.042957156896591187,False,0.3149243891239166
vit_base_patch16_224,41,ILSVRC2012_val_00001925.JPEG,early,0,feature_modules[0],14,14,high_score_extreme,0.15,0,True,0.2202911376953125,0.04991963505744934,False,0.31100431084632874
vit_base_patch16_224,42,ILSVRC2012_val_00002002.JPEG,early,0,feature_modules[0],14,14,high_score_extreme,0.15,0,True,-0.0061817169189453125,-0.001391395926475525,False,0.31926146149635315
vit_base_patch16_224,43,ILSVRC2012_val_00002073.JPEG,early,0,feature_modules[0],14,14,high_score_extreme,0.15,0,True,0.093536376953125,0.01157660037279129,False,0.2892444431781769
vit_base_patch16_224,44,ILSVRC2012_val_00002159.JPEG,early,0,feature_modules[0],14,14,high_score_extreme,0.15,0,True,0.0720376968383789,0.009877055883407593,False,0.3323182761669159
vit_base_patch16_224,45,ILSVRC2012_val_00002176.JPEG,early,0,feature_modules[0],14,14,high_score_extreme,0.15,0,True,0.4400157928466797,0.05710947513580322,False,0.3173562288284302
vit_base_patch16_224,46,ILSVRC2012_val_00002183.JPEG,early,0,feature_modules[0],14,14,high_score_extreme,0.15,0,True,0.040088653564453125,-0.005776658654212952,False,0.33607926964759827
vit_base_patch16_224,47,ILSVRC2012_val_00002184.JPEG,early,0,feature_modules[0],14,14,high_score_extreme,0.15,0,True,-0.07350921630859375,-0.01613214612007141,False,0.2760716676712036
vit_base_patch16_224,40,ILSVRC2012_val_00001753.JPEG,early,0,feature_modules[0],14,14,high_score_extreme,0.15,1,True,-0.04660797119140625,-0.042957156896591187,False,0.3149243891239166
vit_base_patch16_224,41,ILSVRC2012_val_00001925.JPEG,early,0,feature_modules[0],14,14,high_score_extreme,0.15,1,True,0.2202911376953125,0.04991963505744934,False,0.31100431084632874
vit_base_patch16_224,42,ILSVRC2012_val_00002002.JPEG,early,0,feature_modules[0],14,14,high_score_extreme,0.15,1,True,-0.0061817169189453125,-0.001391395926475525,False,0.31926146149635315
vit_base_patch16_224,43,ILSVRC2012_val_00002073.JPEG,early,0,feature_modules[0],14,14,high_score_extreme,0.15,1,True,0.093536376953125,0.01157660037279129,False,0.2892444431781769
vit_base_patch16_224,44,ILSVRC2012_val_00002159.JPEG,early,0,feature_modules[0],14,14,high_score_extreme,0.15,1,True,0.0720376968383789,0.009877055883407593,False,0.3323182761669159
vit_base_patch16_224,45,ILSVRC2012_val_00002176.JPEG,early,0,feature_modules[0],14,14,high_score_extreme,0.15,1,True,0.4400157928466797,0.05710947513580322,False,0.3173562288284302
vit_base_patch16_224,46,ILSVRC2012_val_00002183.JPEG,early,0,feature_modules[0],14,14,high_score_extreme,0.15,1,True,0.040088653564453125,-0.005776658654212952,False,0.33607926964759827
vit_base_patch16_224,47,ILSVRC2012_val_00002184.JPEG,early,0,feature_modules[0],14,14,high_score_extreme,0.15,1,True,-0.07350921630859375,-0.01613214612007141,False,0.2760716676712036
vit_base_patch16_224,40,ILSVRC2012_val_00001753.JPEG,early,0,feature_modules[0],14,14,high_score_extreme,0.15,2,True,-0.04660797119140625,-0.042957156896591187,False,0.3149243891239166
vit_base_patch16_224,41,ILSVRC2012_val_00001925.JPEG,early,0,feature_modules[0],14,14,high_score_extreme,0.15,2,True,0.2202911376953125,0.04991963505744934,False,0.31100431084632874
vit_base_patch16_224,42,ILSVRC2012_val_00002002.JPEG,early,0,feature_modules[0],14,14,high_score_extreme,0.15,2,True,-0.0061817169189453125,-0.001391395926475525,False,0.31926146149635315
vit_base_patch16_224,43,ILSVRC2012_val_00002073.JPEG,early,0,feature_modules[0],14,14,high_score_extreme,0.15,2,True,0.093536376953125,0.01157660037279129,False,0.2892444431781769
vit_base_patch16_224,44,ILSVRC2012_val_00002159.JPEG,early,0,feature_modules[0],14,14,high_score_extreme,0.15,2,True,0.0720376968383789,0.009877055883407593,False,0.3323182761669159
vit_base_patch16_224,45,ILSVRC2012_val_00002176.JPEG,early,0,feature_modules[0],14,14,high_score_extreme,0.15,2,True,0.4400157928466797,0.05710947513580322,False,0.3173562288284302
vit_base_patch16_224,46,ILSVRC2012_val_00002183.JPEG,early,0,feature_modules[0],14,14,high_score_extreme,0.15,2,True,0.040088653564453125,-0.005776658654212952,False,0.33607926964759827
vit_base_patch16_224,47,ILSVRC2012_val_00002184.JPEG,early,0,feature_modules[0],14,14,high_score_extreme,0.15,2,True,-0.07350921630859375,-0.01613214612007141,False,0.2760716676712036
vit_base_patch16_224,40,ILSVRC2012_val_00001753.JPEG,early,0,feature_modules[0],14,14,high_score_extreme,0.15,3,True,-0.04660797119140625,-0.042957156896591187,False,0.3149243891239166
vit_base_patch16_224,41,ILSVRC2012_val_00001925.JPEG,early,0,feature_modules[0],14,14,high_score_extreme,0.15,3,True,0.2202911376953125,0.04991963505744934,False,0.31100431084632874
vit_base_patch16_224,42,ILSVRC2012_val_00002002.JPEG,early,0,feature_modules[0],14,14,high_score_extreme,0.15,3,True,-0.0061817169189453125,-0.001391395926475525,False,0.31926146149635315
vit_base_patch16_224,43,ILSVRC2012_val_00002073.JPEG,early,0,feature_modules[0],14,14,high_score_extreme,0.15,3,True,0.093536376953125,0.01157660037279129,False,0.2892444431781769
vit_base_patch16_224,44,ILSVRC2012_val_00002159.JPEG,early,0,feature_modules[0],14,14,high_score_extreme,0.15,3,True,0.0720376968383789,0.009877055883407593,False,0.3323182761669159
vit_base_patch16_224,45,ILSVRC2012_val_00002176.JPEG,early,0,feature_modules[0],14,14,high_score_extreme,0.15,3,True,0.4400157928466797,0.05710947513580322,False,0.3173562288284302
vit_base_patch16_224,46,ILSVRC2012_val_00002183.JPEG,early,0,feature_modules[0],14,14,high_score_extreme,0.15,3,True,0.040088653564453125,-0.005776658654212952,False,0.33607926964759827
vit_base_patch16_224,47,ILSVRC2012_val_00002184.JPEG,early,0,feature_modules[0],14,14,high_score_extreme,0.15,3,True,-0.07350921630859375,-0.01613214612007141,False,0.2760716676712036
vit_base_patch16_224,40,ILSVRC2012_val_00001753.JPEG,early,0,feature_modules[0],14,14,low_score_extreme,0.15,0,True,0.02801990509033203,0.056114524602890015,False,0.21820135414600372
vit_base_patch16_224,41,ILSVRC2012_val_00001925.JPEG,early,0,feature_modules[0],14,14,low_score_extreme,0.15,0,True,0.2122335433959961,0.06122481822967529,False,0.2223511040210724
vit_base_patch16_224,42,ILSVRC2012_val_00002002.JPEG,early,0,feature_modules[0],14,14,low_score_extreme,0.15,0,True,0.032985687255859375,0.008296109735965729,False,0.19216956198215485
vit_base_patch16_224,43,ILSVRC2012_val_00002073.JPEG,early,0,feature_modules[0],14,14,low_score_extreme,0.15,0,True,0.21088409423828125,0.023213878273963928,False,0.1889064460992813
vit_base_patch16_224,44,ILSVRC2012_val_00002159.JPEG,early,0,feature_modules[0],14,14,low_score_extreme,0.15,0,True,0.3263406753540039,0.08568906038999557,False,0.23121020197868347
vit_base_patch16_224,45,ILSVRC2012_val_00002176.JPEG,early,0,feature_modules[0],14,14,low_score_extreme,0.15,0,True,0.4799213409423828,0.06575247645378113,False,0.2326572686433792
vit_base_patch16_224,46,ILSVRC2012_val_00002183.JPEG,early,0,feature_modules[0],14,14,low_score_extreme,0.15,0,True,-0.5091075897216797,-0.10231781005859375,False,0.24026742577552795
vit_base_patch16_224,47,ILSVRC2012_val_00002184.JPEG,early,0,feature_modules[0],14,14,low_score_extreme,0.15,0,True,0.34243345260620117,0.11123305559158325,False,0.1849934607744217
vit_base_patch16_224,40,ILSVRC2012_val_00001753.JPEG,early,0,feature_modules[0],14,14,low_score_extreme,0.15,1,True,0.02801990509033203,0.056114524602890015,False,0.21820135414600372
vit_base_patch16_224,41,ILSVRC2012_val_00001925.JPEG,early,0,feature_modules[0],14,14,low_score_extreme,0.15,1,True,0.2122335433959961,0.06122481822967529,False,0.2223511040210724
vit_base_patch16_224,42,ILSVRC2012_val_00002002.JPEG,early,0,feature_modules[0],14,14,low_score_extreme,0.15,1,True,0.032985687255859375,0.008296109735965729,False,0.19216956198215485
vit_base_patch16_224,43,ILSVRC2012_val_00002073.JPEG,early,0,feature_modules[0],14,14,low_score_extreme,0.15,1,True,0.21088409423828125,0.023213878273963928,False,0.1889064460992813
vit_base_patch16_224,44,ILSVRC2012_val_00002159.JPEG,early,0,feature_modules[0],14,14,low_score_extreme,0.15,1,True,0.3263406753540039,0.08568906038999557,False,0.23121020197868347
vit_base_patch16_224,45,ILSVRC2012_val_00002176.JPEG,early,0,feature_modules[0],14,14,low_score_extreme,0.15,1,True,0.4799213409423828,0.06575247645378113,False,0.2326572686433792
vit_base_patch16_224,46,ILSVRC2012_val_00002183.JPEG,early,0,feature_modules[0],14,14,low_score_extreme,0.15,1,True,-0.5091075897216797,-0.10231781005859375,False,0.24026742577552795
vit_base_patch16_224,47,ILSVRC2012_val_00002184.JPEG,early,0,feature_modules[0],14,14,low_score_extreme,0.15,1,True,0.34243345260620117,0.11123305559158325,False,0.1849934607744217
vit_base_patch16_224,40,ILSVRC2012_val_00001753.JPEG,early,0,feature_modules[0],14,14,low_score_extreme,0.15,2,True,0.02801990509033203,0.056114524602890015,False,0.21820135414600372
vit_base_patch16_224,41,ILSVRC2012_val_00001925.JPEG,early,0,feature_modules[0],14,14,low_score_extreme,0.15,2,True,0.2122335433959961,0.06122481822967529,False,0.2223511040210724
vit_base_patch16_224,42,ILSVRC2012_val_00002002.JPEG,early,0,feature_modules[0],14,14,low_score_extreme,0.15,2,True,0.032985687255859375,0.008296109735965729,False,0.19216956198215485
vit_base_patch16_224,43,ILSVRC2012_val_00002073.JPEG,early,0,feature_modules[0],14,14,low_score_extreme,0.15,2,True,0.21088409423828125,0.023213878273963928,False,0.1889064460992813
vit_base_patch16_224,44,ILSVRC2012_val_00002159.JPEG,early,0,feature_modules[0],14,14,low_score_extreme,0.15,2,True,0.3263406753540039,0.08568906038999557,False,0.23121020197868347
vit_base_patch16_224,45,ILSVRC2012_val_00002176.JPEG,early,0,feature_modules[0],14,14,low_score_extreme,0.15,2,True,0.4799213409423828,0.06575247645378113,False,0.2326572686433792
vit_base_patch16_224,46,ILSVRC2012_val_00002183.JPEG,early,0,feature_modules[0],14,14,low_score_extreme,0.15,2,True,-0.5091075897216797,-0.10231781005859375,False,0.24026742577552795
vit_base_patch16_224,47,ILSVRC2012_val_00002184.JPEG,early,0,feature_modules[0],14,14,low_score_extreme,0.15,2,True,0.34243345260620117,0.11123305559158325,False,0.1849934607744217
vit_base_patch16_224,40,ILSVRC2012_val_00001753.JPEG,early,0,feature_modules[0],14,14,low_score_extreme,0.15,3,True,0.02801990509033203,0.056114524602890015,False,0.21820135414600372
vit_base_patch16_224,41,ILSVRC2012_val_00001925.JPEG,early,0,feature_modules[0],14,14,low_score_extreme,0.15,3,True,0.2122335433959961,0.06122481822967529,False,0.2223511040210724
vit_base_patch16_224,42,ILSVRC2012_val_00002002.JPEG,early,0,feature_modules[0],14,14,low_score_extreme,0.15,3,True,0.032985687255859375,0.008296109735965729,False,0.19216956198215485
vit_base_patch16_224,43,ILSVRC2012_val_00002073.JPEG,early,0,feature_modules[0],14,14,low_score_extreme,0.15,3,True,0.21088409423828125,0.023213878273963928,False,0.1889064460992813
vit_base_patch16_224,44,ILSVRC2012_val_00002159.JPEG,early,0,feature_modules[0],14,14,low_score_extreme,0.15,3,True,0.3263406753540039,0.08568906038999557,False,0.23121020197868347
vit_base_patch16_224,45,ILSVRC2012_val_00002176.JPEG,early,0,feature_modules[0],14,14,low_score_extreme,0.15,3,True,0.4799213409423828,0.06575247645378113,False,0.2326572686433792
vit_base_patch16_224,46,ILSVRC2012_val_00002183.JPEG,early,0,feature_modules[0],14,14,low_score_extreme,0.15,3,True,-0.5091075897216797,-0.10231781005859375,False,0.24026742577552795
vit_base_patch16_224,47,ILSVRC2012_val_00002184.JPEG,early,0,feature_modules[0],14,14,low_score_extreme,0.15,3,True,0.34243345260620117,0.11123305559158325,False,0.1849934607744217
vit_base_patch16_224,40,ILSVRC2012_val_00001753.JPEG,early,0,feature_modules[0],14,14,random_uniform,0.15,0,True,0.12517642974853516,0.058039456605911255,False,0.27462533116340637
vit_base_patch16_224,41,ILSVRC2012_val_00001925.JPEG,early,0,feature_modules[0],14,14,random_uniform,0.15,0,True,0.054245948791503906,-0.00012515485286712646,False,0.2602437734603882
vit_base_patch16_224,42,ILSVRC2012_val_00002002.JPEG,early,0,feature_modules[0],14,14,random_uniform,0.15,0,True,0.031584739685058594,0.00502467155456543,False,0.26511871814727783
vit_base_patch16_224,43,ILSVRC2012_val_00002073.JPEG,early,0,feature_modules[0],14,14,random_uniform,0.15,0,True,0.49683666229248047,0.07331007719039917,False,0.23161634802818298
vit_base_patch16_224,44,ILSVRC2012_val_00002159.JPEG,early,0,feature_modules[0],14,14,random_uniform,0.15,0,True,0.1860828399658203,0.024374105036258698,False,0.2933242619037628
vit_base_patch16_224,45,ILSVRC2012_val_00002176.JPEG,early,0,feature_modules[0],14,14,random_uniform,0.15,0,True,0.5568351745605469,0.08837999403476715,False,0.2802942097187042
vit_base_patch16_224,46,ILSVRC2012_val_00002183.JPEG,early,0,feature_modules[0],14,14,random_uniform,0.15,0,True,-0.14272689819335938,-0.03413766622543335,False,0.29782453179359436
vit_base_patch16_224,47,ILSVRC2012_val_00002184.JPEG,early,0,feature_modules[0],14,14,random_uniform,0.15,0,True,0.20636558532714844,0.07437548041343689,False,0.23440764844417572
vit_base_patch16_224,40,ILSVRC2012_val_00001753.JPEG,early,0,feature_modules[0],14,14,random_uniform,0.15,1,True,-0.23786354064941406,-0.02491512894630432,False,0.2675222158432007
vit_base_patch16_224,41,ILSVRC2012_val_00001925.JPEG,early,0,feature_modules[0],14,14,random_uniform,0.15,1,True,-0.0078887939453125,-0.00010184943675994873,False,0.2669394016265869
vit_base_patch16_224,42,ILSVRC2012_val_00002002.JPEG,early,0,feature_modules[0],14,14,random_uniform,0.15,1,True,-0.14697933197021484,-0.013223521411418915,False,0.2691182494163513
vit_base_patch16_224,43,ILSVRC2012_val_00002073.JPEG,early,0,feature_modules[0],14,14,random_uniform,0.15,1,True,0.14112091064453125,0.018987655639648438,False,0.2317509800195694
vit_base_patch16_224,44,ILSVRC2012_val_00002159.JPEG,early,0,feature_modules[0],14,14,random_uniform,0.15,1,True,0.2763652801513672,0.045840226113796234,False,0.28836968541145325
vit_base_patch16_224,45,ILSVRC2012_val_00002176.JPEG,early,0,feature_modules[0],14,14,random_uniform,0.15,1,True,0.5234432220458984,0.07526174187660217,False,0.2744847536087036
vit_base_patch16_224,46,ILSVRC2012_val_00002183.JPEG,early,0,feature_modules[0],14,14,random_uniform,0.15,1,True,-0.23401927947998047,-0.06318840384483337,False,0.28544536232948303
vit_base_patch16_224,47,ILSVRC2012_val_00002184.JPEG,early,0,feature_modules[0],14,14,random_uniform,0.15,1,True,0.005995750427246094,0.07814580202102661,False,0.22777636349201202
vit_base_patch16_224,40,ILSVRC2012_val_00001753.JPEG,early,0,feature_modules[0],14,14,random_uniform,0.15,2,True,-0.01880931854248047,0.05122092366218567,False,0.267103374004364
vit_base_patch16_224,41,ILSVRC2012_val_00001925.JPEG,early,0,feature_modules[0],14,14,random_uniform,0.15,2,True,-0.12002277374267578,-0.025300905108451843,False,0.26426970958709717
vit_base_patch16_224,42,ILSVRC2012_val_00002002.JPEG,early,0,feature_modules[0],14,14,random_uniform,0.15,2,True,0.06859970092773438,0.007321484386920929,False,0.25865915417671204
vit_base_patch16_224,43,ILSVRC2012_val_00002073.JPEG,early,0,feature_modules[0],14,14,random_uniform,0.15,2,True,0.4230375289916992,0.06206430494785309,False,0.23200185596942902
vit_base_patch16_224,44,ILSVRC2012_val_00002159.JPEG,early,0,feature_modules[0],14,14,random_uniform,0.15,2,True,0.17934513092041016,0.029306210577487946,False,0.2743797302246094
vit_base_patch16_224,45,ILSVRC2012_val_00002176.JPEG,early,0,feature_modules[0],14,14,random_uniform,0.15,2,True,0.7400875091552734,0.14568443596363068,False,0.2733086943626404
vit_base_patch16_224,46,ILSVRC2012_val_00002183.JPEG,early,0,feature_modules[0],14,14,random_uniform,0.15,2,True,-0.48523616790771484,-0.10742304474115372,False,0.2932971119880676
vit_base_patch16_224,47,ILSVRC2012_val_00002184.JPEG,early,0,feature_modules[0],14,14,random_uniform,0.15,2,True,-0.03704357147216797,0.06864064931869507,False,0.23102162778377533
vit_base_patch16_224,40,ILSVRC2012_val_00001753.JPEG,early,0,feature_modules[0],14,14,random_uniform,0.15,3,True,0.34085941314697266,0.20893481373786926,False,0.2688922882080078
vit_base_patch16_224,41,ILSVRC2012_val_00001925.JPEG,early,0,feature_modules[0],14,14,random_uniform,0.15,3,True,0.2239990234375,0.03631792962551117,False,0.2552834451198578
vit_base_patch16_224,42,ILSVRC2012_val_00002002.JPEG,early,0,feature_modules[0],14,14,random_uniform,0.15,3,True,-0.052768707275390625,-0.004932820796966553,False,0.255850613117218
vit_base_patch16_224,43,ILSVRC2012_val_00002073.JPEG,early,0,feature_modules[0],14,14,random_uniform,0.15,3,True,0.22835922241210938,0.02540053427219391,False,0.2307007610797882
vit_base_patch16_224,44,ILSVRC2012_val_00002159.JPEG,early,0,feature_modules[0],14,14,random_uniform,0.15,3,True,0.1834697723388672,0.027365244925022125,False,0.2953343987464905
vit_base_patch16_224,45,ILSVRC2012_val_00002176.JPEG,early,0,feature_modules[0],14,14,random_uniform,0.15,3,True,0.6419267654418945,0.11700160801410675,False,0.27470722794532776
vit_base_patch16_224,46,ILSVRC2012_val_00002183.JPEG,early,0,feature_modules[0],14,14,random_uniform,0.15,3,True,-0.0749673843383789,0.001301586627960205,False,0.2989259362220764
vit_base_patch16_224,47,ILSVRC2012_val_00002184.JPEG,early,0,feature_modules[0],14,14,random_uniform,0.15,3,True,0.19812870025634766,0.07852405309677124,False,0.2291051298379898
vit_base_patch16_224,40,ILSVRC2012_val_00001753.JPEG,early,0,feature_modules[0],14,14,score_deviation_extreme,0.15,0,True,0.0950613021850586,0.08409890532493591,False,0.25656238198280334
vit_base_patch16_224,41,ILSVRC2012_val_00001925.JPEG,early,0,feature_modules[0],14,14,score_deviation_extreme,0.15,0,True,0.1846027374267578,0.04137873649597168,False,0.2790243923664093
vit_base_patch16_224,42,ILSVRC2012_val_00002002.JPEG,early,0,feature_modules[0],14,14,score_deviation_extreme,0.15,0,True,0.11591529846191406,0.01211298257112503,False,0.21521764993667603
vit_base_patch16_224,43,ILSVRC2012_val_00002073.JPEG,early,0,feature_modules[0],14,14,score_deviation_extreme,0.15,0,True,0.046799659729003906,0.005616910755634308,False,0.25694939494132996
vit_base_patch16_224,44,ILSVRC2012_val_00002159.JPEG,early,0,feature_modules[0],14,14,score_deviation_extreme,0.15,0,True,0.26080894470214844,0.042776577174663544,False,0.2651929259300232
vit_base_patch16_224,45,ILSVRC2012_val_00002176.JPEG,early,0,feature_modules[0],14,14,score_deviation_extreme,0.15,0,True,0.3521747589111328,0.04428622126579285,False,0.2695775330066681
vit_base_patch16_224,46,ILSVRC2012_val_00002183.JPEG,early,0,feature_modules[0],14,14,score_deviation_extreme,0.15,0,True,-0.471160888671875,-0.099459707736969,False,0.2620779573917389
vit_base_patch16_224,47,ILSVRC2012_val_00002184.JPEG,early,0,feature_modules[0],14,14,score_deviation_extreme,0.15,0,True,-0.06566143035888672,-0.01017160713672638,False,0.24462710320949554
vit_base_patch16_224,40,ILSVRC2012_val_00001753.JPEG,early,0,feature_modules[0],14,14,score_deviation_extreme,0.15,1,True,0.0950613021850586,0.08409890532493591,False,0.25656238198280334
vit_base_patch16_224,41,ILSVRC2012_val_00001925.JPEG,early,0,feature_modules[0],14,14,score_deviation_extreme,0.15,1,True,0.1846027374267578,0.04137873649597168,False,0.2790243923664093
vit_base_patch16_224,42,ILSVRC2012_val_00002002.JPEG,early,0,feature_modules[0],14,14,score_deviation_extreme,0.15,1,True,0.11591529846191406,0.01211298257112503,False,0.21521764993667603
vit_base_patch16_224,43,ILSVRC2012_val_00002073.JPEG,early,0,feature_modules[0],14,14,score_deviation_extreme,0.15,1,True,0.046799659729003906,0.005616910755634308,False,0.25694939494132996
vit_base_patch16_224,44,ILSVRC2012_val_00002159.JPEG,early,0,feature_modules[0],14,14,score_deviation_extreme,0.15,1,True,0.26080894470214844,0.042776577174663544,False,0.2651929259300232
vit_base_patch16_224,45,ILSVRC2012_val_00002176.JPEG,early,0,feature_modules[0],14,14,score_deviation_extreme,0.15,1,True,0.3521747589111328,0.04428622126579285,False,0.2695775330066681
vit_base_patch16_224,46,ILSVRC2012_val_00002183.JPEG,early,0,feature_modules[0],14,14,score_deviation_extreme,0.15,1,True,-0.471160888671875,-0.099459707736969,False,0.2620779573917389
vit_base_patch16_224,47,ILSVRC2012_val_00002184.JPEG,early,0,feature_modules[0],14,14,score_deviation_extreme,0.15,1,True,-0.06566143035888672,-0.01017160713672638,False,0.24462710320949554
vit_base_patch16_224,40,ILSVRC2012_val_00001753.JPEG,early,0,feature_modules[0],14,14,score_deviation_extreme,0.15,2,True,0.0950613021850586,0.08409890532493591,False,0.25656238198280334
vit_base_patch16_224,41,ILSVRC2012_val_00001925.JPEG,early,0,feature_modules[0],14,14,score_deviation_extreme,0.15,2,True,0.1846027374267578,0.04137873649597168,False,0.2790243923664093
vit_base_patch16_224,42,ILSVRC2012_val_00002002.JPEG,early,0,feature_modules[0],14,14,score_deviation_extreme,0.15,2,True,0.11591529846191406,0.01211298257112503,False,0.21521764993667603
vit_base_patch16_224,43,ILSVRC2012_val_00002073.JPEG,early,0,feature_modules[0],14,14,score_deviation_extreme,0.15,2,True,0.046799659729003906,0.005616910755634308,False,0.25694939494132996
vit_base_patch16_224,44,ILSVRC2012_val_00002159.JPEG,early,0,feature_modules[0],14,14,score_deviation_extreme,0.15,2,True,0.26080894470214844,0.042776577174663544,False,0.2651929259300232
vit_base_patch16_224,45,ILSVRC2012_val_00002176.JPEG,early,0,feature_modules[0],14,14,score_deviation_extreme,0.15,2,True,0.3521747589111328,0.04428622126579285,False,0.2695775330066681
vit_base_patch16_224,46,ILSVRC2012_val_00002183.JPEG,early,0,feature_modules[0],14,14,score_deviation_extreme,0.15,2,True,-0.471160888671875,-0.099459707736969,False,0.2620779573917389
vit_base_patch16_224,47,ILSVRC2012_val_00002184.JPEG,early,0,feature_modules[0],14,14,score_deviation_extreme,0.15,2,True,-0.06566143035888672,-0.01017160713672638,False,0.24462710320949554
vit_base_patch16_224,40,ILSVRC2012_val_00001753.JPEG,early,0,feature_modules[0],14,14,score_deviation_extreme,0.15,3,True,0.0950613021850586,0.08409890532493591,False,0.25656238198280334
vit_base_patch16_224,41,ILSVRC2012_val_00001925.JPEG,early,0,feature_modules[0],14,14,score_deviation_extreme,0.15,3,True,0.1846027374267578,0.04137873649597168,False,0.2790243923664093
vit_base_patch16_224,42,ILSVRC2012_val_00002002.JPEG,early,0,feature_modules[0],14,14,score_deviation_extreme,0.15,3,True,0.11591529846191406,0.01211298257112503,False,0.21521764993667603
vit_base_patch16_224,43,ILSVRC2012_val_00002073.JPEG,early,0,feature_modules[0],14,14,score_deviation_extreme,0.15,3,True,0.046799659729003906,0.005616910755634308,False,0.25694939494132996
vit_base_patch16_224,44,ILSVRC2012_val_00002159.JPEG,early,0,feature_modules[0],14,14,score_deviation_extreme,0.15,3,True,0.26080894470214844,0.042776577174663544,False,0.2651929259300232
vit_base_patch16_224,45,ILSVRC2012_val_00002176.JPEG,early,0,feature_modules[0],14,14,score_deviation_extreme,0.15,3,True,0.3521747589111328,0.04428622126579285,False,0.2695775330066681
vit_base_patch16_224,46,ILSVRC2012_val_00002183.JPEG,early,0,feature_modules[0],14,14,score_deviation_extreme,0.15,3,True,-0.471160888671875,-0.099459707736969,False,0.2620779573917389
vit_base_patch16_224,47,ILSVRC2012_val_00002184.JPEG,early,0,feature_modules[0],14,14,score_deviation_extreme,0.15,3,True,-0.06566143035888672,-0.01017160713672638,False,0.24462710320949554
vit_base_patch16_224,40,ILSVRC2012_val_00001753.JPEG,mid,6,feature_modules[6],14,14,high_score_extreme,0.15,0,True,0.3983030319213867,0.13127711415290833,False,0.11920595169067383
vit_base_patch16_224,41,ILSVRC2012_val_00001925.JPEG,mid,6,feature_modules[6],14,14,high_score_extreme,0.15,0,True,0.14772891998291016,0.024903878569602966,False,0.13691368699073792
vit_base_patch16_224,42,ILSVRC2012_val_00002002.JPEG,mid,6,feature_modules[6],14,14,high_score_extreme,0.15,0,True,-0.05487346649169922,-0.005373425781726837,False,0.15834486484527588
vit_base_patch16_224,43,ILSVRC2012_val_00002073.JPEG,mid,6,feature_modules[6],14,14,high_score_extreme,0.15,0,True,0.04126453399658203,0.003205627202987671,False,0.12304122000932693
vit_base_patch16_224,44,ILSVRC2012_val_00002159.JPEG,mid,6,feature_modules[6],14,14,high_score_extreme,0.15,0,True,0.2550039291381836,0.039453424513339996,False,0.10710596293210983
vit_base_patch16_224,45,ILSVRC2012_val_00002176.JPEG,mid,6,feature_modules[6],14,14,high_score_extreme,0.15,0,True,0.21033763885498047,0.017427906394004822,False,0.13533121347427368
vit_base_patch16_224,46,ILSVRC2012_val_00002183.JPEG,mid,6,feature_modules[6],14,14,high_score_extreme,0.15,0,True,-0.07182121276855469,-0.036212533712387085,False,0.1173078790307045
vit_base_patch16_224,47,ILSVRC2012_val_00002184.JPEG,mid,6,feature_modules[6],14,14,high_score_extreme,0.15,0,True,0.0789632797241211,0.05166381597518921,False,0.11886055022478104
vit_base_patch16_224,40,ILSVRC2012_val_00001753.JPEG,mid,6,feature_modules[6],14,14,high_score_extreme,0.15,1,True,0.3983030319213867,0.13127711415290833,False,0.11920595169067383
vit_base_patch16_224,41,ILSVRC2012_val_00001925.JPEG,mid,6,feature_modules[6],14,14,high_score_extreme,0.15,1,True,0.14772891998291016,0.024903878569602966,False,0.13691368699073792
vit_base_patch16_224,42,ILSVRC2012_val_00002002.JPEG,mid,6,feature_modules[6],14,14,high_score_extreme,0.15,1,True,-0.05487346649169922,-0.005373425781726837,False,0.15834486484527588
vit_base_patch16_224,43,ILSVRC2012_val_00002073.JPEG,mid,6,feature_modules[6],14,14,high_score_extreme,0.15,1,True,0.04126453399658203,0.003205627202987671,False,0.12304122000932693
vit_base_patch16_224,44,ILSVRC2012_val_00002159.JPEG,mid,6,feature_modules[6],14,14,high_score_extreme,0.15,1,True,0.2550039291381836,0.039453424513339996,False,0.10710596293210983
vit_base_patch16_224,45,ILSVRC2012_val_00002176.JPEG,mid,6,feature_modules[6],14,14,high_score_extreme,0.15,1,True,0.21033763885498047,0.017427906394004822,False,0.13533121347427368
vit_base_patch16_224,46,ILSVRC2012_val_00002183.JPEG,mid,6,feature_modules[6],14,14,high_score_extreme,0.15,1,True,-0.07182121276855469,-0.036212533712387085,False,0.1173078790307045
vit_base_patch16_224,47,ILSVRC2012_val_00002184.JPEG,mid,6,feature_modules[6],14,14,high_score_extreme,0.15,1,True,0.0789632797241211,0.05166381597518921,False,0.11886055022478104
vit_base_patch16_224,40,ILSVRC2012_val_00001753.JPEG,mid,6,feature_modules[6],14,14,high_score_extreme,0.15,2,True,0.3983030319213867,0.13127711415290833,False,0.11920595169067383
vit_base_patch16_224,41,ILSVRC2012_val_00001925.JPEG,mid,6,feature_modules[6],14,14,high_score_extreme,0.15,2,True,0.14772891998291016,0.024903878569602966,False,0.13691368699073792
vit_base_patch16_224,42,ILSVRC2012_val_00002002.JPEG,mid,6,feature_modules[6],14,14,high_score_extreme,0.15,2,True,-0.05487346649169922,-0.005373425781726837,False,0.15834486484527588
vit_base_patch16_224,43,ILSVRC2012_val_00002073.JPEG,mid,6,feature_modules[6],14,14,high_score_extreme,0.15,2,True,0.04126453399658203,0.003205627202987671,False,0.12304122000932693
vit_base_patch16_224,44,ILSVRC2012_val_00002159.JPEG,mid,6,feature_modules[6],14,14,high_score_extreme,0.15,2,True,0.2550039291381836,0.039453424513339996,False,0.10710596293210983
vit_base_patch16_224,45,ILSVRC2012_val_00002176.JPEG,mid,6,feature_modules[6],14,14,high_score_extreme,0.15,2,True,0.21033763885498047,0.017427906394004822,False,0.13533121347427368
vit_base_patch16_224,46,ILSVRC2012_val_00002183.JPEG,mid,6,feature_modules[6],14,14,high_score_extreme,0.15,2,True,-0.07182121276855469,-0.036212533712387085,False,0.1173078790307045
vit_base_patch16_224,47,ILSVRC2012_val_00002184.JPEG,mid,6,feature_modules[6],14,14,high_score_extreme,0.15,2,True,0.0789632797241211,0.05166381597518921,False,0.11886055022478104
vit_base_patch16_224,40,ILSVRC2012_val_00001753.JPEG,mid,6,feature_modules[6],14,14,high_score_extreme,0.15,3,True,0.3983030319213867,0.13127711415290833,False,0.11920595169067383
vit_base_patch16_224,41,ILSVRC2012_val_00001925.JPEG,mid,6,feature_modules[6],14,14,high_score_extreme,0.15,3,True,0.14772891998291016,0.024903878569602966,False,0.13691368699073792
vit_base_patch16_224,42,ILSVRC2012_val_00002002.JPEG,mid,6,feature_modules[6],14,14,high_score_extreme,0.15,3,True,-0.05487346649169922,-0.005373425781726837,False,0.15834486484527588
vit_base_patch16_224,43,ILSVRC2012_val_00002073.JPEG,mid,6,feature_modules[6],14,14,high_score_extreme,0.15,3,True,0.04126453399658203,0.003205627202987671,False,0.12304122000932693
vit_base_patch16_224,44,ILSVRC2012_val_00002159.JPEG,mid,6,feature_modules[6],14,14,high_score_extreme,0.15,3,True,0.2550039291381836,0.039453424513339996,False,0.10710596293210983
vit_base_patch16_224,45,ILSVRC2012_val_00002176.JPEG,mid,6,feature_modules[6],14,14,high_score_extreme,0.15,3,True,0.21033763885498047,0.017427906394004822,False,0.13533121347427368
vit_base_patch16_224,46,ILSVRC2012_val_00002183.JPEG,mid,6,feature_modules[6],14,14,high_score_extreme,0.15,3,True,-0.07182121276855469,-0.036212533712387085,False,0.1173078790307045
vit_base_patch16_224,47,ILSVRC2012_val_00002184.JPEG,mid,6,feature_modules[6],14,14,high_score_extreme,0.15,3,True,0.0789632797241211,0.05166381597518921,False,0.11886055022478104
vit_base_patch16_224,40,ILSVRC2012_val_00001753.JPEG,mid,6,feature_modules[6],14,14,low_score_extreme,0.15,0,True,1.209547996520996,0.9546725749969482,True,-0.005568815860897303
vit_base_patch16_224,41,ILSVRC2012_val_00001925.JPEG,mid,6,feature_modules[6],14,14,low_score_extreme,0.15,0,True,0.10860633850097656,0.023837924003601074,False,0.044474322348833084
vit_base_patch16_224,42,ILSVRC2012_val_00002002.JPEG,mid,6,feature_modules[6],14,14,low_score_extreme,0.15,0,True,0.05859947204589844,0.005074582993984222,False,0.006150605157017708
vit_base_patch16_224,43,ILSVRC2012_val_00002073.JPEG,mid,6,feature_modules[6],14,14,low_score_extreme,0.15,0,True,0.1812906265258789,0.019395142793655396,False,-0.007355693727731705
vit_base_patch16_224,44,ILSVRC2012_val_00002159.JPEG,mid,6,feature_modules[6],14,14,low_score_extreme,0.15,0,True,0.3210868835449219,0.06319711357355118,False,-0.010586299002170563
vit_base_patch16_224,45,ILSVRC2012_val_00002176.JPEG,mid,6,feature_modules[6],14,14,low_score_extreme,0.15,0,True,0.30428504943847656,0.03524355590343475,False,0.040031030774116516
vit_base_patch16_224,46,ILSVRC2012_val_00002183.JPEG,mid,6,feature_modules[6],14,14,low_score_extreme,0.15,0,True,-0.1816234588623047,-0.04432518780231476,False,-0.008725684136152267
vit_base_patch16_224,47,ILSVRC2012_val_00002184.JPEG,mid,6,feature_modules[6],14,14,low_score_extreme,0.15,0,True,0.13013553619384766,0.07928186655044556,False,0.0032815388403832912
vit_base_patch16_224,40,ILSVRC2012_val_00001753.JPEG,mid,6,feature_modules[6],14,14,low_score_extreme,0.15,1,True,1.209547996520996,0.9546725749969482,True,-0.005568815860897303
vit_base_patch16_224,41,ILSVRC2012_val_00001925.JPEG,mid,6,feature_modules[6],14,14,low_score_extreme,0.15,1,True,0.10860633850097656,0.023837924003601074,False,0.044474322348833084
vit_base_patch16_224,42,ILSVRC2012_val_00002002.JPEG,mid,6,feature_modules[6],14,14,low_score_extreme,0.15,1,True,0.05859947204589844,0.005074582993984222,False,0.006150605157017708
vit_base_patch16_224,43,ILSVRC2012_val_00002073.JPEG,mid,6,feature_modules[6],14,14,low_score_extreme,0.15,1,True,0.1812906265258789,0.019395142793655396,False,-0.007355693727731705
vit_base_patch16_224,44,ILSVRC2012_val_00002159.JPEG,mid,6,feature_modules[6],14,14,low_score_extreme,0.15,1,True,0.3210868835449219,0.06319711357355118,False,-0.010586299002170563
vit_base_patch16_224,45,ILSVRC2012_val_00002176.JPEG,mid,6,feature_modules[6],14,14,low_score_extreme,0.15,1,True,0.30428504943847656,0.03524355590343475,False,0.040031030774116516
vit_base_patch16_224,46,ILSVRC2012_val_00002183.JPEG,mid,6,feature_modules[6],14,14,low_score_extreme,0.15,1,True,-0.1816234588623047,-0.04432518780231476,False,-0.008725684136152267
vit_base_patch16_224,47,ILSVRC2012_val_00002184.JPEG,mid,6,feature_modules[6],14,14,low_score_extreme,0.15,1,True,0.13013553619384766,0.07928186655044556,False,0.0032815388403832912
vit_base_patch16_224,40,ILSVRC2012_val_00001753.JPEG,mid,6,feature_modules[6],14,14,low_score_extreme,0.15,2,True,1.209547996520996,0.9546725749969482,True,-0.005568815860897303
vit_base_patch16_224,41,ILSVRC2012_val_00001925.JPEG,mid,6,feature_modules[6],14,14,low_score_extreme,0.15,2,True,0.10860633850097656,0.023837924003601074,False,0.044474322348833084
vit_base_patch16_224,42,ILSVRC2012_val_00002002.JPEG,mid,6,feature_modules[6],14,14,low_score_extreme,0.15,2,True,0.05859947204589844,0.005074582993984222,False,0.006150605157017708
vit_base_patch16_224,43,ILSVRC2012_val_00002073.JPEG,mid,6,feature_modules[6],14,14,low_score_extreme,0.15,2,True,0.1812906265258789,0.019395142793655396,False,-0.007355693727731705
vit_base_patch16_224,44,ILSVRC2012_val_00002159.JPEG,mid,6,feature_modules[6],14,14,low_score_extreme,0.15,2,True,0.3210868835449219,0.06319711357355118,False,-0.010586299002170563
vit_base_patch16_224,45,ILSVRC2012_val_00002176.JPEG,mid,6,feature_modules[6],14,14,low_score_extreme,0.15,2,True,0.30428504943847656,0.03524355590343475,False,0.040031030774116516
vit_base_patch16_224,46,ILSVRC2012_val_00002183.JPEG,mid,6,feature_modules[6],14,14,low_score_extreme,0.15,2,True,-0.1816234588623047,-0.04432518780231476,False,-0.008725684136152267
vit_base_patch16_224,47,ILSVRC2012_val_00002184.JPEG,mid,6,feature_modules[6],14,14,low_score_extreme,0.15,2,True,0.13013553619384766,0.07928186655044556,False,0.0032815388403832912
vit_base_patch16_224,40,ILSVRC2012_val_00001753.JPEG,mid,6,feature_modules[6],14,14,low_score_extreme,0.15,3,True,1.209547996520996,0.9546725749969482,True,-0.005568815860897303
vit_base_patch16_224,41,ILSVRC2012_val_00001925.JPEG,mid,6,feature_modules[6],14,14,low_score_extreme,0.15,3,True,0.10860633850097656,0.023837924003601074,False,0.044474322348833084
vit_base_patch16_224,42,ILSVRC2012_val_00002002.JPEG,mid,6,feature_modules[6],14,14,low_score_extreme,0.15,3,True,0.05859947204589844,0.005074582993984222,False,0.006150605157017708
vit_base_patch16_224,43,ILSVRC2012_val_00002073.JPEG,mid,6,feature_modules[6],14,14,low_score_extreme,0.15,3,True,0.1812906265258789,0.019395142793655396,False,-0.007355693727731705
vit_base_patch16_224,44,ILSVRC2012_val_00002159.JPEG,mid,6,feature_modules[6],14,14,low_score_extreme,0.15,3,True,0.3210868835449219,0.06319711357355118,False,-0.010586299002170563
vit_base_patch16_224,45,ILSVRC2012_val_00002176.JPEG,mid,6,feature_modules[6],14,14,low_score_extreme,0.15,3,True,0.30428504943847656,0.03524355590343475,False,0.040031030774116516
vit_base_patch16_224,46,ILSVRC2012_val_00002183.JPEG,mid,6,feature_modules[6],14,14,low_score_extreme,0.15,3,True,-0.1816234588623047,-0.04432518780231476,False,-0.008725684136152267
vit_base_patch16_224,47,ILSVRC2012_val_00002184.JPEG,mid,6,feature_modules[6],14,14,low_score_extreme,0.15,3,True,0.13013553619384766,0.07928186655044556,False,0.0032815388403832912
vit_base_patch16_224,40,ILSVRC2012_val_00001753.JPEG,mid,6,feature_modules[6],14,14,random_uniform,0.15,0,True,0.06894302368164062,0.08087596297264099,False,0.04356173798441887
vit_base_patch16_224,41,ILSVRC2012_val_00001925.JPEG,mid,6,feature_modules[6],14,14,random_uniform,0.15,0,True,0.05379486083984375,0.0120135098695755,False,0.08514060825109482
vit_base_patch16_224,42,ILSVRC2012_val_00002002.JPEG,mid,6,feature_modules[6],14,14,random_uniform,0.15,0,True,-0.05410575866699219,-0.0042836591601371765,False,0.0710291713476181
vit_base_patch16_224,43,ILSVRC2012_val_00002073.JPEG,mid,6,feature_modules[6],14,14,random_uniform,0.15,0,True,0.09503650665283203,0.008876502513885498,False,0.05552501603960991
vit_base_patch16_224,44,ILSVRC2012_val_00002159.JPEG,mid,6,feature_modules[6],14,14,random_uniform,0.15,0,True,0.09709358215332031,0.0137396901845932,False,0.04006529971957207
vit_base_patch16_224,45,ILSVRC2012_val_00002176.JPEG,mid,6,feature_modules[6],14,14,random_uniform,0.15,0,True,0.40151500701904297,0.054916635155677795,False,0.07887043058872223
vit_base_patch16_224,46,ILSVRC2012_val_00002183.JPEG,mid,6,feature_modules[6],14,14,random_uniform,0.15,0,True,-0.30057430267333984,-0.07319675385951996,False,0.04981463402509689
vit_base_patch16_224,47,ILSVRC2012_val_00002184.JPEG,mid,6,feature_modules[6],14,14,random_uniform,0.15,0,True,0.11731147766113281,0.07861995697021484,False,0.0639505386352539
vit_base_patch16_224,40,ILSVRC2012_val_00001753.JPEG,mid,6,feature_modules[6],14,14,random_uniform,0.15,1,True,0.5867786407470703,0.2682100832462311,False,0.05723924562335014
vit_base_patch16_224,41,ILSVRC2012_val_00001925.JPEG,mid,6,feature_modules[6],14,14,random_uniform,0.15,1,True,0.009472846984863281,-0.007954120635986328,False,0.10548819601535797
vit_base_patch16_224,42,ILSVRC2012_val_00002002.JPEG,mid,6,feature_modules[6],14,14,random_uniform,0.15,1,True,-0.007191658020019531,-0.0008890032768249512,False,0.0705527737736702
vit_base_patch16_224,43,ILSVRC2012_val_00002073.JPEG,mid,6,feature_modules[6],14,14,random_uniform,0.15,1,True,-0.0013132095336914062,-0.0017820224165916443,False,0.05386123061180115
vit_base_patch16_224,44,ILSVRC2012_val_00002159.JPEG,mid,6,feature_modules[6],14,14,random_uniform,0.15,1,True,0.1730489730834961,0.021949313580989838,False,0.0324370302259922
vit_base_patch16_224,45,ILSVRC2012_val_00002176.JPEG,mid,6,feature_modules[6],14,14,random_uniform,0.15,1,True,0.44595909118652344,0.07454094290733337,False,0.07931549847126007
vit_base_patch16_224,46,ILSVRC2012_val_00002183.JPEG,mid,6,feature_modules[6],14,14,random_uniform,0.15,1,True,-0.021572113037109375,0.004895523190498352,False,0.032839979976415634
vit_base_patch16_224,47,ILSVRC2012_val_00002184.JPEG,mid,6,feature_modules[6],14,14,random_uniform,0.15,1,True,-0.17429351806640625,0.0003231465816497803,False,0.05223584175109863
vit_base_patch16_224,40,ILSVRC2012_val_00001753.JPEG,mid,6,feature_modules[6],14,14,random_uniform,0.15,2,True,0.19770336151123047,0.10075715184211731,False,0.05326959118247032
vit_base_patch16_224,41,ILSVRC2012_val_00001925.JPEG,mid,6,feature_modules[6],14,14,random_uniform,0.15,2,True,-0.1378793716430664,-0.015761643648147583,False,0.08625755459070206
vit_base_patch16_224,42,ILSVRC2012_val_00002002.JPEG,mid,6,feature_modules[6],14,14,random_uniform,0.15,2,True,0.05495738983154297,0.005834005773067474,False,0.08775978535413742
vit_base_patch16_224,43,ILSVRC2012_val_00002073.JPEG,mid,6,feature_modules[6],14,14,random_uniform,0.15,2,True,0.5862102508544922,0.08298186957836151,False,0.04981704428792
vit_base_patch16_224,44,ILSVRC2012_val_00002159.JPEG,mid,6,feature_modules[6],14,14,random_uniform,0.15,2,True,0.2849283218383789,0.03693368285894394,False,0.04409419372677803
vit_base_patch16_224,45,ILSVRC2012_val_00002176.JPEG,mid,6,feature_modules[6],14,14,random_uniform,0.15,2,True,0.34172630310058594,0.0402742475271225,False,0.07616037130355835
vit_base_patch16_224,46,ILSVRC2012_val_00002183.JPEG,mid,6,feature_modules[6],14,14,random_uniform,0.15,2,True,-0.03952598571777344,-0.00614166259765625,False,0.04234687238931656
vit_base_patch16_224,47,ILSVRC2012_val_00002184.JPEG,mid,6,feature_modules[6],14,14,random_uniform,0.15,2,True,-0.16730403900146484,0.061700284481048584,False,0.049684781581163406
vit_base_patch16_224,40,ILSVRC2012_val_00001753.JPEG,mid,6,feature_modules[6],14,14,random_uniform,0.15,3,True,0.2306833267211914,0.08341750502586365,False,0.04521111026406288
vit_base_patch16_224,41,ILSVRC2012_val_00001925.JPEG,mid,6,feature_modules[6],14,14,random_uniform,0.15,3,True,-0.011050224304199219,-0.007228970527648926,False,0.08964206278324127
vit_base_patch16_224,42,ILSVRC2012_val_00002002.JPEG,mid,6,feature_modules[6],14,14,random_uniform,0.15,3,True,0.007306098937988281,0.0012209340929985046,False,0.0874134749174118
vit_base_patch16_224,43,ILSVRC2012_val_00002073.JPEG,mid,6,feature_modules[6],14,14,random_uniform,0.15,3,True,-0.022939682006835938,-0.003516770899295807,False,0.04195648804306984
vit_base_patch16_224,44,ILSVRC2012_val_00002159.JPEG,mid,6,feature_modules[6],14,14,random_uniform,0.15,3,True,0.26941680908203125,0.055716343224048615,False,0.03665347397327423
vit_base_patch16_224,45,ILSVRC2012_val_00002176.JPEG,mid,6,feature_modules[6],14,14,random_uniform,0.15,3,True,0.6533889770507812,0.12256188690662384,False,0.08413500338792801
vit_base_patch16_224,46,ILSVRC2012_val_00002183.JPEG,mid,6,feature_modules[6],14,14,random_uniform,0.15,3,True,-0.13640880584716797,-0.03182508051395416,False,0.043542902916669846
vit_base_patch16_224,47,ILSVRC2012_val_00002184.JPEG,mid,6,feature_modules[6],14,14,random_uniform,0.15,3,True,0.04115581512451172,0.046192824840545654,False,0.044479358941316605
vit_base_patch16_224,40,ILSVRC2012_val_00001753.JPEG,mid,6,feature_modules[6],14,14,score_deviation_extreme,0.15,0,True,0.5892038345336914,0.20994064211845398,False,0.09309114515781403
vit_base_patch16_224,41,ILSVRC2012_val_00001925.JPEG,mid,6,feature_modules[6],14,14,score_deviation_extreme,0.15,0,True,0.2609539031982422,0.06257133185863495,False,0.09046386927366257
vit_base_patch16_224,42,ILSVRC2012_val_00002002.JPEG,mid,6,feature_modules[6],14,14,score_deviation_extreme,0.15,0,True,0.10866069793701172,0.010632514953613281,False,0.09385427832603455
vit_base_patch16_224,43,ILSVRC2012_val_00002073.JPEG,mid,6,feature_modules[6],14,14,score_deviation_extreme,0.15,0,True,0.014676094055175781,0.0009130164980888367,False,0.09474547207355499
vit_base_patch16_224,44,ILSVRC2012_val_00002159.JPEG,mid,6,feature_modules[6],14,14,score_deviation_extreme,0.15,0,True,0.25237178802490234,0.04368021339178085,False,0.0780310183763504
vit_base_patch16_224,45,ILSVRC2012_val_00002176.JPEG,mid,6,feature_modules[6],14,14,score_deviation_extreme,0.15,0,True,0.47252845764160156,0.06340524554252625,False,0.1153283640742302
vit_base_patch16_224,46,ILSVRC2012_val_00002183.JPEG,mid,6,feature_modules[6],14,14,score_deviation_extreme,0.15,0,True,-0.0056591033935546875,-0.011950075626373291,False,0.0727761834859848
vit_base_patch16_224,47,ILSVRC2012_val_00002184.JPEG,mid,6,feature_modules[6],14,14,score_deviation_extreme,0.15,0,True,0.31964540481567383,0.11263805627822876,False,0.0926826149225235
vit_base_patch16_224,40,ILSVRC2012_val_00001753.JPEG,mid,6,feature_modules[6],14,14,score_deviation_extreme,0.15,1,True,0.5892038345336914,0.20994064211845398,False,0.09309114515781403
vit_base_patch16_224,41,ILSVRC2012_val_00001925.JPEG,mid,6,feature_modules[6],14,14,score_deviation_extreme,0.15,1,True,0.2609539031982422,0.06257133185863495,False,0.09046386927366257
vit_base_patch16_224,42,ILSVRC2012_val_00002002.JPEG,mid,6,feature_modules[6],14,14,score_deviation_extreme,0.15,1,True,0.10866069793701172,0.010632514953613281,False,0.09385427832603455
vit_base_patch16_224,43,ILSVRC2012_val_00002073.JPEG,mid,6,feature_modules[6],14,14,score_deviation_extreme,0.15,1,True,0.014676094055175781,0.0009130164980888367,False,0.09474547207355499
vit_base_patch16_224,44,ILSVRC2012_val_00002159.JPEG,mid,6,feature_modules[6],14,14,score_deviation_extreme,0.15,1,True,0.25237178802490234,0.04368021339178085,False,0.0780310183763504
vit_base_patch16_224,45,ILSVRC2012_val_00002176.JPEG,mid,6,feature_modules[6],14,14,score_deviation_extreme,0.15,1,True,0.47252845764160156,0.06340524554252625,False,0.1153283640742302
vit_base_patch16_224,46,ILSVRC2012_val_00002183.JPEG,mid,6,feature_modules[6],14,14,score_deviation_extreme,0.15,1,True,-0.0056591033935546875,-0.011950075626373291,False,0.0727761834859848
vit_base_patch16_224,47,ILSVRC2012_val_00002184.JPEG,mid,6,feature_modules[6],14,14,score_deviation_extreme,0.15,1,True,0.31964540481567383,0.11263805627822876,False,0.0926826149225235
vit_base_patch16_224,40,ILSVRC2012_val_00001753.JPEG,mid,6,feature_modules[6],14,14,score_deviation_extreme,0.15,2,True,0.5892038345336914,0.20994064211845398,False,0.09309114515781403
vit_base_patch16_224,41,ILSVRC2012_val_00001925.JPEG,mid,6,feature_modules[6],14,14,score_deviation_extreme,0.15,2,True,0.2609539031982422,0.06257133185863495,False,0.09046386927366257
vit_base_patch16_224,42,ILSVRC2012_val_00002002.JPEG,mid,6,feature_modules[6],14,14,score_deviation_extreme,0.15,2,True,0.10866069793701172,0.010632514953613281,False,0.09385427832603455
vit_base_patch16_224,43,ILSVRC2012_val_00002073.JPEG,mid,6,feature_modules[6],14,14,score_deviation_extreme,0.15,2,True,0.014676094055175781,0.0009130164980888367,False,0.09474547207355499
vit_base_patch16_224,44,ILSVRC2012_val_00002159.JPEG,mid,6,feature_modules[6],14,14,score_deviation_extreme,0.15,2,True,0.25237178802490234,0.04368021339178085,False,0.0780310183763504
vit_base_patch16_224,45,ILSVRC2012_val_00002176.JPEG,mid,6,feature_modules[6],14,14,score_deviation_extreme,0.15,2,True,0.47252845764160156,0.06340524554252625,False,0.1153283640742302
vit_base_patch16_224,46,ILSVRC2012_val_00002183.JPEG,mid,6,feature_modules[6],14,14,score_deviation_extreme,0.15,2,True,-0.0056591033935546875,-0.011950075626373291,False,0.0727761834859848
vit_base_patch16_224,47,ILSVRC2012_val_00002184.JPEG,mid,6,feature_modules[6],14,14,score_deviation_extreme,0.15,2,True,0.31964540481567383,0.11263805627822876,False,0.0926826149225235
vit_base_patch16_224,40,ILSVRC2012_val_00001753.JPEG,mid,6,feature_modules[6],14,14,score_deviation_extreme,0.15,3,True,0.5892038345336914,0.20994064211845398,False,0.09309114515781403
vit_base_patch16_224,41,ILSVRC2012_val_00001925.JPEG,mid,6,feature_modules[6],14,14,score_deviation_extreme,0.15,3,True,0.2609539031982422,0.06257133185863495,False,0.09046386927366257
vit_base_patch16_224,42,ILSVRC2012_val_00002002.JPEG,mid,6,feature_modules[6],14,14,score_deviation_extreme,0.15,3,True,0.10866069793701172,0.010632514953613281,False,0.09385427832603455
vit_base_patch16_224,43,ILSVRC2012_val_00002073.JPEG,mid,6,feature_modules[6],14,14,score_deviation_extreme,0.15,3,True,0.014676094055175781,0.0009130164980888367,False,0.09474547207355499
vit_base_patch16_224,44,ILSVRC2012_val_00002159.JPEG,mid,6,feature_modules[6],14,14,score_deviation_extreme,0.15,3,True,0.25237178802490234,0.04368021339178085,False,0.0780310183763504
vit_base_patch16_224,45,ILSVRC2012_val_00002176.JPEG,mid,6,feature_modules[6],14,14,score_deviation_extreme,0.15,3,True,0.47252845764160156,0.06340524554252625,False,0.1153283640742302
vit_base_patch16_224,46,ILSVRC2012_val_00002183.JPEG,mid,6,feature_modules[6],14,14,score_deviation_extreme,0.15,3,True,-0.0056591033935546875,-0.011950075626373291,False,0.0727761834859848
vit_base_patch16_224,47,ILSVRC2012_val_00002184.JPEG,mid,6,feature_modules[6],14,14,score_deviation_extreme,0.15,3,True,0.31964540481567383,0.11263805627822876,False,0.0926826149225235
vit_base_patch16_224,40,ILSVRC2012_val_00001753.JPEG,final,11,blocks[11],14,14,high_score_extreme,0.15,0,True,0.4485025405883789,0.1698201596736908,False,0.8492705225944519
vit_base_patch16_224,41,ILSVRC2012_val_00001925.JPEG,final,11,blocks[11],14,14,high_score_extreme,0.15,0,True,0.07428169250488281,0.004793211817741394,False,0.8979202508926392
vit_base_patch16_224,42,ILSVRC2012_val_00002002.JPEG,final,11,blocks[11],14,14,high_score_extreme,0.15,0,True,-0.036487579345703125,-0.00359179824590683,False,0.8950645327568054
vit_base_patch16_224,43,ILSVRC2012_val_00002073.JPEG,final,11,blocks[11],14,14,high_score_extreme,0.15,0,True,0.44570159912109375,0.06584717333316803,False,0.9179221987724304
vit_base_patch16_224,44,ILSVRC2012_val_00002159.JPEG,final,11,blocks[11],14,14,high_score_extreme,0.15,0,True,0.14638710021972656,0.02496735006570816,False,0.917802631855011
vit_base_patch16_224,45,ILSVRC2012_val_00002176.JPEG,final,11,blocks[11],14,14,high_score_extreme,0.15,0,True,0.7426633834838867,0.12359832227230072,False,0.9195685386657715
vit_base_patch16_224,46,ILSVRC2012_val_00002183.JPEG,final,11,blocks[11],14,14,high_score_extreme,0.15,0,True,-0.26506805419921875,-0.06243374943733215,False,0.8922941088676453
vit_base_patch16_224,47,ILSVRC2012_val_00002184.JPEG,final,11,blocks[11],14,14,high_score_extreme,0.15,0,True,-0.14830398559570312,-0.025143608450889587,False,0.8648419976234436
vit_base_patch16_224,40,ILSVRC2012_val_00001753.JPEG,final,11,blocks[11],14,14,high_score_extreme,0.15,1,True,0.4485025405883789,0.1698201596736908,False,0.8492705225944519
vit_base_patch16_224,41,ILSVRC2012_val_00001925.JPEG,final,11,blocks[11],14,14,high_score_extreme,0.15,1,True,0.07428169250488281,0.004793211817741394,False,0.8979202508926392
vit_base_patch16_224,42,ILSVRC2012_val_00002002.JPEG,final,11,blocks[11],14,14,high_score_extreme,0.15,1,True,-0.036487579345703125,-0.00359179824590683,False,0.8950645327568054
vit_base_patch16_224,43,ILSVRC2012_val_00002073.JPEG,final,11,blocks[11],14,14,high_score_extreme,0.15,1,True,0.44570159912109375,0.06584717333316803,False,0.9179221987724304
vit_base_patch16_224,44,ILSVRC2012_val_00002159.JPEG,final,11,blocks[11],14,14,high_score_extreme,0.15,1,True,0.14638710021972656,0.02496735006570816,False,0.917802631855011
vit_base_patch16_224,45,ILSVRC2012_val_00002176.JPEG,final,11,blocks[11],14,14,high_score_extreme,0.15,1,True,0.7426633834838867,0.12359832227230072,False,0.9195685386657715
vit_base_patch16_224,46,ILSVRC2012_val_00002183.JPEG,final,11,blocks[11],14,14,high_score_extreme,0.15,1,True,-0.26506805419921875,-0.06243374943733215,False,0.8922941088676453
vit_base_patch16_224,47,ILSVRC2012_val_00002184.JPEG,final,11,blocks[11],14,14,high_score_extreme,0.15,1,True,-0.14830398559570312,-0.025143608450889587,False,0.8648419976234436
vit_base_patch16_224,40,ILSVRC2012_val_00001753.JPEG,final,11,blocks[11],14,14,high_score_extreme,0.15,2,True,0.4485025405883789,0.1698201596736908,False,0.8492705225944519
vit_base_patch16_224,41,ILSVRC2012_val_00001925.JPEG,final,11,blocks[11],14,14,high_score_extreme,0.15,2,True,0.07428169250488281,0.004793211817741394,False,0.8979202508926392
vit_base_patch16_224,42,ILSVRC2012_val_00002002.JPEG,final,11,blocks[11],14,14,high_score_extreme,0.15,2,True,-0.036487579345703125,-0.00359179824590683,False,0.8950645327568054
vit_base_patch16_224,43,ILSVRC2012_val_00002073.JPEG,final,11,blocks[11],14,14,high_score_extreme,0.15,2,True,0.44570159912109375,0.06584717333316803,False,0.9179221987724304
vit_base_patch16_224,44,ILSVRC2012_val_00002159.JPEG,final,11,blocks[11],14,14,high_score_extreme,0.15,2,True,0.14638710021972656,0.02496735006570816,False,0.917802631855011
vit_base_patch16_224,45,ILSVRC2012_val_00002176.JPEG,final,11,blocks[11],14,14,high_score_extreme,0.15,2,True,0.7426633834838867,0.12359832227230072,False,0.9195685386657715
vit_base_patch16_224,46,ILSVRC2012_val_00002183.JPEG,final,11,blocks[11],14,14,high_score_extreme,0.15,2,True,-0.26506805419921875,-0.06243374943733215,False,0.8922941088676453
vit_base_patch16_224,47,ILSVRC2012_val_00002184.JPEG,final,11,blocks[11],14,14,high_score_extreme,0.15,2,True,-0.14830398559570312,-0.025143608450889587,False,0.8648419976234436
vit_base_patch16_224,40,ILSVRC2012_val_00001753.JPEG,final,11,blocks[11],14,14,high_score_extreme,0.15,3,True,0.4485025405883789,0.1698201596736908,False,0.8492705225944519
vit_base_patch16_224,41,ILSVRC2012_val_00001925.JPEG,final,11,blocks[11],14,14,high_score_extreme,0.15,3,True,0.07428169250488281,0.004793211817741394,False,0.8979202508926392
vit_base_patch16_224,42,ILSVRC2012_val_00002002.JPEG,final,11,blocks[11],14,14,high_score_extreme,0.15,3,True,-0.036487579345703125,-0.00359179824590683,False,0.8950645327568054
vit_base_patch16_224,43,ILSVRC2012_val_00002073.JPEG,final,11,blocks[11],14,14,high_score_extreme,0.15,3,True,0.44570159912109375,0.06584717333316803,False,0.9179221987724304
vit_base_patch16_224,44,ILSVRC2012_val_00002159.JPEG,final,11,blocks[11],14,14,high_score_extreme,0.15,3,True,0.14638710021972656,0.02496735006570816,False,0.917802631855011
vit_base_patch16_224,45,ILSVRC2012_val_00002176.JPEG,final,11,blocks[11],14,14,high_score_extreme,0.15,3,True,0.7426633834838867,0.12359832227230072,False,0.9195685386657715
vit_base_patch16_224,46,ILSVRC2012_val_00002183.JPEG,final,11,blocks[11],14,14,high_score_extreme,0.15,3,True,-0.26506805419921875,-0.06243374943733215,False,0.8922941088676453
vit_base_patch16_224,47,ILSVRC2012_val_00002184.JPEG,final,11,blocks[11],14,14,high_score_extreme,0.15,3,True,-0.14830398559570312,-0.025143608450889587,False,0.8648419976234436
vit_base_patch16_224,40,ILSVRC2012_val_00001753.JPEG,final,11,blocks[11],14,14,low_score_extreme,0.15,0,True,0.1419229507446289,0.055965304374694824,False,0.5564984679222107
vit_base_patch16_224,41,ILSVRC2012_val_00001925.JPEG,final,11,blocks[11],14,14,low_score_extreme,0.15,0,True,0.024961471557617188,0.005310133099555969,False,0.6205446124076843
vit_base_patch16_224,42,ILSVRC2012_val_00002002.JPEG,final,11,blocks[11],14,14,low_score_extreme,0.15,0,True,0.06300926208496094,0.006067946553230286,False,0.682680070400238
vit_base_patch16_224,43,ILSVRC2012_val_00002073.JPEG,final,11,blocks[11],14,14,low_score_extreme,0.15,0,True,-0.013250350952148438,-0.0029476583003997803,False,0.6296427845954895
vit_base_patch16_224,44,ILSVRC2012_val_00002159.JPEG,final,11,blocks[11],14,14,low_score_extreme,0.15,0,True,0.1867971420288086,0.021649837493896484,False,0.5509688854217529
vit_base_patch16_224,45,ILSVRC2012_val_00002176.JPEG,final,11,blocks[11],14,14,low_score_extreme,0.15,0,True,0.1415691375732422,0.011789187788963318,False,0.5654512047767639
vit_base_patch16_224,46,ILSVRC2012_val_00002183.JPEG,final,11,blocks[11],14,14,low_score_extreme,0.15,0,True,0.10832786560058594,0.010885804891586304,False,0.5417436957359314
vit_base_patch16_224,47,ILSVRC2012_val_00002184.JPEG,final,11,blocks[11],14,14,low_score_extreme,0.15,0,True,0.04162120819091797,0.04309403896331787,False,0.6646609902381897
vit_base_patch16_224,40,ILSVRC2012_val_00001753.JPEG,final,11,blocks[11],14,14,low_score_extreme,0.15,1,True,0.1419229507446289,0.055965304374694824,False,0.5564984679222107
vit_base_patch16_224,41,ILSVRC2012_val_00001925.JPEG,final,11,blocks[11],14,14,low_score_extreme,0.15,1,True,0.024961471557617188,0.005310133099555969,False,0.6205446124076843
vit_base_patch16_224,42,ILSVRC2012_val_00002002.JPEG,final,11,blocks[11],14,14,low_score_extreme,0.15,1,True,0.06300926208496094,0.006067946553230286,False,0.682680070400238
vit_base_patch16_224,43,ILSVRC2012_val_00002073.JPEG,final,11,blocks[11],14,14,low_score_extreme,0.15,1,True,-0.013250350952148438,-0.0029476583003997803,False,0.6296427845954895
vit_base_patch16_224,44,ILSVRC2012_val_00002159.JPEG,final,11,blocks[11],14,14,low_score_extreme,0.15,1,True,0.1867971420288086,0.021649837493896484,False,0.5509688854217529
vit_base_patch16_224,45,ILSVRC2012_val_00002176.JPEG,final,11,blocks[11],14,14,low_score_extreme,0.15,1,True,0.1415691375732422,0.011789187788963318,False,0.5654512047767639
vit_base_patch16_224,46,ILSVRC2012_val_00002183.JPEG,final,11,blocks[11],14,14,low_score_extreme,0.15,1,True,0.10832786560058594,0.010885804891586304,False,0.5417436957359314
vit_base_patch16_224,47,ILSVRC2012_val_00002184.JPEG,final,11,blocks[11],14,14,low_score_extreme,0.15,1,True,0.04162120819091797,0.04309403896331787,False,0.6646609902381897
vit_base_patch16_224,40,ILSVRC2012_val_00001753.JPEG,final,11,blocks[11],14,14,low_score_extreme,0.15,2,True,0.1419229507446289,0.055965304374694824,False,0.5564984679222107
vit_base_patch16_224,41,ILSVRC2012_val_00001925.JPEG,final,11,blocks[11],14,14,low_score_extreme,0.15,2,True,0.024961471557617188,0.005310133099555969,False,0.6205446124076843
vit_base_patch16_224,42,ILSVRC2012_val_00002002.JPEG,final,11,blocks[11],14,14,low_score_extreme,0.15,2,True,0.06300926208496094,0.006067946553230286,False,0.682680070400238
vit_base_patch16_224,43,ILSVRC2012_val_00002073.JPEG,final,11,blocks[11],14,14,low_score_extreme,0.15,2,True,-0.013250350952148438,-0.0029476583003997803,False,0.6296427845954895
vit_base_patch16_224,44,ILSVRC2012_val_00002159.JPEG,final,11,blocks[11],14,14,low_score_extreme,0.15,2,True,0.1867971420288086,0.021649837493896484,False,0.5509688854217529
vit_base_patch16_224,45,ILSVRC2012_val_00002176.JPEG,final,11,blocks[11],14,14,low_score_extreme,0.15,2,True,0.1415691375732422,0.011789187788963318,False,0.5654512047767639
vit_base_patch16_224,46,ILSVRC2012_val_00002183.JPEG,final,11,blocks[11],14,14,low_score_extreme,0.15,2,True,0.10832786560058594,0.010885804891586304,False,0.5417436957359314
vit_base_patch16_224,47,ILSVRC2012_val_00002184.JPEG,final,11,blocks[11],14,14,low_score_extreme,0.15,2,True,0.04162120819091797,0.04309403896331787,False,0.6646609902381897
vit_base_patch16_224,40,ILSVRC2012_val_00001753.JPEG,final,11,blocks[11],14,14,low_score_extreme,0.15,3,True,0.1419229507446289,0.055965304374694824,False,0.5564984679222107
vit_base_patch16_224,41,ILSVRC2012_val_00001925.JPEG,final,11,blocks[11],14,14,low_score_extreme,0.15,3,True,0.024961471557617188,0.005310133099555969,False,0.6205446124076843
vit_base_patch16_224,42,ILSVRC2012_val_00002002.JPEG,final,11,blocks[11],14,14,low_score_extreme,0.15,3,True,0.06300926208496094,0.006067946553230286,False,0.682680070400238
vit_base_patch16_224,43,ILSVRC2012_val_00002073.JPEG,final,11,blocks[11],14,14,low_score_extreme,0.15,3,True,-0.013250350952148438,-0.0029476583003997803,False,0.6296427845954895
vit_base_patch16_224,44,ILSVRC2012_val_00002159.JPEG,final,11,blocks[11],14,14,low_score_extreme,0.15,3,True,0.1867971420288086,0.021649837493896484,False,0.5509688854217529
vit_base_patch16_224,45,ILSVRC2012_val_00002176.JPEG,final,11,blocks[11],14,14,low_score_extreme,0.15,3,True,0.1415691375732422,0.011789187788963318,False,0.5654512047767639
vit_base_patch16_224,46,ILSVRC2012_val_00002183.JPEG,final,11,blocks[11],14,14,low_score_extreme,0.15,3,True,0.10832786560058594,0.010885804891586304,False,0.5417436957359314
vit_base_patch16_224,47,ILSVRC2012_val_00002184.JPEG,final,11,blocks[11],14,14,low_score_extreme,0.15,3,True,0.04162120819091797,0.04309403896331787,False,0.6646609902381897
vit_base_patch16_224,40,ILSVRC2012_val_00001753.JPEG,final,11,blocks[11],14,14,random_uniform,0.15,0,True,0.14299678802490234,0.04148596525192261,False,0.7578451037406921
vit_base_patch16_224,41,ILSVRC2012_val_00001925.JPEG,final,11,blocks[11],14,14,random_uniform,0.15,0,True,0.24020767211914062,0.059260398149490356,False,0.7917520999908447
vit_base_patch16_224,42,ILSVRC2012_val_00002002.JPEG,final,11,blocks[11],14,14,random_uniform,0.15,0,True,-0.10228538513183594,-0.01022404432296753,False,0.8225235939025879
vit_base_patch16_224,43,ILSVRC2012_val_00002073.JPEG,final,11,blocks[11],14,14,random_uniform,0.15,0,True,0.3311338424682617,0.04074247181415558,False,0.8274899125099182
vit_base_patch16_224,44,ILSVRC2012_val_00002159.JPEG,final,11,blocks[11],14,14,random_uniform,0.15,0,True,0.20140361785888672,0.022646985948085785,False,0.7866433262825012
vit_base_patch16_224,45,ILSVRC2012_val_00002176.JPEG,final,11,blocks[11],14,14,random_uniform,0.15,0,True,0.37464141845703125,0.04928623139858246,False,0.8341848254203796
vit_base_patch16_224,46,ILSVRC2012_val_00002183.JPEG,final,11,blocks[11],14,14,random_uniform,0.15,0,True,-0.25885009765625,-0.05126127600669861,False,0.7784790992736816
vit_base_patch16_224,47,ILSVRC2012_val_00002184.JPEG,final,11,blocks[11],14,14,random_uniform,0.15,0,True,-0.1273488998413086,0.019277572631835938,False,0.7761696577072144
vit_base_patch16_224,40,ILSVRC2012_val_00001753.JPEG,final,11,blocks[11],14,14,random_uniform,0.15,1,True,-0.06528472900390625,-0.060641735792160034,False,0.7546756267547607
vit_base_patch16_224,41,ILSVRC2012_val_00001925.JPEG,final,11,blocks[11],14,14,random_uniform,0.15,1,True,0.2218027114868164,0.042866989970207214,False,0.8135691285133362
vit_base_patch16_224,42,ILSVRC2012_val_00002002.JPEG,final,11,blocks[11],14,14,random_uniform,0.15,1,True,0.042456626892089844,0.0043064504861831665,False,0.803138017654419
vit_base_patch16_224,43,ILSVRC2012_val_00002073.JPEG,final,11,blocks[11],14,14,random_uniform,0.15,1,True,0.02169036865234375,0.0011130571365356445,False,0.8193759322166443
vit_base_patch16_224,44,ILSVRC2012_val_00002159.JPEG,final,11,blocks[11],14,14,random_uniform,0.15,1,True,0.26233577728271484,0.037451691925525665,False,0.8199448585510254
vit_base_patch16_224,45,ILSVRC2012_val_00002176.JPEG,final,11,blocks[11],14,14,random_uniform,0.15,1,True,0.37615108489990234,0.0509471595287323,False,0.8520004153251648
vit_base_patch16_224,46,ILSVRC2012_val_00002183.JPEG,final,11,blocks[11],14,14,random_uniform,0.15,1,True,-0.4217071533203125,-0.10507569462060928,False,0.8002731800079346
vit_base_patch16_224,47,ILSVRC2012_val_00002184.JPEG,final,11,blocks[11],14,14,random_uniform,0.15,1,True,0.19548702239990234,0.09938684105873108,False,0.7660641074180603
vit_base_patch16_224,40,ILSVRC2012_val_00001753.JPEG,final,11,blocks[11],14,14,random_uniform,0.15,2,True,0.06326866149902344,0.032449305057525635,False,0.748869776725769
vit_base_patch16_224,41,ILSVRC2012_val_00001925.JPEG,final,11,blocks[11],14,14,random_uniform,0.15,2,True,-0.02172088623046875,-0.010750219225883484,False,0.8354305624961853
vit_base_patch16_224,42,ILSVRC2012_val_00002002.JPEG,final,11,blocks[11],14,14,random_uniform,0.15,2,True,-0.07828330993652344,-0.005932748317718506,False,0.8030561208724976
vit_base_patch16_224,43,ILSVRC2012_val_00002073.JPEG,final,11,blocks[11],14,14,random_uniform,0.15,2,True,0.24073028564453125,0.03174787759780884,False,0.7915200591087341
vit_base_patch16_224,44,ILSVRC2012_val_00002159.JPEG,final,11,blocks[11],14,14,random_uniform,0.15,2,True,0.16356658935546875,0.02141246199607849,False,0.8060163855552673
vit_base_patch16_224,45,ILSVRC2012_val_00002176.JPEG,final,11,blocks[11],14,14,random_uniform,0.15,2,True,0.4230051040649414,0.06259481608867645,False,0.8012753129005432
vit_base_patch16_224,46,ILSVRC2012_val_00002183.JPEG,final,11,blocks[11],14,14,random_uniform,0.15,2,True,-0.32785701751708984,-0.06997478008270264,False,0.8247837424278259
vit_base_patch16_224,47,ILSVRC2012_val_00002184.JPEG,final,11,blocks[11],14,14,random_uniform,0.15,2,True,0.036978721618652344,0.05451565980911255,False,0.7661316394805908
vit_base_patch16_224,40,ILSVRC2012_val_00001753.JPEG,final,11,blocks[11],14,14,random_uniform,0.15,3,True,0.5380430221557617,0.19929185509681702,False,0.7704545259475708
vit_base_patch16_224,41,ILSVRC2012_val_00001925.JPEG,final,11,blocks[11],14,14,random_uniform,0.15,3,True,-0.020264625549316406,0.00046002864837646484,False,0.7993108630180359
vit_base_patch16_224,42,ILSVRC2012_val_00002002.JPEG,final,11,blocks[11],14,14,random_uniform,0.15,3,True,0.061957359313964844,0.006325520575046539,False,0.8210485577583313
vit_base_patch16_224,43,ILSVRC2012_val_00002073.JPEG,final,11,blocks[11],14,14,random_uniform,0.15,3,True,0.2159433364868164,0.02169261872768402,False,0.8198352456092834
vit_base_patch16_224,44,ILSVRC2012_val_00002159.JPEG,final,11,blocks[11],14,14,random_uniform,0.15,3,True,0.10933685302734375,0.011723436415195465,False,0.8180782794952393
vit_base_patch16_224,45,ILSVRC2012_val_00002176.JPEG,final,11,blocks[11],14,14,random_uniform,0.15,3,True,0.7782144546508789,0.13682369887828827,False,0.8388790488243103
vit_base_patch16_224,46,ILSVRC2012_val_00002183.JPEG,final,11,blocks[11],14,14,random_uniform,0.15,3,True,-0.28789710998535156,-0.07826969027519226,False,0.7852346897125244
vit_base_patch16_224,47,ILSVRC2012_val_00002184.JPEG,final,11,blocks[11],14,14,random_uniform,0.15,3,True,0.10054683685302734,0.05414333939552307,False,0.7794026136398315
vit_base_patch16_224,40,ILSVRC2012_val_00001753.JPEG,final,11,blocks[11],14,14,score_deviation_extreme,0.15,0,True,0.1419229507446289,0.055965304374694824,False,0.5564984679222107
vit_base_patch16_224,41,ILSVRC2012_val_00001925.JPEG,final,11,blocks[11],14,14,score_deviation_extreme,0.15,0,True,0.024961471557617188,0.005310133099555969,False,0.6205446124076843
vit_base_patch16_224,42,ILSVRC2012_val_00002002.JPEG,final,11,blocks[11],14,14,score_deviation_extreme,0.15,0,True,0.06300926208496094,0.006067946553230286,False,0.682680070400238
vit_base_patch16_224,43,ILSVRC2012_val_00002073.JPEG,final,11,blocks[11],14,14,score_deviation_extreme,0.15,0,True,-0.013250350952148438,-0.0029476583003997803,False,0.6296427845954895
vit_base_patch16_224,44,ILSVRC2012_val_00002159.JPEG,final,11,blocks[11],14,14,score_deviation_extreme,0.15,0,True,0.1867971420288086,0.021649837493896484,False,0.5509688854217529
vit_base_patch16_224,45,ILSVRC2012_val_00002176.JPEG,final,11,blocks[11],14,14,score_deviation_extreme,0.15,0,True,0.1415691375732422,0.011789187788963318,False,0.5654512047767639
vit_base_patch16_224,46,ILSVRC2012_val_00002183.JPEG,final,11,blocks[11],14,14,score_deviation_extreme,0.15,0,True,0.10832786560058594,0.010885804891586304,False,0.5417436957359314
vit_base_patch16_224,47,ILSVRC2012_val_00002184.JPEG,final,11,blocks[11],14,14,score_deviation_extreme,0.15,0,True,0.014821052551269531,0.02850806713104248,False,0.7891008257865906
vit_base_patch16_224,40,ILSVRC2012_val_00001753.JPEG,final,11,blocks[11],14,14,score_deviation_extreme,0.15,1,True,0.1419229507446289,0.055965304374694824,False,0.5564984679222107
vit_base_patch16_224,41,ILSVRC2012_val_00001925.JPEG,final,11,blocks[11],14,14,score_deviation_extreme,0.15,1,True,0.024961471557617188,0.005310133099555969,False,0.6205446124076843
vit_base_patch16_224,42,ILSVRC2012_val_00002002.JPEG,final,11,blocks[11],14,14,score_deviation_extreme,0.15,1,True,0.06300926208496094,0.006067946553230286,False,0.682680070400238
vit_base_patch16_224,43,ILSVRC2012_val_00002073.JPEG,final,11,blocks[11],14,14,score_deviation_extreme,0.15,1,True,-0.013250350952148438,-0.0029476583003997803,False,0.6296427845954895
vit_base_patch16_224,44,ILSVRC2012_val_00002159.JPEG,final,11,blocks[11],14,14,score_deviation_extreme,0.15,1,True,0.1867971420288086,0.021649837493896484,False,0.5509688854217529
vit_base_patch16_224,45,ILSVRC2012_val_00002176.JPEG,final,11,blocks[11],14,14,score_deviation_extreme,0.15,1,True,0.1415691375732422,0.011789187788963318,False,0.5654512047767639
vit_base_patch16_224,46,ILSVRC2012_val_00002183.JPEG,final,11,blocks[11],14,14,score_deviation_extreme,0.15,1,True,0.10832786560058594,0.010885804891586304,False,0.5417436957359314
vit_base_patch16_224,47,ILSVRC2012_val_00002184.JPEG,final,11,blocks[11],14,14,score_deviation_extreme,0.15,1,True,0.014821052551269531,0.02850806713104248,False,0.7891008257865906
vit_base_patch16_224,40,ILSVRC2012_val_00001753.JPEG,final,11,blocks[11],14,14,score_deviation_extreme,0.15,2,True,0.1419229507446289,0.055965304374694824,False,0.5564984679222107
vit_base_patch16_224,41,ILSVRC2012_val_00001925.JPEG,final,11,blocks[11],14,14,score_deviation_extreme,0.15,2,True,0.024961471557617188,0.005310133099555969,False,0.6205446124076843
vit_base_patch16_224,42,ILSVRC2012_val_00002002.JPEG,final,11,blocks[11],14,14,score_deviation_extreme,0.15,2,True,0.06300926208496094,0.006067946553230286,False,0.682680070400238
vit_base_patch16_224,43,ILSVRC2012_val_00002073.JPEG,final,11,blocks[11],14,14,score_deviation_extreme,0.15,2,True,-0.013250350952148438,-0.0029476583003997803,False,0.6296427845954895
vit_base_patch16_224,44,ILSVRC2012_val_00002159.JPEG,final,11,blocks[11],14,14,score_deviation_extreme,0.15,2,True,0.1867971420288086,0.021649837493896484,False,0.5509688854217529
vit_base_patch16_224,45,ILSVRC2012_val_00002176.JPEG,final,11,blocks[11],14,14,score_deviation_extreme,0.15,2,True,0.1415691375732422,0.011789187788963318,False,0.5654512047767639
vit_base_patch16_224,46,ILSVRC2012_val_00002183.JPEG,final,11,blocks[11],14,14,score_deviation_extreme,0.15,2,True,0.10832786560058594,0.010885804891586304,False,0.5417436957359314
vit_base_patch16_224,47,ILSVRC2012_val_00002184.JPEG,final,11,blocks[11],14,14,score_deviation_extreme,0.15,2,True,0.014821052551269531,0.02850806713104248,False,0.7891008257865906
vit_base_patch16_224,40,ILSVRC2012_val_00001753.JPEG,final,11,blocks[11],14,14,score_deviation_extreme,0.15,3,True,0.1419229507446289,0.055965304374694824,False,0.5564984679222107
vit_base_patch16_224,41,ILSVRC2012_val_00001925.JPEG,final,11,blocks[11],14,14,score_deviation_extreme,0.15,3,True,0.024961471557617188,0.005310133099555969,False,0.6205446124076843
vit_base_patch16_224,42,ILSVRC2012_val_00002002.JPEG,final,11,blocks[11],14,14,score_deviation_extreme,0.15,3,True,0.06300926208496094,0.006067946553230286,False,0.682680070400238
vit_base_patch16_224,43,ILSVRC2012_val_00002073.JPEG,final,11,blocks[11],14,14,score_deviation_extreme,0.15,3,True,-0.013250350952148438,-0.0029476583003997803,False,0.6296427845954895
vit_base_patch16_224,44,ILSVRC2012_val_00002159.JPEG,final,11,blocks[11],14,14,score_deviation_extreme,0.15,3,True,0.1867971420288086,0.021649837493896484,False,0.5509688854217529
vit_base_patch16_224,45,ILSVRC2012_val_00002176.JPEG,final,11,blocks[11],14,14,score_deviation_extreme,0.15,3,True,0.1415691375732422,0.011789187788963318,False,0.5654512047767639
vit_base_patch16_224,46,ILSVRC2012_val_00002183.JPEG,final,11,blocks[11],14,14,score_deviation_extreme,0.15,3,True,0.10832786560058594,0.010885804891586304,False,0.5417436957359314
vit_base_patch16_224,47,ILSVRC2012_val_00002184.JPEG,final,11,blocks[11],14,14,score_deviation_extreme,0.15,3,True,0.014821052551269531,0.02850806713104248,False,0.7891008257865906
vit_base_patch16_224,48,ILSVRC2012_val_00002311.JPEG,early,0,feature_modules[0],14,14,high_score_extreme,0.15,0,True,-0.024031639099121094,-0.0027132034301757812,False,0.27706724405288696
vit_base_patch16_224,49,ILSVRC2012_val_00002347.JPEG,early,0,feature_modules[0],14,14,high_score_extreme,0.15,0,True,0.04350852966308594,0.0027923956513404846,False,0.32852819561958313
vit_base_patch16_224,50,ILSVRC2012_val_00002464.JPEG,early,0,feature_modules[0],14,14,high_score_extreme,0.15,0,True,0.07470512390136719,0.059739112854003906,False,0.29475316405296326
vit_base_patch16_224,51,ILSVRC2012_val_00002533.JPEG,early,0,feature_modules[0],14,14,high_score_extreme,0.15,0,True,0.34611988067626953,0.044150516390800476,False,0.32746022939682007
vit_base_patch16_224,52,ILSVRC2012_val_00002583.JPEG,early,0,feature_modules[0],14,14,high_score_extreme,0.15,0,True,0.011461257934570312,-0.001062542200088501,False,0.25005945563316345
vit_base_patch16_224,53,ILSVRC2012_val_00002614.JPEG,early,0,feature_modules[0],14,14,high_score_extreme,0.15,0,True,-0.13965225219726562,-0.030958950519561768,False,0.3500325679779053
vit_base_patch16_224,54,ILSVRC2012_val_00002716.JPEG,early,0,feature_modules[0],14,14,high_score_extreme,0.15,0,True,-0.3772745132446289,-0.09328192472457886,False,0.31212326884269714
vit_base_patch16_224,55,ILSVRC2012_val_00002733.JPEG,early,0,feature_modules[0],14,14,high_score_extreme,0.15,0,True,0.4614238739013672,0.05429529398679733,False,0.3267936706542969
vit_base_patch16_224,48,ILSVRC2012_val_00002311.JPEG,early,0,feature_modules[0],14,14,high_score_extreme,0.15,1,True,-0.024031639099121094,-0.0027132034301757812,False,0.27706724405288696
vit_base_patch16_224,49,ILSVRC2012_val_00002347.JPEG,early,0,feature_modules[0],14,14,high_score_extreme,0.15,1,True,0.04350852966308594,0.0027923956513404846,False,0.32852819561958313
vit_base_patch16_224,50,ILSVRC2012_val_00002464.JPEG,early,0,feature_modules[0],14,14,high_score_extreme,0.15,1,True,0.07470512390136719,0.059739112854003906,False,0.29475316405296326
vit_base_patch16_224,51,ILSVRC2012_val_00002533.JPEG,early,0,feature_modules[0],14,14,high_score_extreme,0.15,1,True,0.34611988067626953,0.044150516390800476,False,0.32746022939682007
vit_base_patch16_224,52,ILSVRC2012_val_00002583.JPEG,early,0,feature_modules[0],14,14,high_score_extreme,0.15,1,True,0.011461257934570312,-0.001062542200088501,False,0.25005945563316345
vit_base_patch16_224,53,ILSVRC2012_val_00002614.JPEG,early,0,feature_modules[0],14,14,high_score_extreme,0.15,1,True,-0.13965225219726562,-0.030958950519561768,False,0.3500325679779053
vit_base_patch16_224,54,ILSVRC2012_val_00002716.JPEG,early,0,feature_modules[0],14,14,high_score_extreme,0.15,1,True,-0.3772745132446289,-0.09328192472457886,False,0.31212326884269714
vit_base_patch16_224,55,ILSVRC2012_val_00002733.JPEG,early,0,feature_modules[0],14,14,high_score_extreme,0.15,1,True,0.4614238739013672,0.05429529398679733,False,0.3267936706542969
vit_base_patch16_224,48,ILSVRC2012_val_00002311.JPEG,early,0,feature_modules[0],14,14,high_score_extreme,0.15,2,True,-0.024031639099121094,-0.0027132034301757812,False,0.27706724405288696
vit_base_patch16_224,49,ILSVRC2012_val_00002347.JPEG,early,0,feature_modules[0],14,14,high_score_extreme,0.15,2,True,0.04350852966308594,0.0027923956513404846,False,0.32852819561958313
vit_base_patch16_224,50,ILSVRC2012_val_00002464.JPEG,early,0,feature_modules[0],14,14,high_score_extreme,0.15,2,True,0.07470512390136719,0.059739112854003906,False,0.29475316405296326
vit_base_patch16_224,51,ILSVRC2012_val_00002533.JPEG,early,0,feature_modules[0],14,14,high_score_extreme,0.15,2,True,0.34611988067626953,0.044150516390800476,False,0.32746022939682007
vit_base_patch16_224,52,ILSVRC2012_val_00002583.JPEG,early,0,feature_modules[0],14,14,high_score_extreme,0.15,2,True,0.011461257934570312,-0.001062542200088501,False,0.25005945563316345
vit_base_patch16_224,53,ILSVRC2012_val_00002614.JPEG,early,0,feature_modules[0],14,14,high_score_extreme,0.15,2,True,-0.13965225219726562,-0.030958950519561768,False,0.3500325679779053
vit_base_patch16_224,54,ILSVRC2012_val_00002716.JPEG,early,0,feature_modules[0],14,14,high_score_extreme,0.15,2,True,-0.3772745132446289,-0.09328192472457886,False,0.31212326884269714
vit_base_patch16_224,55,ILSVRC2012_val_00002733.JPEG,early,0,feature_modules[0],14,14,high_score_extreme,0.15,2,True,0.4614238739013672,0.05429529398679733,False,0.3267936706542969
vit_base_patch16_224,48,ILSVRC2012_val_00002311.JPEG,early,0,feature_modules[0],14,14,high_score_extreme,0.15,3,True,-0.024031639099121094,-0.0027132034301757812,False,0.27706724405288696
vit_base_patch16_224,49,ILSVRC2012_val_00002347.JPEG,early,0,feature_modules[0],14,14,high_score_extreme,0.15,3,True,0.04350852966308594,0.0027923956513404846,False,0.32852819561958313
vit_base_patch16_224,50,ILSVRC2012_val_00002464.JPEG,early,0,feature_modules[0],14,14,high_score_extreme,0.15,3,True,0.07470512390136719,0.059739112854003906,False,0.29475316405296326
vit_base_patch16_224,51,ILSVRC2012_val_00002533.JPEG,early,0,feature_modules[0],14,14,high_score_extreme,0.15,3,True,0.34611988067626953,0.044150516390800476,False,0.32746022939682007
vit_base_patch16_224,52,ILSVRC2012_val_00002583.JPEG,early,0,feature_modules[0],14,14,high_score_extreme,0.15,3,True,0.011461257934570312,-0.001062542200088501,False,0.25005945563316345
vit_base_patch16_224,53,ILSVRC2012_val_00002614.JPEG,early,0,feature_modules[0],14,14,high_score_extreme,0.15,3,True,-0.13965225219726562,-0.030958950519561768,False,0.3500325679779053
vit_base_patch16_224,54,ILSVRC2012_val_00002716.JPEG,early,0,feature_modules[0],14,14,high_score_extreme,0.15,3,True,-0.3772745132446289,-0.09328192472457886,False,0.31212326884269714
vit_base_patch16_224,55,ILSVRC2012_val_00002733.JPEG,early,0,feature_modules[0],14,14,high_score_extreme,0.15,3,True,0.4614238739013672,0.05429529398679733,False,0.3267936706542969
vit_base_patch16_224,48,ILSVRC2012_val_00002311.JPEG,early,0,feature_modules[0],14,14,low_score_extreme,0.15,0,True,0.4571352005004883,0.06464509665966034,False,0.16540126502513885
vit_base_patch16_224,49,ILSVRC2012_val_00002347.JPEG,early,0,feature_modules[0],14,14,low_score_extreme,0.15,0,True,-0.4700641632080078,-0.021978553384542465,False,0.22502639889717102
vit_base_patch16_224,50,ILSVRC2012_val_00002464.JPEG,early,0,feature_modules[0],14,14,low_score_extreme,0.15,0,True,0.06714725494384766,0.019834697246551514,False,0.1901475191116333
vit_base_patch16_224,51,ILSVRC2012_val_00002533.JPEG,early,0,feature_modules[0],14,14,low_score_extreme,0.15,0,True,0.3296937942504883,0.06272351741790771,False,0.24610598385334015
vit_base_patch16_224,52,ILSVRC2012_val_00002583.JPEG,early,0,feature_modules[0],14,14,low_score_extreme,0.15,0,True,0.03612232208251953,0.00653260201215744,False,0.17466102540493011
vit_base_patch16_224,53,ILSVRC2012_val_00002614.JPEG,early,0,feature_modules[0],14,14,low_score_extreme,0.15,0,True,0.42394447326660156,0.03463651239871979,False,0.23884768784046173
vit_base_patch16_224,54,ILSVRC2012_val_00002716.JPEG,early,0,feature_modules[0],14,14,low_score_extreme,0.15,0,True,-0.4471435546875,-0.07934057712554932,False,0.1917872577905655
vit_base_patch16_224,55,ILSVRC2012_val_00002733.JPEG,early,0,feature_modules[0],14,14,low_score_extreme,0.15,0,True,0.861882209777832,0.1378077268600464,False,0.21891073882579803
vit_base_patch16_224,48,ILSVRC2012_val_00002311.JPEG,early,0,feature_modules[0],14,14,low_score_extreme,0.15,1,True,0.4571352005004883,0.06464509665966034,False,0.16540126502513885
vit_base_patch16_224,49,ILSVRC2012_val_00002347.JPEG,early,0,feature_modules[0],14,14,low_score_extreme,0.15,1,True,-0.4700641632080078,-0.021978553384542465,False,0.22502639889717102
vit_base_patch16_224,50,ILSVRC2012_val_00002464.JPEG,early,0,feature_modules[0],14,14,low_score_extreme,0.15,1,True,0.06714725494384766,0.019834697246551514,False,0.1901475191116333
vit_base_patch16_224,51,ILSVRC2012_val_00002533.JPEG,early,0,feature_modules[0],14,14,low_score_extreme,0.15,1,True,0.3296937942504883,0.06272351741790771,False,0.24610598385334015
vit_base_patch16_224,52,ILSVRC2012_val_00002583.JPEG,early,0,feature_modules[0],14,14,low_score_extreme,0.15,1,True,0.03612232208251953,0.00653260201215744,False,0.17466102540493011
vit_base_patch16_224,53,ILSVRC2012_val_00002614.JPEG,early,0,feature_modules[0],14,14,low_score_extreme,0.15,1,True,0.42394447326660156,0.03463651239871979,False,0.23884768784046173
vit_base_patch16_224,54,ILSVRC2012_val_00002716.JPEG,early,0,feature_modules[0],14,14,low_score_extreme,0.15,1,True,-0.4471435546875,-0.07934057712554932,False,0.1917872577905655
vit_base_patch16_224,55,ILSVRC2012_val_00002733.JPEG,early,0,feature_modules[0],14,14,low_score_extreme,0.15,1,True,0.861882209777832,0.1378077268600464,False,0.21891073882579803
vit_base_patch16_224,48,ILSVRC2012_val_00002311.JPEG,early,0,feature_modules[0],14,14,low_score_extreme,0.15,2,True,0.4571352005004883,0.06464509665966034,False,0.16540126502513885
vit_base_patch16_224,49,ILSVRC2012_val_00002347.JPEG,early,0,feature_modules[0],14,14,low_score_extreme,0.15,2,True,-0.4700641632080078,-0.021978553384542465,False,0.22502639889717102
vit_base_patch16_224,50,ILSVRC2012_val_00002464.JPEG,early,0,feature_modules[0],14,14,low_score_extreme,0.15,2,True,0.06714725494384766,0.019834697246551514,False,0.1901475191116333
vit_base_patch16_224,51,ILSVRC2012_val_00002533.JPEG,early,0,feature_modules[0],14,14,low_score_extreme,0.15,2,True,0.3296937942504883,0.06272351741790771,False,0.24610598385334015
vit_base_patch16_224,52,ILSVRC2012_val_00002583.JPEG,early,0,feature_modules[0],14,14,low_score_extreme,0.15,2,True,0.03612232208251953,0.00653260201215744,False,0.17466102540493011
vit_base_patch16_224,53,ILSVRC2012_val_00002614.JPEG,early,0,feature_modules[0],14,14,low_score_extreme,0.15,2,True,0.42394447326660156,0.03463651239871979,False,0.23884768784046173
vit_base_patch16_224,54,ILSVRC2012_val_00002716.JPEG,early,0,feature_modules[0],14,14,low_score_extreme,0.15,2,True,-0.4471435546875,-0.07934057712554932,False,0.1917872577905655
vit_base_patch16_224,55,ILSVRC2012_val_00002733.JPEG,early,0,feature_modules[0],14,14,low_score_extreme,0.15,2,True,0.861882209777832,0.1378077268600464,False,0.21891073882579803
vit_base_patch16_224,48,ILSVRC2012_val_00002311.JPEG,early,0,feature_modules[0],14,14,low_score_extreme,0.15,3,True,0.4571352005004883,0.06464509665966034,False,0.16540126502513885
vit_base_patch16_224,49,ILSVRC2012_val_00002347.JPEG,early,0,feature_modules[0],14,14,low_score_extreme,0.15,3,True,-0.4700641632080078,-0.021978553384542465,False,0.22502639889717102
vit_base_patch16_224,50,ILSVRC2012_val_00002464.JPEG,early,0,feature_modules[0],14,14,low_score_extreme,0.15,3,True,0.06714725494384766,0.019834697246551514,False,0.1901475191116333
vit_base_patch16_224,51,ILSVRC2012_val_00002533.JPEG,early,0,feature_modules[0],14,14,low_score_extreme,0.15,3,True,0.3296937942504883,0.06272351741790771,False,0.24610598385334015
vit_base_patch16_224,52,ILSVRC2012_val_00002583.JPEG,early,0,feature_modules[0],14,14,low_score_extreme,0.15,3,True,0.03612232208251953,0.00653260201215744,False,0.17466102540493011
vit_base_patch16_224,53,ILSVRC2012_val_00002614.JPEG,early,0,feature_modules[0],14,14,low_score_extreme,0.15,3,True,0.42394447326660156,0.03463651239871979,False,0.23884768784046173
vit_base_patch16_224,54,ILSVRC2012_val_00002716.JPEG,early,0,feature_modules[0],14,14,low_score_extreme,0.15,3,True,-0.4471435546875,-0.07934057712554932,False,0.1917872577905655
vit_base_patch16_224,55,ILSVRC2012_val_00002733.JPEG,early,0,feature_modules[0],14,14,low_score_extreme,0.15,3,True,0.861882209777832,0.1378077268600464,False,0.21891073882579803
vit_base_patch16_224,48,ILSVRC2012_val_00002311.JPEG,early,0,feature_modules[0],14,14,random_uniform,0.15,0,True,0.2180328369140625,0.05752807855606079,False,0.220744326710701
vit_base_patch16_224,49,ILSVRC2012_val_00002347.JPEG,early,0,feature_modules[0],14,14,random_uniform,0.15,0,True,-0.10709381103515625,-0.006589092314243317,False,0.2745913863182068
vit_base_patch16_224,50,ILSVRC2012_val_00002464.JPEG,early,0,feature_modules[0],14,14,random_uniform,0.15,0,True,-0.06342601776123047,-0.04563602805137634,False,0.23371580243110657
vit_base_patch16_224,51,ILSVRC2012_val_00002533.JPEG,early,0,feature_modules[0],14,14,random_uniform,0.15,0,True,0.22157669067382812,0.024040862917900085,False,0.2952187657356262
vit_base_patch16_224,52,ILSVRC2012_val_00002583.JPEG,early,0,feature_modules[0],14,14,random_uniform,0.15,0,True,0.05993843078613281,0.0040756091475486755,False,0.20741242170333862
vit_base_patch16_224,53,ILSVRC2012_val_00002614.JPEG,early,0,feature_modules[0],14,14,random_uniform,0.15,0,True,0.43048763275146484,0.12639041244983673,False,0.3006691038608551
vit_base_patch16_224,54,ILSVRC2012_val_00002716.JPEG,early,0,feature_modules[0],14,14,random_uniform,0.15,0,True,-0.5489177703857422,-0.1626836359500885,False,0.2688375413417816
vit_base_patch16_224,55,ILSVRC2012_val_00002733.JPEG,early,0,feature_modules[0],14,14,random_uniform,0.15,0,True,0.3738584518432617,0.046518005430698395,False,0.26090195775032043
vit_base_patch16_224,48,ILSVRC2012_val_00002311.JPEG,early,0,feature_modules[0],14,14,random_uniform,0.15,1,True,0.31136417388916016,0.05817048251628876,False,0.21674682199954987
vit_base_patch16_224,49,ILSVRC2012_val_00002347.JPEG,early,0,feature_modules[0],14,14,random_uniform,0.15,1,True,0.024400711059570312,0.0024804770946502686,False,0.29399362206459045
vit_base_patch16_224,50,ILSVRC2012_val_00002464.JPEG,early,0,feature_modules[0],14,14,random_uniform,0.15,1,True,-0.06667423248291016,0.0972771942615509,False,0.23101027309894562
vit_base_patch16_224,51,ILSVRC2012_val_00002533.JPEG,early,0,feature_modules[0],14,14,random_uniform,0.15,1,True,0.13001728057861328,0.015055030584335327,False,0.2974773347377777
vit_base_patch16_224,52,ILSVRC2012_val_00002583.JPEG,early,0,feature_modules[0],14,14,random_uniform,0.15,1,True,0.036423683166503906,0.006964989006519318,False,0.21214991807937622
vit_base_patch16_224,53,ILSVRC2012_val_00002614.JPEG,early,0,feature_modules[0],14,14,random_uniform,0.15,1,True,-0.40500354766845703,-0.08918767422437668,False,0.28185299038887024
vit_base_patch16_224,54,ILSVRC2012_val_00002716.JPEG,early,0,feature_modules[0],14,14,random_uniform,0.15,1,True,-0.4016685485839844,-0.11277690529823303,False,0.26871246099472046
vit_base_patch16_224,55,ILSVRC2012_val_00002733.JPEG,early,0,feature_modules[0],14,14,random_uniform,0.15,1,True,0.19214725494384766,0.020177558064460754,False,0.2607635259628296
vit_base_patch16_224,48,ILSVRC2012_val_00002311.JPEG,early,0,feature_modules[0],14,14,random_uniform,0.15,2,True,0.10075855255126953,0.020702913403511047,False,0.22147110104560852
vit_base_patch16_224,49,ILSVRC2012_val_00002347.JPEG,early,0,feature_modules[0],14,14,random_uniform,0.15,2,True,-0.02502918243408203,-0.0029678642749786377,False,0.2781102955341339
vit_base_patch16_224,50,ILSVRC2012_val_00002464.JPEG,early,0,feature_modules[0],14,14,random_uniform,0.15,2,True,0.16955184936523438,0.07335659861564636,False,0.23512576520442963
vit_base_patch16_224,51,ILSVRC2012_val_00002533.JPEG,early,0,feature_modules[0],14,14,random_uniform,0.15,2,True,0.10355663299560547,0.014206305146217346,False,0.2928180694580078
vit_base_patch16_224,52,ILSVRC2012_val_00002583.JPEG,early,0,feature_modules[0],14,14,random_uniform,0.15,2,True,0.042983055114746094,0.004497863352298737,False,0.21713003516197205
vit_base_patch16_224,53,ILSVRC2012_val_00002614.JPEG,early,0,feature_modules[0],14,14,random_uniform,0.15,2,True,0.04828834533691406,-0.012699782848358154,False,0.2967905104160309
vit_base_patch16_224,54,ILSVRC2012_val_00002716.JPEG,early,0,feature_modules[0],14,14,random_uniform,0.15,2,True,-0.3034963607788086,-0.10310536623001099,False,0.27079257369041443
vit_base_patch16_224,55,ILSVRC2012_val_00002733.JPEG,early,0,feature_modules[0],14,14,random_uniform,0.15,2,True,0.5121917724609375,0.06429917365312576,False,0.275971382856369
vit_base_patch16_224,48,ILSVRC2012_val_00002311.JPEG,early,0,feature_modules[0],14,14,random_uniform,0.15,3,True,-0.02569103240966797,0.0025666505098342896,False,0.2263328582048416
vit_base_patch16_224,49,ILSVRC2012_val_00002347.JPEG,early,0,feature_modules[0],14,14,random_uniform,0.15,3,True,0.003986358642578125,-0.000704638659954071,False,0.28671443462371826
vit_base_patch16_224,50,ILSVRC2012_val_00002464.JPEG,early,0,feature_modules[0],14,14,random_uniform,0.15,3,True,0.20426082611083984,0.07770344614982605,False,0.2389860451221466
vit_base_patch16_224,51,ILSVRC2012_val_00002533.JPEG,early,0,feature_modules[0],14,14,random_uniform,0.15,3,True,0.3028707504272461,0.039447858929634094,False,0.30116304755210876
vit_base_patch16_224,52,ILSVRC2012_val_00002583.JPEG,early,0,feature_modules[0],14,14,random_uniform,0.15,3,True,0.13121318817138672,0.011374033987522125,False,0.21867559850215912
vit_base_patch16_224,53,ILSVRC2012_val_00002614.JPEG,early,0,feature_modules[0],14,14,random_uniform,0.15,3,True,0.021347999572753906,-0.012305617332458496,False,0.3109963536262512
vit_base_patch16_224,54,ILSVRC2012_val_00002716.JPEG,early,0,feature_modules[0],14,14,random_uniform,0.15,3,True,-0.27047157287597656,-0.07367157936096191,False,0.2758948504924774
vit_base_patch16_224,55,ILSVRC2012_val_00002733.JPEG,early,0,feature_modules[0],14,14,random_uniform,0.15,3,True,0.2749319076538086,0.04034488648176193,False,0.2764014005661011
vit_base_patch16_224,48,ILSVRC2012_val_00002311.JPEG,early,0,feature_modules[0],14,14,score_deviation_extreme,0.15,0,True,-0.004302978515625,0.0003183707594871521,False,0.26819565892219543
vit_base_patch16_224,49,ILSVRC2012_val_00002347.JPEG,early,0,feature_modules[0],14,14,score_deviation_extreme,0.15,0,True,-0.26918888092041016,-0.014882553368806839,False,0.25338149070739746
vit_base_patch16_224,50,ILSVRC2012_val_00002464.JPEG,early,0,feature_modules[0],14,14,score_deviation_extreme,0.15,0,True,0.0747842788696289,0.047339558601379395,False,0.2796156704425812
vit_base_patch16_224,51,ILSVRC2012_val_00002533.JPEG,early,0,feature_modules[0],14,14,score_deviation_extreme,0.15,0,True,0.3296937942504883,0.06272351741790771,False,0.24610598385334015
vit_base_patch16_224,52,ILSVRC2012_val_00002583.JPEG,early,0,feature_modules[0],14,14,score_deviation_extreme,0.15,0,True,0.23000240325927734,0.028623931109905243,False,0.21076206862926483
vit_base_patch16_224,53,ILSVRC2012_val_00002614.JPEG,early,0,feature_modules[0],14,14,score_deviation_extreme,0.15,0,True,0.12072944641113281,-0.0012497752904891968,False,0.29461073875427246
vit_base_patch16_224,54,ILSVRC2012_val_00002716.JPEG,early,0,feature_modules[0],14,14,score_deviation_extreme,0.15,0,True,-0.4471435546875,-0.07934057712554932,False,0.1917872577905655
vit_base_patch16_224,55,ILSVRC2012_val_00002733.JPEG,early,0,feature_modules[0],14,14,score_deviation_extreme,0.15,0,True,0.3625984191894531,0.04047996550798416,False,0.2788337171077728
vit_base_patch16_224,48,ILSVRC2012_val_00002311.JPEG,early,0,feature_modules[0],14,14,score_deviation_extreme,0.15,1,True,-0.004302978515625,0.0003183707594871521,False,0.26819565892219543
vit_base_patch16_224,49,ILSVRC2012_val_00002347.JPEG,early,0,feature_modules[0],14,14,score_deviation_extreme,0.15,1,True,-0.26918888092041016,-0.014882553368806839,False,0.25338149070739746
vit_base_patch16_224,50,ILSVRC2012_val_00002464.JPEG,early,0,feature_modules[0],14,14,score_deviation_extreme,0.15,1,True,0.0747842788696289,0.047339558601379395,False,0.2796156704425812
vit_base_patch16_224,51,ILSVRC2012_val_00002533.JPEG,early,0,feature_modules[0],14,14,score_deviation_extreme,0.15,1,True,0.3296937942504883,0.06272351741790771,False,0.24610598385334015
vit_base_patch16_224,52,ILSVRC2012_val_00002583.JPEG,early,0,feature_modules[0],14,14,score_deviation_extreme,0.15,1,True,0.23000240325927734,0.028623931109905243,False,0.21076206862926483
vit_base_patch16_224,53,ILSVRC2012_val_00002614.JPEG,early,0,feature_modules[0],14,14,score_deviation_extreme,0.15,1,True,0.12072944641113281,-0.0012497752904891968,False,0.29461073875427246
vit_base_patch16_224,54,ILSVRC2012_val_00002716.JPEG,early,0,feature_modules[0],14,14,score_deviation_extreme,0.15,1,True,-0.4471435546875,-0.07934057712554932,False,0.1917872577905655
vit_base_patch16_224,55,ILSVRC2012_val_00002733.JPEG,early,0,feature_modules[0],14,14,score_deviation_extreme,0.15,1,True,0.3625984191894531,0.04047996550798416,False,0.2788337171077728
vit_base_patch16_224,48,ILSVRC2012_val_00002311.JPEG,early,0,feature_modules[0],14,14,score_deviation_extreme,0.15,2,True,-0.004302978515625,0.0003183707594871521,False,0.26819565892219543
vit_base_patch16_224,49,ILSVRC2012_val_00002347.JPEG,early,0,feature_modules[0],14,14,score_deviation_extreme,0.15,2,True,-0.26918888092041016,-0.014882553368806839,False,0.25338149070739746
vit_base_patch16_224,50,ILSVRC2012_val_00002464.JPEG,early,0,feature_modules[0],14,14,score_deviation_extreme,0.15,2,True,0.0747842788696289,0.047339558601379395,False,0.2796156704425812
vit_base_patch16_224,51,ILSVRC2012_val_00002533.JPEG,early,0,feature_modules[0],14,14,score_deviation_extreme,0.15,2,True,0.3296937942504883,0.06272351741790771,False,0.24610598385334015
vit_base_patch16_224,52,ILSVRC2012_val_00002583.JPEG,early,0,feature_modules[0],14,14,score_deviation_extreme,0.15,2,True,0.23000240325927734,0.028623931109905243,False,0.21076206862926483
vit_base_patch16_224,53,ILSVRC2012_val_00002614.JPEG,early,0,feature_modules[0],14,14,score_deviation_extreme,0.15,2,True,0.12072944641113281,-0.0012497752904891968,False,0.29461073875427246
vit_base_patch16_224,54,ILSVRC2012_val_00002716.JPEG,early,0,feature_modules[0],14,14,score_deviation_extreme,0.15,2,True,-0.4471435546875,-0.07934057712554932,False,0.1917872577905655
vit_base_patch16_224,55,ILSVRC2012_val_00002733.JPEG,early,0,feature_modules[0],14,14,score_deviation_extreme,0.15,2,True,0.3625984191894531,0.04047996550798416,False,0.2788337171077728
vit_base_patch16_224,48,ILSVRC2012_val_00002311.JPEG,early,0,feature_modules[0],14,14,score_deviation_extreme,0.15,3,True,-0.004302978515625,0.0003183707594871521,False,0.26819565892219543
vit_base_patch16_224,49,ILSVRC2012_val_00002347.JPEG,early,0,feature_modules[0],14,14,score_deviation_extreme,0.15,3,True,-0.26918888092041016,-0.014882553368806839,False,0.25338149070739746
vit_base_patch16_224,50,ILSVRC2012_val_00002464.JPEG,early,0,feature_modules[0],14,14,score_deviation_extreme,0.15,3,True,0.0747842788696289,0.047339558601379395,False,0.2796156704425812
vit_base_patch16_224,51,ILSVRC2012_val_00002533.JPEG,early,0,feature_modules[0],14,14,score_deviation_extreme,0.15,3,True,0.3296937942504883,0.06272351741790771,False,0.24610598385334015
vit_base_patch16_224,52,ILSVRC2012_val_00002583.JPEG,early,0,feature_modules[0],14,14,score_deviation_extreme,0.15,3,True,0.23000240325927734,0.028623931109905243,False,0.21076206862926483
vit_base_patch16_224,53,ILSVRC2012_val_00002614.JPEG,early,0,feature_modules[0],14,14,score_deviation_extreme,0.15,3,True,0.12072944641113281,-0.0012497752904891968,False,0.29461073875427246
vit_base_patch16_224,54,ILSVRC2012_val_00002716.JPEG,early,0,feature_modules[0],14,14,score_deviation_extreme,0.15,3,True,-0.4471435546875,-0.07934057712554932,False,0.1917872577905655
vit_base_patch16_224,55,ILSVRC2012_val_00002733.JPEG,early,0,feature_modules[0],14,14,score_deviation_extreme,0.15,3,True,0.3625984191894531,0.04047996550798416,False,0.2788337171077728
vit_base_patch16_224,48,ILSVRC2012_val_00002311.JPEG,mid,6,feature_modules[6],14,14,high_score_extreme,0.15,0,True,0.0916891098022461,0.024494677782058716,False,0.1636967808008194
vit_base_patch16_224,49,ILSVRC2012_val_00002347.JPEG,mid,6,feature_modules[6],14,14,high_score_extreme,0.15,0,True,0.14750003814697266,0.009377717971801758,False,0.11963170021772385
vit_base_patch16_224,50,ILSVRC2012_val_00002464.JPEG,mid,6,feature_modules[6],14,14,high_score_extreme,0.15,0,True,0.04472541809082031,0.0708790123462677,False,0.09789874404668808
vit_base_patch16_224,51,ILSVRC2012_val_00002533.JPEG,mid,6,feature_modules[6],14,14,high_score_extreme,0.15,0,True,0.2703828811645508,0.03316469490528107,False,0.17270295321941376
vit_base_patch16_224,52,ILSVRC2012_val_00002583.JPEG,mid,6,feature_modules[6],14,14,high_score_extreme,0.15,0,True,0.13083934783935547,0.022250182926654816,False,0.12779013812541962
vit_base_patch16_224,53,ILSVRC2012_val_00002614.JPEG,mid,6,feature_modules[6],14,14,high_score_extreme,0.15,0,True,0.21683597564697266,0.0034747719764709473,False,0.10761452466249466
vit_base_patch16_224,54,ILSVRC2012_val_00002716.JPEG,mid,6,feature_modules[6],14,14,high_score_extreme,0.15,0,True,-0.29720401763916016,-0.062398046255111694,False,0.13628651201725006
vit_base_patch16_224,55,ILSVRC2012_val_00002733.JPEG,mid,6,feature_modules[6],14,14,high_score_extreme,0.15,0,True,0.23910999298095703,0.02496664971113205,False,0.09155287593603134
vit_base_patch16_224,48,ILSVRC2012_val_00002311.JPEG,mid,6,feature_modules[6],14,14,high_score_extreme,0.15,1,True,0.0916891098022461,0.024494677782058716,False,0.1636967808008194
vit_base_patch16_224,49,ILSVRC2012_val_00002347.JPEG,mid,6,feature_modules[6],14,14,high_score_extreme,0.15,1,True,0.14750003814697266,0.009377717971801758,False,0.11963170021772385
vit_base_patch16_224,50,ILSVRC2012_val_00002464.JPEG,mid,6,feature_modules[6],14,14,high_score_extreme,0.15,1,True,0.04472541809082031,0.0708790123462677,False,0.09789874404668808
vit_base_patch16_224,51,ILSVRC2012_val_00002533.JPEG,mid,6,feature_modules[6],14,14,high_score_extreme,0.15,1,True,0.2703828811645508,0.03316469490528107,False,0.17270295321941376
vit_base_patch16_224,52,ILSVRC2012_val_00002583.JPEG,mid,6,feature_modules[6],14,14,high_score_extreme,0.15,1,True,0.13083934783935547,0.022250182926654816,False,0.12779013812541962
vit_base_patch16_224,53,ILSVRC2012_val_00002614.JPEG,mid,6,feature_modules[6],14,14,high_score_extreme,0.15,1,True,0.21683597564697266,0.0034747719764709473,False,0.10761452466249466
vit_base_patch16_224,54,ILSVRC2012_val_00002716.JPEG,mid,6,feature_modules[6],14,14,high_score_extreme,0.15,1,True,-0.29720401763916016,-0.062398046255111694,False,0.13628651201725006
vit_base_patch16_224,55,ILSVRC2012_val_00002733.JPEG,mid,6,feature_modules[6],14,14,high_score_extreme,0.15,1,True,0.23910999298095703,0.02496664971113205,False,0.09155287593603134
vit_base_patch16_224,48,ILSVRC2012_val_00002311.JPEG,mid,6,feature_modules[6],14,14,high_score_extreme,0.15,2,True,0.0916891098022461,0.024494677782058716,False,0.1636967808008194
vit_base_patch16_224,49,ILSVRC2012_val_00002347.JPEG,mid,6,feature_modules[6],14,14,high_score_extreme,0.15,2,True,0.14750003814697266,0.009377717971801758,False,0.11963170021772385
vit_base_patch16_224,50,ILSVRC2012_val_00002464.JPEG,mid,6,feature_modules[6],14,14,high_score_extreme,0.15,2,True,0.04472541809082031,0.0708790123462677,False,0.09789874404668808
vit_base_patch16_224,51,ILSVRC2012_val_00002533.JPEG,mid,6,feature_modules[6],14,14,high_score_extreme,0.15,2,True,0.2703828811645508,0.03316469490528107,False,0.17270295321941376
vit_base_patch16_224,52,ILSVRC2012_val_00002583.JPEG,mid,6,feature_modules[6],14,14,high_score_extreme,0.15,2,True,0.13083934783935547,0.022250182926654816,False,0.12779013812541962
vit_base_patch16_224,53,ILSVRC2012_val_00002614.JPEG,mid,6,feature_modules[6],14,14,high_score_extreme,0.15,2,True,0.21683597564697266,0.0034747719764709473,False,0.10761452466249466
vit_base_patch16_224,54,ILSVRC2012_val_00002716.JPEG,mid,6,feature_modules[6],14,14,high_score_extreme,0.15,2,True,-0.29720401763916016,-0.062398046255111694,False,0.13628651201725006
vit_base_patch16_224,55,ILSVRC2012_val_00002733.JPEG,mid,6,feature_modules[6],14,14,high_score_extreme,0.15,2,True,0.23910999298095703,0.02496664971113205,False,0.09155287593603134
vit_base_patch16_224,48,ILSVRC2012_val_00002311.JPEG,mid,6,feature_modules[6],14,14,high_score_extreme,0.15,3,True,0.0916891098022461,0.024494677782058716,False,0.1636967808008194
vit_base_patch16_224,49,ILSVRC2012_val_00002347.JPEG,mid,6,feature_modules[6],14,14,high_score_extreme,0.15,3,True,0.14750003814697266,0.009377717971801758,False,0.11963170021772385
vit_base_patch16_224,50,ILSVRC2012_val_00002464.JPEG,mid,6,feature_modules[6],14,14,high_score_extreme,0.15,3,True,0.04472541809082031,0.0708790123462677,False,0.09789874404668808
vit_base_patch16_224,51,ILSVRC2012_val_00002533.JPEG,mid,6,feature_modules[6],14,14,high_score_extreme,0.15,3,True,0.2703828811645508,0.03316469490528107,False,0.17270295321941376
vit_base_patch16_224,52,ILSVRC2012_val_00002583.JPEG,mid,6,feature_modules[6],14,14,high_score_extreme,0.15,3,True,0.13083934783935547,0.022250182926654816,False,0.12779013812541962
vit_base_patch16_224,53,ILSVRC2012_val_00002614.JPEG,mid,6,feature_modules[6],14,14,high_score_extreme,0.15,3,True,0.21683597564697266,0.0034747719764709473,False,0.10761452466249466
vit_base_patch16_224,54,ILSVRC2012_val_00002716.JPEG,mid,6,feature_modules[6],14,14,high_score_extreme,0.15,3,True,-0.29720401763916016,-0.062398046255111694,False,0.13628651201725006
vit_base_patch16_224,55,ILSVRC2012_val_00002733.JPEG,mid,6,feature_modules[6],14,14,high_score_extreme,0.15,3,True,0.23910999298095703,0.02496664971113205,False,0.09155287593603134
vit_base_patch16_224,48,ILSVRC2012_val_00002311.JPEG,mid,6,feature_modules[6],14,14,low_score_extreme,0.15,0,True,0.00817108154296875,0.004196032881736755,False,0.03676990047097206
vit_base_patch16_224,49,ILSVRC2012_val_00002347.JPEG,mid,6,feature_modules[6],14,14,low_score_extreme,0.15,0,True,0.4709625244140625,0.033601902425289154,False,-0.0062246606685221195
vit_base_patch16_224,50,ILSVRC2012_val_00002464.JPEG,mid,6,feature_modules[6],14,14,low_score_extreme,0.15,0,True,0.2358694076538086,0.05785715579986572,False,-0.022008603438735008
vit_base_patch16_224,51,ILSVRC2012_val_00002533.JPEG,mid,6,feature_modules[6],14,14,low_score_extreme,0.15,0,True,0.28664398193359375,0.044620782136917114,False,0.012887714430689812
vit_base_patch16_224,52,ILSVRC2012_val_00002583.JPEG,mid,6,feature_modules[6],14,14,low_score_extreme,0.15,0,True,-0.06575965881347656,-0.009247951209545135,False,-0.0005639696610160172
vit_base_patch16_224,53,ILSVRC2012_val_00002614.JPEG,mid,6,feature_modules[6],14,14,low_score_extreme,0.15,0,True,0.2073202133178711,0.027459651231765747,False,-0.01396446768194437
vit_base_patch16_224,54,ILSVRC2012_val_00002716.JPEG,mid,6,feature_modules[6],14,14,low_score_extreme,0.15,0,True,-0.3119163513183594,-0.09029227495193481,False,0.014883002266287804
vit_base_patch16_224,55,ILSVRC2012_val_00002733.JPEG,mid,6,feature_modules[6],14,14,low_score_extreme,0.15,0,True,0.3061208724975586,0.03273748606443405,False,-0.01892319694161415
vit_base_patch16_224,48,ILSVRC2012_val_00002311.JPEG,mid,6,feature_modules[6],14,14,low_score_extreme,0.15,1,True,0.00817108154296875,0.004196032881736755,False,0.03676990047097206
vit_base_patch16_224,49,ILSVRC2012_val_00002347.JPEG,mid,6,feature_modules[6],14,14,low_score_extreme,0.15,1,True,0.4709625244140625,0.033601902425289154,False,-0.0062246606685221195
vit_base_patch16_224,50,ILSVRC2012_val_00002464.JPEG,mid,6,feature_modules[6],14,14,low_score_extreme,0.15,1,True,0.2358694076538086,0.05785715579986572,False,-0.022008603438735008
vit_base_patch16_224,51,ILSVRC2012_val_00002533.JPEG,mid,6,feature_modules[6],14,14,low_score_extreme,0.15,1,True,0.28664398193359375,0.044620782136917114,False,0.012887714430689812
vit_base_patch16_224,52,ILSVRC2012_val_00002583.JPEG,mid,6,feature_modules[6],14,14,low_score_extreme,0.15,1,True,-0.06575965881347656,-0.009247951209545135,False,-0.0005639696610160172
vit_base_patch16_224,53,ILSVRC2012_val_00002614.JPEG,mid,6,feature_modules[6],14,14,low_score_extreme,0.15,1,True,0.2073202133178711,0.027459651231765747,False,-0.01396446768194437
vit_base_patch16_224,54,ILSVRC2012_val_00002716.JPEG,mid,6,feature_modules[6],14,14,low_score_extreme,0.15,1,True,-0.3119163513183594,-0.09029227495193481,False,0.014883002266287804
vit_base_patch16_224,55,ILSVRC2012_val_00002733.JPEG,mid,6,feature_modules[6],14,14,low_score_extreme,0.15,1,True,0.3061208724975586,0.03273748606443405,False,-0.01892319694161415
vit_base_patch16_224,48,ILSVRC2012_val_00002311.JPEG,mid,6,feature_modules[6],14,14,low_score_extreme,0.15,2,True,0.00817108154296875,0.004196032881736755,False,0.03676990047097206
vit_base_patch16_224,49,ILSVRC2012_val_00002347.JPEG,mid,6,feature_modules[6],14,14,low_score_extreme,0.15,2,True,0.4709625244140625,0.033601902425289154,False,-0.0062246606685221195
vit_base_patch16_224,50,ILSVRC2012_val_00002464.JPEG,mid,6,feature_modules[6],14,14,low_score_extreme,0.15,2,True,0.2358694076538086,0.05785715579986572,False,-0.022008603438735008
vit_base_patch16_224,51,ILSVRC2012_val_00002533.JPEG,mid,6,feature_modules[6],14,14,low_score_extreme,0.15,2,True,0.28664398193359375,0.044620782136917114,False,0.012887714430689812
vit_base_patch16_224,52,ILSVRC2012_val_00002583.JPEG,mid,6,feature_modules[6],14,14,low_score_extreme,0.15,2,True,-0.06575965881347656,-0.009247951209545135,False,-0.0005639696610160172
vit_base_patch16_224,53,ILSVRC2012_val_00002614.JPEG,mid,6,feature_modules[6],14,14,low_score_extreme,0.15,2,True,0.2073202133178711,0.027459651231765747,False,-0.01396446768194437
vit_base_patch16_224,54,ILSVRC2012_val_00002716.JPEG,mid,6,feature_modules[6],14,14,low_score_extreme,0.15,2,True,-0.3119163513183594,-0.09029227495193481,False,0.014883002266287804
vit_base_patch16_224,55,ILSVRC2012_val_00002733.JPEG,mid,6,feature_modules[6],14,14,low_score_extreme,0.15,2,True,0.3061208724975586,0.03273748606443405,False,-0.01892319694161415
vit_base_patch16_224,48,ILSVRC2012_val_00002311.JPEG,mid,6,feature_modules[6],14,14,low_score_extreme,0.15,3,True,0.00817108154296875,0.004196032881736755,False,0.03676990047097206
vit_base_patch16_224,49,ILSVRC2012_val_00002347.JPEG,mid,6,feature_modules[6],14,14,low_score_extreme,0.15,3,True,0.4709625244140625,0.033601902425289154,False,-0.0062246606685221195
vit_base_patch16_224,50,ILSVRC2012_val_00002464.JPEG,mid,6,feature_modules[6],14,14,low_score_extreme,0.15,3,True,0.2358694076538086,0.05785715579986572,False,-0.022008603438735008
vit_base_patch16_224,51,ILSVRC2012_val_00002533.JPEG,mid,6,feature_modules[6],14,14,low_score_extreme,0.15,3,True,0.28664398193359375,0.044620782136917114,False,0.012887714430689812
vit_base_patch16_224,52,ILSVRC2012_val_00002583.JPEG,mid,6,feature_modules[6],14,14,low_score_extreme,0.15,3,True,-0.06575965881347656,-0.009247951209545135,False,-0.0005639696610160172
vit_base_patch16_224,53,ILSVRC2012_val_00002614.JPEG,mid,6,feature_modules[6],14,14,low_score_extreme,0.15,3,True,0.2073202133178711,0.027459651231765747,False,-0.01396446768194437
vit_base_patch16_224,54,ILSVRC2012_val_00002716.JPEG,mid,6,feature_modules[6],14,14,low_score_extreme,0.15,3,True,-0.3119163513183594,-0.09029227495193481,False,0.014883002266287804
vit_base_patch16_224,55,ILSVRC2012_val_00002733.JPEG,mid,6,feature_modules[6],14,14,low_score_extreme,0.15,3,True,0.3061208724975586,0.03273748606443405,False,-0.01892319694161415
vit_base_patch16_224,48,ILSVRC2012_val_00002311.JPEG,mid,6,feature_modules[6],14,14,random_uniform,0.15,0,True,0.19141387939453125,0.026624083518981934,False,0.08948588371276855
vit_base_patch16_224,49,ILSVRC2012_val_00002347.JPEG,mid,6,feature_modules[6],14,14,random_uniform,0.15,0,True,-0.31548500061035156,-0.014381229877471924,False,0.05245129019021988
vit_base_patch16_224,50,ILSVRC2012_val_00002464.JPEG,mid,6,feature_modules[6],14,14,random_uniform,0.15,0,True,0.049065589904785156,0.02737763524055481,False,0.04051611199975014
vit_base_patch16_224,51,ILSVRC2012_val_00002533.JPEG,mid,6,feature_modules[6],14,14,random_uniform,0.15,0,True,0.3817768096923828,0.05001154541969299,False,0.07402323931455612
vit_base_patch16_224,52,ILSVRC2012_val_00002583.JPEG,mid,6,feature_modules[6],14,14,random_uniform,0.15,0,True,0.22578048706054688,0.02440846711397171,False,0.061376579105854034
vit_base_patch16_224,53,ILSVRC2012_val_00002614.JPEG,mid,6,feature_modules[6],14,14,random_uniform,0.15,0,True,-0.21256160736083984,-0.060829490423202515,False,0.04255453497171402
vit_base_patch16_224,54,ILSVRC2012_val_00002716.JPEG,mid,6,feature_modules[6],14,14,random_uniform,0.15,0,True,-0.43373870849609375,-0.14647671580314636,False,0.07581508904695511
vit_base_patch16_224,55,ILSVRC2012_val_00002733.JPEG,mid,6,feature_modules[6],14,14,random_uniform,0.15,0,True,0.2439565658569336,0.026639021933078766,False,0.033773597329854965
vit_base_patch16_224,48,ILSVRC2012_val_00002311.JPEG,mid,6,feature_modules[6],14,14,random_uniform,0.15,1,True,0.27356910705566406,0.058068618178367615,False,0.0942114070057869
vit_base_patch16_224,49,ILSVRC2012_val_00002347.JPEG,mid,6,feature_modules[6],14,14,random_uniform,0.15,1,True,0.03782463073730469,0.0034566447138786316,False,0.06288238614797592
vit_base_patch16_224,50,ILSVRC2012_val_00002464.JPEG,mid,6,feature_modules[6],14,14,random_uniform,0.15,1,True,-0.27423572540283203,-0.04710790514945984,False,0.04809373989701271
vit_base_patch16_224,51,ILSVRC2012_val_00002533.JPEG,mid,6,feature_modules[6],14,14,random_uniform,0.15,1,True,0.11800861358642578,0.015373483300209045,False,0.07039080560207367
vit_base_patch16_224,52,ILSVRC2012_val_00002583.JPEG,mid,6,feature_modules[6],14,14,random_uniform,0.15,1,True,-0.052788734436035156,-0.005075275897979736,False,0.06723501533269882
vit_base_patch16_224,53,ILSVRC2012_val_00002614.JPEG,mid,6,feature_modules[6],14,14,random_uniform,0.15,1,True,-0.1573963165283203,-0.053873948752880096,False,0.0354791022837162
vit_base_patch16_224,54,ILSVRC2012_val_00002716.JPEG,mid,6,feature_modules[6],14,14,random_uniform,0.15,1,True,-0.3632059097290039,-0.13435772061347961,False,0.07591445744037628
vit_base_patch16_224,55,ILSVRC2012_val_00002733.JPEG,mid,6,feature_modules[6],14,14,random_uniform,0.15,1,True,0.5008525848388672,0.06267460435628891,False,0.015552222728729248
vit_base_patch16_224,48,ILSVRC2012_val_00002311.JPEG,mid,6,feature_modules[6],14,14,random_uniform,0.15,2,True,0.44940853118896484,0.07462441921234131,False,0.10487470775842667
vit_base_patch16_224,49,ILSVRC2012_val_00002347.JPEG,mid,6,feature_modules[6],14,14,random_uniform,0.15,2,True,0.03949546813964844,0.004327252507209778,False,0.050220441073179245
vit_base_patch16_224,50,ILSVRC2012_val_00002464.JPEG,mid,6,feature_modules[6],14,14,random_uniform,0.15,2,True,-0.08357048034667969,0.03420320153236389,False,0.04040628299117088
vit_base_patch16_224,51,ILSVRC2012_val_00002533.JPEG,mid,6,feature_modules[6],14,14,random_uniform,0.15,2,True,0.27457714080810547,0.04067724943161011,False,0.08034685999155045
vit_base_patch16_224,52,ILSVRC2012_val_00002583.JPEG,mid,6,feature_modules[6],14,14,random_uniform,0.15,2,True,0.10406970977783203,0.01142478734254837,False,0.05666719749569893
vit_base_patch16_224,53,ILSVRC2012_val_00002614.JPEG,mid,6,feature_modules[6],14,14,random_uniform,0.15,2,True,0.25865745544433594,0.04222485423088074,False,0.0512162484228611
vit_base_patch16_224,54,ILSVRC2012_val_00002716.JPEG,mid,6,feature_modules[6],14,14,random_uniform,0.15,2,True,-0.5892791748046875,-0.17984142899513245,False,0.06809785217046738
vit_base_patch16_224,55,ILSVRC2012_val_00002733.JPEG,mid,6,feature_modules[6],14,14,random_uniform,0.15,2,True,0.20940113067626953,0.02099810540676117,False,0.031726349145174026
vit_base_patch16_224,48,ILSVRC2012_val_00002311.JPEG,mid,6,feature_modules[6],14,14,random_uniform,0.15,3,True,0.23617839813232422,0.05546364188194275,False,0.08715565502643585
vit_base_patch16_224,49,ILSVRC2012_val_00002347.JPEG,mid,6,feature_modules[6],14,14,random_uniform,0.15,3,True,0.03630828857421875,0.00645175576210022,False,0.05477498471736908
vit_base_patch16_224,50,ILSVRC2012_val_00002464.JPEG,mid,6,feature_modules[6],14,14,random_uniform,0.15,3,True,0.005663871765136719,0.041602373123168945,False,0.046330247074365616
vit_base_patch16_224,51,ILSVRC2012_val_00002533.JPEG,mid,6,feature_modules[6],14,14,random_uniform,0.15,3,True,0.32231807708740234,0.04016369581222534,False,0.0708838552236557
vit_base_patch16_224,52,ILSVRC2012_val_00002583.JPEG,mid,6,feature_modules[6],14,14,random_uniform,0.15,3,True,0.1579456329345703,0.014880724251270294,False,0.06154707074165344
vit_base_patch16_224,53,ILSVRC2012_val_00002614.JPEG,mid,6,feature_modules[6],14,14,random_uniform,0.15,3,True,0.37771129608154297,0.04889458417892456,False,0.04044182226061821
vit_base_patch16_224,54,ILSVRC2012_val_00002716.JPEG,mid,6,feature_modules[6],14,14,random_uniform,0.15,3,True,-0.38305091857910156,-0.07882040739059448,False,0.07115530222654343
vit_base_patch16_224,55,ILSVRC2012_val_00002733.JPEG,mid,6,feature_modules[6],14,14,random_uniform,0.15,3,True,0.4033670425415039,0.045411281287670135,False,0.0358281210064888
vit_base_patch16_224,48,ILSVRC2012_val_00002311.JPEG,mid,6,feature_modules[6],14,14,score_deviation_extreme,0.15,0,True,0.10480403900146484,0.01570570468902588,False,0.13459300994873047
vit_base_patch16_224,49,ILSVRC2012_val_00002347.JPEG,mid,6,feature_modules[6],14,14,score_deviation_extreme,0.15,0,True,0.23864078521728516,0.01466716080904007,False,0.060702286660671234
vit_base_patch16_224,50,ILSVRC2012_val_00002464.JPEG,mid,6,feature_modules[6],14,14,score_deviation_extreme,0.15,0,True,0.1822376251220703,0.051279217004776,False,0.04045584797859192
vit_base_patch16_224,51,ILSVRC2012_val_00002533.JPEG,mid,6,feature_modules[6],14,14,score_deviation_extreme,0.15,0,True,0.2703828811645508,0.03316469490528107,False,0.17270295321941376
vit_base_patch16_224,52,ILSVRC2012_val_00002583.JPEG,mid,6,feature_modules[6],14,14,score_deviation_extreme,0.15,0,True,0.16199588775634766,0.019456394016742706,False,0.08334933966398239
vit_base_patch16_224,53,ILSVRC2012_val_00002614.JPEG,mid,6,feature_modules[6],14,14,score_deviation_extreme,0.15,0,True,-0.03443622589111328,-0.027142688632011414,False,0.07039868086576462
vit_base_patch16_224,54,ILSVRC2012_val_00002716.JPEG,mid,6,feature_modules[6],14,14,score_deviation_extreme,0.15,0,True,-0.3173236846923828,-0.05784013867378235,False,0.0968891829252243
vit_base_patch16_224,55,ILSVRC2012_val_00002733.JPEG,mid,6,feature_modules[6],14,14,score_deviation_extreme,0.15,0,True,0.23546600341796875,0.02391209453344345,False,0.054608311504125595
vit_base_patch16_224,48,ILSVRC2012_val_00002311.JPEG,mid,6,feature_modules[6],14,14,score_deviation_extreme,0.15,1,True,0.10480403900146484,0.01570570468902588,False,0.13459300994873047
vit_base_patch16_224,49,ILSVRC2012_val_00002347.JPEG,mid,6,feature_modules[6],14,14,score_deviation_extreme,0.15,1,True,0.23864078521728516,0.01466716080904007,False,0.060702286660671234
vit_base_patch16_224,50,ILSVRC2012_val_00002464.JPEG,mid,6,feature_modules[6],14,14,score_deviation_extreme,0.15,1,True,0.1822376251220703,0.051279217004776,False,0.04045584797859192
vit_base_patch16_224,51,ILSVRC2012_val_00002533.JPEG,mid,6,feature_modules[6],14,14,score_deviation_extreme,0.15,1,True,0.2703828811645508,0.03316469490528107,False,0.17270295321941376
vit_base_patch16_224,52,ILSVRC2012_val_00002583.JPEG,mid,6,feature_modules[6],14,14,score_deviation_extreme,0.15,1,True,0.16199588775634766,0.019456394016742706,False,0.08334933966398239
vit_base_patch16_224,53,ILSVRC2012_val_00002614.JPEG,mid,6,feature_modules[6],14,14,score_deviation_extreme,0.15,1,True,-0.03443622589111328,-0.027142688632011414,False,0.07039868086576462
vit_base_patch16_224,54,ILSVRC2012_val_00002716.JPEG,mid,6,feature_modules[6],14,14,score_deviation_extreme,0.15,1,True,-0.3173236846923828,-0.05784013867378235,False,0.0968891829252243
vit_base_patch16_224,55,ILSVRC2012_val_00002733.JPEG,mid,6,feature_modules[6],14,14,score_deviation_extreme,0.15,1,True,0.23546600341796875,0.02391209453344345,False,0.054608311504125595
vit_base_patch16_224,48,ILSVRC2012_val_00002311.JPEG,mid,6,feature_modules[6],14,14,score_deviation_extreme,0.15,2,True,0.10480403900146484,0.01570570468902588,False,0.13459300994873047
vit_base_patch16_224,49,ILSVRC2012_val_00002347.JPEG,mid,6,feature_modules[6],14,14,score_deviation_extreme,0.15,2,True,0.23864078521728516,0.01466716080904007,False,0.060702286660671234
vit_base_patch16_224,50,ILSVRC2012_val_00002464.JPEG,mid,6,feature_modules[6],14,14,score_deviation_extreme,0.15,2,True,0.1822376251220703,0.051279217004776,False,0.04045584797859192
vit_base_patch16_224,51,ILSVRC2012_val_00002533.JPEG,mid,6,feature_modules[6],14,14,score_deviation_extreme,0.15,2,True,0.2703828811645508,0.03316469490528107,False,0.17270295321941376
vit_base_patch16_224,52,ILSVRC2012_val_00002583.JPEG,mid,6,feature_modules[6],14,14,score_deviation_extreme,0.15,2,True,0.16199588775634766,0.019456394016742706,False,0.08334933966398239
vit_base_patch16_224,53,ILSVRC2012_val_00002614.JPEG,mid,6,feature_modules[6],14,14,score_deviation_extreme,0.15,2,True,-0.03443622589111328,-0.027142688632011414,False,0.07039868086576462
vit_base_patch16_224,54,ILSVRC2012_val_00002716.JPEG,mid,6,feature_modules[6],14,14,score_deviation_extreme,0.15,2,True,-0.3173236846923828,-0.05784013867378235,False,0.0968891829252243
vit_base_patch16_224,55,ILSVRC2012_val_00002733.JPEG,mid,6,feature_modules[6],14,14,score_deviation_extreme,0.15,2,True,0.23546600341796875,0.02391209453344345,False,0.054608311504125595
vit_base_patch16_224,48,ILSVRC2012_val_00002311.JPEG,mid,6,feature_modules[6],14,14,score_deviation_extreme,0.15,3,True,0.10480403900146484,0.01570570468902588,False,0.13459300994873047
vit_base_patch16_224,49,ILSVRC2012_val_00002347.JPEG,mid,6,feature_modules[6],14,14,score_deviation_extreme,0.15,3,True,0.23864078521728516,0.01466716080904007,False,0.060702286660671234
vit_base_patch16_224,50,ILSVRC2012_val_00002464.JPEG,mid,6,feature_modules[6],14,14,score_deviation_extreme,0.15,3,True,0.1822376251220703,0.051279217004776,False,0.04045584797859192
vit_base_patch16_224,51,ILSVRC2012_val_00002533.JPEG,mid,6,feature_modules[6],14,14,score_deviation_extreme,0.15,3,True,0.2703828811645508,0.03316469490528107,False,0.17270295321941376
vit_base_patch16_224,52,ILSVRC2012_val_00002583.JPEG,mid,6,feature_modules[6],14,14,score_deviation_extreme,0.15,3,True,0.16199588775634766,0.019456394016742706,False,0.08334933966398239
vit_base_patch16_224,53,ILSVRC2012_val_00002614.JPEG,mid,6,feature_modules[6],14,14,score_deviation_extreme,0.15,3,True,-0.03443622589111328,-0.027142688632011414,False,0.07039868086576462
vit_base_patch16_224,54,ILSVRC2012_val_00002716.JPEG,mid,6,feature_modules[6],14,14,score_deviation_extreme,0.15,3,True,-0.3173236846923828,-0.05784013867378235,False,0.0968891829252243
vit_base_patch16_224,55,ILSVRC2012_val_00002733.JPEG,mid,6,feature_modules[6],14,14,score_deviation_extreme,0.15,3,True,0.23546600341796875,0.02391209453344345,False,0.054608311504125595
vit_base_patch16_224,48,ILSVRC2012_val_00002311.JPEG,final,11,blocks[11],14,14,high_score_extreme,0.15,0,True,0.5532798767089844,0.09160439670085907,False,0.9172925353050232
vit_base_patch16_224,49,ILSVRC2012_val_00002347.JPEG,final,11,blocks[11],14,14,high_score_extreme,0.15,0,True,0.24325942993164062,0.02919883280992508,False,0.8964390158653259
vit_base_patch16_224,50,ILSVRC2012_val_00002464.JPEG,final,11,blocks[11],14,14,high_score_extreme,0.15,0,True,0.059142112731933594,0.03421604633331299,False,0.909156322479248
vit_base_patch16_224,51,ILSVRC2012_val_00002533.JPEG,final,11,blocks[11],14,14,high_score_extreme,0.15,0,True,0.23456954956054688,0.026904478669166565,False,0.8740056753158569
vit_base_patch16_224,52,ILSVRC2012_val_00002583.JPEG,final,11,blocks[11],14,14,high_score_extreme,0.15,0,True,0.7746744155883789,0.13845232129096985,False,0.9047256708145142
vit_base_patch16_224,53,ILSVRC2012_val_00002614.JPEG,final,11,blocks[11],14,14,high_score_extreme,0.15,0,True,0.7377767562866211,0.13105876743793488,False,0.8531314134597778
vit_base_patch16_224,54,ILSVRC2012_val_00002716.JPEG,final,11,blocks[11],14,14,high_score_extreme,0.15,0,True,-0.5040321350097656,-0.1911243498325348,False,0.8558732271194458
vit_base_patch16_224,55,ILSVRC2012_val_00002733.JPEG,final,11,blocks[11],14,14,high_score_extreme,0.15,0,True,0.20727157592773438,0.022594831883907318,False,0.8915174007415771
vit_base_patch16_224,48,ILSVRC2012_val_00002311.JPEG,final,11,blocks[11],14,14,high_score_extreme,0.15,1,True,0.5532798767089844,0.09160439670085907,False,0.9172925353050232
vit_base_patch16_224,49,ILSVRC2012_val_00002347.JPEG,final,11,blocks[11],14,14,high_score_extreme,0.15,1,True,0.24325942993164062,0.02919883280992508,False,0.8964390158653259
vit_base_patch16_224,50,ILSVRC2012_val_00002464.JPEG,final,11,blocks[11],14,14,high_score_extreme,0.15,1,True,0.059142112731933594,0.03421604633331299,False,0.909156322479248
vit_base_patch16_224,51,ILSVRC2012_val_00002533.JPEG,final,11,blocks[11],14,14,high_score_extreme,0.15,1,True,0.23456954956054688,0.026904478669166565,False,0.8740056753158569
vit_base_patch16_224,52,ILSVRC2012_val_00002583.JPEG,final,11,blocks[11],14,14,high_score_extreme,0.15,1,True,0.7746744155883789,0.13845232129096985,False,0.9047256708145142
vit_base_patch16_224,53,ILSVRC2012_val_00002614.JPEG,final,11,blocks[11],14,14,high_score_extreme,0.15,1,True,0.7377767562866211,0.13105876743793488,False,0.8531314134597778
vit_base_patch16_224,54,ILSVRC2012_val_00002716.JPEG,final,11,blocks[11],14,14,high_score_extreme,0.15,1,True,-0.5040321350097656,-0.1911243498325348,False,0.8558732271194458
vit_base_patch16_224,55,ILSVRC2012_val_00002733.JPEG,final,11,blocks[11],14,14,high_score_extreme,0.15,1,True,0.20727157592773438,0.022594831883907318,False,0.8915174007415771
vit_base_patch16_224,48,ILSVRC2012_val_00002311.JPEG,final,11,blocks[11],14,14,high_score_extreme,0.15,2,True,0.5532798767089844,0.09160439670085907,False,0.9172925353050232
vit_base_patch16_224,49,ILSVRC2012_val_00002347.JPEG,final,11,blocks[11],14,14,high_score_extreme,0.15,2,True,0.24325942993164062,0.02919883280992508,False,0.8964390158653259
vit_base_patch16_224,50,ILSVRC2012_val_00002464.JPEG,final,11,blocks[11],14,14,high_score_extreme,0.15,2,True,0.059142112731933594,0.03421604633331299,False,0.909156322479248
vit_base_patch16_224,51,ILSVRC2012_val_00002533.JPEG,final,11,blocks[11],14,14,high_score_extreme,0.15,2,True,0.23456954956054688,0.026904478669166565,False,0.8740056753158569
vit_base_patch16_224,52,ILSVRC2012_val_00002583.JPEG,final,11,blocks[11],14,14,high_score_extreme,0.15,2,True,0.7746744155883789,0.13845232129096985,False,0.9047256708145142
vit_base_patch16_224,53,ILSVRC2012_val_00002614.JPEG,final,11,blocks[11],14,14,high_score_extreme,0.15,2,True,0.7377767562866211,0.13105876743793488,False,0.8531314134597778
vit_base_patch16_224,54,ILSVRC2012_val_00002716.JPEG,final,11,blocks[11],14,14,high_score_extreme,0.15,2,True,-0.5040321350097656,-0.1911243498325348,False,0.8558732271194458
vit_base_patch16_224,55,ILSVRC2012_val_00002733.JPEG,final,11,blocks[11],14,14,high_score_extreme,0.15,2,True,0.20727157592773438,0.022594831883907318,False,0.8915174007415771
vit_base_patch16_224,48,ILSVRC2012_val_00002311.JPEG,final,11,blocks[11],14,14,high_score_extreme,0.15,3,True,0.5532798767089844,0.09160439670085907,False,0.9172925353050232
vit_base_patch16_224,49,ILSVRC2012_val_00002347.JPEG,final,11,blocks[11],14,14,high_score_extreme,0.15,3,True,0.24325942993164062,0.02919883280992508,False,0.8964390158653259
vit_base_patch16_224,50,ILSVRC2012_val_00002464.JPEG,final,11,blocks[11],14,14,high_score_extreme,0.15,3,True,0.059142112731933594,0.03421604633331299,False,0.909156322479248
vit_base_patch16_224,51,ILSVRC2012_val_00002533.JPEG,final,11,blocks[11],14,14,high_score_extreme,0.15,3,True,0.23456954956054688,0.026904478669166565,False,0.8740056753158569
vit_base_patch16_224,52,ILSVRC2012_val_00002583.JPEG,final,11,blocks[11],14,14,high_score_extreme,0.15,3,True,0.7746744155883789,0.13845232129096985,False,0.9047256708145142
vit_base_patch16_224,53,ILSVRC2012_val_00002614.JPEG,final,11,blocks[11],14,14,high_score_extreme,0.15,3,True,0.7377767562866211,0.13105876743793488,False,0.8531314134597778
vit_base_patch16_224,54,ILSVRC2012_val_00002716.JPEG,final,11,blocks[11],14,14,high_score_extreme,0.15,3,True,-0.5040321350097656,-0.1911243498325348,False,0.8558732271194458
vit_base_patch16_224,55,ILSVRC2012_val_00002733.JPEG,final,11,blocks[11],14,14,high_score_extreme,0.15,3,True,0.20727157592773438,0.022594831883907318,False,0.8915174007415771
vit_base_patch16_224,48,ILSVRC2012_val_00002311.JPEG,final,11,blocks[11],14,14,low_score_extreme,0.15,0,True,0.2156391143798828,0.03661543130874634,False,0.7393723726272583
vit_base_patch16_224,49,ILSVRC2012_val_00002347.JPEG,final,11,blocks[11],14,14,low_score_extreme,0.15,0,True,0.1808948516845703,0.011780962347984314,False,0.5130429267883301
vit_base_patch16_224,50,ILSVRC2012_val_00002464.JPEG,final,11,blocks[11],14,14,low_score_extreme,0.15,0,True,0.1035165786743164,0.05668070912361145,False,0.523865818977356
vit_base_patch16_224,51,ILSVRC2012_val_00002533.JPEG,final,11,blocks[11],14,14,low_score_extreme,0.15,0,True,0.3218240737915039,0.039961591362953186,False,0.5718809962272644
vit_base_patch16_224,52,ILSVRC2012_val_00002583.JPEG,final,11,blocks[11],14,14,low_score_extreme,0.15,0,True,-0.018677711486816406,-0.004466399550437927,False,0.36442023515701294
vit_base_patch16_224,53,ILSVRC2012_val_00002614.JPEG,final,11,blocks[11],14,14,low_score_extreme,0.15,0,True,0.12333393096923828,0.022612646222114563,False,0.3046802580356598
vit_base_patch16_224,54,ILSVRC2012_val_00002716.JPEG,final,11,blocks[11],14,14,low_score_extreme,0.15,0,True,-0.3858680725097656,-0.12376508116722107,False,0.6578786373138428
vit_base_patch16_224,55,ILSVRC2012_val_00002733.JPEG,final,11,blocks[11],14,14,low_score_extreme,0.15,0,True,0.2756977081298828,0.02805911749601364,False,0.517227828502655
vit_base_patch16_224,48,ILSVRC2012_val_00002311.JPEG,final,11,blocks[11],14,14,low_score_extreme,0.15,1,True,0.2156391143798828,0.03661543130874634,False,0.7393723726272583
vit_base_patch16_224,49,ILSVRC2012_val_00002347.JPEG,final,11,blocks[11],14,14,low_score_extreme,0.15,1,True,0.1808948516845703,0.011780962347984314,False,0.5130429267883301
vit_base_patch16_224,50,ILSVRC2012_val_00002464.JPEG,final,11,blocks[11],14,14,low_score_extreme,0.15,1,True,0.1035165786743164,0.05668070912361145,False,0.523865818977356
vit_base_patch16_224,51,ILSVRC2012_val_00002533.JPEG,final,11,blocks[11],14,14,low_score_extreme,0.15,1,True,0.3218240737915039,0.039961591362953186,False,0.5718809962272644
vit_base_patch16_224,52,ILSVRC2012_val_00002583.JPEG,final,11,blocks[11],14,14,low_score_extreme,0.15,1,True,-0.018677711486816406,-0.004466399550437927,False,0.36442023515701294
vit_base_patch16_224,53,ILSVRC2012_val_00002614.JPEG,final,11,blocks[11],14,14,low_score_extreme,0.15,1,True,0.12333393096923828,0.022612646222114563,False,0.3046802580356598
vit_base_patch16_224,54,ILSVRC2012_val_00002716.JPEG,final,11,blocks[11],14,14,low_score_extreme,0.15,1,True,-0.3858680725097656,-0.12376508116722107,False,0.6578786373138428
vit_base_patch16_224,55,ILSVRC2012_val_00002733.JPEG,final,11,blocks[11],14,14,low_score_extreme,0.15,1,True,0.2756977081298828,0.02805911749601364,False,0.517227828502655
vit_base_patch16_224,48,ILSVRC2012_val_00002311.JPEG,final,11,blocks[11],14,14,low_score_extreme,0.15,2,True,0.2156391143798828,0.03661543130874634,False,0.7393723726272583
vit_base_patch16_224,49,ILSVRC2012_val_00002347.JPEG,final,11,blocks[11],14,14,low_score_extreme,0.15,2,True,0.1808948516845703,0.011780962347984314,False,0.5130429267883301
vit_base_patch16_224,50,ILSVRC2012_val_00002464.JPEG,final,11,blocks[11],14,14,low_score_extreme,0.15,2,True,0.1035165786743164,0.05668070912361145,False,0.523865818977356
vit_base_patch16_224,51,ILSVRC2012_val_00002533.JPEG,final,11,blocks[11],14,14,low_score_extreme,0.15,2,True,0.3218240737915039,0.039961591362953186,False,0.5718809962272644
vit_base_patch16_224,52,ILSVRC2012_val_00002583.JPEG,final,11,blocks[11],14,14,low_score_extreme,0.15,2,True,-0.018677711486816406,-0.004466399550437927,False,0.36442023515701294
vit_base_patch16_224,53,ILSVRC2012_val_00002614.JPEG,final,11,blocks[11],14,14,low_score_extreme,0.15,2,True,0.12333393096923828,0.022612646222114563,False,0.3046802580356598
vit_base_patch16_224,54,ILSVRC2012_val_00002716.JPEG,final,11,blocks[11],14,14,low_score_extreme,0.15,2,True,-0.3858680725097656,-0.12376508116722107,False,0.6578786373138428
vit_base_patch16_224,55,ILSVRC2012_val_00002733.JPEG,final,11,blocks[11],14,14,low_score_extreme,0.15,2,True,0.2756977081298828,0.02805911749601364,False,0.517227828502655
vit_base_patch16_224,48,ILSVRC2012_val_00002311.JPEG,final,11,blocks[11],14,14,low_score_extreme,0.15,3,True,0.2156391143798828,0.03661543130874634,False,0.7393723726272583
vit_base_patch16_224,49,ILSVRC2012_val_00002347.JPEG,final,11,blocks[11],14,14,low_score_extreme,0.15,3,True,0.1808948516845703,0.011780962347984314,False,0.5130429267883301
vit_base_patch16_224,50,ILSVRC2012_val_00002464.JPEG,final,11,blocks[11],14,14,low_score_extreme,0.15,3,True,0.1035165786743164,0.05668070912361145,False,0.523865818977356
vit_base_patch16_224,51,ILSVRC2012_val_00002533.JPEG,final,11,blocks[11],14,14,low_score_extreme,0.15,3,True,0.3218240737915039,0.039961591362953186,False,0.5718809962272644
vit_base_patch16_224,52,ILSVRC2012_val_00002583.JPEG,final,11,blocks[11],14,14,low_score_extreme,0.15,3,True,-0.018677711486816406,-0.004466399550437927,False,0.36442023515701294
vit_base_patch16_224,53,ILSVRC2012_val_00002614.JPEG,final,11,blocks[11],14,14,low_score_extreme,0.15,3,True,0.12333393096923828,0.022612646222114563,False,0.3046802580356598
vit_base_patch16_224,54,ILSVRC2012_val_00002716.JPEG,final,11,blocks[11],14,14,low_score_extreme,0.15,3,True,-0.3858680725097656,-0.12376508116722107,False,0.6578786373138428
vit_base_patch16_224,55,ILSVRC2012_val_00002733.JPEG,final,11,blocks[11],14,14,low_score_extreme,0.15,3,True,0.2756977081298828,0.02805911749601364,False,0.517227828502655
vit_base_patch16_224,48,ILSVRC2012_val_00002311.JPEG,final,11,blocks[11],14,14,random_uniform,0.15,0,True,0.06654548645019531,0.0201568603515625,False,0.8753696084022522
vit_base_patch16_224,49,ILSVRC2012_val_00002347.JPEG,final,11,blocks[11],14,14,random_uniform,0.15,0,True,0.24094200134277344,0.018401190638542175,False,0.7923114895820618
vit_base_patch16_224,50,ILSVRC2012_val_00002464.JPEG,final,11,blocks[11],14,14,random_uniform,0.15,0,True,-0.16214561462402344,-0.055741727352142334,False,0.7773473858833313
vit_base_patch16_224,51,ILSVRC2012_val_00002533.JPEG,final,11,blocks[11],14,14,random_uniform,0.15,0,True,0.06296253204345703,0.006856843829154968,False,0.7700961232185364
vit_base_patch16_224,52,ILSVRC2012_val_00002583.JPEG,final,11,blocks[11],14,14,random_uniform,0.15,0,True,0.00022792816162109375,-0.001109577715396881,False,0.6428536772727966
vit_base_patch16_224,53,ILSVRC2012_val_00002614.JPEG,final,11,blocks[11],14,14,random_uniform,0.15,0,True,0.11601924896240234,0.027639999985694885,False,0.6340293884277344
vit_base_patch16_224,54,ILSVRC2012_val_00002716.JPEG,final,11,blocks[11],14,14,random_uniform,0.15,0,True,-0.455047607421875,-0.15866196155548096,False,0.758223295211792
vit_base_patch16_224,55,ILSVRC2012_val_00002733.JPEG,final,11,blocks[11],14,14,random_uniform,0.15,0,True,0.5551385879516602,0.07444750517606735,False,0.7832743525505066
vit_base_patch16_224,48,ILSVRC2012_val_00002311.JPEG,final,11,blocks[11],14,14,random_uniform,0.15,1,True,0.16521739959716797,0.04906933009624481,False,0.8787046074867249
vit_base_patch16_224,49,ILSVRC2012_val_00002347.JPEG,final,11,blocks[11],14,14,random_uniform,0.15,1,True,0.041378021240234375,0.004211336374282837,False,0.7361207008361816
vit_base_patch16_224,50,ILSVRC2012_val_00002464.JPEG,final,11,blocks[11],14,14,random_uniform,0.15,1,True,0.12332534790039062,0.09642291069030762,False,0.7813487648963928
vit_base_patch16_224,51,ILSVRC2012_val_00002533.JPEG,final,11,blocks[11],14,14,random_uniform,0.15,1,True,0.4857463836669922,0.06763261556625366,False,0.7857544422149658
vit_base_patch16_224,52,ILSVRC2012_val_00002583.JPEG,final,11,blocks[11],14,14,random_uniform,0.15,1,True,0.09757232666015625,0.010531984269618988,False,0.6896682977676392
vit_base_patch16_224,53,ILSVRC2012_val_00002614.JPEG,final,11,blocks[11],14,14,random_uniform,0.15,1,True,-0.28350162506103516,-0.06417375802993774,False,0.5637717247009277
vit_base_patch16_224,54,ILSVRC2012_val_00002716.JPEG,final,11,blocks[11],14,14,random_uniform,0.15,1,True,-0.1655893325805664,0.027536392211914062,False,0.7648947238922119
vit_base_patch16_224,55,ILSVRC2012_val_00002733.JPEG,final,11,blocks[11],14,14,random_uniform,0.15,1,True,0.32387828826904297,0.04861816018819809,False,0.7646225094795227
vit_base_patch16_224,48,ILSVRC2012_val_00002311.JPEG,final,11,blocks[11],14,14,random_uniform,0.15,2,True,-0.05115509033203125,0.0004596784710884094,False,0.8733417987823486
vit_base_patch16_224,49,ILSVRC2012_val_00002347.JPEG,final,11,blocks[11],14,14,random_uniform,0.15,2,True,0.08099365234375,0.006539441645145416,False,0.7579895257949829
vit_base_patch16_224,50,ILSVRC2012_val_00002464.JPEG,final,11,blocks[11],14,14,random_uniform,0.15,2,True,-0.07039070129394531,-0.007408857345581055,False,0.790368914604187
vit_base_patch16_224,51,ILSVRC2012_val_00002533.JPEG,final,11,blocks[11],14,14,random_uniform,0.15,2,True,0.17516422271728516,0.020915791392326355,False,0.7965329885482788
vit_base_patch16_224,52,ILSVRC2012_val_00002583.JPEG,final,11,blocks[11],14,14,random_uniform,0.15,2,True,0.07290172576904297,0.006734810769557953,False,0.6551893949508667
vit_base_patch16_224,53,ILSVRC2012_val_00002614.JPEG,final,11,blocks[11],14,14,random_uniform,0.15,2,True,0.0445709228515625,0.009499266743659973,False,0.651565670967102
vit_base_patch16_224,54,ILSVRC2012_val_00002716.JPEG,final,11,blocks[11],14,14,random_uniform,0.15,2,True,-0.5159015655517578,-0.18949481844902039,False,0.7865939140319824
vit_base_patch16_224,55,ILSVRC2012_val_00002733.JPEG,final,11,blocks[11],14,14,random_uniform,0.15,2,True,0.2985048294067383,0.031292371451854706,False,0.7375339865684509
vit_base_patch16_224,48,ILSVRC2012_val_00002311.JPEG,final,11,blocks[11],14,14,random_uniform,0.15,3,True,0.05117988586425781,0.011561110615730286,False,0.883378267288208
vit_base_patch16_224,49,ILSVRC2012_val_00002347.JPEG,final,11,blocks[11],14,14,random_uniform,0.15,3,True,-0.1735363006591797,-0.009517613798379898,False,0.7537926435470581
vit_base_patch16_224,50,ILSVRC2012_val_00002464.JPEG,final,11,blocks[11],14,14,random_uniform,0.15,3,True,0.012018203735351562,0.02839478850364685,False,0.8027482628822327
vit_base_patch16_224,51,ILSVRC2012_val_00002533.JPEG,final,11,blocks[11],14,14,random_uniform,0.15,3,True,0.2753610610961914,0.033405035734176636,False,0.7629347443580627
vit_base_patch16_224,52,ILSVRC2012_val_00002583.JPEG,final,11,blocks[11],14,14,random_uniform,0.15,3,True,-0.10273170471191406,-0.005635350942611694,False,0.6651413440704346
vit_base_patch16_224,53,ILSVRC2012_val_00002614.JPEG,final,11,blocks[11],14,14,random_uniform,0.15,3,True,-0.061318397521972656,-0.028368547558784485,False,0.6585865616798401
vit_base_patch16_224,54,ILSVRC2012_val_00002716.JPEG,final,11,blocks[11],14,14,random_uniform,0.15,3,True,-0.5491504669189453,-0.1696852445602417,False,0.7724983096122742
vit_base_patch16_224,55,ILSVRC2012_val_00002733.JPEG,final,11,blocks[11],14,14,random_uniform,0.15,3,True,0.4783601760864258,0.05600833147764206,False,0.7688327431678772
vit_base_patch16_224,48,ILSVRC2012_val_00002311.JPEG,final,11,blocks[11],14,14,score_deviation_extreme,0.15,0,True,0.2156391143798828,0.03661543130874634,False,0.7393723726272583
vit_base_patch16_224,49,ILSVRC2012_val_00002347.JPEG,final,11,blocks[11],14,14,score_deviation_extreme,0.15,0,True,0.1808948516845703,0.011780962347984314,False,0.5130429267883301
vit_base_patch16_224,50,ILSVRC2012_val_00002464.JPEG,final,11,blocks[11],14,14,score_deviation_extreme,0.15,0,True,0.1035165786743164,0.05668070912361145,False,0.523865818977356
vit_base_patch16_224,51,ILSVRC2012_val_00002533.JPEG,final,11,blocks[11],14,14,score_deviation_extreme,0.15,0,True,0.3218240737915039,0.039961591362953186,False,0.5718809962272644
vit_base_patch16_224,52,ILSVRC2012_val_00002583.JPEG,final,11,blocks[11],14,14,score_deviation_extreme,0.15,0,True,-0.018677711486816406,-0.004466399550437927,False,0.36442023515701294
vit_base_patch16_224,53,ILSVRC2012_val_00002614.JPEG,final,11,blocks[11],14,14,score_deviation_extreme,0.15,0,True,0.12333393096923828,0.022612646222114563,False,0.3046802580356598
vit_base_patch16_224,54,ILSVRC2012_val_00002716.JPEG,final,11,blocks[11],14,14,score_deviation_extreme,0.15,0,True,-0.346893310546875,-0.10587373375892639,False,0.6652003526687622
vit_base_patch16_224,55,ILSVRC2012_val_00002733.JPEG,final,11,blocks[11],14,14,score_deviation_extreme,0.15,0,True,0.2756977081298828,0.02805911749601364,False,0.517227828502655
vit_base_patch16_224,48,ILSVRC2012_val_00002311.JPEG,final,11,blocks[11],14,14,score_deviation_extreme,0.15,1,True,0.2156391143798828,0.03661543130874634,False,0.7393723726272583
vit_base_patch16_224,49,ILSVRC2012_val_00002347.JPEG,final,11,blocks[11],14,14,score_deviation_extreme,0.15,1,True,0.1808948516845703,0.011780962347984314,False,0.5130429267883301
vit_base_patch16_224,50,ILSVRC2012_val_00002464.JPEG,final,11,blocks[11],14,14,score_deviation_extreme,0.15,1,True,0.1035165786743164,0.05668070912361145,False,0.523865818977356
vit_base_patch16_224,51,ILSVRC2012_val_00002533.JPEG,final,11,blocks[11],14,14,score_deviation_extreme,0.15,1,True,0.3218240737915039,0.039961591362953186,False,0.5718809962272644
vit_base_patch16_224,52,ILSVRC2012_val_00002583.JPEG,final,11,blocks[11],14,14,score_deviation_extreme,0.15,1,True,-0.018677711486816406,-0.004466399550437927,False,0.36442023515701294
vit_base_patch16_224,53,ILSVRC2012_val_00002614.JPEG,final,11,blocks[11],14,14,score_deviation_extreme,0.15,1,True,0.12333393096923828,0.022612646222114563,False,0.3046802580356598
vit_base_patch16_224,54,ILSVRC2012_val_00002716.JPEG,final,11,blocks[11],14,14,score_deviation_extreme,0.15,1,True,-0.346893310546875,-0.10587373375892639,False,0.6652003526687622
vit_base_patch16_224,55,ILSVRC2012_val_00002733.JPEG,final,11,blocks[11],14,14,score_deviation_extreme,0.15,1,True,0.2756977081298828,0.02805911749601364,False,0.517227828502655
vit_base_patch16_224,48,ILSVRC2012_val_00002311.JPEG,final,11,blocks[11],14,14,score_deviation_extreme,0.15,2,True,0.2156391143798828,0.03661543130874634,False,0.7393723726272583
vit_base_patch16_224,49,ILSVRC2012_val_00002347.JPEG,final,11,blocks[11],14,14,score_deviation_extreme,0.15,2,True,0.1808948516845703,0.011780962347984314,False,0.5130429267883301
vit_base_patch16_224,50,ILSVRC2012_val_00002464.JPEG,final,11,blocks[11],14,14,score_deviation_extreme,0.15,2,True,0.1035165786743164,0.05668070912361145,False,0.523865818977356
vit_base_patch16_224,51,ILSVRC2012_val_00002533.JPEG,final,11,blocks[11],14,14,score_deviation_extreme,0.15,2,True,0.3218240737915039,0.039961591362953186,False,0.5718809962272644
vit_base_patch16_224,52,ILSVRC2012_val_00002583.JPEG,final,11,blocks[11],14,14,score_deviation_extreme,0.15,2,True,-0.018677711486816406,-0.004466399550437927,False,0.36442023515701294
vit_base_patch16_224,53,ILSVRC2012_val_00002614.JPEG,final,11,blocks[11],14,14,score_deviation_extreme,0.15,2,True,0.12333393096923828,0.022612646222114563,False,0.3046802580356598
vit_base_patch16_224,54,ILSVRC2012_val_00002716.JPEG,final,11,blocks[11],14,14,score_deviation_extreme,0.15,2,True,-0.346893310546875,-0.10587373375892639,False,0.6652003526687622
vit_base_patch16_224,55,ILSVRC2012_val_00002733.JPEG,final,11,blocks[11],14,14,score_deviation_extreme,0.15,2,True,0.2756977081298828,0.02805911749601364,False,0.517227828502655
vit_base_patch16_224,48,ILSVRC2012_val_00002311.JPEG,final,11,blocks[11],14,14,score_deviation_extreme,0.15,3,True,0.2156391143798828,0.03661543130874634,False,0.7393723726272583
vit_base_patch16_224,49,ILSVRC2012_val_00002347.JPEG,final,11,blocks[11],14,14,score_deviation_extreme,0.15,3,True,0.1808948516845703,0.011780962347984314,False,0.5130429267883301
vit_base_patch16_224,50,ILSVRC2012_val_00002464.JPEG,final,11,blocks[11],14,14,score_deviation_extreme,0.15,3,True,0.1035165786743164,0.05668070912361145,False,0.523865818977356
vit_base_patch16_224,51,ILSVRC2012_val_00002533.JPEG,final,11,blocks[11],14,14,score_deviation_extreme,0.15,3,True,0.3218240737915039,0.039961591362953186,False,0.5718809962272644
vit_base_patch16_224,52,ILSVRC2012_val_00002583.JPEG,final,11,blocks[11],14,14,score_deviation_extreme,0.15,3,True,-0.018677711486816406,-0.004466399550437927,False,0.36442023515701294
vit_base_patch16_224,53,ILSVRC2012_val_00002614.JPEG,final,11,blocks[11],14,14,score_deviation_extreme,0.15,3,True,0.12333393096923828,0.022612646222114563,False,0.3046802580356598
vit_base_patch16_224,54,ILSVRC2012_val_00002716.JPEG,final,11,blocks[11],14,14,score_deviation_extreme,0.15,3,True,-0.346893310546875,-0.10587373375892639,False,0.6652003526687622
vit_base_patch16_224,55,ILSVRC2012_val_00002733.JPEG,final,11,blocks[11],14,14,score_deviation_extreme,0.15,3,True,0.2756977081298828,0.02805911749601364,False,0.517227828502655
vit_base_patch16_224,56,ILSVRC2012_val_00002734.JPEG,early,0,feature_modules[0],14,14,high_score_extreme,0.15,0,True,0.37461376190185547,0.06930257380008698,False,0.30853283405303955
vit_base_patch16_224,57,ILSVRC2012_val_00002815.JPEG,early,0,feature_modules[0],14,14,high_score_extreme,0.15,0,True,-0.011761665344238281,0.006678417325019836,False,0.3122884929180145
vit_base_patch16_224,58,ILSVRC2012_val_00002932.JPEG,early,0,feature_modules[0],14,14,high_score_extreme,0.15,0,True,0.15350818634033203,0.02085021138191223,False,0.3131173253059387
vit_base_patch16_224,59,ILSVRC2012_val_00003096.JPEG,early,0,feature_modules[0],14,14,high_score_extreme,0.15,0,True,0.15979385375976562,0.008439242839813232,False,0.3304053843021393
vit_base_patch16_224,60,ILSVRC2012_val_00003145.JPEG,early,0,feature_modules[0],14,14,high_score_extreme,0.15,0,True,0.000286102294921875,0.00021030008792877197,False,0.32226186990737915
vit_base_patch16_224,61,ILSVRC2012_val_00003190.JPEG,early,0,feature_modules[0],14,14,high_score_extreme,0.15,0,True,-0.10516643524169922,-0.026271015405654907,False,0.323459655046463
vit_base_patch16_224,62,ILSVRC2012_val_00003194.JPEG,early,0,feature_modules[0],14,14,high_score_extreme,0.15,0,True,-0.004913330078125,-0.004692867398262024,False,0.2946169078350067
vit_base_patch16_224,63,ILSVRC2012_val_00003317.JPEG,early,0,feature_modules[0],14,14,high_score_extreme,0.15,0,True,0.3479890823364258,0.059496551752090454,False,0.3246968686580658
vit_base_patch16_224,56,ILSVRC2012_val_00002734.JPEG,early,0,feature_modules[0],14,14,high_score_extreme,0.15,1,True,0.37461376190185547,0.06930257380008698,False,0.30853283405303955
vit_base_patch16_224,57,ILSVRC2012_val_00002815.JPEG,early,0,feature_modules[0],14,14,high_score_extreme,0.15,1,True,-0.011761665344238281,0.006678417325019836,False,0.3122884929180145
vit_base_patch16_224,58,ILSVRC2012_val_00002932.JPEG,early,0,feature_modules[0],14,14,high_score_extreme,0.15,1,True,0.15350818634033203,0.02085021138191223,False,0.3131173253059387
vit_base_patch16_224,59,ILSVRC2012_val_00003096.JPEG,early,0,feature_modules[0],14,14,high_score_extreme,0.15,1,True,0.15979385375976562,0.008439242839813232,False,0.3304053843021393
vit_base_patch16_224,60,ILSVRC2012_val_00003145.JPEG,early,0,feature_modules[0],14,14,high_score_extreme,0.15,1,True,0.000286102294921875,0.00021030008792877197,False,0.32226186990737915
vit_base_patch16_224,61,ILSVRC2012_val_00003190.JPEG,early,0,feature_modules[0],14,14,high_score_extreme,0.15,1,True,-0.10516643524169922,-0.026271015405654907,False,0.323459655046463
vit_base_patch16_224,62,ILSVRC2012_val_00003194.JPEG,early,0,feature_modules[0],14,14,high_score_extreme,0.15,1,True,-0.004913330078125,-0.004692867398262024,False,0.2946169078350067
vit_base_patch16_224,63,ILSVRC2012_val_00003317.JPEG,early,0,feature_modules[0],14,14,high_score_extreme,0.15,1,True,0.3479890823364258,0.059496551752090454,False,0.3246968686580658
vit_base_patch16_224,56,ILSVRC2012_val_00002734.JPEG,early,0,feature_modules[0],14,14,high_score_extreme,0.15,2,True,0.37461376190185547,0.06930257380008698,False,0.30853283405303955
vit_base_patch16_224,57,ILSVRC2012_val_00002815.JPEG,early,0,feature_modules[0],14,14,high_score_extreme,0.15,2,True,-0.011761665344238281,0.006678417325019836,False,0.3122884929180145
vit_base_patch16_224,58,ILSVRC2012_val_00002932.JPEG,early,0,feature_modules[0],14,14,high_score_extreme,0.15,2,True,0.15350818634033203,0.02085021138191223,False,0.3131173253059387
vit_base_patch16_224,59,ILSVRC2012_val_00003096.JPEG,early,0,feature_modules[0],14,14,high_score_extreme,0.15,2,True,0.15979385375976562,0.008439242839813232,False,0.3304053843021393
vit_base_patch16_224,60,ILSVRC2012_val_00003145.JPEG,early,0,feature_modules[0],14,14,high_score_extreme,0.15,2,True,0.000286102294921875,0.00021030008792877197,False,0.32226186990737915
vit_base_patch16_224,61,ILSVRC2012_val_00003190.JPEG,early,0,feature_modules[0],14,14,high_score_extreme,0.15,2,True,-0.10516643524169922,-0.026271015405654907,False,0.323459655046463
vit_base_patch16_224,62,ILSVRC2012_val_00003194.JPEG,early,0,feature_modules[0],14,14,high_score_extreme,0.15,2,True,-0.004913330078125,-0.004692867398262024,False,0.2946169078350067
vit_base_patch16_224,63,ILSVRC2012_val_00003317.JPEG,early,0,feature_modules[0],14,14,high_score_extreme,0.15,2,True,0.3479890823364258,0.059496551752090454,False,0.3246968686580658
vit_base_patch16_224,56,ILSVRC2012_val_00002734.JPEG,early,0,feature_modules[0],14,14,high_score_extreme,0.15,3,True,0.37461376190185547,0.06930257380008698,False,0.30853283405303955
vit_base_patch16_224,57,ILSVRC2012_val_00002815.JPEG,early,0,feature_modules[0],14,14,high_score_extreme,0.15,3,True,-0.011761665344238281,0.006678417325019836,False,0.3122884929180145
vit_base_patch16_224,58,ILSVRC2012_val_00002932.JPEG,early,0,feature_modules[0],14,14,high_score_extreme,0.15,3,True,0.15350818634033203,0.02085021138191223,False,0.3131173253059387
vit_base_patch16_224,59,ILSVRC2012_val_00003096.JPEG,early,0,feature_modules[0],14,14,high_score_extreme,0.15,3,True,0.15979385375976562,0.008439242839813232,False,0.3304053843021393
vit_base_patch16_224,60,ILSVRC2012_val_00003145.JPEG,early,0,feature_modules[0],14,14,high_score_extreme,0.15,3,True,0.000286102294921875,0.00021030008792877197,False,0.32226186990737915
vit_base_patch16_224,61,ILSVRC2012_val_00003190.JPEG,early,0,feature_modules[0],14,14,high_score_extreme,0.15,3,True,-0.10516643524169922,-0.026271015405654907,False,0.323459655046463
vit_base_patch16_224,62,ILSVRC2012_val_00003194.JPEG,early,0,feature_modules[0],14,14,high_score_extreme,0.15,3,True,-0.004913330078125,-0.004692867398262024,False,0.2946169078350067
vit_base_patch16_224,63,ILSVRC2012_val_00003317.JPEG,early,0,feature_modules[0],14,14,high_score_extreme,0.15,3,True,0.3479890823364258,0.059496551752090454,False,0.3246968686580658
vit_base_patch16_224,56,ILSVRC2012_val_00002734.JPEG,early,0,feature_modules[0],14,14,low_score_extreme,0.15,0,True,0.0719156265258789,0.014667108654975891,False,0.18641062080860138
vit_base_patch16_224,57,ILSVRC2012_val_00002815.JPEG,early,0,feature_modules[0],14,14,low_score_extreme,0.15,0,True,-0.04771995544433594,-0.004314988851547241,False,0.23458528518676758
vit_base_patch16_224,58,ILSVRC2012_val_00002932.JPEG,early,0,feature_modules[0],14,14,low_score_extreme,0.15,0,True,0.573822021484375,0.11354988813400269,False,0.22467252612113953
vit_base_patch16_224,59,ILSVRC2012_val_00003096.JPEG,early,0,feature_modules[0],14,14,low_score_extreme,0.15,0,True,-0.09190940856933594,-0.12402237951755524,False,0.26346832513809204
vit_base_patch16_224,60,ILSVRC2012_val_00003145.JPEG,early,0,feature_modules[0],14,14,low_score_extreme,0.15,0,True,0.07430362701416016,0.0114937424659729,False,0.2126510888338089
vit_base_patch16_224,61,ILSVRC2012_val_00003190.JPEG,early,0,feature_modules[0],14,14,low_score_extreme,0.15,0,True,0.1309337615966797,0.08330515027046204,False,0.18607747554779053
vit_base_patch16_224,62,ILSVRC2012_val_00003194.JPEG,early,0,feature_modules[0],14,14,low_score_extreme,0.15,0,True,0.06713294982910156,0.008026853203773499,False,0.18760433793067932
vit_base_patch16_224,63,ILSVRC2012_val_00003317.JPEG,early,0,feature_modules[0],14,14,low_score_extreme,0.15,0,True,1.0713772773742676,0.2912920117378235,False,0.20650939643383026
vit_base_patch16_224,56,ILSVRC2012_val_00002734.JPEG,early,0,feature_modules[0],14,14,low_score_extreme,0.15,1,True,0.0719156265258789,0.014667108654975891,False,0.18641062080860138
vit_base_patch16_224,57,ILSVRC2012_val_00002815.JPEG,early,0,feature_modules[0],14,14,low_score_extreme,0.15,1,True,-0.04771995544433594,-0.004314988851547241,False,0.23458528518676758
vit_base_patch16_224,58,ILSVRC2012_val_00002932.JPEG,early,0,feature_modules[0],14,14,low_score_extreme,0.15,1,True,0.573822021484375,0.11354988813400269,False,0.22467252612113953
vit_base_patch16_224,59,ILSVRC2012_val_00003096.JPEG,early,0,feature_modules[0],14,14,low_score_extreme,0.15,1,True,-0.09190940856933594,-0.12402237951755524,False,0.26346832513809204
vit_base_patch16_224,60,ILSVRC2012_val_00003145.JPEG,early,0,feature_modules[0],14,14,low_score_extreme,0.15,1,True,0.07430362701416016,0.0114937424659729,False,0.2126510888338089
vit_base_patch16_224,61,ILSVRC2012_val_00003190.JPEG,early,0,feature_modules[0],14,14,low_score_extreme,0.15,1,True,0.1309337615966797,0.08330515027046204,False,0.18607747554779053
vit_base_patch16_224,62,ILSVRC2012_val_00003194.JPEG,early,0,feature_modules[0],14,14,low_score_extreme,0.15,1,True,0.06713294982910156,0.008026853203773499,False,0.18760433793067932
vit_base_patch16_224,63,ILSVRC2012_val_00003317.JPEG,early,0,feature_modules[0],14,14,low_score_extreme,0.15,1,True,1.0713772773742676,0.2912920117378235,False,0.20650939643383026
vit_base_patch16_224,56,ILSVRC2012_val_00002734.JPEG,early,0,feature_modules[0],14,14,low_score_extreme,0.15,2,True,0.0719156265258789,0.014667108654975891,False,0.18641062080860138
vit_base_patch16_224,57,ILSVRC2012_val_00002815.JPEG,early,0,feature_modules[0],14,14,low_score_extreme,0.15,2,True,-0.04771995544433594,-0.004314988851547241,False,0.23458528518676758
vit_base_patch16_224,58,ILSVRC2012_val_00002932.JPEG,early,0,feature_modules[0],14,14,low_score_extreme,0.15,2,True,0.573822021484375,0.11354988813400269,False,0.22467252612113953
vit_base_patch16_224,59,ILSVRC2012_val_00003096.JPEG,early,0,feature_modules[0],14,14,low_score_extreme,0.15,2,True,-0.09190940856933594,-0.12402237951755524,False,0.26346832513809204
vit_base_patch16_224,60,ILSVRC2012_val_00003145.JPEG,early,0,feature_modules[0],14,14,low_score_extreme,0.15,2,True,0.07430362701416016,0.0114937424659729,False,0.2126510888338089
vit_base_patch16_224,61,ILSVRC2012_val_00003190.JPEG,early,0,feature_modules[0],14,14,low_score_extreme,0.15,2,True,0.1309337615966797,0.08330515027046204,False,0.18607747554779053
vit_base_patch16_224,62,ILSVRC2012_val_00003194.JPEG,early,0,feature_modules[0],14,14,low_score_extreme,0.15,2,True,0.06713294982910156,0.008026853203773499,False,0.18760433793067932
vit_base_patch16_224,63,ILSVRC2012_val_00003317.JPEG,early,0,feature_modules[0],14,14,low_score_extreme,0.15,2,True,1.0713772773742676,0.2912920117378235,False,0.20650939643383026
vit_base_patch16_224,56,ILSVRC2012_val_00002734.JPEG,early,0,feature_modules[0],14,14,low_score_extreme,0.15,3,True,0.0719156265258789,0.014667108654975891,False,0.18641062080860138
vit_base_patch16_224,57,ILSVRC2012_val_00002815.JPEG,early,0,feature_modules[0],14,14,low_score_extreme,0.15,3,True,-0.04771995544433594,-0.004314988851547241,False,0.23458528518676758
vit_base_patch16_224,58,ILSVRC2012_val_00002932.JPEG,early,0,feature_modules[0],14,14,low_score_extreme,0.15,3,True,0.573822021484375,0.11354988813400269,False,0.22467252612113953
vit_base_patch16_224,59,ILSVRC2012_val_00003096.JPEG,early,0,feature_modules[0],14,14,low_score_extreme,0.15,3,True,-0.09190940856933594,-0.12402237951755524,False,0.26346832513809204
vit_base_patch16_224,60,ILSVRC2012_val_00003145.JPEG,early,0,feature_modules[0],14,14,low_score_extreme,0.15,3,True,0.07430362701416016,0.0114937424659729,False,0.2126510888338089
vit_base_patch16_224,61,ILSVRC2012_val_00003190.JPEG,early,0,feature_modules[0],14,14,low_score_extreme,0.15,3,True,0.1309337615966797,0.08330515027046204,False,0.18607747554779053
vit_base_patch16_224,62,ILSVRC2012_val_00003194.JPEG,early,0,feature_modules[0],14,14,low_score_extreme,0.15,3,True,0.06713294982910156,0.008026853203773499,False,0.18760433793067932
vit_base_patch16_224,63,ILSVRC2012_val_00003317.JPEG,early,0,feature_modules[0],14,14,low_score_extreme,0.15,3,True,1.0713772773742676,0.2912920117378235,False,0.20650939643383026
vit_base_patch16_224,56,ILSVRC2012_val_00002734.JPEG,early,0,feature_modules[0],14,14,random_uniform,0.15,0,True,0.06427860260009766,0.01677854359149933,False,0.24270914494991302
vit_base_patch16_224,57,ILSVRC2012_val_00002815.JPEG,early,0,feature_modules[0],14,14,random_uniform,0.15,0,True,-0.08713245391845703,-0.004687309265136719,False,0.27577611804008484
vit_base_patch16_224,58,ILSVRC2012_val_00002932.JPEG,early,0,feature_modules[0],14,14,random_uniform,0.15,0,True,0.4092893600463867,0.08275899291038513,False,0.2678447365760803
vit_base_patch16_224,59,ILSVRC2012_val_00003096.JPEG,early,0,feature_modules[0],14,14,random_uniform,0.15,0,True,0.054137229919433594,-0.054430872201919556,False,0.31098589301109314
vit_base_patch16_224,60,ILSVRC2012_val_00003145.JPEG,early,0,feature_modules[0],14,14,random_uniform,0.15,0,True,0.23934459686279297,0.036000773310661316,False,0.2722491919994354
vit_base_patch16_224,61,ILSVRC2012_val_00003190.JPEG,early,0,feature_modules[0],14,14,random_uniform,0.15,0,True,-0.8505001068115234,-0.13043580949306488,False,0.24712055921554565
vit_base_patch16_224,62,ILSVRC2012_val_00003194.JPEG,early,0,feature_modules[0],14,14,random_uniform,0.15,0,True,0.014827728271484375,-0.00279226154088974,False,0.2407449632883072
vit_base_patch16_224,63,ILSVRC2012_val_00003317.JPEG,early,0,feature_modules[0],14,14,random_uniform,0.15,0,True,0.3011293411254883,0.06813903152942657,False,0.27302002906799316
vit_base_patch16_224,56,ILSVRC2012_val_00002734.JPEG,early,0,feature_modules[0],14,14,random_uniform,0.15,1,True,0.17685508728027344,0.0192536860704422,False,0.25452256202697754
vit_base_patch16_224,57,ILSVRC2012_val_00002815.JPEG,early,0,feature_modules[0],14,14,random_uniform,0.15,1,True,0.05723857879638672,0.007594063878059387,False,0.27576786279678345
vit_base_patch16_224,58,ILSVRC2012_val_00002932.JPEG,early,0,feature_modules[0],14,14,random_uniform,0.15,1,True,0.022668838500976562,-0.007684171199798584,False,0.2667497396469116
vit_base_patch16_224,59,ILSVRC2012_val_00003096.JPEG,early,0,feature_modules[0],14,14,random_uniform,0.15,1,True,0.049843788146972656,-0.05351288616657257,False,0.3045995235443115
vit_base_patch16_224,60,ILSVRC2012_val_00003145.JPEG,early,0,feature_modules[0],14,14,random_uniform,0.15,1,True,0.14370155334472656,0.016403675079345703,False,0.2632564306259155
vit_base_patch16_224,61,ILSVRC2012_val_00003190.JPEG,early,0,feature_modules[0],14,14,random_uniform,0.15,1,True,-0.1116933822631836,0.03147724270820618,False,0.2679612934589386
vit_base_patch16_224,62,ILSVRC2012_val_00003194.JPEG,early,0,feature_modules[0],14,14,random_uniform,0.15,1,True,0.001068115234375,-0.0009385198354721069,False,0.23594039678573608
vit_base_patch16_224,63,ILSVRC2012_val_00003317.JPEG,early,0,feature_modules[0],14,14,random_uniform,0.15,1,True,0.2708778381347656,0.04843667149543762,False,0.2705247402191162
vit_base_patch16_224,56,ILSVRC2012_val_00002734.JPEG,early,0,feature_modules[0],14,14,random_uniform,0.15,2,True,0.0910787582397461,0.018875911831855774,False,0.2437264323234558
vit_base_patch16_224,57,ILSVRC2012_val_00002815.JPEG,early,0,feature_modules[0],14,14,random_uniform,0.15,2,True,0.1228933334350586,0.012277573347091675,False,0.2788221538066864
vit_base_patch16_224,58,ILSVRC2012_val_00002932.JPEG,early,0,feature_modules[0],14,14,random_uniform,0.15,2,True,0.5048818588256836,0.11250096559524536,False,0.2707633078098297
vit_base_patch16_224,59,ILSVRC2012_val_00003096.JPEG,early,0,feature_modules[0],14,14,random_uniform,0.15,2,True,0.07923316955566406,-0.09551404416561127,False,0.3000337779521942
vit_base_patch16_224,60,ILSVRC2012_val_00003145.JPEG,early,0,feature_modules[0],14,14,random_uniform,0.15,2,True,0.8607234954833984,0.171975776553154,False,0.2730623185634613
vit_base_patch16_224,61,ILSVRC2012_val_00003190.JPEG,early,0,feature_modules[0],14,14,random_uniform,0.15,2,True,-0.6083774566650391,-0.10601313412189484,False,0.2620394825935364
vit_base_patch16_224,62,ILSVRC2012_val_00003194.JPEG,early,0,feature_modules[0],14,14,random_uniform,0.15,2,True,0.015311241149902344,-0.000986628234386444,False,0.23736190795898438
vit_base_patch16_224,63,ILSVRC2012_val_00003317.JPEG,early,0,feature_modules[0],14,14,random_uniform,0.15,2,True,-0.036025047302246094,0.0002442896366119385,False,0.2747863531112671
vit_base_patch16_224,56,ILSVRC2012_val_00002734.JPEG,early,0,feature_modules[0],14,14,random_uniform,0.15,3,True,0.21333694458007812,0.04608771204948425,False,0.2528736889362335
vit_base_patch16_224,57,ILSVRC2012_val_00002815.JPEG,early,0,feature_modules[0],14,14,random_uniform,0.15,3,True,0.02531909942626953,0.008394479751586914,False,0.27449095249176025
vit_base_patch16_224,58,ILSVRC2012_val_00002932.JPEG,early,0,feature_modules[0],14,14,random_uniform,0.15,3,True,0.08552932739257812,-0.011527910828590393,False,0.26564499735832214
vit_base_patch16_224,59,ILSVRC2012_val_00003096.JPEG,early,0,feature_modules[0],14,14,random_uniform,0.15,3,True,0.21829891204833984,0.013105005025863647,False,0.30906781554222107
vit_base_patch16_224,60,ILSVRC2012_val_00003145.JPEG,early,0,feature_modules[0],14,14,random_uniform,0.15,3,True,0.02702617645263672,0.002335295081138611,False,0.2613643407821655
vit_base_patch16_224,61,ILSVRC2012_val_00003190.JPEG,early,0,feature_modules[0],14,14,random_uniform,0.15,3,True,-0.43206119537353516,-0.09426155686378479,False,0.2462897002696991
vit_base_patch16_224,62,ILSVRC2012_val_00003194.JPEG,early,0,feature_modules[0],14,14,random_uniform,0.15,3,True,-0.011532783508300781,-0.004733249545097351,False,0.2525029182434082
vit_base_patch16_224,63,ILSVRC2012_val_00003317.JPEG,early,0,feature_modules[0],14,14,random_uniform,0.15,3,True,0.03906822204589844,0.000947117805480957,False,0.26036715507507324
vit_base_patch16_224,56,ILSVRC2012_val_00002734.JPEG,early,0,feature_modules[0],14,14,score_deviation_extreme,0.15,0,True,0.12738609313964844,0.031645312905311584,False,0.2555287778377533
vit_base_patch16_224,57,ILSVRC2012_val_00002815.JPEG,early,0,feature_modules[0],14,14,score_deviation_extreme,0.15,0,True,-0.13535404205322266,-0.025742068886756897,False,0.26649194955825806
vit_base_patch16_224,58,ILSVRC2012_val_00002932.JPEG,early,0,feature_modules[0],14,14,score_deviation_extreme,0.15,0,True,0.7274265289306641,0.16519173979759216,False,0.2727583050727844
vit_base_patch16_224,59,ILSVRC2012_val_00003096.JPEG,early,0,feature_modules[0],14,14,score_deviation_extreme,0.15,0,True,0.08768367767333984,-0.08870561420917511,False,0.2730616629123688
vit_base_patch16_224,60,ILSVRC2012_val_00003145.JPEG,early,0,feature_modules[0],14,14,score_deviation_extreme,0.15,0,True,0.17102622985839844,0.020525261759757996,False,0.25084590911865234
vit_base_patch16_224,61,ILSVRC2012_val_00003190.JPEG,early,0,feature_modules[0],14,14,score_deviation_extreme,0.15,0,True,-0.1373891830444336,-0.02156396210193634,False,0.29107627272605896
vit_base_patch16_224,62,ILSVRC2012_val_00003194.JPEG,early,0,feature_modules[0],14,14,score_deviation_extreme,0.15,0,True,-0.2702198028564453,-0.024030156433582306,False,0.250874787569046
vit_base_patch16_224,63,ILSVRC2012_val_00003317.JPEG,early,0,feature_modules[0],14,14,score_deviation_extreme,0.15,0,True,0.4190654754638672,0.07306350767612457,False,0.25004369020462036
vit_base_patch16_224,56,ILSVRC2012_val_00002734.JPEG,early,0,feature_modules[0],14,14,score_deviation_extreme,0.15,1,True,0.12738609313964844,0.031645312905311584,False,0.2555287778377533
vit_base_patch16_224,57,ILSVRC2012_val_00002815.JPEG,early,0,feature_modules[0],14,14,score_deviation_extreme,0.15,1,True,-0.13535404205322266,-0.025742068886756897,False,0.26649194955825806
vit_base_patch16_224,58,ILSVRC2012_val_00002932.JPEG,early,0,feature_modules[0],14,14,score_deviation_extreme,0.15,1,True,0.7274265289306641,0.16519173979759216,False,0.2727583050727844
vit_base_patch16_224,59,ILSVRC2012_val_00003096.JPEG,early,0,feature_modules[0],14,14,score_deviation_extreme,0.15,1,True,0.08768367767333984,-0.08870561420917511,False,0.2730616629123688
vit_base_patch16_224,60,ILSVRC2012_val_00003145.JPEG,early,0,feature_modules[0],14,14,score_deviation_extreme,0.15,1,True,0.17102622985839844,0.020525261759757996,False,0.25084590911865234
vit_base_patch16_224,61,ILSVRC2012_val_00003190.JPEG,early,0,feature_modules[0],14,14,score_deviation_extreme,0.15,1,True,-0.1373891830444336,-0.02156396210193634,False,0.29107627272605896
vit_base_patch16_224,62,ILSVRC2012_val_00003194.JPEG,early,0,feature_modules[0],14,14,score_deviation_extreme,0.15,1,True,-0.2702198028564453,-0.024030156433582306,False,0.250874787569046
vit_base_patch16_224,63,ILSVRC2012_val_00003317.JPEG,early,0,feature_modules[0],14,14,score_deviation_extreme,0.15,1,True,0.4190654754638672,0.07306350767612457,False,0.25004369020462036
vit_base_patch16_224,56,ILSVRC2012_val_00002734.JPEG,early,0,feature_modules[0],14,14,score_deviation_extreme,0.15,2,True,0.12738609313964844,0.031645312905311584,False,0.2555287778377533
vit_base_patch16_224,57,ILSVRC2012_val_00002815.JPEG,early,0,feature_modules[0],14,14,score_deviation_extreme,0.15,2,True,-0.13535404205322266,-0.025742068886756897,False,0.26649194955825806
vit_base_patch16_224,58,ILSVRC2012_val_00002932.JPEG,early,0,feature_modules[0],14,14,score_deviation_extreme,0.15,2,True,0.7274265289306641,0.16519173979759216,False,0.2727583050727844
vit_base_patch16_224,59,ILSVRC2012_val_00003096.JPEG,early,0,feature_modules[0],14,14,score_deviation_extreme,0.15,2,True,0.08768367767333984,-0.08870561420917511,False,0.2730616629123688
vit_base_patch16_224,60,ILSVRC2012_val_00003145.JPEG,early,0,feature_modules[0],14,14,score_deviation_extreme,0.15,2,True,0.17102622985839844,0.020525261759757996,False,0.25084590911865234
vit_base_patch16_224,61,ILSVRC2012_val_00003190.JPEG,early,0,feature_modules[0],14,14,score_deviation_extreme,0.15,2,True,-0.1373891830444336,-0.02156396210193634,False,0.29107627272605896
vit_base_patch16_224,62,ILSVRC2012_val_00003194.JPEG,early,0,feature_modules[0],14,14,score_deviation_extreme,0.15,2,True,-0.2702198028564453,-0.024030156433582306,False,0.250874787569046
vit_base_patch16_224,63,ILSVRC2012_val_00003317.JPEG,early,0,feature_modules[0],14,14,score_deviation_extreme,0.15,2,True,0.4190654754638672,0.07306350767612457,False,0.25004369020462036
vit_base_patch16_224,56,ILSVRC2012_val_00002734.JPEG,early,0,feature_modules[0],14,14,score_deviation_extreme,0.15,3,True,0.12738609313964844,0.031645312905311584,False,0.2555287778377533
vit_base_patch16_224,57,ILSVRC2012_val_00002815.JPEG,early,0,feature_modules[0],14,14,score_deviation_extreme,0.15,3,True,-0.13535404205322266,-0.025742068886756897,False,0.26649194955825806
vit_base_patch16_224,58,ILSVRC2012_val_00002932.JPEG,early,0,feature_modules[0],14,14,score_deviation_extreme,0.15,3,True,0.7274265289306641,0.16519173979759216,False,0.2727583050727844
vit_base_patch16_224,59,ILSVRC2012_val_00003096.JPEG,early,0,feature_modules[0],14,14,score_deviation_extreme,0.15,3,True,0.08768367767333984,-0.08870561420917511,False,0.2730616629123688
vit_base_patch16_224,60,ILSVRC2012_val_00003145.JPEG,early,0,feature_modules[0],14,14,score_deviation_extreme,0.15,3,True,0.17102622985839844,0.020525261759757996,False,0.25084590911865234
vit_base_patch16_224,61,ILSVRC2012_val_00003190.JPEG,early,0,feature_modules[0],14,14,score_deviation_extreme,0.15,3,True,-0.1373891830444336,-0.02156396210193634,False,0.29107627272605896
vit_base_patch16_224,62,ILSVRC2012_val_00003194.JPEG,early,0,feature_modules[0],14,14,score_deviation_extreme,0.15,3,True,-0.2702198028564453,-0.024030156433582306,False,0.250874787569046
vit_base_patch16_224,63,ILSVRC2012_val_00003317.JPEG,early,0,feature_modules[0],14,14,score_deviation_extreme,0.15,3,True,0.4190654754638672,0.07306350767612457,False,0.25004369020462036
vit_base_patch16_224,56,ILSVRC2012_val_00002734.JPEG,mid,6,feature_modules[6],14,14,high_score_extreme,0.15,0,True,0.11598587036132812,0.01656384766101837,False,0.10602768510580063
vit_base_patch16_224,57,ILSVRC2012_val_00002815.JPEG,mid,6,feature_modules[6],14,14,high_score_extreme,0.15,0,True,0.11779212951660156,0.016344428062438965,False,0.1419483721256256
vit_base_patch16_224,58,ILSVRC2012_val_00002932.JPEG,mid,6,feature_modules[6],14,14,high_score_extreme,0.15,0,True,0.22870445251464844,0.046545177698135376,False,0.13077755272388458
vit_base_patch16_224,59,ILSVRC2012_val_00003096.JPEG,mid,6,feature_modules[6],14,14,high_score_extreme,0.15,0,True,0.23295211791992188,-0.006529331207275391,False,0.1697438657283783
vit_base_patch16_224,60,ILSVRC2012_val_00003145.JPEG,mid,6,feature_modules[6],14,14,high_score_extreme,0.15,0,True,0.1226043701171875,0.015136271715164185,False,0.10247912257909775
vit_base_patch16_224,61,ILSVRC2012_val_00003190.JPEG,mid,6,feature_modules[6],14,14,high_score_extreme,0.15,0,True,-0.45499229431152344,-0.07619766891002655,False,0.1151379719376564
vit_base_patch16_224,62,ILSVRC2012_val_00003194.JPEG,mid,6,feature_modules[6],14,14,high_score_extreme,0.15,0,True,0.06574821472167969,0.004561848938465118,False,0.13305725157260895
vit_base_patch16_224,63,ILSVRC2012_val_00003317.JPEG,mid,6,feature_modules[6],14,14,high_score_extreme,0.15,0,True,0.7261934280395508,0.1806158572435379,False,0.10491090267896652
vit_base_patch16_224,56,ILSVRC2012_val_00002734.JPEG,mid,6,feature_modules[6],14,14,high_score_extreme,0.15,1,True,0.11598587036132812,0.01656384766101837,False,0.10602768510580063
vit_base_patch16_224,57,ILSVRC2012_val_00002815.JPEG,mid,6,feature_modules[6],14,14,high_score_extreme,0.15,1,True,0.11779212951660156,0.016344428062438965,False,0.1419483721256256
vit_base_patch16_224,58,ILSVRC2012_val_00002932.JPEG,mid,6,feature_modules[6],14,14,high_score_extreme,0.15,1,True,0.22870445251464844,0.046545177698135376,False,0.13077755272388458
vit_base_patch16_224,59,ILSVRC2012_val_00003096.JPEG,mid,6,feature_modules[6],14,14,high_score_extreme,0.15,1,True,0.23295211791992188,-0.006529331207275391,False,0.1697438657283783
vit_base_patch16_224,60,ILSVRC2012_val_00003145.JPEG,mid,6,feature_modules[6],14,14,high_score_extreme,0.15,1,True,0.1226043701171875,0.015136271715164185,False,0.10247912257909775
vit_base_patch16_224,61,ILSVRC2012_val_00003190.JPEG,mid,6,feature_modules[6],14,14,high_score_extreme,0.15,1,True,-0.45499229431152344,-0.07619766891002655,False,0.1151379719376564
vit_base_patch16_224,62,ILSVRC2012_val_00003194.JPEG,mid,6,feature_modules[6],14,14,high_score_extreme,0.15,1,True,0.06574821472167969,0.004561848938465118,False,0.13305725157260895
vit_base_patch16_224,63,ILSVRC2012_val_00003317.JPEG,mid,6,feature_modules[6],14,14,high_score_extreme,0.15,1,True,0.7261934280395508,0.1806158572435379,False,0.10491090267896652
vit_base_patch16_224,56,ILSVRC2012_val_00002734.JPEG,mid,6,feature_modules[6],14,14,high_score_extreme,0.15,2,True,0.11598587036132812,0.01656384766101837,False,0.10602768510580063
vit_base_patch16_224,57,ILSVRC2012_val_00002815.JPEG,mid,6,feature_modules[6],14,14,high_score_extreme,0.15,2,True,0.11779212951660156,0.016344428062438965,False,0.1419483721256256
vit_base_patch16_224,58,ILSVRC2012_val_00002932.JPEG,mid,6,feature_modules[6],14,14,high_score_extreme,0.15,2,True,0.22870445251464844,0.046545177698135376,False,0.13077755272388458
vit_base_patch16_224,59,ILSVRC2012_val_00003096.JPEG,mid,6,feature_modules[6],14,14,high_score_extreme,0.15,2,True,0.23295211791992188,-0.006529331207275391,False,0.1697438657283783
vit_base_patch16_224,60,ILSVRC2012_val_00003145.JPEG,mid,6,feature_modules[6],14,14,high_score_extreme,0.15,2,True,0.1226043701171875,0.015136271715164185,False,0.10247912257909775
vit_base_patch16_224,61,ILSVRC2012_val_00003190.JPEG,mid,6,feature_modules[6],14,14,high_score_extreme,0.15,2,True,-0.45499229431152344,-0.07619766891002655,False,0.1151379719376564
vit_base_patch16_224,62,ILSVRC2012_val_00003194.JPEG,mid,6,feature_modules[6],14,14,high_score_extreme,0.15,2,True,0.06574821472167969,0.004561848938465118,False,0.13305725157260895
vit_base_patch16_224,63,ILSVRC2012_val_00003317.JPEG,mid,6,feature_modules[6],14,14,high_score_extreme,0.15,2,True,0.7261934280395508,0.1806158572435379,False,0.10491090267896652
vit_base_patch16_224,56,ILSVRC2012_val_00002734.JPEG,mid,6,feature_modules[6],14,14,high_score_extreme,0.15,3,True,0.11598587036132812,0.01656384766101837,False,0.10602768510580063
vit_base_patch16_224,57,ILSVRC2012_val_00002815.JPEG,mid,6,feature_modules[6],14,14,high_score_extreme,0.15,3,True,0.11779212951660156,0.016344428062438965,False,0.1419483721256256
vit_base_patch16_224,58,ILSVRC2012_val_00002932.JPEG,mid,6,feature_modules[6],14,14,high_score_extreme,0.15,3,True,0.22870445251464844,0.046545177698135376,False,0.13077755272388458
vit_base_patch16_224,59,ILSVRC2012_val_00003096.JPEG,mid,6,feature_modules[6],14,14,high_score_extreme,0.15,3,True,0.23295211791992188,-0.006529331207275391,False,0.1697438657283783
vit_base_patch16_224,60,ILSVRC2012_val_00003145.JPEG,mid,6,feature_modules[6],14,14,high_score_extreme,0.15,3,True,0.1226043701171875,0.015136271715164185,False,0.10247912257909775
vit_base_patch16_224,61,ILSVRC2012_val_00003190.JPEG,mid,6,feature_modules[6],14,14,high_score_extreme,0.15,3,True,-0.45499229431152344,-0.07619766891002655,False,0.1151379719376564
vit_base_patch16_224,62,ILSVRC2012_val_00003194.JPEG,mid,6,feature_modules[6],14,14,high_score_extreme,0.15,3,True,0.06574821472167969,0.004561848938465118,False,0.13305725157260895
vit_base_patch16_224,63,ILSVRC2012_val_00003317.JPEG,mid,6,feature_modules[6],14,14,high_score_extreme,0.15,3,True,0.7261934280395508,0.1806158572435379,False,0.10491090267896652
vit_base_patch16_224,56,ILSVRC2012_val_00002734.JPEG,mid,6,feature_modules[6],14,14,low_score_extreme,0.15,0,True,-0.00026988983154296875,0.001430898904800415,False,-0.026565823704004288
vit_base_patch16_224,57,ILSVRC2012_val_00002815.JPEG,mid,6,feature_modules[6],14,14,low_score_extreme,0.15,0,True,0.12129497528076172,0.017608627676963806,False,0.026456357911229134
vit_base_patch16_224,58,ILSVRC2012_val_00002932.JPEG,mid,6,feature_modules[6],14,14,low_score_extreme,0.15,0,True,0.4209327697753906,0.09546095132827759,False,0.025931209325790405
vit_base_patch16_224,59,ILSVRC2012_val_00003096.JPEG,mid,6,feature_modules[6],14,14,low_score_extreme,0.15,0,True,-0.05172538757324219,-0.08498889207839966,False,0.050214722752571106
vit_base_patch16_224,60,ILSVRC2012_val_00003145.JPEG,mid,6,feature_modules[6],14,14,low_score_extreme,0.15,0,True,0.8887624740600586,0.21257136762142181,False,-0.0073343007825315
vit_base_patch16_224,61,ILSVRC2012_val_00003190.JPEG,mid,6,feature_modules[6],14,14,low_score_extreme,0.15,0,True,-0.3571128845214844,-0.07712894678115845,False,-0.00028364514582790434
vit_base_patch16_224,62,ILSVRC2012_val_00003194.JPEG,mid,6,feature_modules[6],14,14,low_score_extreme,0.15,0,True,0.16649913787841797,0.020576998591423035,False,-0.002508882200345397
vit_base_patch16_224,63,ILSVRC2012_val_00003317.JPEG,mid,6,feature_modules[6],14,14,low_score_extreme,0.15,0,True,0.16715335845947266,0.03260800242424011,False,-0.00798003375530243
vit_base_patch16_224,56,ILSVRC2012_val_00002734.JPEG,mid,6,feature_modules[6],14,14,low_score_extreme,0.15,1,True,-0.00026988983154296875,0.001430898904800415,False,-0.026565823704004288
vit_base_patch16_224,57,ILSVRC2012_val_00002815.JPEG,mid,6,feature_modules[6],14,14,low_score_extreme,0.15,1,True,0.12129497528076172,0.017608627676963806,False,0.026456357911229134
vit_base_patch16_224,58,ILSVRC2012_val_00002932.JPEG,mid,6,feature_modules[6],14,14,low_score_extreme,0.15,1,True,0.4209327697753906,0.09546095132827759,False,0.025931209325790405
vit_base_patch16_224,59,ILSVRC2012_val_00003096.JPEG,mid,6,feature_modules[6],14,14,low_score_extreme,0.15,1,True,-0.05172538757324219,-0.08498889207839966,False,0.050214722752571106
vit_base_patch16_224,60,ILSVRC2012_val_00003145.JPEG,mid,6,feature_modules[6],14,14,low_score_extreme,0.15,1,True,0.8887624740600586,0.21257136762142181,False,-0.0073343007825315
vit_base_patch16_224,61,ILSVRC2012_val_00003190.JPEG,mid,6,feature_modules[6],14,14,low_score_extreme,0.15,1,True,-0.3571128845214844,-0.07712894678115845,False,-0.00028364514582790434
vit_base_patch16_224,62,ILSVRC2012_val_00003194.JPEG,mid,6,feature_modules[6],14,14,low_score_extreme,0.15,1,True,0.16649913787841797,0.020576998591423035,False,-0.002508882200345397
vit_base_patch16_224,63,ILSVRC2012_val_00003317.JPEG,mid,6,feature_modules[6],14,14,low_score_extreme,0.15,1,True,0.16715335845947266,0.03260800242424011,False,-0.00798003375530243
vit_base_patch16_224,56,ILSVRC2012_val_00002734.JPEG,mid,6,feature_modules[6],14,14,low_score_extreme,0.15,2,True,-0.00026988983154296875,0.001430898904800415,False,-0.026565823704004288
vit_base_patch16_224,57,ILSVRC2012_val_00002815.JPEG,mid,6,feature_modules[6],14,14,low_score_extreme,0.15,2,True,0.12129497528076172,0.017608627676963806,False,0.026456357911229134
vit_base_patch16_224,58,ILSVRC2012_val_00002932.JPEG,mid,6,feature_modules[6],14,14,low_score_extreme,0.15,2,True,0.4209327697753906,0.09546095132827759,False,0.025931209325790405
vit_base_patch16_224,59,ILSVRC2012_val_00003096.JPEG,mid,6,feature_modules[6],14,14,low_score_extreme,0.15,2,True,-0.05172538757324219,-0.08498889207839966,False,0.050214722752571106
vit_base_patch16_224,60,ILSVRC2012_val_00003145.JPEG,mid,6,feature_modules[6],14,14,low_score_extreme,0.15,2,True,0.8887624740600586,0.21257136762142181,False,-0.0073343007825315
vit_base_patch16_224,61,ILSVRC2012_val_00003190.JPEG,mid,6,feature_modules[6],14,14,low_score_extreme,0.15,2,True,-0.3571128845214844,-0.07712894678115845,False,-0.00028364514582790434
vit_base_patch16_224,62,ILSVRC2012_val_00003194.JPEG,mid,6,feature_modules[6],14,14,low_score_extreme,0.15,2,True,0.16649913787841797,0.020576998591423035,False,-0.002508882200345397
vit_base_patch16_224,63,ILSVRC2012_val_00003317.JPEG,mid,6,feature_modules[6],14,14,low_score_extreme,0.15,2,True,0.16715335845947266,0.03260800242424011,False,-0.00798003375530243
vit_base_patch16_224,56,ILSVRC2012_val_00002734.JPEG,mid,6,feature_modules[6],14,14,low_score_extreme,0.15,3,True,-0.00026988983154296875,0.001430898904800415,False,-0.026565823704004288
vit_base_patch16_224,57,ILSVRC2012_val_00002815.JPEG,mid,6,feature_modules[6],14,14,low_score_extreme,0.15,3,True,0.12129497528076172,0.017608627676963806,False,0.026456357911229134
vit_base_patch16_224,58,ILSVRC2012_val_00002932.JPEG,mid,6,feature_modules[6],14,14,low_score_extreme,0.15,3,True,0.4209327697753906,0.09546095132827759,False,0.025931209325790405
vit_base_patch16_224,59,ILSVRC2012_val_00003096.JPEG,mid,6,feature_modules[6],14,14,low_score_extreme,0.15,3,True,-0.05172538757324219,-0.08498889207839966,False,0.050214722752571106
vit_base_patch16_224,60,ILSVRC2012_val_00003145.JPEG,mid,6,feature_modules[6],14,14,low_score_extreme,0.15,3,True,0.8887624740600586,0.21257136762142181,False,-0.0073343007825315
vit_base_patch16_224,61,ILSVRC2012_val_00003190.JPEG,mid,6,feature_modules[6],14,14,low_score_extreme,0.15,3,True,-0.3571128845214844,-0.07712894678115845,False,-0.00028364514582790434
vit_base_patch16_224,62,ILSVRC2012_val_00003194.JPEG,mid,6,feature_modules[6],14,14,low_score_extreme,0.15,3,True,0.16649913787841797,0.020576998591423035,False,-0.002508882200345397
vit_base_patch16_224,63,ILSVRC2012_val_00003317.JPEG,mid,6,feature_modules[6],14,14,low_score_extreme,0.15,3,True,0.16715335845947266,0.03260800242424011,False,-0.00798003375530243
vit_base_patch16_224,56,ILSVRC2012_val_00002734.JPEG,mid,6,feature_modules[6],14,14,random_uniform,0.15,0,True,0.02943134307861328,-0.00023274123668670654,False,0.03182360157370567
vit_base_patch16_224,57,ILSVRC2012_val_00002815.JPEG,mid,6,feature_modules[6],14,14,random_uniform,0.15,0,True,-0.021930694580078125,0.0014010965824127197,False,0.0743962749838829
vit_base_patch16_224,58,ILSVRC2012_val_00002932.JPEG,mid,6,feature_modules[6],14,14,random_uniform,0.15,0,True,0.09278202056884766,0.020204663276672363,False,0.05792038142681122
vit_base_patch16_224,59,ILSVRC2012_val_00003096.JPEG,mid,6,feature_modules[6],14,14,random_uniform,0.15,0,True,0.1494121551513672,-0.060485050082206726,False,0.10613861680030823
vit_base_patch16_224,60,ILSVRC2012_val_00003145.JPEG,mid,6,feature_modules[6],14,14,random_uniform,0.15,0,True,0.13583660125732422,0.018816739320755005,False,0.03433848172426224
vit_base_patch16_224,61,ILSVRC2012_val_00003190.JPEG,mid,6,feature_modules[6],14,14,random_uniform,0.15,0,True,-0.2062997817993164,-0.02802969515323639,False,0.04171564802527428
vit_base_patch16_224,62,ILSVRC2012_val_00003194.JPEG,mid,6,feature_modules[6],14,14,random_uniform,0.15,0,True,0.0037250518798828125,-0.0014502480626106262,False,0.05232318118214607
vit_base_patch16_224,63,ILSVRC2012_val_00003317.JPEG,mid,6,feature_modules[6],14,14,random_uniform,0.15,0,True,0.4153022766113281,0.08981721103191376,False,0.030574457719922066
vit_base_patch16_224,56,ILSVRC2012_val_00002734.JPEG,mid,6,feature_modules[6],14,14,random_uniform,0.15,1,True,0.15836143493652344,0.029723167419433594,False,0.037804558873176575
vit_base_patch16_224,57,ILSVRC2012_val_00002815.JPEG,mid,6,feature_modules[6],14,14,random_uniform,0.15,1,True,0.1257791519165039,0.03127749264240265,False,0.07526904344558716
vit_base_patch16_224,58,ILSVRC2012_val_00002932.JPEG,mid,6,feature_modules[6],14,14,random_uniform,0.15,1,True,0.2828712463378906,0.06495803594589233,False,0.060077130794525146
vit_base_patch16_224,59,ILSVRC2012_val_00003096.JPEG,mid,6,feature_modules[6],14,14,random_uniform,0.15,1,True,0.008622169494628906,-0.0937950611114502,False,0.09863139688968658
vit_base_patch16_224,60,ILSVRC2012_val_00003145.JPEG,mid,6,feature_modules[6],14,14,random_uniform,0.15,1,True,0.1175241470336914,0.013577818870544434,False,0.03954542800784111
vit_base_patch16_224,61,ILSVRC2012_val_00003190.JPEG,mid,6,feature_modules[6],14,14,random_uniform,0.15,1,True,-0.3519115447998047,-0.06748335063457489,False,0.05210593715310097
vit_base_patch16_224,62,ILSVRC2012_val_00003194.JPEG,mid,6,feature_modules[6],14,14,random_uniform,0.15,1,True,0.1737651824951172,0.015217110514640808,False,0.06650565564632416
vit_base_patch16_224,63,ILSVRC2012_val_00003317.JPEG,mid,6,feature_modules[6],14,14,random_uniform,0.15,1,True,0.3186302185058594,0.05552738904953003,False,0.035395991057157516
vit_base_patch16_224,56,ILSVRC2012_val_00002734.JPEG,mid,6,feature_modules[6],14,14,random_uniform,0.15,2,True,0.2582378387451172,0.03920404613018036,False,0.027492590248584747
vit_base_patch16_224,57,ILSVRC2012_val_00002815.JPEG,mid,6,feature_modules[6],14,14,random_uniform,0.15,2,True,0.1629772186279297,0.04463866353034973,False,0.075261689722538
vit_base_patch16_224,58,ILSVRC2012_val_00002932.JPEG,mid,6,feature_modules[6],14,14,random_uniform,0.15,2,True,0.044216156005859375,-0.01739063858985901,False,0.05877706781029701
vit_base_patch16_224,59,ILSVRC2012_val_00003096.JPEG,mid,6,feature_modules[6],14,14,random_uniform,0.15,2,True,0.27066707611083984,0.0019163191318511963,False,0.10831064730882645
vit_base_patch16_224,60,ILSVRC2012_val_00003145.JPEG,mid,6,feature_modules[6],14,14,random_uniform,0.15,2,True,0.4447755813598633,0.06612792611122131,False,0.04472111165523529
vit_base_patch16_224,61,ILSVRC2012_val_00003190.JPEG,mid,6,feature_modules[6],14,14,random_uniform,0.15,2,True,-0.35577964782714844,-0.07388722896575928,False,0.06768682599067688
vit_base_patch16_224,62,ILSVRC2012_val_00003194.JPEG,mid,6,feature_modules[6],14,14,random_uniform,0.15,2,True,0.03507232666015625,0.0015569329261779785,False,0.06552771478891373
vit_base_patch16_224,63,ILSVRC2012_val_00003317.JPEG,mid,6,feature_modules[6],14,14,random_uniform,0.15,2,True,0.6057920455932617,0.13577069342136383,False,0.04820633679628372
vit_base_patch16_224,56,ILSVRC2012_val_00002734.JPEG,mid,6,feature_modules[6],14,14,random_uniform,0.15,3,True,0.16064929962158203,0.031698212027549744,False,0.04676780849695206
vit_base_patch16_224,57,ILSVRC2012_val_00002815.JPEG,mid,6,feature_modules[6],14,14,random_uniform,0.15,3,True,-0.0032052993774414062,0.005190417170524597,False,0.06943701952695847
vit_base_patch16_224,58,ILSVRC2012_val_00002932.JPEG,mid,6,feature_modules[6],14,14,random_uniform,0.15,3,True,0.11525344848632812,0.022262513637542725,False,0.06561990082263947
vit_base_patch16_224,59,ILSVRC2012_val_00003096.JPEG,mid,6,feature_modules[6],14,14,random_uniform,0.15,3,True,0.05795574188232422,-0.03838542103767395,False,0.09135469794273376
vit_base_patch16_224,60,ILSVRC2012_val_00003145.JPEG,mid,6,feature_modules[6],14,14,random_uniform,0.15,3,True,0.20037841796875,0.02816013991832733,False,0.02928009442985058
vit_base_patch16_224,61,ILSVRC2012_val_00003190.JPEG,mid,6,feature_modules[6],14,14,random_uniform,0.15,3,True,-0.24032211303710938,0.003816276788711548,False,0.05624595284461975
vit_base_patch16_224,62,ILSVRC2012_val_00003194.JPEG,mid,6,feature_modules[6],14,14,random_uniform,0.15,3,True,0.04075431823730469,0.001096099615097046,False,0.052502647042274475
vit_base_patch16_224,63,ILSVRC2012_val_00003317.JPEG,mid,6,feature_modules[6],14,14,random_uniform,0.15,3,True,0.4079122543334961,0.0857323408126831,False,0.048723503947257996
vit_base_patch16_224,56,ILSVRC2012_val_00002734.JPEG,mid,6,feature_modules[6],14,14,score_deviation_extreme,0.15,0,True,0.23878955841064453,0.027392804622650146,False,0.051794182509183884
vit_base_patch16_224,57,ILSVRC2012_val_00002815.JPEG,mid,6,feature_modules[6],14,14,score_deviation_extreme,0.15,0,True,0.13917064666748047,0.020291239023208618,False,0.11047416925430298
vit_base_patch16_224,58,ILSVRC2012_val_00002932.JPEG,mid,6,feature_modules[6],14,14,score_deviation_extreme,0.15,0,True,0.16448020935058594,0.0316026508808136,False,0.11915698647499084
vit_base_patch16_224,59,ILSVRC2012_val_00003096.JPEG,mid,6,feature_modules[6],14,14,score_deviation_extreme,0.15,0,True,0.12649154663085938,-0.03906252980232239,False,0.13275887072086334
vit_base_patch16_224,60,ILSVRC2012_val_00003145.JPEG,mid,6,feature_modules[6],14,14,score_deviation_extreme,0.15,0,True,0.20891284942626953,0.02811439335346222,False,0.07426343858242035
vit_base_patch16_224,61,ILSVRC2012_val_00003190.JPEG,mid,6,feature_modules[6],14,14,score_deviation_extreme,0.15,0,True,-0.36882495880126953,-0.08064544200897217,False,0.0772179514169693
vit_base_patch16_224,62,ILSVRC2012_val_00003194.JPEG,mid,6,feature_modules[6],14,14,score_deviation_extreme,0.15,0,True,0.007655143737792969,0.00023597478866577148,False,0.10251199454069138
vit_base_patch16_224,63,ILSVRC2012_val_00003317.JPEG,mid,6,feature_modules[6],14,14,score_deviation_extreme,0.15,0,True,0.5019083023071289,0.11657999455928802,False,0.06902067363262177
vit_base_patch16_224,56,ILSVRC2012_val_00002734.JPEG,mid,6,feature_modules[6],14,14,score_deviation_extreme,0.15,1,True,0.23878955841064453,0.027392804622650146,False,0.051794182509183884
vit_base_patch16_224,57,ILSVRC2012_val_00002815.JPEG,mid,6,feature_modules[6],14,14,score_deviation_extreme,0.15,1,True,0.13917064666748047,0.020291239023208618,False,0.11047416925430298
vit_base_patch16_224,58,ILSVRC2012_val_00002932.JPEG,mid,6,feature_modules[6],14,14,score_deviation_extreme,0.15,1,True,0.16448020935058594,0.0316026508808136,False,0.11915698647499084
vit_base_patch16_224,59,ILSVRC2012_val_00003096.JPEG,mid,6,feature_modules[6],14,14,score_deviation_extreme,0.15,1,True,0.12649154663085938,-0.03906252980232239,False,0.13275887072086334
vit_base_patch16_224,60,ILSVRC2012_val_00003145.JPEG,mid,6,feature_modules[6],14,14,score_deviation_extreme,0.15,1,True,0.20891284942626953,0.02811439335346222,False,0.07426343858242035
vit_base_patch16_224,61,ILSVRC2012_val_00003190.JPEG,mid,6,feature_modules[6],14,14,score_deviation_extreme,0.15,1,True,-0.36882495880126953,-0.08064544200897217,False,0.0772179514169693
vit_base_patch16_224,62,ILSVRC2012_val_00003194.JPEG,mid,6,feature_modules[6],14,14,score_deviation_extreme,0.15,1,True,0.007655143737792969,0.00023597478866577148,False,0.10251199454069138
vit_base_patch16_224,63,ILSVRC2012_val_00003317.JPEG,mid,6,feature_modules[6],14,14,score_deviation_extreme,0.15,1,True,0.5019083023071289,0.11657999455928802,False,0.06902067363262177
vit_base_patch16_224,56,ILSVRC2012_val_00002734.JPEG,mid,6,feature_modules[6],14,14,score_deviation_extreme,0.15,2,True,0.23878955841064453,0.027392804622650146,False,0.051794182509183884
vit_base_patch16_224,57,ILSVRC2012_val_00002815.JPEG,mid,6,feature_modules[6],14,14,score_deviation_extreme,0.15,2,True,0.13917064666748047,0.020291239023208618,False,0.11047416925430298
vit_base_patch16_224,58,ILSVRC2012_val_00002932.JPEG,mid,6,feature_modules[6],14,14,score_deviation_extreme,0.15,2,True,0.16448020935058594,0.0316026508808136,False,0.11915698647499084
vit_base_patch16_224,59,ILSVRC2012_val_00003096.JPEG,mid,6,feature_modules[6],14,14,score_deviation_extreme,0.15,2,True,0.12649154663085938,-0.03906252980232239,False,0.13275887072086334
vit_base_patch16_224,60,ILSVRC2012_val_00003145.JPEG,mid,6,feature_modules[6],14,14,score_deviation_extreme,0.15,2,True,0.20891284942626953,0.02811439335346222,False,0.07426343858242035
vit_base_patch16_224,61,ILSVRC2012_val_00003190.JPEG,mid,6,feature_modules[6],14,14,score_deviation_extreme,0.15,2,True,-0.36882495880126953,-0.08064544200897217,False,0.0772179514169693
vit_base_patch16_224,62,ILSVRC2012_val_00003194.JPEG,mid,6,feature_modules[6],14,14,score_deviation_extreme,0.15,2,True,0.007655143737792969,0.00023597478866577148,False,0.10251199454069138
vit_base_patch16_224,63,ILSVRC2012_val_00003317.JPEG,mid,6,feature_modules[6],14,14,score_deviation_extreme,0.15,2,True,0.5019083023071289,0.11657999455928802,False,0.06902067363262177
vit_base_patch16_224,56,ILSVRC2012_val_00002734.JPEG,mid,6,feature_modules[6],14,14,score_deviation_extreme,0.15,3,True,0.23878955841064453,0.027392804622650146,False,0.051794182509183884
vit_base_patch16_224,57,ILSVRC2012_val_00002815.JPEG,mid,6,feature_modules[6],14,14,score_deviation_extreme,0.15,3,True,0.13917064666748047,0.020291239023208618,False,0.11047416925430298
vit_base_patch16_224,58,ILSVRC2012_val_00002932.JPEG,mid,6,feature_modules[6],14,14,score_deviation_extreme,0.15,3,True,0.16448020935058594,0.0316026508808136,False,0.11915698647499084
vit_base_patch16_224,59,ILSVRC2012_val_00003096.JPEG,mid,6,feature_modules[6],14,14,score_deviation_extreme,0.15,3,True,0.12649154663085938,-0.03906252980232239,False,0.13275887072086334
vit_base_patch16_224,60,ILSVRC2012_val_00003145.JPEG,mid,6,feature_modules[6],14,14,score_deviation_extreme,0.15,3,True,0.20891284942626953,0.02811439335346222,False,0.07426343858242035
vit_base_patch16_224,61,ILSVRC2012_val_00003190.JPEG,mid,6,feature_modules[6],14,14,score_deviation_extreme,0.15,3,True,-0.36882495880126953,-0.08064544200897217,False,0.0772179514169693
vit_base_patch16_224,62,ILSVRC2012_val_00003194.JPEG,mid,6,feature_modules[6],14,14,score_deviation_extreme,0.15,3,True,0.007655143737792969,0.00023597478866577148,False,0.10251199454069138
vit_base_patch16_224,63,ILSVRC2012_val_00003317.JPEG,mid,6,feature_modules[6],14,14,score_deviation_extreme,0.15,3,True,0.5019083023071289,0.11657999455928802,False,0.06902067363262177
vit_base_patch16_224,56,ILSVRC2012_val_00002734.JPEG,final,11,blocks[11],14,14,high_score_extreme,0.15,0,True,0.23398113250732422,0.04292674362659454,False,0.9025169610977173
vit_base_patch16_224,57,ILSVRC2012_val_00002815.JPEG,final,11,blocks[11],14,14,high_score_extreme,0.15,0,True,0.1653575897216797,0.02963891625404358,False,0.9083734750747681
vit_base_patch16_224,58,ILSVRC2012_val_00002932.JPEG,final,11,blocks[11],14,14,high_score_extreme,0.15,0,True,0.20876026153564453,0.04567551612854004,False,0.8864697217941284
vit_base_patch16_224,59,ILSVRC2012_val_00003096.JPEG,final,11,blocks[11],14,14,high_score_extreme,0.15,0,True,0.3988533020019531,0.001634150743484497,False,0.7743437886238098
vit_base_patch16_224,60,ILSVRC2012_val_00003145.JPEG,final,11,blocks[11],14,14,high_score_extreme,0.15,0,True,0.07512283325195312,0.007400199770927429,False,0.9382439851760864
vit_base_patch16_224,61,ILSVRC2012_val_00003190.JPEG,final,11,blocks[11],14,14,high_score_extreme,0.15,0,True,-0.4664325714111328,-0.05902266502380371,False,0.8728575706481934
vit_base_patch16_224,62,ILSVRC2012_val_00003194.JPEG,final,11,blocks[11],14,14,high_score_extreme,0.15,0,True,-0.054816246032714844,-0.005100801587104797,False,0.860719621181488
vit_base_patch16_224,63,ILSVRC2012_val_00003317.JPEG,final,11,blocks[11],14,14,high_score_extreme,0.15,0,True,0.4119443893432617,0.10781453549861908,False,0.8655326962471008
vit_base_patch16_224,56,ILSVRC2012_val_00002734.JPEG,final,11,blocks[11],14,14,high_score_extreme,0.15,1,True,0.23398113250732422,0.04292674362659454,False,0.9025169610977173
vit_base_patch16_224,57,ILSVRC2012_val_00002815.JPEG,final,11,blocks[11],14,14,high_score_extreme,0.15,1,True,0.1653575897216797,0.02963891625404358,False,0.9083734750747681
vit_base_patch16_224,58,ILSVRC2012_val_00002932.JPEG,final,11,blocks[11],14,14,high_score_extreme,0.15,1,True,0.20876026153564453,0.04567551612854004,False,0.8864697217941284
vit_base_patch16_224,59,ILSVRC2012_val_00003096.JPEG,final,11,blocks[11],14,14,high_score_extreme,0.15,1,True,0.3988533020019531,0.001634150743484497,False,0.7743437886238098
vit_base_patch16_224,60,ILSVRC2012_val_00003145.JPEG,final,11,blocks[11],14,14,high_score_extreme,0.15,1,True,0.07512283325195312,0.007400199770927429,False,0.9382439851760864
vit_base_patch16_224,61,ILSVRC2012_val_00003190.JPEG,final,11,blocks[11],14,14,high_score_extreme,0.15,1,True,-0.4664325714111328,-0.05902266502380371,False,0.8728575706481934
vit_base_patch16_224,62,ILSVRC2012_val_00003194.JPEG,final,11,blocks[11],14,14,high_score_extreme,0.15,1,True,-0.054816246032714844,-0.005100801587104797,False,0.860719621181488
vit_base_patch16_224,63,ILSVRC2012_val_00003317.JPEG,final,11,blocks[11],14,14,high_score_extreme,0.15,1,True,0.4119443893432617,0.10781453549861908,False,0.8655326962471008
vit_base_patch16_224,56,ILSVRC2012_val_00002734.JPEG,final,11,blocks[11],14,14,high_score_extreme,0.15,2,True,0.23398113250732422,0.04292674362659454,False,0.9025169610977173
vit_base_patch16_224,57,ILSVRC2012_val_00002815.JPEG,final,11,blocks[11],14,14,high_score_extreme,0.15,2,True,0.1653575897216797,0.02963891625404358,False,0.9083734750747681
vit_base_patch16_224,58,ILSVRC2012_val_00002932.JPEG,final,11,blocks[11],14,14,high_score_extreme,0.15,2,True,0.20876026153564453,0.04567551612854004,False,0.8864697217941284
vit_base_patch16_224,59,ILSVRC2012_val_00003096.JPEG,final,11,blocks[11],14,14,high_score_extreme,0.15,2,True,0.3988533020019531,0.001634150743484497,False,0.7743437886238098
vit_base_patch16_224,60,ILSVRC2012_val_00003145.JPEG,final,11,blocks[11],14,14,high_score_extreme,0.15,2,True,0.07512283325195312,0.007400199770927429,False,0.9382439851760864
vit_base_patch16_224,61,ILSVRC2012_val_00003190.JPEG,final,11,blocks[11],14,14,high_score_extreme,0.15,2,True,-0.4664325714111328,-0.05902266502380371,False,0.8728575706481934
vit_base_patch16_224,62,ILSVRC2012_val_00003194.JPEG,final,11,blocks[11],14,14,high_score_extreme,0.15,2,True,-0.054816246032714844,-0.005100801587104797,False,0.860719621181488
vit_base_patch16_224,63,ILSVRC2012_val_00003317.JPEG,final,11,blocks[11],14,14,high_score_extreme,0.15,2,True,0.4119443893432617,0.10781453549861908,False,0.8655326962471008
vit_base_patch16_224,56,ILSVRC2012_val_00002734.JPEG,final,11,blocks[11],14,14,high_score_extreme,0.15,3,True,0.23398113250732422,0.04292674362659454,False,0.9025169610977173
vit_base_patch16_224,57,ILSVRC2012_val_00002815.JPEG,final,11,blocks[11],14,14,high_score_extreme,0.15,3,True,0.1653575897216797,0.02963891625404358,False,0.9083734750747681
vit_base_patch16_224,58,ILSVRC2012_val_00002932.JPEG,final,11,blocks[11],14,14,high_score_extreme,0.15,3,True,0.20876026153564453,0.04567551612854004,False,0.8864697217941284
vit_base_patch16_224,59,ILSVRC2012_val_00003096.JPEG,final,11,blocks[11],14,14,high_score_extreme,0.15,3,True,0.3988533020019531,0.001634150743484497,False,0.7743437886238098
vit_base_patch16_224,60,ILSVRC2012_val_00003145.JPEG,final,11,blocks[11],14,14,high_score_extreme,0.15,3,True,0.07512283325195312,0.007400199770927429,False,0.9382439851760864
vit_base_patch16_224,61,ILSVRC2012_val_00003190.JPEG,final,11,blocks[11],14,14,high_score_extreme,0.15,3,True,-0.4664325714111328,-0.05902266502380371,False,0.8728575706481934
vit_base_patch16_224,62,ILSVRC2012_val_00003194.JPEG,final,11,blocks[11],14,14,high_score_extreme,0.15,3,True,-0.054816246032714844,-0.005100801587104797,False,0.860719621181488
vit_base_patch16_224,63,ILSVRC2012_val_00003317.JPEG,final,11,blocks[11],14,14,high_score_extreme,0.15,3,True,0.4119443893432617,0.10781453549861908,False,0.8655326962471008
vit_base_patch16_224,56,ILSVRC2012_val_00002734.JPEG,final,11,blocks[11],14,14,low_score_extreme,0.15,0,True,0.2165393829345703,0.042366981506347656,False,0.6643854379653931
vit_base_patch16_224,57,ILSVRC2012_val_00002815.JPEG,final,11,blocks[11],14,14,low_score_extreme,0.15,0,True,0.1144113540649414,0.017412185668945312,False,0.6920250058174133
vit_base_patch16_224,58,ILSVRC2012_val_00002932.JPEG,final,11,blocks[11],14,14,low_score_extreme,0.15,0,True,0.32091712951660156,0.06056380271911621,False,0.7062467336654663
vit_base_patch16_224,59,ILSVRC2012_val_00003096.JPEG,final,11,blocks[11],14,14,low_score_extreme,0.15,0,True,0.227264404296875,0.0019392967224121094,False,0.4873564839363098
vit_base_patch16_224,60,ILSVRC2012_val_00003145.JPEG,final,11,blocks[11],14,14,low_score_extreme,0.15,0,True,-0.15640640258789062,-0.015786178410053253,False,0.6532502174377441
vit_base_patch16_224,61,ILSVRC2012_val_00003190.JPEG,final,11,blocks[11],14,14,low_score_extreme,0.15,0,True,-0.08904838562011719,-0.018997177481651306,False,0.6323444843292236
vit_base_patch16_224,62,ILSVRC2012_val_00003194.JPEG,final,11,blocks[11],14,14,low_score_extreme,0.15,0,True,0.14995574951171875,0.010981947183609009,False,0.62744140625
vit_base_patch16_224,63,ILSVRC2012_val_00003317.JPEG,final,11,blocks[11],14,14,low_score_extreme,0.15,0,True,0.32797908782958984,0.054400503635406494,False,0.5858849883079529
vit_base_patch16_224,56,ILSVRC2012_val_00002734.JPEG,final,11,blocks[11],14,14,low_score_extreme,0.15,1,True,0.2165393829345703,0.042366981506347656,False,0.6643854379653931
vit_base_patch16_224,57,ILSVRC2012_val_00002815.JPEG,final,11,blocks[11],14,14,low_score_extreme,0.15,1,True,0.1144113540649414,0.017412185668945312,False,0.6920250058174133
vit_base_patch16_224,58,ILSVRC2012_val_00002932.JPEG,final,11,blocks[11],14,14,low_score_extreme,0.15,1,True,0.32091712951660156,0.06056380271911621,False,0.7062467336654663
vit_base_patch16_224,59,ILSVRC2012_val_00003096.JPEG,final,11,blocks[11],14,14,low_score_extreme,0.15,1,True,0.227264404296875,0.0019392967224121094,False,0.4873564839363098
vit_base_patch16_224,60,ILSVRC2012_val_00003145.JPEG,final,11,blocks[11],14,14,low_score_extreme,0.15,1,True,-0.15640640258789062,-0.015786178410053253,False,0.6532502174377441
vit_base_patch16_224,61,ILSVRC2012_val_00003190.JPEG,final,11,blocks[11],14,14,low_score_extreme,0.15,1,True,-0.08904838562011719,-0.018997177481651306,False,0.6323444843292236
vit_base_patch16_224,62,ILSVRC2012_val_00003194.JPEG,final,11,blocks[11],14,14,low_score_extreme,0.15,1,True,0.14995574951171875,0.010981947183609009,False,0.62744140625
vit_base_patch16_224,63,ILSVRC2012_val_00003317.JPEG,final,11,blocks[11],14,14,low_score_extreme,0.15,1,True,0.32797908782958984,0.054400503635406494,False,0.5858849883079529
vit_base_patch16_224,56,ILSVRC2012_val_00002734.JPEG,final,11,blocks[11],14,14,low_score_extreme,0.15,2,True,0.2165393829345703,0.042366981506347656,False,0.6643854379653931
vit_base_patch16_224,57,ILSVRC2012_val_00002815.JPEG,final,11,blocks[11],14,14,low_score_extreme,0.15,2,True,0.1144113540649414,0.017412185668945312,False,0.6920250058174133
vit_base_patch16_224,58,ILSVRC2012_val_00002932.JPEG,final,11,blocks[11],14,14,low_score_extreme,0.15,2,True,0.32091712951660156,0.06056380271911621,False,0.7062467336654663
vit_base_patch16_224,59,ILSVRC2012_val_00003096.JPEG,final,11,blocks[11],14,14,low_score_extreme,0.15,2,True,0.227264404296875,0.0019392967224121094,False,0.4873564839363098
vit_base_patch16_224,60,ILSVRC2012_val_00003145.JPEG,final,11,blocks[11],14,14,low_score_extreme,0.15,2,True,-0.15640640258789062,-0.015786178410053253,False,0.6532502174377441
vit_base_patch16_224,61,ILSVRC2012_val_00003190.JPEG,final,11,blocks[11],14,14,low_score_extreme,0.15,2,True,-0.08904838562011719,-0.018997177481651306,False,0.6323444843292236
vit_base_patch16_224,62,ILSVRC2012_val_00003194.JPEG,final,11,blocks[11],14,14,low_score_extreme,0.15,2,True,0.14995574951171875,0.010981947183609009,False,0.62744140625
vit_base_patch16_224,63,ILSVRC2012_val_00003317.JPEG,final,11,blocks[11],14,14,low_score_extreme,0.15,2,True,0.32797908782958984,0.054400503635406494,False,0.5858849883079529
vit_base_patch16_224,56,ILSVRC2012_val_00002734.JPEG,final,11,blocks[11],14,14,low_score_extreme,0.15,3,True,0.2165393829345703,0.042366981506347656,False,0.6643854379653931
vit_base_patch16_224,57,ILSVRC2012_val_00002815.JPEG,final,11,blocks[11],14,14,low_score_extreme,0.15,3,True,0.1144113540649414,0.017412185668945312,False,0.6920250058174133
vit_base_patch16_224,58,ILSVRC2012_val_00002932.JPEG,final,11,blocks[11],14,14,low_score_extreme,0.15,3,True,0.32091712951660156,0.06056380271911621,False,0.7062467336654663
vit_base_patch16_224,59,ILSVRC2012_val_00003096.JPEG,final,11,blocks[11],14,14,low_score_extreme,0.15,3,True,0.227264404296875,0.0019392967224121094,False,0.4873564839363098
vit_base_patch16_224,60,ILSVRC2012_val_00003145.JPEG,final,11,blocks[11],14,14,low_score_extreme,0.15,3,True,-0.15640640258789062,-0.015786178410053253,False,0.6532502174377441
vit_base_patch16_224,61,ILSVRC2012_val_00003190.JPEG,final,11,blocks[11],14,14,low_score_extreme,0.15,3,True,-0.08904838562011719,-0.018997177481651306,False,0.6323444843292236
vit_base_patch16_224,62,ILSVRC2012_val_00003194.JPEG,final,11,blocks[11],14,14,low_score_extreme,0.15,3,True,0.14995574951171875,0.010981947183609009,False,0.62744140625
vit_base_patch16_224,63,ILSVRC2012_val_00003317.JPEG,final,11,blocks[11],14,14,low_score_extreme,0.15,3,True,0.32797908782958984,0.054400503635406494,False,0.5858849883079529
vit_base_patch16_224,56,ILSVRC2012_val_00002734.JPEG,final,11,blocks[11],14,14,random_uniform,0.15,0,True,0.07544612884521484,0.048988327383995056,False,0.8120157718658447
vit_base_patch16_224,57,ILSVRC2012_val_00002815.JPEG,final,11,blocks[11],14,14,random_uniform,0.15,0,True,0.25750255584716797,0.052604034543037415,False,0.8341025114059448
vit_base_patch16_224,58,ILSVRC2012_val_00002932.JPEG,final,11,blocks[11],14,14,random_uniform,0.15,0,True,-0.0360565185546875,-0.04301095008850098,False,0.8292904496192932
vit_base_patch16_224,59,ILSVRC2012_val_00003096.JPEG,final,11,blocks[11],14,14,random_uniform,0.15,0,True,0.410675048828125,0.05365699529647827,False,0.6731551289558411
vit_base_patch16_224,60,ILSVRC2012_val_00003145.JPEG,final,11,blocks[11],14,14,random_uniform,0.15,0,True,0.17897701263427734,0.023788422346115112,False,0.8684772849082947
vit_base_patch16_224,61,ILSVRC2012_val_00003190.JPEG,final,11,blocks[11],14,14,random_uniform,0.15,0,True,-0.15653228759765625,-0.0044817328453063965,False,0.7761521935462952
vit_base_patch16_224,62,ILSVRC2012_val_00003194.JPEG,final,11,blocks[11],14,14,random_uniform,0.15,0,True,0.08690452575683594,0.006813213229179382,False,0.7581947445869446
vit_base_patch16_224,63,ILSVRC2012_val_00003317.JPEG,final,11,blocks[11],14,14,random_uniform,0.15,0,True,0.1046743392944336,0.03402620553970337,False,0.7807380557060242
vit_base_patch16_224,56,ILSVRC2012_val_00002734.JPEG,final,11,blocks[11],14,14,random_uniform,0.15,1,True,0.3067646026611328,0.038323625922203064,False,0.827960193157196
vit_base_patch16_224,57,ILSVRC2012_val_00002815.JPEG,final,11,blocks[11],14,14,random_uniform,0.15,1,True,-0.013747215270996094,-0.0106821209192276,False,0.8392392992973328
vit_base_patch16_224,58,ILSVRC2012_val_00002932.JPEG,final,11,blocks[11],14,14,random_uniform,0.15,1,True,0.5451889038085938,0.1523607075214386,False,0.835599958896637
vit_base_patch16_224,59,ILSVRC2012_val_00003096.JPEG,final,11,blocks[11],14,14,random_uniform,0.15,1,True,0.013202667236328125,-0.09510482847690582,False,0.6776125431060791
vit_base_patch16_224,60,ILSVRC2012_val_00003145.JPEG,final,11,blocks[11],14,14,random_uniform,0.15,1,True,0.10612201690673828,0.02353571355342865,False,0.853767991065979
vit_base_patch16_224,61,ILSVRC2012_val_00003190.JPEG,final,11,blocks[11],14,14,random_uniform,0.15,1,True,-0.3583040237426758,-0.03983364999294281,False,0.7677019834518433
vit_base_patch16_224,62,ILSVRC2012_val_00003194.JPEG,final,11,blocks[11],14,14,random_uniform,0.15,1,True,0.022217750549316406,-0.0002470239996910095,False,0.7918689250946045
vit_base_patch16_224,63,ILSVRC2012_val_00003317.JPEG,final,11,blocks[11],14,14,random_uniform,0.15,1,True,0.5864725112915039,0.15178407728672028,False,0.7738737463951111
vit_base_patch16_224,56,ILSVRC2012_val_00002734.JPEG,final,11,blocks[11],14,14,random_uniform,0.15,2,True,0.1816091537475586,0.03632742166519165,False,0.8049076795578003
vit_base_patch16_224,57,ILSVRC2012_val_00002815.JPEG,final,11,blocks[11],14,14,random_uniform,0.15,2,True,-0.060260772705078125,0.006034821271896362,False,0.8163755536079407
vit_base_patch16_224,58,ILSVRC2012_val_00002932.JPEG,final,11,blocks[11],14,14,random_uniform,0.15,2,True,0.07910728454589844,0.0011954307556152344,False,0.83301842212677
vit_base_patch16_224,59,ILSVRC2012_val_00003096.JPEG,final,11,blocks[11],14,14,random_uniform,0.15,2,True,0.3706064224243164,0.022681772708892822,False,0.6766314506530762
vit_base_patch16_224,60,ILSVRC2012_val_00003145.JPEG,final,11,blocks[11],14,14,random_uniform,0.15,2,True,0.13840675354003906,0.014712363481521606,False,0.867917537689209
vit_base_patch16_224,61,ILSVRC2012_val_00003190.JPEG,final,11,blocks[11],14,14,random_uniform,0.15,2,True,-0.570068359375,-0.08367754518985748,False,0.8129523396492004
vit_base_patch16_224,62,ILSVRC2012_val_00003194.JPEG,final,11,blocks[11],14,14,random_uniform,0.15,2,True,-0.04783344268798828,-0.007210493087768555,False,0.7613527178764343
vit_base_patch16_224,63,ILSVRC2012_val_00003317.JPEG,final,11,blocks[11],14,14,random_uniform,0.15,2,True,0.6418085098266602,0.1541915088891983,False,0.7757568359375
vit_base_patch16_224,56,ILSVRC2012_val_00002734.JPEG,final,11,blocks[11],14,14,random_uniform,0.15,3,True,0.29784393310546875,0.04798783361911774,False,0.8343371152877808
vit_base_patch16_224,57,ILSVRC2012_val_00002815.JPEG,final,11,blocks[11],14,14,random_uniform,0.15,3,True,0.08845996856689453,0.02397589385509491,False,0.8490548133850098
vit_base_patch16_224,58,ILSVRC2012_val_00002932.JPEG,final,11,blocks[11],14,14,random_uniform,0.15,3,True,0.23581409454345703,0.055934756994247437,False,0.8131416440010071
vit_base_patch16_224,59,ILSVRC2012_val_00003096.JPEG,final,11,blocks[11],14,14,random_uniform,0.15,3,True,0.226898193359375,-0.045259252190589905,False,0.6672168374061584
vit_base_patch16_224,60,ILSVRC2012_val_00003145.JPEG,final,11,blocks[11],14,14,random_uniform,0.15,3,True,-0.09547901153564453,-0.011186406016349792,False,0.8362323641777039
vit_base_patch16_224,61,ILSVRC2012_val_00003190.JPEG,final,11,blocks[11],14,14,random_uniform,0.15,3,True,-0.3598957061767578,-0.0654568076133728,False,0.7935250401496887
vit_base_patch16_224,62,ILSVRC2012_val_00003194.JPEG,final,11,blocks[11],14,14,random_uniform,0.15,3,True,0.01589488983154297,-0.001870572566986084,False,0.7775790095329285
vit_base_patch16_224,63,ILSVRC2012_val_00003317.JPEG,final,11,blocks[11],14,14,random_uniform,0.15,3,True,0.47096729278564453,0.10421581566333771,False,0.7405054569244385
vit_base_patch16_224,56,ILSVRC2012_val_00002734.JPEG,final,11,blocks[11],14,14,score_deviation_extreme,0.15,0,True,0.2165393829345703,0.042366981506347656,False,0.6643854379653931
vit_base_patch16_224,57,ILSVRC2012_val_00002815.JPEG,final,11,blocks[11],14,14,score_deviation_extreme,0.15,0,True,0.1144113540649414,0.017412185668945312,False,0.6920250058174133
vit_base_patch16_224,58,ILSVRC2012_val_00002932.JPEG,final,11,blocks[11],14,14,score_deviation_extreme,0.15,0,True,0.32091712951660156,0.06056380271911621,False,0.7062467336654663
vit_base_patch16_224,59,ILSVRC2012_val_00003096.JPEG,final,11,blocks[11],14,14,score_deviation_extreme,0.15,0,True,0.2583885192871094,0.009741425514221191,False,0.5109063982963562
vit_base_patch16_224,60,ILSVRC2012_val_00003145.JPEG,final,11,blocks[11],14,14,score_deviation_extreme,0.15,0,True,-0.15640640258789062,-0.015786178410053253,False,0.6532502174377441
vit_base_patch16_224,61,ILSVRC2012_val_00003190.JPEG,final,11,blocks[11],14,14,score_deviation_extreme,0.15,0,True,-0.08904838562011719,-0.018997177481651306,False,0.6323444843292236
vit_base_patch16_224,62,ILSVRC2012_val_00003194.JPEG,final,11,blocks[11],14,14,score_deviation_extreme,0.15,0,True,0.14995574951171875,0.010981947183609009,False,0.62744140625
vit_base_patch16_224,63,ILSVRC2012_val_00003317.JPEG,final,11,blocks[11],14,14,score_deviation_extreme,0.15,0,True,0.32797908782958984,0.054400503635406494,False,0.5858849883079529
vit_base_patch16_224,56,ILSVRC2012_val_00002734.JPEG,final,11,blocks[11],14,14,score_deviation_extreme,0.15,1,True,0.2165393829345703,0.042366981506347656,False,0.6643854379653931
vit_base_patch16_224,57,ILSVRC2012_val_00002815.JPEG,final,11,blocks[11],14,14,score_deviation_extreme,0.15,1,True,0.1144113540649414,0.017412185668945312,False,0.6920250058174133
vit_base_patch16_224,58,ILSVRC2012_val_00002932.JPEG,final,11,blocks[11],14,14,score_deviation_extreme,0.15,1,True,0.32091712951660156,0.06056380271911621,False,0.7062467336654663
vit_base_patch16_224,59,ILSVRC2012_val_00003096.JPEG,final,11,blocks[11],14,14,score_deviation_extreme,0.15,1,True,0.2583885192871094,0.009741425514221191,False,0.5109063982963562
vit_base_patch16_224,60,ILSVRC2012_val_00003145.JPEG,final,11,blocks[11],14,14,score_deviation_extreme,0.15,1,True,-0.15640640258789062,-0.015786178410053253,False,0.6532502174377441
vit_base_patch16_224,61,ILSVRC2012_val_00003190.JPEG,final,11,blocks[11],14,14,score_deviation_extreme,0.15,1,True,-0.08904838562011719,-0.018997177481651306,False,0.6323444843292236
vit_base_patch16_224,62,ILSVRC2012_val_00003194.JPEG,final,11,blocks[11],14,14,score_deviation_extreme,0.15,1,True,0.14995574951171875,0.010981947183609009,False,0.62744140625
vit_base_patch16_224,63,ILSVRC2012_val_00003317.JPEG,final,11,blocks[11],14,14,score_deviation_extreme,0.15,1,True,0.32797908782958984,0.054400503635406494,False,0.5858849883079529
vit_base_patch16_224,56,ILSVRC2012_val_00002734.JPEG,final,11,blocks[11],14,14,score_deviation_extreme,0.15,2,True,0.2165393829345703,0.042366981506347656,False,0.6643854379653931
vit_base_patch16_224,57,ILSVRC2012_val_00002815.JPEG,final,11,blocks[11],14,14,score_deviation_extreme,0.15,2,True,0.1144113540649414,0.017412185668945312,False,0.6920250058174133
vit_base_patch16_224,58,ILSVRC2012_val_00002932.JPEG,final,11,blocks[11],14,14,score_deviation_extreme,0.15,2,True,0.32091712951660156,0.06056380271911621,False,0.7062467336654663
vit_base_patch16_224,59,ILSVRC2012_val_00003096.JPEG,final,11,blocks[11],14,14,score_deviation_extreme,0.15,2,True,0.2583885192871094,0.009741425514221191,False,0.5109063982963562
vit_base_patch16_224,60,ILSVRC2012_val_00003145.JPEG,final,11,blocks[11],14,14,score_deviation_extreme,0.15,2,True,-0.15640640258789062,-0.015786178410053253,False,0.6532502174377441
vit_base_patch16_224,61,ILSVRC2012_val_00003190.JPEG,final,11,blocks[11],14,14,score_deviation_extreme,0.15,2,True,-0.08904838562011719,-0.018997177481651306,False,0.6323444843292236
vit_base_patch16_224,62,ILSVRC2012_val_00003194.JPEG,final,11,blocks[11],14,14,score_deviation_extreme,0.15,2,True,0.14995574951171875,0.010981947183609009,False,0.62744140625
vit_base_patch16_224,63,ILSVRC2012_val_00003317.JPEG,final,11,blocks[11],14,14,score_deviation_extreme,0.15,2,True,0.32797908782958984,0.054400503635406494,False,0.5858849883079529
vit_base_patch16_224,56,ILSVRC2012_val_00002734.JPEG,final,11,blocks[11],14,14,score_deviation_extreme,0.15,3,True,0.2165393829345703,0.042366981506347656,False,0.6643854379653931
vit_base_patch16_224,57,ILSVRC2012_val_00002815.JPEG,final,11,blocks[11],14,14,score_deviation_extreme,0.15,3,True,0.1144113540649414,0.017412185668945312,False,0.6920250058174133
vit_base_patch16_224,58,ILSVRC2012_val_00002932.JPEG,final,11,blocks[11],14,14,score_deviation_extreme,0.15,3,True,0.32091712951660156,0.06056380271911621,False,0.7062467336654663
vit_base_patch16_224,59,ILSVRC2012_val_00003096.JPEG,final,11,blocks[11],14,14,score_deviation_extreme,0.15,3,True,0.2583885192871094,0.009741425514221191,False,0.5109063982963562
vit_base_patch16_224,60,ILSVRC2012_val_00003145.JPEG,final,11,blocks[11],14,14,score_deviation_extreme,0.15,3,True,-0.15640640258789062,-0.015786178410053253,False,0.6532502174377441
vit_base_patch16_224,61,ILSVRC2012_val_00003190.JPEG,final,11,blocks[11],14,14,score_deviation_extreme,0.15,3,True,-0.08904838562011719,-0.018997177481651306,False,0.6323444843292236
vit_base_patch16_224,62,ILSVRC2012_val_00003194.JPEG,final,11,blocks[11],14,14,score_deviation_extreme,0.15,3,True,0.14995574951171875,0.010981947183609009,False,0.62744140625
vit_base_patch16_224,63,ILSVRC2012_val_00003317.JPEG,final,11,blocks[11],14,14,score_deviation_extreme,0.15,3,True,0.32797908782958984,0.054400503635406494,False,0.5858849883079529
